tau,total_energy_fraction,total_critical_fraction,C0_fraction,E0_fraction,N0,minority0,scale0,Rinf0,concentration0,Q3_0,Q8_0,Q16_0,C1_fraction,E1_fraction,N1,minority1,scale1,Rinf1,concentration1,Q3_1,Q8_1,Q16_1
0.0,1.0,1.0,1.0,1.0,6.465486640239153,0.3681210446747663,1.0,1.0,12.225505060972356,1.0,1.0,1.0,0.0,0.0,0.0,0.0,0.0,0.0,0.0,0.0,0.0,0.0
0.0025,0.999983661547387,0.9999687420428469,0.999950932172407,0.9999720155138486,6.465350322361945,0.368118486801737,0.9999789160685355,1.0004770211444423,12.231250144541809,1.0003583450710798,1.000998882360374,1.0009120141599694,1.7725965670984658e-05,1.1470838464157014e-05,9.991161028829948,0.4095028707745299,1.54530688635997,0.004985263687718385,27.808150315971286,0.0047107315072460725,0.004933164760639094,0.005007681206506164
0.005,0.9999673235731968,0.9999482095670845,0.999876897183002,0.99992067985547,6.465203541499804,0.36811586682854264,0.9999562138544086,1.0009788061220886,12.237420975089478,1.00070163173123,1.0019776996046772,1.0018016935264353,7.097589610614158e-05,4.594261034996755e-05,9.988411728407256,0.40928798684294554,1.5448816592153367,0.009971648462313973,27.785687890382846,0.009428191986832295,0.009872472829688938,0.010019479328754919
0.0075,0.9999509856278646,0.999938427435528,0.9997778161281239,0.9998459075740063,6.4650463280567125,0.368113206566522,0.9999318980601244,1.0016055266243484,12.245243003450957,1.001029773919366,1.0029363589049853,1.0026691577188467,0.00015985097811386357,0.00010349932568471183,9.985711081565135,0.40907390904594226,1.5444639571934484,0.014956818808821895,27.75971863186713,0.014151946404539838,0.014817358703110507,0.0150348996623657
0.01,0.9999346472612213,0.9999394193642113,0.9996536164276676,0.999747619071722,6.464878713970875,0.36811052790578436,0.9999059736254818,1.002190339385953,12.252677297067677,1.0013426890608315,1.0038747734356959,1.003514536229002,0.0002844432862153871,0.0001842184951383276,9.983059874364807,0.4088606613175047,1.544053901872349,0.019938442479459736,27.730256170066163,0.018881562495661797,0.019767263453466924,0.020053464361307206
0.0125,0.9999183080225059,0.9999512079190452,0.9995042318441296,0.9996257406278208,6.464700732688259,0.36810785280573666,0.9998784457234816,1.0027331872101166,12.259723903911077,1.0016402980831594,1.0047928623354836,1.004337968176573,0.0004448358331868302,0.00028817113313236623,9.98045885202536,0.4086482659099465,1.543651608513136,0.024914192838849374,27.69731588185103,0.02361661090054938,0.024721634953155828,0.025074712575888624
0.015,0.9999019674603787,0.9999738145128934,0.9993296024974784,0.999480204418363,6.464512419135853,0.3681052032855666,0.9998493197561903,1.003234022632209,12.266382941630658,1.0019225254297002,1.0056905506652813,1.0051396020489272,0.0006411026227994364,0.0004154217641992001,9.977908718197146,0.4084367433911618,1.5432571859475797,0.029881751211329424,27.660914888576578,0.028356665294428877,0.02967992809105506,0.030098200542979216
0.0175,0.9998856251229334,1.0000072594030711,0.9991296748758592,0.9993109485322886,6.464313809694672,0.3681026014146923,0.9998186013505648,1.0036928079374507,12.272654597442761,1.0021892990711612,1.006567769362375,1.0059195954253202,0.0008733087045002727,0.0005660284324882948,9.975410134309532,0.40822611264833314,1.5428707364772392,0.03483880922712454,27.621072052091925,0.033101302510693265,0.03464160498234908,0.03512350162715284
0.02,0.9998692805577112,1.000051561689248,0.9989044018421459,0.9991179169835507,6.464104942172513,0.3681000693031861,0.9997862963542388,1.0041095151738446,12.278539128001192,1.002440550515047,1.007424455190732,1.0066781146855701,0.0011415102297928446,0.0007400427143202466,9.972963718994405,0.40801639089805547,1.5424923557842993,0.03978307116413659,27.57780796951066,0.0378501026562619,0.03960613517127604,0.04015020631166614
0.0225,0.9998529333117135,1.0001067393117464,0.9986537426363601,0.9989010597193722,6.463885855776509,0.36809762909218546,0.9997524108312774,1.0044841261603097,12.284036859249461,1.002676214812729,1.0082605506876636,1.007415334703373,0.0014457545100952016,0.0009375097336935819,9.970570047586502,0.40780759370280795,1.5421221328542873,0.04471225628212932,27.531144966746712,0.04260264921892315,0.04457299582651078,0.04517792213841957
0.025,0.9998365829314171,1.00017280905023,0.9983776628739792,0.9986603326246384,6.4636565910855195,0.3680953029442976,0.9997169510579075,1.004816632489963,12.28914818625413,1.002896230564154,1.0090760041069289,1.008131438524478,0.0017860800758719934,0.0011584681806539796,9.968229651701513,0.40759973499367846,1.5417601499108189,0.049624101146091865,27.481107090823592,0.047358529167848086,0.04954167192887487,0.05020627359631604
0.0275,0.999820228962786,1.0002497865227666,0.9980761345401581,0.9983956975224447,6.463417190022353,0.3680931130340081,0.9996799235182205,1.0051070355285314,12.293873573018965,1.0031005399204842,1.0098707693584006,1.0088266170299929,0.0021625167368564324,0.001402950332440547,9.965943018892535,0.4073928270992138,1.5414064823624636,0.05451636193558797,27.427720100966596,0.05211733304813107,0.05451165645104461,0.055234901957723966
0.03,0.9998038709512894,1.000337686185257,0.9977491359798968,0.9981071221708214,6.463167695825872,0.3680910815381033,0.9996413348998592,1.0053553464078515,12.298213552279506,1.0032890885847108,1.0106448059444035,1.0095010685851482,0.0025750856431981063,0.0016709820773290033,9.963710592385311,0.40718688078024734,1.5410611987617937,0.05938681673692627,27.37101145848927,0.05687865506958256,0.059482450528910116,0.060263465063063744
0.0325,0.9997875084419119,1.0004365213312214,0.9973966518841889,0.9977945802556639,6.462908153022991,0.3680892306261138,0.9996011920896853,1.0055615860144422,12.302168725277708,1.003461825810194,1.011398078892843,1.010154998673907,0.003023799347392876,0.001962582941097041,9.96153277089237,0.4069819052705241,1.5407243607766394,0.06423326781502282,27.311010315487124,0.06164209319132366,0.06445356362422293,0.06529163705387075
0.035,0.9997711409791716,1.0005463040919282,0.9970186732721842,0.9974580513798944,6.462638607400595,0.3680875824507889,0.9995595021694372,1.0057257849731254,12.305739761516332,1.0036187043971305,1.012130558687245,1.0107886195198759,0.0035086618668716163,0.0022777661160427024,9.959409908506036,0.40677790832292154,1.540396023173539,0.06905354386186927,27.247747502353253,0.06640724920058588,0.06942451367815888,0.07031910805503551
0.0375,0.9997547681071344,1.0006670454368582,0.9966151974694186,0.9970975210488924,6.462359105977429,0.36808615913861,0.9995162724113822,1.0058479836256735,12.308927398492704,1.0037596806869513,1.0128422211938224,1.0114021496940215,0.004029668747145049,0.0026165384924922448,9.957342314669877,0.4065748962610377,1.540076233813324,0.0738455022185699,27.18125551413189,0.07117372878345345,0.07439482725541423,0.07534558380728316
0.04,0.9997383893694287,1.0007987551744941,0.9961862280821415,0.9967129806522301,6.462069696975916,0.36808498278035073,0.9994715102739566,1.005928232004494,12.31173244141164,1.0038847145546728,1.0135330475857014,1.01199581370979,0.0045868071254223704,0.0029789006927396526,9.955330254228093,0.4063728740358959,1.5397650336587585,0.07881034987806952,27.181693162334323,0.07594114159176431,0.07936403967844935,0.08037078525132184
0.0425,0.9997220043092614,1.0009414419534173,0.9957317749678044,0.9963044274417545,6.461770429793987,0.3680840754216928,0.9994252233974102,1.0059665898013275,12.314155762877169,1.0039937693992207,1.0142030242644209,1.0125698416062545,0.005180055794641527,0.003364847107365586,9.953373947551961,0.4061718452874929,1.5394624567940944,0.08384854769287114,27.20500367764082,0.08070910130685417,0.08433169515149298,0.08539444806546023
0.045,0.9997056124694337,1.001095113263713,0.9952518542017563,0.9958718645060565,6.461461354976924,0.36808345905390244,0.9993774195994504,1.0059631263309703,12.316198302562821,1.0040868121317532,1.0148521427788382,1.0131244685200207,0.0058093852678688185,0.0037743659338891366,9.951473570742346,0.4059718124108977,1.5391685304563942,0.08889121171590314,27.226374218544134,0.08547722570004025,0.08929734687392395,0.09041632215886095
0.0475,0.9996892133923567,1.0012597754386603,0.9947464880402048,0.9954153007413841,6.461142524189222,0.36808315560457944,0.9993281068708898,1.0059179204900308,12.317861066860308,1.0041638131620148,1.0154803997415631,1.0136599342466597,0.006474757843044736,0.004207439217711185,9.949629255906938,0.4057727766265882,1.5388832750784107,0.09393686924826272,27.24580511771547,0.09024513668805616,0.09426055714265477,0.09543617112295591
0.05,0.9996728066200687,1.001435433656706,0.9942157048795003,0.9949347508190404,6.460813990186486,0.3680831869284796,0.9992772933713008,1.005831060710731,12.319145128506278,1.004224746382742,1.0160877967430542,1.0141764827925268,0.0071761276680716414,0.004664042895313426,9.947841091510764,0.40557473805469496,1.5386067043427998,0.098984049963193,27.26329742201895,0.09501246038083917,0.09922089744315218,0.10045377164389367
0.0525,0.9996563916942499,1.001622091943708,0.9936595392118127,0.994430235149329,6.4604758067874215,0.36808357479842335,0.9992249874246827,1.0057026449097677,12.320051626187066,1.0042695891521631,1.0166743402634955,1.014674361917862,0.007913440806256711,0.005144146839682124,9.94610912279824,0.4053776957928075,1.5383388252473975,0.10403128702686311,27.278852891050004,0.09977882712172934,0.1041779485287457,0.1054689128792125
0.055,0.99963996815624,1.0018197531754363,0.9930780315772598,0.9939017798421015,6.460128028845881,0.36808434089629277,0.9991711975151382,1.0055327804322698,12.320581764121235,1.004298322274617,1.017240041582597,1.0151538226721688,0.008686635302140644,0.005647714907930472,9.944433352284847,0.40518164799698364,1.5380796381812663,0.10907711821040487,27.292473994735328,0.10454387152238821,0.10913130048789411,0.11048139580223268
0.0575,0.9996235355470553,1.0020284190803226,0.9924712285125632,0.9933494166639661,6.459770712223026,0.3680855068041244,0.9991159322825675,1.0053215839908727,12.32073681161982,1.0043109299793325,1.017784916687435,1.0156151189229026,0.009495641247758625,0.006174704991097815,9.942813740316337,0.4049865919655895,1.5378291370111874,0.11412008699127536,27.30416391001175,0.10930723249461757,0.11408055279910272,0.11549103251792696
0.06,0.9996070934074045,1.0022480902424504,0.9918391824962995,0.992773182992228,6.459403913759574,0.3680870939953038,0.9990592005183768,1.0050691815999542,12.320518102624172,1.0043073998974057,1.0183089861784747,1.0160585068785692,0.010340380849395031,0.006725069066108133,9.941250205693184,0.4047925242255899,1.5375873091782408,0.11915874364206581,27.313926516603107,0.11406855328068195,0.11902531437321108,0.12049764555426216
0.0625,0.9995906412777067,1.0024787661047738,0.9911819518908278,0.9921731217656214,6.459027691248193,0.3680891238258672,0.9990010111612077,1.0047757085050715,12.31992703522135,1.0042877230370129,1.0188122751738948,1.0164842446074047,0.011220768494907227,0.007298753249873892,9.9397426263578,0.4045994406208978,1.5373541358040974,0.12426623116369433,27.338174823144755,0.11882748148330076,0.12396520358280083,0.12550106713319356
0.065,0.9995741786981086,1.0027204449725517,0.9904996008809678,0.991549281431905,6.458642103406043,0.36809161752591446,0.9989413732926905,1.0044413091076507,12.318965071137077,1.0042518937568956,1.0192948132123516,1.0168925915528295,0.012136710821706372,0.007895697855534673,9.938290840141928,0.4044073364023882,1.5371295918066146,0.12939507945935905,27.365273584592977,0.1235836690959685,0.12889984827850592,0.13050113842564304
0.0675,0.9995577052085016,1.0029731240169986,0.989792199409509,0.9909017158923981,6.458247209847427,0.36809459619113927,0.9988802961332145,1.0040661368849872,12.317633735206226,1.0041999097381558,1.0197566341543125,1.0172838080469684,0.013088106785494496,0.008515837450822844,9.936894645571416,0.4042162063191767,1.536913646024309,0.13452291322424975,27.390430531627175,0.12833677253401699,0.13382888579204602,0.13549770879488965
0.07,0.9995412203485393,1.0032367992791271,0.9890598231096426,0.990230484443525,6.457843071056655,0.36809808077447953,0.9988177890377306,1.0036503543056117,12.315934614820952,1.0041317719543805,1.020197776082082,1.0176581548235175,0.014074847729867147,0.009159100918551006,9.935553802725536,0.4040260447107596,1.5367062613492661,0.13964830444903586,27.413653271319085,0.13308645266622113,0.1387519629258394,0.14049063503285347
0.0725,0.9995247236576558,1.0035114656737887,0.9883025532343906,0.989535651715452,6.457429748361047,0.3681020920778939,0.9987538614915756,1.003194132740098,12.313869359356516,1.00404748464013,1.0206182811986575,1.0180158925313298,0.01509681745689946,0.00982541151921781,9.93426803414776,0.4038368455996144,1.5365073948680064,0.14476983652762085,27.43495006147033,0.13783237484463554,0.14366873592909674,0.14547978059375324
0.075,0.9995082146750839,1.0037971169938953,0.9875204765831311,0.9888172876078924,6.457007303904132,0.3681066507442654,0.9986885231063277,1.002697652367383,12.311439679574976,1.003947055257818,1.0210181957255402,1.0183572812500876,0.016153892298840764,0.010514686955730268,9.933037025804952,0.4036486027838605,1.5363169980098417,0.14988610521612603,27.454329798260936,0.1425742089292917,0.1485788704603393,0.1504650148295664
0.0775,0.9994916929398715,1.0040937459148138,0.9867136854253042,0.9880754672231662,6.456575800619035,0.3681117772494386,0.9986217836156897,1.0021611020766776,12.308647347006868,1.0038304944630414,1.0213975697996254,1.0186825800094812,0.017245941191048636,0.011226839440241604,9.931860428091726,0.40346130992958285,1.536135016702216,0.15499571956455063,27.471802003140873,0.1473116292992937,0.15348204153632958,0.15544621223162078
0.08,0.9994751579909016,1.0044013439989312,0.985882277421396,0.9873102707965943,6.456135302202077,0.3681174918943908,0.9985536528714056,1.0015846793650562,12.305494193311167,1.0036978160684191,1.0217564573693039,1.0189920463133186,0.0183728257462976,0.011961775763104192,9.930737856876707,0.40327496066242974,1.5359613915325294,0.16009730281977633,27.487376809003955,0.15204431484557976,0.15837793346745177,0.16042325168249708
0.0825,0.9994586093669101,1.0047199017003736,0.9850263555412919,0.9865217836243182,6.455685873086577,0.36812381479754114,0.9984841408392094,1.0009685902308127,12.30198210961365,1.0035490370060016,1.0220949160898973,1.0192859356700168,0.019534400330600693,0.012719397363937021,9.929668894587374,0.4030895486581004,1.5357960579159258,0.16518949329868685,27.501064945684877,0.1567719489687653,0.1632662397796261,0.165396015722225
0.085,0.9994420466065037,1.005049408369882,0.9841460279800974,0.9857100959886325,6.455227578416856,0.36813076588719995,0.9984132575948038,1.0003130490626886,12.298113045824111,1.0033841772883034,1.0224130072185496,1.0195645011309225,0.020730512140683555,0.013499600404806765,9.92865309133005,0.4029050677313502,1.5356389462685207,0.17027094523027994,27.5128777248222,0.16149421957921525,0.16814666312288984,0.17036438983252084
0.08750000000000001,0.9994254692481791,1.0053898522598317,0.9832414080715274,0.984875303080918,6.454760484022501,0.3681383648941597,0.9983410133198798,0.9996182785250622,12.293889009932599,1.0032032599680059,1.0227107955086985,1.019827992837905,0.02196100128325076,0.01430227584552032,9.927689966041703,0.40272151192315003,1.535489982185546,0.17534032956575582,27.522827024131356,0.16621081909294663,0.17301891516682874,0.17532826174253574
0.09,0.9994088768303414,1.0057412205293899,0.9823126141989597,0.9840175049222721,6.454284656392823,0.3681466313444304,0.9982674182981661,0.9988845094392208,12.28931206728518,1.0030063110963778,1.0229883491042484,1.0200766575816664,0.023225700856182977,0.015127309521025412,9.926779007670032,0.40253887558565155,1.5353490866238722,0.18046735822587573,27.5417644151387,0.17092144442337395,0.17788271648309048,0.18028752075927787
0.0925,0.9993922688913234,1.0061034992498066,0.9813597697042589,0.9831368062819273,6.4538001626515795,0.36815558455211944,0.9981924829115197,0.9981119806608136,12.284384339839491,1.0027933596804628,1.0232457394335586,1.0203107383721757,0.024524437031800843,0.01597458222091384,9.925919676378488,0.40235715346462353,1.5352161760883845,0.18570106593053207,27.57629965652915,0.17562579697073244,0.1827377964152623,0.18524205712553332
0.095,0.9993756449694041,1.0064766734098323,0.9803830027944693,0.9822333165935518,6.453307070531919,0.36816524361245817,0.9981162176360504,0.9973009389536178,12.279108005400662,1.0025644376390759,1.0234830411033675,1.0205304740226229,0.025857029142327594,0.01684396977101953,9.925111404772757,0.40217634077903747,1.53509116282168,0.19092738218268565,27.608764522136415,0.1803235826108872,0.18758389293644234,0.19019176140775465
0.0975,0.9993590046028279,1.0068607269212597,0.9793824464464836,0.9813071498695327,6.452805448351576,0.3681756273949755,0.9980386330382847,0.9964516388597299,12.273485296837965,1.0023195797576583,1.0237003317927653,1.0207360987482392,0.027223289767677482,0.01773534311710096,9.924353599145313,0.401996433297504,1.53497395499656,0.19614481985442014,27.639161666735248,0.18501451168448815,0.19242075249488386,0.19513652391601133
0.1,0.9993423473298242,1.0072556426245804,0.978358238309794,0.9803584246133354,6.452295364988331,0.36818675453681904,0.9979597397713694,0.9955643425663095,12.267518501282792,1.0020588236420234,1.0238976921473248,1.0209278417812837,0.028623024825690548,0.018648568410594264,9.923645640734659,0.40181742741127285,1.5348644569107937,0.2013519046050085,27.66749447656526,0.18969829898648183,0.1972481298481357,0.20007623415771641
0.10250000000000001,0.9993256726886254,1.0076614022947556,0.9773105206074255,0.9793872637300394,6.4517768898557035,0.36819864343622455,0.9978795485713134,0.994639319769011,12.261209959308419,1.0017822096710565,1.0240752056735025,1.0211059270034548,0.03005603366492742,0.01958350709641974,9.922986886996014,0.40163932020353327,1.534762569183651,0.20654717585774113,27.69376705975152,0.19437466375549142,0.20206578788614885,0.2050107803264561
0.105,0.9993089802174883,1.0080779866470955,0.9762394400351665,0.978393794435151,6.451250092878913,0.3682113122461328,0.9977980702532683,0.9936768475322345,12.254562064092198,1.0014897809484213,1.024232958633412,1.021270572596906,0.03152210916012888,0.02054001600282092,9.922376672880064,0.40146210951477057,1.5346681889536848,0.2117291877489396,27.717984236065565,0.19904332966367833,0.20687349744386208,0.20994004882687217
0.1075,0.9992922694547114,1.0085053753432451,0.9751451476591988,0.9773781481617906,6.450715044471119,0.3682247788679549,0.9977153157078541,0.992677210146332,12.247577260560785,1.0011815832533317,1.0243710399400756,1.0214219907149724,0.03302103781043627,0.021517947433210942,9.921814312116725,0.4012857940039552,1.534581210077286,0.21689651004818136,27.74015152606774,0.20370402480833805,0.21167103710381863,0.21486392383617178
0.11,0.9992755399386567,1.0089435469972723,0.9740277988122336,0.976340460466358,6.450171815509884,0.3682390609454844,0.9976312958975193,0.9916406989819166,12.240258044518946,1.0008576649904446,1.0244895410532588,1.0215603871736638,0.03455259984045815,0.02251714925999682,9.921299098500677,0.4011103732053626,1.534501523327515,0.22204772904886452,27.760275139672334,0.2083564817052639,0.2164581929894077,0.2197822869024849
0.1125,0.9992587912077675,1.0093924791818545,0.9728875529882672,0.9752808709327755,6.44962047731394,0.3682541758589567,0.9975460218529466,0.9905676123414112,12.23260696176273,1.000518077138931,1.024588555875972,1.0216859611648483,0.03611656930425832,0.023537465020347474,9.920830307175805,0.4009358475808465,1.5344290165927623,0.22718144842834057,27.778361964177638,0.21300043728269658,0.22123475854935687,0.22469501657995253
0.115,0.9992420228005888,1.0098521484345653,0.9717245737360617,0.9741995230754102,6.449061101620214,0.3682701407192536,0.9974595046694998,0.9894582553079918,12.224626607177633,1.0001628732007821,1.0246681806517495,1.021798904991992,0.037712714192328134,0.024578734013866645,9.92040719591547,0.40076221856740746,1.5343635750747637,0.23229629007694863,27.794419551803447,0.21763563287409424,0.22600053433413814,0.2296019881001163
0.11750000000000001,0.9992252342557878,1.0103225302642542,0.970539028551456,0.9730965642407794,6.448493760561115,0.36828697236225383,0.997371755503711,0.9883129395920676,12.216319623822416,0.9997921091484006,1.0247285138627835,1.0218994038292135,0.039340796541594614,0.025640791402126942,9.920029006395929,0.40058948861992516,1.5343050814855594,0.23739089489537918,27.808456106778575,0.22226181420837032,0.23075532776497698,0.2345030730788944
0.12,0.9992084251121724,1.0108035991575224,0.9693310887686218,0.9719721455081382,6.447918526642101,0.3683046873433261,0.9972827855698111,0.9871319833754542,12.207688701999407,0.9994058433715364,1.024769656129009,1.0219876355042892,0.04100057254850265,0.026723468310016124,9.91969496546012,0.40041766124894435,1.5342534162429573,0.24246392355989843,27.820480472021096,0.2268787313986176,0.23549895289618442,0.23939813925817605
0.1225,0.9991915949087127,1.0112953285852917,0.9681009294503682,0.9708264215890541,6.4473354727195185,0.3683233019319655,0.9971926061363011,0.9859157111533933,12.19873657831194,0.9990041366236169,1.0247917101082196,1.0220637703061661,0.0426917926851971,0.02782659192884166,9.919404286369302,0.4002467410534272,1.5342084576641228,0.24751405725505585,27.830502115453676,0.2314861389267792,0.24023123017155212,0.24428705028084358
0.125,0.9991747431845602,1.0117976910094646,0.9668487292776035,0.969659550726065,6.446744671978728,0.3683428321065705,0.9971012285225708,0.9846644535745683,12.189466034709794,0.9985870519675158,1.024794780397292,1.0221279708173876,0.044414201818816945,0.028949985621134572,9.919156170040006,0.40007673374841135,1.5341700821568947,0.2525399983735962,27.838531115995966,0.23608379562401105,0.24495198617557534,0.24916966549784558
0.1275,0.9991578694790677,1.0123106578896783,0.9655746704380624,0.9684716945905316,6.4461461979124834,0.36836329354935954,0.9970086640955531,0.9833785472792792,12.179879897523298,0.9981546547207819,1.0247789734346047,1.022180391771767,0.046167539333900685,0.03009346902708815,9.918949806264093,0.39990764618753066,1.5341381644084875,0.2575404711833825,27.84457814927568,0.24067146465197142,0.24966105338027902,0.25404583980578876
0.13,0.99914097333181,1.0128341996901498,0.9642789385144027,0.9672630181797724,6.4455401242996055,0.36838470164142495,0.9969149242664263,0.9820583347359286,12.169981036486993,0.9977070124003761,1.0247443974037136,1.0222211799374772,0.04795153925788781,0.031256858172562296,9.918784374909615,0.3997394863803835,1.5341125775712263,0.2625142224612288,27.848654473098946,0.24524891348457534,0.25435826988844307,0.2589154235134016
0.1325,0.9991240542826035,1.0133682858866133,0.9629617223717813,0.9660336897135918,6.444926525183936,0.36840707145792345,0.9968200204873587,0.9807041640759725,12.15977236375357,0.9972441946669803,1.0246911621383623,1.0222504740256446,0.049765930389688524,0.0324399655785792,9.918659047100482,0.3995722635047536,1.5340931934450024,0.2674999577853533,27.854930440162057,0.24981591388941932,0.2590434791740272,0.2637782622351363
0.135,0.9991071118715276,1.013912884973353,0.9616232140450097,0.9647838805302947,6.444305474853564,0.36843041776340063,0.996723964248296,0.9793163889274996,12.149256832898958,0.9967662732689565,1.0246193790288838,1.0222684046243913,0.051610436431279626,0.03364260037223076,9.918572986373004,0.3994059879137086,1.534079882656153,0.2727423520561578,27.888335062003097,0.2543722419083512,0.2637165298206036,0.26863419681012296
0.1375,0.9990901456389433,1.0144679644703265,0.9602636086253944,0.9635137649822897,6.443677047820324,0.3684547550072478,0.9966267670737895,0.9778953682475953,12.138437437919311,0.9962733219859956,1.0245291609300682,1.0222750941581662,0.0534847761222714,0.03486456839891394,9.918525349807567,0.39924067113762673,1.5340725148324936,0.2779658004205353,27.919775239852363,0.2589176778361412,0.26837727525860816,0.2734830632446708
0.14,0.9990731551255153,1.0150334909303869,0.9588831041473677,0.9622235203313748,6.443041318799598,0.3684800973192895,0.9965284405198733,0.9775621486946198,12.141235990908289,0.9957654165725032,1.0244206220705392,1.0222706568720767,0.05538866337737721,0.03610567233580519,9.918515289133715,0.39907632588121766,1.5340709587742398,0.2831690559103938,27.949261227315915,0.2634520061981558,0.27302557350222073,0.278324692676517
0.14250000000000002,0.9990561398722305,1.0156094299466008,0.9574819014750042,0.9609133266438065,6.442398362690375,0.3685064585054997,0.9964289961709791,0.9782011865123048,12.156239386406918,0.9952426347007661,1.0242938779637059,1.0222551988408295,0.057321807426704584,0.03736571180648088,9.918541951807246,0.39891296601562776,1.5340750826205973,0.28835089353139737,27.976803807238877,0.2679750157289953,0.27766128688667974,0.2831589113590561
0.145,0.9990390994204205,1.0161957461596653,0.9560602041885278,0.9595833666852414,6.441748254555603,0.36853385204384437,0.9963284456368977,0.9788091064844855,12.170992228571668,0.9947050559039656,1.0241490453203352,1.0222288180017687,0.059283912958773936,0.0386444834965863,9.918604482057907,0.3987506065657349,1.5340847540118072,0.29351011076732336,28.002414276244327,0.27248649935220237,0.2822842818068276,0.28798554066383936
0.1475,0.9990220333117797,1.0167924032654263,0.9546182184709041,0.9582338258156505,6.4410910696028205,0.36856229108024974,0.9962268005497835,0.9793860125403354,12.185495094890909,0.994152761519095,1.0239862419627899,1.0221916042114036,0.06127468026615936,0.03994178127045206,9.918702021906475,0.39858926369275816,1.5340998402464552,0.29864552805172,28.026104429168978,0.27698625416053824,0.28689442845767354,0.2928043970997086
0.15,0.9990049410883877,1.0173993640224988,0.9531561529946181,0.9568648918842942,6.440426883165072,0.368591788424693,0.9961240725612027,0.9799320125284848,12.19974858124654,0.9935858346298349,1.0238055867409785,1.022143639324708,0.06329380539363412,0.041257396288552954,9.918833712150166,0.3984289546723231,1.5341202084338816,0.30375598920716523,28.04788654343069,0.28147408139694335,0.2914916005777463,0.2976152923470182
0.1525,0.9989878222927281,1.0180165902599945,0.951674218808728,0.9554767551248485,6.439755770682112,0.36862235654741465,0.9960202733392255,0.9805265733810695,12.214741855913703,0.9930043600094346,1.0236071994500557,1.022084997296385,0.06534098028869237,0.04259111712570085,9.918998693315409,0.3982696978681408,1.534145725641545,0.3088403618524931,28.06777336336182,0.28594978643695756,0.29607567519598893,0.3024180333055083
0.155,0.9989706764677103,1.0186440428853587,0.9501726292262886,0.9540696080507758,6.439077807681858,0.3686540075752503,0.9959154145655588,0.9812057308734324,12.230925178293003,0.992408424063645,1.0233912007499062,1.0220157443032027,0.06741589295430855,0.043942729889860276,9.91919610657718,0.3981115127014702,1.5341762590372128,0.3138975377784091,28.085778084540646,0.29041317877374884,0.3006465323829296,0.30721242215450034
0.1575,0.9989535031566882,1.0192816818923156,0.9486515997122413,0.9526436453510209,6.438393069762184,0.3686867532880808,0.995809507932729,0.9818545301140592,12.246866653128535,0.9917981147737464,1.0231577120864455,1.0219359388864195,0.06951822760378584,0.04531201834147261,9.919425094644208,0.39795441961655065,1.534211676025874,0.3189264332919727,28.10191433815185,0.2948640720063429,0.3052040550068381,0.31199825642421364
0.16,0.9989363019034826,1.0199294663689302,0.9471113477718472,0.9511990637861232,6.4377016325729395,0.36872060511539834,0.9957025651413015,0.9824730624707394,12.262566634643305,0.9911735216397064,1.022906855614769,1.0218456321132539,0.07164766481753586,0.0466987640131722,9.919684802609481,0.39779844004219955,1.5342518443812856,0.32392598953046964,28.116196175405154,0.2993022838275691,0.30974812849555117,0.316775329077123
0.1625,0.9989190722523997,1.0205873545057889,0.9455520928397646,0.9497360620848256,6.437003571798294,0.36875557413298793,0.9955945978971499,0.9830614231326726,12.278025496356529,0.9905347356235179,1.0226387541241642,1.0217448677562786,0.07380388170162411,0.048102746329775965,9.91997437876566,0.39764359634978536,1.5342966323720884,0.3288951727452463,28.128638052039936,0.30372763600295766,0.31427864060462013,0.32154342859840457
0.165,0.9989018137482523,1.0212553036042964,0.9439740561698403,0.9482548408412617,6.436298963139333,0.3687916710597223,0.9954856179087642,0.9836197110291206,12.293243630702824,0.9898818490927465,1.022353530965023,1.0216336824895733,0.07598655204790696,0.04952374272842597,9.920292975385026,0.3974899118077917,1.5343459088824416,0.33383297455611394,28.13925481294161,0.30813995433807195,0.31879548119240514,0.3263023390946409
0.1675,0.9988845259363798,1.0219332700851016,0.9423774607257108,0.9467556024127995,6.43558788229697,0.3688289062544694,0.9953756368846078,0.9841480287486728,12.308221448664758,0.9892149557643434,1.022051309977652,1.0215121061004113,0.07819534649558,0.05096152877876354,9.92063974946378,0.3973374105331996,1.5343995435271403,0.33873841217696843,28.148061676894052,0.31253906864369285,0.32329854200270425,0.3310518404000809
0.17,0.9988672083626685,1.022621209496648,0.9407625310722798,0.9452385508186213,6.434870404955102,0.36886728971311095,0.9952646665305123,0.984646482459188,12.322959379418771,0.9885341506487682,1.0217322154230168,1.0213801617152263,0.08042993269395106,0.05241587830301217,9.921013863430598,0.39718611743992116,1.534457406761207,0.34361052861330266,28.155074221490484,0.3169248127105304,0.327787716455472,0.335791708189861
0.17250000000000001,0.9988498605735716,1.0233190765238571,0.9391294932681616,0.9437038916391106,6.434146606764105,0.3689068310656717,0.9951527185471242,0.985115181828438,12.337457869994383,0.9878395299944999,1.0213963719154104,1.0212378660385653,0.0826899754662458,0.05388656349584605,9.921414485819431,0.39703605818452437,1.53451936998395,0.3484483928323157,28.160308368223784,0.3212970243091451,0.3322628994461447,0.34052171409970444
0.17500000000000002,0.9988324821161292,1.0240268249969435,0.937478574759152,0.9421518319161217,6.433416563324544,0.36894753957355764,0.9950398046273865,0.9855542399455163,12.351717384946625,0.9871311912333586,1.0210439043570743,1.0210852296037292,0.08497513697424983,0.055373355043920824,9.921840791906664,0.39688725910949263,1.534585305637514,0.35325109990634385,28.16378036777498,0.3256555451886016,0.33672398715404783,0.34524162585171647
0.1775,0.9988150725379882,1.0247444079003707,0.9358100042728099,0.940582580054198,6.432680350171228,0.36898942412690394,0.9949259364540717,0.9859637732430309,12.365738406041588,0.9864092329263007,1.0206749378747606,1.0209222570337628,0.08728507688358672,0.05687602224494319,9.922291964312823,0.39673974718426697,1.5346550872999416,0.3580177711303613,28.165506785517408,0.3300002210281714,0.3411708768603254,0.3499512073859783
0.18,0.9987976313874225,1.0254717773819462,0.9341240117142119,0.9389963457228101,6.431938042757524,0.3690324932420302,0.9948111256973555,0.9863439014201281,12.379521431954938,0.9856737547084464,1.0202895977582456,1.0207489473114828,0.08961945252942927,0.05839433312615664,9.922767193569088,0.39659354994432106,1.534728589772796,0.36304765994247723,28.188806179996647,0.33433090139676347,0.34560346677578413,0.35465021899772864
0.1825,0.9987801582133524,1.0262088847620627,0.932420828062949,0.9373933397596745,6.431189716439957,0.3690767550590041,0.9946953840124357,0.9866947473663746,12.393066977983203,0.9849248572349381,1.0198880094007943,1.0205652940572099,0.09197791908243878,0.05992805456212132,9.923265678649042,0.39644869542852096,1.5348056891634052,0.36805029831216196,28.21059814064685,0.33864743973165506,0.35002165587900663,0.3593384174799814
0.185,0.9987626525653643,1.0269556805430864,0.9307006852714276,0.9357737740752193,6.430435446463096,0.36912221733931316,0.9945787230371943,0.9872086431955415,12.408791524567325,0.9841626421276026,1.019470298241571,1.0203712858129057,0.0943601297147257,0.06147695239166734,9.923786627466002,0.3963052121150198,1.5348862629617823,0.37301714624761684,28.230309480357864,0.34294969332228953,0.3544253437650422,0.3640155562714944
0.1875,0.9987451139937306,1.0277121144188968,0.9289638161645365,0.9341378615582528,6.42967530794473,0.36916888746364296,0.994461154389904,0.987711240468371,12.424506337960958,0.9833872119222176,1.0190365897099904,1.0201669063314123,0.09676573576562479,0.06304079153390234,9.924329257336515,0.39616312885593913,1.5349701901123134,0.37794713219429293,28.247952940378706,0.34723752329351093,0.3588144305049396,0.3686813856100409
0.19,0.998727542049428,1.0284781352845818,0.9272104543407392,0.9324858159828934,6.428909375861328,0.36921677242976414,0.9943426896669805,0.9882853101104796,12.44125288438303,0.982598670016405,1.018587009171999,1.0199521348695397,0.09919438690707812,0.06461933610315594,9.924892795410578,0.3960224748110851,1.5350573510802994,0.3828392130746378,28.263541842546235,0.35151079458466505,0.36318881651634116,0.3733356526909758
0.1925,0.998709936284158,1.0292536912462893,0.9254408340746437,0.9308178519168142,6.428137725033787,0.36926587885052653,0.9942233404407771,0.9889440772590978,12.459199677033586,0.9817971206181751,1.0181216818782803,1.0197269464837622,0.10164573130841964,0.06621234952274611,9.925476479069205,0.3958832793809445,1.535147627913445,0.3876923746094547,28.27709007591194,0.35576937592402647,0.3675484024453165,0.37797810183111175
0.195,0.9986922962503659,1.0300387296312394,0.9236551902211045,0.9291341846308564,6.427360430113464,0.3693162129519622,0.994103118257425,0.9895742290910761,12.476920362531152,0.9809826686951418,1.0176407329143702,1.0194913123273328,0.10411941580035776,0.06781959463745474,9.926079556290059,0.3957455721392032,1.535240904298412,0.3925056316098022,28.288612083309793,0.3600131398015016,0.37189308905956114,0.3826084746379296
0.1975,0.998674621501258,1.0308331969978999,0.9218537581209063,0.9274350300100558,6.426577565568501,0.36936778057149666,0.9939820346347182,0.99017585323127,12.494415039447867,0.9801554199244289,1.0171442871526597,1.0192451999476733,0.10661508603795342,0.0694408338246026,9.926701285981865,0.39560938276502333,1.5353370656125407,0.39727802823983144,28.29812284787781,0.36424196244236484,0.3762227771530502,0.38722651018416093
0.2,0.9986569115908226,1.0316370391463274,0.9200367735080737,0.9257206044661329,6.425789205670433,0.36942058715626996,0.9938601010600415,0.9907490406627132,12.51168382699865,0.9793154806433026,1.0166324692062823,1.0189885735829254,0.10913238666239539,0.07107582910361705,9.927340938288445,0.3954747409753106,1.5354359989708743,0.4020086382509714,28.305637879544204,0.368455723782599,0.3805373674621849,0.39183194518776415
0.2025,0.998639166073847,1.0324502011286774,0.9182044724188528,0.9239911248514873,6.4249954244810805,0.3694746377615678,0.9937373289883444,0.9912938856539554,12.528726864756738,0.9784629578005397,1.0161054033848553,1.0187213944566345,0.11167096146137731,0.07272434224398908,9.927997794863145,0.39534167645719676,1.5355375932686046,0.4066965651878929,28.31117320148868,0.3726543074451074,0.38483676059343175,0.39642451419731606
0.20500000000000002,0.9986213845059361,1.0332726272598816,0.9163570911024053,0.922246808374737,6.424196295839745,0.3695299370493641,0.9936137298401594,0.9918104856872759,12.545544312379736,0.977597958908558,1.015563213652058,1.0184436210695613,0.11423045352788576,0.07438613487151971,9.928671149114592,0.39521021880095547,1.5356417392190822,0.4113409425666889,28.314745336587666,0.376837600715755,0.38912085696240606,0.40100394978281106
0.20750000000000002,0.9986035664435307,1.0341042611285005,0.9144948659332509,0.9204878725178424,6.423391893350686,0.36958648928697546,0.9934893149996658,0.9922989413878063,12.562136349346238,0.976720591996318,1.0150060235850262,1.0181552094876964,0.1168105054172131,0.07606096857276,9.92936030642463,0.3950803974335606,1.5357483293875234,0.4159409340257309,28.316371293852143,0.3810054945186423,0.39338955674431375,0.405569982731845
0.21,0.9985857114439255,1.0349450456077471,0.912618033325497,0.9187145349548493,6.422582290370875,0.36964429834582924,0.9933640958127955,0.9927593564535909,12.578503174702778,0.975830965563022,1.014433956335539,1.017856113625614,0.1194107593020146,0.07774860499755247,9.930064584339393,0.3949522415530908,1.5358572582205643,0.42054782054804607,28.319576085932034,0.38515788339069074,0.3976427598356216,0.4101223422511218
0.2125,0.9985678190652862,1.0357949228666867,0.9107268296488815,0.9169270134722818,6.421767559998058,0.3697033677003465,0.9932380835853869,0.9931918375865985,12.59464500682104,0.9749291885326267,1.0138471345929712,1.017546285524352,0.12203085712523465,0.07944880595958627,9.930783312734459,0.3948257800641713,1.5359684220718037,0.4254388120164294,28.342784644038243,0.38929466545585284,0.401880365826788,0.4146607561731958
0.215,0.9985498888666673,1.0366538343816132,0.9088214911466678,0.9151255258912173,6.420947775059105,0.36976370042694057,0.9931112895813825,0.9935964944247206,12.61056208316523,0.9740153702091998,1.013245680548985,1.017225675623082,0.12467044075073432,0.0811613335348827,9.931515833955112,0.3947010415146394,1.5360817192234975,0.4302907010409469,28.364067098164867,0.39341574239744914,0.4061022739858442,0.41918495116832
0.2175,0.9985319204080285,1.0375217209475973,0.9069022538554067,0.9133102899910694,6.420123008098642,0.36982529920313345,0.9929837250210709,0.9940349296484843,12.62703575799575,0.9730896202331328,1.0126297158639352,1.0168942330239013,0.12732915211145707,0.0828859501581321,9.932261502932587,0.39457805403360524,1.5361970499045376,0.4351026663855844,28.383439438441012,0.39752101942600077,0.41030838325258656,0.4236946529612364
0.22,0.9985139132502524,1.0383985226902201,0.9049693535266004,0.9114815234351055,6.419293331367977,0.36988816630679167,0.9928554010793739,0.9944860571939248,12.643798800551545,0.9721520485382238,1.0119993616349585,1.0165519057491288,0.1300066333549803,0.08462241871680844,9.933019687277461,0.39445684527107444,1.5363143163048973,0.4398739136709038,28.400917969857943,0.40161040524463076,0.41449859224309665,0.42818958655270134
0.2225,0.9984958669551606,1.0392841790774752,0.9030230255502815,0.9096394436977157,6.418458816814328,0.369952303615482,0.9927263288841806,0.9949105490382109,12.660350925566599,0.9712027653096432,1.0113547383657147,1.016198640990569,0.13270252698630308,0.0863705026429916,9.933789767351065,0.3943374423392858,1.5364334225866754,0.44460367532674555,28.41651929857371,0.40568381201645254,0.4186727992642786,0.4326694764455026
0.225,0.9984777810855291,1.040178628931851,0.9010635048805303,0.9077842679934607,6.417619536070328,0.37001771260595007,0.9925965195147237,0.9953084975084128,12.676692147807675,0.9702418809428016,1.010695965937754,1.0158343853502676,0.135416476007733,0.08812996600283363,9.934571136316023,0.3942198717559076,1.5365542748919132,0.4492912105249136,28.430260318462167,0.40974115533338984,0.42283090233806997,0.437134046874681
0.2275,0.9984596552051054,1.0410818104425907,0.8990910259629439,0.9059162132079079,6.416775560443831,0.3700843943537235,0.9924659840000041,0.9956799978009901,12.692822502532705,0.969269506003132,1.0100231635834767,1.0154590850723384,0.13814812405574003,0.08990057358360896,9.935363200166934,0.394104159389227,1.536676781347341,0.45393580509260445,28.442158197910857,0.41378235418441084,0.4269727992349528,0.44158302204163447
0.23,0.998441488878623,1.0419936611781222,0.8971058226640716,0.9040354958302756,6.4159269609080125,0.3701523495328399,0.9923347333172577,0.9960251479180571,12.708742045268243,0.968285751186806,1.0093364498606507,1.0150726862655184,0.14089711553465506,0.09168209097829504,9.936165377742189,0.3939903304054528,1.536800852066204,0.4585367714073373,28.452230366871582,0.41780733092407973,0.4310983875163638,0.4460161263517452
0.2325,0.9984232816718174,1.0429141180986667,0.8951081282028273,0.9021423318878941,6.415073808091761,0.37022157841570336,0.9922027783904713,0.9963440486045427,12.724450851594186,0.9672907272823936,1.0086359426284601,1.014675135116151,0.14366309574709843,0.09347428466763316,9.936977100717964,0.3938784092182455,1.5369263991473354,0.4632694943866323,28.471313831099494,0.4218160112418021,0.43520756458558174,0.45043308465513243
0.23500000000000001,0.9984050331514401,1.043843117569014,0.8930981750838854,0.9002369368824957,6.414216172270352,0.37029208087307014,0.9920701300889389,0.99663680328627,12.739949016935665,0.9662845451334757,1.0079217590250482,1.014266378091373,0.14644571102103443,0.0952769220996266,9.937797813585464,0.3937684194405753,1.5370533366716344,0.4681737102501227,28.501578364729035,0.42580832413159625,0.4393002277466393,0.4548336224901069
0.23750000000000002,0.9983867428852736,1.0447805953714688,0.8910761950330713,0.8983195257283405,6.413354123356447,0.37036385637416513,0.9919367992258696,0.9969035180089617,12.755236656362031,0.9652673156022202,1.00719401544652,1.0138463621323193,0.14924460883335394,0.0970897717664364,9.938626973612314,0.39366038383899704,1.5371815806960962,0.47303311346910365,28.52967241736736,0.42978420186146304,0.44337627427079684,0.4592174663288679
0.24,0.998368410442145,1.0457264867189633,0.8890424189347426,0.8963903126921824,6.412487730891347,0.3704369039869322,0.9918027965570361,0.9971443013781943,12.770313904392866,0.9642391495339236,1.0064528275273745,1.0134150348372288,0.15205943792989854,0.09891260327864158,9.939464050789217,0.39355432429042414,1.5373110492455624,0.477846841128315,28.555611300188296,0.433743579940258,0.4474356014700888,0.46358434382496627
0.2425,0.99835003539194,1.0466807262683326,0.8869970767711693,0.8944495113350801,6.411617064036577,0.37051122237841827,0.9916681327794711,0.9973592645003011,12.785180914810722,0.96320015772253,1.0056983101223314,1.0129723446343737,0.15488984844184794,0.1007451874368351,9.940308527762813,0.3934502617414696,1.5374416623023337,0.48261406097515763,28.579410845006112,0.4376863970821247,0.4514781067774433,0.46793398406202324
0.245,0.9983316173056156,1.0476432481337496,0.8849403975639082,0.892497334456052,6.410742191565741,0.37058680981529507,0.9915328185302094,0.9975485209242367,12.799837860480611,0.9621504508771269,1.0049305772895138,1.012518240944784,0.15773549199840084,0.10258729630053241,9.941159899755712,0.3933482161704133,1.5375733417938047,0.4873339714548769,28.601087389792816,0.4416125951705901,0.45550368783286,0.472266117803189
0.2475,0.9983131557552143,1.0486139859003145,0.8828726093171696,0.8905339940375769,6.40986318185668,0.3706636641645175,0.9913968643850735,0.9977121865844053,12.814284933175907,0.9610901395894255,1.0041497422749635,1.012052674334795,0.16059602183569022,0.10443870325437431,9.942017674474725,0.39324820655184595,1.5377060115782681,0.49200580172008845,28.62065776415852,0.4455221192227651,0.4595122425751213,0.4765804777407994
0.25,0.998294650313874,1.049592872637796,0.8807939389631732,0.8885597011929345,6.408980102883939,0.3707417828941233,0.9912602808575097,0.9978503797444481,12.828522343410528,0.9600193343022215,1.003355917498437,1.0115755966584647,0.1634710929018807,0.10629918307161108,9.942881372008122,0.39315025082402827,1.5378395974290255,0.4966288116151909,28.638139274802477,0.44941491735253186,0.4635036693385074,0.48087679874568723
0.2525,0.9982761005558427,1.0505798409145177,0.8787046123094815,0.8865746661153815,6.408093022211512,0.3708211630741724,0.9911230783974649,0.9979632209420023,12.84255032027718,0.9589381452788319,1.0025492145404677,1.0110869611899675,0.16636036195840775,0.10816851197485951,9.943750524713012,0.3930543658589948,1.5379740270169673,0.5012022916361991,28.653549690941468,0.45329094073209053,0.4674778669539703,0.4851548181155875
0.255,0.998257506056488,1.0515748228113864,0.8766048539883083,0.8845790980291597,6.40720200698589,0.37090180137783063,0.9909852673903125,0.9980508329344127,12.856369111291377,0.9578466825735054,1.0017297441306452,1.010586722746099,0.16926348767732408,0.11004646769412953,9.944624677093591,0.39296056743542473,1.5381092298917423,0.5057255628665636,28.66690722972266,0.4571501435524932,0.4714347348542331,0.48941427582208463
0.2575,0.9982388663923097,1.0525777499360534,0.8744948874077851,0.8825732051423226,6.406307123929413,0.3709836940825962,0.9908468581558232,0.9981133406454012,12.86997898224104,0.9567450560027919,1.0008976161370828,1.01007483779905,0.17218013073473062,0.11193282952212238,9.945503385671254,0.3928688702142903,1.5382451374616681,0.5101979768895376,28.678230541627663,0.46099248298407663,0.4753741731822664,0.4936549147555365
0.26,0.9982201811409488,1.0535885534372058,0.8723749347051784,0.8805571946013737,6.405408439333913,0.37106683707167204,0.9907078609471819,0.9981508711126801,12.883380217041337,0.9556333751178441,1.0000529395570412,1.009551264579652,0.1751099539002755,0.113827378366806,9.946386218847376,0.39277928771728593,1.5383816829725083,0.5146189156776722,28.687538695874554,0.46481791913634246,0.47929608290260173,0.49787648096742604
0.2625,0.9982014498811992,1.0546071640189802,0.8702452167020394,0.8785312724477036,6.404506019054653,0.37115122583548465,0.9905682859500513,0.9981635534365039,12.896573117594583,0.9545117491776373,0.9991958225086693,1.0090159631713063,0.17805262212271517,0.11572989680127889,9.94727275675963,0.39269183230803495,1.538518801485249,0.518987791460028,28.694851165824804,0.46862641501590657,0.48320036591494747,0.5020787239095882
0.265,0.9981826721930162,1.055633511955489,0.8681059528612749,0.876495643575813,6.40359992850458,0.3712368554733504,0.9904281432816813,0.9981515187291436,12.909558003654771,0.9533802871231352,0.9983263722238359,1.008468895594851,0.1810078026115382,0.11764016911093705,9.948162591132677,0.3926065151760588,1.5386564298530054,0.5233040465676988,28.70018781440166,0.47241793648399927,0.4870869251695707,0.5062613966697757
0.2675,0.9981638476575265,1.0566675271054575,0.8659573612461163,0.874450511693305,6.402690232648851,0.3713237206952899,0.9902874429900641,0.9981149000652747,12.922335212696582,0.9522390975524163,0.9974446950420089,1.0079100258846188,0.18397516491466248,0.11955798133796468,9.94905532512393,0.39252334632349084,1.538794506697167,0.5275671532582604,28.703568879527147,0.47619245222049333,0.4909556647839251,0.5104242562030374
0.27,0.9981449758570371,1.0577091389269608,0.8637996584809744,0.8723960792826339,6.401776995999684,0.37141181582399213,0.9901461950531365,0.9980538324332603,12.934905099788457,0.9510882886967629,0.9965508964051594,1.0073393201559735,0.18695438099222195,0.1214831213231709,9.949950573165278,0.39244233455450583,1.5389329723829168,0.5317766135197605,28.705014959584496,0.479949933696081,0.49480649016000783,0.5145670635583995
0.2725,0.9981260563750428,1.0587582764922496,0.8616330597141553,0.8703325475645889,6.400860282611493,0.3715011347969277,0.990004409378028,0.9979684526873148,12.947268037469406,0.9499279683977053,0.9956450808536509,1.0067567466646183,0.1899451252864695,0.12341537874520164,9.950847960801386,0.3923634874674333,1.5390717689942228,0.5359319588548778,28.704546998913084,0.48369035512709946,0.49863930810194557,0.5186895841003561
0.275,0.9981070887962342,1.0598148685026663,0.8594577785824167,0.8682601164634952,6.3999401560763305,0.37159167116861297,0.9898620958003561,0.9978588995005323,12.959424415629362,0.9487582440850238,0.9947273520230838,1.0061622758579858,0.19294707478782727,0.12535454515715694,9.951747124525367,0.3922868114495127,1.5392108403084197,0.540032750045888,28.702186273343187,0.48741369342227375,0.5024540269333162,0.5227915877246972
0.2775,0.9980880727065066,1.0608788433036296,0.8572740271773447,0.8661789845741156,6.399016679519625,0.3716834181130241,0.9897192640835665,0.9977253133187546,12.971374641392527,0.9475792227556965,0.993797812642064,1.0055558804190265,0.1959599090971247,0.12730041402065004,9.952647711612439,0.3922123116742463,1.5393501317704834,0.5440785769010867,28.697954375777904,0.49111992814130917,0.5062505566137363,0.5268728490682203
0.28,0.9980690076929644,1.0619501288996926,0.8550820160135241,0.8640893491302244,6.398089915596232,0.3717763684261621,0.9895759239183228,0.9975678363152685,12.983119139003612,0.946391010953789,0.9928565645308624,1.0049375353027197,0.19898331048407028,0.12925278073734622,9.953549379952241,0.39213999210129774,1.539489590467094,0.5480690579833172,28.691873201829576,0.4948090414580932,0.5100288088542535,0.5309331477119024
0.28250000000000003,0.9980498933439294,1.0630286529696542,0.8528819539984792,0.8619914059748394,6.39715992648677,0.37187051452876857,0.9894320849219395,0.9973866123463021,12.994658349716437,0.9451937147512645,0.9919037086009355,1.0043072177656431,0.20201696394200955,0.13121144267802382,9.954451797880417,0.3920698554788802,1.5396291651005887,0.5520038403212776,28.683964935518713,0.4984810181222557,0.5137886972311054,0.5349722683771243
0.28500000000000003,0.9980307292489461,1.0641143428817244,0.8506740484043585,0.8598853495320812,6.3962267738942735,0.3719658484691921,0.9892877566378643,0.9971817869073063,13.005992731684685,0.9439874397296939,0.9909393448552759,1.003664907388932,0.20506055723902863,0.1331761992092019,9.95535464401005,0.392001903348574,1.539768805962889,0.5558825991042691,28.674252035042944,0.5021358454155456,0.5175301372974244,0.538990001114572
0.28750000000000003,0.9980115149987877,1.0652071257087277,0.848458504841336,0.8577713727806421,6.395290519041141,0.37206236192640374,0.9891429485352065,0.9969535070899922,13.017122759854377,0.9427722909628534,0.9899635723895626,1.0030105860949652,0.20811378096546707,0.13514685171738386,9.95625760706349,0.39193613605250766,1.53990846490949,0.5597050373610721,28.662757218624122,0.5057735131044658,0.5212530466924858,0.5429861414854639
0.29,0.9979922501854613,1.0663069282433377,0.8462355272327033,0.8556496672288345,6.39435122266638,0.3721600462131632,0.9889976700083102,0.9968072792461484,13.029426073146574,0.9415483730002357,0.9889764893940838,1.0023442381581156,0.21117632857790997,0.13712320363096617,9.957160385705102,0.3918725527428349,1.5400480953335935,0.5634708856236342,28.64950345044178,0.5093940133932576,0.5249573452481241,0.5469604907347804
0.2925,0.9979729344022119,1.0674136770133398,0.8440053177916236,0.8535204228911952,6.393408945023189,0.37225889227933306,0.9888519303763811,0.9966849977657146,13.042145413014767,0.9403157898514706,0.9879781931563962,1.0016658502098974,0.2142478964397346,0.13910506043986692,9.958062688375414,0.39181115139343387,1.540187652140454,0.5671799015762621,28.634513926661132,0.5129973408781499,0.5286429550919549,0.5509128559561993
0.295,0.9979535672435266,1.0685272982969038,0.8417680769995136,0.8513838282666194,6.392463745876793,0.372358890715341,0.9887057388831509,0.9965390594320872,13.054657794609083,0.9390746449715094,0.9869687800647033,1.00097541123885,0.21732818385828978,0.14109222971292856,9.958964233127118,0.39175192881375476,1.5403270917220153,0.570902937167778,28.62137492446914,0.5165834925010173,0.532309800747075,0.5548430502484698
0.2975,0.9979341483051405,1.0696477181378639,0.8395240035860334,0.8492400703179955,6.391515684502631,0.37246003175578857,0.9885591046965978,0.996369599103984,13.066963540365537,0.9378250412465428,0.9859483456119132,1.0002729125854761,0.22041689311879215,0.14308452111315323,9.95986474746336,0.391694880664737,1.5404663719318974,0.5754227633229136,28.649018185323147,0.5201524675008292,0.5359578092279237,0.5587508928629857
0.3,0.9979146771840369,1.0707748623609983,0.837273294510643,0.847089334453315,6.390564819684821,0.37256230528320516,0.9884120369087082,0.9961767531069757,13.079062988261406,0.9365670809809474,0.9849169844003561,0.9995583479325681,0.22351372951502615,0.14508174641083002,9.960763968178659,0.3916400014767158,1.5406054520607932,0.579889280526355,28.674571293302314,0.5237042673625766,0.5395869101320231,0.5626362093423453
0.3025,0.9978951534784539,1.0719086565872988,0.8350161449457026,0.8449318045082264,6.389611209714945,0.37266570083194583,0.9882645445352894,0.995960659194811,13.090956491705338,0.935300865885449,0.9838747901471313,0.9988317132912286,0.22661840137693864,0.14708371949461516,9.96166164120287,0.39158728466923554,1.5407442928123345,0.5843019743141287,28.69805273373701,0.527238895764657,0.5431970357273321,0.5664988316497138
0.305,0.9978755767878849,1.0730490262492227,0.8327527482610804,0.842767662730006,6.388654912391141,0.37277020759223123,0.9881166365158293,0.995721456511392,13.102644419427909,0.9340264970655892,0.9828218556900583,0.9980930069829047,0.22973062009522038,0.14909025638062787,9.96255752144846,0.39153672257268546,1.54088285627947,0.5886603577722932,28.719481327708337,0.5307563585251113,0.5467881210349784,0.5703385982888346
0.3075,0.9978559467130814,1.0741958966059164,0.8304832960102382,0.8405970897629165,6.387695985017495,0.37287581441432727,0.9879683217134015,0.9954592855533796,13.114127155372412,0.9327440750104159,0.981758272994204,0.997342229617733,0.23285010014297192,0.15110117521962593,9.963451372661407,0.3914883064516725,1.5410211059214047,0.592963971244,28.73887621706443,0.5342566635473575,0.5503601039071533,0.5741553544145551
0.31,0.997836262856055,1.0753491927584125,0.8282079779177629,0.8384202646349227,6.386734484403751,0.3729825098128631,0.9878196089146216,0.9951742881334052,13.12540509858552,0.9314536995822497,0.9806841331589652,0.9965793840694874,0.23597655909455076,0.15311629630232587,9.96434296727596,0.391442026530043,1.541159006541136,0.5972123820217057,28.756256849551317,0.5377398207667357,0.5539129250999827,0.5779489519337689
0.3125,0.9978165248200804,1.0765088396647833,0.8259269818683083,0.8362373647457325,6.385770466865332,0.37309028197128424,0.9876705068296496,0.994866607343865,13.136478663107594,0.9301554700073835,0.9795995264256744,0.9958044754474152,0.23910971764170008,0.15513544206293312,9.96523208627352,0.3913978720174664,1.5412965242636267,0.6014051840253111,28.77164296406963,0.5412058420981317,0.5574465283412078,0.581719249596692
0.315,0.997796732209695,1.0776747621552498,0.8236404938969186,0.8340485658561392,6.384803988223664,0.3731991187464395,0.98752102409224,0.9945363875212826,13.147348277862386,0.9288494848675376,0.9785045421857146,0.995017511065238,0.2422492996070602,0.15715843708094962,9.966118519045759,0.39135583113749056,1.541433626514635,0.6055419974670254,28.78505457606873,0.5446547413832177,0.5609608603925383,0.5854661130784232
0.3175,0.9977768846307011,1.0788468849472361,0.8213486981806972,0.831854042078625,6.383835103806814,0.3733090076732976,0.9873711692598411,0.9941837742112062,13.158014386545764,0.9275358420919964,0.9773992689891076,0.9942185004075794,0.24539503195516496,0.15918510808132444,9.967002063262212,0.39131589115697946,1.5415702820002335,0.6096224685037456,28.79651196308981,0.5480865343360133,0.5644558711065594,0.5891894150507608
0.32,0.9977569816901665,1.0800251326603685,0.8190517770317888,0.8296539658692048,6.382863868450447,0.3734199359697922,0.9872209508137427,0.9938089141336331,13.16847744751339,0.9262146389504771,0.9762837945535624,0.9934074550940728,0.24854664480102578,0.16121528393301623,9.967882524742409,0.3912780384168441,1.5417064606870343,0.6136462688777502,28.80603565046925,0.5515012384898053,0.5679315134781027,0.592889035244265
0.3225,0.9977370229964242,1.081209429831406,0.8167499108916413,0.8274485080204703,6.381890336499085,0.37353189054179115,0.9870703771592705,0.993411955148927,13.178737933666893,0.9248859720466123,0.9751582057739571,0.9925843888413967,0.2517038714164062,0.163248795646033,9.968759717332677,0.3912422583639736,1.5418421337831334,0.617613095546507,28.813646397213613,0.5548988731524801,0.5713877436900099,0.5965648605005885
0.325,0.9977170081590748,1.0823997009291009,0.8144432783265152,0.8252378376558115,6.3809145618076935,0.3736448579881876,0.986919456626032,0.9929930462242187,13.1887963323385,0.9235499373120541,0.9740225887322298,0.9917493174234665,0.25486644823389076,0.1652854763670183,9.969633462787659,0.3912085355842784,1.5419772737197848,0.6215226703023974,28.819365182057595,0.558279459357592,0.5748245211532452,0.6002167848151109
0.3275,0.9976969367889836,1.0835958703689814,0.8121320560242027,0.8230221222247777,6.3799365977435665,0.37375882460610893,0.9867681974682077,0.9925523374002607,13.1986531451737,0.9222066300013038,0.9728770287076638,0.9909022586300091,0.2580341148488492,0.16732516137344933,9.970503590656588,0.39117685383675305,1.5421118541338115,0.6253747393831545,28.823213189715887,0.5616430198058368,0.5782418085413281,0.6038447093699317
0.33,0.9976768084982833,1.0847978625280543,0.8098164187919307,0.8208015274995503,6.3789564971885495,0.37387377639624203,0.986616607864895,0.9920899797587208,13.20830888801188,0.9208561446872349,0.9717216101875362,0.9900432322237277,0.2612066140193999,0.1693676880665148,9.971369938174341,0.39114719608846826,1.542245849850756,0.6291690730738138,28.825211797339907,0.5649895788171103,0.5816395718190862,0.607448542557307
0.3325,0.9976566229003709,1.086005601759418,0.8074965395554037,0.8185762175724982,6.37797431254154,0.37398969906826834,0.9864646959204952,0.9916061253898982,13.217764090764623,0.9194985752572874,0.9705564168781228,0.9891722598962638,0.2643836916644716,0.17141289596273773,9.97223235015723,0.391119544550403,1.5423792368687603,0.6329054653009751,28.82538256119017,0.5683191622872716,0.5850177802657434,0.6110281999936183
0.335,0.9976363796099091,1.0872190124067813,0.805172589358964,0.8163463548547772,6.376990095721356,0.3741065780464079,0.9863124696651568,0.9911009273608331,13.22701929729153,0.9181340149103163,0.9693815317160219,0.988289365223139,0.26756509686006363,0.173460626684409,9.973090678903482,0.3910938807140253,1.5425119923431758,0.636583733220162,28.82374720353467,0.5716317976412808,0.5883764064923803,0.6145836045239932
0.3375,0.9976160782428235,1.0884380188188887,0.8028447373668267,0.8141121000759511,6.376003898169876,0.37422439847506794,0.9861599370552614,0.9905745396838029,13.236075065273324,0.9167625561540674,0.9681970368797976,0.9873945736178645,0.27075058183380235,0.17551072394889655,9.973944784098375,0.3910701853885332,1.5426440945718893,0.6402037167970644,28.8203275997835,0.5749275137822876,0.591715426453822,0.6181146862177005
0.34,0.9975957184163035,1.08966254536384,0.8005131508653625,0.8118736122845965,6.375015770855529,0.374343145224591,0.9860071059739631,0.9900271172851799,13.244931966082081,0.9153842908032657,0.9670030138019047,0.9864879122853816,0.2739399019578903,0.17756303355689262,9.974794532723902,0.391048438738668,1.5427755229813518,0.6437652783834427,28.815145765869545,0.5782063410398788,0.595034819455026,0.621621382354473
0.3425,0.9975752997487987,1.0908925164433072,0.7981779952663893,0.8096310488498655,6.374025764277071,0.37446280289710027,0.9858539842317733,0.9894588159746398,13.253590584648457,0.9139993099783095,0.9657995431808916,0.9855694101750002,0.27713281574054066,0.17961740337966334,9.975639798972818,0.39102862032301045,1.5429062581132837,0.6472683022884589,28.8082238458848,0.5814683111201807,0.5983345681520609,0.6251036374019108
0.34500000000000003,0.9975548218600191,1.0921278565066397,0.795839434111446,0.8073845654639697,6.373033928467714,0.37458335583243746,0.9857005795671988,0.9888697924146956,13.262051519325665,0.9126077041045506,0.9645867049938535,0.9846390979329727,0.28032908481598895,0.18167368334536005,9.976480464166993,0.3910107091326758,1.5430362816120478,0.6507126943461958,28.79958409998135,0.5847134570591557,0.601614658547781,0.6285614029841402
0.34750000000000003,0.9975342843709332,1.0933684900648588,0.7934976290770085,0.805134316145561,6.372040312999553,0.3747047881141888,0.9855468996474265,0.9882602040905509,13.27031538175015,0.9112095629121311,0.9633645785091235,0.9836970078548598,0.2835284739331712,0.1837317254244531,9.977316416679866,0.39099468363032114,1.5431655762126537,0.6540983814801016,28.789248892545782,0.5879418131784189,0.6048750799823152,0.6319946378419137
0.35000000000000003,0.9975136869037636,1.0946143417045395,0.7911527399806209,0.8028804532439735,6.371044966988301,0.37482708357579547,0.985392952069056,0.9876302092802544,13.278382796698773,0.9098049754363826,0.9621332422991837,0.9827431738378052,0.286730750943153,0.18579138361434666,9.978147551862799,0.39098052178938164,1.543294125729369,0.6574253112650993,28.777240680655154,0.5911534150440332,0.6081158251185073,0.6354033077843453
0.3525,0.9974930290819884,1.0958653361015696,0.7888049247879058,0.8006231274442978,6.370047939098387,0.37495022580674403,0.9852387443588878,0.9869799670251344,13.286254401942406,0.9083940300188162,0.9608927742537768,0.9817776313328437,0.2899356867853932,0.18785251392323077,9.978973771975184,0.39096820113345376,1.5434219150449084,0.6606934514880687,28.76358200282221,0.5943482994327486,0.6113368899224516,0.6387873856324876
0.355,0.9974723105303362,1.0971213980347971,0.7864543396204215,0.7983624877732584,6.369049277548307,0.3750741981588314,0.9850842839747515,0.986309637100512,13.29393084809576,0.9069768143086292,0.9596432515932078,0.9808004172973657,0.2931430554729202,0.18991497435322546,9.979794986118012,0.3909576987757451,1.5435489301001584,0.6639027897074034,28.74829546803702,0.597526504307367,0.614538273639282,0.6421468511549715
0.3575,0.9974515308747839,1.0983824523995527,0.7841011387643372,0.7960986816058632,6.368049030116357,0.37519898375250127,0.9849295783063915,0.985619379986669,13.30141279846347,0.9055534152644573,0.9583847508818127,0.9798115701478233,0.29635263407649853,0.19197862488287115,9.980611110170733,0.3909489914585127,1.5436751578844123,0.6670533328123187,28.731403745111564,0.600688068787226,0.6177199787643826,0.64548169099592
0.36,0.9974306897425542,1.099648424221052,0.7817454746798874,0.7938318546727935,6.367047244146641,0.37532456548324555,0.9847746346763976,0.984909356840061,13.30870092888218,0.9041239191564321,0.9571173480415851,0.9788111297127913,0.29956420270785533,0.1940433274490156,9.981422066731096,0.39094205559241263,1.5438005864260655,0.6701451065825688,28.71292955233311,0.6038330331035033,0.6208820110101947,0.6487918985953834
0.3625,0.9974097867621121,1.1009192386676752,0.7793874980115828,0.7915621510685092,6.366043966555413,0.3754509260280666,0.9846194603411845,0.9841797294647643,13.315795927558627,0.9026884115687395,0.9558411183659415,0.9777991371864614,0.3027775445020367,0.19610894592814673,9.982227785057749,0.3909368672956868,1.5439252047837368,0.6731781552492112,28.69289564743183,0.6069614385457269,0.6240243792688094,0.6520774741025186
0.365,0.997388821563161,1.1021948210641221,0.7770273575991375,0.7892897132600342,6.36503924383774,0.3755780478519954,0.9844640624920235,0.983430660284144,13.322698494903657,0.9012469774026661,0.9545561365336117,0.9767756350826516,0.30599244559895805,0.1981753461172196,9.983028201015287,0.3909334024331148,1.5440490030377703,0.6761525410570273,28.67132481786694,0.6100733274035373,0.6271470955705299,0.6553384242817659
0.3675,0.9973677937766399,1.1034750969044376,0.7746652004890879,0.7870146820963982,6.3640331220744635,0.3757059132146589,0.9843084482561182,0.9826623123127287,13.329409343361988,0.8997997008800821,0.9532624766226411,0.9757406671894046,0.30920869512420773,0.20024239571402208,9.983823257021452,0.3909316366546601,1.5441719722820677,0.6790683438291905,28.648239871435575,0.6131687429081568,0.6302501750386091,0.6585747624122688
0.37,0.9973467030347182,1.1047599918649118,0.7723011719470683,0.7847371968187024,6.363025646939496,0.3758345041768926,0.984152624697734,0.9818748491282824,13.335929197237752,0.8983466655473297,0.9519602121244857,0.9746942785242367,0.312426085169162,0.2023099642971214,9.984612901996238,0.3909315454337414,1.5442941046162173,0.6819256605347387,28.623663627207193,0.6162477291775205,0.6333336358403558,0.6617865081807854
0.3725,0.9973255489707917,1.1060494318168423,0.7699354154707155,0.7824573950707827,6.362016863707412,0.3759638026073917,0.9839965988193715,0.9810684348440623,13.342258792515672,0.8968879542795059,0.9506494159581937,0.9736365152901043,0.31564441077046124,0.20437792330543464,9.9853970913125,0.3909331041050662,1.5444153931378548,0.68472460485939,28.597618906786206,0.6193103311651931,0.6363974991348228,0.6649736875683562
0.375,0.997304331219478,1.1073433428391628,0.7675680728031703,0.7801754129104403,6.361006817261364,0.37609379018939476,0.9838403775629913,0.9802432340812469,13.348398876677793,0.8954236492851197,0.9493301604846516,0.9725674248321283,0.31886346988889847,0.20644614601745997,9.98617578674786,0.39093628790195745,1.5445358319352247,0.6875524778704443,28.57375123853778,0.6223565946142194,0.6394417890172766,0.6681363327309766
0.3775,0.997283049416611,1.1086416512309256,0.7651992839471469,0.777891384821214,6.359995552101303,0.3762244484273947,0.9836839678112849,0.9793994119415289,13.354350208515765,0.8939538321111117,0.9480025175208854,0.9714870555951327,0.3220830633877623,0.20851450753020617,9.986948956437526,0.39094107199311645,1.544655416079882,0.6912291661335246,28.585930777523295,0.6253865660181884,0.6424665324606674,0.6712744818745491
0.38,0.9972617031992348,1.1099442835236395,0.7628291871795411,0.7756054437246651,6.358983112352502,0.3763557586538699,0.9835273763889935,0.9785371339798571,13.360113557938549,0.8924785836482303,0.9466665583544038,0.9703954570820325,0.3253029950106744,0.2105828847378549,9.987716574827674,0.3909474315187578,1.5447741416194833,0.6948484419945723,28.596333515397884,0.6284002925927791,0.6454717592543033,0.67438817912437
0.3825,0.9972402922055992,1.1112511664934448,0.7604579190665477,0.7733177209931477,6.3579695417744055,0.3764877020360301,0.9833706100642766,0.9776565661773159,13.365689705775486,0.8909979841367796,0.9453223537575669,0.9692926798131036,0.3285230713589598,0.21265115631018794,9.988478622629179,0.390955341626061,1.5448920055706301,0.698410156680897,28.6049773227622,0.6313978222636552,0.6484575019399419,0.6774774743894214
0.385,0.9972188160751514,1.1125622271731328,0.7580856144792584,0.77102834646304,6.356954883769746,0.37662025958257067,0.983213675550122,0.9767578749141369,13.371079443574663,0.8895121131727117,0.9439699740019731,0.968178775286173,0.33174310186858086,0.2147192026708101,9.989235086771261,0.39096477750388037,1.5450090059116985,0.7019141781190322,28.611880141646374,0.6343792036542882,0.6514237957455126,0.6805424232217415
0.3875,0.9971972744485303,1.1138773928639862,0.7557124066097128,0.7687374484484057,6.355939181394006,0.37675341215042774,0.9830565795058089,0.9758412269428232,13.376283573396565,0.8880210497140083,0.9426094888728437,0.9670537959377394,0.3349628987866647,0.21678690597519565,9.989985960354797,0.39097571441666085,1.5451251415756195,0.70536039058975,28.617059977551595,0.6373444860397415,0.654370678516675,0.6835830866711371
0.39,0.9971756669675597,1.1151965911474433,0.7533384269873739,0.7664451537550651,6.3549224773651405,0.3768871404515296,0.9828993285384127,0.9749067893613849,13.381302907602896,0.8865248720872378,0.9412409676833997,0.9659177951050606,0.338182277147649,0.21885415008858491,9.990731242604953,0.3909881277375055,1.5452404124425512,0.7087486943882205,28.620534891867635,0.6402937192933973,0.6572981906464237,0.6865995311355197
0.3925,0.9971539932752379,1.11651974989657,0.7509638054960001,0.764151587695045,6.353904814073615,0.37702142505953645,0.982741929204356,0.9739547295866677,13.38613826864051,0.8850236579942844,0.9398644792892161,0.964770826989211,0.34140105474906907,0.22092082056375587,9.991470938822838,0.3910019929803461,1.5453548193324025,0.7120790054897994,28.622322994667016,0.6432269538455803,0.6602063750029451,0.6895918282071349
0.395,0.997132253015733,1.117846797287338,0.7485886703908895,0.761856874101386,6.352886233592732,0.3771562464165636,0.9825843880110073,0.9729852153277739,13.390790488820517,0.8835174845193101,0.9384800921025405,0.9636129466191261,0.3446190521270046,0.2229868046186925,9.992205060335886,0.39101728583116596,1.5454683639971583,0.7153512552219066,28.622442437875947,0.6461442406530671,0.6630952768559256,0.6925600545149654
0.3975,0.9971104458343716,1.1191776618096942,0.7462131483164665,0.7595611353432813,6.351866777689243,0.3772915848398799,0.9824267114183215,0.9719984145595564,13.395260410092357,0.8820064281360057,0.937087874106565,0.9624442098166457,0.34783609253120196,0.22505199111417187,9.992933624446646,0.3910339821782308,1.5455810491129585,0.7185653899424274,28.62091140882125,0.6490456311753197,0.6659649438015162,0.6955042915635874
0.4,0.9970885713776306,1.1205122722784215,0.7438373643241872,0.7572644923415212,6.35084648783425,0.3774274205285781,0.9822689058405258,0.9709944954961848,13.399548883812953,0.8804905647151015,0.9356878928696453,0.9612646731625535,0.35105200189988545,0.2271162705312885,9.993656654379732,0.3910520581412806,1.5456928782718937,0.7217213707250277,28.617748124151944,0.6519311773448766,0.6688154256861444,0.6984246255687595
0.4025,0.9970666292931274,1.121850557843782,0.7414614418907369,0.7549670645842222,6.349825405214378,0.37756373357020834,0.9821109776478485,0.9699736265647767,13.403656770510857,0.8789699695321027,0.9342802155594472,0.9600743939636261,0.35426660883426847,0.22917953494893378,9.994374179226636,0.3910714900996431,1.5458038559734697,0.7248191730517548,28.6129708241332,0.6548009315310364,0.6716467745293665,0.7013211472900301
0.405,0.9970446192296097,1.123192448001935,0.739085502936495,0.7526689701428156,6.348803570743238,0.3777005039473708,0.9819529331682915,0.9689359763790782,13.40758493964538,0.8774447172752191,0.9328649089570169,0.9588734302206798,0.3574797445727712,0.23124167802124668,9.995086233888141,0.39109225471922493,1.5459139876156998,0.7278587865132484,28.606597767309545,0.6576549465084468,0.6744590444459498,0.7041939518606473
0.40750000000000003,0.9970225408369456,1.1245378726051325,0.7367096678442412,0.7503703256882716,6.347781025073144,0.37783771154426055,0.9817947786894422,0.9678817137131993,13.411334269360715,0.875914882053475,0.9314420394707665,0.957661840597626,0.36069124296495314,0.23330259495505046,9.995792859014127,0.3911143289783454,1.5460232794857947,0.7308402145168673,28.598647225533888,0.6604932754307664,0.6772522915673614,0.707043138615056
0.41000000000000003,0.9970003937661117,1.125886761871682,0.7343340554780828,0.7480712465075383,6.346757808607121,0.3779753361531608,0.9816365204603316,0.9668831507220723,13.41590666384845,0.8743805374049846,0.9300116731503574,0.9564396843915155,0.3639009404451623,0.23536218248728885,9.996494100940481,0.3911376901923759,1.5461317387504059,0.7337634740029912,28.58913747935754,0.6633159718073925,0.6800265739628468,0.7098688109142731
0.41250000000000003,0.9969781776691823,1.1272390463956765,0.7319587832025738,0.7457718465201737,6.34573396151115,0.378113357480877,0.9814781646933272,0.9659223323102826,13.421055332328107,0.8728417563053715,0.9285738757004806,0.9552070215035813,0.36710867600590474,0.2374203388624739,9.997190011622951,0.39116231603715074,1.5462393734453936,0.7366285951697281,28.578086813776075,0.666123089486061,0.6827819515602648,0.7126710759694264
0.41500000000000004,0.9969558921993175,1.1285946571564918,0.7295839669020064,0.7434722382951465,6.344709523726679,0.37825175515510856,0.9813197175660692,0.964944395163037,13.426018604573542,0.8712986111763175,0.9271287124945223,0.9539639124112627,0.3703142911709354,0.23947696381015632,9.99788064856772,0.39118818457112,1.54634619246509,0.7394356212062232,28.565513514324984,0.6689146826405946,0.6855184860668461,0.7154500446637485
0.4175,0.9969335370107504,1.1299535255280366,0.7272097209998513,0.7411725330677873,6.343684534983379,0.3783905087307524,0.9811611852234423,0.9639494918922435,13.430797136736867,0.8697511738942312,0.9256762485881079,0.9527104181412034,0.37351762996806853,0.24153195852242884,9.998566074758516,0.39121527425621483,1.5464522055510237,0.7421846080347241,28.551435863518247,0.6716908057591395,0.6882362408900345,0.7182058313733116
0.42,0.9969111117587758,1.131315583287766,0.7248361584783233,0.7388728407568671,6.342659034812158,0.37852959769613376,0.9810025737795892,0.9629377754202356,13.435391594314384,0.8681995157990497,0.9242165487325115,0.9514466002432133,0.3767185389017081,0.2435852256314718,9.999246358580102,0.3912435639773991,1.5465574232800887,0.7448756240615252,28.53587213762202,0.6744515136263108,0.6909352810585625,0.7209385537867963
0.4225,0.9968886160997359,1.1326807626254383,0.7224633908980533,0.7365732699817864,6.341633062558385,0.37866900147915966,0.9808438893199559,0.961909398952528,13.439802651870032,0.8666437077031238,0.9227496773879339,0.9501725207651847,0.3799168669250946,0.2456366691871481,9.999921573738034,0.3912730330608852,1.5466618570521313,0.7475087499368732,28.518840603755308,0.6771968612973833,0.6936156731439055,0.7236483327245748
0.425,0.9968660496910079,1.1340489961516178,0.7200915284178409,0.7342739280798504,6.340606657395361,0.378808699453391,0.9806851379033747,0.9608645159505588,13.444030992753786,0.8650838199000892,0.9212756987366335,0.9488882422289489,0.3831124654122659,0.2476861946346569,10.000591799174503,0.39130366129099103,1.5467655190769352,0.7500840783238821,28.500359517308002,0.6799269040675842,0.696277485182258,0.726335291957401
0.4275,0.9968434121909897,1.1354202169059078,0.7177206798144709,0.7319749211236158,6.339579858338003,0.37894867094402923,0.9805263255641817,0.9598032801044376,13.448077308815249,0.863519922173809,0.9197946766959078,0.9475938276070583,0.38630518812972836,0.249733708792251,10.00125711898021,0.39133542892562323,1.54686842236059,0.75260171367646,28.4804471196665,0.6826416974414908,0.6989207865971538,0.728999558024986
0.43,0.9968207032590858,1.1367943583649096,0.7153509525025721,0.7296763539382873,6.3385527042567436,0.3790888952338127,0.9803674583143653,0.9587258453056837,13.451942300112364,0.8619520838074347,0.9183066749309186,0.946289340300483,0.38949489120783454,0.25177911982902473,10.001917622302186,0.39136831671036754,1.5469705806912353,0.7550617720262192,28.45912163623588,0.685341297105685,0.7015456481228625,0.7316412600547416
0.4325,0.9967979225556941,1.1381713544498913,0.7129824525544982,0.7273783301191477,6.337525233891629,0.3792293515688203,0.9802085421457478,0.957632365619974,13.455626674615528,0.8603803735925465,0.916811756867357,0.9449748441172046,0.3926814331118625,0.2538223372427783,10.00257340324742,0.3914023058911782,1.547072008624154,0.7574643807783011,28.43640127474712,0.688025758904845,0.7041521417286736,0.7342605295809688
0.435,0.9967750697421901,1.1395511395341573,0.710615284720213,0.7250809520490026,6.336497485866618,0.37937001916417856,0.9800495830321964,0.9565229952598874,13.45913114790703,0.8588048598383349,0.9153099857039413,0.943650403251695,0.3958646746127933,0.2558632718379611,10.00322456078239,0.39143737822565233,1.5471727214662345,0.7598096785160005,28.412304223836866,0.6906951388206442,0.7067403405441728,0.736857500364761
0.4375,0.9967521444809123,1.1409336484501091,0.7082495524471588,0.722784320915624,6.335469498704063,0.37951087720966753,0.979890586931863,0.9553978885576623,13.462456442876078,0.8572256103807978,0.9138014244247439,0.9423160822652612,0.39904447875777993,0.25790183570370073,10.003871198628312,0.3914735159928868,1.5472727352597666,0.7620978148140476,28.38684865188669,0.6933494929524258,0.7093103187856169,0.7394323082148989
0.44,0.9967291464351479,1.142318816495982,0.7058853579000948,0.7204885367291746,6.334441310839374,0.37965190487522393,0.9797315597894528,0.9542571999379624,13.465603289409438,0.8556426925919308,0.9122861358113423,0.9409719460672389,0.4022207108403036,0.25993794219191807,10.004513425152188,0.3915107020019107,1.547372066765593,0.7643289500603613,28.36005270610796,0.6959888774990639,0.7118621516834928,0.7419850908099921
0.4425,0.9967060752691167,1.1437065794422592,0.7035228019808815,0.7181936983395988,6.333412960635842,0.37979308131633766,0.979572507538516,0.9531010838906554,13.468572424077792,0.8540561733889142,0.9107641824547923,0.9396180598970252,0.4053932383700111,0.2619715058955327,10.005151353253678,0.39154891959869564,1.5474707334456106,0.7665032552860475,28.331934511857895,0.6986133487418598,0.7143959154113457,0.7445159875221291
0.445,0.9966829306479562,1.1450968735377458,0.7011619843482007,0.7158999034539629,6.332384486399626,0.37993438567933896,0.9794134361037665,0.9519296949436052,13.471364589817904,0.8524661192432905,0.9092356267674148,0.9382544893069227,0.4085619310422268,0.2640024426267587,10.005785100247724,0.3915881526717441,1.547568753444616,0.7686209120033902,28.302512172171628,0.701222963027876,0.716911687015954,0.7470251392422951
0.4475,0.9966597122377059,1.146489635515317,0.6988030034371903,0.7136072486537297,6.331355926394896,0.3800757971065732,0.9792543514034243,0.950743187635487,13.473980535610803,0.8508725961901457,0.9077005309943967,0.9368813001457845,0.4117266607071333,0.2660306693954933,10.00641478774306,0.3916283856562646,1.547666145571516,0.7706821120515405,28.271803767494728,0.703817776754648,0.7194095443489146,0.7495126882077954
0.45,0.996636419705292,1.1478848025973298,0.6964459564789792,0.7113158294119548,6.330327318859102,0.3802172947414608,0.9790952593515759,0.9495417164886198,13.476421016155898,0.8492756698372868,0.9061589572252009,0.9354985585434412,0.414887301338613,0.2680561043877955,10.007040541516611,0.3916696035369404,1.5477629292799002,0.7726870574495768,28.239827355599964,0.7063978463596022,0.7218895659997006,0.7519787778319328
0.4525,0.9966130527185106,1.1492823125007192,0.6940909395201075,0.7090257401103865,6.329298702018388,0.3803588577334398,0.9789361658605596,0.9483254359818176,13.478686791541245,0.8476754053744158,0.9046109674047806,0.9341063308958866,0.41804372900274417,0.2700786669444562,10.007662491383899,0.3917117918493059,1.5478591246479978,0.77463596025658,28.206600971671875,0.7089632283152665,0.7243518312302409,0.7544235525361705
0.455,0.9965896109460138,1.1506821034417773,0.6917380474418158,0.7067370740564604,6.328270114103113,0.38050046524278897,0.9787770768433659,0.9470945005232704,13.48077862691002,0.8460718675822846,0.9030566233445951,0.9327046838512097,0.42119582182594256,0.27209827753965693,10.008280771065465,0.39175493667974587,1.547954752358017,0.7765290424383432,28.17214262854209,0.711513979126914,0.7267964199110702,0.7568471575850123
0.4575,0.9965660940572922,1.1520841141406462,0.6893873739791897,0.704449923500169,6.327241593363498,0.3806420964453275,0.9786179982160568,0.9458490644234449,13.482697292123278,0.8444651208418249,0.9014959867334227,0.931293684296248,0.4243434599627433,0.27411485775971356,10.008895518049505,0.3917990246641376,1.5480498336748993,0.7783665357402964,28.13647031705839,0.7140501553300707,0.7292234124590831,0.7592497389238178
0.46,0.9965425017226599,1.1534882838255331,0.6870390117401451,0.7021643796507989,6.326213178085364,0.3807837305369906,0.9784589359002006,0.9445892818680078,13.484443561418978,0.8428552291432391,0.8999291191479689,0.9298733993439441,0.42748652556321226,0.2761283302819037,10.00950687345078,0.3918440429851575,1.5481443904244983,0.7803295569284264,28.106116823310774,0.7165718134874528,0.7316328897769225,0.76163144301977
0.4625,0.9965188336132391,1.1548945522366747,0.6846930522242413,0.6998805326935202,6.325184906605969,0.38092534673827805,0.9782998958253212,0.943315306890779,13.486018213067528,0.8412422560950513,0.8983560820632639,0.9284438963213891,0.43062490273998344,0.2781386188533728,10.01011498186594,0.39188997936827846,1.5482384449712008,0.7830786283328383,28.104727690600672,0.7190790101855149,0.7340249331940331,0.7639924167062061
0.465,0.9964950894009441,1.1563028596300666,0.682349585841304,0.6975984718058139,6.324156817329917,0.3810669242985721,0.978140883931359,0.9420272933467057,13.487422029023733,0.8396262649331192,0.8967769368628452,0.9270052427585266,0.4337584775349131,0.2801456482701148,10.010719991225463,0.39193682207648595,1.5483320201950297,0.7858040650662311,28.10303575258432,0.721571802031744,0.7363996244093878,0.7663328070304992
0.4675,0.9964712687584649,1.1577131467809831,0.6800087019298557,0.6953182851737301,6.323128948745153,0.38120844250032415,0.9779819061711442,0.940725394884861,13.488655794575315,0.8380073185296315,0.8951917448487243,0.9255575063775012,0.43688713788534667,0.282149344356024,10.0113220526423,0.3919845599037459,1.5484251394682318,0.7884724127548747,28.099850122874177,0.7240502456511503,0.7387570454359123,0.7686527611057047
0.47000000000000003,0.996447371359253,1.159125354987302,0.6776704887753291,0.6930400600079616,6.322101339439011,0.3813498806631067,0.9778229685128793,0.9394097649214661,13.489720297987986,0.8363854794021388,0.893600567251131,0.924100755082633,0.44001077358999424,0.28414963394201254,10.011921320257509,0.39203318216725724,1.5485178266314037,0.7910836270680693,28.095182967853056,0.7265143976770391,0.7410972785466032,0.7709524259661332
0.47250000000000003,0.9964233968775049,1.1605394260726405,0.6753350336280599,0.6907638825597244,6.321074028114315,0.3814912181475278,0.9776640769426296,0.9380805566129417,13.490616330147247,0.834760809722601,0.8920034652380332,0.922635056950992,0.4431292762744113,0.286146444845191,10.012517951082978,0.39208267869852637,1.5486101059691655,0.7936376745758806,28.089046529538273,0.7289643147366655,0.7434204062223558,0.7732319484270453
0.47500000000000003,0.9963993449881484,1.161955302389319,0.6730024227210476,0.688489838136435,6.320047053605517,0.38163243435900635,0.9775052374668187,0.9367379228289784,13.491344684196848,0.8331333713261774,0.89040049992443,0.9211604802235628,0.44624253935608554,0.2881397058481064,10.013112104841575,0.3921330398333041,1.5487020021854379,0.7961345327779644,28.081453128539316,0.73140005343686,0.7457265111014874,0.775491474948623
0.47750000000000004,0.9963752153668246,1.1633729268211415,0.6706727412874712,0.6862180111171752,6.319020454894884,0.3817735087514062,0.9773464561147324,0.9353820161256401,13.491906155174103,0.8315032257196937,0.8887917323814132,0.9196770932969743,0.4493504580091291,0.2901293466780361,10.01370394380483,0.392184256400424,1.548793540378336,0.7985741901382769,28.07241516712337,0.7338216703530406,0.7480156759309616,0.7777311515043877
0.48,0.9963510076898764,1.1647922427859911,0.6683460735779555,0.6839484849679373,6.317994271128676,0.38191442083052535,0.977187738941021,0.9340129887184986,13.492301539642066,0.8298704340900701,0.8871772236449984,0.9181849647157821,0.4524529291285811,0.2921152979863328,10.014293632628512,0.39223631970958717,1.5488847460147395,0.8009566461250981,28.061945132368702,0.7362292220233181,0.7502879835193011,0.7799511234542079
0.4825,0.9963267216343306,1.1662131942382221,0.6660225028775761,0.6816813422566419,6.3169685416333605,0.38205515015744024,0.9770290920282068,0.9326309924558005,13.49253163531871,0.8282350573127915,0.8855570347247255,0.9166841631652876,0.45554985129432557,0.29409749132781976,10.014881338186317,0.3922892215381378,1.548975644904569,0.8032819112557744,28.05005559938581,0.7386227649445749,0.7525435166911725,0.7821515354220396
0.485,0.9963023568778863,1.16763572567083,0.663702111522603,0.6794166646679255,6.315943305931817,0.38219567635170154,0.9768705214891907,0.9312361787916852,13.492597240703285,0.8265971559603521,0.8839312266120241,0.9151747574648802,0.4586411247346317,0.29607585914023254,10.015467229401926,0.39234295411687486,1.5490662631748107,0.8055500071455742,28.036759234586313,0.7410023555652527,0.754782358243636,0.7843325311785283
0.4875,0.9962779130988983,1.1690597821173734,0.6613849809169713,0.6771545330176906,6.31491860375952,0.38233597909438194,0.9767120334697554,0.9298286987594524,13.492499154699917,0.8249567903106433,0.8822998602883564,0.9136568165618942,0.4617266512893262,0.29805033472370784,10.016051477079726,0.39239751011494783,1.5491566272433348,0.8077609665600278,28.022068798979422,0.7433680502741347,0.7570045909040363,0.7864942535285978
0.49,0.9962533899763664,1.1704853091536207,0.6590711915484819,0.6748950272674185,6.313894475080726,0.3824760381309739,0.9765536341510684,0.9284087029448987,13.492238176238697,0.8233140203552606,0.8806629967331323,0.912130409525973,0.4648063343726085,0.3000208522203154,10.016634253734518,0.39245288262388534,1.5492467637925567,0.8099148334701034,28.005997151475857,0.7457199053881343,0.7592102972895118,0.7886368442041211
0.4925,0.9962287871899196,1.1719122528988937,0.6567608230047278,0.6726382265382428,6.312870960104608,0.3826158332741374,0.9763953297521778,0.9269763414597392,13.491815103894517,0.8216689058077203,0.8790206969314077,0.9105956055439314,0.4678800789355192,0.3019873465936334,10.017215733420452,0.39250906514080486,1.5493366997429792,0.8120116631095718,27.9885572521794,0.7480579771416249,0.7613995598681007,0.7907604437617847
0.495,0.9962041044198057,1.1733405600170876,0.6544539539887468,0.6703842091247861,6.311848099301367,0.382755344406298,0.9762371265325044,0.9255317639151297,13.491230735503812,0.8200215061115642,0.8773730218813748,0.9090524739151192,0.47094779142807647,0.30394975360836585,10.017796091559509,0.39256605155085467,1.5494264622266638,0.8140515220338834,27.96976216564607,0.75038232168247,0.7635724609214137,0.792865191486216
0.4975,0.9961793413468784,1.174770177717342,0.6521506623344026,0.6681330525087591,6.310825933418281,0.38289455148209744,0.9760790307943238,0.9240751193953198,13.490485867779626,0.8183718804483457,0.8757200326016542,0.9075010840472894,0.47400937976109014,0.3059080098099979,10.018375504769843,0.39262383610893875,1.5495160785606807,0.8160344881798797,27.9496250640913,0.7526929950797995,0.7657290825088403,0.7949512252984511
0.5,0.9961544976525878,1.1762010537543666,0.6498510250214984,0.6658848333723287,6.30980450349572,0.38303343453069694,0.9759210488852431,0.9226065564314563,13.489581295925294,0.8167200877455166,0.8740617901384018,0.9059415054529667,0.47706475326766884,0.30786205250448967,10.018954150694226,0.3926824134207761,1.5496055762205756,0.8179606509256504,27.928159230525512,0.7549900533191705,0.7678695064332541,0.7970186816697946
0.5025000000000001,0.9961295730189688,1.1776331364284074,0.6475551181906256,0.6636396276112592,6.308783850883083,0.38317197365793754,0.9757631872006662,0.9211262229755699,13.48851781324711,0.815066186684249,0.8723983555722469,0.9043738077463357,0.48011382266442887,0.3098118197380034,10.019532207828926,0.39274177842334695,1.5496949828139017,0.8198301111498387,27.905378061798896,0.7572735522724581,0.7699938142081793,0.7990676955411141
0.505,0.9961045671286343,1.1790663745848866,0.6452630171577561,0.6613975103478331,6.307764017254661,0.3833101490483608,0.9756054521862476,0.919634266374784,13.487296210766491,0.813410235707201,0.8707297900250798,0.9027980606406543,0.4831565000124188,0.3117572502766602,10.020109855353278,0.3928019263647806,1.549784326053861,0.8216429812896853,27.881295071536066,0.7595435476723039,0.772102087026369,0.8010984002475917
0.5075000000000001,0.9960794796647654,1.1805007176137308,0.642974796428584,0.6591585559435581,6.306745044625444,0.38344794096709456,0.9754478503403362,0.9181308333457744,13.485917276832074,0.8117522930262447,0.8690561546667058,0.9012143339462063,0.48619269867776893,0.3136982835863223,10.020687272960249,0.3928628527837371,1.5498736337330972,0.8233993853971032,27.855923892942005,0.7618000950970014,0.7741944057297571,0.8031109274489453
0.51,0.9960543103111065,1.1819361154484427,0.640690529712624,0.6569228380116698,6.305726975366823,0.3835853297616097,0.9752903882164049,0.9166160699495245,13.484381796732215,0.8100924166301486,0.8673775107213932,0.899622697568815,0.48922233329207293,0.315634859812395,10.021264640688177,0.39292455348833966,1.5499629336976712,0.8250994591920695,27.829278281460414,0.7640432499598365,0.776270850780726,0.8051054070651128
0.5125,0.9960290587519585,1.1833725185649697,0.6384102899370748,0.6546904294294369,6.304709852222211,0.3837222958633539,0.9751330724254664,0.9150901215664193,13.482690552308568,0.808430664292219,0.865693919474332,0.8980232215089324,0.49224531971251423,0.31756691975964085,10.021842138754101,0.3929870245347121,1.5500522538212842,0.8267730272232912,27.802370086463714,0.7662730674995228,0.7783315022346341,0.8070819672173716
0.515,0.9960037246721756,1.1848098779804426,0.6361341492604583,0.6524614023502793,6.303693718322573,0.38385881978927106,0.9749759096384746,0.9135531328717162,13.480844321571222,0.8067670935779083,0.8640054422780328,0.8964159758613286,0.49526157498174106,0.31949440487200187,10.022419947388748,0.3930502622051802,1.5501416219797537,0.828437793449222,27.77579268171195,0.7684896027713208,0.7803764397135544,0.8090407341748642
0.5175,0.9959783077571609,1.1862481452518605,0.6338621790860391,0.6502358282157062,6.302678617201844,0.38399488214321315,0.9748189065887101,0.9120052478114461,13.478843878316063,0.8051017618523937,0.8623121405586891,0.8948010308154021,0.4982710172875019,0.32141725721242004,10.022998246673573,0.3931142629861925,1.5502310660258098,0.8300536607270819,27.74820020974487,0.7706929106553811,0.7824057423811522,0.8109818323064653
0.52,0.9959528076928666,1.187687272474813,0.6315944500750357,0.6480137777670848,6.301664592812239,0.3841304636172545,0.9746620700741477,0.9104466095787829,13.476689991745001,0.8034347262881396,0.8606140758225326,0.8931784566561385,0.5012735659220475,0.3233354194426517,10.02357721638001,0.3931790235460191,1.5503206137642327,0.8316207991147091,27.7196047403374,0.7728830458483607,0.7844194889186463,0.812905384037924
0.5225,0.9959272241657908,1.1891272122823269,0.6293310321596299,0.6457953210572446,6.300651689539456,0.38426554499291815,0.9745054069598078,0.9088773605909353,13.4743834260897,0.8017660438724676,0.8589113096622005,0.8915483237657387,0.5042691412413112,0.3252488348030685,10.02415703581118,0.3932445407122875,1.5504102929273698,0.8331393896943737,27.690018494342397,0.7750600628198409,0.7864177575017861,0.8148115098141987
0.525,0.9959015568629793,1.190567917843914,0.6270719945557823,0.6435805274619288,6.299639952217734,0.3844001071423226,0.9743489241800856,0.9072976424666026,13.471924940239488,0.8000957714151709,0.8572039037631525,0.8899107026259429,0.5072576646238788,0.3271574470924396,10.024737883646335,0.3933108114494133,1.5505001311510758,0.8346096246048599,27.659453844719053,0.7772240157844883,0.7884006257787787,0.8167003280668745
0.5275,0.9958758054720253,1.1920093428649123,0.6248174057758582,0.6413694656910949,6.298629426144798,0.38453413102926187,0.974192628741062,0.905707596004041,13.469315287374124,0.7984239655561033,0.8554919199101525,0.8882656638210763,0.5102390584297627,0.3290612006476936,10.025319937788165,0.393377832835984,1.5505901559510975,0.8360317070621481,27.62792331718501,0.7793749586842416,0.7903681708490994,0.8185719551865572
0.53,0.9958499696810713,1.1934514415861652,0.6225673336410734,0.639162203800074,6.297620157096662,0.38466759771022757,0.9740365277227947,0.904107361159785,13.466555214602074,0.7967506827727093,0.8537754199938452,0.8866132780418363,0.5132132459589984,0.33096004032365517,10.025903375213332,0.3934456020421534,1.5506803946999546,0.8374058513680331,27.595439590479707,0.7815129451739681,0.7923204692431219,0.8204265055001078
0.5325,0.995824049178812,1.1948941687840997,0.6203218452937601,0.6369588092005941,6.296612191342252,0.38480048833538355,0.9738806282815775,0.9024970770280729,13.463645462605008,0.7950759793876068,0.8520544660174575,0.8849536160898532,0.5161801514100851,0.3328539114727585,10.026488371826343,0.3935141163071049,1.5507708746043394,0.8388693108785542,27.566518443327826,0.783638028606781,0.7942575969024978,0.8222640912525779
0.535,0.9957980436544958,1.1963374797712214,0.6180810072094632,0.6347593486716674,6.295605575657928,0.38493278414950455,0.9737249376521887,0.9008768818210036,13.460586765289095,0.793399911576232,0.8503291201036317,0.8832867488830324,0.5191396998382928,0.33474275992474023,10.027075102317017,0.3935833729166367,1.5508616226830723,0.8411178995607886,27.56392996677992,0.7857502620174787,0.7961796291612288,0.8240848225936944
0.5375,0.995771952797927,1.1977813303970262,0.6158448852088632,0.6325638883703526,6.294600357341767,0.3850644664928889,0.9735694631500986,0.899246912849485,13.457379849443873,0.7917225353745277,0.8485994445014352,0.8816127474617171,0.522091817113872,0.3366265319663149,10.027663740021849,0.3936533691809261,1.5509526657456576,0.8433144223322673,27.56009495791586,0.7878496981044241,0.798086640727361,0.8258888075687149
0.54,0.9957457762994701,1.1992256770493055,0.6136135444695369,0.6303724938423899,6.293596584227735,0.38519551680225517,0.9734142121736624,0.8976073065049902,13.454025434409134,0.7900439066866751,0.8468655015935446,0.8799316829956729,0.5250364298801907,0.33850517432084176,10.02825445678934,0.3937241024125216,1.5510440303714559,0.845458831507613,27.555020951531013,0.7899363892108172,0.79997870566525,0.8276761521134935
0.5425,0.9957195138500499,1.200670476655795,0.6113870495375547,0.6281852300327158,6.292594304699628,0.3853259166116331,0.9732591922062762,0.8959581982421716,13.450524231750615,0.7883640812928707,0.845127353903641,0.8782436267919255,0.5279734655118452,0.3403786341279912,10.028847422849692,0.3937955699046167,1.5511357428895305,0.8475510938804934,27.548715772147556,0.7920103873072435,0.8018558973783286,0.8294469600535499
0.545,0.9956931651411551,1.2021156866860832,0.6091654643389185,0.6260021612958583,6.291593567704853,0.3854556475532573,0.9731044108185076,0.89429972256236,13.446876944944915,0.7866831148571496,0.8433850641040238,0.8765486503034602,0.5309028520727758,0.3422468589234216,10.02944280668894,0.3938677689096496,1.551227829359177,0.8495911908873213,27.54118753691755,0.7940717439829871,0.8037182885923296,0.8312013331069544
0.5475,0.9956667298648405,1.203561265153691,0.6069488521908454,0.6238233514062209,6.290594422767973,0.3855846913584743,0.9729498756701923,0.8926320129979793,13.443084269074323,0.7850010629352511,0.8416386950234658,0.8748468251388036,0.5338245182744383,0.34410979661848085,10.03004077492782,0.3939406966182764,1.551320315551192,0.8515791187561371,27.532444658058637,0.7961205104447139,0.805565951338901,0.8329393708908122
0.55,0.9956402077137257,1.2050071706181937,0.6047372758129012,0.6216488635682531,6.289596920004096,0.3857130298586703,0.9727955945125036,0.8909552020979028,13.439146890531921,0.7833179809825404,0.8398883096553191,0.8731382230724933,0.5367383934340719,0.34596739547994404,10.030641492205563,0.3940143501387604,1.551413226929897,0.8535148886398769,27.522495844806503,0.7981567374877164,0.8073989569395611,0.8346611709311313
0.5525,0.9956135983809982,1.2064533621872646,0.602530797337987,0.6194787604265187,6.288601110131998,0.38584064498622933,0.9726415751899826,0.8892694214137841,13.435065486737562,0.7816339243619874,0.8381339711658948,0.8714229160564584,0.5396444074331085,0.34781960410980295,10.031245121068784,0.3940887264768167,1.551506588635954,0.8553985267332521,27.511350104869404,0.8001804754644377,0.8092173759899421,0.836366828675841
0.555,0.9955869015604121,1.2078997995184937,0.6003294783231896,0.6173131040756626,6.287607044487079,0.38596751877552854,0.9724878256425422,0.8875748014873728,13.430840725865117,0.7799489483522077,0.8363757429031176,0.8697009762323067,0.5425424906757715,0.3496663714251214,10.03185182186571,0.39416382251595206,1.551600425470006,0.8572300743724992,27.499016745370906,0.8021917742706083,0.811021278344261,0.838056437510726
0.5575,0.9955601169462883,1.2093464428208487,0.5981333797604956,0.6151519560702867,6.2866147750340735,0.38609363336398006,0.9723343539074326,0.8858714718388504,13.426473266581391,0.7782631081555683,0.8346136884054798,0.867972475944543,0.5454325740479048,0.351507646637969,10.03246175264586,0.3942396349983345,1.5516947618771613,0.8590095881173135,27.48550537326888,0.8041906833300104,0.8128107330999665,0.8397300887780289
0.56,0.9955332442335141,1.210793252855645,0.5959425620873859,0.6129953774347388,6.285624354379562,0.3862189709931262,0.9721811681211767,0.8841595609561914,13.421963757797098,0.7765764589063617,0.8328478714112977,0.8662374877547134,0.5483145888760755,0.3533433792354474,10.033075069065404,0.39431616050622764,1.5517896219323546,0.8607371398142954,27.4708258952393,0.8061772515686596,0.8145858085825033,0.8413878717974624
0.5625,0.9955062831175414,1.2122401909369076,0.593757085197312,0.610843428672826,6.284635835784246,0.3863435140097965,0.972028276521469,0.8824391962855763,13.4173128384302,0.7748890556790545,0.8310783558682858,0.8644960844564882,0.5511884668869895,0.35517351895981825,10.033691924298283,0.39439339544402163,1.5518850293266009,0.8624128166412997,27.4549885170156,0.8081515273874498,0.8163465723301317,0.8430298738893809
0.5650000000000001,0.9954792332943859,1.2136872189310273,0.5915770084500686,0.6086961697774602,6.283649273175031,0.3864672448673338,0.9718756874490431,0.8807105042228637,13.412521137181962,0.7732009534966156,0.8293052059434558,0.8627483390916899,0.5540541401672525,0.3569980157887432,10.034312468953269,0.39447133602089185,1.551981007354167,0.8640367211321233,27.438003742175297,0.8101135586390357,0.8180930910787444,0.8446561803998278
0.5675,0.9954520944606263,1.2151342992556489,0.5894023906820736,0.606553660240246,6.28266472115687,0.38659014612689846,0.9717234093495056,0.8789736101061392,13.407589272325938,0.7715122073389317,0.8275284860333548,0.8609943249672655,0.5569115411235079,0.35881681991564235,10.034936850997012,0.39454997823411453,1.55207757890067,0.8656089711810122,27.419882370367404,0.812063392607006,0.8198254307466144,0.8462668747272056
0.5700000000000001,0.995424866313404,1.2165813948777435,0.5872332902165647,0.6044159590610241,6.281682235024416,0.38671220045885774,0.9715714507751364,0.8772286382093489,13.402517851510167,0.7698228721513252,0.8257482607746489,0.8592341156732123,0.5597606024429784,0.36062988173017513,10.035565215683214,0.3946293178530687,1.5521747664321222,0.8671297000265257,27.400635494975713,0.8140010759856767,0.8215436564190105,0.8478620383502794
0.5725,0.9953975485504216,1.21802846931088,0.585069764873726,0.6022831247573768,6.280701870773452,0.3868333906442697,0.9714198203866576,0.8754757117370298,13.397307471572807,0.7681330028531868,0.8239645950550638,0.8574677851014573,0.5626012570544291,0.3624371517988471,10.036197705487915,0.39470935040395105,1.552272591984922,0.8685990562143513,27.38027450021456,0.8159266548605147,0.8232478323326121,0.8494417508572502
0.5750000000000001,0.9953701408699448,1.2194754866117186,0.5829118719807571,0.6001552153741129,6.279723685112116,0.3869536995764708,0.9712685269549695,0.8737149528201443,13.391958718371404,0.7664426543467218,0.8221775540246914,0.855695407465695,0.56543343808957,0.3642385808457419,10.03683446005098,0.39479007115523135,1.552371077156804,0.8700172035387268,27.358811057655753,0.8178401746898816,0.8249380218596628,0.8510060899756209
0.5775,0.9953426429708041,1.2209224113758137,0.5807596683818973,0.5980322884927387,6.278747735471927,0.3870731102627755,0.9711175793628555,0.8719464825130316,13.386472166626037,0.7647518815257807,0.8203872031076738,0.8539170573221828,0.5682570788449087,0.3660341197333769,10.037475616123729,0.3948714751038736,1.5524702430987394,0.8713843209621869,27.336257122186613,0.8197416802919327,0.8266142874917928,0.8525551316025869
0.58,0.9953150545523958,1.2223692087328362,0.5786132104484133,0.5959144012409276,6.277774080018602,0.38719160582629747,0.9709669866066559,0.8701704207914785,13.380848379776491,0.7630607392847931,0.818593608014274,0.8521328095915034,0.5710721127440562,0.36782371944367936,10.03812130752268,0.39495355696234785,1.5525701105077805,0.8727006025134251,27.312624927401476,0.8216312158356371,0.8282766908234565,0.8540889498356987
0.5825,0.9952873753146867,1.2238158443413567,0.5764725540885669,0.5938016103020014,6.276802777662675,0.38730916950790334,0.9708167577979098,0.868386886551922,13.375087909853718,0.7613692825278487,0.8167968347533427,0.8503427395812881,0.5738784733004955,0.3696073310590792,10.03877166508938,0.3950363111464572,1.5526706996208492,0.8739662571631223,27.287926980430452,0.823508824821024,0.8299252925349265,0.8556076170035363
0.585,0.9952596049582195,1.2252622843833754,0.5743377547575668,0.5916939719244266,6.275833888069903,0.3874257846683077,0.9706669021649647,0.8665959976117911,13.3691912973658,0.7596775661779416,0.8149969496451932,0.8485469230099114,0.5766760940808066,0.37138490574371286,10.03942681665616,0.3951197317640005,1.55277203020944,0.8751815086776795,27.262176056211345,0.8253745500624246,0.8315601523747986,0.8571112036961738
0.5875,0.9952317431841187,1.2267084955587824,0.5722088674675173,0.5895915419313421,6.274867471671478,0.3875414347903193,0.9705174290545555,0.8647978707109961,13.36315907119862,0.7579856451863747,0.8131940193348927,0.8467454360311555,0.57946490866835,0.37315639472473455,10.040086887017724,0.3952038126042932,1.5528741215752244,0.8763465954508642,27.23538519121265,0.827228433673083,0.8331813291419701,0.8585997787952093
0.59,0.9952037896940976,1.2281544450799633,0.5700859467973701,0.5874943757301175,6.273903589674026,0.38765610348124957,0.9703683479333521,0.8629926215145716,13.356991748531536,0.7562935745423255,0.8113881108059819,0.8449383552598461,0.5822448506274043,0.37492174927373084,10.040751997908394,0.3952885471285638,1.5529769925465342,0.8774617703134594,27.20756767661744,0.8290705170397045,0.8347888806670654,0.8600734095031651
0.5925,0.9951757441904681,1.2296001006667643,0.5679690469028835,0.5854025283219546,6.272942304069373,0.3877697744754919,0.970219668389469,0.861180364616488,13.350689834768257,0.7546014092825739,0.8095792913946313,0.843125757798469,0.5850158534677559,0.3766809206882355,10.041422267984844,0.3953739284612433,1.5530806614756876,0.8785273003210905,27.178737050980065,0.830900840790541,0.8363828637932929,0.861532161372091
0.595,0.9951476063761496,1.2310454305420104,0.5658582215265944,0.5833160543115291,6.271983677644122,0.38788243163728076,0.9700714001339467,0.8593612135446297,13.344253823483324,0.7529092045013994,0.8077676288042396,0.841307721264758,0.5877778506097389,0.3784338602733455,10.042097812814077,0.39545994938216106,1.5531851462371329,0.8795434665204865,27.148907092369516,0.832719444765426,0.8379633343567379,0.8629760983312167
0.5975,0.9951193759546808,1.2324904034277773,0.5637535240078042,0.581235007916682,6.27102777398895,0.38799405896364025,0.9699235530021899,0.8575352807669582,13.337684196384295,0.7512170153606545,0.8059531911204894,0.8394843238202667,0.5905307753497245,0.38018051932343916,10.042778744866421,0.3955466023196593,1.553290464226363,0.8805105636945247,27.118091810015486,0.834526367987854,0.839530347166104,0.8644052827135414
0.6,0.9950910526302295,1.2339349885425643,0.5616550072925808,0.5791594429781546,6.270074657507703,0.38810464058752797,0.9697761369553736,0.8557026776988543,13.330981423290082,0.7495248971000189,0.8041360468268549,0.8376556441999149,0.5932745608260679,0.3819208491040019,10.043465173513354,0.3956338793446351,1.5533966323595798,0.8814289000864735,27.086305435474767,0.8363216486370503,0.8410839559819336,0.8658197752812643
0.6025,0.995062636107604,1.2353791555994977,0.5595627239437709,0.5770894129693696,6.269124393426198,0.38821416078118187,0.9696291620818056,0.8538635147116527,13.32414596212561,0.7478329050474365,0.8023162648205739,0.8358217617425091,0.5960091399855142,0.3836548008335691,10.044157205029808,0.3957217721655159,1.553503667074051,0.8822987971039573,27.05356241333798,0.8381053240203853,0.842624213495355,0.8672196352499981
0.605,0.9950341260922663,1.2368228748056376,0.5574767261510252,0.5750249710062567,6.268177047800756,0.38832260395967344,0.969482638598245,0.8520179011423659,13.317178258933097,0.7461410946297332,0.8004939144290807,0.8339827564222363,0.5987344455500819,0.3853823256657963,10.044854942600765,0.3958102721241729,1.5536115843291285,0.8831205890032264,27.01987739149794,0.8398774305473387,0.8441511713064167,0.8686049203117322
0.6075,0.9950055222903409,1.2382661168624136,0.5553970657408274,0.572966169857115,6.2672326875264535,0.3884299546846714,0.9693365768511795,0.8501659453045936,13.310078747900107,0.7444495213834145,0.7986690654268959,0.8321387088811152,0.6014504099844383,0.38710337467167544,10.04555848633185,0.39589937019277355,1.5537203996078899,0.883894622554397,26.985265211002925,0.8416380037055693,0.8456648799020738,0.8699756866565336
0.61,0.994976824408627,1.239708852967159,0.5533237941865246,0.5709130619525101,6.266291380345048,0.3885361976684152,0.9691909873180502,0.8483077545006145,13.30284785140462,0.7427582409656358,0.7968417880529736,0.8302897004623985,0.6041569654637906,0.3888178988219139,10.046267933263705,0.39598905697157194,1.5538301279193583,0.8846212566883978,26.949740895519323,0.8433870780390985,0.8471653886339214,0.8713319889930087
0.6125,0.9949480321546059,1.2411510548156515,0.5512569626183513,0.5688656993951988,6.265353194852594,0.38864131777789906,0.9690458806084308,0.8464434350346438,13.295485980077107,0.7410673091653411,0.7950121530284889,0.828435813244907,0.6068540438423241,0.3905258489695025,10.046983377389852,0.3960793226876353,1.5539407838012673,0.8853008621264209,26.913319640429595,0.8451246871277244,0.8486527456957501,0.8726738805675575
0.615,0.9949191452364519,1.242592694605524,0.5491966218334404,0.5668241339700764,6.26441820050668,0.3887453000392602,0.9689012674651454,0.844573092227254,13.287993532879812,0.7393767819145599,0.7931802315750587,0.8265771300782794,0.6095415766222181,0.3922271758324959,10.047704909677886,0.3961701571945004,1.5540523813233384,0.8864069117791272,26.890368659059263,0.846850863565847,0.8501269981010315,0.8740014131824768
0.6175,0.994890163363036,1.2440337450403343,0.5471428223058151,0.5647884171541356,6.263486467633356,0.388848129642367,0.9687571587653416,0.8426968304309144,13.280370897203017,0.737686715299854,0.7913460954333735,0.8247137346191027,0.6122194949232816,0.39392182997703734,10.048432618093742,0.3962615499727548,1.5541649340910337,0.8880379428559173,26.88378499465771,0.8485656389391486,0.8515881916604241,0.8753146372129744
0.62,0.9948610862439335,1.2454741793340693,0.5450956141963528,0.5627586001264367,6.262558067433632,0.3889497919455964,0.9686135655214942,0.8408147530466488,13.272618448978317,0.7359971655739059,0.7895098168822258,0.8228457113679073,0.6148877294532502,0.39560976180065677,10.04916658762887,0.3963534901315338,1.5542784552497597,0.8896202155603401,26.876132919322522,0.8502690437994961,0.8530363709593963,0.8766136016231723
0.6225,0.9948319135894261,1.2469139712157977,0.5430550473627189,0.5607347337780755,6.261633071989632,0.3890502724807903,0.9684704988823578,0.8389269625417594,13.264736552808635,0.7343081891672338,0.7876714687579005,0.8209731457069789,0.6175462104787903,0.3972909215158749,10.049906900330198,0.3964459664109241,1.5543929574895017,0.8911539165944574,26.86742401441575,0.8519611076413188,0.8544715793360583,0.8778983539811637
0.625,0.9948026451105045,1.2483530949341748,0.5410211713692603,0.5587168687221475,6.260711554270332,0.3891495569583754,0.9683279701338543,0.8370335604685888,13.25672556211471,0.732619842700041,0.7858311244739099,0.8190961239389573,0.6201948677972567,0.39896525913414677,10.050653635332665,0.39653896718526105,1.5545084530498543,0.8926392487453679,26.857670180167425,0.8536418588846167,0.8558938588592915,0.8791689404732095
0.6275000000000001,0.9947732805188686,1.2497915252615093,0.5389940354968572,0.5567050553037006,6.259793588136925,0.38924763127263245,0.9681859906999021,0.8351346474842803,13.24858581929777,0.7309321829942657,0.7839888580410318,0.8172147333261736,0.6228336307092498,0.40063272445017395,10.051406868894261,0.39663248046730665,1.5546249537254428,0.8940764305170765,26.846883623294186,0.8553113248569592,0.8573032503072466,0.8804254059171303
0.63,0.9947438195269259,1.2512292374970864,0.5369736887527277,0.5546993436096727,6.258879248347748,0.3893444815070949,0.9680445721431786,0.8332303233714878,13.240317655917899,0.7292452670856536,0.7821447440876275,0.8153290621306887,0.6254624279920177,0.40229326702661833,10.052166674433458,0.39672649391328985,1.554742470871711,0.8954656957423744,26.835076844217816,0.8569695317605764,0.8586997931462814,0.8816677937749551
0.6325000000000001,0.9947142618477905,1.2526662074694914,0.5349601798801875,0.5526997834788079,6.257968610562891,0.38944009394006024,0.9679037261658334,0.831320687059988,13.231921392887742,0.7275591522357507,0.7802988578801919,0.8134391996549692,0.6280811878737402,0.403946836179242,10.052933122568874,0.39682099482879013,1.5548610154110571,0.8968072931756487,26.822262623912312,0.8586165046403023,0.8600835255103877,0.8828961461648768
0.635,0.9946846071952785,1.2541024115377117,0.5329535573683561,0.5507064245115516,6.25706175134835,0.3895344550501929,0.9677634646101297,0.8294058366491521,13.223397340681018,0.725873895944068,0.7784512753441136,0.8115452362831741,0.6306898380087312,0.4055933809624967,10.053706281161165,0.3969159701754379,1.5549805978393125,0.8981014860675364,26.808454010407413,0.8602522673600251,0.8614544841811558,0.8841105038725392
0.6375000000000001,0.994654855283905,1.2555378265908541,0.5309538694618182,0.5487193160799201,6.256158748179873,0.3896275515222007,0.9676237994590401,0.8274858694312218,13.214745799555358,0.7241895559603292,0.7766020730845964,0.8096472635229787,0.633288305453582,0.40723285015558314,10.054486215356931,0.3970114065784048,1.5551012282325316,0.8993485517223692,26.793664304977042,0.861876842579505,0.8628127045683006,0.8853109063616855
0.64,0.9946250058288792,1.2569724300463976,0.5289611641702353,0.5467385073373411,6.255259679446447,0.3897193702525667,0.9674847428367852,0.8255608819153428,13.20596705978902,0.7225061902967626,0.7747513284077125,0.8077453740479024,0.6358765166442656,0.40886519224898915,10.055272987634648,0.3971072903346472,1.5552229162540985,0.9005487810393333,26.777907048040284,0.8634902517280587,0.8641582206907703,0.8864973917841621
0.6425,0.9945950585461014,1.258406199846968,0.5269754892779123,0.544764047228469,6.254364624453464,0.3898098983553199,0.9673463070093237,0.82363096985231,13.197061401930933,0.7208238572404232,0.7728991193415506,0.8058396617400831,0.638454397374205,0.41049035543151774,10.056066657852387,0.3972036074218638,1.5553456711621048,0.9017024780382961,26.761196004802635,0.8650925149776917,0.8654910651584439,0.8876699969892837
0.645,0.994565013152158,1.2598391144557288,0.524996892353321,0.5427959844989689,6.253473663425594,0.38989912316783193,0.9672085043847966,0.8216962282599811,13.188029097063769,0.7191426153655414,0.7710455246574239,0.8039302217334544,0.6410218727733019,0.4121082875778033,10.056867283297251,0.3973003435081203,1.555469501816998,0.9028099593712404,26.743545150664897,0.8666836512186257,0.8668112691544173,0.888828757532538
0.6475,0.9945348693643178,1.2612711528505598,0.5230254207585825,0.5408343677052717,6.252586877509401,0.3899870322566288,0.9670713475139319,0.8197567514493094,13.178870407079456,0.7174625235458885,0.7691906238911093,0.8020171504572755,0.6435788672879115,0.41371893623631156,10.057674918736359,0.39739748396208896,1.5555944166894657,0.9038715538202534,26.72496865642672,0.8682636780380962,0.8681188624178611,0.8899737076836058
0.65,0.99450462690053,1.2627022945172972,0.5210611216589099,0.5388792452242964,6.251704348775717,0.39007361342321234,0.9669348490904115,0.8178126330509657,13.169585584966967,0.7157836409671536,0.7673344973640821,0.8001005456799734,0.6461253046617336,0.41532224861781114,10.058489616469194,0.39749501386384256,1.5557204238685334,0.9048876017830209,26.705480873311704,0.8698326117023185,0.8694138732274367,0.8911048804336675
0.6525,0.994474285479421,1.264132519442375,0.519104042032014,0.5369306652631384,6.250826160221818,0.3901588547098891,0.9667990219512085,0.8158639660425019,13.16017487511192,0.7141060271393227,0.7654772262047222,0.7981805065532487,0.6486611079175912,0.41691817158430483,10.059311426381099,0.3975929180161413,1.5558475310698365,0.905858454746783,26.685096317840557,0.8713904671414251,0.8706963283852447,0.8922223075019678
0.655,0.9944438448202935,1.265561808105292,0.5171542286774663,0.5349886758687208,6.2499523957733825,0.39024274440560885,0.9666638790768891,0.8139108427760344,13.15063851360784,0.7124297419090486,0.7636188923694635,0.7962571336564102,0.6511861993400515,0.41850665163839745,10.060140395997779,0.3976911809561415,1.555975745644053,0.9067844747516975,26.663829656578454,0.872937257937215,0.8719662532012744,0.8933260193415975
0.6575,0.994413304643124,1.2669901414713656,0.5152117282260239,0.5330533249374019,6.249083140286319,0.3903252710518202,0.966529433591896,0.811953355006402,13.140976728578721,0.7107548454720042,0.7617595786638547,0.7943305290408871,0.6537005004588441,0.4200876349130836,10.060976570540497,0.39778978696745587,1.5561050745854377,0.9076660338445779,26.641695690782498,0.8744729963132435,0.8732236714783306,0.8944160451444693
0.66,0.9943826646685641,1.2684175009852718,0.5132765871489047,0.5311246602245314,6.248218479548415,0.3904064234483547,0.966395698764803,0.8099915939197698,13.131189740512776,0.7090813983852063,0.7598993687635107,0.7924007962748777,0.6562039320330372,0.42166106716193336,10.061819992981848,0.3978887200924909,1.5562355245404498,0.9085035135239499,26.618709340974526,0.8759976931263241,0.874468605497399,0.8954924128454548
0.6625,0.9943519246179353,1.2698438685658724,0.5113488517670043,0.5292027293539477,6.247358500280823,0.39048619065935236,0.9662626880085454,0.8080256501626508,13.121277762607026,0.7074094615792995,0.7580383472349213,0.7904680404880899,0.6586964140359256,0.4232268937496608,10.062670704101793,0.3979879641449889,1.55636710181642,0.90929730417739,26.59488563146423,0.8775113578593304,0.8757010760034291,0.8965551491256684
0.665,0.994321084213232,1.271269226602814,0.5094285682600476,0.5272875798273986,6.246503290139419,0.39056456201924733,0.9661304148806293,0.8060556138712968,13.111241001122584,0.7057390963707872,0.7561765995560811,0.7885323684165143,0.6611778656406021,0.4247850596430607,10.063528742543864,0.398087502722703,1.5564998123902432,0.9100478045120901,26.57023967484677,0.8790139986159025,0.8769211021915003,0.8976042794148776
0.6675,0.9942901431771137,1.2726935579553313,0.5075157826756517,0.5253792590338736,6.245652937715952,0.39064152713883105,0.9659988930833102,0.8040815747014314,13.101079655750244,0.7040703644741924,0.7543142121369159,0.7865938884471794,0.6636482052061923,0.4263355094023126,10.064394144871228,0.3981873192201403,1.5566336619170487,0.9107554209796035,26.544786656498523,0.8805056221145174,0.8781287016933662,0.8986398278930534
0.67,0.9942591012329032,1.2741168459536314,0.5056105409382836,0.5234778142588251,6.244807532539002,0.3907170759114117,0.9658681364637407,0.8021036218582713,13.090793919986048,0.7024033280141295,0.7524512723394511,0.7846527106628163,0.6661073502647491,0.4278781871726561,10.065266945622557,0.3982873968413107,1.5567686557388436,0.9114205671957101,26.518541819093866,0.8819862336735603,0.8793238905643571,0.8996618174910593
0.6725,0.9942279581045773,1.2755390744031256,0.5037128888580855,0.5215832926932534,6.243967165074699,0.3907911985190881,0.9657381590140817,0.800121844126789,13.080383981516409,0.7007380495372599,0.7505878684976829,0.7827089468863616,0.6685552175088327,0.42941303667645686,10.066147177367538,0.3983877186124345,1.5569047988930962,0.9120436633563428,26.49152044716515,0.8834558371848501,0.8805066832706584,0.900670269890526
0.675,0.9941967135167579,1.2769602275916838,0.5018228721395371,0.5196957414426302,6.243131926727141,0.3908638854391534,0.9656089748715672,0.7981363299021547,13.069850022612224,0.699074592024076,0.7487240899370915,0.7807627107252092,0.6709917227798111,0.4309400012056966,10.067034870761896,0.3984882673945635,1.557042096121248,0.9126251356505206,26.46373785172755,0.8849144350902624,0.8816770926769827,0.901665205522956
0.6775,0.9941653671946965,1.278380290299954,0.499940536389921,0.5178152075356262,6.242301909838445,0.39093512745063913,0.9654805983185123,0.7961471672202978,13.05919222053134,0.6974130189004836,0.746860026993737,0.778814117615117,0.6734167810569596,0.4324590236149367,10.067930054601927,0.3985890258960914,1.5571805518771473,0.913165415671221,26.43520935498958,0.8863620283649344,0.8828351300346894,0.9026466435681404
0.68,0.9941339188642564,1.2797992478146671,0.49806592712754993,0.5159417379326062,6.241477207688396,0.39100491564100914,0.9653530437822588,0.7941544437885033,13.048410747928662,0.69575339404916,0.7449957710328611,0.7768632848636563,0.6758303064474562,0.4339700463148199,10.068832755878482,0.398689976685135,1.5573201703353987,0.9136649398251487,26.405950275169985,0.8877986165040047,0.8839808049704236,0.9036146019520009
0.6825,0.9941023682518898,1.2812170859447183,0.4961990897897137,0.5140753795338537,6.240657914493554,0.3910732414130022,0.9652263258350369,0.7921582470159741,13.037505773273036,0.6940957818206491,0.7431314144669202,0.7749103316930845,0.6782322121774009,0.43547301126619453,10.06974299983041,0.39879110220178426,1.5574609553996293,0.914124148742361,26.375975911441223,0.8892241975119083,0.8851141254753798,0.9045690973439953
0.685,0.9940707150846096,1.2826337910396877,0.4943400697402963,0.5122161791874775,6.2398441254057815,0.3911400964916211,0.9651004591937375,0.7901586640442613,13.02647746127,0.6924402470441442,0.7412670507729537,0.7729553792825078,0.6806224105840147,0.43696785997496074,10.070660809997504,0.39889238477023303,1.5576029107106777,0.9145890811399287,26.346614970791748,0.890638767894503,0.8862350978953296,0.9055101451542745
0.6875,0.9940389590899564,1.2840493500103625,0.4924889122770147,0.510364183696958,6.239035936510074,0.3912054729312561,0.9649754587195772,0.7881557817774691,13.015325973289382,0.6907868550379053,0.7394027745091996,0.7709985508091914,0.6830008131092007,0.4384545334877516,10.07158620827301,0.39899380661081085,1.5577460396547151,0.9158464534949984,26.340490087048746,0.8920423226542826,0.887343726921594,0.9064377595308143
0.6900000000000001,0.9940070999959597,1.285463750350723,0.4906456626382242,0.5085194398282791,6.238233444821618,0.3912693631229265,0.9648513394176422,0.7861496869121398,13.004051467796723,0.6891356716192445,0.7375386813308487,0.7690399714888632,0.6853673302946688,0.4399329723885788,10.072519214955744,0.3990953498519513,1.5578903453713069,0.91705523158911,26.333339115557052,0.8934348552886838,0.8884400155831667,0.9073519533567939
0.6925,0.9939751375310952,1.2868769801607822,0.48881036600923644,0.506681994316597,6.23743674828195,0.3913317598016159,0.9647281164362954,0.784140465966712,12.992654100787405,0.687486763114021,0.7356748680048354,0.7670797686148498,0.6877218717788445,0.4414031167965803,10.073459848801935,0.39919699654213797,1.55803583076143,0.9182157452787618,26.325176326896194,0.8948163577914895,0.8895239652402435,0.9082527382485315
0.6950000000000001,0.9939430714242349,1.2882890281696306,0.48698306752809334,0.5048518938723922,6.236645945754169,0.3913926560536756,0.9646058050664352,0.7821282053104491,12.981134026222414,0.685840196365588,0.7338114324235522,0.7651180715958814,0.6900643462957928,0.4428649063650134,10.074408127076834,0.3992987286618762,1.558182498495456,0.9193283354981626,26.316016157257582,0.8961868206575065,0.8905955755794454,0.9091401245543433
0.6975,0.9939109014045953,1.2896998837580105,0.48516381229074185,0.5030291851870491,6.23586113701708,0.3914520453242616,0.9644844207405896,0.780112991191738,12.969491396464683,0.6841960387431324,0.7319484736173768,0.763155011992387,0.6923946616763937,0.44431828028164533,10.075364065606196,0.3994005281357424,1.5583303510211133,0.9203933536636905,26.305873191811838,0.8975462328909589,0.891654844611048,0.9100141213547231
0.7000000000000001,0.9938786272016801,1.2911095369797498,0.4833526453555549,0.5012139149378131,6.235082422758222,0.39150992142477176,0.9643639790318386,0.7780949097656513,12.95772636271496,0.68255435814934,0.7300860917659034,0.7611907235511133,0.6947127248520026,0.4457631772706834,10.07632767882769,0.39950237684456263,1.5584793905714383,0.921411161073256,26.294762148070514,0.8988945820178013,0.8927017686685644,0.910874736464276
0.7025,0.9938462485452191,1.2925179785814356,0.48154961174714467,0.4994061297920682,6.2343099045657,0.39156627854024684,0.9642444956525498,0.7760740471206798,12.945839075446253,0.6809152230273289,0.7282243882077627,0.7592253422378837,0.6970184418608216,0.447199535596391,10.077298979842281,0.39960425663776794,1.5586296191727234,0.9223821283018498,26.282697859270794,0.9002318541015893,0.8937363424110344,0.9117219764358745
0.705,0.9938137651651064,1.2939252000197463,0.479754756459418,0.497605876410888,6.233543684918758,0.3916211112366989,0.9641259864529215,0.7740504893045445,12.933829684836018,0.6792787023667884,0.7263634654489326,0.7572590062683342,0.6993117178571934,0.44862729306851784,10.0782779804657,0.39970614934597054,1.558781038652477,0.9233066345945812,26.26969525781332,0.901558033760627,0.894758558828393,0.9125558465675128
0.7075,0.9937811767913339,1.295331193475953,0.4779681244578295,0.4958132014518083,6.232783867177102,0.3916744144683338,0.9640084674193306,0.7720243223489935,12.921698341195214,0.677644865709262,0.7245034271694333,0.7552918561364421,0.7015924571239999,0.45004638704966426,10.079264691279928,0.3998080367937925,1.5589336506473865,0.924185067258591,26.25576935878463,0.9028731041817115,0.8957684092502785,0.9133763509123463
0.71,0.9937484831539262,1.2967359518672077,0.4761897606807862,0.4940281515707782,6.232030555568878,0.3917261835846359,0.9638919546724731,0.7699956322935223,12.909445195393682,0.6760137831525056,0.7226443782283181,0.7533240346406942,0.7038605630883287,0.4514567544646774,10.080259121684836,0.3999099008129705,1.5590874566113058,0.9250178210552128,26.240935243596525,0.9041770471301915,0.8967658833586236,0.9141834922923926
0.7125,0.9937156839828731,1.2981394688543209,0.4744197100401729,0.49225077342324874,6.231283855177384,0.39177641433729093,0.9637764644653097,0.7679645052079281,12.897070399281247,0.674385525353861,0.7207864246668712,0.7513556869077226,0.7061159383405293,0.4528583318121567,10.081261279949958,0.4000117232557437,1.5592424578232615,0.9258052975937838,26.225208043775314,0.9054698429622087,0.8977509692043555,0.9149772723163461
0.715,0.9936827790080653,1.2995417388458899,0.4726580174209601,0.4904811136643615,6.230543871926438,0.3918251028869242,0.9636620131808014,0.765931027213663,12.884574106104138,0.6727601635326,0.7189296737099395,0.7493869604132654,0.7083584846567442,0.4542510551781207,10.082271173266442,0.4001134860085206,1.5593986553954904,0.9265479047284911,26.208602924934,0.9067514706406226,0.8987236532284721,0.9157576914019153
0.7175,0.9936497679592274,1.3009427569987282,0.4709047276798782,0.4887192189482089,6.229810712564502,0.39187224580964364,0.9635486173294555,0.7638952845039202,12.871956470916498,0.6711377694712115,0.7170742337653332,0.7474180050003002,0.7105881030249589,0.4556348602518604,10.083288807799239,0.40021517100580317,1.5595560502815093,0.9272460559596049,26.191135070960126,0.9080219077476096,0.8996839202877227,0.9165247488030482
0.72,0.9936166505658567,1.3023425192146973,0.4691598856431351,0.48696513592614177,6.229084484647557,0.39191784010338193,0.9634362935466755,0.76185736336243,12.859217650986839,0.6695184155156005,0.7152202144212373,0.7454489728942238,0.7128046936745699,0.45700968234397354,10.084314188739564,0.40031676024433216,1.55971464328423,0.9279001698403969,26.172819668450934,0.9092811304922146,0.9006317536850454,0.9172784426423297
0.7225,0.9935834265571607,1.3037410221341443,0.46742353610317106,0.48521891124410654,6.228365296520792,0.39196188319403935,0.9633250585899301,0.7598173501809432,12.846357806199519,0.6679021745741739,0.7133677264416006,0.7434800187149511,0.7150081561094225,0.45837545640654354,10.085347320357766,0.400418235797405,1.5598744350641358,0.9285106693909553,26.15367189142588,0.9105291137215794,0.9015671352048359,0.9180187699487539
0.725,0.9935500956620014,1.305138263126267,0.4656957238144479,0.4834805915390049,6.227653257299173,0.39200437294144136,0.9632149293357473,0.7577753314753939,12.833377099451422,0.6662891201157839,0.7115168817594657,0.74151129948583,0.717198389144225,0.45973211705540024,10.086388206056613,0.4005195798293023,1.5600354261475244,0.9290779815200185,26.1337068863444,0.9117658309403789,0.9024900451530466,0.9187457267009933
0.7275,0.9935166576088401,1.3065342402768185,0.46397649348827985,0.4817502234340741,6.226948476846942,0.39204530764512796,0.9631059227765433,0.7557313939007563,12.820275697044266,0.6646793261665095,0.7096677934682305,0.7395429746392777,0.719375290944202,0.4610795985943626,10.08743684842524,0.4006207746097505,1.5601976169348506,0.929602536455809,26.11293975745393,0.9129912543367121,0.9034004624020031,0.9194593078761543
0.73,0.9934831121256852,1.3079289523736515,0.4622658897867196,0.48002785353329236,6.226251065756154,0.3920846860500047,0.9629980560173039,0.7536856242646197,12.807053769073086,0.6630728673052876,0.7078205758108372,0.7375752060190507,0.7215387590678075,0.4624178350413441,10.088493249293782,0.4007218025283391,1.5603610077091765,0.9300847671867167,26.091385552489665,0.9142053548115866,0.9042983644397494,0.9201595075039269
0.7325,0.9934494589400479,1.3093223988906504,0.46056395731552224,0.47831352841483044,6.225561135324259,0.3921225073518873,0.9628913462721163,0.7516381095395315,12.793711489811635,0.6614698186583846,0.7059753441669054,0.7356081578791017,0.7236886905122716,0.4637467601561662,10.089557409788933,0.40082264610880497,1.5605255986447648,0.9305251089125144,26.06905924874374,0.9154081020106385,0.9051837274236183,0.9208463187258971
0.735,0.9934156977788966,1.310714579970653,0.45887074061621597,0.47660729462356477,6.224878797530897,0.39215877120298154,0.9627858108605796,0.7495889368741614,12.780249038095715,0.6598702558926287,0.7041322150378299,0.733641996878957,0.7258249817617335,0.4650663074699087,10.090629330390602,0.4009232880230937,1.5606913898158419,0.930923998506604,26.045975739517,0.9165994643578945,0.9060565262376311,0.9215197338596772
0.7375,0.9933818283686198,1.3121054964079775,0.45718628415731544,0.4749091986626901,6.2242041650138455,0.3921934777173409,0.9626814672040862,0.747538193603385,12.76666659770557,0.6582742552074674,0.7022913060298924,0.731676892075596,0.727947528837667,0.4663764103156036,10.091709010989774,0.4010237111051087,1.560858381205547,0.9312818739896281,26.022149820961804,0.9177794090918724,0.9069167345532457,0.9221797444673991
0.74,0.9933478504349886,1.3134951496311766,0.4555106323247187,0.4732192869844621,6.223537351044313,0.3922266274763487,0.9625783328219993,0.7454859672573643,12.752964357748587,0.6566818933259312,0.7004527358354293,0.729713014911807,0.7300562273512933,0.46767700186006367,10.092796450947855,0.4011238983640616,1.5610265727151098,0.9315991740145639,25.997596179319444,0.9189479023043969,0.9077643248928748,0.9228263414279918
0.7425,0.993313763703127,1.3148835416866156,0.4538438294113359,0.47153760598011923,6.222878469501507,0.39225822153427164,0.9624764253277195,0.7434323455697543,12.73914251304398,0.6550932474844985,0.6986166242121271,0.7277505392010164,0.7321509725576508,0.4689680151366268,10.09389164915756,0.40122383299734155,1.5611959641732702,0.9318763373632593,25.972329378550647,0.9201049089820127,0.9085992686955368,0.923459515012566
0.745,0.9932795678974827,1.316270675223449,0.4521859196059965,0.46986420196902745,6.222227634846598,0.39228826142392936,0.9623757624246584,0.7413774164851552,12.72520126451096,0.6535083954219186,0.696783091960512,0.7257896411085946,0.7342316594109839,0.47024938307858943,10.094994604105585,0.40132349840283355,1.5613665553459686,0.9321138024541578,25.946363848352814,0.9212503930498865,0.9094215363839286,0.9240792549621301
0.7475,0.9932452627418024,1.3176565534805154,0.4505369469816913,0.4681991211871022,6.221584962096048,0.39231674916252046,0.9622763619021131,0.7393212681659508,12.711140819562226,0.6519274153670499,0.6949522608997187,0.7238304991296544,0.7362981826211076,0.47152103855310595,10.096105313937068,0.40142287819062306,1.5615383459463188,0.9323120068608259,25.919713872552833,0.9223843174188626,0.9102310974321884,0.924685550566791
0.75,0.9932108479591107,1.3190411802756168,0.4488969554831985,0.46654240977455996,6.220950566794348,0.3923436872576408,0.9621782416310491,0.7372639889986741,12.69696139250468,0.6503503860257501,0.693124253841614,0.7218732940633524,0.7383504367104097,0.4727829143953293,10.097223776522027,0.40152195619403747,1.5617113356448817,0.9324713868407252,25.892393577860506,0.9235066440359776,0.911027920433569,0.9252783907455234
0.7525000000000001,0.9931763232716908,1.3204245599975855,0.4472659889141509,0.4648941137630545,6.2203245649861545,0.3923690787135196,0.9620814195597921,0.7352056676000519,12.682663204949089,0.6487773865668675,0.6912991945633692,0.7199182089837125,0.7403883160711662,0.4740349434425837,10.098349989523712,0.4016207164799914,1.561885524080239,0.932592376873557,25.864416922963432,0.9246173339387285,0.9118119731672654,0.9258577641255586
0.755,0.9931416884010683,1.3218066976014724,0.4456440909235932,0.46325427906225314,6.219707073187807,0.39239292703749223,0.9619859137096206,0.733146392822875,12.668246486230782,0.6472084966073731,0.6894772077785575,0.7179654292069821,0.7424117150228609,0.47527705856837077,10.099483950468933,0.4017191433586168,1.562060910869868,0.9326754092084324,25.835797687942023,0.925716347312385,0.9125832226636488,0.9264236591204239
0.7575000000000001,0.9931069430679959,1.3231875986071262,0.4440313049920797,0.46162295144590354,6.2190982083582105,0.39241523624671226,0.9618917421702647,0.731086253761829,12.65371147384289,0.645643796196687,0.6876584191068599,0.7160151422555237,0.7444205278692294,0.4765091927160328,10.100625656820279,0.4018172213921742,1.5622374956213143,0.9327209134190483,25.806549463981018,0.9268036435469267,0.9133416352672039,0.9269760640056791
0.76,0.9930720869924411,1.3245672691013581,0.4424276744173583,0.46000017653744135,6.218498087869057,0.39243601087509783,0.9617989230952986,0.7290253397594235,12.639058413883955,0.644083365800234,0.6858429550424507,0.7140675378182271,0.7464146489547805,0.47773127893191447,10.101775106050182,0.4019149354032602,1.5624152779436453,0.9330700256160593,25.78610141424577,0.9278791812741937,0.9140871766965437,0.9275149669914244
0.7625000000000001,0.9930371198935738,1.3259457157438244,0.44083324229968235,0.4583859997951849,6.217906829474344,0.3924552559804911,0.9617074746974265,0.7269637404121284,12.624287561521234,0.642527286282269,0.6840309429211198,0.7121228077074181,0.7483939727205848,0.4789432503978998,10.102932295716645,0.40201227048234117,1.5625942574591642,0.9339405651286935,25.780435187908385,0.9289429183900587,0.9148198121009526,0.9280403562907363
0.765,0.993002041489754,1.327322945776692,0.4392480515267857,0.4567804664971544,6.217324551279172,0.3924729771519972,0.9616174152436573,0.7249015455768113,12.609399181470788,0.6409756388880132,0.6822225108861844,0.7101811458122087,0.7503583937591652,0.4801450404632202,10.104097223540558,0.4021092119946582,1.5627744338153664,0.9347651981008595,25.77385725263277,0.9299948120875684,0.915539506113025,0.9285522201832563
0.7675000000000001,0.9929668514985207,1.3286989670380875,0.4376721447585536,0.45518362172555493,6.2167513717077485,0.3924891805174566,0.9615287630503551,0.7228388453775528,12.594393548495217,0.6394285052251444,0.6804177878532228,0.7082427480482202,0.7523078068683696,0.4813365826754685,10.105269887484406,0.4022057455865648,1.5629558066971152,0.9355443072067309,25.766381538476313,0.9310348188941167,0.9162462228970826,0.9290505470732946
0.77,0.9929315496365764,1.33007378797926,0.4361055644114159,0.4535955103509495,6.216187409470602,0.39250387275099247,0.9614415364781684,0.72077573021288,12.57927094791947,0.6378859672446792,0.678616903473646,0.7063078123035754,0.7542421071041522,0.4825178108107777,10.106450285832226,0.40230185719136746,1.5631383758390067,0.9362782785095985,25.758021935457766,0.9320628947078087,0.9169399261931941,0.9295353255419364
0.7725,0.992896135619773,1.3314474176853301,0.43454835264248387,0.4520161770161509,6.215632783530939,0.3925170610805641,0.9613557539268272,0.7187122907634337,12.564031676164607,0.6363481072212896,0.6768199880971097,0.7043765383810381,0.7561611898322411,0.4836886589031601,10.107638417270643,0.40239753303475456,1.563322141037905,0.936967500893431,25.748792279289912,0.9330789948321954,0.917620579356751,0.9300065443927941
0.775,0.992860609163091,1.332819865899419,0.4330005513334491,0.45044566611984876,6.215087613070145,0.3925287532954507,0.961271433829806,0.7166486180000609,12.54867604129918,0.6348150077330713,0.6750271727327488,0.7024491279361452,0.7580649507787142,0.484849061273027,10.108834280970882,0.40249275963990166,1.5635071021656253,0.9376123654904374,25.7387063371249,0.9340830740098939,0.9182881453936993,0.9304641926912199
0.7775,0.9928249699806166,1.334191143049875,0.4314622020742598,0.4488840217999924,6.214552017452404,0.39253895775358216,0.9611885946488529,0.7145848031922822,12.533204363607197,0.633286751640764,0.6732385890092016,0.7005257844111578,0.7599532860795434,0.48599895255493614,10.110037876671605,0.4025875238323502,1.5636932591817472,0.938213265104546,25.727777793303776,0.9350750864561338,0.9189425869916622,0.9309082597969456
0.78,0.9927892177855102,1.335561260280238,0.42993334614658607,0.44733128791694216,6.214026116188392,0.3925476833886293,0.961107254868373,0.7125209379170713,12.517616976171272,0.6317634220664206,0.6714543691333819,0.698606712964636,0.7618260923292116,0.4871382677246357,10.111249204762524,0.40268181274475734,1.5638806121465465,0.9387705936309085,25.716020235107212,0.9360549858930477,0.9195838665472942,0.9313387353902984
0.7825,0.9927533522899703,1.3369302294815,0.4284140245070891,0.4457875080364026,6.213510028898085,0.39255493971676847,0.9610274329896772,0.7104571140678396,12.501914225469106,0.6302451023715067,0.6696746458479311,0.6966921203964188,0.7636832666285277,0.4882669421254916,10.112468266368749,0.4027756138216136,1.564069161234041,0.9392847454717742,25.703447138510164,0.9370227255851074,0.9202119461903285,0.9317556094922766
0.785,0.9927173732051866,1.3382980633261183,0.4269042777705057,0.44425272541215244,6.213003875272671,0.3925607368430329,0.9609491475250899,0.7083934238635077,12.486096471980893,0.6287318761344426,0.6678995523872895,0.6947822150677869,0.765524706631791,0.4893849114943931,10.113695063435863,0.40286891482402254,1.564258906745149,0.9397561149492801,25.690071853948613,0.9379782583757631,0.920826787804842,0.9321588724789025
0.7875,0.9926812802412845,1.3396647753031683,0.42540414619256545,0.44272698296858487,6.212507775035573,0.3925650854671687,0.9608724169919216,0.7063299598575207,12.470164090805024,0.6272238271275468,0.6661292224323035,0.6928772068165719,0.7673503105934576,0.49049211198723824,10.114929598815745,0.40296170383463187,1.564449849120963,0.9401850957159218,25.67590759211226,0.9389215367252587,0.9214283530483199,0.9325485150903745
0.79,0.9926450731072564,1.3410303797539231,0.42391366965275906,0.44121032328307985,6.212021847902613,0.3925679968889204,0.960797259906307,0.7042668149466513,12.454117472278918,0.6257210392933946,0.6643637900632987,0.6909773068669841,0.7691599774144732,0.491588480204097,10.116171876353253,0.4030539692627963,1.5646419889561576,0.9405720801636149,25.660967409781495,0.9398525127497576,0.9220166033691148,0.9329245284356009
0.7925,0.9926087515108823,1.3423948919070934,0.4224328876369847,0.4397027885682306,6.2115462135413635,0.39256948301267713,0.9607236947769184,0.7022040823794221,12.437957022601744,0.6242235967206212,0.6626033897115331,0.6890827277339262,0.7709536066884086,0.4926739532141418,10.117421900973794,0.4031456998500455,1.5648353270125324,0.9409174588324382,25.645264195731368,0.9407711382619359,0.922591500022887,0.933286903992729
0.795,0.9925723151586359,1.3437583279128855,0.4209618392201006,0.43820442065395326,6.21108099152972,0.39256955635141755,0.9606517400985577,0.7001418557639764,12.42168316445542,0.6227315836191955,0.6608481561089659,0.6871936831215902,0.7727310987475233,0.49374846858041704,10.118679678771942,0.40323688467592184,1.5650298642327194,0.9412216198202233,25.628810656728362,0.9416773648131357,0.9231530040885618,0.9336356336062699
0.7975,0.992535763755576,1.3451207048750313,0.419500563048424,0.4367152609695167,6.210626301313771,0.3925682300299039,0.9605814143456408,0.6980802290752272,12.405296337620355,0.6212450842951898,0.6590982242362723,0.6853103878161358,0.7744923547088414,0.4948119643845008,10.119945217101197,0.40332751316424126,1.565225601754065,0.9414849481942447,25.61161930364793,0.9425711437372064,0.9237010764842655,0.9339707094813634
0.8,0.9924990970052252,1.3464820408799298,0.41804909732221934,0.43523535052553497,6.210182262165007,0.3925655177870812,0.9605127359655788,0.6960192966611279,12.388796999582228,0.6197641831250777,0.6573537292690583,0.6834330575722991,0.7762372765202866,0.4958643792510822,10.121218524664947,0.40341757508982506,1.5654225409227003,0.9417078254062904,25.593702437742355,0.9434524261961693,0.9242356779836065,0.9342921241756446
0.8025,0.9924623146094317,1.3478423550220866,0.41660747977822904,0.4337647298959712,6.209748993136984,0.3925614339776477,0.9604457233720756,0.6939591532479075,12.372185626126385,0.6182889645295895,0.6556148065222345,0.6815619089937934,0.7779657670068698,0.4969056523724506,10.122499611608747,0.40350706058574237,1.5656206833078112,0.941890628712392,25.57507213708876,0.9443211632279811,0.9247567692325375,0.9345998705890459
0.805,0.992425416268218,1.34920166742513,0.41517574767230314,0.43230343920020875,6.2093266130214975,0.392555993572769,0.9603803949383491,0.6918998939441493,12.355462711916463,0.616819512947175,0.6538815913925359,0.679697159407413,0.779677729916871,0.497935723532857,10.123788489613926,0.4035959601510956,1.5658200307161187,0.9420337305984663,25.555740243247094,0.9451773057954124,0.9252643107669117,0.9348939419517297
0.8075,0.9923884016796168,1.350559999257805,0.4137539377621936,0.4308515180852502,6.208915240304417,0.3925492121599144,0.9603167689903006,0.6898416142435966,12.338628771054287,0.6153559128071282,0.6521542192991833,0.6778390267307927,0.7813730699679012,0.49895453313267757,10.125085171992506,0.4036842646593831,1.566020585206559,0.9421374982130856,25.535718348157364,0.946020804834633,0.9257582630307103,0.935174331810192
0.81,0.992351270539493,1.3519173727445275,0.41234208629057884,0.42940900570810997,6.208514993121223,0.39254110594179736,0.9602548637996374,0.6877844100266176,12.321684337618418,0.6138982485024275,0.6504328256227156,0.6759877293338197,0.7830516928926708,0.4999620222122754,10.126389673783324,0.403771965367465,1.5662223491051492,0.9422022928085555,25.515017781304806,0.9468516113018282,0.9262385863947781,0.935441034011421
0.8125,0.9923140225413555,1.3532738111702918,0.4109402289683907,0.4279759407184648,6.2081259892124505,0.392531691734405,0.960194697576982,0.6857283775602626,12.30462996617918,0.6124466043623013,0.6487175456420287,0.674143485893737,0.7847135054842423,0.5009581324754266,10.12770201184921,0.403859053925166,1.5664253250200197,0.9422284691914414,25.493649597181232,0.9476696762169806,0.9267052411757973,0.9356940426848506
0.8150000000000001,0.9922766573761604,1.3546293388799822,0.4095484009585128,0.42655236124163304,6.2077483458791,0.39252098696410037,0.9601362884649748,0.6836736134969067,12.287466232288562,0.6110010646244916,0.6470085144696894,0.6723065152440388,0.7863584156404896,0.5019428063121495,10.129022204974968,0.4039455223855452,1.5666295158565673,0.9422163751836792,25.47162456307078,0.9484749507058111,0.9271581876551236,0.9359333522217264
0.8175,0.9922391747321065,1.3559839812724002,0.4081666368599214,0.42513830486194565,6.207382179938181,0.39250900966378155,0.9600796545313989,0.6816202148714847,12.270193732943998,0.6095617134072958,0.6453058669856093,0.6704770362172929,0.7879863324074514,0.5029159868207576,10.130350273965766,0.40403136321587113,1.5668349248326732,0.9421663510954449,25.448953147189435,0.9492673860405447,0.9275973860970391,0.9361589572514161
0.8200000000000001,0.9922015742944275,1.3573377647896077,0.40679497069233483,0.42373380860657384,6.2070276076785165,0.39249577846807676,0.9600248137623442,0.6795682790973622,12.2528130870255,0.6081286346815407,0.6436097377691791,0.6686552674820792,0.789597166021231,0.503877617828937,10.131686241745552,0.40411656930934037,1.5670415554939248,0.9420787292110012,25.425645507209104,0.9500469336790557,0.9280227967659421,0.9363708526141381
0.8225,0.9921638557451784,1.358690716902453,0.4054334358814329,0.422338908929871,6.20668474481694,0.39248131260755204,0.9599717840554319,0.6775179039609209,12.235324935706444,0.6067019122425948,0.6419202610299872,0.666841427374284,0.7911908279480706,0.5048276439136464,10.13303013345487,0.4042011339975839,1.5672494117287448,0.9419538332888826,25.401711479200223,0.9508135453019738,0.928434379941977,0.9365690333295941
0.8250000000000001,0.9921260187630259,1.3600428660933923,0.40408206524470086,0.42095364169828076,6.20635370645501,0.39246563190190276,0.959920583213121,0.6754691876149628,12.217729942838744,0.6052816296824939,0.6402375705372588,0.6650357337230258,0.792767230922226,0.5057660104196302,10.134381976547507,0.40428505106400464,1.5674584977833386,0.9417919780779085,25.377160567030543,0.951567172847939,0.9288320959346532,0.9367534945610138
0.8275,0.9920880630230385,1.361394241837932,0.4027408909779473,0.41957804217585587,6.20603460703638,0.39244875675209523,0.9598712289361137,0.673422228571062,12.200028795313775,0.6038678703622746,0.6385617995481685,0.6632384036715381,0.7943262889812592,0.5066926634763502,10.13574180088515,0.40436831475799107,1.5676688182763359,0.9415934688507452,25.352001932262795,0.95230776854749,0.9292159050940443,0.9369242315742324
0.8300000000000001,0.99204998819648,1.3627448745861577,0.40140994464253293,0.4182121450104265,6.205727560304903,0.3924307081314207,0.9598237388168757,0.67137712569103,12.182222203401103,0.6024607173845152,0.6368930807351902,0.6614496534933777,0.7958679174983943,0.5076075500131476,10.137109638829338,0.4044509198100457,1.567880378213012,0.9413586009569483,25.326244384599285,0.9530352849555432,0.9295857678192669,0.9370812396915287
0.8325,0.9920117939506111,1.364094795745903,0.4000892571533415,0.416855984220445,6.205432679263588,0.3924115075754215,0.9597781303332883,0.6693339781776616,12.164310901067282,0.6010602535659892,0.6352315461126656,0.6596696984043601,0.7973920332115977,0.5085106177724747,10.138485525329742,0.40453286144785855,1.568093182998941,0.9410876593976895,25.2998963729278,0.9537496749812941,0.9299416445640429,0.937224514240131
0.835,0.9919734799484956,1.3654440376690984,0.3987788587675137,0.41550959318252917,6.2051500761344744,0.39239117717064464,0.9597344208424428,0.6672928855649654,12.146295646277744,0.5996665614106477,0.6335773269627725,0.6578987523706684,0.7988985542490978,0.5094018153210615,10.13986949800796,0.40461413541334423,1.568307238452958,0.9410622227655717,25.280522885230194,0.9544508919140299,0.9302834958392866,0.9373540504954712
0.8375,0.9919350458488159,1.3667926336427594,0.39747877907395623,0.41417300461971684,6.204879862319479,0.3923697395421834,0.9596926275745836,0.6652539477080868,12.128177221284936,0.598279723083009,0.6319305537610979,0.6561370279136206,0.8003874001510948,0.5102810920589194,10.141261597235772,0.4046947379806409,1.5685225508192615,0.9416403672161655,25.27772045070781,0.9551388894445471,0.9306112822127935,0.9374698436194758
0.84,0.9918964913056987,1.3681406178858904,0.3961890469836299,0.41284625059044094,6.2046221483621995,0.39234721783996446,0.9596527676272015,0.6632172647731469,12.109956432906227,0.596899820381978,0.6302913561020215,0.6543847359116137,0.8018584918874941,0.5111483982261192,10.142661866207114,0.4047746659750461,1.5687391267785444,0.9421746556923826,25.27408571090619,0.9558136216833665,0.9309249643062578,0.9375718885943648
0.8425,0.9918578159685458,1.3694880255533117,0.39490969072061255,0.4115293624782208,6.204377043910742,0.3923236357237488,0.9596148579592838,0.6611829372272251,12.091634112795424,0.5955269347151463,0.6286598626241211,0.6526420853997988,0.803311751871548,0.5120036849073347,10.14407035100266,0.40485391679283644,1.5689569734579856,0.942665346901575,25.26962765255787,0.9564750431772007,0.9312245027899813,0.937660180152631
0.845,0.9918190194818778,1.3708348927470797,0.3936407378139264,0.41022237098207004,6.20414465768144,0.39229901734681893,0.9595789153857032,0.6591510658287189,12.073211117711626,0.5941611470735924,0.6270362009358323,0.6509092833680841,0.8047471039693861,0.5128469040341797,10.145487100646404,0.40493248842188706,1.569176098439998,0.9431126922297267,25.264354969540648,0.9571231089241073,0.9315098583757585,0.937734712704023
0.8475,0.9917801014851835,1.3721812565357487,0.39238221509011406,0.408925306107609,6.203925097423488,0.39227338733833894,0.959544956571747,0.6571217516183153,12.05468832978953,0.5928025380071659,0.6254204975415869,0.649186534558085,0.8061644735054879,0.5136780083854239,10.146912167153358,0.40501037946296725,1.5693965097696085,0.9435169351608091,25.258276049605712,0.9577577743870656,0.9317809918085314,0.9377954802604933
0.85,0.9917410616127778,1.373527154981267,0.3911341486665398,0.4076381971588728,6.203718469884277,0.39224677078438425,0.9595129980277566,0.6550950959108081,12.03606665681499,0.5914511876002885,0.6238128777686763,0.6474740412596897,0.807563787264243,0.5144969515852222,10.148345605567755,0.4050875891515577,1.5696182159603653,0.9438783107254416,25.251398961909054,0.9583789955063052,0.9320378638575011,0.9378424763601787
0.8525,0.991701899493667,1.3748726271728113,0.38989656394539274,0.40636107273079847,6.203524880775392,0.3922191932076569,0.959483056103868,0.6530712002879774,12.017347032509674,0.5901071754483469,0.6222134656950791,0.6457720031079215,0.8089449734878287,0.5153036880995353,10.149787473991278,0.4051641173799903,1.5698412259987047,0.944197044982768,25.243731445437312,0.9589867287106,0.9322804353074237,0.9378756939915228
0.855,0.9916626147514187,1.376217713266358,0.38866948560836195,0.40509396070237846,6.203344434739023,0.39219068054591566,0.9594551469848164,0.6510501665927522,11.998530416828485,0.5887705806347076,0.6206223840785066,0.6440806168808234,0.8103079618707147,0.5160981732309721,10.151237833600838,0.40523996471968354,1.5700655493467006,0.9444733545394567,25.23528089841706,0.9595809309279691,0.9325086669508704,0.9378951255186869
0.8575,0.9916232070040384,1.3775624545283256,0.38745293761195315,0.403836888230463,6.203177235314605,0.3921612591291699,0.9594292866847769,0.6490320969248509,11.979617796273097,0.5874414817083609,0.619039754286921,0.6424000762991098,0.8116526835511839,0.5168803631123234,10.152696748655645,0.40531513244320466,1.5702911959431574,0.9447074461095808,25.226054368792813,0.9601615595963134,0.9327225195822135,0.9379007626093593
0.86,0.9915836758638493,1.378906893381202,0.38624694318341407,0.4025898817441947,6.203023384905487,0.3921309556557029,0.9594054910422091,0.6470170936380774,11.960610184224572,0.5861199566622404,0.6174656962307787,0.6407305718283444,0.8129790711003168,0.5176502146990872,10.154164286493442,0.4053896225458716,1.5705181762030287,0.9448995161189389,25.21605854585269,0.9607285726740429,0.93292195399408,0.9378925961660084
0.8625,0.9915440209373766,1.380251073448723,0.38505152481723653,0.40135296694006123,6.2028829847453215,0.39209979716700866,0.9593837757146587,0.6450052593394354,11.9415086212978,0.5848060829122632,0.6159003282972593,0.6390722904844356,0.8142870585089369,0.518407685761316,10.155640517515703,0.405463437766578,1.5707465010151278,0.9450497503570584,25.20529975307183,0.9612819286499059,0.9331069309769637,0.9378706162615511
0.865,0.9915042418252371,1.3815950395979468,0.38386670427220104,0.4001261687775483,6.202756134863958,0.39206781102173904,0.9593641561734824,0.6430958418100235,11.924152500689267,0.5834999372771223,0.614343767286725,0.6374254156432304,0.8155765811730459,0.5191527348751298,10.157125515161878,0.40553658160751666,1.570976181738143,0.9451583236797255,25.19378394223368,0.961821586551104,0.9332774113225849,0.9378348120802419
0.8675,0.9914643381220315,1.382938837975463,0.382692502568932,0.39890951147537834,6.202642934052569,0.3920350248687726,0.9593466476984536,0.6412907869180701,11.908585440988073,0.5822015959587689,0.6127961283516644,0.6357901268550041,0.8168475758782827,0.5198853214142395,10.158619355872665,0.40560905835247024,1.571207230194958,0.9452253997644133,25.181516688876375,0.9623475059502401,0.9334333558314855,0.9377851718644549
0.87,0.9914243094162433,1.3842825160350387,0.3815289399879321,0.3977030185083206,6.202543479827703,0.3920014666195266,0.9593312653722036,0.63953577171685,11.893804786553694,0.5809111345234165,0.6112575249383497,0.6341665996646328,0.81809998078393,0.5206054055418163,10.160122119042322,0.4056808730833436,1.571439658665277,0.9452511309204451,25.168503189098256,0.962859646972878,0.933574725325206,0.9377216828678274
0.8725,0.9913841552901439,1.3856261225542128,0.3803760360680661,0.39650671260455866,6.2024578683940605,0.39196716441963847,0.9593180240744628,0.6377852743274691,11.878965737742227,0.5796286278830882,0.609728068731436,0.6325550054382179,0.8193337354069439,0.5213129482030181,10.161633886960045,0.4057520316946294,1.571673479876555,0.9452356579551275,25.15474825774145,0.963357970307122,0.9337014806632364,0.9376443313150333
0.875,0.9913438753197077,1.3869697076377459,0.3792338096054672,0.39532061574359945,6.202386194605753,0.3919321466201492,0.9593069384760698,0.6360393731443357,11.864069024590446,0.5783541502779115,0.6082078696017007,0.6309555111969066,0.8205487806064294,0.522007911118443,10.163154744740337,0.4058225409055251,1.5719087069932312,0.9451791100964666,25.140256327957243,0.9638424372157017,0.9338135827647484,0.9375531023682186
0.8775000000000001,0.991303469074534,1.3883133227063689,0.37810227865283963,0.39414474915471354,6.20232855192581,0.39189644174831484,0.9592980230327088,0.6343780237391545,11.85060755537194,0.5770877752592639,0.6066970355571122,0.6293682794586292,0.8217450585688862,0.5226902567787302,10.164684780242252,0.405892408269454,1.572145353604237,0.9450816049724341,25.125031452141652,0.9643130095506116,0.9339109926349313,0.9374479800998904
0.88,0.9912629361177858,1.3896570204699552,0.37698146051913567,0.3929791333158869,6.20228503238388,0.391860078478176,0.9592912919783658,0.6327670993402312,11.837948782739959,0.5758295756737503,0.6051956726973757,0.6277934680884051,0.82292251279445,0.5233599484404635,10.166224083977282,0.40596164218079356,1.572383433708749,0.944943248646113,25.109077304214303,0.9647696497702772,0.9339936713955683,0.9373289474718052
0.8825000000000001,0.9912222760061393,1.39100085488503,0.37587137176958485,0.3918237879532745,6.2022557265318925,0.39182308560099904,0.9592867593184721,0.6311608538360532,11.825238685266715,0.5745796236479659,0.6037038851720882,0.6262312301578461,0.8240810880842298,0.524016950123462,10.167772749005538,0.40603025187866315,1.5726229617001328,0.9447641357054478,25.09239718320021,0.965212320959195,0.9340615803192733,0.9371959863191544
0.885,0.9911814882897525,1.3923448810973738,0.37477202822605743,0.39067873204113135,6.202240723397757,0.39178549199570173,0.9592844388227428,0.6295593519806795,11.812477770476335,0.5733379905740328,0.602221775142584,0.6246817138143915,0.8252207305287161,0.5246612266094626,10.169330870819833,0.4060982474476874,1.5728639523480135,0.9445443494057612,25.0749940180612,0.9656409868498907,0.9341146808666483,0.9370490773391011
0.8875000000000001,0.9911405725122518,1.3936891553713493,0.3736834449677419,0.38954398380220623,6.202240110437034,0.3917473265993579,0.9592843440177025,0.6279626590546603,11.799666572948313,0.5721047470958832,0.6007494427475261,0.6231450621607609,0.8263413874971031,0.5252927434421254,10.170898547217112,0.40616563981571396,1.57310642077839,0.9442839618627383,25.056870373714045,0.9660556118469534,0.9341529347254461,0.9368882000825224
0.89,0.9910995282107361,1.39503373500838,0.3726056363321184,0.3884195607085697,6.20225397348267,0.3917086183778691,0.959286488178909,0.6263708409054528,11.786805655339286,0.5708799630962769,0.5992869860722477,0.6216214131450194,0.8274430076272462,0.5259114669282143,10.172475878156696,0.4062324407485285,1.5733503824517105,0.9439830342931815,25.038028458164046,0.966456161052838,0.934176303850687,0.9367133329476187
0.8925000000000001,0.9910583549158019,1.3963786782577445,0.3715386159162053,0.3873054794828483,6.202282396692895,0.3916693962968763,0.9592908843228973,0.6247839639894175,11.773895609428752,0.5696637076845215,0.597834501121813,0.6201108994615762,0.8285255408158791,0.5265173641397438,10.174062965604726,0.40629866284167804,1.5735958531388128,0.9436416173005956,25.018470130678647,0.9668426002956699,0.9341847505045964,0.9365244531739347
0.895,0.9910170521515868,1.3977240442233967,0.37048239657805687,0.38620175609982876,6.202325462497482,0.39162968929297665,0.9592975451988659,0.6232020954147669,11.76093705717771,0.5684560491848565,0.5963920817977111,0.6186136484633461,0.8295889382086277,0.5271104029168296,10.175659913364257,0.40636431950957086,1.5738428488946452,0.9432597512025127,24.998196910923685,0.9672148961575755,0.9341782372951745,0.9363215368352616
0.8975,0.9909756194358309,1.3990698927708693,0.36943699043847994,0.38510840578838895,6.202383251542539,0.3915895262452999,0.9593064832801385,0.6216253029847819,11.747930651788113,0.5672570551254199,0.5949598198780698,0.6171297820852262,0.8306331521893184,0.527690551870949,10.177266826890543,0.40642942497207574,1.574091386029698,0.9428374663964686,24.977209988986345,0.9675730160014342,0.9341567272122202,0.936104558829884
0.9,0.9909340562799519,1.4004162844384502,0.3684024088829345,0.38402544303370534,6.202455842634049,0.3915489359474947,0.9593177107554314,0.6200536552405606,11.734877078750065,0.5660667922277093,0.593537805001222,0.6156594167789622,0.8316581363680711,0.5282577803883041,10.178883813091124,0.4064939942388913,1.574341481079082,0.9423747837616618,24.955510236213595,0.9679169279982197,0.9341201836597067,0.9358734928667299
0.9025,0.9908923621891307,1.4017632803566382,0.3673786625635761,0.38295288157967833,6.202543312680415,0.3915079470801711,0.9593312395199673,0.6184872215025279,11.721777056863072,0.564885326396447,0.5921261246524336,0.6142026634594003,0.832663845567698,0.5288120586329943,10.180510980110636,0.4065580430919866,1.5745931507692463,0.941871715093555,24.933098216801216,0.9682466011536742,0.9340685704835185,0.9356283114461212
0.905,0.9908505366624062,1.403110942179486,0.36636576140138555,0.38189073443150784,6.20264573663422,0.39146658818384744,0.9593470811664672,0.6169260719099325,11.708631339217481,0.563712722709787,0.5907248641535676,0.6127596274620628,0.8336502358080128,0.5293533575497372,10.182148437100437,0.40662158806643955,1.5748464119823482,0.9413282635690025,24.90997420007785,0.9685620053335802,0.9340018519937533,0.9353689858340614
0.9075,0.9908085791927692,1.404459332030743,0.36536371458832856,0.38083901385834557,6.202763187433412,0.39142488763244987,0.959365246976054,0.615370277457564,11.695440714122359,0.5625490454097728,0.5893341066554457,0.6113304085119383,0.8346172642877612,0.5298816488659361,10.183796293973465,0.40668464643000585,1.5751012817183356,0.9407444242398729,24.88613817343817,0.968863111286849,0.9339199929809974,0.9350954860293091
0.91,0.990766489267252,1.4058085124668147,0.36437253058947655,0.37979773139594525,6.202895735942103,0.3913828736074232,0.9593857479090953,0.613819910028961,11.682206005966627,0.5613943578929461,0.5879539331326571,0.6099151007033327,0.835564889364042,0.5303969050929696,10.185454661145096,0.4067472361617483,1.5753577770548677,0.9401201845535379,24.861589855889335,0.9691498906656236,0.9338229587262634,0.9348077807228261
0.9125,0.9907242663670087,1.407158546457493,0.36339221714501724,0.3787668978492262,6.203043450891135,0.3913405740725171,0.9594085945960117,0.6122750424254362,11.668928076001189,0.5602487227009777,0.586584422380567,0.608513792490613,0.8364930705292569,0.5308990995266645,10.187123649261158,0.4068093759300365,1.5756159151052465,0.9394555248989989,24.836328712184905,0.9694223160421144,0.9337107150045378,0.934505837249596
0.915,0.990681909967379,1.4085094973842116,0.36242278127207694,0.37774652329466846,6.203206398818502,0.39129801674932113,0.9594337973280618,0.6107357483903308,11.655607823031232,0.5591122015112022,0.585225651014297,0.6071265666896671,0.8374017683858113,0.5313882062470203,10.188803368914558,0.4068710850701977,1.5758757129745895,0.9387504191777699,24.810353967528005,0.9696803609226134,0.9335832280821691,0.9341896215332216
0.9175,0.9906394195379303,1.409861429054398,0.36146422926628136,0.3767366170824578,6.203384644009708,0.39125522909363425,0.9594613660481169,0.6092021026280049,11.642246184009478,0.5579848551269638,0.5838776934694699,0.6057535004899146,0.8382909446189822,0.531864200117341,10.190493930352384,0.40693238356205663,1.576137187714527,0.9382481088315144,24.790092315886234,0.9699239997594978,0.9334404647086025,0.9338590980241066
0.92,0.9905967945424737,1.4112144057293268,0.3605165667029807,0.37573718783830606,6.203578248438081,0.39121223827276275,0.959491310341431,0.6076741808171898,11.628844134523183,0.5568667434676042,0.582540622004555,0.6043946654767128,0.8391605619685424,0.5323270567830372,10.192195443175676,0.40699329200755474,1.5764003562767668,0.9383915905869039,24.787239949236547,0.9701532079619433,0.9332823921031778,0.9335142296324168
0.9225,0.9905540344390515,1.41256849216187,0.35957979843807625,0.37474824346488217,6.203787271705071,0.39116907114384775,0.959523639426405,0.6061520596184587,11.615402689169965,0.5557579255580732,0.5812145067046888,0.6030501276640474,0.8400105841998723,0.532776752670431,10.193908016034168,0.40705383160857755,1.5766652354658806,0.9384873339679441,24.78346834348612,0.9703679619059556,0.9331089779379181,0.9331549776573472
0.925,0.9905111386798909,1.4139237536397498,0.35865392860839423,0.37376979114280434,6.2040117709804425,0.39112575423332946,0.9595583621453375,0.6046358166757058,11.601922901819737,0.5546584595180716,0.5798994154869075,0.6017199475374125,0.840840976075422,0.5332132649859652,10.19563175631871,0.40711402414506315,1.5769318418917315,0.93853528065439,24.77877675122523,0.970568238944296,0.9329201903173434,0.9327813017144755
0.9275,0.9904681067113282,1.415280256029384,0.35773896063156807,0.37280183733115363,6.204251800942394,0.39108231371765745,0.9595954869551636,0.6031255306116504,11.588405865762333,0.5535684025505996,0.578595414106768,0.6004041801068245,0.8416517033274397,0.5336365717162561,10.197366769853863,0.4071738919533987,1.5772001919219296,0.9385353671115532,24.773164199650786,0.9707540174169531,0.932715997756431,0.9323931596632012
0.93,0.9904249379736985,1.416638065815253,0.3568348972054059,0.3718443877674925,6.204507413717529,0.39103877540535226,0.9596350219181692,0.6017653212635823,11.577623966498548,0.5524878109299075,0.5773025661663913,0.5991028749699302,0.8424427326329189,0.5340466516294451,10.19911316059338,0.4072334579050533,1.577470301634731,0.9384875250091526,24.766629500909332,0.9709252766628509,0.9324963691578428,0.9319905075363752
0.9325,0.9903816319011982,1.4179972501299187,0.3559417403067361,0.3708974474673844,6.204778658820639,0.39099516472051526,0.9596769746926783,0.6004465459181298,11.567494812246233,0.5514167399889112,0.576020933124002,0.5978160763851771,0.8432140315916834,0.5344434842782946,10.200871030320908,0.4072927453853401,1.577742186772748,0.93839168167984,24.759171263408337,0.9710819970334463,0.9322612737894863,0.9315732994742735
0.935,0.9903381879217226,1.4193578767703918,0.3550594911897371,0.3699610207234253,6.205065583094281,0.39095150668787054,0.9597213525237075,0.5991342174852013,11.557345759292724,0.5503552441061571,0.5747505743050584,0.5965438233549992,0.8439655687084598,0.534827050005439,10.202640478358179,0.40735177827215224,1.5780158626978142,0.9382477606186239,24.750787904126557,0.9712241599084124,0.9320106812633933,0.9311414876650713
0.9375,0.9902946054566816,1.4207200141975012,0.35418815038377255,0.36903511110381043,6.205368230648154,0.3909078259194013,0.9597681622335891,0.5978284110323834,11.547177864355838,0.5493033766924053,0.5734915469150784,0.5952861497189191,0.844697313379679,0.5351973299511532,10.204421601282414,0.4074105809144812,1.5782913443472775,0.9380556820238121,24.741477661938973,0.9713517477127692,0.9317445615167647,0.9306950222939104
0.9400000000000001,0.9902508839208032,1.4220837315161245,0.3533277176907559,0.3681197214504674,6.205686642798236,0.39086414660261676,0.959817410212558,0.5965292025096425,11.536992220264452,0.5482611901768826,0.5722439060542529,0.5940430842564075,0.845409235885604,0.535554306063932,10.206214492654382,0.40746917811050215,1.5785686461919382,0.9378153633794777,24.73123861195664,0.9714647439346088,0.9314628847958992,0.9302338515025788
0.9425,0.9902070227219276,1.4234490984356325,0.352478192182073,0.36721485387678315,6.206020858005727,0.3908204924904512,0.9598691024093078,0.595236668717336,11.526789955567205,0.547228735993281,0.5710077047338887,0.5928146507992201,0.8461013073882316,0.5358979611141031,10.208019242757903,0.40752759508500314,1.5788477821957603,0.9375267200788989,24.720068680867797,0.9715631331435707,0.9311656216435924,0.9297579213617594
0.9450000000000001,0.9901630212608012,1.4248161852114698,0.35163957219508357,0.36632050976495223,6.206370911815769,0.39077688689275836,0.9599232443215134,0.5939508872701608,11.516572234056083,0.5462060645655666,0.5697829938946636,0.5916008683528023,0.8467734999352481,0.5362282787106196,10.209835938351212,0.40758585746594483,1.579128765777414,0.9371896660879603,24.70796566325567,0.9716469010107347,0.9308527428904876,0.929267175857742
0.9475,0.9901188789308711,1.4261850625704209,0.3508118553292122,0.3654366897629569,6.206736836795987,0.3907333526693178,0.9599798409863245,0.5926719365570601,11.506340254204293,0.5451932252936307,0.5685698224265768,0.590401751226179,0.8474257864701772,0.5365452433211066,10.211664662430067,0.4076439912599637,1.5794116097736375,0.9368041146472139,24.694927238861492,0.9717160343290795,0.9305242196507949,0.9287615568954792
0.9500000000000001,0.9900745951180946,1.427555801623574,0.34999503844162044,0.3645633937811766,6.207118662474786,0.3906899122242214,0.9600388969708226,0.5913998956969383,11.496095248514733,0.5441902665387653,0.5673682371903691,0.5892173091695658,0.8480581408487154,0.5368488402951852,10.2135054940019,0.4077020228266737,1.5796963264043047,0.9363699790112134,24.68095099075955,0.9717705210324787,0.9301800233227847,0.9282410043199175
0.9525,0.9900301692007525,1.4289284737722672,0.349189117642432,0.36370062098859657,6.207516415279446,0.3906465875014525,0.9601004163624466,0.5901348444898364,11.48583848277198,0.5431972356088977,0.5661782830400568,0.588047547518732,0.848670537861162,0.5371390558910388,10.215358507870253,0.4077599788516829,1.5799829272390848,0.935887173223814,24.666034424414264,0.9718103502131511,0.9298201255944845,0.9277054559575943
0.9550000000000001,0.9899856005492833,1.4303031506131798,0.34839408828945717,0.3628483698085703,6.207930118473915,0.39060339998142046,0.9601644027593705,0.5888768633630314,11.475571255187083,0.5422141787434752,0.5650000028460918,0.5868924673449554,0.8492629532607774,0.5374158773051674,10.217223774428309,0.40781788631830557,1.5802714231655086,0.9353556129284464,24.65017498759809,0.9718355121400124,0.9294444984551131,0.9271548476806226
0.9575,0.9899408885261255,1.4316799038491945,0.34760994498234365,0.3620066379140584,6.208359792096315,0.39056037067815425,0.9602308592608388,0.5876260333113265,11.465294895421236,0.5412411410978721,0.5638334375185329,0.585752065609219,0.8498353637978809,0.5376792927052566,10.219101359460371,0.40787577247803053,1.5805618243582629,0.934775216212834,24.633370091161318,0.9718459982798828,0.9290531142128933,0.9265891134953222
0.96,0.989896032485572,1.4330588052126099,0.34683668155605996,0.361175422222255,6.2088054528960965,0.39051752013681335,0.9602997884574452,0.5863824358306657,11.455010763471673,0.5402781667271297,0.5626786260294991,0.5846263353191536,0.8503877472595128,0.5379292912660866,10.220991323950383,0.4079336648198765,1.5808541402495755,0.9341459044881611,24.615617130660834,0.9718418013218474,0.9286459455200244,0.9260081856578551
0.9625,0.9898510317736303,1.4344399264067338,0.3460742910736093,0.3603547188884956,6.209267114270863,0.3904748684311269,0.9603711924213624,0.5851461528440892,11.444720248401271,0.5393252985687822,0.5615356054340928,0.5835152656871105,0.8509200825145303,0.5381658632084216,10.222893723896828,0.40799159103883187,1.5811483795005865,0.93346760340331,24.596913508870884,0.97182291520437,0.9282229654057437,0.9254119948192971
0.965,0.9898058857278836,1.435823339070864,0.3453227658178696,0.3595445232993368,6.209744786202916,0.3904324351603386,0.9604450726965268,0.5839172666190281,11.434424766892878,0.5383825784244672,0.5604044108889286,0.5824188422877011,0.8514323495640786,0.5383889998408313,10.224808610134032,0.40804957900362976,1.5814445499737086,0.932740243795291,24.577256659214523,0.9717893351449604,0.9277841473184779,0.9248004702025135
0.9675,0.9897605936773423,1.4372091147722477,0.3445820972824684,0.3587448300647082,6.210238475195681,0.39039023944521195,0.9605214302888065,0.582695859674985,11.424125761610224,0.5374500469400343,0.5592850756674046,0.5813370472131366,0.851924529597466,0.5385986936044097,10.226736028160586,0.40810765672413185,1.5817426587060905,0.9319637626773566,24.556644070165305,0.9717410576726636,0.9273294651781513,0.9241735398130129
0.97,0.9897151549422832,1.4385973250269097,0.3438522761616241,0.35795563300905175,6.210748184210265,0.39034829992263875,0.9606002656561882,0.5816021119141017,11.416182070228716,0.5365277435839421,0.5581776311708913,0.5802698592247828,0.8523966050535547,0.5387949381203693,10.228676017976525,0.40816585231859653,1.5820427118844338,0.9311381042664002,24.535073310674445,0.9716780806639204,0.9268588934396287,0.9235311306855432
0.9725,0.989669568834063,1.4399880413493993,0.3431332923389235,0.3571769251613966,6.211273912602575,0.390306634738404,0.9606815786990515,0.5806462820218717,11.410803463300915,0.5356157066237883,0.5570821069351152,0.5792172538994818,0.8528485596878513,0.5389777282404687,10.230628613932003,0.4082241939810719,1.582344714821587,0.9302632210509688,24.512542056674526,0.9716004033819534,0.9263724071681189,0.9228731691675536
0.975,0.9896238346549018,1.441381335329684,0.3424251348750544,0.3564086987443596,6.211815656061597,0.3902652615376818,0.9607653687506231,0.5798317840165864,11.408065878195274,0.5347139731008346,0.5559985306311575,0.5781792037693982,0.8532803786455201,0.5391470601002137,10.232593844591063,0.4082827099490874,1.5826486719354769,0.9293390749005835,24.489048118697287,0.9715080265180979,0.9258699821270564,0.9221995812397505
0.9775,0.9895779516976277,1.4427772787337225,0.3417277919945715,0.35565094516211115,6.212373406549589,0.390224197452883,0.9608516345677266,0.5790235467223498,11.40531763270917,0.5338225788024581,0.5549269280606716,0.5771556784544085,0.8536920485405306,0.5393029311747009,10.234571732615349,0.4083414284717202,1.5829545867311205,0.9283656382158847,24.464589470616566,0.9714009522321492,0.9253515948785239,0.9215102928727812
0.98,0.989531919245379,1.4441759436228174,0.34104125107183714,0.3549036549874037,6.212947152245218,0.39018345908853297,0.9609403743219871,0.5782216346704054,11.402559622087127,0.5329415582326303,0.5538673231451454,0.5761466447863443,0.8540835575410892,0.5394453403368935,10.236562294673282,0.4084003777779931,1.5832624617865796,0.9273428951175002,24.43916427948882,0.9712791841905841,0.9248172228957183,0.9208052304176594
0.9825,0.9894857365712582,1.4455774024857293,0.3403654986163456,0.3541668179478175,6.213536877490758,0.39014306250293806,0.9610315855916647,0.5774261126217509,11.399792764998942,0.5320709445805524,0.5528197379092779,0.5751520669247326,0.8544548954613563,0.5395742879179873,10.238565541381083,0.40845958604542426,1.5835722987438372,0.9262708426694071,24.41277093641247,0.9711427276051564,0.9242668446862545,0.9200843210258802
0.985,0.9894394029379376,1.446981728376764,0.3397005202577034,0.35344042291143785,6.214142562744751,0.3901030231864905,0.9611252653543331,0.5766370454005568,11.397018000592514,0.5312107696876545,0.5517841924587724,0.5741719064639927,0.8548060538592407,0.5396897757693765,10.240581477282216,0.40851908136841414,1.583884098305619,0.9251494921300367,24.385408088264967,0.9709915892740636,0.9237004399243245,0.9193474930933547
0.9875,0.9893929175972181,1.4483889950525863,0.3390463007305953,0.35272445787222995,6.214764184541551,0.3900633560365703,0.9612214099806217,0.5758544977178652,11.394236285344066,0.5303610640132668,0.5507607049531081,0.57320612253237,0.8551370261397666,0.5397918073255358,10.242610100872026,0.4085788917260325,1.5841978602392042,0.9239788702214967,24.3570746701051,0.9708257776257638,0.9231179895888925,0.9185946767203912
0.99,0.9893462797895414,1.44979927710033,0.3384028238601085,0.3520189099354194,6.215401715459346,0.39002407532911304,0.9613200152292704,0.5750785339875801,11.3914485897424,0.5295218565993663,0.5497492915740434,0.5722546718831715,0.8554478076631442,0.5398803876669365,10.244651404673826,0.40863904494866965,1.5845135833881927,0.9227590204042521,24.327769937951125,0.9706453027642113,0.9225194761042839,0.9178258041780923
0.9925,0.9892994887434634,1.4512126500496199,0.3377700725478211,0.3513237653032197,6.216055124098184,0.38998519468703957,0.96142107624373,0.5743092181370996,11.388655894850215,0.5286931750348943,0.548749966490811,0.5713175089791015,0.8557383958562609,0.5399555235818941,10.24670537537189,0.4086995686829661,1.584831265693076,0.9217652888684467,24.304752103215304,0.9704501765139415,0.9219048834787437,0.9170408103698106
0.995,0.989252543675098,1.4526291904613027,0.33714802875906763,0.35063900926126246,6.216724375069519,0.38994672704586414,0.9615245875505464,0.5735466134151981,11.385859188790812,0.5278750454201754,0.5477627418230888,0.5703945860706826,0.856008790325853,0.5400172236260314,10.248771994005507,0.4087604903544259,1.5851509042212504,0.9213271924418426,24.296712009816225,0.9702404124631017,0.9212741974359017,0.9162396332748877
0.9975,0.9892054437875341,1.4540489759860624,0.3365366735117932,0.3499646261660909,6.217409428998602,0.3899086846169211,0.9616305430597294,0.5727907821999351,11.383059463211747,0.5270674923319915,0.5467876276029284,0.5694858532698575,0.8562589929711641,0.5400654981778495,10.250851236226504,0.4088218371271761,1.585472495206847,0.9208388361856288,24.287674427528664,0.970016026002275,0.920627405533617,0.9154222143608911
1.0,0.9891581882702484,1.4554720853866268,0.3359359868673722,0.34930059943405817,6.218110242540777,0.3898710788487706,0.9617389360672741,0.5720417858094294,11.380257709778602,0.5262705387898321,0.5458246317368678,0.5685912586199284,0.8564890080934677,0.540100359488742,10.25294307262061,0.4088836358604486,1.5857960341004373,0.9203001197412028,24.277635265861473,0.9697770343567755,0.9199644972644303,0.9145884989500962
1.0025,0.9891107762985204,1.4568985985180938,0.3353459479237259,0.3486469115319429,6.21882676841248,0.3898339203874505,0.9618497592599544,0.5712996843182921,11.377454916751507,0.5254842062238486,0.5448737599694276,0.5677107481629656,0.8566988424994698,0.5401218217256937,10.255047469090579,0.4089459130615292,1.586121515628289,0.9197109600094712,24.26659076158409,0.9695234566100449,0.9192854641319442,0.9137384365261634
1.0050000000000001,0.9890632070328649,1.4583285962621289,0.3347665348110032,0.3480035439695495,6.219558955437204,0.38979721903634007,0.9619630047224331,0.5705645363823686,11.374652065694312,0.5247085144450379,0.5439350158491535,0.5668442660057454,0.8568885055953523,0.5401299010048759,10.257164387296585,0.4090086948351429,1.5864489338604808,0.9190712919389978,24.25453749997872,0.9692553137158065,0.9185902996978004,0.9128719809678679
1.0075,0.9890154796185051,1.4597621604124948,0.33419772469000775,0.34737047729449816,6.220306748606325,0.3897609837164817,0.9620786639466695,0.5698363990741793,11.371850128361984,0.5239434816181278,0.5430084006982374,0.5659917543851521,0.8570580094680976,0.540124615414424,10.25929378514669,0.4090720068294995,1.586778282286762,0.9183810691975528,24.24147243349378,0.9689726284966186,0.917878999594659,0.9119890906984363
1.01,0.9889675931848969,1.4611993735117368,0.33363949375345875,0.34674769108934295,6.221070089154055,0.3897252224282669,0.9621967278435121,0.5691153277311182,11.369050063805345,0.5231891242375347,0.5420939135866287,0.5651531537337969,0.8572073689507924,0.5401059850248481,10.26143561732782,0.40913587417950986,1.5871095538986772,0.917640264712121,24.22739289741507,0.9686754256266846,0.9171515615016311,0.9110897287414815
1.0125,0.9889195468453253,1.4626403186418453,0.33309181723006986,0.3461351639710748,6.221848914645281,0.3896899422154304,0.9623171867562842,0.5684013758180336,11.366252815724362,0.522445457106667,0.5411915513113583,0.5643284027464035,0.857336601668849,0.5400740318857998,10.263589835865469,0.40920032144797264,1.5874427412761352,0.9168488710656213,24.21229662224197,0.9683637315974761,0.9164079850799621,0.9101738626776674
1.0150000000000001,0.9888713396965869,1.4640850791753022,0.3325546693913194,0.34553287359298324,6.222643159074479,0.3896551491323018,0.9624400304760832,0.5676945948053331,11.363459310092134,0.5217124933207165,0.5403013083816023,0.5635174384472678,0.8574457280645258,0.5400287800083042,10.265756390698428,0.4092653725658229,1.587777836676298,0.916006900742677,24.196181742548852,0.9680375746653054,0.9156482718683854,0.9092414644999735
1.0175,0.9888229708187702,1.4655337384968825,0.3320280235606737,0.34494079664876004,6.22345275297335,0.389620848215243,0.9625652482584282,0.5669950340632075,11.360670453061267,0.5209902442529749,0.5394231770097885,0.5627201962588432,0.857534771397771,0.5399702553320335,10.267935230253611,0.40933105077279885,1.5881148321224912,0.91511438622166,24.179046802225155,0.9676969847801684,0.9148724251393641,0.9082925103695666
1.02,0.9887744392751464,1.4669863797106255,0.331511852124921,0.34435890887864234,6.224277623524408,0.38958704345914213,0.9626928288408276,0.5663027407719882,11.357887129153644,0.5202787195445753,0.5385571471088052,0.5619366100712324,0.857603757722224,0.5398984856777534,10.27012630200531,0.4093973785601278,1.5884537194907,0.914171379915592,24.160890756113847,0.9673419934957348,0.9140804497193402,0.9073269802786837
1.0225,0.988725744112167,1.4684430853500186,0.33100612654716627,0.3437871850773028,6.225117694677289,0.3895537377997347,0.9628227604607698,0.5656177598480533,11.355110199723025,0.5195779270974249,0.5377032062951218,0.5611666123120853,0.8576527158361718,0.5398135006856819,10.27232955300311,0.4094643776170288,1.588794490591221,0.913177953970078,24.14171296820055,0.9669726338616361,0.9132723517780267,0.9063448576312773
1.025,0.9886768843595733,1.4699039371121936,0.3305108173809533,0.3432255991031135,6.225972887264431,0.3895209331023957,0.9629550308736139,0.5649401338840833,11.352340501668678,0.5188878730700123,0.5368613398973601,0.5604101340161203,0.8576816772093049,0.5397153317411153,10.27454493035338,0.40953206878299075,1.5891371372431349,0.9121341999318688,24.121513206636017,0.9665889403002613,0.9124481385935742,0.9053461287562931
1.0275,0.9886278590306004,1.4713690156382806,0.3300258942849002,0.3426741238883382,6.226843119112494,0.3894886301578726,0.963089627369823,0.5642699031018769,11.349578846367008,0.5182085618756631,0.5360315309695957,0.5596671048932058,0.8576906758872119,0.5396040118893006,10.276772381640649,0.40960047200788824,1.589481651339476,0.9110402283065699,24.100291635994317,0.9661909484710478,0.9116078183020312,0.9043307823720192
1.03,0.9885786671222623,1.4728384003615609,0.3295513260371796,0.3421327314497419,6.2277283051460275,0.38945682868522674,0.9632265367909985,0.5636071053153755,11.34682601877776,0.5175399961827001,0.5352137603083889,0.5589374533936576,0.8576797483766058,0.5394795757420757,10.279011855277037,0.40966960632205157,1.589828024901282,0.909896168028051,24.078048807268477,0.9657786951256982,0.91075139964077,0.9032988090227551
1.0325,0.9885293076156931,1.4743121694424237,0.32908708054913627,0.341601392899058,6.22862835748002,0.38942552734202346,0.9633657455441945,0.5629517759010244,11.344082776671739,0.5168821769158272,0.5344080064722999,0.5582211067691545,0.8576489335152437,0.5393420593792729,10.281263300770618,0.4097394898183996,1.5901762501190975,0.9087021658649508,24.054785646177592,0.9653522179577988,0.9098788916963905,0.9022502005108861
1.035,0.9884797794765122,1.4757903998042978,0.3286331248773216,0.34108007845272315,6.229543185498243,0.38939472374156087,0.9635072396140343,0.5623039477721736,11.341349849919116,0.5162351032579336,0.5336142458023889,0.5575179911274286,0.8575982723312942,0.5391915002482107,10.283526668906463,0.409810139648671,1.5905263193809778,0.9074583857910653,24.03050344039738,0.9649115554506684,0.9089903036679315,0.9011849493481369
1.0375,0.9884300816551854,1.4772731672778745,0.32818942523323547,0.3405687574402727,6.230472695914802,0.38936441447667436,0.9636510045722316,0.5617947062535008,11.341273620585504,0.5155987726514787,0.5328324524420002,0.5568280314786859,0.8575278078974824,0.5390279370647829,10.285801911837446,0.4098815720356497,1.590878225286532,0.9061650083461763,24.00520382632606,0.9644567467291766,0.9080856446560132,0.900103048249217
1.04,0.9883802130873456,1.4787605468525626,0.3277559469901025,0.3400673983108014,6.231416792816777,0.38933459514940866,0.9637970255841843,0.5613764318719296,11.34289907289117,0.5149731807986319,0.5320625983539594,0.5561511517715524,0.8574375851856606,0.5388514097196618,10.288088983085249,0.4099538023030551,1.59123196064708,0.9048222300120008,23.978888775957987,0.9639878314219258,0.9071649234877267,0.8990044896892704
1.0425,0.9883301726940401,1.4802526130248987,0.3273326546860721,0.3395759686369252,6.232375377686497,0.38930526040562363,0.9639452874124209,0.560964674462227,11.344522831995473,0.514358321659356,0.5313046533332029,0.5554872749162475,0.8573276509274553,0.5386619591929552,10.29038783745539,0.41002684492446584,1.5915875184725086,0.9034302626244782,23.951560584360035,0.9635048495389825,0.9062281485857514,0.8978892655435183
1.045,0.9882799593818844,1.481749440224495,0.3269195120233182,0.33909443511573306,6.233348349402616,0.3892764039734185,0.9640957744167653,0.5605594557199772,11.346145293498816,0.5137541874466311,0.5305585850128212,0.5548363227926657,0.8571980534863729,0.5384596274803151,10.292698430873095,0.4101007135922421,1.5919448919458872,0.9019893328388054,23.92322185813586,0.9630078413692594,0.9052753278883402,0.8967573668234528
1.0475,0.9882295720431026,1.4832511032900184,0.326516481862626,0.3386227635663029,6.234335604219779,0.389248018704125,0.9642484705511937,0.560160794509295,11.34776681693565,0.5131607686181024,0.5298243588615453,0.5541982162411302,0.8570488427461748,0.5382444575329923,10.295020720149566,0.4101754213069248,1.5923040743873167,0.9012771812277142,23.91450569335272,0.9624968474010426,0.9043064688246212,0.8956087835190927
1.05,0.9881790095554459,1.484757677961565,0.3261235262131807,0.33816091892345274,6.235337035727362,0.3892200966145564,0.9644033593574516,0.5597687067616673,11.349387723594935,0.5125780538636185,0.5291019381708523,0.553572875033762,0.8568800700195375,0.5380164932137101,10.29735466269035,0.4102509804869994,1.5926650592088238,0.9007359477641026,23.910626906307755,0.9619719082686042,0.9033215783471756,0.8944435045514939
1.0525,0.988128270782,1.4862692413524061,0.3257406062174213,0.3377088652275277,6.236352534788202,0.38919262892920486,0.964560423955578,0.5593832053575277,11.35100829401092,0.5120060300882979,0.528391284030114,0.5529602178247317,0.8566917879800163,0.5377757792695333,10.299700216158815,0.4103274030982381,1.5930278398623121,0.9001394723038565,23.90558427750149,0.9614330647265827,0.9023206630213696,0.893261517834287
1.055,0.9880773545708964,1.4877858723628972,0.32536768213098294,0.3372665656101607,6.237381989458824,0.3891656061211649,0.9647196470315665,0.5590042999882412,11.352628765079942,0.5114446823904019,0.52769235528858,0.5523601620780992,0.8564840506192468,0.5375223613221768,10.302057338108712,0.4104047008010853,1.5933924097827303,0.899487875970348,23.89937808579994,0.9608803576508942,0.9013037291684551,0.892062810437845
1.0575,0.9880262597549542,1.489307652002504,0.3250047132979173,0.33683398227610545,6.238425284892951,0.38913901795071604,0.9648810108224425,0.5586319969970932,11.35424932677522,0.5108939940336282,0.5270051085034514,0.5517726239725339,0.8562569132301753,0.5372562858754878,10.304425985599618,0.4104828851137414,1.593758762328595,0.8987812933434527,23.89200886786481,0.9603138280623722,0.9002707830573522,0.8908473688451871
1.06,0.9879749851512949,1.4908346635921046,0.3246516581215563,0.33641107648140156,6.239482303230451,0.38911285350071567,0.9650444970990858,0.5582662991990175,11.355870118452614,0.5103539464145957,0.5263294978738842,0.5511975182829375,0.8560104324160367,0.5369776003391954,10.30680611480852,0.41056196758776287,1.5941268907219148,0.8980198727860952,23.883477426600333,0.9597335171712768,0.8992218311383159,0.8896151792851874
1.0625,0.987923529560971,1.4923669928274415,0.32430847403155505,0.33599780850830613,6.240552923473994,0.389087101208222,0.9652100871471543,0.5579072056801363,11.357491224764845,0.5098245190260494,0.5256654751614231,0.5506347582398302,0.855744666123818,0.5366863530674769,10.309197680649477,0.41064195999215847,1.5944967879893646,0.8972037767621855,23.87378483914953,0.959139466443873,0.8981568803105676,0.8883662281263499
1.065,0.9878718917686494,1.4939047276948831,0.3239751174478234,0.3355941376375912,6.241637021355946,0.3890617488920556,0.9653777617464961,0.5575547115796555,11.359112671229413,0.5093056894165108,0.5250129895980926,0.5500842553683123,0.8554596737001537,0.5363825934104872,10.311600636411608,0.41072287450116146,1.5948684469062937,0.8963331821183541,23.86293246377272,0.9585317176912433,0.897075938215462,0.8871005023134519
1.0675000000000001,0.9878200705423977,1.4954479582415794,0.3236515437422111,0.33520002211896965,6.242734469198059,0.3890367837763081,0.9655475011494488,0.5572088078582222,11.360734419524997,0.5087974331474746,0.5243719877841562,0.5495459193094283,0.8551555159669927,0.5360663717767344,10.31401493342353,0.41080472388013806,1.5952418599448261,0.8954082803046745,23.85092194501323,0.9579103131769537,0.8959790135469045,0.8858179898297908
1.07,0.9877680646336003,1.4969967762126706,0.32333770719896393,0.33481541914055907,6.243845135766674,0.38901219251007946,0.9657192850584437,0.5568694810583881,11.362356362620625,0.5082997237494292,0.5237424135783071,0.5490196576278001,0.8548322553139969,0.5357377397040609,10.3164405207503,0.41088752166349735,1.5956170192269865,0.8944292775142683,23.837755216675273,0.9572752957363735,0.8948661163714295,0.8845186801694311
1.0725,0.9877158727770339,1.4985512745776088,0.32303356097509184,0.33444028479841736,6.244968886126303,0.3889879611839611,0.9658930926033601,0.556536713064252,11.363978319869934,0.507812532678162,0.5231242079838063,0.5485053756103972,0.8544899558044522,0.5353967499370045,10.31887734492649,0.41097128231803987,1.5959939164834163,0.8933963947279817,23.823434502298113,0.9566267089012921,0.8937372584515717,0.8832025648065908
1.075,0.98766349369111,1.5001115469753359,0.3227390570618961,0.33407457406728275,6.246105581494554,0.38896407534395805,0.966068902319086,0.5562104808685764,11.3656000322269,0.5073358292730012,0.5225173090347148,0.5480029760622245,0.8541286832914703,0.5350434565084209,10.32132534972726,0.41105602138497016,1.5963725430179658,0.8923098676576026,23.807962312995684,0.9559645970296776,0.8925924535676512,0.8818696376527164
1.0775000000000001,0.9876109260782777,1.501677687113707,0.32245414624896795,0.3337182407737118,6.247255079101607,0.3889405200036464,0.9662466921237852,0.5558907563565548,11.367221157757841,0.5068695807188311,0.521921651686889,0.5475123591054536,0.8537485055414016,0.5346779148234411,10.32378447597715,0.41114175559383515,1.5967528896781207,0.8911699465888117,23.791341442726406,0.955289005441725,0.8914317178347948,0.8805198954956135
1.08,0.9875581686255731,1.503249788162128,0.32217877809200596,0.3333712375728268,6.24841723205766,0.38891727965539696,0.9664264392983939,0.5555775061159043,11.368841267635249,0.5064137520138797,0.5213371677187502,0.5470334219890461,0.8533494923616096,0.5343001817440578,10.326254661395144,0.4112285029419751,1.5971349468310376,0.8899768961324596,23.773574961246634,0.9545999805606777,0.890255070013635,0.8791533384187147
1.0825,0.9875052200052727,1.5048279421780042,0.3219129008857765,0.33303351592985775,6.24959188923189,0.3888943382814515,0.9666081204679007,0.5552706912829437,11.370459842800685,0.5059683059447698,0.5207637856469631,0.5465660589161552,0.8529317157300513,0.5339103156728789,10.328735840473351,0.41131628273370663,1.5975187043447825,0.8887309948992532,23.754666205167,0.9538975700561627,0.8890625318145899,0.8777699702019088
1.085,0.9874520788756113,1.506412239607413,0.3216564616434814,0.3327050261075841,6.250778895146723,0.38887167936554007,0.9667917115849941,0.5549702674337975,11.372076271475471,0.5055332030701882,0.5202014306620532,0.5461101608965043,0.8524952499243971,0.5335083766348055,10.331227944386024,0.41140511557440534,1.597904151574255,0.8874325351179192,23.734618767658493,0.9531818229884893,0.8878541281967316,0.8763697987079481
1.0875000000000001,0.9873987438814994,1.5080027688985398,0.3214094060836687,0.33238571716064574,6.25197808989129,0.3888492859055761,0.9669771879166755,0.554676184528799,11.373689847679419,0.5051084017152526,0.5196500245886218,0.5456656156305,0.8520401716487229,0.5330944263555888,10.333730900925485,0.4114950233159237,1.598291277351282,0.8860818222199323,23.713436487433558,0.9524527899530367,0.8866298876629105,0.8749528362600507
1.09,0.9873452136551821,1.509599616262846,0.3211716786256533,0.3320755369375171,6.253189309057901,0.38882714042778604,0.9671645240344354,0.5543883869166062,11.375299770889251,0.5046938579777533,0.5191094858742146,0.545232307431044,0.8515665601560655,0.532668528336373,10.33624463446171,0.4115860289513311,1.5986800699783648,0.884679174414685,23.69112343764776,0.9517105232232701,0.8853898425529796,0.8735191000168201
1.0925,0.987291486816765,1.511202865613505,0.3209432223941893,0.3317744320907089,6.2544123837053345,0.38880522500244,0.9673536938085745,0.5541068134025523,11.376905146931543,0.5042895257470018,0.5185797296100415,0.5448101171878882,0.8510744973653529,0.5322307479234418,10.338769065922998,0.41167815645876454,1.599070517225688,0.883224922277402,23.66768391532773,0.9509550768898446,0.8841340293366005,0.8720686123498925
1.095,0.9872375619745399,1.5128125987032357,0.3207239792338783,0.33148234809550525,6.2556471403525,0.388783521261163,0.9675446704072238,0.5538313973834357,11.378504990161574,0.5038953567357015,0.518060667585715,0.5443989223779697,0.8505640679714239,0.5317811523724554,10.341304112796072,0.4117714305961688,1.5994626063311386,0.8817194083682076,23.64312243183015,0.9501865069954433,0.882862488906259,0.8706014012278978
1.0975,0.9871834377250461,1.5144288954741514,0.32051388973351097,0.3311992292772694,6.256893401005637,0.3887620104156436,0.9677374263005515,0.5535620670484636,11.380098226932171,0.5035113005248433,0.51755220837898,0.5439985971235581,0.8500353595470048,0.5313198109064918,10.343849689145655,0.4118658766507936,1.5998563240033306,0.8801629868947084,23.61744370468023,0.9494048716650916,0.8815752668698066,0.869117500607412
1.1,0.987129112652808,1.5160518346207343,0.32031289326024803,0.33092501884706516,6.25815098322189,0.38874067327742934,0.9679319332705955,0.553298745643523,11.381683700308214,0.5031373046212241,0.5170542574801424,0.5436090122983075,0.8494884626356399,0.5308467947672022,10.346405705654956,0.41196152014942233,1.6002516564278682,0.8785560234226119,23.590652650932835,0.9486102312302815,0.8802724138401359,0.8676169508278532
1.1025,0.9870745853297019,1.5176814943540333,0.3201209280032572,0.3306596589450783,6.259419700211439,0.3887194902784172,0.9681281624270603,0.5530413517935577,11.383260175936014,0.5027733145269064,0.516566717449623,0.5432300356795674,0.8489234708346788,0.5303621772583407,10.348972069690987,0.41205838653730675,1.600648589277448,0.8768988946295652,23.56275438195607,0.9478026483443328,0.8789539857175859,0.8660997990028324
1.105,0.987019854313921,1.5193179533413381,0.3199379310261642,0.3304030906910793,6.2606993609798876,0.388698441491623,0.9683260842293396,0.5527897998756809,11.38482634893515,0.5024192738192228,0.5160894881058383,0.542861532143628,0.8483404808674752,0.5298660337808625,10.351548685400603,0.4121565008355756,1.6010471077267137,0.8751919880871692,23.533754199267744,0.9469821880856711,0.8776200439584539,0.8645660993956901
1.1075,0.9869649181485236,1.5209612917820676,0.31976383832744937,0.33015525424097214,6.261989770511879,0.3886775066518457,0.9685256685149153,0.5525440004339294,11.386380851645777,0.5020751242395225,0.515622466739521,0.5425033638990974,0.8477395926439848,0.5293584418586721,10.354135453845835,0.41225588728834717,1.601447196473187,0.8734357020454653,23.503657590774136,0.9461489180483187,0.8762706558206552,0.8630159137620272
1.11,0.9869097753595683,1.5226115925685584,0.319598584907746,0.3299160888483316,6.263290729996236,0.38865666517593694,0.9687268845341799,0.5523038606253047,11.387922262038945,0.5017408057892838,0.5151655483496823,0.542155390752368,0.8471209093089247,0.5288394811539879,10.356732273189117,0.4123565690117999,1.6018488397659159,0.871630445183878,23.472470226485807,0.9453029084179516,0.8749058945753253,0.8614493116374142
1.1125,0.9868544244538613,1.5242689424710403,0.3194421048428694,0.3296855329297385,6.2646020370921365,0.3886358961825407,0.9689297009916046,0.5520692846860565,11.389449112582172,0.5014162568314993,0.5147186258957548,0.541817470398231,0.8464845372765909,0.5283092334711608,10.359339038941053,0.41245856765795164,1.602252021443798,0.8697766362833437,23.44019795253695,0.9444442320305443,0.8735258396710966,0.8598663705444504
1.115,0.9867988639163596,1.525933433280282,0.31929433136132995,0.32946352413269375,6.2659234862349225,0.3886151785113653,0.9691340860930387,0.551961184174303,11.393457755557517,0.5011014141953251,0.5142815905600501,0.5414894587281325,0.8458305862513569,0.5277677827476762,10.361955644284498,0.4125619031057956,1.602656724985703,0.8678747037671511,23.406846782136334,0.9435729644097717,0.8721305768362128,0.8582671760905249
1.1175,0.9867430922072986,1.5276051628396095,0.31915519692504934,0.3292499994049081,6.26725486897918,0.388594490742291,0.969340007598772,0.551862250899725,11.397530002199119,0.5007962132822427,0.5138543320145401,0.5411712101483789,0.84515916923276,0.5272152150310241,10.364581980488706,0.41266659319170346,1.60306293357453,0.865925085053882,23.372422881957565,0.9426891837772235,0.8707201981027585,0.8566518219263878
1.12,0.9866871077591202,1.529284235900335,0.31902463331199543,0.32904489506382173,6.2685959743755575,0.3885738112148707,0.9695474328818174,0.551768310482634,11.40158018906893,0.5005005881712711,0.5134367386861165,0.5408625779007445,0.8444704025040134,0.5266516184401422,10.367217937426004,0.41277265348963654,1.6034706301771169,0.8639282256658508,23.336932552460606,0.9417929710316442,0.8692948017374047,0.8550204095366308
1.1225,0.9866309089733004,1.5309707647405963,0.3189025716994661,0.3288481468652918,6.269946589376463,0.3885531180490264,0.9697563289906579,0.5516792527685063,11.405606512292893,0.5002144717207962,0.5130286980148664,0.5405634143783763,0.8437644056027354,0.5260770831103018,10.369863404200029,0.4128800971497592,1.6038797976414125,0.8618845780417019,23.300382200755383,0.9408844096951178,0.8678544920644621,0.8533730478368123
1.125,0.9865744942171838,1.5326648694964413,0.31878894274677466,0.3286596900704776,6.27130649926448,0.3885323891679642,0.969966662715509,0.5515949670120249,11.409607168174446,0.4999377956664937,0.5126300967004751,0.5402735714305614,0.8430413012727147,0.5254917011205911,10.372518269889355,0.41298893480161014,1.6042904188114886,0.8597946000131275,23.262778304893715,0.9399635858224362,0.8663993791699135,0.8517098525586603
1.1275,0.9865178618209343,1.5343666781647918,0.3186836766760963,0.3284794595100474,6.272675488095687,0.38851160232448245,0.9701784006568864,0.5515153422965506,11.413580361617372,0.4996704907139055,0.5122408209325788,0.5399929006507462,0.8423012153956319,0.5248955664036175,10.375182424402597,0.4130991745252054,1.6047024766597968,0.8576587529235837,23.224127368922694,0.9390305878704663,0.8649295784796421,0.8500309454147482
1.1300000000000001,0.9864610100747256,1.536076326249872,0.31858670335023626,0.3283073896449009,6.274053339148708,0.3884907351319241,0.9703915092950585,0.5514402679113528,11.417524313759836,0.49941248662448434,0.5118607566016611,0.5397212536430739,0.8415442769018318,0.5242887746376305,10.37785575943168,0.4132108218904845,1.605115954434609,0.8554774993912543,23.184435868651622,0.9380855065263536,0.8634452102111908,0.8483364530470946
1.1325,0.9864039372262865,1.5377939560371552,0.3184979523460551,0.32814341462264973,6.2754398353688865,0.38846976510099795,0.9706059550587461,0.551369633682529,11.421437268725336,0.49916371229422635,0.5114897894878488,0.5394584822635751,0.8407706176594777,0.5236714231219838,10.380538169478681,0.41332388006256265,1.6055308358188356,0.853251300748642,23.143710188858236,0.9371284344951808,0.8619463987059716,0.8466265057798721
1.135,0.9863466414789143,1.539519715491647,0.318417353022251,0.327987468329123,6.276834759795844,0.3884486696835663,0.970821704391252,0.5513033302549718,11.42531749942327,0.4989240958241802,0.5111278054256615,0.5392044388329132,0.8399803723416787,0.5230436106376133,10.383229552919586,0.4134383499675054,1.6059471050945546,0.8509806142254395,23.101956553549737,0.9361594662493262,0.8604332716574047,0.844901236213886
1.1375,0.9862891209900692,1.5412537567904228,0.3183448345801514,0.3278394844341498,6.278237895961965,0.38842742632426663,0.9710387238120932,0.551241249323929,11.429163312355662,0.49869356458224035,0.5107746904433411,0.538958976318212,0.8391736782714595,0.5224054372949551,10.385929813056457,0.413554230510964,1.606364747305748,0.8486658899773893,23.05918095184232,0.9351786977441242,0.8589059592594629,0.8431607777184726
1.1400000000000001,0.986231373870647,1.542996234513084,0.3182803261161294,0.3276993964308484,6.279649028249104,0.38840601252052476,0.971256979972172,0.5511832838156105,11.432973051405368,0.4984720452557172,0.5104303308758029,0.5387219484819442,0.8383506752446892,0.5217570043723967,10.3886388590987,0.4136715188401302,1.6067837484100707,0.8463075680987555,23.015389062952703,0.9341862261068244,0.8573645933087193,0.8414052628934041
1.1425,0.986173398185014,1.5447473035285906,0.3182237566642408,0.32756713766761303,6.2810679421911635,0.38838440589114986,0.9714764397005748,0.5511293280169077,11.436745100595559,0.4982594638942094,0.5100946134505213,0.5384932099961418,0.8375115053313212,0.5210984141488606,10.391356607006244,0.41379021063814125,1.6072040954092632,0.8439060757863576,22.970586184620295,0.9331821493077915,0.8558093063004544,0.83963482208754
1.145,0.9861151919518726,1.5465071166330762,0.31817505522770395,0.3274426413719629,6.282494424711226,0.38836258425330933,0.9716970700412494,0.5510792776546046,11.440477885819416,0.49805574594229524,0.5097674253457802,0.5382726165203231,0.8366563126555361,0.5204297697344409,10.39408298012307,0.4139103004393036,1.6076257764471387,0.8416098368834289,22.928809608323785,0.9321665658242723,0.8542402305648236,0.8378495820707493
1.1475,0.9860567531460013,1.5482758220107782,0.3181341507979225,0.32732584066541437,6.283928264283626,0.38834052570730115,0.971918838278071,0.5510330299245644,11.444169875544473,0.49786081626153145,0.5094486542207478,0.5380600247415758,0.8357852431556555,0.5197511749031016,10.396817909530185,0.4140317819532081,1.6080487808641757,0.8399652659640263,22.904964163497066,0.9311395743079938,0.8526574974918512,0.8360496649595763
1.1500000000000001,0.9859980797008833,1.5500535606087655,0.3181009723599097,0.327216668568583,6.2853692510135994,0.3883182087282025,0.9721417119471627,0.5509904834713163,11.447819580498669,0.49767459914124257,0.5091381882168434,0.5378552923752765,0.8348984443250977,0.5190627339313407,10.399561334053308,0.41415464838586513,1.6084730991987073,0.8382734563632491,22.880020087252074,0.9301012732682787,0.8510612368936435,0.8342351874944005
1.1525,0.9859391695122065,1.5518404635347727,0.3180754488832126,0.3271150579958264,6.286817176630008,0.3882956122631917,0.9723656588357692,0.5509515383183683,11.451425552346672,0.4974970182976133,0.5088359159298992,0.5376582781250338,0.833996064936225,0.5183645514464456,10.402313199872191,0.414278892746212,1.608898723126496,0.8365346197669796,22.85397712629207,0.9290517607822316,0.8494515765485645,0.8324062607561296
1.155,0.9858800204421733,1.5536366496047007,0.3180575092977671,0.32702094173892116,6.2882718343897,0.3882727158331341,0.9725906469674652,0.5509160957495524,11.454986381367277,0.4973279968606816,0.5085417263527966,0.5374688416007081,0.8330782547497766,0.5176567322875906,10.405073459695737,0.4144045081265659,1.6093256453331506,0.8347489484866377,22.826834452370573,0.9279911342429471,0.8478286419653791,0.8305629903942419
1.1575,0.9858206303245252,1.5554422231801022,0.31804708245453867,0.3269342524395359,6.2897330188954825,0.38824949963687916,0.9728166445740009,0.5508840581418624,11.458500693147666,0.4971674573490567,0.5082555087886043,0.5372868431938692,0.8321451642137214,0.516939381382628,10.407842071488648,0.41453148794567374,1.6097538593171807,0.8329166170127217,22.79859070269418,0.926919490155741,0.8461925563960861,0.8287054774163302
1.16,0.985760996970134,1.5572572724438114,0.31804409707130804,0.3268549225506117,6.291200525832857,0.38822594465661325,0.9730436200545843,0.5508553287506897,11.461967144319516,0.497015321632534,0.507977152734828,0.5371121439108356,0.831196944156811,0.5162126036430691,10.41061899675999,0.41465982614287406,1.6101833591252939,0.8310377847071915,22.76924405033811,0.9258369239912632,0.8445434411151074,0.8268338195639461
1.1625,0.9857011181729761,1.559081868261055,0.31804848166453437,0.3267828842871945,6.29267415163388,0.38820203276253196,0.9732715419238914,0.5508298114491388,11.465384417376457,0.4968715108831983,0.5077065477401956,0.5369446051645234,0.8302337454838113,0.5154765038795109,10.413404198450133,0.4147895173115627,1.6106141390255737,0.8291125996625096,22.73879230570482,0.9247435301028902,0.8428814159706465,0.8249481132724746
1.165,0.9856409917162634,1.5609160637614836,0.3180601644688365,0.32671806956774274,6.294153693079246,0.3881777468149914,0.9735003787505206,0.5508074104242487,11.468751214633047,0.4967359455161615,0.5074435832364165,0.5367840885276771,0.829255718881248,0.5147311867396411,10.416197638478378,0.41492055675978823,1.6110461931281777,0.827141203706606,22.70723304879882,0.9236394017136097,0.8412066002023295,0.8230484561860929
1.1675,0.9855806153784772,1.5627598947527896,0.3180790733462504,0.3266604099474585,6.295638946851913,0.388153070762152,0.9737300990879539,0.5507880298344122,11.472066251411132,0.4966085451216893,0.507188148348516,0.536630455451621,0.8282630145443393,0.513976756670973,10.418999275036798,0.41505294048562147,1.611479514966782,0.8251237384851656,22.674563790830938,0.9225246309747702,0.8395191135085811,0.8211349501744851
1.17,0.9855199869390316,1.5646133810383995,0.3181051356879997,0.326609836545682,6.29712970905749,0.38812798973091683,0.9739606714003766,0.5507715734339821,11.47532824856974,0.4964892283910965,0.5069401316885292,0.5364835669562953,0.8272557819374365,0.513213317910545,10.421809059735608,0.41518666505526886,1.6119140970570647,0.8231297275747725,22.642690535010605,0.9213993090976741,0.8378190773381996,0.8192077047772895
1.1725,0.985459104183293,1.5664765286613491,0.3181382783120173,0.3265662799698472,6.298625774727735,0.3881024901087062,0.9741920639858834,0.5507579441728538,11.478535924526662,0.4963779130393444,0.5066994211384473,0.5363432832989545,0.8262341696015001,0.5124409745039253,10.424626934719617,0.41532172737304784,1.6123499304507138,0.8211127753139829,22.61033504900625,0.9202635265592672,0.836106616373625,0.8172668409860309
1.175,0.985397964906687,1.5683493330369058,0.3181784273598303,0.32652967023883683,6.300126937324208,0.3880765596133139,0.9744242448997114,0.5507470437805477,11.481687986951606,0.4962745157276799,0.5064659036292026,0.5362094636303176,0.8251983250226983,0.5116598303558575,10.427452829883665,0.415458124334589,1.6127870043047468,0.8190481479237104,22.576810951335357,0.9191173733806645,0.8343818601684108,0.8153124952616404
1.1775,0.9853365669176686,1.5702317828728112,0.31822550819663126,0.32649993670878175,6.301632988259304,0.38805018734783153,0.9746571818801582,0.5507387723458183,11.484783124339206,0.4961789519898755,0.5062394649230717,0.5360819656480671,0.8241483945759072,0.5108699893146803,10.430286660316753,0.4155958523581498,1.6132253054862002,0.8169363026757124,22.54212405822656,0.9179609394744253,0.8326449448981386,0.81334482367801
1.18,0.9852749080393632,1.572123864714375,0.31827944531838726,0.3264770080043882,6.303143716451546,0.3880233638374575,0.9748908422798006,0.5507330279039445,11.487819997693002,0.49609113616573247,0.5060199894070829,0.5359606452583003,0.8230845235555541,0.5100715552921345,10.43312832409987,0.41573490679370034,1.6136648182315259,0.8147777457767699,22.506281474560918,0.9167943150586144,0.8308960151818523,0.8113640060773621
1.1825,0.9852129861097588,1.574025567898881,0.3183401622696653,0.32646081195872767,6.304658907931323,0.3879960810450234,0.9751251930045159,0.5507297060445364,11.490797232567193,0.49601098134537563,0.5058073599048577,0.5358453562558143,0.822006856303748,0.5092646324192217,10.435977700571751,0.41587528121527967,1.6141055238783593,0.8125730385360164,22.46929176619227,0.9156175911364267,0.8291352259294086,0.809370250120305
1.185,0.9851507989803888,1.5759368896659565,0.3184075815755132,0.3264512755641282,6.306178345512192,0.38796833236233874,0.9753602004626418,0.5507286995529007,11.49371341172128,0.4959383993274705,0.5056014575138308,0.5357359500339979,0.8209155364419541,0.508449325237375,10.43883464916055,0.41601696660861526,1.6145474006848193,0.8103228028695574,22.431165115758496,0.9144308600355707,0.8273627441682777,0.8073637951111257
1.1875,0.9850883445135239,1.5778578401521406,0.3184816246902551,0.3264483249363742,6.307701808541479,0.38794011257504063,0.975595830526403,0.5507298980978373,11.496567068644511,0.49587330059377727,0.505402161474129,0.5356322753347216,0.8198107072076253,0.5076257389222664,10.441699008858935,0.4161599504725976,1.6149904237483206,0.8080277259292928,22.391913456192576,0.9132342159967828,0.8255787508007959,0.8053449154763827
1.19,0.9850256205779555,1.5797884470007355,0.31856221196551604,0.32645188529393915,6.309229072742366,0.38791141779955784,0.9758320485074876,0.5507331879783245,11.499356682204349,0.4958155943018869,0.5052093490746966,0.535534178048131,0.8186925118913313,0.5067939795351869,10.444570598395838,0.4163042158592494,1.6154345650321384,0.805688563649163,22.351550576256475,0.9120277557969735,0.8237834422395319,0.8033139237720136
1.1925000000000001,0.9849626250435178,1.5817287593410636,0.3186492626392369,0.32646188095349793,6.310759910157799,0.3878822453920489,0.9760688191483711,0.5507384519410896,11.502080672669006,0.49576518829777816,0.5050228956017226,0.5354415010718286,0.8175610943632864,0.5059541542941605,10.44744921713184,0.41644974038169225,1.615879793503896,0.8033061430116846,22.310092192631082,0.9108115793884133,0.8219770318644529,0.8012711730915436
1.195,0.984899355774544,1.5836788509308666,0.3187426948469637,0.3264782353425709,6.31229408920463,0.3878525938306844,0.9763061066306903,0.5507455690807045,11.504737399350239,0.4957219891493149,0.5048426743342121,0.5353540842387439,0.8164165996711081,0.5051063718539743,10.45033464667724,0.4165964952227475,1.616326075385826,0.8008813628522903,22.267555983447394,0.9095857905316612,0.8201597512415868,0.7992170587468648
1.1975,0.9848358106224926,1.5856388223062716,0.3188424256563204,0.32650087102987496,6.313831374844201,0.38782246257430575,0.9765438746016276,0.5507544148336974,11.507325160110502,0.4956859022015034,0.5046685565917038,0.5352717643230874,0.8152591746836281,0.5042507425813736,10.453226653203744,0.41674444417788536,1.616773374512315,0.7989813175138082,22.239719706355757,0.9083504973965811,0.818331851039881,0.7971520190953659
1.2,0.9847719874180091,1.5876088018396688,0.318948371125334,0.3265297097738295,6.315371528873242,0.387791851902167,0.9767820862189025,0.5507648610781896,11.509842192977015,0.4956568316543839,0.5045004118396472,0.5351943751341166,0.8140889687491856,0.5033873788090671,10.456124990393025,0.41689354276516466,1.6172216527859475,0.7977234284598084,22.229901739780374,0.907105813102071,0.8164936015821453,0.7950765353951684
1.2025000000000001,0.9847078839627007,1.5895889456619114,0.31906044638513287,0.3265646725896461,6.316914310336278,0.38776076274096827,0.9770207042145587,0.5507767763505397,11.512286680100276,0.4956346806646304,0.5043381078586222,0.5351217477077849,0.8129061343316936,0.5025163950502963,10.459029402939118,0.4170437374318074,1.6176708707192142,0.7964185080405537,22.218933099885717,0.905851856162395,0.8146452929686431,0.7929911305859931
1.205,0.9846434980209132,1.5915794364583034,0.31917856574741627,0.32660567983545513,6.318459476057746,0.38772919648656773,0.9772596909772644,0.5507900261900852,11.514656754280304,0.495619351472138,0.504181510984126,0.5350537106063588,0.8117108275844938,0.5016379081548474,10.461939630497394,0.41719496488257485,1.6181209880452891,0.7950672584446516,22.20682631677263,0.9045887508075005,0.8127872347192044,0.7908963669184828
1.2075,0.9845788273118076,1.593580481197033,0.31930264283690213,0.32665265131790194,6.320006781288611,0.387697154828441,0.9774990086523231,0.5508044736218218,11.516950508252014,0.4956107455529789,0.5040304864236497,0.5349900903353217,0.8105032088211781,0.5007520373878601,10.464855411951904,0.417347151549808,1.618571964378047,0.7936704297529742,22.193595214796257,0.9033166271464481,0.8109197548923188,0.7887928423902711
1.21,0.9845138695020207,1.595592307895076,0.3194325907485854,0.3267055064174527,6.321555980458465,0.38766463958504654,0.9777386192579984,0.5508199797843224,11.519166006864104,0.49560876379996266,0.5038848986568465,0.5349307118848967,0.8092834428444902,0.4998589044147644,10.467776489855497,0.4175002132195741,1.6190237598988069,0.7922288130099305,22.179254738282605,0.9020356211473557,0.809043198657677,0.7866811859922455
1.2125000000000001,0.9844486221991963,1.5976151615719616,0.3195683222290001,0.32676416423321236,6.323106828019899,0.38763165255769966,0.9779784848161117,0.5508364047059592,11.521301302197099,0.4956133067313909,0.5037446119223868,0.5348753993999397,0.8080516990992805,0.4989586331792058,10.470702614884981,0.41765405482348733,1.6194763360453992,0.7907432316655351,22.163820732783073,0.900745874414024,0.8071579263213146,0.7845620518212055
1.215,0.9843830829466368,1.5996492995872575,0.31970974987972606,0.3268285437463033,6.324659079367666,0.3875981954093725,0.9782185674942052,0.550853608226394,11.52335445154368,0.4956242747273901,0.5036094907914355,0.5348239769766299,0.806808151623058,0.49805134966572756,10.473633550146934,0.4178085704019368,1.6199296561781347,0.7892145315904161,22.14730968695606,0.8994475337481175,0.8052643108284567,0.7824361121721102
1.2175,0.984317249219297,1.601694986602118,0.31985678638013065,0.32689856399979766,6.326212491810895,0.3875642695731253,0.9784588297559136,0.5508714510524393,11.525323538020269,0.49564156829148337,0.5034794008225825,0.5347762695773799,0.8055529787774532,0.497137181544902,10.476569075169966,0.4179636432418893,1.620383686197277,0.7876435699500255,22.12973844244152,0.898140750495961,0.8033627347962281,0.7803040497797342
1.22,0.984251118421275,1.603752489444648,0.3200093447248821,0.3269741442919012,6.327766825572998,0.38752987619278567,0.9786992345156156,0.5508897959281763,11.527206693401379,0.49566508833290307,0.5033542092868165,0.5347321040471091,0.8042863627550975,0.49621625770504796,10.479508989426494,0.41811914619109786,1.6208383950877463,0.7860312032977823,22.111123881102028,0.8968256796898607,0.8014535871540527,0.7781665494307257
1.2225,0.9841846878848809,1.6058220721861818,0.3201673384702464,0.3270552043776893,6.329321844791034,0.38749501609622655,0.9789397452930036,0.550908508889359,11.529002122580799,0.49569473646274603,0.5032337859442285,0.5346913102051104,0.8030084888680368,0.4952887076810024,10.482453115242027,0.41827494215010774,1.6212937553690916,0.7843782753024342,22.09148260055091,0.895502479004083,0.7995372594912903,0.7760242892076616
1.225,0.9841179548712613,1.6079039917421818,0.32033068198178316,0.32714166467334965,6.330877318484941,0.3874596897993657,0.9791803263629923,0.5509274605625288,11.530708128882702,0.49573041529471107,0.5031180038472626,0.5346537219780184,0.8017195446348361,0.494354660996048,10.48540129997194,0.4184308847434124,1.6217497434321655,0.7826856045563473,22.070830589805247,0.8941713075546314,0.7976141422271478,0.7738779316524526
1.2275,0.9840509165724552,1.6099984942892014,0.32049929067496435,0.3272334464557852,6.332433021467119,0.38742389753702305,0.9794209428964016,0.5509465274609491,11.532323139290387,0.49577202873915094,0.5030067401392654,0.5346191785318031,0.8004197186930267,0.4934142464374774,10.488353417354164,0.4185868191708701,1.6222063397483424,0.7809539729144805,22.049182917072333,0.8928323245787532,0.795684620725646,0.771728115144425
1.23,0.9839835701146459,1.6121058127330128,0.3206730812396371,0.32733047204973614,6.3339887351647794,0.38738763931520104,0.9796615610871466,0.5509655932233521,11.53384572854719,0.49581948227772504,0.5028998768125365,0.5345875253551203,0.7991091995707981,0.4924675912890655,10.491309367979348,0.418742583239497,1.6226635289422364,0.779184114786884,22.026553441052435,0.8914856880342422,0.7937490714777579,0.7695754457775524
1.2325,0.9839159125622826,1.6142261653726624,0.3208519718392328,0.327432664994394,6.335544248331074,0.38735091497831137,0.9799021482622271,0.5509845497384173,11.535274641028497,0.4958726832055367,0.502797301387691,0.5345586152434988,0.7977881743564177,0.49151482054474593,10.494269078856039,0.41889800857357584,1.6231212997244497,0.7773767077521706,22.002954555749167,0.8901315531598225,0.7918078584641134,0.7674204899925019
1.235,0.9838479409226831,1.6163597557874245,0.32103588227625396,0.32753995018188986,6.33709935762601,0.38731372428443567,0.9801426729715749,0.5510032980983703,11.536608809294993,0.49593154082803126,0.5026989074763206,0.5345323091341934,0.7964568273056702,0.4905560561271363,10.497232502084316,0.41905292199744637,1.6235796446864257,0.775532364780148,21.978396976734054,0.8887700710360635,0.7898613297962616,0.7652637681753155
1.2375,0.9837796521507068,1.618506773841153,0.3212247341167996,0.3276522539609977,6.338653868054158,0.3872760669818728,0.9803831050557544,0.5510217493293688,11.537847368320207,0.495995966601208,0.5026045951918712,0.5345084767453282,0.795115338426883,0.48959141613248475,10.500199612685055,0.41920714708038986,1.6240385599647085,0.7736516282558887,21.95288957429957,0.8874013871821818,0.7879098147143809,0.7631057493799592
1.24,0.9837110431531035,1.6206673975687167,0.32141845076862924,0.32776950420086454,6.340207593252528,0.3872379428809594,0.9806234156904869,0.5510398248543383,11.53898966453855,0.4960658742060035,0.5025142713792868,0.5344869969800841,0.7937638820802831,0.488621014120529,10.503170405660244,0.41936050582690504,1.6244980447862685,0.7717349658942104,21.92643925619412,0.8860256402190101,0.7859536209970727,0.7609468472720676
1.2425,0.9836421107922251,1.6228417956009713,0.3216169575093748,0.3278916303114166,6.341760355628159,0.3871993519163767,0.9808635774079308,0.5510574566553125,11.5400352590773,0.496141179550789,0.5024278496420095,0.5344677580668246,0.7924026256241596,0.48764495846413336,10.506144892381268,0.41951282048878796,1.6249581009098883,0.7697827685327815,21.89905089993037,0.8846429606233198,0.7839930328169401,0.7587874173315662
1.245,0.9835728518888863,1.6250301297150345,0.321820181463798,0.32801856321915934,6.343311986350387,0.3871602941967504,0.9811035640954868,0.5511358102126247,11.542266101094384,0.4962218006995369,0.5023452501548953,0.5344506574186549,0.7910317281352223,0.4866633517698834,10.509123096414896,0.41966391546825715,1.6254187319805788,0.7677953497035491,21.870727332254816,0.8832534695938359,0.7820283090563193,0.7566277552977829
1.2475,0.9835032632243034,1.6272325570774728,0.3220280515313074,0.3281502352992347,6.34486232520696,0.3871207700402036,0.9813433509735424,0.5512227611309305,11.54459166025641,0.49630765772712626,0.5022663992628951,0.5344356012101842,0.7896513392253538,0.4856762903774641,10.512105048901063,0.4198136192744411,1.6258799428146726,0.765772946813847,21.841469351483966,0.8818572780448924,0.7800596820824455,0.7544680967963427
1.25,0.9834333415411871,1.6294492317840377,0.32224049826710993,0.32828658026665386,6.346411220335939,0.3870807799964661,0.9815829145540065,0.5513081979364803,11.546801121233058,0.4963986725072728,0.5021912288771819,0.5344225036843836,0.7882615979722173,0.4846838639429746,10.515090783592838,0.41996176648938144,1.626341738632669,0.7637157237258211,21.811275787205755,0.880454485740518,0.7780873569714811,0.752308618055422
1.2525,0.9833630835441994,1.6316803053875826,0.3224574537222477,0.32842753303146716,6.347958527846614,0.38704032485802525,0.9818222325816774,0.5513920842092771,11.548894655731335,0.49649476844173507,0.5021196756920095,0.5344112862173465,0.7868626319774152,0.4836861551095154,10.51808033165949,0.42010819969480745,1.6268041242554383,0.761623774507671,21.780143591379332,0.8790451805798749,0.7761115111663036,0.7501494376008496
1.2550000000000001,0.9832924859000982,1.6339259262352175,0.3226788512492597,0.32857302952414014,6.3495041113425525,0.38699940566445923,0.9820612839604739,0.5514743900545632,11.550872573241962,0.496595870142818,0.5020516802560784,0.53440187618246,0.7854545565634784,0.48268323926755674,10.521073716340817,0.42025277130774863,1.6272671032774189,0.7594971281412157,21.748067955113967,0.8776294380414552,0.7741322945532312,0.7479906188144854
1.2575,0.9832215452379637,1.636186237590606,0.3229046252812165,0.32872300649847946,6.351047841358777,0.3869580237053518,0.9823000486663842,0.55155509071994,11.552735294332845,0.49670190308385853,0.5019871859407562,0.5343942056668732,0.7840374741201894,0.481675184407747,10.52407094752836,0.4203953452720152,1.62773067722851,0.7573357540026108,21.715042446246827,0.8762073207967412,0.7721498299467274,0.7458321732461104
1.26,0.9831502581499124,1.638461374678527,0.3231347110923745,0.3288774013200387,6.352589594723205,0.3869161805279064,0.9825385076487032,0.5516341651133198,11.554483321966778,0.4968127932333189,0.501926137853356,0.5343882101012332,0.7826114736116822,0.48066205106987153,10.527072016339947,0.4205357985540589,1.6281948447349293,0.7551395679794523,21.681059164078576,0.8747788785090167,0.7701642139770625,0.7436740645825224
1.2625,0.983078621192676,1.640751460936516,0.32336904454865295,0.32903615174798306,6.354129253850389,0.3868738779554395,0.9827766427207953,0.5517115942909312,11.556117212170376,0.4969284666884221,0.5018684817462474,0.5343838268676027,0.7811766302584033,0.47964389239344934,10.530076889751564,0.4206740223960743,1.6286596006889384,0.7529084391392301,21.646108909030474,0.873344147833098,0.7681755183821297,0.7415162131947107
1.2650000000000001,0.9830066308903257,1.643056603874408,0.3236075618555743,0.3291991957179028,6.355666705973658,0.3868311181222891,0.9830144364413329,0.551787359984303,11.557637545380466,0.497048849323345,0.5018141629714125,0.5343809939497045,0.7797330054120123,0.47862075427768047,10.533085505356201,0.42080992328662997,1.6291249354382074,0.7506421969123486,21.610181366314603,0.8719031526333453,0.7661837917094635,0.7393585012010254
1.2675,0.9829342837383004,1.6453768910121847,0.3238501993102782,0.3293664711320734,6.357201842320413,0.38678790352932396,0.9832518719867412,0.551861443229657,11.559044899694495,0.49717386646500206,0.501763125525152,0.5343796486840223,0.7782806466460473,0.47759267566074776,10.536097766334052,0.42094342361966486,1.6295908340078684,0.7483406387899298,21.57326530374519,0.8704559044362848,0.7641890614363674,0.7372007779976049
1.27,0.9828615762087397,1.6477123863805079,0.32409689306281364,0.3295379156622442,6.358734557234798,0.3867442371222883,0.9834889330155037,0.5519338231527492,11.560339827057447,0.49730344260648884,0.5017153112192257,0.534379726660117,0.7768195880897397,0.4765596889303081,10.539113536740588,0.42107446202612686,1.6300572753717353,0.7460035385566877,21.53534878440517,0.8690024031356621,0.7621913365137178,0.7350428662142855
1.2725,0.9827885047569604,1.6500631280243054,0.32434757889027427,0.3297134665683267,6.360264747252619,0.3867001223928318,0.9837256035250825,0.5520044759476971,11.561522833145148,0.49743750116454016,0.5016706590034914,0.5343811608046097,0.7753498510354432,0.4755218204777793,10.54213263724525,0.4212029933782716,1.630524231793217,0.7436306550793768,21.496419394932797,0.8675426379699954,0.7601906103315523,0.7328845680531675
1.2750000000000001,0.9827150658287698,1.6524291268531912,0.32460219198563706,0.32989306053451306,6.361792310135351,0.386655563499503,0.9839618677025112,0.5520733740710981,11.562594361377917,0.4975759642832786,0.5016291044521013,0.5343838806669301,0.7738714448502961,0.47447909140804584,10.545154841479102,0.4213289884836714,1.6309916682604182,0.7412217416515449,21.4564644897031,0.8660765887914367,0.7581868640915311,0.7307256719574046
1.2775,0.9826412558681832,1.6548103670463583,0.32486066676159725,0.3300766335225977,6.363317143873178,0.3866105654034888,0.9841977097701967,0.552140485654481,11.563554781152122,0.4977187526825083,0.5015905794118276,0.534387811907779,0.7723843682184385,0.4734315184128556,10.548179873168051,0.42145243350292266,1.6314595420427445,0.7387765558581318,21.415471450215335,0.8646042276365283,0.756180070552858,0.7285659595402137
1.28,0.9825670713250514,1.6572068080625841,0.32512293666846487,0.33026412064079497,6.364839145671419,0.3865651340117737,0.9844331138291532,0.5522057741207594,11.564404380046273,0.4978657855453103,0.5015550117985119,0.534392875975095,0.7708886107301673,0.4723791148099828,10.551207404233628,0.42157332914015916,1.6319278023971522,0.736294869873357,21.373427957683273,0.863125520594259,0.7541701980949473,0.7264052126800972
1.2825,0.9824925086620631,1.6596183881496391,0.3253889340244698,0.33045545602535187,6.366358210939841,0.3865192763188782,0.9846680637026812,0.5522691979756958,11.565143359477505,0.4980169804370685,0.5015223255173342,0.5343989899388811,0.7693841548182248,0.47132189174107514,10.554237054029475,0.4216916896670001,1.6323963904500594,0.7337764810481929,21.33032227531544,0.8616404299485945,0.7521572150134052,0.7242432206601823
1.285,0.9824175643606317,1.6620450291116118,0.32565858985674195,0.33065057273188747,6.36787423230987,0.3864730005376231,0.9849025427843631,0.5523307107350035,11.56577183308273,0.49817225324645975,0.5014924404756553,0.5344060664469893,0.7678709780192748,0.4702598595092906,10.557268389846294,0.42180754184681113,1.6328652392754446,0.7312212225858349,21.286143535236278,0.8601489165525636,0.7501410939378796,0.7220797872003623
1.2875,0.9823422349252398,1.664486641992298,0.32593183375182505,0.3308494026337237,6.369387098709768,0.38642631620950413,0.9851365338950218,0.5523902609425798,11.566289826994161,0.4983315181391829,0.5014652726543148,0.5344140137597819,0.7663490555120004,0.46919302902424215,10.560300928760658,0.42192092382598445,1.6333342741807972,0.7286289740510548,21.24088202359314,0.8586509423698923,0.7481218162338082,0.7199147372039666
1.29,0.9822665168859247,1.6669431332748594,0.3262085937157995,0.33105187632549105,6.370896694532048,0.3863792342862389,0.9853700191539478,0.5524477922358272,11.566697281178305,0.4984946875164512,0.5014407342046181,0.5344227358227539,0.764818362854672,0.4681214133077913,10.563334140827179,0.4220318840518933,1.633803413200843,0.7259996714176353,21.19452945625654,0.8571464730996015,0.7460993762283217,0.7177479230196413
1.2925,0.982190406798731,1.6694144111815383,0.3264887960457657,0.33125792303187646,6.372402898929407,0.38633176717573037,0.9856029798700036,0.5525032434197104,11.56699405110265,0.4986616719726735,0.5014187335435092,0.5344321323423423,0.7632788788180038,0.4670450290016336,10.566367453527189,0.4221404802637771,1.634272567785609,0.7233333163315186,21.147079236756518,0.8556354807805069,0.7440737850869437,0.7155792300075122
1.295,0.982113901244089,1.6719003916752389,0.3267723652163413,0.33146747052331615,6.373905585275188,0.3862839287478895,0.9858353964581733,0.552556548521097,11.567179909167642,0.4988323802501167,0.5013991754277232,0.5344420988402031,0.7617305881874876,0.46596389780833763,10.56940025729948,0.4222467785845253,1.6347416436558482,0.7206299842590497,21.098526687781764,0.8541179462581556,0.7420450741652967,0.7134085811997377
1.2975,0.9820369968232431,1.6744010038075845,0.32705922378663943,0.33168044504243704,6.375404620820957,0.3862357342982263,0.986067248386602,0.5526076368075193,11.567254545564197,0.49900671919205625,0.5013819609978474,0.5344525266737178,0.7601734843969489,0.46487804779329717,10.572431911901914,0.4223508527204978,1.6352105417869751,0.7185306784414125,21.06765919178923,0.8525938613922214,0.740013297670966,0.7112359408616309
1.3,0.9819596901529778,1.6769161941167934,0.3273492923346043,0.3318967712468014,6.3768998665771806,0.3861872004696177,0.98629851415814,0.5526564327680149,11.567217568458284,0.4991845936994537,0.501366987793799,0.5344633030236645,0.7586075718546388,0.4637875144772137,10.57546175329695,0.4224527832559988,1.6356791594740305,0.7165223695221421,21.039487518391283,0.8510632308932727,0.7379785344958576,0.7090613167919
