tau,total_energy_fraction,total_critical_fraction,C0_fraction,E0_fraction,N0,minority0,scale0,Rinf0,concentration0,Q3_0,Q8_0,Q16_0,C1_fraction,E1_fraction,N1,minority1,scale1,Rinf1,concentration1,Q3_1,Q8_1,Q16_1
0.0,1.0,1.0,1.0,1.0,6.465486640239153,0.3681210446747663,1.0,1.0,12.225505060972356,1.0,1.0,1.0,0.0,0.0,0.0,0.0,0.0,0.0,0.0,0.0,0.0,0.0
0.0025,0.9999673234008964,0.9999510708526328,0.9999332616426604,0.9999556777856569,6.465341702542124,0.36811846529520237,0.9999775828634264,1.0004699744271706,12.231247607084649,1.0003502934777353,1.0009915766093338,1.0009048930823636,1.7725306617307113e-05,1.1470423086268933e-05,9.991151352170343,0.40950300307701404,1.5453053896962006,0.0049851695435411065,27.80810173391421,0.004710642959167547,0.004933072929083194,0.0050075882358439055
0.005,0.999934648370731,0.999912867687795,0.9998415605912923,0.9998880080029433,6.4651863014841116,0.36811582433670825,0.9999535473860278,1.0009647393085366,12.237416297253864,1.0006855215270256,1.00196306728097,1.0017874338179205,7.097061997176287e-05,4.593928382607406e-05,9.988392440207893,0.4092882538716434,1.5448786759597157,0.009971272091797809,27.785591432878004,0.009427837639690358,0.009872105425443183,0.010019107532846504
0.0075,0.9999019740104628,0.9998854136516111,0.9997248202021378,0.9997969072740719,6.465020467562349,0.3681131435952667,0.9999278982847319,1.0015844169440506,12.245236004144607,1.0010055990399092,1.0029143804004983,1.0026477431247838,0.00015983315957964687,0.00010348808751759873,9.985682243414576,0.4090743131381524,1.544459496871718,0.014955972670571046,27.75957517957297,0.014151148813367714,0.01481653192011644,0.015034063365230525
0.01,0.9998692994199646,0.9998687307413375,0.9995829701625067,0.9996822980828303,6.464844232803224,0.36811044494423145,0.9999006405129769,1.002162183445824,12.252668001944809,1.001310444401131,1.0038454303603337,1.0034859517754768,0.0002844010244111394,0.00018419183166687035,9.983021544224563,0.4088612047228651,1.5440479734492654,0.01993693988048514,27.73006677633726,0.01888014407183516,0.01976579348896855,0.020051978127389264
0.0125,0.9998366236980482,0.9998628398020759,0.9994159465085035,0.999544108797184,6.464657630735767,0.3681077503248463,0.9998717792566105,1.0026979838024395,12.25971234907528,1.0015999795033375,1.0047561375207865,1.0043022001511168,0.0004447532454353494,0.00028811901056202417,9.980411084142014,0.408648950789679,1.5436442203788774,0.024911848240395544,27.697081771104017,0.023614393961211008,0.0247193380743064,0.02507239126826686
0.015,0.9998039459424892,0.9998677605239155,0.9992236916385782,0.9993822736879807,6.464460696364832,0.36810508173672085,0.9998413199297428,1.003191772733171,12.266369173573379,1.0018741297601326,1.0056464281671602,1.0050966379799555,0.0006409598403303638,0.00041533162308642904,9.977851563022956,0.4084375718177436,1.5432483459054651,0.02987838053225109,27.6606374544055,0.028353472110989507,0.029676620699847212,0.03009485937790713
0.0175,0.9997712652500549,0.9998835114394921,0.9990061543229117,0.9991967329437597,6.464253466144019,0.3681024612282738,0.9998092681705567,1.0036435147043237,12.272638672975633,1.0021328241170497,1.0065162344629894,1.0058694240603572,0.0008730818701007625,0.0005658851836666129,9.975343638431692,0.40822708660559,1.542860451732789,0.03483423014417904,27.620752855133972,0.033096955356387306,0.03463710367881395,0.035118956224881745
0.02,0.9997385807165278,0.9999101099219581,0.9987632897086555,0.998987432681673,6.464035977948377,0.36809991088715394,0.9997756298370881,1.0040531839408138,12.278521114182348,1.0023759950604232,1.0073654943995154,1.0066207259683169,0.0011411714973624191,0.000739828736254887,9.972887925073067,0.40801751228166827,1.5424806329356484,0.03977710340856169,27.577448735064003,0.03784442385274118,0.039600256814899766,0.04014427274352186
0.0225,0.999705891436736,0.9999475721833481,0.9984950593210375,0.9987543249545309,6.463808271046908,0.3680974528306469,0.9997404110029708,1.0044207644329457,12.284016833303742,1.0026035786238907,1.0081941517415112,1.0073507197496987,0.0014452720460726694,0.0009372048712509325,9.970484994301774,0.4078088643212231,1.5421089778839872,0.044704721931881033,27.530747582142233,0.0425954611818741,0.044565557595818574,0.04517041697011759
0.025,0.9996731965045791,0.9999959132733371,0.9982014310603672,0.9984973677539898,6.46357038607488,0.36809510919607874,0.9997036179531567,1.0047462499383517,12.28912623548731,1.0028155143925395,1.009002155969572,1.0080595895974043,0.0017854180625029323,0.0011580497452713385,9.968135373709393,0.407601156569407,1.5417455681790226,0.0496148249131235,27.48067360255272,0.04734965445161932,0.04953249137913627,0.050197013927517825
0.0275,0.9996404950130567,1.0000551470783718,0.9978823791949581,0.9982165250098974,6.463322365006021,0.3680929021312247,0.9996652571796124,1.0050296439790545,12.293849794725945,1.00301174550498,1.0097894622189771,1.0087475275137503,0.002161635377270486,0.001402393103681109,9.965839546789915,0.40739440127050547,1.541390478601513,0.0545051714475595,27.42725271156784,0.05210659438936032,0.05450055157005603,0.05522370545785327
0.03,0.9996077860542985,1.0001252863211734,0.9975378843500088,0.9979117665858251,6.4630642511245675,0.3680908537847321,0.9996253353769987,1.0052709598336351,12.298188053646616,1.0031922186534041,1.0105560312152428,1.0094147329583865,0.0025739411682661633,0.001670258305806426,9.96359795268405,0.4071886091031201,1.5410437770722092,0.05937354281274244,27.37051252319632,0.056865875429815485,0.05946923979081394,0.06025015000342022
0.0325,0.9995750687195922,1.0002063425605956,0.9971679334924701,0.9975830682708102,6.462796088997231,0.3680889862965673,0.9995838594383327,1.0054702205244694,12.302141623279013,1.0033568840815688,1.0113018292064848,1.0100614124821476,0.003022344024335111,0.0019616623527534192,9.961410986002436,0.4069837892211296,1.5407055246245118,0.06421774473360892,27.31048233864175,0.06162709579862217,0.06443806604132576,0.06527602233609588
0.035,0.9995423420994145,1.0002983261918281,0.9967725199119445,0.9972304117673405,6.462517924445086,0.3680873217884931,0.9995408364506407,1.0056274588000274,12.305711182804105,1.0035056955807127,1.0120268278927096,1.010687779347292,0.003506844009588294,0.002276615917763296,9.95927899672764,0.40677994930022315,1.5403757753893148,0.06903560962360601,27.24719313358647,0.06638985759012696,0.06940654885071532,0.07030101323600417
0.0375,0.9995096052834609,1.000401246446936,0.996351643197657,0.9968537846756199,6.46222980451541,0.36808588235458817,0.999496273690603,1.0057427171122129,12.30889747928207,1.0036386104834083,1.012731004352157,1.0112940531346402,0.004027432728242997,0.002615123379039856,9.95720229019457,0.4065770955897771,1.5400545765919735,0.07382499879882155,27.18067754431722,0.07115376683711372,0.0743742154193462,0.07532482912051253
0.04,0.9994768573606769,1.0005151113957231,0.9959053092115451,0.9964531804741463,6.461931777453493,0.368084690051813,0.999450178620193,1.0058160475887419,12.311701327359415,1.0037555896553734,1.0134143409648133,1.0118804593382116,0.004584093389910996,0.0029771828549911062,9.955181127148702,0.4063752329698219,1.539741968561313,0.07878765779884848,27.181298036324865,0.07591843357669384,0.07934060175097483,0.08034719162500714
0.0425,0.9994440974192894,1.0006399279469094,0.9954335300575227,0.9960285984966519,6.4616238926744485,0.3680837668906335,0.9994025588823178,1.005847512000553,12.314123608954969,1.00385659748526,1.0140768253332273,1.012447228947985,0.00517680087527325,0.0033627862418323727,9.953215723881263,0.40617436501282445,1.5394379847505342,0.08382291599298457,27.20458729938925,0.08068347191304057,0.08430525277464267,0.08536783713726424
0.045,0.9994113245468377,1.0007757018496084,0.9949363240469651,0.995580043905446,6.461306200735023,0.3680831348257067,0.9993534222964576,1.0058371817242568,12.316165272924527,1.0039416018724518,1.0147184502007487,1.0129945980215196,0.005805521802099735,0.003771919253503874,9.951306252440276,0.4059744940499918,1.5391426517698574,0.08886246449327306,27.225937497293806,0.08544850007686294,0.089267722455929,0.09038651628760176
0.0475,0.9993785378302072,1.000922437695099,0.994413715660481,0.9951075276612124,6.460978753305457,0.36808281574663887,0.9993027768543145,1.0057851376996303,12.317827334703884,1.004010574212895,1.0153392133673191,1.0135228072452036,0.006470214591592251,0.004204561463861155,9.949452840916194,0.4057756212417812,1.5388559894307001,0.09390483195607716,27.245349042186856,0.09021314047983474,0.09422757389719259,0.09540299339735313
0.05,0.9993457363556607,1.0010801389188764,0.9938657355060254,0.9946110664893131,6.460641603141373,0.36808283146882054,0.999250630715463,1.0056914703821749,12.319110875930065,1.0040634893829938,1.0159391176029442,1.0140321014859912,0.007170829535046682,0.004660686351102065,9.947655573800562,0.40557774665228663,1.5385780108011493,0.09894854957917758,27.26282305904372,0.09497701976139174,0.09918437942644354,0.10041704588854829
0.0525,0.9993129192088721,1.0012488078029724,0.9932924202734238,0.9940906828426536,6.460294804055757,0.36808320372434644,0.9991969922030179,1.0055562796907533,12.320017044040595,1.004100325721603,1.0165181705589745,1.0145227293345274,0.007907308860848897,0.005140261344398944,9.945914492416001,0.40538086932715517,1.5383087222724678,0.10399215221958126,27.278361384110067,0.09973976882795828,0.10413772067450046,0.10542846365800991
0.055,0.9992800854749602,1.0014284454785372,0.9926938126853707,0.9935464048611689,6.459938410891007,0.3680839541530261,0.9991418697993102,1.0053796749503365,12.320547051850639,1.0041210650101526,1.0170763846773272,1.0149949426406562,0.008679586801835528,0.005643247872709496,9.944229595415562,0.40518498737467246,1.538048123636326,0.10903417950232466,27.29196656240996,0.10450102288690329,0.10908718864010859,0.11043704841936994
0.0575,0.9992472342385209,1.0016190519286683,0.9920699614449777,0.9929782663279934,6.459572479491085,0.3680851042934911,0.9990852721415802,1.0051617748298947,12.320702177107924,1.004125692450939,1.0176137770977751,1.0154489960423414,0.009487589663066672,0.006169601415744171,9.942600839349303,0.4049900980496459,1.5377962081724348,0.11407317691834994,27.303641844335758,0.10926042147740261,0.11403238374271742,0.11544261301677732
0.06,0.9992143645836639,1.0018206259914793,0.9914209211799404,0.9923863066223783,6.459197066673787,0.3680866755744056,0.9990272080176886,1.004902707275464,12.320483762025333,1.004114196643625,1.018130369563439,1.0158851464891077,0.010331235890072595,0.006719271557072057,9.941028139295858,0.40479619783970383,1.537552962746227,0.11910769690958464,27.313391181339558,0.11401760849981007,0.11897291586264234,0.12044498071429746
0.0625,0.9991814755940454,1.0020331653633978,0.990746752383405,0.9917705706694242,6.458812230203149,0.36808868930578376,0.9989676863618487,1.0046026094384417,12.319893212791188,1.0040865695599837,1.018626188324606,1.0163036527611569,0.011210436137650064,0.007292202039350926,9.93951136955637,0.40460328255362144,1.537318367916188,0.12420993157388839,27.337424843342657,0.11877223224470385,0.12390840436836663,0.1254439844651939
0.065,0.9991485663529034,1.0022566666026813,0.9900475213516098,0.9911311088867023,6.458418028761969,0.3680911666704204,0.9989067162503761,1.0042616275991576,12.318931999057101,1.0040428065169287,1.0191012640410149,1.0167047749853768,0.012125093339296565,0.007888330821670347,9.938050364408356,0.404411347411276,1.5370923980504516,0.12933418829254598,27.36450322283777,0.1235239454222666,0.12883847813077096,0.13043946616542598
0.0675,0.9991156359430936,1.0024911251331432,0.989323300118389,0.9904679771278345,6.458014521924515,0.3680941287154397,0.9988443068974678,1.003879917085776,12.31760165340353,1.0039829061478578,1.019555631682729,1.017088774149501,0.013075102777381779,0.008507590138999691,9.936644918916539,0.404220387134835,1.5368750214522122,0.13445726143892242,27.389641245621302,0.12827240519240968,0.13376277552411686,0.135431275895797
0.07,0.9990826834471247,1.0027365352480797,0.9885741663866181,0.9897812366231089,6.457601770129382,0.3680975963439648,0.9987804676510044,1.0034576421885957,12.315903770783065,1.0039068703723468,1.0199893304297305,1.017455911615726,0.014060352154165557,0.009149906563735185,9.935294789797835,0.404030396040773,1.5366662004935079,0.13957772534882248,27.412846585970986,0.13301727319545115,0.13868094441364773,0.14041927115723252
0.0725,0.9990497079471936,1.0029928901143874,0.9878002034566914,0.9890709539172119,6.457179834652522,0.36810159030691386,0.9987152079883777,1.0029949760698167,12.313840007941481,1.0038147043642092,1.0204024035703683,1.0178064486351368,0.015080721663780217,0.009815201069342104,9.93399969633752,0.4038413681323181,1.5364658917569227,0.14469416590015666,27.434127566648137,0.13775821558105952,0.14359264212971204,0.14540331610366858
0.075,0.9990167085252233,1.0032601817768638,0.9870015001521195,0.9883372008041548,6.45674877758047,0.3681061311949257,0.9986485375123505,1.0024921006688434,12.311412082816812,1.0037064165179659,1.0207948983987818,1.0181406458643132,0.01613608406530186,0.010503389096089652,9.932759321353293,0.40365329719192716,1.536274046184695,0.14980518146698366,27.45349314649095,0.14249490303205659,0.14849753542836008,0.15038328077697707
0.0775,0.9989836842628975,1.003538401162683,0.9861781507423402,0.9875800542594791,6.456308661783762,0.36811123943041757,0.9985804659469452,1.001949206603214,12.308621773916517,1.0035820184137731,1.021166866111434,1.01845876288553,0.01722630475704129,0.011214380618876968,9.931573312204208,0.40346617687339725,1.536090609234767,0.15490938384608383,27.470952907256375,0.14722701077466652,0.1533953004384065,0.1553590403482499
0.08,0.9989506342416988,1.0038275380860355,0.9853302548628339,0.9867995963698266,6.4558595508905565,0.3681169352597795,0.9985110031333635,1.0013664930652315,12.305470919673018,1.0034415247808717,1.021518361702874,1.0187610577319721,0.018351241852189136,0.01194808021714917,9.930441281841047,0.4032800007932214,1.5359155210432434,0.160005399154747,27.486517039749508,0.15195421857042407,0.1582856225950022,0.16033047436961587
0.0825,0.9989175575429459,1.0041275812529318,0.9844579174326397,0.9859959142599586,6.455401509260467,0.3681232387457065,0.9984401590259395,1.000744167714402,12.301961417777834,1.0032849534596227,1.0218494438608634,1.0190477864194114,0.019510746255952716,0.012704387146902314,9.929362809894878,0.40309476262080973,1.5357487165927544,0.16509186869856157,27.500196329281735,0.15667621071317686,0.16316819655980402,0.16529746604056486
0.085,0.9988844532478293,1.0044385182661515,0.9835612485693735,0.9851691000173193,6.454934601958618,0.36813016975967155,0.9983679436881266,1.0000824465657652,12.298095224494629,1.0031123253621752,1.022160174860976,1.0193192024857813,0.020704661744323404,0.013483195414775547,9.928337443800377,0.4029104561672039,1.5355901258861988,0.17016744980809645,27.512002140500314,0.16139267602837165,0.16804272612788057,0.17025990149251513
0.08750000000000001,0.998851320437452,1.0047603356303427,0.9826403635018401,0.9843192506142269,6.454458894729926,0.3681377479745417,0.9982943672885204,0.9993815538742277,12.293874353951443,1.00292366443182,1.0224506204608093,1.0195755565400946,0.021932825044613382,0.0142843938542278,9.92736469995047,0.40272707547192343,1.5354396741253284,0.1752308166434776,27.521946401633496,0.1661033078681906,0.17290892412154285,0.17521766909508438
0.09,0.9988181581928642,1.0050930187572564,0.9816953824803465,0.9834464678277911,6.453974453973611,0.36814599285733796,0.998219440096915,0.9986417220150082,12.289300877412606,1.0027189976010722,1.0227208497939138,1.0198170958221369,0.023195065917899233,0.015107866203794782,9.926444064878948,0.4025446148875988,1.5352972818936608,0.18034985494596828,27.540607963629643,0.17080780410253144,0.17776651227133444,0.18017065878721195
0.0925,0.9987849655951037,1.0054365519711157,0.9807264306848144,0.9825508581576478,6.453481346717952,0.3681549236621418,0.9981431724804003,0.9978631913603003,12.284376922530546,1.0024983547485362,1.0229709352635643,1.0200440637743375,0.024491207243507025,0.0159534911874202,9.92557499646753,0.4023630691620557,1.535162865343171,0.18557698182828347,27.575125972733044,0.17550586710767033,0.18261522108446931,0.18511876143594708
0.095,0.9987517417252341,1.0057909185141094,0.9797336381307973,0.9816325327416068,6.452979640595282,0.3681645594231478,0.9980655748994931,0.9970462101522798,12.279104672578145,1.002261768654592,1.0232009524364916,1.0202566996272058,0.025821065105669724,0.01682114259685269,9.924756925173991,0.40218243351753585,1.5350363363842452,0.19079656166975423,27.607575458009755,0.18019720375431894,0.187454789701049,0.19006186822535523
0.0975,0.998718485664382,1.0061561005520099,0.9787171395735044,0.9806916072693125,6.452469403817218,0.36817491894786425,0.9979866579043069,0.9961910343725776,12.273486365661967,1.0020092749559522,1.0234109799366833,1.0204552379996719,0.027184448882482552,0.01771068937609724,9.923989255277991,0.4020027037267532,1.5349176028783678,0.1960071107638552,27.637959141784556,0.18488152539604033,0.1922849657384425,0.19499987007762393
0.1,0.9986851964937776,1.0065320791799062,0.9776770744099407,0.9797282018940088,6.451950705150184,0.3681860208104622,0.9979064321307656,0.9952979276083344,12.267524293916928,1.0017409120991296,1.0236010993393625,1.020639908515625,0.028581161337275465,0.018621995707906673,9.923271366141183,0.4018238761855036,1.5348065688330197,0.20120715831588956,27.666280475646914,0.1895585478580362,0.197105505124255,0.19993265710806682
0.10250000000000001,0.9986518732947937,1.0069188344280484,0.9766135865792637,0.9787424411425142,6.451423613891137,0.36819788334527265,0.9978249082968493,0.9943671609149874,12.261220802682963,1.0014567212928647,1.0237713950652652,1.020810935437898,0.030010998712514735,0.01955492110229535,9.922602613478333,0.4016459479815671,1.5347031345982804,0.20639524741426032,27.692543630819127,0.19422799142580735,0.20191617191835767,0.2048601181153389
0.105,0.9986185151489834,1.0073163452678047,0.9755268244614694,0.9777344538235028,6.450888199843594,0.3682105246404326,0.9977420971988864,0.9933990126759076,12.254578289664273,1.00115674645958,1.0239219542753069,1.0209685373208688,0.031473750826337035,0.020509320487053315,9.921982330636203,0.40146891695965975,1.5346071970646276,0.211569935973823,27.71675348786975,0.19888958083429056,0.20671673812449395,0.20978214010779714
0.1075,0.9985851211381218,1.0077245896177187,0.9744169407745116,0.9767043729341905,6.450344533293907,0.36822396253167894,0.997658009707884,0.9923937684590328,12.247599204071719,1.0008410341859106,1.0240528667657496,1.021112926682783,0.03296920117181023,0.02148504430023512,9.921409829877025,0.4012927817822151,1.5345186498614496,0.21672979765035982,27.73891562581304,0.20354304525873215,0.21150698349201538,0.21469860786656694
0.11,0.9985516903442446,1.0081435443496707,0.973284092469963,0.9756523355655329,6.449792684987797,0.3682382145962909,0.9975726567658988,0.9913517208706385,12.240286045749004,1.000509633672371,1.0241642248639713,1.021244309698831,0.03449712701900485,0.022481938584593172,9.920884403663406,0.40111754198579586,1.5344373835557785,0.221873422725319,27.759036310636098,0.20818811830734446,0.21628669530834285,0.21960940354552339
0.1125,0.9985182218496881,1.0085731852951398,0.9721284406273281,0.9745784828060282,6.4492327261071685,0.3682532981471787,0.997486049382451,0.9902731694063889,12.232641364283396,1.0001625966822145,1.024256123324926,1.0213628859159127,0.03605729951994946,0.023499845083920768,9.920405325941802,0.40094319803295975,1.534363285850801,0.2269994189600596,27.777122483295603,0.2128245380145683,0.22105566818277866,0.2245144063080533
0.115,0.9984847147371296,1.0090134872515586,0.9709501503471131,0.9734829596442348,6.448664728247186,0.3682692302271197,0.9973981986309781,0.9891584202998207,12.224667758101573,0.9997999774895415,1.024328659228397,1.0214688479899368,0.03764948381653145,0.02453860134126546,9.919971853421492,0.40076975135942583,1.5342962417836752,0.2321064124189499,27.793181747226644,0.2174520468331675,0.22581370382233368,0.22941349200016026
0.11750000000000001,0.9984511680896277,1.0094644239887678,0.969749390642764,0.9723659148700985,6.44808876339363,0.3682860276031389,0.9973091156453339,0.9880077863683978,12.216367873551295,0.9994218328267055,1.0243819318771272,1.0215623814464008,0.039273439151392725,0.025598040798968266,9.919583226846381,0.4005972044164105,1.5342361339222355,0.23719304826076013,27.807222355406118,0.2220703916237756,0.2305606108002573,0.2343065328591841
0.12,0.9984175809906624,1.0099259682555608,0.9685263343315794,0.971227500975197,6.447504903900516,0.36830370676103436,0.9972188116163253,0.9868215868573044,12.20774440396978,0.9990282218310818,1.024416042695915,1.0216436644648956,0.040928918981857264,0.026677992900479328,9.91923867225687,0.4004255607080256,1.5341828425601645,0.24225799149789276,27.81925319701335,0.22667932364296822,0.2352962043179916,0.23919339725715738
0.1225,0.9983839525241761,1.0103980917863205,0.9672811579247069,0.970067874051998,6.446913222468002,0.3683222839000446,0.997127297788297,0.9856001472811159,12.19880008873935,0.9986192059912401,1.0244310951317632,1.021712867688063,0.042615671096914616,0.027778283193895647,9.918937402239312,0.4002548248236556,1.5341362459102412,0.24729992772308668,27.829283783730077,0.23127859852735813,0.2400203059612851,0.2440739494775975
0.125,0.9983502817746145,1.0108807653077514,0.9660140415163297,0.9688871936922382,6.44631379212056,0.36834177492765896,0.9970345854557542,0.9843437992635102,12.189537712331227,0.9981948490925708,1.0244271945551537,1.021770154055428,0.04433343773726988,0.028898733437161275,9.9186786171605,0.40008500246525136,1.5340962202952781,0.252317563803326,27.837324235721756,0.23586797627332243,0.2447327434512318,0.24894804952434996
0.1275,0.998316567826967,1.0113739585456978,0.9647251686721506,0.9676856228845168,6.445706686185441,0.36836219545456556,0.9969406859600317,0.9830528803751721,12.179960103338232,0.9977552171623886,1.0244044481625283,1.021815678662407,0.04608195571845779,0.03003916170486526,9.918461506385018,0.3999161004695043,1.5340626403364037,0.2573096285407739,27.843385267341553,0.2404472212176706,0.24943335039100903,0.2538155529609425
0.13,0.9982828097668084,1.011877640232057,0.9634147263172786,0.9664633279112118,6.445091978271391,0.36838356078973933,0.9968456106860029,0.9817277339700494,12.170070133497168,0.9973003784145513,1.024362964880049,1.0218495886446801,0.0478609565570046,0.031199382496567837,9.918285249473154,0.3997481268248841,1.534035379138342,0.26227487330063914,27.847478172597505,0.24501610201879873,0.25412196600910414,0.25867631077879577
0.1325,0.998249006680339,1.0123917781117835,0.9620829046236271,0.9652204782448134,6.444469742247685,0.36840588593566564,0.9967493710588365,0.9803687090201101,12.15987071670167,0.9968304031936727,1.0243028552687012,1.0218720230879879,0.04967016659960817,0.032379206846579946,9.918149017357424,0.39958109068354764,1.5340143084713822,0.2672453707600686,27.85308524031973,0.24957439163752335,0.2587984348998304,0.26353016929255085
0.135,0.998215157654427,1.0129163389499813,0.9607298968969213,0.9639572464437749,6.443840052223403,0.3684291855836986,0.996651978540791,0.9789761599487709,12.149364808006377,0.9963453639189915,1.024224231430814,1.0218831129633072,0.051509307155293275,0.03357844243511672,9.918051973495775,0.39941500236814836,1.5339992989497409,0.27247843674132494,27.886488853563097,0.2541218673170818,0.2634626067619359,0.26837697006072214
0.1375,0.9981812617766497,1.013451288539095,0.9593558994634265,0.9626738080479824,6.443202982527015,0.36845347410955215,0.9965534446280576,0.9775504464631352,12.138555402623169,0.9958453350279493,1.0241272069180467,1.0218829810872314,0.05337809463048555,0.03479689370074068,9.9179932749997,0.3992498733735941,1.5339902202060451,0.2776924410430665,27.91793041980617,0.25865831056125366,0.2681143361361112,0.2732165498298663
0.14,0.9981473181353336,1.0139965917061904,0.9579611115564911,0.961370341473933,6.442558607686235,0.3684787655689226,0.996453780847644,0.977193979384867,12.141137895620075,0.9953303929195131,1.0240118966409089,1.0218717421072667,0.055276240666934866,0.03603436195400568,9.91797207373567,0.39908571636382384,1.5339869410616884,0.2828861409697116,27.947420225025816,0.2631835071114523,0.27275348214220396,0.2780487405004609
0.14250000000000002,0.998113325819598,1.0145522123203343,0.9565457352030103,0.9600470279097276,6.441907002408144,0.368505073693239,0.9963529987543001,0.9778267989175757,12.156140861755974,0.9948006158972967,1.023878416779865,1.0218495025116523,0.05720345228240596,0.03729064549220868,9.917987517398373,0.3989225451636942,1.533989329692825,0.28805831584214237,27.97496908201156,0.26769724692476005,0.27737990821693853,0.2828733691127257
0.145,0.9980792839193948,1.015118113300068,0.9551099751099086,0.9587040512099614,6.441248241559636,0.3685324118855421,0.9962511099274934,0.9784285396914685,12.17089340605145,0.994256084112538,1.0237268846980678,1.0218163606631783,0.05915943201404169,0.038565539715151836,9.91803875055446,0.3987603747460805,1.5339972537918045,0.2932077674965985,28.000588314920876,0.2721993241530405,0.2819934818529342,0.2876902578506679
0.1475,0.9980451915255509,1.015694256620983,0.9536540385507369,0.9573415977906177,6.44058240014809,0.36856079321648777,0.9961481259684203,0.9789993067388715,12.185396108971759,0.9936968795069919,1.0235574188557766,1.0217724068564105,0.06114387806429257,0.03985883724181397,9.918124915655572,0.398599221214321,1.5340105807238524,0.2983333207509503,28.024289743734453,0.2766895371226307,0.2865940743398023,0.29249922406271567
0.15,0.9980110477298099,1.016280603323398,0.9521781352524821,0.9559598565240434,6.439909553302372,0.368590230420474,0.996044058497067,0.9795392089897486,12.199649569280707,0.9931230857557969,1.0233701387264915,1.0217177233975814,0.0631564844492948,0.041170328027826567,9.918245154019578,0.3984391017801444,1.5340291776788377,0.30343382383865924,28.046085668646633,0.28116768831472394,0.29118156050808885,0.2973000802973899
0.1525,0.9979768516248738,1.016877113520137,0.9506824772826816,0.9545590186341084,6.439229776254097,0.3686207358918898,0.9959389191493118,0.9801268482654972,12.214632557883506,0.9925347882103561,1.023165164714851,1.0216523847063568,0.06519694114956791,0.042499799483646294,9.918398606779125,0.3982800347372385,1.5340529118179806,0.3085081488107968,28.06598885442411,0.28563358434720537,0.29575581847681043,0.30209263435257183
0.155,0.9979426023044443,1.0174837464044184,0.9491672789369376,0.9531392775916304,6.438543144319171,0.36865232168148393,0.9958327195740698,0.9807998569180278,12.230815412698426,0.9919320738412836,1.0229426180763241,1.0215764574385726,0.06726493426289323,0.04384703659331296,9.918584415796689,0.39812203943063257,1.534081650415383,0.3135551919065531,28.084012514765785,0.29008703595906904,0.30031672940530907,0.3068766893370377
0.1575,0.9979082988632644,1.0181004602578498,0.9476327566269174,0.9517008290101507,6.437849732879644,0.36868499949285216,0.9957254714304867,0.9814425484289852,12.24675655334184,0.9913150311814564,1.0227026208387244,1.0214900006289669,0.06936014615922427,0.04521182203367932,9.918801724545427,0.39796513622207796,1.5341152609942659,0.3185738738927164,28.100170296693793,0.2945278579979941,0.30486417725013254,0.31165204374305405
0.16,0.9978739403971609,1.0187272124585365,0.9460791287689291,0.9502438705421529,6.437149617365791,0.36871878067904107,0.9956171863851669,0.9820550152185136,12.262456336926263,0.9906837502692071,1.0224452957255845,1.0213930658528618,0.07148225563747182,0.046593936293996635,9.919049678955362,0.39780934645162486,1.5341536114578478,0.3235631403726517,28.114476265005187,0.2989558694077116,0.30939804852761343,0.31641849152895063
0.1625,0.9978395260030851,1.0193639594893034,0.9445066156731635,0.9487686017757969,6.436442873238552,0.3687536762392676,0.9955078761094577,0.9826373535070042,12.277915139770816,0.9900383225917075,1.0221707660813981,1.021285697405673,0.07363093808399772,0.04799315779573782,9.919327428224392,0.3976546923956012,1.5341965702147804,0.32852196206535716,28.12694488681146,0.3033708932065617,0.3139182320827976,0.3211758222107144
0.165,0.997805054779155,1.0200106569460397,0.9429154394336754,0.9472752241322587,6.435729575972185,0.36878969681575224,0.9953975522767661,0.9831896632336634,12.293133357020656,0.9893788410285744,1.0218791557987694,1.02116793249909,0.07580586563264398,0.0494092630125389,9.919634125593872,0.3975011972212143,1.5342440062991072,0.3334493350552079,28.137591016191813,0.30777275645455215,0.31842461886533724,0.3259238209617742
0.1675,0.9977705258246966,1.020667259546158,0.9413058238191963,0.9457639407637467,6.435009801037249,0.36882685269066506,0.9952862265599274,0.9837120479757037,12.308111402279733,0.9887053997957489,1.0215705892474714,1.0210398014726993,0.07800670732611764,0.050842026590137604,9.919968929088556,0.3973488849379986,1.534295789484707,0.3383442810130384,28.14642987898398,0.31216129021805333,0.3229171017129322,0.330662268720266
0.17,0.9977359382402851,1.0213337211371853,0.9396779941648481,0.9442349564522748,6.4342836238838474,0.3688651537831836,0.9951739106286126,0.9842046148682191,12.322849707256918,0.9880180943896935,1.0212451912054346,1.0209013280198023,0.08023312927854483,0.0522912214661872,9.920331002220834,0.3971977803463426,1.534351790394217,0.3432058473892419,28.153477057735227,0.31653632954364125,0.32739557514286605,0.3353909423031807
0.17250000000000001,0.997701291127786,1.0220099947054768,0.9380321772648423,0.9426884775092649,6.433551119925168,0.3689046096466611,0.9950606161467834,0.9846674745247834,12.337348721425412,0.9873170215319891,1.0209030867916766,1.0207525294261401,0.08248479483900338,0.0537566189898237,9.920719514659208,0.39704790898333636,1.5344118806024243,0.34803310757959516,28.15874847683371,0.320897713456793,0.3318599351521495,0.3401096145269117
0.17500000000000002,0.9976665835903974,1.0226960323850625,0.936368601266231,0.9411247116760494,6.432812364521305,0.368945229465905,0.9949463547701896,0.9851007409588092,12.351608911695346,0.9866022791147375,1.0205444014011762,1.0205934168202229,0.08476136475583845,0.05523798904086341,9.921133642861255,0.39689929706617877,1.5344759327341648,0.35282516106453304,28.162260387839407,0.32524528496090954,0.33631007902673893,0.3448180543338095
0.1775,0.9976318147326898,1.02339178546663,0.9346874955637846,0.9395438680253443,6.432067432963359,0.36898702205456435,0.9948311381439098,0.985504531505713,12.36563076209947,0.9858739661464838,1.0201692606417012,1.0204239954339398,0.08706249734156175,0.05673510014850895,9.9215725706711,0.39675197143339563,1.5345438205567323,0.3575811335226284,28.16402935503151,0.32957889098922827,0.3407459051602646,0.3495160269244511
0.18,0.997596983660648,1.024097204406643,0.9329890906960651,0.9379461568637577,6.4313164004578365,0.3690299958526256,0.9947149778999386,0.9858789667459159,12.379414773491783,0.9851321826973589,1.0197777902725904,1.0202442648721368,0.08938784863813315,0.05824771960944181,9.922035489881862,0.3966059594841148,1.5346154190668708,0.3625865046663582,28.186330456540986,0.3338983823631676,0.3451673128826555,0.3542032938953985
0.1825,0.9975620894817105,1.0248122388366019,0.9312736182427567,0.9363317896353989,6.430559342111314,0.3690741589240172,0.9945978856548149,0.9862241704287122,12.392961463258967,0.9843770298450477,1.019370116145484,1.0200542193898372,0.09173707258242032,0.0597756136051807,9.922521600763332,0.3964612891156506,1.5346906045723894,0.36757756690644683,28.208151106423603,0.3382036137702906,0.34957420229900843,0.35887961338230207
0.185,0.9975271313048121,1.0255368375724476,0.9295413107233212,0.9347009788266477,6.42979633291541,0.3691195189543213,0.9944798730072973,0.9867198353106427,12.408529502417183,0.9836086096215793,1.0189463641470062,1.0198538481758033,0.09410982117163194,0.061318547318586054,9.923030112555391,0.39631798865964624,1.5347692547684775,0.37253279457950567,28.22789426039935,0.34249444374753824,0.3539664741390045,0.36354474020825034
0.1875,0.9974921082404221,1.0262709486241153,0.9277924014970349,0.9330539378721461,6.429027447732025,0.36916608324859473,0.9943609515360813,0.9872166013667545,12.424243257550055,0.9828270249607275,1.0185066601433894,1.0196431356411546,0.09650574462851859,0.06287628504939302,9.923560243927637,0.3961760868170247,1.534851248808794,0.37745112121609525,28.245572671697968,0.34677073466402436,0.35834402961713335,0.36819842603732156
0.19,0.997457019400585,1.0270145192052345,0.9260271246644644,0.9313908810620618,6.428252761278883,0.3692138587292957,0.9942411327975628,0.9877602334015245,12.440678964583446,0.9820323796460476,1.0180511299270294,1.0194220617117802,0.09892449156613661,0.06444859032865648,9.924111223405873,0.39603561259199527,1.5349364673714319,0.3823315087957425,28.261199671398213,0.3510323526998137,0.36270677030393844,0.3728404195333213
0.1925,0.9974218638989615,1.027767495742986,0.9242457149704388,0.9297120234506869,6.427472348115345,0.3692628519343209,0.9941204283236441,0.9884127386819355,12.458619387003264,0.9812247782595659,1.0175798991649645,1.0191906021233221,0.10136570915197078,0.06603522603199476,9.924682289766023,0.39589659522535814,1.5350247927198437,0.38717294806295915,28.27478915506898,0.3552791678200202,0.3670545980084555,0.37747046652371996
0.195,0.9973866408508665,1.0285298238881115,0.9224484077085646,0.9280175807664114,6.426686282628523,0.36931306901514943,0.9939988496195865,0.9890366769582007,12.476333831402073,0.9804043261311499,1.0170930933492641,1.0189487287175407,0.10382904327121337,0.06763595449152039,9.92527269239625,0.3957590641273504,1.5351161087588487,0.39197445881392046,28.28635556935362,0.35951105374707326,0.37138741467196934,0.38208831016881284
0.1975,0.9973513493733087,1.0293014485250849,0.920635438627336,0.9263077693231281,6.425894639019664,0.3693645157350969,0.9938764081619038,0.9896321367231417,12.49382239855875,0.9795711292885757,1.0165908377493105,1.0186964097389197,0.10631413868900003,0.06925053760634983,9.92588169162797,0.39562304881026583,1.5352103010858313,0.39673509015421016,28.29591389850968,0.3637278879339443,0.3757051222731694,0.38669369113613455
0.2,0.9973159885850302,1.0300823137824406,0.918807043837885,0.9245828059331092,6.425097491290851,0.3694171974676781,0.9937531153963056,0.9901992098074727,12.511085209808938,0.9787252944083233,1.0160732573659517,1.0184336101304163,0.10882063921140558,0.07087873695158667,9.926508559036584,0.39548857882107963,1.535307257037254,0.40145392072804276,28.303479650915254,0.36792955153897633,0.38000762274474426,0.39128634778015375
0.2025,0.9972805576065442,1.0308723630432681,0.9169634597234133,0.9228429078213994,6.424294913231953,0.3694711191950807,0.9936289827356791,0.9907379913071261,12.52812240676027,0.9778669287671166,1.0155404768875211,1.018160291827314,0.1113481878450067,0.0725203138856762,9.92715257771278,0.3953556836743019,1.535406865730618,0.4061300589193978,28.309068845552098,0.37211592940161664,0.38429481790140513,0.39586601632726076
0.20500000000000002,0.9972450555601736,1.0316715389558684,0.9151049228503466,0.9210882925417653,6.423486978407901,0.3695262855067501,0.9935040215581208,0.991248579511459,12.544934151018174,0.976996140194227,1.0149926206476825,1.0178764140481926,0.11389642695482304,0.07417502965603351,9.927813042505246,0.3952243927852754,1.535509018102004,0.4107626430255121,28.31269799847462,0.3762869100180125,0.3885666093792933,0.4004324310660485
0.20750000000000002,0.9972094815700892,1.032479783444579,0.913231669881249,0.9193191778942358,6.422673760146225,0.36958270059808673,0.9933782432050089,0.9917310758323742,12.561520623922112,0.9761130370245574,1.0144298125850946,1.0175819335820973,0.11646499842045237,0.07584264550284983,9.92848926023571,0.39509473540412543,1.5356136069393322,0.4153508414031858,28.31438410927285,0.3804423855158474,0.39282289858667946,0.40498532454285247
0.21,0.9971738347623452,1.033297037720764,0.9113439374895295,0.9175357818442713,6.421855331524896,0.369640368269256,0.9932516589791233,0.9921855847343841,12.577882026292196,0.9752177280525223,1.0138521762048633,1.0172768050710306,0.11905354379022233,0.07752292276098738,9.929180549887274,0.39496674055056447,1.5357205269114904,0.419928185086918,28.31645974532628,0.3845822516284698,0.3970635866658223,0.4095244277625002
0.2125,0.9971381142649194,1.034123242293977,0.9094419622759753,0.9157383224435919,6.421031765360453,0.3696992919241144,0.9931242801428084,0.9926122136656369,12.59401857818604,0.9743103224867476,1.0132598345417556,1.0169609812869784,0.12166170443318523,0.07921562295987578,9.929886242766942,0.394840436949741,1.5358296745934725,0.4248063748134654,28.339714366336054,0.388706407668679,0.40128857446581967,0.41404947039417367
0.215,0.997102319207746,1.0349583369832904,0.9075259806871371,0.9139270177526925,6.4202031341964165,0.3697594745692502,0.9929961179161819,0.9930110729899277,12.609930518665669,0.9733909299056178,1.0126529101251522,1.0166344134027308,0.12428912168879029,0.0809205079213286,9.930605682643348,0.3947158529693153,1.53594094848768,0.4296454486585938,28.361045996621876,0.39281475650087166,0.40549776252624037,0.41856018098226316
0.2175,0.9970664487227544,1.035802260928795,0.905596228935595,0.9121020857650728,6.419369510291999,0.3698209188131428,0.9928671834753884,0.9934126124936857,12.62600367516514,0.9724596602136799,1.0120315249457088,1.0162970512558251,0.12693543701407425,0.08263733985520252,9.931338225860708,0.3945930165579357,1.5360542490415472,0.43444458991063545,28.380470619800292,0.3969072045088503,0.4096910510712933,0.4230562871620459
0.22,0.9970305019439031,1.0366549526032722,0.9036529429221255,0.9102637443332066,6.4185309656111045,0.36988362686543985,0.9927374879508974,0.9938575294517407,12.642755570411518,0.9715166235989227,1.0113958004236965,1.015948843605013,0.1296002921282174,0.08436588145282627,9.932083241429941,0.3944719551852777,1.5361694786616344,0.4392030086617472,28.398004532542007,0.4009836615609685,0.4138683400142542,0.42753751587998945
0.2225,0.9969944780072149,1.0375163498240354,0.9016963581597923,0.9084122110962698,6.4176875718116095,0.36994760053635634,0.9926070424258466,0.9942758644152253,12.659296663098463,0.9705619304909392,1.0107458573789934,1.0155897383787087,0.13228332915432106,0.08610589597813194,9.932840111098004,0.39435269578379784,1.5362865417243514,0.44391994175779964,28.413664330921694,0.4050440409770546,0.41802952897183804,0.43200359361843577
0.225,0.9969583760508121,1.0383863897649395,0.899726709699977,0.9065477034096471,6.4168394002349505,0.37001284123619455,0.9924758579344303,0.9946677104246352,12.67562696973487,0.9695956915199924,1.0100818160026945,1.0152196829149442,0.13498419075826945,0.08785714735642511,9.933608229396487,0.3942352646923454,1.5364053445834747,0.4485946527283901,28.427466897012287,0.40908825949678,0.4221745172881726,0.4364542466243838
0.2275,0.996922195214949,1.0392650089685622,0.8977442320603661,0.9046704382762328,6.415986521895998,0.3700793499749887,0.9923439454603337,0.995033163370949,12.691746527239467,0.9686180174769982,1.0094037958303093,1.0148386241924228,0.13770252028454696,0.08961940026073643,9.934387003670441,0.394119687601764,1.5365257955746046,0.45322643169773713,28.439429385728065,0.41311623724749347,0.42630320406800276,0.44088920114205543
0.23,0.9968859346420454,1.0401521433585499,0.8957491591549063,0.9027806322795422,6.415129007473215,0.3701471273622751,0.992211315935211,0.9953723219319178,12.707655392717742,0.9676290192744428,1.0087119157165167,1.014446509052319,0.14043796188889113,0.09139242019570125,9.935175854088497,0.39400598950260307,1.5366478050167316,0.4578145952772109,28.449569211920384,0.41712789771240955,0.43041548821872483,0.44530818364888375
0.2325,0.9968495934767204,1.0410477282521327,0.8937417242257368,0.9008785015186407,6.414266927299119,0.37021617360698916,0.9920779802372093,0.9956852875092556,12.723353643246142,0.9666288079082429,1.0080062938114398,1.0140432844105398,0.14319016066766874,0.09317597357891973,9.935974213635294,0.3938941946350497,1.536771285211065,0.46250674665441166,28.467029370281608,0.4211231676994863,0.43451126850082966,0.4497109210945389
0.23500000000000001,0.9968131708658226,1.0419516983727992,0.8917221597771097,0.898964261544904,6.413400351351028,0.37028648851749196,0.9919439491895388,0.9959721641667465,12.738841375663355,0.9656174944205616,1.0072870475384132,1.013628897460212,0.14595876278387254,0.09496982781975478,9.936781528087225,0.3937843264411825,1.5368961504372813,0.46739706264877523,28.497350632071303,0.4251019773108341,0.438590443586306,0.4540971411425663
0.23750000000000002,0.9967766659584619,1.0428639878631383,0.8896906975113001,0.8970381273006136,6.412529349242109,0.3703580715017276,0.9918092335590868,0.9962330585692896,12.754118706368777,0.964595189863584,1.0065542935732046,1.0132032958642216,0.1487434155896444,0.09677375139553007,9.937597255972515,0.39367640751963373,1.5370223169473491,0.47224258735613317,28.52550518243193,0.4290642599118938,0.44265291212454183,0.45846657241419
0.24,0.9967400779060406,1.043784530297834,0.8876475682665125,0.8951003130593931,6.411653990212714,0.3704309215675124,0.9916738440550783,0.9964680799228913,12.769185771127871,0.9635620052642613,1.0058081478246583,1.0127664279376842,0.1515437677452388,0.09858751392509593,9.938420868516623,0.39357045958274084,1.5371497029570862,0.4770424627931198,28.551508320132804,0.433009952098321,0.4466985728152376,0.4628189447338045
0.2425,0.9967034058622825,1.0447132586968186,0.8855930019567793,0.8931510323684883,6.410774343122011,0.3705050373229594,0.991537791327782,0.9966773399156124,12.78404272488436,0.9625180515900305,1.005048725416729,1.012318242820269,0.15435946933435188,0.10041088623973587,9.939251849573978,0.3934665034162545,1.5372782286355995,0.4817958615539899,28.57537586186295,0.4369389936603509,0.45072732448783676,0.4671539893756588
0.245,0.9966666489832621,1.0456501055385798,0.8835272275138565,0.8911904979928919,6.409890476439909,0.37058041697703803,0.9914010859672603,0.996860952659478,12.798689741579063,0.9614634397155107,1.0042761406718663,1.0118586906383613,0.1571901719757474,0.10224364045139143,9.94008969554701,0.39336455884166216,1.537407816092763,0.48650198684219564,28.59712412778657,0.4408513275466697,0.4547390661869569,0.4714714393112149
0.2475,0.9966298064274338,1.046595002773608,0.8814504728311068,0.8892189218613087,6.409002458239275,0.3706570583402713,0.9912637385021666,0.9970190346333564,12.813127013975189,0.9603982803901803,1.003490507095719,1.0113877226570693,0.1600355289311222,0.10408555001818852,9.94093391529339,0.39326464468117334,1.53753838936487,0.49116007247649157,28.616769927063633,0.44474689982837323,0.4587336972633088,0.47577102945665606
0.25,0.9965928773556577,1.0475478818379964,0.8793629647093691,0.8872365150139604,6.4081103561884625,0.37073495882557245,0.991125759398589,0.9971517046267996,12.827354753489898,0.9593226842070363,1.0026919373631256,1.0109052914221426,0.16289519520916243,0.10593638980725278,9.941784030022541,0.39316677872540856,1.5376698743986275,0.49576938287209305,28.6343305433429,0.44862565966194357,0.46271111746956667,0.48005249691999696
0.2525,0.9965558609312287,1.048508673667172,0.8772649288048046,0.885243487552225,6.407214237544106,0.3708141154492219,0.9909871590589364,0.997259083684856,12.84137319003188,0.9582367615722267,1.0018805433053526,1.010411350891905,0.16576882766574944,0.10779593615480741,9.942639573182193,0.39307097770381777,1.5378021990336095,0.5003292129974458,28.649823720234316,0.4524875592505919,0.46667122706065917,0.48431558124725443
0.255,0.9965187563199005,1.0494773087097626,0.8751565895787095,0.8832400485901004,6.406314169144237,0.37089452483198604,0.9908479478208733,0.9973412950538426,12.85518257184476,0.9571406226756568,1.00105643589855,1.0099058565593253,0.16865608510028474,0.10966396692355028,9.94350009033602,0.39297725725784954,1.5379352929833319,0.5048388883071542,28.66326764676759,0.45633255380459126,0.4706139268979426,0.4885600246671223
0.2575,0.9964815626899127,1.050453716941591,0.8730381702492869,0.8812264062074853,6.40541021740169,0.3709761832003799,0.9907081359562998,0.9973984641280733,12.86878316535602,0.9560343774625526,1.0002197252533882,1.0093887655643972,0.17155662834811133,0.11154026155731372,9.944365139033126,0.3928856319168824,1.5380690878150654,0.5092977646516431,28.67468094284382,0.46016060150156707,0.47453911855671993,0.49278557233360404
0.26,0.9964442792120132,1.0514378278797907,0.8709098927453595,0.8792027674052684,6.404502448297792,0.3710590863880733,0.9905677336703761,0.9974307183975383,12.882175255031246,0.9549181356059541,0.9993705206058399,1.0088600367970242,0.1744701203690177,0.11342460113301336,9.945234288670337,0.39279611507692075,1.5382035169285373,0.5137052281641263,28.684082644686725,0.4639716634464315,0.47844670443656534,0.4969919725660507
0.2625,0.9964069050594839,1.0524295705970346,0.868771977662013,0.8771693380622088,6.403590927376365,0.3711432298374436,0.990426751100595,0.9974381873965197,12.89535914323332,0.9537920064801222,0.9985089303090783,1.0083196309906204,0.17739622633181837,0.11531676840989778,9.946107120348062,0.39270871898204895,1.5383385155336373,0.5180606951254724,28.69149219030044,0.4677657036294931,0.4823365878739246,0.5011789770860673
0.265,0.9963694394081619,1.0534288737358743,0.8666246442181519,0.8751263228936,6.402675719738022,0.37122860860127427,0.9902851983158987,0.9974210026531375,12.908335150086378,0.9526560991348887,0.9976350618264531,1.0077675108066841,0.18033461369501466,0.11721654787611518,9.946983226720565,0.39262345470863225,1.5384740206272602,0.5223636118075656,28.696929404940363,0.4715426888837999,0.48620867325646194,0.5053463412507535
0.2675,0.9963318814364622,1.0544356655231784,0.86446811021595,0.8730739254116966,6.401756890034747,0.37131521734460154,0.9901430853158413,0.9973792976398074,12.921103613344162,0.9515105222709653,0.9967490217255135,1.0072036409105927,0.18328495228354555,0.11912372579261699,9.947862211841425,0.3925403321522418,1.538609970969403,0.5266134542957711,28.700414486604128,0.47530258884815035,0.49006286613863614,0.5094938242817617
0.27,0.9962942303253994,1.0554498737846658,0.8623025920021778,0.8710123478878894,6.4008345024647975,0.37140305034670823,0.9900004220298004,0.9973132077245962,12.933664888262443,0.9503553842162101,0.9958509156730427,1.006627988038907,0.18624691436164814,0.12103809023442282,9.948743691004948,0.39245936001727866,1.5387463070586367,0.5308097282911168,28.701967991549363,0.479045375938821,0.4938990733579925,0.5136211894896685
0.2725,0.9962564852586071,1.0564714259595234,0.8601283044313852,0.8689417913166128,6.399908620767882,0.37149210150326767,0.9898572183162311,0.9972228701234666,12.946019347475323,0.9491907929028477,0.9949408484310752,1.0060405210584813,0.18922017470185282,0.12295943112927522,9.949627290584221,0.3923805458092595,1.5388829711070586,0.5349519688928289,28.701610819845456,0.4827710253064476,0.4977172031516776,0.5177282044931739
0.275,0.9962186454223575,1.057500249115103,0.8579454608309167,0.8668624553809613,6.398979308220646,0.3715823643286351,0.9897134839619672,0.9971084238533791,12.958167380874864,0.9480168558456419,0.9940189238538607,1.0054412110176785,0.1922044106501476,0.12488754029371611,9.950512647866578,0.39230389582972797,1.5390199070148443,0.5390397403618444,28.699364200966297,0.48647951478220597,0.5015171652726872,0.5218146414326608
0.2775,0.9961807100055812,1.0585362699616876,0.8557542729677398,0.864774538419998,6.398046627632466,0.3716738319582903,0.9895692286815719,0.9969700096862458,12.970109395494,0.9468336801210111,0.993085244885744,1.0048300311900156,0.19519930218735065,0.12682221146662034,9.951399410887069,0.39222941517374155,1.5391570603444902,0.5430726358659561,28.695249679431388,0.4901708248353522,0.5052988711053815,0.525880277177671
0.28,0.9961426781998841,1.059579414867321,0.8535549510170581,0.8626782373977314,6.39711064134152,0.3717664971514279,0.9894244621167289,0.9968077701037106,12.981845815392138,0.9456413723470817,0.9921399135599309,1.0042069571105596,0.1982045319867392,0.12876324034022607,9.952287238260613,0.3921571077298853,1.5392943782948543,0.5470502772072372,28.689289100502645,0.4938449385360825,0.5090622337798121,0.5299248935278765
0.28250000000000003,0.996104549199565,1.0606296098726868,0.8513477035326878,0.8605737478737395,6.396171411211186,0.37186035229369874,0.9892791938356859,0.9966218492527327,12.993377081543297,0.9444400386646598,0.9911830309981072,1.003571966605401,0.20121978546798697,0.13071042458870347,9.953175799013467,0.39208697618275523,1.5394318096750885,0.550972314532409,28.68150459594462,0.4975018415172997,0.5128071682844245,0.5339482774071446
0.28500000000000003,0.9960663222016317,1.0616867807060377,0.8491327374191677,0.8584612639754167,6.395228998626716,0.3719553894000993,0.9891334333327402,0.996412392901956,13.00470365172632,0.9432297847190944,0.9902146974108784,1.0029250398145473,0.20424475084747018,0.13266356389430806,9.954064772414506,0.39201902201785066,1.5395693048785442,0.5548384260268217,28.67191856985566,0.5011415219315615,0.5165335915767237,0.5379502210503302
0.28750000000000003,0.9960279964058174,1.0627508527981577,0.8469102579055795,0.8563409783718187,6.394283464492231,0.37205160011801086,0.9889871900277737,0.9961795483988427,13.015826000416935,0.9420107156430261,0.989235012099008,1.0022661592085613,0.20727911918500608,0.13462245997116581,9.95495384780696,0.3919532455288103,1.5397068158567466,0.5586483175927216,28.660553684578115,0.5047639704040354,0.5202414226915003,0.541930522182446
0.29,0.995989571014594,1.063821751297353,0.8446804685210478,0.8542130822490811,6.393334869228008,0.37214897573038574,0.9888404732658336,0.9960382476484401,13.028245988166843,0.9407829360400436,0.9882440734554124,1.0015953095992869,0.21032258442709484,0.13658691658674213,9.955842724441048,0.39188964582692354,1.5398442960935095,0.5624017225124914,28.647432846695533,0.5083691799854384,0.5239305828462465,0.5458889841898913
0.2925,0.9959510452331882,1.0648994010844648,0.8424435710718913,0.8520777652873865,6.392383272768056,0.37224750715908245,0.9886932923167571,0.9959115820772534,13.04096004329395,0.9395465499692484,0.9872419789678971,1.000912478144996,0.21337484344673885,0.1385567395810468,9.95673111130801,0.39182822085284585,1.539981700579265,0.5660984010975508,28.632579193124975,0.5119571461062689,0.5276009955434093,0.5498254162834525
0.295,0.9959124182695935,1.0659837267878922,0.840199765620398,0.8499352156394491,6.39142873455803,0.372347184968346,0.9885456563748489,0.9957613285970965,13.053467313438519,0.9383016609305911,0.9862288252225921,1.0002176543502794,0.21643559607991936,0.14053173688363177,9.957618726976005,0.39176896739044076,1.5401189857856827,0.5697381403236114,28.61601607731286,0.5155278665306396,0.5312525866691448,0.5537396336528062
0.2975,0.9958736893345835,1.0670746527986197,0.837949250465192,0.8477856199104945,6.390471313553411,0.3724479993684341,0.9883975745586001,0.9955876223529804,13.065768121159985,0.9370483718509163,0.9852047079080711,0.99951083006102,0.21950454515881304,0.14251171852843786,9.958505299428262,0.3917118810826724,1.5402561096406358,0.5742279244233172,28.64301757880179,0.5190813413080069,0.534885284588272,0.5576314576122933
0.3,0.9958348576417242,1.0681721032852398,0.8356922221231621,0.8456291631397038,6.389511068218015,0.3725499402193871,0.988249055910457,0.9953905999408723,13.07786280447845,0.9357867850710185,0.9841697218201153,0.9987919994547617,0.22258139654183656,0.14449649666655173,9.959390565903885,0.3916569564494689,1.54039303150358,0.5786794390234501,28.66868336086783,0.5226175727223983,0.5384990202351403,0.5615007157377541
0.3025,0.9957959224073843,1.0692760022089662,0.8334288753129206,0.843466028783094,6.38854805652279,0.3726529970349409,0.9881001093966352,0.9951703993691277,13.08975171676473,0.9345170023339159,0.9831239608671076,0.9980611590267943,0.2256658591406087,0.14648588557693235,9.960274272741646,0.39160418690747206,1.5405297121413934,0.583077231078867,28.692281364680678,0.5261365652401327,0.5420937272001507,0.5653472419942452
0.305,0.9957568828507481,1.0703862733386265,0.8311594029397632,0.8412963986978057,6.387582335944933,0.37275715898657985,0.9879507439069833,0.9949271600205697,13.101435226630931,0.933239124773493,0.9820675180760154,0.9973183075722579,0.22875764494392262,0.1484797016751707,9.961156175227094,0.3915535647915917,1.540666113704728,0.5874208172481165,28.713830364674138,0.5296383254564322,0.5456693418116955,0.5691708768544838
0.3075,0.9957177381938235,1.0715028402656293,0.8288839960820928,0.8391204531277686,6.386613963467298,0.3728624149077278,0.987800968254891,0.9946610226152054,13.112913717821264,0.9319532529033084,0.9810004855989533,0.9965634461645746,0.23185646903882595,0.1504777635203459,9.96203603744327,0.39150508137827766,1.5408021997049215,0.5917097413353609,28.733349454304616,0.5331228620414988,0.5492258032133068,0.5729714674078916
0.31,0.9956784876614538,1.0726256264188978,0.8266028439792809,0.8369383706907145,6.385642995578125,0.3729687532980777,0.9876507911772477,0.994372129173546,13.12418758910282,0.9306594866064514,0.9799229547202831,0.9957965781304888,0.23496204962890352,0.15247989182004276,9.96291363212523,0.39145872691042294,1.540937934991497,0.5959435739824914,28.750858031253983,0.5365901856873013,0.5527630534358261,0.5767488674601423
0.3125,0.9956391304813241,1.0737545550797674,0.824316134020929,0.8347503283665094,6.384669488271062,0.3730761623280533,0.9875002213344453,0.9940606229805203,13.135257254156013,0.9293579251263477,0.9788350158642437,0.9950177090220134,0.23807410804986498,0.1544859094335959,9.963788740518698,0.3914144906238106,1.5410732857302982,0.6001219123473099,28.76637578275841,0.5400403090553485,0.5562810374644332,0.5805029376231293
0.315,0.9955996658839734,1.0748895493968313,0.8220240517375008,0.8325565014867718,6.383693497045513,0.37318462984340406,0.9873492673104319,0.9937266485499476,13.146123141464459,0.9280486670583162,0.9777367586030695,0.9942268465855382,0.24119236878253558,0.15649564137362706,9.964661152242902,0.39137236077501597,1.5412082193822796,0.6042443797685788,28.77992267107468,0.5434732467240944,0.5597797033003963,0.5842335453953102
0.3175,0.9955600931027992,1.0760305324007409,0.8197267807922889,0.8303570637257489,6.3827150769072745,0.37329414336992867,0.987197937612811,0.9933703515895608,13.15678569420401,0.9267318103417983,0.9766282716655886,0.9934240007283787,0.24431655946335362,0.1585089148059419,9.96553066515785,0.39133232467067336,1.541342704682974,0.6083106254187142,28.79151891909521,0.5468890151346912,0.5632590020174277,0.5879405652323979
0.32,0.9955204113740683,1.0771774270189427,0.8174245029746846,0.8281521870924173,6.381734282369491,0.3734046901183249,0.9870462406729892,0.9929918789665476,13.167245370130669,0.9254074522533214,0.9755096429462682,0.992609183483011,0.2474464108924754,0.1605255590478533,9.966397085236144,0.39129436869801953,1.5414767116226684,0.6123203239449208,28.80118499612304,0.5502876325375412,0.5667188878125559,0.5916238786083916
0.3225,0.9954806199369217,1.078330156090353,0.8151173981947172,0.8259420419237802,6.380751167453927,0.3735162569891625,0.986894184846372,0.9925913786735978,13.17750264146721,0.9240756894000668,0.9743809595146875,0.9917824089692354,0.250581657039591,0.1625454055649981,9.967260226439384,0.3912584783566227,1.5416102114272876,0.6162731750995599,28.808941603818024,0.5536691189466225,0.5701593180514447,0.5952833740669721
0.325,0.9954407180333819,1.079488642379965,0.8128056444788285,0.8237267968793273,6.3797657856925385,0.3736288305779778,0.9867417784126079,0.9921689997954283,13.187557994788152,0.9227366177140526,0.9732423076254175,0.9909436933545035,0.2537220350475529,0.16456828796671408,9.968119910599308,0.3912246382912076,1.54174317654001,0.6201689033605409,28.814809662325185,0.5570334960932265,0.5735802533081114,0.5989189472632912
0.3275,0.99540070490836,1.0806528085933769,0.8104894179668504,0.8215066189366282,6.378778190129363,0.3737423971804833,0.9865890295758801,0.9917248924757701,13.19741193090299,0.921390332447037,0.9720937727282848,0.9900930548126299,0.256867285233919,0.1665940420000437,9.968975967303605,0.391192832325486,1.5418755806036064,0.6240072575425358,28.818810296596308,0.5603807873676251,0.5769816573990235,0.6025305009962233
0.33,0.995360579809661,1.081822577391241,0.8081688929101499,0.8192816733880274,6.377788433322717,0.37385694279789244,0.9864359464652468,0.991259207884798,13.20706496473736,0.9200369281661075,0.970935439478998,0.9892305134810959,0.260017151090512,0.1686225055424311,9.969828233786501,0.39116304349690284,1.5420073984435185,0.6277880103998008,28.82096482291535,0.5637110177699515,0.580363497411568,0.60611794523115
0.3325,0.9953203419879896,1.0829978714036301,0.8058442416709102,0.8170521238384088,6.37679656734771,0.37397245314235433,0.9862825371350296,0.9907720981869806,13.216517625211983,0.9186764987499382,0.9697673917501172,0.9883560914171523,0.2631713792810942,0.1706535185931776,9.970676554824047,0.3911352540922093,1.5421386060516615,0.6315109582213948,28.82129473563835,0.567024213867097,0.5837257437269079,0.6096811971133779
0.335,0.9952799906969553,1.0841786132443059,0.8035156347225118,0.8148181322040007,6.375802643799063,0.3740889136424946,0.98612880956525,0.9902637165093338,13.225770455119173,0.9173091373856945,0.9685897126423484,0.9874698125529031,0.2663297196372575,0.172686923263721,9.971520782634059,0.3911094456837724,1.5422691805709494,0.6351759204195814,28.81982169415811,0.5703204037465629,0.5870683700372689,0.6132201809723006
0.3375,0.9952395251930779,1.0853647255249015,0.8011832406509838,0.8125798587121869,6.374806713794267,0.37420630944905986,0.985974771662117,0.9897342169100568,13.234824010996725,0.915934936566558,0.9674024844961385,0.9865717026495532,0.2694919251526244,0.17472256376680245,9.972360776780683,0.3910855991665337,1.5423991002805342,0.6387827391121828,28.816567510103624,0.5735996169662759,0.5903913533577025,0.616734828316436
0.34,0.9951989447357906,1.086556130868997,0.7988472261574879,0.8103374619022975,6.373808827977005,0.3743246254406611,0.9858204312585577,0.9891837543475428,13.243678862998998,0.9145539880898633,0.9662057889035592,0.9856617892509941,0.2726577519754568,0.176760286404584,9.97319640408344,0.39106369479552905,1.5425283445817375,0.642331278699663,28.811554134783982,0.5768618845032832,0.5936946740324043,0.6202250778194824
0.3425,0.9951582485874458,1.0877527519260934,0.7965077560618056,0.8080910986273425,6.372809036520949,0.3744438462296121,0.9856657961148033,0.98861248464973,13.25233559476504,0.9131663830558324,0.964999706720453,0.9847401016368736,0.27582695939976354,0.178799939555779,9.974027538530665,0.3910437122238832,1.542656893984663,0.6458214254376952,28.80480364688623,0.5801072387039142,0.5969783157356705,0.6236908752975513
0.34500000000000003,0.9951174360133178,1.088954511385483,0.7941649933067917,0.8058409240566643,6.371807389133818,0.3745639561678597,0.9855108739190173,0.9880205644837968,13.260794803283606,0.9117722118668886,0.9637843180788332,0.9838066707753143,0.2789993098549997,0.18084137366185607,9.974854061197194,0.39102563054119266,1.5427847300954647,0.649253087005962,28.796338240435986,0.5833357132370154,0.6002422654676033,0.6271321736777504
0.34750000000000003,0.9950765062816069,1.0901613319900036,0.7918190989637658,0.8035870916794697,6.370803935061796,0.3746849393530008,0.9853556722879789,0.9874081513261653,13.269057098754852,0.910371564227528,0.9625597023995107,0.982861529275405,0.28217456889444303,0.1828844412123754,9.975675860166124,0.3910094283122148,1.5429118356042466,0.6526261920739281,28.786180213029446,0.5865473430496932,0.6034865135446779,0.6305489329582971
0.35000000000000003,0.9950354586634425,1.0913731365496848,0.7894702322388041,0.801329753309222,6.36979872309422,0.37480677963438225,0.985200198767808,0.9867754034328208,13.27712310444873,0.908964529144738,0.9613259384049389,0.9819047113396118,0.28535250518233424,0.184928996729516,9.976492830454477,0.3909950836157775,1.5430381942735645,0.6559406898643066,28.774351954344837,0.5897421643256316,0.606711053585306,0.6339411201603626
0.3525,0.9949942924328856,1.092589847955274,0.7871185504799032,0.7990690590888503,6.36879180156862,0.3749294606192797,0.9850444608347446,0.9861224798099082,13.284993456559768,0.9075511949289985,0.960083104132255,0.9809362527162115,0.28853289047986247,0.1869748967518494,9.977304873942579,0.3909825740838309,1.5431637909275036,0.6591965497149248,28.760875934940966,0.5929202144499847,0.6099158824905414,0.6373087092718459
0.355,0.9949530068669318,1.0938113891916483,0.784764209184981,0.7968051574967567,6.367783218376057,0.37505296567915003,0.9848884658959745,0.9854495401846107,13.292668804058254,0.9061316491958109,0.9588312769465027,0.9799561906518767,0.29171549963007476,0.18902199981741513,9.978111899306905,0.39097187694056035,1.5432886114412918,0.6623937606396816,28.74577469534972,0.5960815319839464,0.6131010004200802,0.640651681183293
0.3575,0.9949116012455128,1.095037683351104,0.7824073620106836,0.7945381953535847,6.366773020966775,0.3751772779559535,0.9847322212905035,0.9847567449762888,13.300149808537672,0.9047059788674917,0.9575705335540237,0.9789645638445026,0.2949001105417831,0.19107016644614994,9.978913821956152,0.39096296904148264,1.5434126427314125,0.6655323308892694,28.72907083546918,0.59922615663758,0.6162664107637258,0.6439700236161894
0.36,0.9948700748514977,1.0962686536465236,0.7800481607819651,0.7922683178297221,6.3657612563561665,0.37530238036853986,0.98457573429008,0.9840442552678685,13.307437144058294,0.9032742701752378,0.9563009500159965,0.9779614123963829,0.29808650417254445,0.1931192591217217,9.979710563970377,0.39095582691245206,1.5435358727461908,0.6686122875123052,28.710787004263008,0.60235412922767,0.6194121201084859,0.6472637310438432
0.3625,0.9948284269706957,1.0975042234244219,0.7776867555024125,0.7899956684535072,6.364747971131052,0.3754282556190949,0.9844190121001667,0.9833122327774642,13.314531496986831,0.9018366086616779,0.9550226017621157,0.9769467777678101,0.3012744645107761,0.1951691422728178,9.98050205404279,0.39095042678849945,1.5436582904567906,0.6716336759175066,28.690945889771427,0.6054654916255178,0.6225381382014945,0.6505328046051083
0.365,0.9947866568918552,1.0987443161778603,0.7753232943652789,0.7877203891201111,6.363733211456284,0.37555488619964045,0.9842620618609608,0.9825608398302257,13.321433565832052,0.9003930791839128,0.9537355636043872,0.9759207027311906,0.3044637785570748,0.1972196822539334,9.981288227424058,0.3909467446524352,1.5437798858486016,0.674596559437517,28.669570209438234,0.6085602866996136,0.6256444779089371,0.6537772520111784
0.3675,0.9947447639066647,1.0999888555592388,0.7729579237651985,0.7854426201010646,6.3627170230816334,0.3756822543985839,0.9841048906484605,0.9817902393304009,13.32814406107633,0.8989437659169895,0.9524399097510344,0.9748832313257404,0.30765423630479727,0.19927074732570574,9.982069025868753,0.39094475627314534,1.5439006499129546,0.6775010188949585,28.64668270075775,0.6116385582573043,0.6287311551711827,0.6569970874457045
0.37,0.9947027473097523,1.101237765392948,0.7705907883105512,0.7831625000544038,6.3616994513490175,0.3758103423073114,0.9839475054755823,0.9810005947335941,13.334663705002983,0.8974887523577808,0.9511357138204949,0.9738344088128289,0.3108456307199591,0.20132220763483602,9.982844397583717,0.3909444372435141,1.5440205746391367,0.6803471521712715,28.622306112244775,0.6147003509898283,0.6317981889543149,0.6601923314584828
0.3725,0.9946606063986853,1.1024909696878922,0.7682220308364458,0.780880166035404,6.360680541200015,0.37593913182681876,0.9837899132933231,0.9801920700192144,13.340993231519342,0.8960281213292505,0.9498230488554957,0.9727742816320311,0.31403775772050296,0.2033739351936409,9.983614297177933,0.3909457630179068,1.5441396530066371,0.6831350737788685,28.5964631947299,0.6177457104210828,0.6348456011982726,0.6633630108529711
0.375,0.9946183404739677,1.1037483926498666,0.7658517924182939,0.7785957535078749,6.359660337183699,0.37606860467437425,0.9836321209919723,0.9793648296631042,13.347133385975555,0.8945619549850924,0.9485019873371953,0.9717028973579348,0.3172304161549856,0.2054258038592702,9.984378685613738,0.3909487089491501,1.5442578789776022,0.6858649144371014,28.569176692981973,0.6207746828610329,0.6378734167617981,0.6665091585678863
0.3775,0.9945759488390385,1.1050099586937907,0.7634802123859417,0.776309396355989,6.358638883464772,0.3761987423902079,0.9834741354023695,0.9785190386103306,13.353084924978942,0.8930903348147208,0.9471726011993732,0.9706203046577574,0.32042340778072587,0.2074776893126291,9.985137530158921,0.39095325032494904,1.5443752474894263,0.6894787476513662,28.57951305735873,0.6237873153660677,0.6408816633644068,0.6696308135531481
0.38,0.9945334308002695,1.1062755924557859,0.7611074283383344,0.7740212268966162,6.357616223832003,0.37632952634422084,0.9833159632972098,0.9776548622481326,13.358848616203906,0.8916133416486212,0.9458349618426636,0.9695265532498039,0.3236165372414565,0.20952946903703756,9.985890804339506,0.3909593624036801,1.5444917544474484,0.69308395138719,28.590101049548487,0.6267836557091555,0.6438703715255836,0.6727280206404282
0.3825,0.9944907856669606,1.1075452188050987,0.7587335761586821,0.7717313758921382,6.356592401706974,0.37646093774270883,0.9831576113923962,0.9767724663790138,13.364425238197338,0.8901310556640561,0.9444891401488081,0.9684216938628044,0.3268096120445124,0.21158102229666004,9.986638487892826,0.3909670204495039,1.5446073967176939,0.6966317621116916,28.598933384018547,0.629763752365845,0.6468395745014155,0.6758008304085714
0.385,0.9944480127513358,1.108818762855851,0.7563587900300978,0.769439972563715,6.355567460153108,0.37659295763509304,0.9829990863484364,0.9758720171939685,13.369815580179438,0.888643556391125,0.9431352064949265,0.9673057781961654,0.33000244253759203,0.21363223011473512,9.987380566720605,0.3909761997667432,1.5447221721196194,0.7001220499611737,28.606027951765654,0.632727654504768,0.6497893082188694,0.6788492990441553
0.3875,0.9944051113685389,1.110096149978617,0.7539832024516824,0.7671471446049776,6.354541441885012,0.37672556692065284,0.9828403947718873,0.9749536812458293,13.375020441839874,0.8871509227191049,0.9417732307677831,0.9661788588811486,0.33319484188511755,0.21568297525163346,9.988117032841744,0.39098687573347024,1.5448360794188096,0.7035547013630422,28.611402707137188,0.6356754119456454,0.6527196112079205,0.6818734881974563
0.39,0.9943620808366267,1.1113773058118166,0.7516069442550278,0.7648530181961222,6.3535143892781125,0.37685874635525385,0.9826815432168462,0.9740176254227282,13.380040633129306,0.8856532329029734,0.9404032823780446,0.9650409894430088,0.33638662604422137,0.21773314218277037,9.988847884344459,0.3909990238342535,1.5449491183195732,0.7069296186966566,28.61507566026267,0.6386070751055655,0.6556305245317425,0.6848734648340965
0.3925,0.9943189204765619,1.1126621562729149,0.7492301446211096,0.7625577180183797,6.352486344378558,0.3769924765580647,0.9825225381864814,0.9730640169216648,13.384876974046128,0.8841505645700934,0.9390254302745132,0.963892224264102,0.33957761374038087,0.2197826170763969,9.989573125337529,0.3910126196920151,1.5450612894574047,0.7102467199597147,28.61706486985807,0.641522694956231,0.6585220917151522,0.6878493010826369
0.395,0.9942756296122071,1.1139506275694229,0.7468529310975455,0.7602613672688356,6.351457348913448,0.3771267380182573,0.9823633861346148,0.9720930232221612,13.389530294418444,0.8826429947271279,0.9376397429583216,0.9627326185479722,0.34276762644271963,0.2218312877712924,9.99029276590029,0.3910276390989489,1.5451725943912487,0.7135059384406396,28.617388436403104,0.6444223229918608,0.6613943586715213,0.6908010740783994
0.3975,0.9942322075703157,1.1152426462096898,0.7444754296161904,0.7579640876755763,6.350427444301308,0.37726151110168327,0.9822040934673419,0.9711048120600094,13.394001433681266,0.8811305997672304,0.9362462884970865,0.961562228284437,0.34595648833899234,0.223879043754379,9.991006822031133,0.3910440580464548,1.545283035595535,0.716707222397384,28.616064495690694,0.6473060112052488,0.6642473736283432,0.6937288658037887
0.4,0.9941886536805223,1.1165381390134779,0.7420977645110447,0.7556659995131365,6.349396671662864,0.3773967760575213,0.9820446665446988,0.9700995514010934,13.398291240648845,0.8796134554775007,0.9348451345390011,0.9603811102156646,0.34914402631026664,0.22592577613827688,9.991715315594236,0.3910618527540469,1.5453926164519383,0.7198505347430468,28.613111212747324,0.6501738120602888,0.667081187051654,0.6966327629253904
0.4025,0.9941449672753337,1.117837033122323,0.7397200585364498,0.7533672216182263,6.348365071832099,0.37753251302488966,0.9818851116823711,0.9690774094152775,13.402400573282154,0.8780916370466589,0.9334363483268596,0.9591893218032554,0.3523300699053114,0.22797137763881928,9.992418274264177,0.3910809996971908,1.5455013412408143,0.7229358527386645,28.60854677612197,0.6530257784566552,0.6698958515694935,0.6995128566281318
0.405,0.9941011476901179,1.1191392560096622,0.7373424328855444,0.7510678714057125,6.347332685367563,0.3776687020394173,0.9817254351534443,0.9680385544503638,13.406330298451515,0.8765652190729146,0.9320199967120071,0.9579869211963224,0.3555144513147019,0.23001574255254104,9.993115731468288,0.391101475634034,1.5456092151322816,0.7259631676935038,28.60238939254064,0.655861963697441,0.6726914218945946,0.702369242446779
0.40750000000000003,0.9940571942630925,1.120444735490738,0.7349650072089591,0.7487680648848327,6.346299552563962,0.377805323039769,0.9815656431901958,0.9669831550061017,13.410081291694361,0.8750342755720133,0.9305961461681991,0.9567739672005723,0.35869700534464666,0.23205876673415682,9.993807726326455,0.39112325763098943,1.5457162441769106,0.7289324846731474,28.59465728192295,0.6586824214618475,0.6754679547464766,0.7052020200950535
0.41000000000000003,0.9940131063353121,1.1217533997322648,0.7325878996337264,0.7464679166756201,6.3452657134640065,0.3779423558741182,0.9814057419859274,0.9659662418563989,13.414416310067905,0.8734988799854477,0.9291648628053659,0.9555505192483799,0.36187756939054055,0.23410034757404266,9.99449430358807,0.3911463230871392,1.5458224352959737,0.7318438222156444,28.585368672756168,0.6614872057812745,0.6782255087731228,0.7080112932926574
0.41250000000000003,0.9939688832506569,1.123065177261862,0.7302112267823777,0.7441675400255148,6.344231207870519,0.37807978030656275,0.9812457376968381,0.9650043222610751,13.419566609739492,0.8719591051888117,0.9277262123832711,0.9543166373698521,0.36505598341024703,0.23614038397573114,9.995175513566071,0.39117064975742444,1.5459277962712423,0.7346972120559356,28.574541797821524,0.6642763710213357,0.6809641444724063,0.7107971695904832
0.41500000000000004,0.993924524355817,1.1243799969772443,0.7278351037922111,0.7418670468261452,6.343196075358787,0.378217576023479,0.9810856364439348,0.9640253568498676,13.4245316878874,0.8704150235002787,0.9262802603250583,0.9530723821648751,0.3682320898971109,0.2381787763334331,9.995851412067738,0.3911962157745922,1.546032335734283,0.737492698858763,28.562194890266763,0.6670499718693915,0.6836839241134308,0.7135597601942956
0.4175,0.9938800290002803,1.1256977881551724,0.7254596443347018,0.7395665476302525,6.3421603552891614,0.3783557226398081,0.9809254443149805,0.9630294980516676,13.429312199537085,0.8688667066892012,0.9248270717306737,0.9518178147761319,0.3714057338527001,0.2402154265095945,9.99652206032213,0.3912229996698708,1.546136063155235,0.7402303399602097,28.54834618001837,0.6698080633237625,0.6863849116579415,0.7162991797871712
0.42,0.9938353965363157,1.1270184804601546,0.7230849606350355,0.7372661516687423,6.3411240868198995,0.3784941997052706,0.980765167366481,0.962016898598666,13.43390880907168,0.8673142259848425,0.9233667113901636,0.9505529968630839,0.374576762759277,0.24225023781249838,9.997187524903998,0.3912509803923487,1.546238988831042,0.7429102051179924,28.533013890525638,0.6725507006778609,0.6890671726819588,0.7190155463509763
0.4225,0.9937906263189582,1.1283420039528955,0.7207111634917449,0.7349659668678413,6.3400873089202365,0.3786329867105059,0.9806048116257066,0.9609877114994255,13.438322189960141,0.8657576520851872,0.9218992437968325,0.9492779905769021,0.37774502655199577,0.24428311497391916,9.997847877654026,0.391280137327035,1.5463411238731157,0.745532376270593,28.516216235828505,0.675277939495765,0.6917307742977746,0.7217089809871656
0.425,0.9937457177059931,1.1296682890984882,0.7183383622964244,0.7326660998663419,6.339050060383672,0.37877206309312966,0.9804443830927467,0.9599420900119626,13.442553024480603,0.8641970551657429,0.9204247331602641,0.9479928585363411,0.38091037759082347,0.24631396412683706,9.998503195595275,0.3913104503115799,1.5464424801944125,0.748096947305273,28.49797141793995,0.6779898355818759,0.6943757850764526,0.7243796077371829
0.4275,0.9937006700579394,1.1309972667743395,0.7159666650535063,0.7303666560329117,6.338012379841488,0.37891140824370795,0.9802838877426017,0.95888018761683,13.44660200343898,0.8626325048883999,0.9189432434191874,0.9466976638045319,0.3840726706321812,0.24834269278321902,9.999153560845722,0.39134189965163935,1.5465430704959064,0.7506040238349824,28.478297624533138,0.6806864449502839,0.697002274970959,0.7270275534027422
0.43,0.9936554827380314,1.1323288682778212,0.7135961784000756,0.7280677394834545,6.336974305776464,0.37905100151164217,0.9801233315273025,0.957802157990207,13.450469825882898,0.8610640704104151,0.917454838254197,0.9453924698666935,0.3872317628003013,0.25036920981187205,9.999799060526836,0.3913744661348687,1.5466429082524487,0.753053722984132,28.457213026922595,0.683367823797292,0.6996103152400447,0.7296529473662635
0.4325,0.9936101551122026,1.1336630253336375,0.7112270076257079,0.7257694530985008,6.335935876536801,0.3791908222109619,0.9799627203780658,0.9567081549769979,13.454157198811151,0.8594918203934728,0.9159595811003068,0.9440773406087367,0.3903875135582961,0.2523934254163737,10.000439786668071,0.3914081310435327,1.546742007697995,0.7554461731831656,28.434735778328104,0.6860340284772721,0.7021999783729971,0.732255921411737
0.435,0.9935646865490664,1.1349996701009004,0.7088592566923057,0.7234718985406129,6.3348971303502255,0.37933084962602226,0.9798020602074747,0.9555983325639449,13.457664836878648,0.8579158230127896,0.9144575351593464,0.9427523402967529,0.39353978467893447,0.2544152511130848,10.0010758361073,0.39144287616572504,1.5468403838102076,0.7577815139718261,28.410884012409145,0.6886851154811429,0.7047713380153628,0.7348366095462814
0.4375,0.9935190764198976,1.136338735179901,0.7064930282539212,0.721175176271787,6.333858105338292,0.3794710630171014,0.9796413569116907,0.9544728448527553,13.46099346209712,0.8563361459662302,0.9129487634121826,0.9414175335573668,0.3966884402151189,0.256434599709247,10.001707310387076,0.3914786838051887,1.5469380522944087,0.7600598958109774,28.385675842057,0.691321141416615,0.7073244688957462,0.7373951478226647
0.44,0.9934733240986149,1.1376801536185732,0.7041284236765439,0.718879385570835,6.332818839530853,0.3796114416258964,0.9794806163726923,0.9533318460332418,13.464143803531483,0.8547528564834205,0.9114333286307733,0.9400729853589377,0.39983334647006036,0.2584513852811691,10.00233431564679,0.391515536789736,1.5470350295669024,0.7622814799027986,28.359129358431066,0.6939421629897775,0.7098594467537664,0.7399316741630425
0.4425,0.9934274289617604,1.1390238589186377,0.7017655430578364,0.7165846245507344,6.331779370880677,0.37975196468091305,0.9793198444605355,0.9521754903564923,13.467116596992216,0.8531660213348532,0.9099112933900416,0.9387187609935983,0.40297437196714325,0.2604655231525042,10.002956962510675,0.3915534184782675,1.5471313327376506,0.7644464380191442,28.33126263022522,0.6965482369880496,0.7123763482692634,0.7424463281841714
0.445,0.9933813903884805,1.1403697850414285,0.699404485246803,0.7142909901759221,6.33073973727826,0.37989261140274716,0.9791590470356446,0.9510039321080528,13.469912584723605,0.8515757068409846,0.9083827200795689,0.9373549260601037,0.4061113874194754,0.2624769298726182,10.003575365971699,0.391592312766393,1.5472269795923166,0.7665549523378163,28.30209370314938,0.6991394202637505,0.7148752509928236,0.7449392510243444
0.4475,0.9933352077605075,1.141717866413395,0.6970453478633735,0.7119985782795286,6.329699976566753,0.380033361009255,0.9789982299511214,0.9498173255811405,13.472532515088112,0.8499819788813308,0.9068476709151044,0.9359815464474799,0.40924426569911637,0.2644855231950515,10.004189645271387,0.39163220409065996,1.5473219885736769,0.7686072152864669,28.27164059961112,0.7017157697186247,0.7173562332776919,0.7474105851722929
0.45,0.9932888804621384,1.1430680379312899,0.6946882273178876,0.7097074835805287,6.328660126557032,0.3801741927206098,0.9788373990550756,0.9486158250498875,13.47497714224694,0.8483849029035638,0.9053062079498863,0.9345986883194538,0.4123728818059781,0.2664912220560729,10.004799923775622,0.3916730774314002,1.5474163787624118,0.770603429393821,28.23992131858153,0.7042773422925089,0.7198193742131328,0.7498604742982915
0.4525,0.9932424078802168,1.144420234967043,0.6923332188304635,0.707417799700799,6.327620225042912,0.38031508576424056,0.9786765601929786,0.9473995847426049,13.477247225836807,0.8467845439326,0.9037583930857696,0.933206418099642,0.41549711283638996,0.2684939465533262,10.005406328846481,0.39171491831420585,1.5475101698572824,0.7725438071478701,28.206953835629047,0.7068241949578933,0.7222647535592895,0.7522890630876998
0.455,0.9931957894041121,1.1457743933723372,0.689980416450238,0.7051296191820695,6.326580309816461,0.3804560193796536,0.978515719210031,0.9461687588150876,13.47934353064311,0.8451809665796723,0.9022042880841614,0.9318048024574822,0.41861683795132243,0.27049361792456506,10.006008991710244,0.39175771281005134,1.547603382154716,0.7744285708606653,28.172756103104888,0.7093563847175164,0.7246924516835861,0.7546964970771581
0.4575,0.9931490244257004,1.1471304494828969,0.6876299130744602,0.7028430335027519,6.325540418683433,0.3805969728231307,0.9783548819535504,0.9449235013239426,13.481266826269492,0.8435742350513765,0.9006439545767556,0.9303939082948894,0.4217319383442621,0.2724901585264776,10.006608047321595,0.3918014475340794,1.5476960365278025,0.7762579525393144,28.137346050463247,0.7118739686019337,0.7271025494987128,0.7570829224936656
0.46,0.9931021123393458,1.1484883401225063,0.685281800467429,0.7005581330946362,6.3245005894788004,0.3807379253723045,0.9781940542753735,0.9436639661999564,13.483017886803927,0.8419644131586799,0.8990774540760648,0.9289738027336134,0.4248422972087309,0.27448349181359477,10.007203634224224,0.3918461096430736,1.5477881544047343,0.7780624395866347,28.101833994611887,0.7143770036663715,0.7294951284022235,0.7594484860967429
0.4625,0.9930550525418792,1.149848002606779,0.6829361692792584,0.6982750073594404,6.323460860082369,0.38087885633060675,0.9780332420342716,0.9423903072214905,13.484597490481372,0.8403515643258903,0.8975048479857485,0.9275445531032828,0.4279477997054444,0.2764735423172808,10.0077958944079,0.3918916868316423,1.5478797577466994,0.7807618904195421,28.099322516720527,0.716865546986888,0.7318702702177707,0.761793335023887
0.465,0.9930078444325809,1.151209374746693,0.6805931090644582,0.695993744685202,6.3224212684344865,0.38101974503158864,0.9778724510983795,0.9411026779879111,13.486006419343044,0.8387357515995871,0.8959261976107297,0.9261062269301102,0.431048332929102,0.27846023562480166,10.008384973162189,0.39193816732714254,1.5479708690252567,0.7834693101431383,28.097649406461493,0.7193396556570997,0.7342280571379988,0.7641176166395165
0.4675,0.9929604874131617,1.1525723948519109,0.6782527083003181,0.6937144324625013,6.321381852551804,0.3811605708431087,0.9777116873476336,0.9398012318930579,13.487245458892454,0.837117037657535,0.8943415641671018,0.9246588919262474,0.4341437858748063,0.28044349835846827,10.008971018926987,0.3919855398833728,1.5480615111992195,0.7861263584526034,28.094719024124288,0.7217993867848482,0.736568571669106,0.7664214783875904
0.47000000000000003,0.9929129808877415,1.1539370017339017,0.6759150544050835,0.6914371571005032,6.320342650543109,0.3813013131713887,0.9775509566762209,0.938486122098739,13.488315397748163,0.8354954848176365,0.892751008791817,0.9232026159797612,0.4372340494041071,0.2824232581548495,10.009554183140063,0.39203379377307135,1.5481517076910731,0.788726516100767,28.090310388130018,0.7242447974840056,0.7388918965770875,0.768705067648091
0.47250000000000003,0.992865324262834,1.1553031347088725,0.6735802337559113,0.6891620040428087,6.319303700625214,0.3814419514649329,0.9773902649950367,0.9371575015082659,13.48921702729339,0.8338711550468972,0.8911545925521571,0.9217374671452165,0.4403190162106681,0.28439944364405234,10.010134620081766,0.39208291877925233,1.548241482362958,0.7912697518933283,28.084435704346014,0.7266759448606149,0.7411981148356611,0.7709685315975351
0.47500000000000003,0.9928175169473278,1.1566707336005204,0.6712483317065959,0.6868890577831066,6.318265041138863,0.3815824652183097,0.9772296182341437,0.9358155227400261,13.489951141322598,0.8322441099701531,0.8895523764549836,0.9202635136348524,0.44339858078555683,0.28637198442906503,10.010712486717177,0.3921329051854216,1.5483308594922547,0.7937560454699168,28.07710725542917,0.7290928859982956,0.7434873095758746,0.7732120170736854
0.47750000000000004,0.9927695583524675,1.1580397387426047,0.6689194326050569,0.6846184018806175,6.317226710564692,0.3817228339757927,0.977069022345242,0.9344603381010917,13.490518535684997,0.8306144108784684,0.8879444214557644,0.9187808238103232,0.44647263938215903,0.2883408110651609,10.011287942535882,0.3921837437647093,1.5484198637468027,0.7961853873341455,28.068337403787623,0.7314956779466348,0.7457595640373947,0.7754356704446136
0.48,0.9927214478918368,1.1594100909813305,0.666593619810578,0.6823501189753207,6.31618874753919,0.3818630373348608,0.9769084833041368,0.9330920995608738,13.490920007925208,0.8289821187374945,0.8863307884673753,0.9172894661749992,0.4495410899807209,0.2903058550393591,10.011861149389633,0.39223542576796405,1.5485085201597915,0.798557778888942,28.05813859463184,0.7338843777147019,0.7480149615214629,0.7776396374822679
0.4825,0.9926731849813432,1.1607817316775446,0.6642709757107911,0.680084290802959,6.315151190870677,0.3820030549495527,0.9767480071132101,0.9317109587248246,13.491156356921099,0.8273472941958688,0.8847115383686807,0.9157895093668061,0.45260383225252515,0.2922670487499402,10.012432271328166,0.39228794291085056,1.548596854104367,0.8008732324765908,28.046523359095378,0.7362590422675419,0.7502535853455139,0.7798240632406771
0.485,0.9926247690392002,1.1621546027087148,0.6619515817384024,0.6778209982098152,6.314114079555291,0.38214286653367807,0.9765875998038931,0.9303170668081957,13.491228382519,0.8257099975935973,0.8830867320128849,0.9142810221515923,0.4556607675237079,0.294224325486016,10.013001474433402,0.3923412873599981,1.548684891267988,0.8031317714228874,28.033504317405768,0.7386197285205698,0.7524755187994375,0.7819890919389244
0.4875,0.9925761994859124,1.163528646470686,0.6596355183876492,0.6755603211672586,6.3130774527929345,0.3822824518638805,0.9764272674391327,0.9289105746098648,13.491136885166382,0.8240702889703787,0.8814564302356713,0.9127640734170164,0.4587117987387255,0.2961776194071498,10.013568926652345,0.39239545171824386,1.5487726576265808,0.8053334300847991,28.01909418208575,0.7409664933297776,0.7546808451034682,0.784134866849006
0.49,0.9925274757442619,1.1649038058791839,0.657322865230491,0.673302338786054,6.312041350003236,0.38242179078255456,0.9762670161158602,0.9274916324862356,13.490882665542243,0.8224282280738541,0.8798206938631171,0.9112387321669388,0.46175683042348226,0.29812686552302753,10.014134797628962,0.39245042900902083,1.5488601794185362,0.8074782539010015,28.003305761165254,0.7432993934795445,0.756869647367679,0.7862615301886797
0.4925,0.9924785972392939,1.1662800243710547,0.6550137009325296,0.6710471293304384,6.311005810841455,0.38256086320061494,0.9761068519674517,0.9260603903252372,13.490466524185383,0.8207838743677672,0.8781795837194031,0.9097050675163245,0.46479576864812994,0.300071999673178,10.014699258535273,0.39250621265993907,1.5489474831185852,0.8095662994446614,27.986151961384653,0.7456184856706991,0.7590420085530614,0.7883692230194025
0.495,0.9924295633983046,1.1676572459052132,0.6527081032686589,0.6687947702319604,6.309970875214361,0.3826996491001188,0.9759467811661832,0.9246169975204327,13.489889261120842,0.8191372870400158,0.8765331606343192,0.9081631486866425,0.4678285209895518,0.3020129585067403,10.015262481902024,0.3925627964856076,1.5490345954116098,0.8115976344778052,27.967645791369712,0.7479238265135825,0.7611980114341561,0.7904580851494342
0.4975,0.9923803736508306,1.1690354149632953,0.6504061491384441,0.6665453381030865,6.308936583296061,0.3828381285367426,0.9757868099256793,0.92316160294526,13.489151675484772,0.8174885250105857,0.8748814854505771,0.9066130450017666,0.47085499649354456,0.3039496794622783,10.015824641449175,0.3926201746697498,1.549121543166424,0.813572338006618,27.94780036475909,0.7502154725337025,0.763337738563212,0.7925282550421823
0.5,0.99233102742864,1.1704144765500044,0.648107914581236,0.6642989087505761,6.307902975543771,0.38297628164211567,0.9756269445033526,0.9216943549274352,13.488254565148093,0.8158376469393906,0.8732246190309435,0.9050548258843871,0.4738751056367099,0.3058821007476384,10.016385911916489,0.3926783417466621,1.5492083534095729,0.815490500337004,27.926628903265176,0.7524934801734418,0.7654612722358328,0.7945798697298384
0.5025000000000001,0.9922815241657231,1.1717943761931555,0.6458134747910206,0.6620555571886315,6.306870092713524,0.38311408862601176,0.9754671912028324,0.9202154012235372,13.487198726339257,0.81418471123404,0.8715626222652079,0.9034885608529286,0.4768887602880699,0.30781016131984945,10.01694646889455,0.3927372925820684,1.549295053299195,0.8173522231297226,27.90414473964942,0.7547579057657737,0.7675686944580796,0.7966130647323517
0.505,0.9922318632982887,1.1731750599434356,0.6435229041310127,0.6598153576518258,6.305837975875811,0.3832515297784038,0.9753075563763849,0.9187248889938139,13.485984953266607,0.8125297760575548,0.8698955560769989,0.9019143195189913,0.4798958736704166,0.30973380086506164,10.017506488656434,0.3927970223534216,1.549381670098988,0.8191576194544259,27.880361320593458,0.7570088055064105,0.7696600869149844,0.7986279739817665
0.5075000000000001,0.9921820442647584,1.1745564743739012,0.6412362761479947,0.6575783836078152,6.304806666431136,0.38338858547138627,0.9751480464273184,0.9172229647772366,13.48461403774069,0.8108728993360399,0.8682234814304696,0.9003321715853263,0.4828963603214097,0.3116529597785194,10.018066147990359,0.39285752652970773,1.5494682311523267,0.8209068138418929,27.855292209447512,0.7592462354374884,0.7717355309404289,0.8006247297519322
0.51,0.9921320665057655,1.175938566579255,0.6389536635864135,0.6553447077698452,6.303776206125499,0.3835252361609683,0.9749886678123779,0.915709774466844,13.483086768797051,0.8092141387663071,0.866546459336873,0.8987421868443578,0.48589013605443115,0.31356757914456584,10.018625624033529,0.3929188008508042,1.5495547638565608,0.8225999423337788,27.82895108883801,0.7614702514368028,0.7737951074883488,0.8026034625935858
0.5125,0.9920819294641553,1.1773212841749516,0.6366751384022359,0.6531144021090551,6.302746637065771,0.3836614623887471,0.9748294270441239,0.9141854632854115,13.481403932320069,0.8075535518234559,0.8648645508610427,0.8971444351772698,0.4888771179192094,0.31547760071667175,10.01918509410748,0.3929808413064488,1.5496412956375514,0.8242811615038448,27.80283617689447,0.7636809092082226,0.7758388971051977,0.8045643012747868
0.515,0.9920316325849867,1.1787045752961884,0.6344007717765756,0.6508875378665903,6.301718001734991,0.3837972447834661,0.9746703306932973,0.9126501757614874,13.479566310668256,0.8058911957684131,0.8631778171278112,0.8955389865536769,0.49185722416222133,0.3173829668974859,10.019744735555141,0.39304364411487375,1.549727853924468,0.825937549916318,27.776508357247348,0.7658782642709591,0.7778669799036311,0.8065073727266683
0.5175,0.991981175315537,1.1800883885968585,0.6321306341290969,0.6486641855655298,6.300690343007532,0.38393256406246573,0.974511385391166,0.9111040557058377,13.477574682301713,0.8042271276554364,0.8614863193283795,0.8939259110318998,0.49483037418688486,0.3192836207188992,10.020304725579894,0.3931072057011612,1.5498144661248967,0.8275452536829867,27.749167113296842,0.7680623719634456,0.7798794355373407,0.808432801994453
0.52,0.9919305571053085,1.1814726732485232,0.6298647951312025,0.6464444150226374,6.29966370416419,0.3840674010330367,0.974352597831858,0.9095472461883443,13.475429821412336,0.8025614043395974,0.859790118726669,0.8923052787598607,0.49779648851355185,0.32117950582212,10.020865241086844,0.39317152267537636,1.5499011596002896,0.8291044423134483,27.720824432125273,0.7702332874451111,0.7818763431769882,0.8103407121936734
0.5225,0.9918797774060366,1.1828573789394978,0.6276033237190134,0.6442282953599424,6.298638128907117,0.3842017365936836,0.9741939747746716,0.9079798895153929,13.47313249755724,0.8008940824842595,0.8580892766656787,0.8906771599766337,0.5007554887393129,0.3230705664377528,10.021426458526548,0.39323659181053455,1.549987961641796,0.8306152961736828,27.691492448700007,0.7723910656556217,0.7838577814871686,0.8122312244715056
0.525,0.9918288356716983,1.184242455874103,0.625346288106148,0.6420158950161589,6.2976136613746645,0.3843355517353077,0.9740355230463706,0.9064021272078051,13.470683475296239,0.799225218568591,0.8563838545738676,0.8890416250146561,0.5037072974976299,0.3249567473658792,10.021988553741453,0.3933024100204593,1.5500748994465092,0.832078006517257,27.661183446937095,0.7745357612843042,0.7858238286043483,0.8141044579731305
0.5275,0.9917777313585255,1.1856278547721593,0.6230937557963048,0.6398072817579487,6.296590346156053,0.3844688275423197,0.973877249543454,0.9048140999793465,13.468083513833811,0.7975548688950505,0.8546739139715974,0.8873987443026382,0.506651838417811,0.32683799395613683,10.022551701815255,0.39336897433758833,1.5501620000941692,0.8334927755055556,27.62990986039991,0.7766674287514549,0.7877745621157067,0.8159605298130037
0.53,0.9917264639250167,1.1870135268687751,0.6208457935956578,0.6376025226910345,6.295568228305949,0.3846015451936919,0.9737191612344096,0.9032159477158579,13.465333366666327,0.795883089596799,0.8529595164776452,0.885748588369181,0.5095890360843458,0.32871425208779564,10.023116076925374,0.39343628189078217,1.5502492905243446,0.8348598162163978,27.597684272620377,0.7787861221940959,0.7897100590388242,0.8177995550509187
0.5325,0.991675032831949,1.1883994239144617,0.6186024676250667,0.6354016842711694,6.294547353358844,0.38473368596396,0.9735612651619391,0.9016078094550516,13.462433781235072,0.7942099366451565,0.8512407238158228,0.8840912278471332,0.5125188159961249,0.3305854681498313,10.023681852198878,0.3935043298831924,1.5503367975141484,0.836179352640423,27.56451941703146,0.7808918954521611,0.7916303958021477,0.8196216466727175
0.535,0.9916234375423938,1.1897854981756062,0.6163638433321075,0.6332048323149658,6.293527767343305,0.3848652312241833,0.9734035684451608,0.8999898233670114,13.45938549858575,0.7925354658571073,0.8495175978217155,0.8824267334787026,0.5154411045255674,0.33245158902099886,10.024249199571942,0.39357311557024255,1.5504245476565015,0.8383407852457447,27.559658652138637,0.7829848020528697,0.7935356482261767,0.8214269155755092
0.5375,0.9915716775217306,1.191171702435294,0.6141299855029301,0.6310120320105898,6.292509516796064,0.3849961624428752,0.9732460782817903,0.8983621267354269,13.456189253035028,0.7908597329028414,0.8477902004495661,0.8807551761213391,0.5183558288776836,0.334312562049911,10.024818289653162,0.3936426362377755,1.550512567338992,0.8405273899282759,27.556091788301543,0.7850648951932037,0.7954258915053034,0.8232154705572274
0.54,0.9915197522376601,1.1925579899944658,0.6119009582739424,0.6288233479283262,6.291492648775893,0.38512646118691174,0.9730888019502855,0.8967248559396148,13.452845771844773,0.7891827933133285,0.8460585937793241,0.8790766267544184,0.5212629170491087,0.3361683350351263,10.025389291590914,0.3937128891804187,1.5506008827233588,0.8426621581571565,27.55128925331497,0.7871322277215445,0.7973012001902537,0.8249874183103633
0.5425,0.9914676611602192,1.1939443146733646,0.609676825143331,0.6266388440310141,6.290477210877363,0.3852561091224288,0.9729317468119745,0.8950781464373381,13.449355774904424,0.7875047024879315,0.8443228400238751,0.8773911564867284,0.5241622977871375,0.3380188562052564,10.025962372944962,0.39378387168021656,1.5506895197256352,0.8447450571415707,27.545258783021307,0.7891868521203567,0.7991616481710657,0.8267428634196828
0.545,0.9914154037617935,1.1953306308132035,0.6074576489824155,0.6244585836843626,6.289463251244348,0.38538508801571586,0.9727749203131454,0.8934221327484779,13.44571997442227,0.7858255157020567,0.8425830015364751,0.8756988365647861,0.5270539005488032,0.3398640741991022,10.02653769956255,0.39385558098557855,1.5507785039969824,0.846776068491778,27.53800840062231,0.7912288204960598,0.8010073086605529,0.8284819083637452
0.5475,0.9913629795171301,1.1967168932779828,0.6052434920468486,0.6222826296671479,6.288450818583375,0.3855133797341168,0.9726183299871101,0.8917569484395702,13.441939074625903,0.7841452881148415,0.8408391408183992,0.8739997383819952,0.5299376554600342,0.34170393804582894,10.027115435459153,0.39392801429058766,1.550867860905248,0.848755188365304,27.529546419131165,0.793258184578428,0.8028382541781952,0.8302046535200145
0.55,0.9913103879033489,1.1981030574563438,0.6030344159876605,0.6201110441812939,6.28743996217678,0.38564096624694416,0.9724619834562388,0.8900827261092423,13.438013771472551,0.7824640747768851,0.8390913205268224,0.8722939334886528,0.5328134932749375,0.3435383971451935,10.027695742704143,0.394001168714714,1.5509576155172795,0.8506824275980645,27.519881443356134,0.7952749956973318,0.804654556534407,0.8319111971733559
0.5525,0.9912576283999535,1.1994890792633615,0.6008304818621556,0.6179438888618499,6.286430731895611,0.38576782962641615,0.9723058884339573,0.8883995973745765,13.433944752369616,0.7807819306380315,0.8373396034829527,0.8705814936028269,0.5356813453352446,0.34536740124783544,10.028278781311489,0.3940750412829735,1.5510477925820216,0.8525578118196688,27.509022371401073,0.7972793047495838,0.8064562868151224,0.8336016355276974
0.555,0.9912047004888399,1.200874915142153,0.598631750144669,0.6157812247868598,6.285423178212384,0.3858939520486245,0.9721500527267182,0.8867076928584146,13.42973269590591,0.779098910555206,0.8355840526804161,0.8688624906221026,0.5385411435299632,0.3471909004356453,10.028864709135709,0.39414962890657124,1.551138416514422,0.8543813815522009,27.496978395669995,0.7992711621835961,0.8082435153666527,0.835276062720631
0.5575,0.9911516036543062,1.202260522065187,0.596438280737187,0.6136231124871395,6.284417352213591,0.3860193157945398,0.9719944842359362,0.8850071421776347,13.425378271594015,0.7774150693003112,0.833824731293922,0.8671369966362157,0.5413928202552803,0.34900884510222124,10.029453681773276,0.39422492836406764,1.5512295113801822,0.8561531922917861,27.48375900336339,0.8012506179873601,0.8100163117807527,0.8369345708407132
0.56,0.9910983373830594,1.2036458575351878,0.5942501329798421,0.6114696119559635,6.283413305612001,0.38614390325106324,0.9718391909598908,0.8832980739324104,13.42088213962404,0.7757304615681833,0.8320617026882094,0.8654050839405784,0.5442363083747479,0.35082118593342615,10.030045852469545,0.3943009362831003,1.5513211008813628,0.8578733145723185,27.469373976455646,0.8032177216660478,0.8117747448798469,0.8385772499472273
0.5625,0.9910449011642234,1.2050308795855307,0.592067365661289,0.6093207826586718,6.282411090758769,0.3862676969121309,0.9716841809955992,0.8815806156964738,13.416244950629219,0.774045141984616,0.830295030427287,0.8636668250506981,0.5470715411797935,0.3526278738880549,10.030641372031411,0.3943776491226968,1.5514132083428738,0.8595418340107468,27.453833391144375,0.80517252221483,0.8135188827023592,0.8402041880921577
0.5650000000000001,0.9909912944893448,1.2064155467800555,0.5898900370289731,0.6071766835422047,6.281410760655304,0.38639067937987986,0.9715294625406511,0.879854894008397,13.41146734546359,0.7723591651144576,0.8285247782839841,0.8619222927175069,0.5498984523505863,0.354428860178619,10.031240388745802,0.3944550631562083,1.5515058566998687,0.8611588513333694,27.437147616763433,0.8071150680950955,0.8152487924880817,0.8418154713441202
0.5675,0.9909375168524006,1.2077998182122338,0.5877182047992996,0.605037373044574,6.280412368964962,0.38651283336588294,0.9713750438950184,0.8781210343639021,13.40654995499208,0.7706725854697859,0.8267510102498107,0.8601715599435928,0.5527169759172875,0.3562240962522579,10.031843048304054,0.3945331744548956,1.5515990684860475,0.8627244823826418,27.419327314153485,0.8090454072135254,0.8169645406635315,0.8434111838139948
0.5700000000000001,0.9908835677498042,1.2091836535036684,0.5855519261677157,0.6029029091042837,6.279415970024499,0.38663414169245974,0.9712209334628258,0.876379161209216,13.401493399893187,0.7689854575181773,0.82497379054515,0.8584147000003484,0.5555270462217108,0.3580135337717785,10.032449493732294,0.3946119788721936,1.5516928658228892,0.8642388581040396,27.400383433484926,0.810963586902284,0.8186661928272307,0.8449914076819984
0.5725,0.990829446680414,1.2105670128019215,0.5833912578187155,0.6007733491697079,6.278421618855337,0.38675458729407386,0.9710671397540933,0.8746293979354797,13.396298290474617,0.7672978356910787,0.8231931836297839,0.8566517864460338,0.5583285978794131,0.359797124596827,10.03305986532789,0.39469147202868415,1.5517872704098228,0.865702124512586,27.380327211530137,0.812869653900135,0.8203538137348452,0.8465562232259346
0.5750000000000001,0.9907751531455412,1.211949856777704,0.5812362559357801,0.5986487502084353,6.277429371174621,0.38687415321882324,0.9709136713864472,0.8728718668742194,13.390965226501976,0.7656097743922807,0.8214092542137619,0.854882893144759,0.5611215657422317,0.3615748207651939,10.033674300601927,0.3947716492978001,1.5518823035153297,0.8671144426387073,27.359170168383123,0.814763654334964,0.8220274672841299,0.8481057088503667
0.5775,0.9907206866489603,1.213332146621499,0.579086976211263,0.5965291687165944,6.276439283406083,0.38699282263003376,0.970760537086799,0.871106689293893,13.385494797040868,0.7639213280064732,0.819622067268628,0.8531080942863901,0.5639058848612802,0.3633465744742519,10.034292934227757,0.3948525057922877,1.5519779859689877,0.8684759884531362,27.336924103626803,0.8166456337114596,0.8236872164996154,0.8496399411164534
0.58,0.9906660466969193,1.214713844039702,0.576943473856231,0.5944146607281678,6.275451412690674,0.3871105788079642,0.9706077456929909,0.8693339853975218,13.379887580312518,0.7622325509078917,0.8178316880390137,0.8513274644073813,0.5666814904504104,0.36511233806252147,10.034915897995594,0.39493403635144725,1.5520743381544457,0.8697869527706515,27.313601091949597,0.8185156369027113,0.82533312351698,0.8511589947722008
0.5825,0.9906112327981533,1.2160949112504207,0.5748058036102729,0.592305281824302,6.274465816897038,0.38722740515163306,0.9704553061554159,0.8675538743214086,13.374144143563196,0.7605434974690962,0.8160381820546017,0.849541078412534,0.5694483178501462,0.3668720639913665,10.035543320773042,0.39501623552917575,1.5521713800033212,0.8710475411325137,27.289213478214908,0.8203737081307741,0.8269652495670599,0.852662942782891
0.585,0.9905562444639004,1.21747531097906,0.5726740197512831,0.5902010871426283,6.273482554631752,0.38734328518077615,0.9703032275386004,0.8657664741349612,13.368265042947675,0.7588542220698942,0.814241615142478,0.8477490115976903,0.572206302492093,0.36862570482681006,10.03617532847156,0.39509909758283007,1.5522691309900116,0.8722579736675088,27.263773871988878,0.8222198909500347,0.8285836549594457,0.8541518563614571
0.5875,0.9905010812079162,1.2188550064538732,0.5705481761052293,0.5881021313865965,6.272501685249374,0.3874582025379445,0.9701515190227599,0.8639719018416253,13.36225082342697,0.7571647791064118,0.8124420534398774,0.8459513396733577,0.5749553798638194,0.3703732132214728,10.03681204401861,0.39518261646292835,1.5523676101273882,0.8734184849316167,27.23729514153363,0.8240542282335618,0.8301883990656368,0.8556258049985959
0.59,0.9904457425464941,1.220233961401645,0.5684283260559125,0.5860084688348322,6.271523268862282,0.3875721409907525,0.9700001899053191,0.8621702733809321,13.356102018680536,0.7554752230003142,0.8106395634073341,0.8441481387892742,0.5776954854742146,0.3721145418966269,10.037453587335506,0.395266785803706,1.5524668359633682,0.8745293237263586,27.209790407275207,0.825876762151702,0.8317795403017164,0.8570848564924185
0.5925,0.9903902279984848,1.22161214004368,0.5663145225547223,0.5839201533505205,6.270547366350303,0.38768508443428495,0.9698492496024028,0.8603617036316765,13.349819151033303,0.7537856082081725,0.8088342118422412,0.8423394855599118,0.5804265548193196,0.37384964362436607,10.038100075320655,0.39535159891453964,1.5525668265783246,0.875590752895987,27.18127303475711,0.827687534142447,0.833357136110538,0.8585290769774702
0.595,0.9903345370853182,1.222989507092272,0.5642068181303953,0.5818372383908244,6.269574039370113,0.38779701689367224,0.9696987076502886,0.8585463064162271,13.34340273139773,0.7520959892309843,0.8070260658928379,0.8405254570909202,0.5831485233486322,0.37557847120989174,10.03875162183809,0.39543704877225005,1.5526675995833108,0.8766030491037439,27.151756627092524,0.8294865848818586,0.834921242943414,0.8599585309529623
0.5975,0.9902786693310255,1.2243660277478023,0.5621052648987764,0.5797597770163354,6.268603350364419,0.3879079225268415,0.9695485737068276,0.8567241945059784,13.336853259231134,0.7504064206238531,0.8052151930726176,0.8387061310065146,0.5858613264318879,0.37730097747391655,10.039408337711032,0.39552312801429385,1.5527691721190662,0.8775665025874954,27.121255016929823,0.8312739542567754,0.8364719162413217,0.8613732813100922
0.6,0.9902226242622634,1.2257416676965944,0.560009914572587,0.5776878219005629,6.267635362570903,0.3880177856274508,0.9693988575528275,0.8548954796279468,13.330171222508646,0.7487169570058323,0.8034016612751728,0.8368815854778031,0.5885648993263233,0.37901711523519116,10.040070330720313,0.3956098289328505,1.552871560855772,0.8784814168951329,27.089782257948272,0.8330496813379366,0.838009210415639,0.8627733893583492
0.6025,0.9901664014083372,1.2271163931096318,0.5579208184711966,0.5756214253394587,6.266670140030905,0.38812659062801236,0.9692495690933955,0.8530602724725193,13.323357097711915,0.7470276530699389,0.8015855387894761,0.8350518992520531,0.5912591771444263,0.38072683729316176,10.040737705607347,0.39569714346980844,1.5529747819935096,0.879348108600209,27.057352615902097,0.834813804353504,0.8395331788284575,0.8641589148507296
0.605,0.9901100003012238,1.228490170642188,0.5558380275304003,0.5735606392609777,6.265707747597854,0.38823432210321046,0.9691007183592434,0.851218682702349,13.316411349833894,0.7453385635933333,0.7997668943155966,0.833217151682891,0.5939440948221896,0.3824300964107698,10.041410564081481,0.3957850632126531,1.5530788512633997,0.8801669069983478,27.02398055923328,0.8365663606640116,0.8410438737725109,0.8655299160078129
0.6075,0.9900534204755943,1.229862967434393,0.5537615923121955,0.5715055152346702,6.264748250945416,0.38834096477341495,0.9689523155079459,0.8493708189624002,13.309334432399833,0.743649743447667,0.7979457969808537,0.8313774227614288,0.5966195870878795,0.38412684529740726,10.04208900483145,0.3958735793912577,1.553183783929372,0.8809381537850437,26.989680749274548,0.8383073867392898,0.8425413464507869,0.8668864495406712
0.61,0.9899966614688347,1.2312347511127062,0.5516915630145567,0.5694561044813052,6.26379171657536,0.3884465035083952,0.9688043708251585,0.8475167888911339,13.30212678750464,0.7419612476095918,0.7961223163564016,0.829532793148303,0.5992855884313439,0.38581703659204614,10.042773123540684,0.39596268287557373,1.5532895947905339,0.8816622027155375,26.954468030065915,0.840036918137516,0.8440256469558892,0.8682285706726145
0.6125,0.9899397228210661,1.2326054897922136,0.5496279894812035,0.5674124578825169,6.262838211825099,0.3885509233312296,0.9686568947257839,0.8456566991328233,13.2947888458667,0.7402731311714258,0.7942965224742361,0.8276833442066162,0.6019420330738835,0.3875006228465617,10.043463012906276,0.39605236417421824,1.5533962981841034,0.8823394192475008,26.918357417808927,0.8417549894858822,0.8454968242492265,0.8695563331597829
0.615,0.9898826040751598,1.2339751520796383,0.547570921211354,0.5653746259904706,6.2618878048749345,0.38865420942241147,0.9685098977550919,0.8437906553509884,13.28732102689822,0.7385854493519695,0.7924684858446119,0.8258291580357551,0.604588854938716,0.38917755650927405,10.044158762661343,0.3961426134339541,1.5535039079888686,0.8832044080036868,26.888494980574094,0.8434616344612752,0.8469549261401174,0.8708697893106274
0.6175,0.9898253047767529,1.2353437070768873,0.5455204073694622,0.5633426590375448,6.260940564754945,0.38875634712414503,0.9683633905897853,0.8419187622429232,13.279723738791999,0.7368982575074619,0.7906382774738592,0.8239703175060722,0.6072259876220677,0.3908477899087316,10.04486045960061,0.39623342044005494,1.5536124376291434,0.8848290589685988,26.882214733227116,0.8451568857690975,0.8483999992648944,0.8721689900043231
0.62,0.9897678244742588,1.2367111243849491,0.5434764967949306,0.5613166069460187,6.259996561351557,0.3888573219448234,0.9682173840390158,0.8400411235552958,13.271997378624595,0.7352116111426735,0.7888059688825727,0.8221069062943908,0.6098533643649292,0.3925112752377666,10.045568187609005,0.39632477461754784,1.5537219000791915,0.8864051942877134,26.874866834560063,0.8468407751198197,0.8498320890660954,0.8734539847081747
0.6225,0.9897101627188758,1.2380773741079047,0.5414392380117937,0.5592965193377658,6.259055865413716,0.3889571195636806,0.9680718890453386,0.8381578421007976,13.2641423324757,0.7335255659221194,0.7869716321241631,0.8202390089203183,0.612470918025512,0.39416796453784875,10.046282027693088,0.3964166650333246,1.5538323078680873,0.8879329953177519,26.866462650260832,0.8485133332058747,0.8512512397718284,0.8747248214940754
0.625,0.9896523190645928,1.239442426856818,0.5394086792383683,0.5572824455439401,6.258118548558755,0.3890557258356059,0.9679269166856206,0.8362690197757898,13.256158975563418,0.7318401776814002,0.7851353398037315,0.8183667107833132,0.6150785810524495,0.39581780968376645,10.047002058015192,0.39650908039910954,1.553943673084995,0.8894126593521196,26.857013863994627,0.8501745896844207,0.8526574943753917,0.8759815470540866
0.6275000000000001,0.9895942930681914,1.2408062537532554,0.537384868396865,0.5552744346146586,6.257184683277841,0.38915312679610614,0.9677824781718818,0.8343747575789358,13.248047672395272,0.7301555024387243,0.7832971650972518,0.8164900982004875,0.6176762854587785,0.39746076236866384,10.047728353930049,0.39660200907527005,1.554056007384835,0.8908443992673721,26.846532465430517,0.8518245731618496,0.8540508946152232,0.877224206715195
0.63,0.989536084289245,1.2421688264321982,0.5353678531229576,0.5532725353286667,6.256254342941092,0.38924930866640367,0.9676385848520875,0.8324751556307548,13.239808776934478,0.7284715964064996,0.7814571817710215,0.8146092584450851,0.6202639627967398,0.3990967740894603,10.048460988023866,0.396695439075456,1.5541693219943273,0.8922284431499501,26.835030737868323,0.8534633111638149,0.8554314809552429,0.8784528444533091
0.6325000000000001,0.9894776922901181,1.243530117044134,0.5333576807753099,0.5512767962029879,6.255327601802324,0.389344257858651,0.9674952482108825,0.8305703131940708,13.231442632781182,0.7267885160028295,0.7796154642013544,0.8127242797856055,0.6228415441334327,0.40072579613267556,10.049200030155658,0.3967893580720464,1.5542836277183842,0.8935650339040621,26.82252124549354,0.8550908301026328,0.8567992925656484,0.8796675029065386
0.635,0.98941911663596,1.2448900982561504,0.5313543984450522,0.5492872655025526,6.254404535003427,0.3894379609812482,0.9673524798702674,0.8286603286953025,13.222949573368153,0.7251063178631527,0.7777720873944792,0.8108352515255187,0.6254089600273508,0.4023477795606832,10.049945547500744,0.3968837534023824,1.5543989349468372,0.8948544288416215,26.809016820287752,0.8567071552540748,0.8581543673042072,0.8808682233877976
0.6375000000000001,0.9893603568946996,1.246248743251894,0.529358052965215,0.5473039912498009,6.253485218578427,0.38953040484424634,0.9672102915902269,0.8267452997465523,13.214329922170585,0.7234250588519825,0.7759271270066093,0.8089422640435296,0.6279661405058224,0.40396267519840806,10.050697604596262,0.3969786120757595,1.554515253661478,0.8960968992551473,26.794530548622475,0.8583123107366446,0.8594967416980835,0.882055045896759
0.64,0.9893014126370383,1.247606025730339,0.5273686909201111,0.545327021234259,6.252569729457195,0.3896215764648207,0.9670686952693043,0.8248253231684491,13.205583992929492,0.7217447960746928,0.7740806593641517,0.8070454088343405,0.6305130150433701,0.40557043362048106,10.051456263388605,0.3970739207811475,1.5546325934433933,0.8972927299745475,26.779075757563646,0.8599063194879437,0.8608264509262213,0.883228009131177
0.6425,0.9892422834364443,1.248961919903339,0.5253863586546723,0.5433564030220848,6.251658145468865,0.3897114630727993,0.9669277029451293,0.8229004950136981,13.196712089888313,0.7200655868893335,0.7722327614840199,0.8051447785498701,0.6330495125409976,0.40717100513885907,10.052221583282645,0.3971696658956011,1.5547509634805807,0.8984422189087141,26.762666000914287,0.8614892032392694,0.8621435288023006,0.8843871504975793
0.645,0.989182968869142,1.2503164004920537,0.523411102283737,0.5413921839655811,6.250750545344952,0.3898000521162358,0.9667873267949004,0.8209709105912963,13.187714508042255,0.7183874889184695,0.7703835110940186,0.8032404670408768,0.6355755613063986,0.40876433979091203,10.052993621192545,0.3972658334933201,1.5548703725758057,0.8995456765728678,26.74531504502231,0.8630609824916142,0.8634480077582722,0.885532506121335
0.6475,0.9891234685141082,1.2516694427223742,0.521442967701292,0.5394344112126747,6.249847008722206,0.3898873312670155,0.9666475791358266,0.8190366644913705,13.178591533400065,0.7167105600610326,0.7685329866532662,0.8013325693989476,0.63809108903508,0.4103503873279751,10.053772431594112,0.39736240935531036,1.5549908291546994,0.9006034256025747,26.72703685438035,0.8646216764947606,0.8647399188284659,0.8866641108560738
0.65,0.9890637819530634,1.2530210223195686,0.5194820005896654,0.5374831317163558,6.248947616145221,0.3899732884264877,0.9665084724255308,0.8170978506105978,13.169343443257786,0.7150348585041835,0.7666812673726263,0.7994211819988,0.6405960227923759,0.41192909720435955,10.054558066578378,0.39745937897959305,1.5551123412740466,0.9016158002553931,26.707845577044363,0.8661713032295871,0.8660192916342645,0.887781998292452
0.6525,0.9890039087704672,1.2543711155024244,0.5175282464286741,0.5355383922440766,6.248052449068832,0.39005791173112203,0.9663700192624205,0.8151545621781713,13.159970506484234,0.7133604427351687,0.7648284332351174,0.7975064025408571,0.643090288996329,0.4135004185668101,10.055350575906376,0.39755672759190525,1.5552349166302566,0.9025831459010735,26.687755529897007,0.8677098793933313,0.8672861543693269,0.8888862007662325
0.655,0.9889438485535114,1.2557196989772184,0.5155817505047179,0.5336002393871041,6.2471615898602835,0.3901411895581877,0.966232232386023,0.8132068917822736,13.150472983817805,0.7116873715531662,0.762974565016271,0.7955883300940565,0.6455738134014068,0.4150643002443967,10.056150007064806,0.397654440156829,1.5553585625679738,0.9035058185012682,26.66678118378202,0.8692374203876286,0.86854053378534,0.8899767493656608
0.6575,0.9888836008921177,1.257066749931887,0.5136425579198215,0.5316687195698186,6.246275121801227,0.39022311053146025,0.9660951246772946,0.8112549313970231,13.140851128174463,0.7100157040811056,0.7611197443044104,0.7936670651388367,0.6480465210830139,0.41662069073882446,10.056956405322456,0.397752501389283,1.5554832860888037,0.9043841840796869,26.644937148534975,0.8707539403089049,0.869782455178275,0.8910536739381145
0.66,0.9888231653789299,1.2584122460307994,0.5117107136006165,0.5297438790589541,6.245393129089534,0.390303663526961,0.9659587091589014,0.8092987724098557,13.131105184966426,0.7083454997774526,0.7592640535208179,0.7917427096102654,0.6505083364227702,0.41816953821514663,10.057769813787155,0.3978508957663121,1.5556090938601224,0.9052186181836487,26.622238157935882,0.8722594519403076,0.871011942375129,0.892117003095999
0.6625,0.9887625416093099,1.2597561654105303,0.5097862623072542,0.5278257639727676,6.244515696840932,0.39038283767874116,0.9658229989954713,0.8073385056493083,13.121235392431533,0.706676818447946,0.7574075759397643,0.789815366941258,0.6529591830945173,0.4197107904928685,10.058590273463091,0.3979496075391067,1.5557359922239407,0.9060095053379603,26.59869905460777,0.8737539667450634,0.8722290177211244,0.8931667642218778
0.665,0.9887017291813293,1.261098486677029,0.5078692486422399,0.5259144202901265,6.243642911090463,0.39046062238472107,0.9656880074938204,0.8053742214131622,13.1112419819727,0.7050097202572706,0.755550395708361,0.7878851421058304,0.6553989840510297,0.42124439503743233,10.059417823308245,0.3980486207451845,1.5558639872057884,0.9067572384920801,26.574334774886005,0.8752374948613358,0.8734337020673505,0.8942029834728302
0.6675,0.9886407276957617,1.2624391889045317,0.5059597170591722,0.5240098938594995,6.242774858793741,0.3905370073125989,0.9655537481031476,0.8034060094969103,13.101125178507381,0.7033442657406567,0.753692597866208,0.7859521416623344,0.6578276615114136,0.42277029895208035,10.06025250029187,0.3981479192206765,1.5559930845236036,0.9074622184614819,26.549160333681343,0.8767100450969253,0.8746260147588295,0.895225685784027
0.67,0.9885795367560682,1.2637782516365237,0.504057711871371,0.5221122304078321,6.241911627828013,0.39061198240584166,0.9654202344151979,0.8014339592224968,13.090885200826461,0.7016805158153839,0.7518342683647865,0.784016473796607,0.6602451369491906,0.42428844897010115,10.061094339451783,0.3982474866126561,1.5561232895965944,0.9081248533641709,26.52319080935999,0.8781716249189615,0.8758059736230087,0.8962348948715427
0.6725,0.9885181559683822,1.2651156548889788,0.5021632772603709,0.5202214755492883,6.241053306992948,0.39068553788977384,0.9652874801643851,0.7994581594672868,13.080522261962265,0.7000185317921628,0.7499754940865614,0.7820782483649662,0.662651331081079,0.4257987914474743,10.061943373951353,0.3983473063914635,1.5562546075540526,0.9087455580532743,26.49644132866282,0.8796222404297205,0.8769735949586771,0.8972306332344325
0.675,0.9884565849414867,1.2664513791560186,0.5002764572842557,0.5183376747938307,6.240199986011176,0.39075766427777436,0.9651554992278751,0.7974786986932025,13.070036569565069,0.6983583753863529,0.7481163628637343,0.7801375769369701,0.6650461638565103,0.42730127235593923,10.062799635136166,0.3984473618629832,1.5563870432441187,0.9093247535466323,26.468927051685355,0.8810618963427996,0.8781288935253346,0.8982129221561107
0.6775,0.9883948232867856,1.2677854054180437,0.4983972958858045,0.516460873555615,6.239351755528461,0.39082835237759167,0.9650243056256123,0.7954956649759728,13.059428326287565,0.696700108728982,0.7462569634965965,0.7781945728378535,0.6674295544479305,0.42879583727652937,10.063663152590182,0.398547636180842,1.5565206012424668,0.909862866454335,26.440663156939998,0.8824905959666646,0.8792718825330511,0.8991817817051072
0.68,0.9883328706182694,1.269117715152279,0.49652583690041435,0.5145911171611658,6.2385087071134935,0.3908975932977835,0.9648939135202879,0.7935091460344219,13.048697730176565,0.6950437943775477,0.7443973857714133,0.7762493511905433,0.6698014212419707,0.4302824313936216,10.064533954191452,0.3986481123585063,1.5566552858609222,0.9103603284051228,26.411664826520806,0.8839083411920755,0.8804025736328772,0.9001372307352868
0.6825,0.9882707265524713,1.2704482903455827,0.4946621240637666,0.5127284508573025,6.237670933257233,0.3909653784542827,0.964764337217238,0.7915192292597303,13.03784497507127,0.6933894953265763,0.7425377204777706,0.7743020289571412,0.6721616818315842,0.4317609994895721,10.065412066167289,0.3987487732812691,1.5567911011559956,0.9108175754726122,26.381947231391703,0.8853151324819387,0.8815209769078945,0.9010792868856597
0.685,0.9882083907084159,1.2717771135092624,0.49280620101919315,0.5108729198187749,6.236838527371689,0.39103169957708694,0.9646355911642552,0.7895260017445851,13.026870251007125,0.6917372750178928,0.7406780594253095,0.7723527249797641,0.674510253009277,0.433231485940015,10.066297513148982,0.39884960171812606,1.5569280509373442,0.9112350476022942,26.351525516818185,0.886710968863758,0.8826271008650242,0.9020079665799364
0.6875,0.98814586270756,1.2731041676955546,0.49095811132470313,0.5090245691555729,6.236011583788129,0.3910965487170642,0.9645076899513112,0.7875295503121382,13.015773744624552,0.6900871973505559,0.7388184954597616,0.7704015600206069,0.6768470507615794,0.43469383470992057,10.06719031822604,0.39895058033355235,1.5570661387761622,0.9122644477925195,26.339218187297575,0.8880958479250011,0.8837209524277301,0.9029232850260158
0.6900000000000001,0.9880831421737224,1.274429436515353,0.4891178984596238,0.5071834439198646,6.235190197754577,0.39115991825286195,0.9643806483101701,0.7855299615446839,13.004555639581492,0.688439326690409,0.7369591224781977,0.7684486568010972,0.6791719902649193,0.43614798935051513,10.06809050300001,0.39905169169920185,1.557205368013505,0.9134700486498469,26.33237774945896,0.8894697658114673,0.8848025369298054,0.9038252562156437
0.6925,0.9880202287330069,1.275752904156702,0.4872856058308095,0.505349589112522,6.234374465432554,0.39122180089790126,0.964254481113884,0.7835273218119706,12.993216116968895,0.686793727879185,0.7351000354434003,0.7664941400400028,0.6814849858830812,0.4375938929971778,10.068998087637947,0.39915291830555566,1.5573457417685583,0.9146275496283172,26.32452248205088,0.8908327172286677,0.8858718581104409,0.9047138929245034
0.6950000000000001,0.9879571220137164,1.2770745554035396,0.48546127677837214,0.5035230496891898,6.233564483892965,0.3912821897074358,0.9641292033761578,0.7815217172990532,12.981755355728193,0.6851504662431226,0.7332413303972622,0.7645381364903412,0.6837859511664371,0.4390314883684335,10.06991309092556,0.39925424257355535,1.5574872629468588,0.9157372845854099,26.315666595644434,0.8921846954463828,0.8869289181108178,0.9055892067130532
0.6975,0.9878938216462593,1.2783943756541545,0.4836449545808839,0.5017038705658473,6.232760351111076,0.3913410780856484,0.9640048302505706,0.779513234033595,12.970173533069744,0.68350960760104,0.7313831044731145,0.76258077497494,0.6860747988531488,0.4404607177661653,10.070835530320114,0.39935564686626,1.5576299342484763,0.9167995979758581,26.305824455792266,0.893525692306765,0.8879737174724889,0.9064512079284477
0.7000000000000001,0.9878303272630483,1.2797123509388195,0.4818366824600078,0.4998920966238226,6.231962165960504,0.3913984597927598,0.9638813770296476,0.7775019579125342,12.958470824891458,0.6818712182718124,0.7295254559068856,0.760622186420494,0.6883514408725342,0.44188152307717093,10.071765422003157,0.39945711350056606,1.557773758176169,0.9178148442706837,26.29501056685381,0.8948556982361637,0.8890062551378282,0.9072999057079232
0.7025,0.9877666384983949,1.2810284679360944,0.48003650358450795,0.4980877727142108,6.231170028206155,0.3914543289521174,0.9637588591437674,0.7754879747280272,12.946647406196655,0.6802353650812012,0.7276684840469964,0.7586625038899645,0.6906157883507882,0.4432938457761826,10.072702780933028,0.39955862475902837,1.557918737043504,0.9187833873724472,26.28323955584472,0.8961747022604203,0.890026528452864,0.9081353079840508
0.705,0.9877027549883965,1.2823427139873282,0.4782444610735957,0.4962909436616526,6.230384038496057,0.3915086800572363,0.9636372921598985,0.7734713701925896,12.934703451510433,0.6786021153679797,0.725812289362898,0.7567018626131632,0.6928677516192405,0.4446976269304623,10.073647620897328,0.39966016290181916,1.5580648729829736,0.9197056000279346,26.27052615633894,0.8974826920218528,0.8910345331727872,0.9089574214922642
0.7075,0.9876386763708238,1.2836550771089592,0.4764605979995739,0.4945016542674307,6.2296042983520845,0.3915615079787635,0.9635166917801654,0.7714522299633524,12.922639135293803,0.6769715369893055,0.723956973452159,0.7547404000153632,0.6951072402253058,0.4460928072060774,10.074599954565226,0.3997617101788515,1.5582121679540855,0.9205818632395725,26.256885192452906,0.89877965379366,0.8920302634704603,0.909766251781102
0.71,0.9875744022850006,1.2849655460022815,0.47468495738973604,0.49271994931184443,6.228830910159481,0.3916128079713373,0.9633970738402272,0.7694306396653754,12.91045463235501,0.675343698325282,0.722102639046022,0.7527782557437941,0.6973341629462717,0.4474793268759414,10.075559793539762,0.3998632488420907,1.5583606237514513,0.921412565676855,26.242331562941864,0.90006557249037,0.8930137119482134,0.9105618032255722
0.7125,0.9875099323716879,1.28627411006043,0.47291758222749186,0.4909458735558264,6.228063977155231,0.3916625756803212,0.9632784543074797,0.7674066849139439,12.89815011825749,0.6737186682826452,0.7202493900133438,0.7508155716918622,0.6995484278060325,0.4488571258296925,10.07652714841006,0.399964761158063,1.5585102420128638,0.9221981030890839,26.226880225438915,0.9013404316794215,0.8939848696532088,0.9113440790440522
0.715,0.9874452662729648,1.2875807593724429,0.4711585154526886,0.4891794717417666,6.227303603415247,0.39171080714839096,0.9631608492790736,0.7653804513357996,12.88572576972413,0.672096516297536,0.7183973313628524,0.7488524920209602,0.7017499420948542,0.4502261435854603,10.077502028803558,0.40006622942056286,1.5586610242273735,0.9229388777207088,26.21054618086734,0.9026042135963985,0.8949437260966152,0.9121130813190924
0.7175,0.9873804036321119,1.2888854847243454,0.4694077999611028,0.4874207885935185,6.226549893840371,0.3917574988219623,0.9630442749797494,0.7633520245892633,12.873181765037444,0.6704773123373219,0.7165465692436584,0.7468891631797303,0.7039386123922158,0.4515863193035495,10.078484443438242,0.40016763596354804,1.5588129717433687,0.9236352977305314,26.193344458056274,0.903856899157307,0.8958902692767965,0.9128688110224609
0.72,0.9873153440934974,1.2901882775973015,0.46766547860308794,0.48566986881556046,6.22580295414126,0.3918026475574519,0.9629287477594993,0.7613214903832087,12.860518284435583,0.6688611269014517,0.7146972109439585,0.744925733920648,0.7061143445927421,0.4529375918020441,10.07947440017496,0.40026896317419836,1.558966085776666,0.9242877766159768,26.175290098588906,0.905098467964224,0.8968244857066572,0.9136112680446978
0.7225,0.9872500873024674,1.2914891301629767,0.4659315941813637,0.4839267570912992,6.225062890822121,0.3918462506273691,0.9628142840910521,0.7592889344948693,12.847735510504101,0.667248031021311,0.7128493648878949,0.7429623553138102,0.7082770439351973,0.4542798995743145,10.080471906069821,0.40037019350610537,1.559120367418616,0.9248967326435845,26.156398141911186,0.9063288983129463,0.8977463604452374,0.9143404512293977
0.725,0.9871846329052388,1.2927880352763437,0.4642061894479431,0.4821914980804994,6.22432981116342,0.39188830572624495,0.962700900567198,0.7572544427864607,12.834833628563596,0.6656380962590522,0.7110031406305289,0.7409991807578142,0.7104266150344803,0.45561318080837987,10.081476967426827,0.4004713094925476,1.5592758176442418,0.9254625882867672,26.136683610726617,0.9075481672085439,0.8986558771335675,0.9150563584123445
0.7275,0.9871189805487993,1.2940849864662316,0.4624893071001975,0.4804641364158376,6.22360382320353,0.3919288109764094,0.9625886138979516,0.7552181012206249,12.8218128270534,0.6640313947053756,0.7091586488509113,0.7390363659876331,0.7125629619165175,0.4569373734080559,10.082489589850784,0.40057229375979764,1.5594324373204245,0.925985769671791,26.116161496700915,0.9087562503876224,0.8995530180347302,0.9157589864655467
0.73,0.9870531298808114,1.2953799779240085,0.46078098977606863,0.4787447166985813,6.222885035719441,0.3919677649336357,0.9624774409075668,0.7531799958747086,12.808673297911836,0.6624279989762564,0.7073160013432312,0.737074069079394,0.7146859880559159,0.4582524150157961,10.083509778300595,0.40067312904040037,1.5595902272141444,0.9264667060328063,26.094846746496682,0.9099531223444827,0.9004377640779865,0.9164483313461289
0.7325,0.986987080549524,1.2966730044908115,0.45908128004844084,0.47703328349340024,6.222173558206548,0.39200516659267387,0.9623673985314113,0.751140212953904,12.795415236953449,0.6608279822086339,0.7054753110060493,0.7351124504519871,0.7167955964162083,0.45955824303710713,10.084537537143124,0.40077379818635583,1.5597491880008132,0.9269058291766133,26.07275424815555,0.9111387563594232,0.9013100949067465,0.9171243881499275
0.735,0.9869208322036893,1.2979640616438093,0.45739022041869437,0.47532988132232623,6.221469500857588,0.3920410153927039,0.9622585038127094,0.7490988388032989,12.782038844244028,0.6592314180550084,0.7036366918296193,0.7331516728654404,0.7188916894924836,0.46085479466640344,10.085572870207672,0.4008742841821367,1.5599093202726988,0.9273035729577107,26.049898817840955,0.9123131245288182,0.9021699889300923,0.9177871511695525
0.7375,0.9868543844924854,1.2992531454819805,0.45570785330946534,0.47363455465788196,6.220772974540783,0.39207531122273936,0.9621507738991605,0.7470559599188921,12.76854432447424,0.6576383806768974,0.7018002588813266,0.7311919014160119,0.7209741693561814,0.4621420069141469,10.086615780841315,0.400974570157469,1.560070624547485,0.9276603727640053,26.026295186951135,0.9134761977971583,0.9030174233774659,0.918436613956568
0.74,0.9867877370654472,1.300540252711923,0.45403422105664465,0.4719473479154066,6.220084090777228,0.3921080544270168,0.9620442260394421,0.7450116629576514,12.75493188733297,0.6560489447372766,0.699966128289274,0.7292333035279567,0.7230429377017921,0.4634198166351027,10.087666271965166,0.4010746393998069,1.5602331012769723,0.9279766650134058,26.00195798960744,0.9146279459912707,0.9038523743560825,0.9190727693873505
0.7425,0.9867208895724018,1.3018253806341833,0.45236936590065,0.4702683054446088,6.219402961717584,0.39213924581040654,0.9619388775796054,0.7429660347466981,12.741201747881473,0.6544631853920249,0.6981344172240586,0.7272760489419446,0.725097895895204,0.4646881605575336,10.088724346131734,0.401174475366435,1.560396750855951,0.9282528866613626,25.976901750518795,0.9157683378568273,0.904674816910554,0.9196956097320961
0.745,0.9866538416634097,1.3031085271306035,0.4507133299770099,0.46859747152038617,6.218729700118073,0.39216888664388005,0.9618347459593617,0.740919162291723,12.727354126929805,0.652881178280356,0.696305243878792,0.7253203097001111,0.7271389450234127,0.46594697531314794,10.08979000558351,0.4012740616961359,1.5605615736312615,0.9284894747192527,25.9511408732191,0.916897341097486,0.9054847250841591,0.9203051267263574
0.7475,0.9865865929887127,1.304389690653126,0.44906615530630334,0.4669348903329486,6.218064419315868,0.39219697867006653,0.9617318487082772,0.7388711327847376,12.713389251416888,0.6513029995142942,0.6944787274474226,0.7233662601277225,0.729165985945309,0.46719619746761076,10.090863252312836,0.4013733822203702,1.5607275699110537,0.9286868657833678,25.924689628669984,0.9180149224173085,0.9062820719811593,0.9209013116444337
0.75,0.9865191431986862,1.3056688702144845,0.4474278837834953,0.46528060597729076,6.217407233203821,0.39222352410892863,0.9616302034418627,0.7368220336112865,12.699307354795808,0.649728725667243,0.6926549881014259,0.7214140768114644,0.7311789193432673,0.4684357635514355,10.091944088123219,0.40147242097392283,1.5608947399742716,0.9288454955741214,25.89756214421784,0.9191210475667138,0.9070668298295284,0.9214841553738585
0.7525000000000001,0.9864514919437948,1.3069460653811398,0.4457985571667126,0.46363466244205576,6.216758256204573,0.39224852566358004,0.9615298278575702,0.73477195235724,12.685108677425944,0.6481584337616845,0.6908341469649281,0.7194639385743337,0.7331776457752494,0.46966561009107405,10.093032514692005,0.40157116220498035,1.5610630840803459,0.9289657984849916,25.869772392890557,0.9202156813922024,0.9078389700434653,0.9220536484902107
0.755,0.9863836388745543,1.308221276268784,0.4441782170655045,0.4619971035978349,6.216117603244048,0.392271986526263,0.961430739730694,0.7327209768152938,12.670793466973574,0.6465922012560351,0.6890163260883344,0.717516026447139,0.7351620657271667,0.4708856736400355,10.09412853363456,0.4016695903846164,1.561232602479121,0.9290482071406064,25.8413341830167,0.9212987878893333,0.9085984632850511,0.9226097813314281
0.7575000000000001,0.9863155836414942,1.3094945035406693,0.44256690492862727,0.46036797318494765,6.2154853897243,0.39229391038449213,0.9613329569101692,0.7306691949912962,12.656361978822472,0.6450301060306985,0.6872016484205257,0.7155705236365953,0.7371320796652518,0.47209589080987635,10.09523214656984,0.40176769021567293,1.5614032954209964,0.9290931519633319,25.812261148147908,0.9223703302580775,0.9093452795244614,0.9231525440708139
0.76,0.9862473258951239,1.3107657484089588,0.44096466203139306,0.45874731480074266,6.214861731495696,0.3923143014273663,0.9612364973142707,0.7286166951105232,12.641814476496085,0.6434722263733457,0.6853902377796881,0.7136276154899953,0.7390875880882187,0.473296198300924,10.096343355187322,0.40186544664103685,1.5615751631672798,0.9291178641584062,25.783033032133883,0.9234302709422327,0.910079388098164,0.923681926787935
0.7625000000000001,0.9861788652859003,1.312035012639237,0.4393715294626195,0.45713517188645864,6.214246744828428,0.3923331643520366,0.961141378926207,0.7265635656240067,12.627151232092606,0.6419186409634591,0.6835822188228302,0.7116874894564219,0.7410284915790191,0.47448653293261284,10.097462161315248,0.40196284485132877,1.56174820600074,0.9299862952136932,25.777596942948875,0.9244785716483723,0.9108007577646149,0.9241979195366476
0.765,0.9861102014641936,1.3133022985582476,0.43778754811121295,0.4555315877136823,6.213640546383313,0.39235050437030977,0.9610476197896026,0.7245098952150048,12.612372526734065,0.6403694288561699,0.6817777170140348,0.7097503350444623,0.7429546908560357,0.47566683167333534,10.098588566990014,0.40205987029202545,1.5619224242363412,0.9308089086229345,25.771243030404314,0.9255151933766371,0.9115093567570234,0.9247005124095526
0.7675000000000001,0.9860413340802548,1.3145676090648684,0.4362127586524132,0.4539366053704353,6.213043253181824,0.3923663272153569,0.960955238003865,0.7224557728056978,12.597478651030432,0.6388246694654262,0.6799768585914832,0.7078163437763556,0.7448660868235876,0.47683703166973646,10.099722574526663,0.4021565086700562,1.5620978182321452,0.9315860836100548,25.763985136811907,0.9265400964569174,0.9122051528328647,0.9251896955982482
0.77,0.9859722627841783,1.3158309476442493,0.4346472015337271,0.4523502677469166,6.212454982575397,0.392380639148486,0.960864251719435,0.7204012875641532,12.582469905559234,0.637284442546524,0.6781797705332719,0.7058857091384895,0.7467625806216616,0.47799707027540056,10.100864186590268,0.40225274595992155,1.5622743884003518,0.9323182032216747,25.75583707863786,0.9275532405844102,0.912888113319903,0.9256654594488675
0.7725,0.9859029872258608,1.3170923183849907,0.43309091696057145,0.4507726175209279,6.211875852213887,0.39239344696593015,0.9607746791329098,0.7183465289116068,12.567346601361102,0.6357488281780381,0.676386580522038,0.7039586265281429,0.7486440736748206,0.4791468850789068,10.102013406268206,0.4023485684093894,1.5624521352184777,0.9330056537845167,25.746812632784415,0.9285545848534691,0.9135582051586,0.9261277945124726
0.775,0.9858335070549555,1.3183517259991426,0.4315439448816448,0.4492036971430012,6.211305980013232,0.39240475800559504,0.9606865384820409,0.7162915865300532,12.55210906045097,0.6342179067431812,0.6745974169083845,0.7020352931963487,0.7505104677402802,0.4802864139312537,10.10317023714307,0.4024439625448375,1.5626310592406332,0.9336488243601061,25.736925522911058,0.9295440877902422,0.9142153949409022,0.926576691590035
0.7775,0.9857638219208179,1.319609175844752,0.4300063249740438,0.44764354882124724,6.210745484122242,0.39241458015370123,0.9605998480405973,0.7142365503701422,12.536757616344584,0.6326917589106112,0.6728124086730936,0.7001159081867288,0.7523616649551736,0.48141559497267034,10.104334683366268,0.4025389151763111,1.5628111611089057,0.9342481061965652,25.726189405785174,0.9305217073852703,0.9148596489454912,0.9270121417718324
0.78,0.9856939314724394,1.3208646739505925,0.42847809662813885,0.44609221450594116,6.210194482888552,0.3924229218512571,0.9605146261130999,0.712181510659329,12.521292614599286,0.631170465614686,0.6710316853880951,0.6982006722701346,0.7541975678830641,0.48253436665885724,10.105506749732154,0.4026334134023718,1.5629924415648255,0.9348038921774987,25.71461785765645,0.9314874011269495,0.9154909331696938,0.9274341364712493
0.7825,0.9856238353583746,1.3221182270426475,0.4269592989322236,0.44454973587386076,6.209653094823674,0.3924297921002916,0.9604308910294158,0.7101265579102192,12.505714413367787,0.6296541080351324,0.6692553771761524,0.6962897878749145,0.7560180795597826,0.4836426677867098,10.10668644175268,0.402727444614816,1.563174901460912,0.9353165762681191,25.70222436065365,0.9324411260362389,0.9161092133583356,0.9278426674530832
0.785,0.9855535332266488,1.3233698425718348,0.42544997065695195,0.4430161543123908,6.2091214385672036,0.39243520046977737,0.960348661139223,0.7080717829290184,12.490023383963226,0.6281427675761503,0.6674836146692106,0.694383459012609,0.7578231035386945,0.48474043751958945,10.1078737657326,0.40282099650333886,1.5633585417723048,0.9357865529589444,25.68902228920707,0.9333828387026042,0.9167144550298922,0.9282377268565746
0.7875,0.9854830247246551,1.3246195287423952,0.4239501502395772,0.4414915109034108,6.208599632850135,0.3924391571011764,0.9602679548063353,0.7060172768239782,12.474219911433297,0.6266365258449388,0.665716528965354,0.6924818911988749,0.7596125439355021,0.485827615412216,10.1090687288452,0.40291405706021877,1.5635433636084777,0.9362142167075906,25.675024896504887,0.9343124953210606,0.9173066235003505,0.9286193072134871
0.79,0.985412309499029,1.3258672945403134,0.42245987576801447,0.4399758464069841,6.208087796457345,0.39244167271354213,0.9601887904029005,0.7039631310137174,12.458304395141132,0.6251354646296281,0.6639542515843068,0.6905852913694249,0.7613863054727064,0.48690414143525285,10.110271339208644,0.40300661458509557,1.5637293682250457,0.9365999613793197,25.660245300995665,0.9352300517303446,0.9178856839052273,0.9289874014616313
0.7925,0.9853413871955091,1.327113149761081,0.4209791849647445,0.4384692012448679,6.207586048189242,0.39244275860811767,0.9601111863034688,0.7019094372352792,12.442277249350104,0.6236396658766388,0.6621969144214143,0.6886938677907868,0.7631442935238312,0.48796995599965415,10.111481605962998,0.40309865768990777,1.5639165570356794,0.9369441796871694,25.644696472953765,0.936135463452337,0.9184516012201891,0.9293420029542806
0.795,0.9852702574587732,1.3283571050360954,0.41950811517058845,0.43697161548387164,6.2070945068226235,0.3924424266723725,0.9600351608789387,0.6998562875517836,12.426138903809585,0.6221492116674974,0.6604446497000417,0.6868078299656754,0.7648864141575128,0.4890249999808311,10.112699539348048,0.40319017530405044,1.5641049316241395,0.9372472626325946,25.628391221127384,0.9370286857328112,0.9190043402807235,0.9296831054659446
0.7975,0.9851989199322555,1.3295991718569697,0.4180467033283811,0.4354831288190924,6.2066132910707825,0.3924406893834295,0.9599607324903862,0.6978037743595292,12.409889804338649,0.6206641841951284,0.6586975899223357,0.6849273885328043,0.7666125741815256,0.4900692147426848,10.113925150781949,0.40328115667980846,1.5642944937564427,0.9375095989476566,25.61134217949215,0.9379096735836503,0.9195438658012476,0.9300107031949628
0.8,0.9851273742579426,1.3308393625970691,0.41659498596658273,0.43400378055706235,6.206142519542916,0.3924375598108372,0.9598879194827872,0.6957519903943952,12.393530413404415,0.6191846657396488,0.6569558678182938,0.6830527551609644,0.7683226811867926,0.49110254216152793,10.115158452940877,0.4033715913981151,1.56448524539318,0.9377315745398473,25.59356179413496,0.9387783818266965,0.920070142394,0.9303247907633279
0.8025,0.9850556200761462,1.3320776905296172,0.4151529991828679,0.4325336095988493,6.205682310702889,0.3924330516186491,0.9598167401786397,0.6937010287374125,12.377061210691945,0.6177107386436944,0.6552196162931089,0.6811841424372382,0.7700166435913876,0.49212492464990115,10.116399459839691,0.40346146937467736,1.564677188701993,0.9379135719406887,25.575062310294438,0.9396347651395078,0.9205831345879721,0.9306253632140976
0.805,0.9849836570252573,1.3333141698418256,0.41372077862774104,0.4310726544231539,6.205232782827442,0.39242717906677915,0.9597472128714994,0.6916509828193708,12.360482693662602,0.6162424852873115,0.6534889683727605,0.6793217637492385,0.7716943706845003,0.493136305180263,10.117648186913675,0.40355078086650875,1.564870326070217,0.9380559697592535,25.555855759585143,0.940478778102535,0.9210828068480517,0.9309124160066515
0.8075,0.9849114847414779,1.3345488156446024,0.41229835948822807,0.4296209530694555,6.204794053963893,0.3924199570116037,0.959679355819438,0.6896019464243595,12.343795378097989,0.6147799880624607,0.6517640571478437,0.6774658331612975,0.7733557726702879,0.4941366273085047,10.11890465110137,0.4036395164789031,1.5650646601176925,0.938159142141765,25.535953947433082,0.9413103752460183,0.9215691235944423,0.9311859450099587
0.81,0.9848391028585393,1.3357816439775605,0.4108857764717012,0.42817854312125725,6.204366241887441,0.3924114009057884,0.9596131872384391,0.6875540136921441,12.326999798626876,0.6133233293471847,0.6500450157156434,0.6756165652845735,0.7750007607114956,0.49512583519722064,10.120168870928435,0.4037276671728838,1.5652601937097341,0.9382234582384185,25.515368440750404,0.9421295110949811,0.9220420492223409,0.9314459464938992
0.8125,0.984766511007399,1.3370126718092166,0.40948306378989335,0.4267454616894875,6.2039494640581685,0.3924015267973162,0.9595487252957482,0.6855072791193151,12.310096509232839,0.6118725914794777,0.6483319771204791,0.6737741751410763,0.7766292469726821,0.4961038736386336,10.12144086659242,0.40381522427315825,1.5654569299702454,0.9382492816785678,25.494110555877118,0.9429361402116679,0.9225015481217376,0.9316924171185829
0.8150000000000001,0.9846937088159308,1.338241917032485,0.4080902551431624,0.42532174539611456,6.203543837577807,0.39239035132769856,0.9594859881031853,0.6834618375591683,12.29308608374078,0.6104278567308339,0.6466250742923642,0.6719388780216669,0.7782411446628462,0.49707068807705845,10.122720660048287,0.4039021794766132,1.5656548722949424,0.9382369700554302,25.472191346818445,0.9437302172365087,0.9229475846971452,0.9319253539215051
0.8175,0.9846206959085997,1.339469398455779,0.4067073837050645,0.4239074303580299,6.203149479146426,0.392377891729348,0.9594249937104468,0.6814177842202942,12.275969116280912,0.6089892072794653,0.6449244399840419,0.6701108893381128,0.7798363680772162,0.49802622463076207,10.124008275094413,0.40398852486138076,1.5658540243646586,0.9381868744214639,25.449621593806466,0.9445116969284566,0.9233801233869668,0.9321447543022897
0.8200000000000001,0.9845474719061333,1.3406951357902552,0.40533448210729256,0.422502552171257,6.202766505019095,0.3923641658220926,0.9593657600984016,0.6793752146638964,12.258746221729341,0.607556725183295,0.6432302067064789,0.6682904244693486,0.7814148326379307,0.49897043011307024,10.125303737458717,0.40407425289651366,1.566054390158664,0.9380993387956509,25.426411792216886,0.9452805342042718,0.9237991286822012,0.9323506160047309
0.8225,0.9844740364251889,1.3419191496339509,0.4039715824250369,0.42110714589553677,6.202395030962661,0.3923491920088083,0.959308305172407,0.677334224799875,12.241418036124863,0.6061304923528625,0.6415425066629131,0.6664776986021104,0.7829764549333202,0.4999032520525552,10.12660707488454,0.4041593564523052,1.5662559739679496,0.9379746996839654,25.402572141872888,0.946036684176192,0.924204565144124,0.9325429370957908
0.8250000000000001,0.9844003890780181,1.3431414614537422,0.4026187161628173,0.41972124603933875,6.202035172212736,0.39233298927014437,0.9592526467556552,0.6752949108817412,12.223985217062186,0.6047105905242196,0.6398614716815718,0.6646729265661788,0.784521152755487,0.5008246387121403,10.127918317215698,0.4042438288112921,1.56645878040838,0.9378132856144362,25.378112536771198,0.9467801021877866,0.9245963974206189,0.9327217159412435
0.8275,0.984326529472138,1.3443620935662182,0.4012759142408323,0.41834488654534135,6.201687043430995,0.3923155771583135,0.9591988025825695,0.6732573695004538,12.206448444062142,0.6032971012318856,0.6381872331471852,0.662876322664491,0.7860488451358729,0.501734539106956,10.129237496480222,0.40432766367997813,1.566662814433648,0.9376154166883276,25.35304255526852,0.947510743848296,0.9249745902608357,0.9328869511776658
0.8300000000000001,0.9842524572100042,1.3455810691186647,0.3999432069818655,0.41697810077641984,6.201350758662869,0.3922969757899168,0.9591467902922597,0.6712216975772998,12.188808418920223,0.6018901057819857,0.6365199219314439,0.6610881004984328,0.7875594523785165,0.5026329030207904,10.130564646972072,0.4044108552013144,1.566868081347911,0.9373814041491458,25.327371450770404,0.9482285650658757,0.9253391085279203,0.9330386416805693
0.8325,0.9841781718886948,1.3467984120714105,0.39862062409878135,0.41562092150217295,6.201026431295733,0.3922772058377693,0.9590966274220563,0.6691879923559473,12.171065866035015,0.6004896852253979,0.6348596683225474,0.6593084727886579,0.7890528960907147,0.5035196810209958,10.131899805330153,0.4044933979679655,1.567074586818013,0.9371115499713384,25.301108142968776,0.9489335220794298,0.925689917209619,0.9331767865285493
0.835,0.984103673099602,1.3480141471827718,0.39730819468263795,0.4142733808860171,6.200714174017633,0.3922562885216938,0.9590483314011262,0.6671563513938329,12.153221532718538,0.5990959203309629,0.6332066019540195,0.6575376511918258,0.7905290992108323,0.5043948244717232,10.133243010613926,0.40457528703638374,1.5672823368851794,0.9368061464707446,25.274261209678528,0.9496255714878846,0.9260269814266587,0.9333013849634466
0.8375,0.9840289604281344,1.3492282999977656,0.3960059471914358,0.4129355104728651,6.200414098776634,0.39223424559824854,0.9590019195441856,0.6651268725530507,12.135276189491075,0.5977088915590241,0.6315608517329593,0.655775846113677,0.7919879860330393,0.5052582855453935,10.134594304374811,0.4046565179417021,1.5674913379760602,0.9373008476523293,25.269360259551288,0.9503046702757664,0.9263502664388951,0.9334124363466566
0.84,0.9839540334534337,1.3504408968415977,0.3947139094395162,0.41160734117740744,6.200126316740813,0.3922110993493556,0.9589574090453113,0.6630996539909281,12.117230630363094,0.5963286790352663,0.629922545767918,0.65402326651891,0.7934294822287997,0.5061100172323333,10.13595373072265,0.4047370867134407,1.5677015969130097,0.9378344971390058,25.26585198625577,0.9509707758351813,0.9266597376493212,0.9335099401118487
0.8425,0.9838788917481013,1.3516519648187393,0.39343210858761635,0.4102889032730058,6.199850938258883,0.39218687256980217,0.9589148169718522,0.6610747941504834,12.099085673107302,0.5949553625248959,0.628291811296597,0.6522801197383601,0.7948535148649876,0.5069499733485391,10.137321336386492,0.4048169898920022,1.567913120923489,0.9383247841368836,25.261517719458283,0.9516238459855341,0.9269553606061408,0.9335938957144968
0.845,0.9838035348779374,1.3528615318181252,0.3921605711335856,0.40898022638120407,6.199588072821509,0.39216158855359085,0.9588741602584445,0.6590523917509609,12.080842159524023,0.5935890214072193,0.6266687746135671,0.6505466112740044,0.7962600124185655,0.5077781085415748,10.138697170768996,0.40489622454590973,1.5681259176484779,0.9387719762767481,25.25636658965761,0.9522638389920787,0.9272371010031971,0.9336643025787413
0.8475,0.9837279624016912,1.3540696265246832,0.3908993229037565,0.4076813394618607,6.199337829023215,0.3921352710791204,0.9588354557011206,0.6570325457786516,12.062500955703127,0.5922297346506322,0.6250535609982201,0.648822944602362,0.7976489047878239,0.5085943782946348,10.140081285993778,0.40497478828971684,1.5683399951498014,0.9391763346221769,25.2504074550191,0.9528907135831028,0.9275049246791358,0.9337211600422113
0.85,0.9836521738708228,1.3552762784370647,0.3896483890449691,0.4063922708039034,6.199100314524875,0.39210794439319235,0.9587987199515079,0.6550153554781994,12.044062952285811,0.5908775807880063,0.62344629464317,0.6471093209768837,0.7990201233002391,0.5093987389288491,10.141473736945217,0.405052679302491,1.568555361916283,0.9395381131376845,25.24364888920515,0.9535044289659662,0.9277587976157495,0.9337644672995067
0.8525,0.9835761688292722,1.3564815178910499,0.38840779401723585,0.40511304801670256,6.1988756360166954,0.3920796331938431,0.9587639695111031,0.6530009203445958,12.02552906472961,0.5895326378925246,0.621847098583323,0.6454059392299561,0.8003736007170826,0.5101911476039462,10.142874581300118,0.4051298963467451,1.5687720268686445,0.9398575581848118,25.23609916997044,0.9541049448421609,0.9279986859360084,0.9337942233451035
0.855,0.9834999468132382,1.357685376087742,0.3871775615870363,0.4038436980220643,6.198663899181573,0.3920503626120169,0.9587312207256049,0.6509893401160567,12.006900233579712,0.5881949835540541,0.6202560946258436,0.6437129955751771,0.8017092712349666,0.5109715623174177,10.14428387955095,0.40520643878766294,1.5689899993630985,0.9401349080493567,25.227766268596035,0.9546922214215319,0.9282245559022984,0.9338104269164509
0.8575,0.983423507350963,1.3588878851252961,0.38595771482122854,0.4025842470468344,6.198465208658759,0.39202015819210795,0.9587004897792942,0.6489807147679644,11.988177424749734,0.5868646948560846,0.6186734032812465,0.6420306834105719,0.8030270704845773,0.5117399419023666,10.145701695020277,0.4052823066124391,1.5692092891935814,0.9403703925028957,25.218657840233835,0.9552662194360889,0.9284363739154102,0.9338130764380401
0.86,0.9833468499625264,1.360089078032612,0.38474827608156065,0.40133472061611436,6.198279668007607,0.3919890458714097,0.9586717926894267,0.6469751445080536,11.969361629814674,0.5855418483532354,0.6170991436958442,0.6403591931234628,0.8043269355268955,0.5124962460242475,10.147128093866268,0.4053575004495307,1.569429906592605,0.940564232401562,25.208781215228253,0.9558269001536823,0.9286341065148012,0.933802169967158
0.8625,0.9832699741596416,1.361288988803158,0.38354926701976777,0.4000951435470822,6.198107379671324,0.39195705195852626,0.9586451453006268,0.6449727297729865,11.950453866318636,0.5842265200493876,0.6155334335857819,0.6386987118976952,0.8056088048472431,0.5132404351767288,10.148563145079045,0.405432021587595,1.5696518622306919,0.9407166393248625,25.198143391476115,0.9563742253912949,0.928817720380617,0.9337777051420033
0.865,0.9831928794454626,1.3624876524269138,0.3823607085732358,0.39886553994341395,6.197948444940491,0.39192420311081005,0.9586205632792452,0.6429735712264663,11.93145517809948,0.58291878537649,0.6139763891728897,0.637049423523962,0.806872618347526,0.5139724706769199,10.150006920467884,0.40550587199387395,1.5698751672143962,0.9408278152569839,25.18675102787742,0.9569081575270542,0.9289871823379049,0.9337396791327126
0.8675,0.9831155653143955,1.3636851049183343,0.3811826209612153,0.39764593319030134,6.197802963916223,0.3918905263109023,0.9585980621076609,0.6410230887760215,11.913208875054353,0.5816187191740952,0.6124281251225732,0.63541150821395,0.808118317337061,0.5146923146602166,10.151459494639257,0.4055790543317779,1.5700998330829066,0.9408979523127095,25.17461043892075,0.9574286595103235,0.929142459363364,0.9336880885957598
0.87,0.9830380312519208,1.3648813833382607,0.38001502368156803,0.39643634595006066,6.197671035472744,0.39185604884246367,0.9585776570784929,0.6392041695504822,11.89726071663702,0.5803263956696152,0.6108887544839648,0.6337851424190539,0.809345844522362,0.5153999300750137,10.152920944965587,0.40565157197741336,1.570325871803215,0.9409272325096544,25.16172759043622,0.9579356948705816,0.9292835185949005,0.9336229296320314
0.8725,0.982960276734427,1.3660765258078433,0.37885793550802693,0.39523680015832585,6.197552757219221,0.39182079826518557,0.9585593632886973,0.6374603903399739,11.882568883474889,0.5790418884591468,0.6093583886325364,0.6321704986543792,0.8105551439962567,0.51609528067752,10.154391351544849,0.40572342903480807,1.5705532957638664,0.9409158275880573,25.148108096537506,0.9584292277265792,0.9294103273441189,0.9335441977487398
0.875,0.9828823012290584,1.367270571512808,0.3777113744879523,0.39404731702081974,6.197448225460684,0.3917848023891836,0.9585431956335225,0.6357211955825418,11.867821414067924,0.5777652704887748,0.6078371372153709,0.6305677453287523,0.8117461612266578,0.5167783310268916,10.155870797150866,0.4057946303495937,1.570782117767273,0.940863898878896,25.133757217762334,0.9589092227968066,0.9295228531117788,0.9334518878251636
0.8775000000000001,0.9828041041935793,1.3684635606967694,0.37657535794056424,0.3928679170106937,6.197357535157859,0.3917480892488716,0.9585291688002968,0.6339866622004927,11.85301904732093,0.5764966140365291,0.6063251080992699,0.6289770465814241,0.8129188430452641,0.5174490464808689,10.157359367174223,0.40586518152092843,1.571012351020574,0.9407715972205843,25.11867986040847,0.9593756454115838,0.9296210636060976,0.9333459940820362
0.88,0.9827256850762608,1.3696555346427768,0.3754499024556344,0.3916986198664258,6.197280779885807,0.39171068707641826,0.9585172972620317,0.632313071372942,11.83921489006518,0.5752359906951666,0.6048224073218471,0.6273985621261312,0.814073137636401,0.5181073931920589,10.158857149553588,0.405935088911465,1.5712440091250148,0.9406390629239939,25.10288057704989,0.9598284615267912,0.9297049267636504,0.9332265100542185
0.8825000000000001,0.982647043315791,1.370846535642836,0.3743350238926155,0.39053944459026396,6.197218051791243,0.3916726242748856,0.9585075952708199,0.6307120823092249,11.82663155051811,0.5739834713557702,0.6033291390457495,0.6258324471031297,0.8152089945261292,0.5187533381049615,10.160364234697289,0.40600435965520315,1.571477106063816,0.9404664257850505,25.08636356820634,0.9602676377392129,0.9297744107724656,0.9330934285661099
0.885,0.9825681783412135,1.372036606955775,0.3732307373801888,0.38939040944719855,6.197169441548452,0.3916339293911431,0.958500076851017,0.6291158288824152,11.813999518190382,0.5727391261921256,0.6018454055161009,0.6242788519397807,0.8163263645716601,0.5193868489537868,10.161880715394618,0.4060730016631007,1.5717116561884565,0.9402538051437124,25.06913268512873,0.9606931413034254,0.9298294840968025,0.9329467417090983
0.8875000000000001,0.9824890895718958,1.3732257927544513,0.3721370573162089,0.3882515319644422,6.197135038313814,0.391594631088646,0.9584947557922086,0.627524374647764,11.801319313046662,0.5715030246458462,0.6003713070212504,0.6227379222201989,0.8174251999510355,0.520007894261053,10.163406686716662,0.406141023626364,1.5719476742033338,0.9400013099876873,25.051191433653482,0.9611049401501002,0.9298701155029417,0.9327864408201706
0.89,0.9824097764175317,1.374414138063934,0.37105399736802114,0.3871228289313969,6.1971149296788575,0.3915547581201612,0.9584916456419484,0.625937783634171,11.78859148081624,0.5702752354122141,0.5989069418568665,0.6212097985644306,0.8185054541529279,0.5206164433369063,10.16494224590598,0.40620843501737786,1.5721851751487013,0.9397090390989373,25.032542979071586,0.9615030029055529,0.9298962740852568,0.9326125164606905
0.8925000000000001,0.9823302382781747,1.375601688692847,0.3699815704731266,0.38600431640007526,6.197109201621958,0.3915143393005128,0.9584907596982882,0.6243561203774219,11.775816593873861,0.5690558264267209,0.597452406293386,0.6196946165175516,0.8195670819663485,0.5212124662790499,10.166487492254753,0.4062752460882845,1.5724241743818224,0.9393770812407243,25.0131901519525,0.9618872989125988,0.9299079292917132,0.9324249583942384
0.895,0.9822504745443076,1.3767884911605401,0.3689197888401661,0.3848960096859455,6.197117938458691,0.3914734034794163,0.9584921110020985,0.6227794499546786,11.762995252138023,0.5678448648522781,0.5960077945467936,0.6181925064490127,0.8206100394699796,0.5217959339731312,10.168042526970858,0.40634146786726544,1.5726646875562564,0.9390055153827832,24.993135454860262,0.9622577982524779,0.9299050509479273,0.9322237555623449
0.8975,0.9821704845969413,1.3779745926230915,0.3678686639501905,0.3837979233691587,6.19714122279097,0.3914319795144605,0.9584957123292027,0.6212078380197128,11.750128083977827,0.5666424170670553,0.5945731987526737,0.6167035934624925,0.8216342840207979,0.5223668180934036,10.169607453031315,0.40640711215262076,1.5729067305991913,0.9385944109621341,24.972381069897924,0.9626144717652314,0.9298876092788857,0.9320088960569477
0.9,0.9820902678077406,1.3791600408013154,0.3668282065581818,0.38271007129611484,6.19717913545509,0.39139009624429344,0.9585015761823401,0.6196413508383425,11.737215747118839,0.5654485486528761,0.5931487089434458,0.6152279973164497,0.822639774241642,0.5229250911034564,10.17118237502284,0.4064721915047831,1.5731503196867818,0.9381438281770457,24.95092886701865,0.962957291070075,0.9298555749274555,0.9317803670884106
0.9025,0.982009823539175,1.3803448839139354,0.36579842669478346,0.38163246658131506,6.197231755468832,0.39134778246206164,0.9585097147829853,0.6180800553234836,11.724258929537577,0.5642633243840864,0.5917344130286628,0.6137658323555002,0.823626470007369,0.5234707262568108,10.172767398969127,0.4065367192364302,1.5733954712174372,0.9376538183117896,24.928780413045118,0.9632862285856847,0.9298089189688916,0.9315381549480655
0.905,0.9819291511446843,1.3815291706188884,0.36477933366819437,0.3805651216094461,6.197299159977749,0.391305066889154,0.9585201400630404,0.6165240190692213,11.711258350333983,0.563086808216828,0.5903303967782324,0.6123172074526926,0.8245943324292906,0.5240036975971822,10.174362632144849,0.40660070940089016,1.5736422017830523,0.9371244240900045,24.905936981344873,0.9636012575496138,0.929747612920646,0.9312822449643641
0.9075,0.981848249968853,1.382712949965306,0.36377093606617644,0.37950804803763455,6.197381424200835,0.3912619781492987,0.9585328636564315,0.6149733103832923,11.698214760571124,0.5619190632786611,0.5889367438083961,0.6108822259626971,0.8255433238376327,0.5245239799582467,10.175968182876442,0.406664176779047,1.5738905281381947,0.9365556800547499,24.882399562116145,0.9639023520363432,0.929671628746931,0.9310126214519486
0.91,0.9817671193475841,1.3838962713581495,0.36277324175812103,0.37846125679780734,6.197478621375674,0.3912185447430645,0.9585478968906251,0.6134279983173925,11.685128944071504,0.5607601518584736,0.5875535355702995,0.609460985685887,0.8264734077618571,0.5250315489627838,10.177584160330111,0.40672713686496303,1.5741404671673178,0.9359476129736287,24.858168873246722,0.964189486973313,0.9295809388576645,0.9307292676531758
0.9125,0.9816857586082626,1.385079184536737,0.36178625789711655,0.37742475809909043,6.197590822703267,0.3911747950228239,0.9585652507780952,0.6118881526947444,11.67200171815984,0.5596101353965918,0.5861808513409696,0.6080535788432526,0.8273845489087872,0.5255263810211304,10.179210674287674,0.4067896058504342,1.5743920358500894,0.9353002422676739,24.83324537171639,0.9644626381543338,0.9294755161016205,0.9304321656719454
0.915,0.9816041670699015,1.386261739567555,0.36080999092195687,0.3763985614301808,6.197718097292573,0.39113075716823764,0.9585849360077442,0.6103538441344188,11.658833934343047,0.5584690744749956,0.5848187682165341,0.6066600920620758,0.8282767131386174,0.5260084533289395,10.180847834911209,0.4068516006086825,1.5746452512249918,0.9346135804629989,24.807629265521246,0.9647217822502354,0.9293553337538143,0.9301212963999698
0.9175,0.9815223440432578,1.3874439868508455,0.35984444655903214,0.37538267556162197,6.197860512104932,0.3910864591623289,0.9586069629363086,0.6088251440719568,11.64562647891906,0.5573370288075308,0.5834673611075168,0.60528060637227,0.8291498674390055,0.5264777438643109,10.182495752497768,0.4069131386773722,1.5749001303513832,0.933887633664497,24.7813205261049,0.9649668968171974,0.92922036549736,0.9297966394359647
0.92,0.9814402888309116,1.388625977139547,0.3588896298240424,0.37437710854792416,6.198018131898377,0.3910419287682215,0.9586313415797449,0.607302124775922,11.632380273507563,0.5562140572300699,0.5821267027360741,0.6039151972132961,0.8300039798975992,0.52693423138443,10.184154537225652,0.4069742382411124,1.5751566902702545,0.9339078152519065,24.775154719609695,0.9651979603034402,0.9290705854002413,0.9294581729985458
0.9225,0.9813580007273033,1.3898077615683115,0.3579455450234816,0.37338186772947074,6.198191019171917,0.39099719350662265,0.9586580816046124,0.6057848593600991,11.619096275497068,0.55510021769055,0.5807968636350574,0.6025639344515691,0.8308390196734576,0.5273778954219174,10.18582429889398,0.40703491811357256,1.5754149479639503,0.9340210643373157,24.771795205321308,0.9654149520548774,0.9289059678876045,0.9291058738339257
0.925,0.9812754790187204,1.3909893916895937,0.3570121957558434,0.37239695973416276,6.1983792341097805,0.39095228063413434,0.958687192319449,0.6042734217911508,11.605775478404562,0.5539955672387619,0.5794779121488225,0.601226882408273,0.8316549569679483,0.5278087162811502,10.187505146657559,0.40709519771930736,1.57567492031516,0.9340877080518588,24.767536427198568,0.9656178523201894,0.9287264877103295,0.9287397171197599
0.9275,0.9811927229832319,1.3921709195132392,0.35608958491251136,0.37142239047876324,6.198582834525656,0.39090721712248405,0.9587186826661473,0.6027678868916346,11.59241891214531,0.5529001620158999,0.5781699144357401,0.5999040998975198,0.8324517629957797,0.528226675034859,10.189197188759083,0.4071550970753433,1.5759366240655002,0.9341077215323724,24.762378396353167,0.9658066422557748,0.9285321199107406,0.9283596763667217
0.93,0.9811097318905743,1.3933523975456628,0.35517771467830206,0.37045816516991403,6.198801875806873,0.3908620296387617,0.958752561211322,0.6012683303383896,11.579027643212386,0.551814057243769,0.5768729344723967,0.5985956402747933,0.8332294099568816,0.5286317535213406,10.19090053226076,0.4072146367725447,1.5762000757740038,0.9340810747468964,24.756320902138192,0.9659813039310664,0.9283228397863893,0.9279657233195564
0.9325,0.9810265050019812,1.3945338788246233,0.35427658653164434,0.3695042883048071,6.199036410858556,0.39081674452674964,0.9587888361376706,0.5998781454196687,11.56759505684849,0.5507373072136035,0.575587034059508,0.5973015514956163,0.8339878710098694,0.5290239343426313,10.192615282777536,0.4072738379567358,1.5764652917758595,0.934007732825528,24.74936352047512,0.9661418203347841,0.9280986228528503,0.9275578278594727
0.935,0.980943041569973,1.3957154169457902,0.35338620124438486,0.3685607636715076,6.199286490047685,0.3907713877894253,0.9588275152353233,0.5985691789772987,11.55758508556018,0.5496699652745356,0.5743122728295862,0.5960218761843722,0.8347271202478145,0.5294032008639925,10.194341544213769,0.40733272230952267,1.576732288141684,0.9338876564255885,24.74150562301995,0.9662881753826807,0.9278594448064706,0.9271359579098167
0.9375,0.9808593408381022,1.3968970660777604,0.35250655888122084,0.3676275943489309,6.199552161147061,0.39072598507270395,0.9588686058931745,0.5972666757599709,11.54755773968658,0.5486120838217802,0.5730487082564272,0.5947566517131859,0.8354471326769924,0.5297695372150301,10.196079418505215,0.4073913120287303,1.5770010806376165,0.9337208021322422,24.73274638719769,0.9664203539269576,0.9276052814879528,0.9267000793469764
0.9400000000000001,0.9807754020406702,1.3980788809629086,0.35163765879876785,0.3667047827064864,6.199833469279136,0.3906805616504764,0.9589121150901968,0.5959707077482345,11.537514046188159,0.5475637142845818,0.5717963956664723,0.5935059102907208,0.836147884199215,0.5301229282927444,10.19782900536779,0.40744962980834576,1.5772716846864572,0.9335071228953041,24.723084807123993,0.9665383417666926,0.9273361088475865,0.9262501559184712
0.9425,0.9806912244024208,1.3992609169023802,0.35077949964427496,0.36579233040340303,6.200130456859724,0.3906351424109717,0.9589580493867337,0.5946813477011986,11.527455065632937,0.5465249071139581,0.5705553882520944,0.5922696790606814,0.8368293515982456,0.5304633597667586,10.199590402054188,0.40750769881784793,1.5775441153300278,0.9332465685025602,24.71251970542207,0.9666421256583283,0.927051902912866,0.9257861491701422
0.9450000000000001,0.9806068071382235,1.4004432297246487,0.3499320793539968,0.36489023838775364,6.200443163541494,0.3905897518444559,0.9590064149157603,0.593398669132236,11.51738189192283,0.5454957117702796,0.569325737086823,0.5910479802097343,0.837491512530699,0.5307908180869233,10.201363703119254,0.4075655426808017,1.5778183871928804,0.9329390860895025,24.70104974593322,0.9667316933263249,0.9267526397591315,0.9253080183843233
0.9475,0.9805221494527532,1.4016258757382278,0.3490953951512343,0.36399850689518914,6.200771626157304,0.39054441403224266,0.9590572173741191,0.5921227462812386,11.507295651946782,0.544476176710736,0.5681074911424718,0.5898408310844293,0.8381343455217003,0.5311052904934445,10.203149000194388,0.40762318545259857,1.5780945144474048,0.9325846206850568,24.68867344731052,0.9668070334748164,0.9264382954838297,0.9248157205308384
0.9500000000000001,0.9804372505401807,1.4028089116703364,0.34826944354404166,0.36311713544738844,6.201115878663279,0.3904991526369644,0.9591104620137155,0.5908536540834274,11.497197505159708,0.5434663493767103,0.5669006973080721,0.5886482443166037,0.838757829965473,0.5314067650296276,10.204946381771036,0.407680651597253,1.578372510780343,0.9321831157926198,24.675389197479717,0.9668681357996158,0.926108846184911,0.924309210232662
0.9525,0.9803521095838748,1.4039923945944206,0.3474542203225924,0.3622461228502176,6.201475952081628,0.39045399089401167,0.959166153632674,0.5895914681345837,11.48708864308409,0.5424662761810524,0.5657054004104308,0.5874702279565862,0.8393619461309194,0.5316952305572854,10.20675593299289,0.40773796596318457,1.5786523893606483,0.9317345140056026,24.661195268948365,0.9669149909984615,0.9257642679438842,0.9237884397480746
0.9550000000000001,0.9802667257561288,1.405176381850393,0.34664972055617826,0.36138546719157905,6.201851874443145,0.3904089516040132,0.9592242965664444,0.5883362646524469,11.47697028872871,0.5414760024952006,0.5645216432360523,0.5863067856133937,0.8399466751721775,0.5319706767748198,10.208577735456231,0.4077951537579653,1.5789341628086058,0.931238757656667,24.64608983494471,0.9669475907792631,0.9254045368140407,0.9232533589711804
0.9575,0.9801810982179088,1.406360930962156,0.3458559385898075,0.3605351658389151,6.202243670729365,0.39036405712618827,0.9592848946788558,0.5870881204338773,11.466843695916495,0.5404955726360914,0.5633494665540623,0.5851579166009516,0.840511999144076,0.5322330942379568,10.210411867017589,0.4078522405220494,1.5792178431660815,0.9306957894999771,24.63007098637223,0.966965927868877,0.9250296288144076,0.9227039154526993
0.96,0.9800952261186275,1.4075460995573956,0.34507286804034876,0.35969521543632077,6.202651362814313,0.39031932937236685,0.9593479513531069,0.5858471128072671,11.456710148511235,0.5395250298527666,0.5621889091396963,0.5840236160892487,0.841057901022378,0.5324824743831006,10.212258401607873,0.40790925210155937,1.5795034418677771,0.9301055534260146,24.613136749571858,0.966969996024538,0.9246395199300497,0.9221400544429881
0.9625,0.9800091085959372,1.4087319452946994,0.3443005017921625,0.35886561190120275,6.2030749694058445,0.39027478980143204,0.9594134694826928,0.5846133195795729,11.446570959530975,0.5385644163125637,0.5610400077978275,0.5829038752592136,0.8415843647286897,0.5327188095532547,10.214117409052266,0.4079662146202473,1.5797909697133725,0.9294679952088063,24.595285104893264,0.9669597900483075,0.9242341861193942,0.9215617189592779
0.965,0.9799227447755392,1.4099185258027838,0.3435388319921522,0.35804635042041855,6.203514505986585,0.3902304594139142,0.9594814514622712,0.583386818977262,11.436427470134557,0.5376137730867291,0.5599027973859495,0.5817986814600199,0.8420913751599399,0.5329420930264719,10.215988954895275,0.40802315445079723,1.5800804368404657,0.9287830632857584,24.57651400608599,0.9669353058041362,0.9238136033293466,0.9209688498791128
0.9675,0.9798361337709984,1.4111058986360046,0.3427878500441693,0.35723742544582454,6.203969984754527,0.39018635874643415,0.9595518991784735,0.5821676895804584,11.426281048467384,0.5366731401352572,0.5587773108360014,0.5807080183674769,0.8425789182223609,0.5331523190467821,10.21787310023089,0.40808009818566526,1.580371852698305,0.9280507095705728,24.556821400530318,0.9668965402373123,0.9233777475189745,0.9203613860618781
0.97,0.9797492746835527,1.4122941212494284,0.34204754660271275,0.356438830689167,6.204441414563397,0.3901425078656759,0.9596248140006829,0.5809560102495799,11.416133088352867,0.5357425562907503,0.5576635791743991,0.5796318661421526,0.8430469808699596,0.5333494828575678,10.219769901538088,0.40813707260767584,1.5806652260223475,0.9272708902999551,24.536205250334998,0.9668434913964351,0.9229265946925819,0.919739264500148
0.9725,0.9796621666019065,1.4134832509956283,0.34131791156587993,0.35565055911626,6.2049288008630405,0.39009892636156396,0.9597001967718126,0.5798270944669065,11.407465162967695,0.5348220592411222,0.5565616315396695,0.5785702015859181,0.8434955511475187,0.5335335807373471,10.221679410522796,0.4081941046605904,1.5809605648098137,0.9264435669148506,24.514663554331722,0.9667761584583773,0.9224601209429113,0.9191024205022541
0.975,0.9795748086019923,1.414673345144105,0.3405989340675478,0.3548726029404138,6.20543214564012,0.3900556333393174,0.9597780477991346,0.5788220032933266,11.401091160818448,0.533911685511047,0.5554714951971342,0.5775229982956768,0.8439246182382182,0.5337046100379285,10.223601673967854,0.40825122141984305,1.5812578762964844,0.9255687069768148,24.492194370994632,0.9666945417564221,0.9219783025051203,0.9184507879070398
0.9775,0.9794871997466897,1.4158644609229454,0.3398906024687959,0.3541049536151013,6.205951447359585,0.39001264741006925,0.9598583668452266,0.5780137942184265,11.398459657504684,0.5330114704420527,0.5543931955501782,0.5764902268131765,0.8443341725160018,0.5338625692248757,10.225536733593538,0.40830845006359634,1.5815571669351256,0.9246462851196713,24.46879584230401,0.9665986428103118,0.9214811158219561,0.9177842993311163
0.98,0.9793993390854897,1.4170566555810664,0.33919290434861554,0.35334760182588215,6.206486700907484,0.389969986679764,0.9599411531191272,0.5772118083460728,11.39581927824683,0.5321214481711768,0.553326756147747,0.5754718547699583,0.8447242056028182,0.5340074579201958,10.227484625931664,0.408365817844202,1.5818584423760187,0.9236762840359053,24.444466218556993,0.9664884643554735,0.9209685376202756,0.9171028864481465
0.9825,0.9793112256540915,1.4182499864682718,0.3385058264939934,0.352600537481637,6.207037897535838,0.38992766873608503,0.9600264052678091,0.5764161057059423,11.39317085237025,0.5312416516082538,0.5522721986878608,0.5744678470266849,0.8450947104308354,0.5341392769471041,10.229445382217111,0.40842335206007147,1.582161707450181,0.9226586954961932,24.419203884103638,0.9663640103698734,0.9204405449986844,0.9164064802987122
0.985,0.9792228584739269,1.4194445111293974,0.33782935488949534,0.35186374970520123,6.20760502481042,0.38988571063321137,0.9601141213681027,0.5756267466522385,11.390515233276444,0.5303721124119131,0.5512295430170739,0.5734781658063053,0.8454456813096605,0.5342580283766543,10.231419028301042,0.40848108002786604,1.5824669661559445,0.9215935213991026,24.39300738395356,0.9662252861007004,0.9198971155256087,0.9156950116281898
0.9875,0.9791342365516049,1.4206402874080957,0.3371634747065197,0.3511372268235251,6.208188066562375,0.3898441288742646,0.9602042989192132,0.5748437917361442,11.387853296194265,0.5295128609643878,0.5501988071259737,0.5725027708207261,0.8457771139984683,0.5343637155759204,10.233405584590445,0.40853902905481687,1.582774221649605,0.9204807748463707,24.36587545115825,0.9660722980932638,0.9193382273466155,0.9149684112488332
0.99,0.9790453588782764,1.4218373735552967,0.33650817029242236,0.350420956357517,6.2087870028447485,0.38980293939137367,0.9602969348359973,0.5740673015699694,11.385185935757528,0.5286639263452962,0.5491800071409625,0.5715416193908708,0.8460890057827736,0.5344563432573158,10.23540506601868,0.4085972264108914,1.5830834762408668,0.9193204812372902,24.337807034827108,0.9659050542224863,0.9187638592992438,0.914226610420966
0.9925,0.978956224428917,1.4230358283371025,0.3358634251597483,0.3497149250117572,6.209401809895045,0.389762157523363,0.9603920254431714,0.5732973366842217,11.382514063431376,0.5278253363046311,0.5481731573127114,0.5705946665602046,0.846381355555368,0.5345359175284975,10.237417482051605,0.4086556993004395,1.583394731393789,0.9181126793737099,24.308801328584103,0.9657235637263187,0.9181739910330438,0.913469541246875
0.995,0.9788668321615378,1.424235711136762,0.33522922197582156,0.3490191186642907,6.210032460104872,0.3897217979911496,0.9604895664706175,0.5725339573790851,11.379838604814672,0.52699711723525,0.5471782700018015,0.5696618652019797,0.8466541639006774,0.5346024459421737,10.239442836733277,0.40871447483289547,1.5837079877338558,0.9168574225650923,24.278857799218727,0.9655278372400629,0.9175686031320172,0.9126971370697848
0.9975,0.9787771810163295,1.4254370820454396,0.3346055425529586,0.34833352235671855,6.2106789219978165,0.38968187487101824,0.9605895530499602,0.5717772235719643,11.377160496849251,0.5261792941451977,0.5461953556621633,0.5687431661205851,0.8469074331815174,0.5346559375449942,10.24148112877457,0.4087735799920803,1.5840232450616814,0.9163524565570268,24.269102257468763,0.9653178868304093,0.9169476772361513,0.9119093328692112
1.0,0.9786872699147515,1.4266400019367076,0.3339923678395669,0.3476581202848138,6.211341160216493,0.38964240156603025,0.9606919797125653,0.5710271946429123,11.374480684969967,0.525371890630204,0.5452244228230054,0.5678385181474959,0.8471411676269247,0.5346964029245758,10.243532351686849,0.40883304160365574,1.5843405023736852,0.9158684555044802,24.260223889264438,0.9650937260277868,0.9163111961584075,0.9111060656431563
1.0025,0.9785970977585838,1.4278445325200506,0.33338967791237556,0.3469928957898787,6.212019135519638,0.3896033907759021,0.960796840389088,0.5702839292798221,11.37180012023099,0.5245749288466798,0.5442654780699534,0.5669478682323703,0.8473553734194533,0.5347238542535988,10.245596493961651,0.40889288630032594,1.5846597578898833,0.9153358110874955,24.25037805615258,0.9648553698554874,0.9156591439932679,0.910287274767095
1.0050000000000001,0.9785066634289574,1.4290507363691998,0.33279745197002186,0.3463378313510483,6.212712804789856,0.3895648544657695,0.9609041284106734,0.5695474853252759,11.3691197564441,0.5237884294855383,0.5433185260261337,0.5660711615298682,0.8475500587800694,0.5347383053298397,10.247673539295745,0.4089531404844671,1.5849810090886975,0.9147544351795335,24.23956093166017,0.964602834854062,0.9149915062128875,0.9094529023195536
1.0075,0.9784159657853849,1.430258676921865,0.3322156683281752,0.3456929085787153,6.213422121052409,0.3895268038343267,0.9610138365118608,0.5688179196268863,11.36644054736386,0.5230124117471836,0.5423835693339115,0.565208341482739,0.8477252340485718,0.5347397716109572,10.249763466859253,0.4090138302879897,1.5853042527484247,0.9141242546128984,24.22776896672424,0.9643361390994815,0.9143082697470286,0.908602893364409
1.01,0.9783250036648131,1.431468418448444,0.33164430441633697,0.3450581082092234,6.2141470335051165,0.3894892492818892,0.9611259568352091,0.568095287892829,11.363763443952168,0.5222468933179988,0.5414606086379367,0.5643593499016774,0.8478809117573314,0.5347282702428646,10.251866251602896,0.40907498152939,1.585629484994758,0.913445211887082,24.214998908703933,0.9640553022134634,0.913609423043264,0.9077371961808063
1.0125,0.9782337758807216,1.4326800259885888,0.33108333677639595,0.3444334101009305,6.214887487559109,0.38945220037898537,0.9612404809375997,0.5673796445540803,11.361089391751182,0.5214918903486054,0.5405496425700741,0.563524127042355,0.8480171066961161,0.5347038200805894,10.253981864598678,0.4091366196681348,1.5859567013534797,0.9127172657870666,24.201247818357686,0.9637603453644328,0.9128949561044734,0.9068557624328678
1.0150000000000001,0.9781422812222892,1.4338935652561626,0.33053274106295527,0.3438187932317001,6.215643424889806,0.38941566583611315,0.9613573997981217,0.5666710426346173,11.358419328388914,0.5207474174341009,0.5396506677366915,0.5627026116799283,0.8481338359658288,0.5346664417006479,10.256110273406758,0.40919876975672304,1.5862858968072036,0.9119403919013402,24.18651308451848,0.9634512912579996,0.9121648605013847,0.9059585472731161
1.0175,0.9780505184536523,1.4351091025150668,0.3299924920453827,0.3432142356978271,6.2164147834971475,0.3893796534753256,0.961476703827387,0.565969533630539,11.355754181236112,0.5200134875964021,0.5387636787086563,0.5618947411811832,0.84823111901919,0.5346161574041648,10.258251442459969,0.4092614563909848,1.5866170658548489,0.911114583031677,24.170792436251872,0.9631281641160696,0.9114191293588081,0.9050455093756838
1.02,0.9779584863132724,1.4363267044305852,0.3294625636114634,0.3426197147143483,6.2172014977737415,0.3893441702043019,0.961598382878071,0.5652751673987256,11.35309486522664,0.5192901122687462,0.5378886680142569,0.5611004515743367,0.8483089776866987,0.5345529912102126,10.260405333456298,0.4093247036593926,1.5869502025723425,0.9102398494896153,24.154083952348046,0.9627909896436616,0.9106577573152554,0.904116610897903
1.0225,0.9778661835134287,1.4375464379031542,0.32894292877246817,0.3420352066166374,6.218003498579262,0.3893092219935487,0.9617224262564191,0.5645879920552762,11.350442280846353,0.5185773012823032,0.5370256261351134,0.5603196776163526,0.8483674361866402,0.5344769688391607,10.262571905749017,0.4093885350923758,1.587285300672961,0.9093162192778734,24.13638606807713,0.9624397949831075,0.9098807404567785,0.9031718173715964
1.025,0.977773608739846,1.4387683698936182,0.3284335596693836,0.341460686863121,6.2188207133192295,0.38927481385732415,0.9618488227344324,0.5639080538835727,11.3477973122882,0.5178750628547916,0.536174541504982,0.5595523528574574,0.8484065211184256,0.5343881176861661,10.264751116723714,0.40945297361282706,1.5876223535656444,0.9083437381585208,24.117697579221915,0.9620746086561192,0.9090880762270529,0.9022110975282742
1.0275,0.9776807606514581,1.4399925672507898,0.32793442757998825,0.34089613003890895,6.219653066025971,0.3892409498388151,0.9619775605623881,0.5632353972514155,11.34516082576337,0.5171834035809131,0.5353354005112014,0.5587984097023848,0.8484262614391583,0.5342864667853106,10.266942922151785,0.40951804148916754,1.587961354409669,0.9073224696133773,24.098017643490508,0.9616954604944901,0.908279763316895,0.9012344230652396
1.03,0.9775876378803032,1.4412190965532998,0.32744550292640945,0.340341509860074,6.2205004774395585,0.38920763300000083,0.9621086274813596,0.5625700645362727,11.342533667951049,0.5165023284243645,0.5345081874983476,0.5580577794676922,0.8484266884239647,0.5341720467652679,10.269147276510314,0.40958376029249394,1.588302296164124,0.9062524947056415,24.077345779497183,0.9613023815608341,0.9074558015375034,0.9002417683622563
1.0325,0.9774942390315375,1.4424480239779902,0.32696675528274965,0.33979679917827854,6.221362865086397,0.38917486541652413,0.9622420107353705,0.5619120960573079,11.339916664562013,0.5158318407111244,0.5336928847735147,0.557330392434347,0.8484078356112937,0.534044889797742,10.271364133259471,0.40965015085944334,1.5886451716308152,0.9051339118548875,24.055681863577618,0.9608954040616599,0.9066161916826634,0.8992331101607147
1.035,0.9774005626835429,1.443679415206327,0.3264981533823412,0.33926196998540725,6.222240143353175,0.3891426481777502,0.9623776970828324,0.5612615300124983,11.337310618984706,0.5151719421236259,0.5328894726124724,0.5566161778946116,0.8483697387350171,0.5339050295402442,10.273593445069766,0.40971723326248705,1.588989973489413,0.9039668365401626,24.033026124769368,0.9604745612547022,0.9057609353858851,0.8982084272190313
1.0375,0.9773066073881034,1.4449133353783594,0.32603966512417226,0.338736993417839,6.223132223554088,0.38911098139204675,0.9625156728069427,0.560618402418849,11.334716310976878,0.5145226326953328,0.5320979292658036,0.5559150641921261,0.8483124356457418,0.5337525010750344,10.275835163993431,0.40978502678939005,1.5893366943239615,0.9027514009477114,24.009379138335426,0.9600398873512235,0.9048900349789439,0.8971676999591813
1.04,0.9772123716706171,1.446149849100701,0.3255912575780225,0.33822183975997805,6.224039013989383,0.389079864197156,0.9626559237247394,0.5600400935535548,11.333294992278695,0.5138839108051719,0.5313182309640061,0.5552269787539722,0.8482359662242065,0.5335873408462443,10.27808924157605,0.4098535499335328,1.5896853266401416,0.9014877535807325,23.98474181823351,0.959591417415802,0.9040034933584459,0.89611091011973
1.0425,0.9771178540303049,1.4473890205109874,0.32515289698786304,0.3377164784466611,6.224960419993597,0.38904929477536443,0.9627984351945611,0.5596240743864955,11.335024119920073,0.5132557731712933,0.5305503519204394,0.5545518481134087,0.8481403722899801,0.5334095865972915,10.280355628906824,0.4099228203966914,1.5900358628730478,0.9001760588484573,23.95911540893485,0.9591291872687142,0.9031013138669012,0.8950380404303945
1.045,0.9770230529403865,1.4486309133965969,0.3247245487731051,0.33722087806407075,6.225896343972215,0.38901927037302575,0.9629431921217185,0.5592144901295791,11.336752505266036,0.5126382148436543,0.5297942643309242,0.5538895979219233,0.8480256975088649,0.5332192773106874,10.282634276608064,0.4099928551056918,1.590388295385561,0.8988164966506528,23.932501476971677,0.9586532333952569,0.9021835001942755,0.8939490743220594
1.0475,0.9769279668481913,1.449875591360535,0.3243061775273265,0.33673500634881265,6.226846685425849,0.38898978732385076,0.9630901789622325,0.5588113659320717,11.338480597581336,0.5120312291949255,0.529049938368788,0.5532401529492323,0.8478919873024278,0.5330164531522376,10.28492513476675,0.41006367024409335,1.5907426164577645,0.8974992516273149,23.907299018315083,0.9581635928648556,0.9012500563051771,0.8928439956843035
1.05,0.9768325941751825,1.4511231180227517,0.32389774701416835,0.3362588301848568,6.227811340961404,0.38896084107526613,0.9632393797245621,0.5584147244336963,11.34020881554922,0.5114348079092544,0.5283173421741583,0.5526034370699121,0.8477392887629461,0.5328011554214334,10.287228152813007,0.4101352812997188,1.591098818268147,0.8970364839995231,23.905150975372347,0.9576603032623492,0.9003009863957245,0.8917227886799884
1.0525,0.9767369333168857,1.4523735572413017,0.3234992201601699,0.3357923155981012,6.228790204290161,0.38893242621706675,0.9633907779693074,0.5580245856570152,11.34193754503667,0.5108489409685043,0.5275964418363894,0.5519793732354377,0.8475676505767629,0.532573426509554,10.289543279352186,0.4102077031284182,1.5914568928676318,0.8965197977538258,23.90186710385973,0.9571434026337418,0.8993362948828163,0.8905854376234478
1.055,0.9766409826427194,1.453626973335126,0.32311055904439145,0.3353354277483859,6.22978316621296,0.38890453651154694,0.9635443568069187,0.5576409668893086,11.343667136654336,0.5102736166357074,0.5268872013686293,0.5513678834305844,0.847377122958631,0.5323333098666506,10.291870461958753,0.4102809500339561,1.5918168321476984,0.8959492864971025,23.897447119915565,0.9566129294481579,0.8983559864270687,0.8894319269254942
1.0575,0.9765447404957467,1.4548834312891763,0.32273172488477764,0.3348881309188707,6.230790114593124,0.38887716492430346,0.9637000988935077,0.5572638825523082,11.345397903080134,0.5097088214356231,0.526189582673732,0.5507688886133764,0.8471677575991179,0.5320808499782183,10.294209646941217,0.41035503586334504,1.592178627804023,0.8953250564647734,23.89189097264757,0.9560689225760804,0.8973600659891935,0.8882622411050772
1.06,0.9764482051923732,1.4561429969232944,0.3223626780213104,0.3344503885027796,6.231810934317919,0.3888503036549518,0.9638579864248873,0.5568933440586241,11.347130116123704,0.5091545401319357,0.5255035455009667,0.5501823086380864,0.8469396076265788,0.5318160923519587,10.29656077908803,0.4104299741163292,1.5925422712971793,0.8946472266628891,23.88519884867708,0.9555114212817898,0.89634853891817,0.8870763648641763
1.0625,0.9763513750220303,1.457405737008689,0.32200337789610983,0.33402216298762016,6.232845507249586,0.3888239441670918,0.9640180011289975,0.5565293596543255,11.3488640035203,0.508610755700697,0.524829047393292,0.5496080621611819,0.8466927275846354,0.5315390835146837,10.298923801404497,0.41050577806707383,1.5929077538119465,0.8939159290351006,23.87737117717146,0.9549404652284688,0.8953214110683487,0.8858742832197035
1.065,0.9762542482468882,1.458671719319831,0.32165378303075226,0.333603415937088,6.2338937121672,0.3887980772169827,0.9641801242569135,0.5561719342478733,11.35059974545629,0.5080774493008018,0.5241660436253219,0.549046066530572,0.8464271734255462,0.5312498710190623,10.301298654850667,0.4105824608954652,1.5932750662167683,0.8931313086367345,23.868408634922684,0.9543560944973959,0.8942786889416429,0.8846559816839353
1.0675000000000001,0.9761568231016523,1.4599410126146803,0.32131385100118043,0.333194107970977,6.234955424700615,0.3887726928805395,0.964344336572628,0.5558210692264722,11.352337470844361,0.5075546002420792,0.5235144871325377,0.5484962376590555,0.8461430025193681,0.5309485034596577,10.303685278089295,0.4106600358247897,1.593644199024773,0.8922935237971171,23.85831215100417,0.9537583496233767,0.8932203798503755,0.8834214464835575
1.07,0.9760590977934833,1.4612136865419572,0.32098353841068983,0.3327941987435221,6.236030517257935,0.3887477805784311,0.9645106183418344,0.5554767622618437,11.354077253384332,0.5070421859515596,0.5228743284327438,0.5479584898834576,0.8458402736784004,0.5306350304974873,10.306083607252203,0.41073851626198166,1.5940151423576354,0.8914027462516707,23.847082910548476,0.9531472716465553,0.8921464920961045,0.8821706648067925
1.0725,0.9759610705020875,1.4624898114799991,0.3206628008615804,0.3324036469207056,6.237118858947971,0.3887233290992184,0.9646789493199333,0.5551390071084179,11.355819107464319,0.5065401819386618,0.5222455155412511,0.547432735811586,0.8455190471960865,0.5303095028922138,10.308493575732033,0.41081791593612565,1.5943878859133689,0.8904591612271003,23.834722357234252,0.9525229021766517,0.8910570351599196,0.88090362506836
1.075,0.9758627393800019,1.4637694583172227,0.32035159292615384,0.3320224101571511,6.2382203154992935,0.3886993266206284,0.9648493087395116,0.5548077933979298,11.357562983976155,0.5060485617601479,0.5216279938817531,0.5469188861597993,0.8451793848993344,0.5299719725410144,10.310915114005006,0.4108982490305087,1.5947624189389114,0.8894629674661335,23.821232194150852,0.9518852834626153,0.889952019900212,0.8796203171831228
1.0775000000000001,0.9757641025530894,1.465052698188751,0.32004986811783,0.3316504450733174,6.239334749177497,0.3886757607291867,0.9650216752975472,0.5544831064353484,11.359308766137316,0.5055672969858508,0.5210217061953346,0.5464168495846321,0.8448213502130747,0.5296224925231623,10.313348149488865,0.41097953030326057,1.5951387302081539,0.8884143771824649,23.806614382816292,0.9512344584664322,0.8888314587547234,0.8783207328410425
1.08,0.9756651581212376,1.4663396021872097,0.3197575788632244,0.3312877072337694,6.240462018702571,0.388652618438525,0.9651960271426285,0.5541649270018821,11.361056265428113,0.505096357166343,0.5204265924504757,0.5459265325125328,0.8444450082358061,0.5292611171493994,10.315792606438672,0.41106177519152864,1.595516808005824,0.887313615941482,23.790871140249774,0.9505704709449364,0.8876953659446656,0.8770048657783284
1.0825,0.9755659041592392,1.4676302410677877,0.31947467647608896,0.33093415112735214,6.241601979168349,0.3886298862067387,0.9653723418624955,0.5538532311714552,11.362805217766086,0.5046357098038673,0.5198425897572823,0.5454478389722969,0.8440504258248455,0.5288879020152194,10.318248405881798,0.41114499989421954,1.5958966401174306,0.8861609224675787,23.77400493413505,0.9498933655404429,0.886543757679776,0.8756727120421725
1.085,0.9754663387178081,1.4689246849684496,0.31920111113404775,0.33058973015012005,6.242754481966261,0.38860754995318947,0.9655505964722475,0.5535479901474534,11.364555280048503,0.5041853203278375,0.5192696322894356,0.5449806704351883,0.8436376716899887,0.5285029040572586,10.3207154655921,0.41122922142862767,1.5962782138252698,0.8849565483839433,23.756018476242023,0.949203187878724,0.885376652364207,0.8743242702489425
1.0875000000000001,0.9753664598246725,1.470223003165753,0.3189368318590691,0.3302543965918628,6.243919374715813,0.3885855950751293,0.9657307674035895,0.5532491701266583,11.366306027197426,0.5037451520759043,0.5187076512174982,0.5445249256679755,0.8432068164942741,0.5281061816120244,10.323193700102271,0.41131445765676267,1.5966615159103361,0.8837007578951958,23.736914714391137,0.9484999846730359,0.8841940708040155,0.8729595418379241
1.09,0.9752662654856722,1.4715252638852108,0.31868178650258466,0.32992810162703484,6.245096501204405,0.3885640064644719,0.9659128304955255,0.5529567321970822,11.368056949838923,0.5033151662818408,0.5181565746572081,0.5440805006041578,0.8427579329605007,0.5276977944762324,10.325683020752319,0.41140072727788773,1.5970465326598187,0.8823938274267745,23.71669682333743,0.9477838038334986,0.8829960364176674,0.8715785313244259
1.0925,0.9751657536857727,1.4728315341827087,0.3184359217361059,0.3296107953108186,6.246285701339276,0.3885427685249683,0.9660967609869241,0.5526706322758551,11.36980745273883,0.5028953220716279,0.5176163276362279,0.5436472882384638,0.8422910959821015,0.5272778039680178,10.328183335771495,0.411488049784689,1.5974332498797748,0.8810360452371768,23.69536819501055,0.9470546945811569,0.8817825754512671,0.8701812465571155
1.095,0.9750649223899115,1.4741418799102384,0.3181991830480878,0.3293024265809429,6.247486811114447,0.38852186518995413,0.9662825335114076,0.5523908210924133,11.371556854101101,0.5024855764686611,0.5170868320824724,0.5432251785492861,0.8418063827368839,0.5268462729882649,10.330694550390415,0.4115764453815846,1.59782165291247,0.8796277110199069,23.672932428567773,0.9463127075643876,0.8805537172001949,0.8687676989847205
1.0975,0.9749637695435834,1.4754563657752773,0.3179715147476513,0.32900294326573726,6.248699662595522,0.38850127994074724,0.9664701220949995,0.5521172442210268,11.373304385812624,0.5020858844087488,0.5165680068366336,0.5428140584530434,0.8413038728020467,0.5264032660812517,10.33321656697985,0.4116659348649354,1.5982117266578457,0.8781691355111165,23.64939332069674,0.9455578949766665,0.879309494238404,0.8673379039366548
1.1,0.9748622930730905,1.4767750554985692,0.3177528599756078,0.3287122920987276,6.249924083925144,0.38848099582568263,0.9666595001569697,0.551849842165201,11.375049194690428,0.5016961987653246,0.5160597676908507,0.5424138117935776,0.8407836482687712,0.5259488494937373,10.335749285212579,0.4117565394662937,1.5986034555985515,0.8766606401165166,23.624754856542854,0.9447903106760588,0.8780499426558569,0.8658918809207446
1.1025,0.9747604908853722,1.4780980120699616,0.3175431607230353,0.3284304187398908,6.251159899351719,0.3884609954797007,0.9668506405142759,0.5515885504948114,11.376790344755513,0.5013164703850022,0.5155620274546783,0.5420243193686228,0.8402457938545821,0.5254830912315482,10.338292602244982,0.41184828066127716,1.5989968238280325,0.8751025565672574,23.599021201536498,0.9440100103049279,0.8767751023034821,0.8644296539390588
1.105,0.9746583608673735,1.4794252980965001,0.3173423578574436,0.3281572678034809,6.2524069292837074,0.3884412611443423,0.9670435153899625,0.5513333000350408,11.378526820523467,0.5009466481333181,0.5150746960486169,0.5416454589941698,0.8396903970115703,0.5250060611126303,10.340846412915461,0.41194117994811463,1.5993918150812174,0.8734952266093644,23.572196694261137,0.9432170514073889,0.8754850170436533,0.8629512518200629
1.1075,0.9745559008849052,1.4807569762313897,0.31715039115635324,0.3278927828921362,6.253664990371464,0.3884217746879699,0.9672380964258162,0.5510840171043916,11.380257531267429,0.5005866789502513,0.5145976806245286,0.5412771056062842,0.8391175480285161,0.5245178308154557,10.343410609957745,0.4120352586013264,1.5997884127675115,0.8718390017251598,23.54428584034281,0.942411493541258,0.8741797350026226,0.861456708562001
1.11,0.9744531087809817,1.4820931096670635,0.3169671993479077,0.32763690663678896,6.25493389561811,0.3884025176260278,0.9674343546995166,0.5508406237973579,11.381981316176065,0.5002365079147847,0.5141308857113251,0.5409191313986497,0.83852734012489,0.5240184739215836,10.34598508422824,0.4121305374072801,1.6001866000059588,0.8701342428782619,23.51529330716052,0.9415933983828515,0.8728593088196345,0.8599460636788109
1.1125,0.974349982373652,1.4834337626708232,0.31679272015795135,0.3273895807417325,6.256213454520507,0.3883834711411731,0.9676322607464386,0.5506030383058452,11.383696950299749,0.499896078317316,0.5136742133834384,0.5405714059929133,0.8379198695347033,0.5235080659510961,10.348569724947929,0.4122270363894478,1.600586359662657,0.8683813202665488,23.48522391898622,0.9407628298239207,0.8715237958856775,0.8584193625361488
1.115,0.9742465194533485,1.4847790011377195,0.3166268903628533,0.3271507460340671,6.257503473240803,0.38836461610316214,0.967831784586186,0.5503711752722182,11.385403151153719,0.4995653317386003,0.5132275634488107,0.5402337966378492,0.8372952355781798,0.5229866843895515,10.351164419961224,0.41232477453199223,1.6009876743907931,0.8665806130602983,23.45408265197223,0.9399198540589321,0.8701732585631502,0.856876656661492
1.1175,0.9741427177798125,1.486128893132852,0.3164696458472358,0.3269203425166591,6.258803754808415,0.3883459330884577,0.9680328957538311,0.5502330258295672,11.388921690484256,0.4992442081339683,0.5127908336525208,0.5399061684324947,0.8366535407192448,0.5224544087050355,10.353769056015478,0.4124237695107784,1.6013905266738748,0.8647325090961215,23.421874628225734,0.9390645396574727,0.8688077643761655,0.8553180040091184
1.12,0.9740385750786756,1.4874835093942365,0.31632092166569076,0.32669830942369643,6.260114099351739,0.3883274023996308,0.9682355633357527,0.5501360544679039,11.393168091002906,0.49893264592164654,0.5123639198917268,0.5395883845677942,0.8359948906068737,0.5219113203538498,10.356383519066668,0.41252403744098515,1.6017948988730095,0.8628374044918027,23.388605108060407,0.9381969576168471,0.8674273861600037,0.8537434691582497
1.1225,0.9739340890377843,1.488842923767852,0.3161806521075243,0.3264845852779222,6.261434304358075,0.3883090040847587,0.9684397560098384,0.5500442469453638,11.397397769585208,0.49863058207307925,0.5119467164373765,0.5392803065809366,0.8353193940984066,0.5213575027733679,10.359007694617556,0.41262559265014886,1.6022007732792076,0.8608957031434803,23.35427947941054,0.9373171813945311,0.8660322021574514,0.852153123421232
1.125,0.9738292573033799,1.4902072135482443,0.316048770763564,0.3262791079486596,6.2627641649595365,0.3882907179571602,0.9686454420897052,0.5499575014425906,11.40160906892235,0.4983379522029267,0.511539116158106,0.538981794616474,0.8346271632630213,0.520793041360643,10.361641468095026,0.4127284474847203,1.602608132171743,0.8589078160654843,23.318903243354324,0.9364252869168117,0.8646222960496485,0.8505470448386075
1.1275,0.9737240774762467,1.4915764597008188,0.31592521059407913,0.32608181470980374,6.264103474241821,0.388272523615949,0.968852589572456,0.5498757145676186,11.405800312440936,0.498054690658519,0.511141010741923,0.538692707688473,0.8339183133636884,0.5202180234354763,10.364284725272377,0.4128326121570546,1.603016957883469,0.8568741605353378,23.282481994739168,0.9355213525591378,0.8631977569097571,0.8489253180397025
1.1300000000000001,0.9736185471079507,1.4929507469453616,0.3158099039968888,0.32589264229703563,6.2654520235717115,0.38825440046801174,0.9690611661893339,0.5497987817526495,11.409969812134236,0.49778073060725364,0.5107522909116039,0.5384129039383116,0.833192962816091,0.5196325381868735,10.36693735274023,0.4129380946382628,1.603427232873652,0.854795159012675,23.24502139705316,0.934605459095004,0.8617586790694435,0.8472880339512023
1.1325,0.973512663697294,1.4943301636840132,0.31570278287477044,0.3257115269635936,6.266809602938314,0.3882363277521139,0.9692711394585002,0.5497265976276581,11.414115875979826,0.49751600412078795,0.5103728466301939,0.5381422408832485,0.8324512331232241,0.5190366766021459,10.369599238426074,0.41304490060059035,1.6038389398083286,0.8526712378115766,23.206527150956003,0.9336776896109726,0.860305161890939,0.8456352893423346
1.135,0.9734064246871034,1.4957148017606732,0.3156037787012953,0.32553840453401744,6.268176001301841,0.38821828456589225,0.9694824767389801,0.5496590563652913,11.418236814824848,0.4972604422551565,0.5100025672935395,0.5378805756515131,0.8316932487846651,0.5184305313783527,10.372270272157204,0.41315303341105286,1.6042520616473723,0.8505028255213458,23.167004956277538,0.9327381293861307,0.8588373094413593,0.8439671862037381
1.1375,0.9732998274614795,1.4971047560425907,0.315512822584227,0.3253732104553313,6.269551006942898,0.38820024989649415,0.9696951452846854,0.5495960519927098,11.42233094864191,0.4970139751260713,0.5096413419073441,0.5376277652003033,0.8309191371798651,0.5178141968163206,10.374950346255426,0.4132624941760723,1.604666581736478,0.8482903511907194,23.12646046780689,0.9317868657354655,0.8573552300709532,0.8422838309677134
1.1400000000000001,0.9731928693436168,1.498500123818782,0.3154298453256069,0.32521587984516737,6.270934407804314,0.3881822026555704,0.9699091122972854,0.5495374786671728,11.426396612080469,0.4967765319787997,0.5092890592467711,0.5373836665136866,0.8301290284252303,0.5171877686981139,10.37763935614436,0.41337328183490446,1.6050824839010882,0.8460342423142224,23.08489924581204,0.930823987818031,0.855859035902836,0.8405853335898611
1.1425,0.9730855475943099,1.4999010040142122,0.3153547774776178,0.3250663475363327,6.272325991816911,0.38816412171920855,0.9701243449765914,0.5494832309132216,11.430432159258835,0.49654804125210855,0.5089456079970982,0.5371481367779646,0.8293230552052526,0.5165513441495002,10.38033720094244,0.41348539329784856,1.6054997525381138,0.8437349226854366,23.04232670291489,0.9298495864126611,0.8543488422482319,0.8388718065254143
1.145,0.9729778594112471,1.50130749622375,0.3152875493932793,0.3249245481173015,6.273725547200183,0.3881459859732303,0.970340810567064,0.5494332038201805,11.434435967760127,0.4963284306358407,0.5086108768742967,0.5369210335324756,0.8285013525784977,0.5159050214896534,10.383043784007388,0.41359882362364886,1.605918372700145,0.8413928102085273,22.998748049653422,0.9288637536658154,0.8528247669678515,0.8371433636469208
1.1475,0.9728698019291887,1.5027196995760903,0.3152280912709897,0.3247904159680734,6.275132862728979,0.38812777436405954,0.9705584763990585,0.549387293199389,11.438406441810464,0.4961176271217121,0.508284754724689,0.536702214794154,0.8276640577598707,0.5152489000709919,10.385759013391906,0.4137135662291839,1.6063383301659326,0.8395487236161505,22.968953119341982,0.9278665828177175,0.851286929806267,0.8354001191621729
1.1500000000000001,0.9727613722211078,1.5041377114454721,0.31517633319190186,0.3246638852907939,6.276547727957557,0.3881094659551385,0.9707773099234791,0.5493453957010566,11.442342014629661,0.4959155570469125,0.5079671306030106,0.5364915391543795,0.8268113098812452,0.5145830801126215,10.388482802166479,0.41382961312352046,1.6067596114903144,0.8379571017826702,22.94625159942781,0.9268581679144644,0.8497354517314258,0.8336421866012595
1.1525,0.9726525673003623,1.5055616260382092,0.31513220514912976,0.3245448901344925,6.277969933393382,0.38809103998861505,0.9709972787386605,0.5493074088909248,11.446241149953238,0.49572214613005755,0.5076578938283022,0.5362888658467807,0.825943249733252,0.5139076625313129,10.391215068564328,0.4139469551576571,1.6071822040266355,0.8363186853261418,22.922457603200467,0.9258386035150874,0.8481704543152533,0.8318696779481554
1.155,0.9725433841239349,1.5069915328917547,0.3150956370678306,0.32443336441328263,6.279399270614279,0.3880724759517962,0.9712183506084872,0.549273231287066,11.450102342730498,0.4955373194989913,0.5073569340171185,0.536094054784778,0.8250600194917842,0.5132227487742411,10.39395573590623,0.414065582280771,1.60760609591512,0.8346337121615196,22.897571692824542,0.924807984403503,0.8465920591931415,0.83008270299445
1.1575,0.972433819596751,1.5084275153358333,0.3150665588153144,0.3243292419173857,6.280835532324358,0.3880537536476477,0.9714404934710429,0.5492427623571925,11.453924119007372,0.49536100170993125,0.5070641410935981,0.5359069665677442,0.8241617624335712,0.512528440657864,10.396704732269278,0.41418548379344083,1.6080312760316389,0.8329024058438216,22.871593987762587,0.9237664053159297,0.8450003876397468,0.8282813689900651
1.16,0.9723238705770477,1.5098696489775287,0.31504490020050513,0.3242324563164208,6.282278512346092,0.38803485326843884,0.9716636754373861,0.5492159024768591,11.457705035005633,0.4951931167574527,0.5067794052760496,0.5357274624548437,0.8232486226459925,0.5118248402172878,10.399461989873862,0.41430664858810423,1.608457733892896,0.8311249757205664,22.84452416973572,0.9227139606946126,0.8433955602957594,0.8264657806578939
1.1625,0.9722135338827186,1.511318000284008,0.3150305909623164,0.3241429411545294,6.283728005548271,0.3880157554714899,0.971887864780406,0.5491925528489859,11.461443675412928,0.49503358807491427,0.5065026170398965,0.5355554043058823,0.8223207447371224,0.5111120495702992,10.40222744417632,0.41442906536686097,1.6088854595160915,0.8293016179151669,22.816361509535433,0.9216507444783076,0.841777697075316,0.8246360406265821
1.165,0.9721028062985083,1.5127726253465623,0.3150235607468058,0.3240606298371011,6.285183807711816,0.3879964414558612,0.9721130299140688,0.5491726153852665,11.465138650902054,0.49488233852513214,0.5062336670571362,0.5353906544889119,0.8213782735528008,0.5103901707999451,10.405001032670562,0.4145527228266497,1.6093144432335706,0.8274325172224984,22.7871049180077,0.9205768499396159,0.8401469172767875,0.8227922503188568
1.1675,0.971991684583883,1.5142335689161714,0.3150237390733284,0.32398545560911335,6.286645715337776,0.38797689303872385,0.9723391393637213,0.5491559925503108,11.468788594903833,0.4947392903813556,0.5059724461128833,0.5352330757548942,0.8204213539082557,0.5096593058591516,10.407782693418854,0.4146776098018107,1.6097446754655855,0.8256017288429651,22.75906528149179,0.9194923695782657,0.838503339911311,0.8209345113130638
1.17,0.9718801654813415,1.515700863802198,0.315031055290301,0.32391735152539997,6.288113525403918,0.3879570927300576,0.9725661617284428,0.5491425871698459,11.472392159666482,0.4946043652989192,0.5057188450001162,0.5350825310804447,0.8194501303424365,0.5089195565004238,10.410572363349223,0.41480371535418364,1.610176146456958,0.8237440371364823,22.730443645756452,0.9183973950767496,0.8368470842542343,0.8190629271742719
1.1725,0.9717682457248825,1.5171745307203859,0.31504543852160044,0.323856250413485,6.289587035078196,0.3879370238042039,0.9727940656367283,0.5491323022049486,11.475948011645853,0.49447748427832927,0.5054727543943622,0.5349388834805017,0.8184647469036901,0.5081710242331864,10.413369976372897,0.4149310288012617,1.6106088459859094,0.8218385307076835,22.70065766776079,0.917292017321438,0.8351782706153053,0.8171776057299016
1.175,0.9716559220483116,1.5186545786629086,0.31506681760501765,0.32380208482996026,6.2910660413988335,0.3879166703666769,0.9730228196970078,0.5491250404951361,11.479454826285624,0.49435856762094177,0.5052340647107287,0.5348019957936958,0.8174653469756709,0.5074138103108302,10.416175461389198,0.4150595396736773,1.6110427630554833,0.8198855588151954,22.669710468291964,0.9161763264910237,0.8334970213145215,0.81527866174468
1.1775,0.9715431911930281,1.5201410058412308,0.31509512102455994,0.3237547870117016,6.292550340931943,0.3878960174144662,0.9732523924446912,0.5491207044741111,11.482911282263393,0.4942475348787659,0.5050026659463401,0.5346717304441309,0.8164520731523709,0.5066480157490361,10.418988740255923,0.4151892375945449,1.6114778855796281,0.8178854938970691,22.637605761387302,0.9150504122144147,0.8318034618426267,0.813366219931938
1.18,0.9714300499149369,1.5216338012225448,0.31513027683870115,0.32371428882350006,6.294039729418262,0.3878750508879028,0.9734827522875295,0.5491191958630438,11.486316055297891,0.49414430480022936,0.5047784475118439,0.5345479491842289,0.8154250671708064,0.5058737413764296,10.421809725810386,0.4153201120750549,1.6119142000771178,0.8158387374798438,22.60434801714741,0.9139143637970183,0.8300977221785564,0.8114404182235456
1.1825,0.971316494990129,1.5231329466441725,0.315172212606913,0.323680521703902,6.2955340014210215,0.38785375771199426,0.9737138674511522,0.5491204153473549,11.48966781163232,0.49404879527399853,0.5045612980561311,0.5344305128241273,0.8143844699091773,0.5050910879180801,10.42463832002915,0.41545215222324045,1.6123516913869227,0.8137457261976256,22.56994262835319,0.9127682705116793,0.8283799382308786,0.8095014112093932
1.185,0.9712025232190094,1.5246384194503337,0.315220855316949,0.3236534166111861,6.297032949986951,0.38783212582503207,0.9739457059266353,0.5491242622440411,11.49296520132912,0.4939609232731605,0.5043511052887929,0.5343192809538773,0.8133304214571234,0.5043001561117232,10.427474412413469,0.41558534636600586,1.612790342418489,0.8116069377307992,22.534396075853195,0.911612221952115,0.8266502533662955,0.8075493736491881
1.1875,0.9710881314286106,1.5261501955557588,0.31527613131539256,0.32363290397145944,6.298536366332266,0.3878101441922628,0.9741782354219339,0.5491306341675435,11.496206851530813,0.49388060480215534,0.5041477558050493,0.5342141116652941,0.8122630612630137,0.503501046855844,10.430317878682317,0.41571968158818967,1.6132301339495938,0.8094228964677288,22.49771608747268,0.9104463084463021,0.8249088199853992,0.8055845039539318
1.19,0.970973316472887,1.5276682528047265,0.31533796624393334,0.32361891363081874,6.300044039564987,0.38778780280254865,0.9744114233189342,0.5491394267030384,11.499391359859743,0.49380775484878064,0.5039511349180351,0.534114861280842,0.8111825283609574,0.5026938613878333,10.433168579846367,0.41585514319642813,1.6136710444831193,0.8071941786919707,22.459911785123236,0.9092706215234896,0.8231558011036965,0.8036070275311795
1.1925000000000001,0.9708580752308905,1.5291925744660415,0.3154062849837076,0.3236113748134196,6.301555756454391,0.3877650926462685,0.974645236637795,0.5491505330967676,11.502517288146326,0.4937422873434714,0.5037611265033897,0.5340213840973604,0.8100889616773986,0.5018787014892893,10.436026361724787,0.41599171411959723,1.6141130501723173,0.8049214171012803,22.420993814844557,0.9080852544249796,0.8213913718941216,0.8016171998864233
1.195,0.9707424046028038,1.5307231526872556,0.31548101160986614,0.3236102160871518,6.303071301257679,0.387742005673244,0.9748796420101387,0.5491638439736967,11.505583156690953,0.4936841151277711,0.503577612861196,0.5339335321528698,0.808982500413753,0.5010556697141525,10.438891054952666,0.4161293742613116,1.6145561248219578,0.8026053044724009,22.38097445467022,0.906890302646736,0.8196157211455561,0.7996153093722074
1.1975,0.9706263015039208,1.5322599917267818,0.31556206935833436,0.3236153653384513,6.304590455613053,0.3877185347302308,0.9751146056625138,0.5491792470933817,11.508587439278797,0.49363314993377944,0.5034004746004891,0.5338511550251445,0.8078632844976211,0.5002248696337551,10.441762475510929,0.4162680998230207,1.615000239970289,0.8002465962969716,22.33986769547381,0.905685864500129,0.8178290525901647,0.7976016794768234
1.2,0.9705097628567457,1.5338031107907146,0.3156493806065374,0.32362674975763034,6.306112998507514,0.38769467347846714,0.9753500934114151,0.549196627155494,11.511528559179931,0.4935893023764856,0.5032295905518558,0.5337740996712662,0.8067314550907986,0.49938640609105595,10.444640425793255,0.41640786261838186,1.6154453650540552,0.7978461122291313,22.29768929032693,0.904472041674604,0.816031586050739,0.7955766705459119
1.2025000000000001,0.9703927855814755,1.5353525463210336,0.3157428668696981,0.32364429583598653,6.3076387063264665,0.38767041629286153,0.9755860706709546,0.5492158656669669,11.51440488637826,0.4935524819608103,0.503064837714095,0.5337022103179506,0.805587155137785,0.4985403854544652,10.447524696206061,0.41654862940062115,1.6158914676559624,0.7960426788028481,22.272305626117884,0.9032489397831641,0.8142235583581108,0.7935406808338187
1.205,0.9702753665851963,1.5369083536112635,0.3158424488141715,0.3236679293758691,6.309167352991045,0.38764575814556806,0.9758225024741022,0.5492368408831197,11.517214736280277,0.4935225971051033,0.5029060912414358,0.5336353284129902,0.8044305299340756,0.4976869158598522,10.450415067278703,0.4166903612244612,1.6163385138310566,0.7947949269483984,22.262611411279057,0.9020166688688481,0.8124052239885933,0.7914941467881944
1.2075,0.9701575027501905,1.5384706076619155,0.3159480462891486,0.3236975755148275,6.310698710187218,0.3876206944778205,0.9760593535081206,0.5492594278352766,11.519956370156045,0.4934995551829288,0.5027532244783318,0.5335732926485853,0.8032617276895374,0.49682610742780253,10.453311312241832,0.41683301286297475,1.6167864685055127,0.7935004461716262,22.25176404969586,0.9007753438483299,0.8105768553730968,0.7894375424824254
1.21,0.9700391909217865,1.5400394032285487,0.3160595783779042,0.32373315876489855,6.3122325476889865,0.3875952210648878,0.9762965881645534,0.5492834984570706,11.522627997555867,0.4934832625850214,0.5026061090491504,0.5335159390673344,0.8020809000590582,0.495958072442168,10.456213200013071,0.41697653229762754,1.6172352959384206,0.7921598683388873,22.23977432776638,0.8995250848677478,0.8087387428337866,0.7873713781271966
1.2125000000000001,0.9699204278962118,1.541614854057901,0.31617696346953394,0.3237746030679729,6.31376863377542,0.38756933387975434,0.9765341706037273,0.5493089218206235,11.525227780922632,0.4934736248032437,0.5024646150099783,0.5334631012611012,0.800888202610793,0.4950829254756486,10.45912049851116,0.41712086029711365,1.6176849602343755,0.7907738727058131,22.226654312998335,0.8982660175460396,0.8068911941115223,0.7852961976157644
1.215,0.9698012104089172,1.5431970913506734,0.3163001193517612,0.32382183186795177,6.315306735738517,0.38754302896153403,0.9767720648333007,0.5493355644918084,11.527753842577244,0.4934705465381713,0.5023286110690101,0.533414610671484,0.7996837952021083,0.49420078344877255,10.462032978203316,0.4172659300977008,1.618135425892139,0.7893431809580721,22.212417230308695,0.89699827308294,0.8050345334582365,0.7832125750875062
1.2175,0.9696815351238256,1.5447862615319596,0.31642896332486603,0.3238747682000237,6.316846620475625,0.3875163022946331,0.9770102347998928,0.5493632910106598,11.530204274189217,0.4934739318314245,0.5021979648803977,0.5333702969980825,0.7984678422349785,0.493311765610286,10.46495041577657,0.4174116671950345,1.618586658372475,0.7878685508200977,22.19707729918887,0.895721988212358,0.8031691002827916,0.7811211105304912
1.22,0.9695613986239203,1.5463825234508828,0.31656341233605617,0.3239333347968193,6.318388055156669,0.3874891497042596,0.9772486444922818,0.5493919644985865,11.532577148755541,0.49348368422299005,0.5020725434138965,0.5333299887170039,0.7972405127661986,0.49241599342966574,10.467872597813008,0.41755798925494614,1.6190386246665898,0.7863507683540757,22.18064953477557,0.8944373049869954,0.8012952473562011,0.7790224244845921
1.2225,0.9694407974035362,1.5479860451677878,0.3167033831326895,0.3239974542104559,6.319930807952828,0.3874615667730523,0.9774872580541066,0.549421447388411,11.534870534999088,0.4934997069325675,0.501952213399156,0.5332935137071637,0.796001980453264,0.49151359039608833,10.470799324342433,0.41770480614890365,1.6194912938456134,0.7847906391385083,22.163149517689057,0.8931443703866854,0.7994133386013909,0.7769171519495875
1.225,0.9693197278626117,1.5495970005177786,0.31684879243170205,0.3240670489485799,6.321474648809879,0.38743354878242936,0.9777260399034794,0.5494516022666596,11.537082513968478,0.4935219030625065,0.5018368418392141,0.5332606999761094,0.794752423323772,0.49060468172251,10.473730412144528,0.4178520201183301,1.6199446375713358,0.7831889785789825,22.144593139233884,0.8918433357504559,0.7975237465124776,0.7748059356446584
1.2275,0.9691981863030703,1.5512155656596998,0.31699955710149524,0.32414204162154525,6.323019350246527,0.38740509068083356,0.9779649548564598,0.5494822928103693,11.539211197482446,0.49355017581824484,0.5017262965829521,0.5332313764706929,0.7934920233642415,0.48968939395817884,10.47666569767689,0.4179995260709489,1.6203986305490792,0.7815466016580674,22.124996330060668,0.8905343560401561,0.7956268492672114,0.7726894188031144
1.23,0.9690761689273509,1.5528419158257376,0.31715559435148544,0.32422235509690733,6.324564688155881,0.38737618707949156,0.9782039682510181,0.549513384793514,11.541254747923716,0.49358442874049546,0.5016204469413464,0.5332053739514853,0.7922209659326904,0.4887678545175305,10.479605039515652,0.41814721201135996,1.6208532509051818,0.7798643124713306,22.104374781520935,0.8892175889512578,0.7937230276120314,0.7705682377156314
1.2325,0.9689536718389706,1.5544762224746917,0.3173168219236459,0.32430791265658915,6.326110442587115,0.38734683227474387,0.9784430460679319,0.5495447471316549,11.543211398762645,0.4936245659420014,0.5015191643277985,0.5331825259039029,0.7909394390074402,0.4878401911375749,10.482548320211524,0.4182949596069224,1.6213084804740674,0.7781428939178712,22.082743669588385,0.8878931938936178,0.7918126616106552,0.7684430142537448
1.235,0.9688306910448704,1.5561186510193206,0.3174831582797875,0.3243986381514804,6.327656398484578,0.3873170202945658,0.9786821550451033,0.5495762529281787,11.54507947509123,0.49367049234056654,0.5014223228990767,0.5331626694542217,0.7896476322918088,0.4869065312792306,10.48549544748517,0.4184426448884723,1.6217643049831312,0.776383097913424,22.060117391282482,0.8865613308705244,0.7898961273531244,0.7663143486107896
1.2375,0.9687072224591629,1.5577693592450759,0.31765452277810124,0.32449445614794625,6.32920234636297,0.3872867449656939,0.9789212627819858,0.5496077804821206,11.546857413383913,0.4937221138794361,0.501329800170925,0.5331456462554789,0.7883457362000273,0.4859670014903056,10.488446354710888,0.4185901390832455,1.6222207141275493,0.7745856364708089,22.036509322975938,0.885222159287712,0.7879737937222896,0.7641828124889861
1.24,0.9685832619078241,1.5594284964674596,0.31783083583267746,0.32459529206079646,6.3307480828998965,0.38725599999688715,0.9791603378312337,0.5496392142164245,11.548543779680683,0.49377933772604754,0.5012414775814374,0.5331313033070785,0.7870339407535231,0.48502172674883354,10.491401000664377,0.4187373095745542,1.6226777015312661,0.7727511739473133,22.011931608817193,0.883875836725147,0.7860460193089384,0.7620489429394637
1.2425,0.9684588051338259,1.5610962033950477,0.3180120190503049,0.32470107226769657,6.3322934114307206,0.38722477907333414,0.979399349775239,0.5496704454868139,11.55013728541414,0.4938420724406802,0.5011572409760855,0.5331194936729224,0.7857124344184692,0.48407082980525323,10.49435936853732,0.41888402097933747,1.6231352645945833,0.7708803206947162,21.986394985831335,0.8825225177035946,0.784113149555901,0.7599132370284535
1.245,0.9683338478022223,1.562772612584398,0.31819799533979076,0.3248117242007558,6.333838142334857,0.387193075957088,0.9796382692858792,0.5497013732352363,11.551636800175736,0.4939102281076479,0.5010769809907779,0.5331100770660926,0.7843814029152891,0.4831144305405816,10.497321464246443,0.41903013633084524,1.623593404232625,0.7689736282703689,21.959908650214757,0.8811623524757579,0.7821755141967639,0.7577761474605734
1.2475,0.9682083855047772,1.5644578493025725,0.31838868899023937,0.32492717641202945,6.335382093307231,0.38716088458866516,0.9798770681665024,0.5497319044578856,11.553041360833939,0.493983716423295,0.5010005933134196,0.5331029202733282,0.7830410280288389,0.4821526453555423,10.500287314085549,0.4191755183496631,1.6240521245121855,0.767031586283727,21.932480167086066,0.8797954858686162,0.7802334250378876,0.7556380792427375
1.25,0.9680824137638372,1.5661520325631644,0.318584025716079,0.3250473586108356,6.3369250895129445,0.38712819918553465,0.98011571937585,0.5497619544657738,11.554350176571717,0.4940624507370544,0.5009279788098513,0.5330978973994879,0.7816914864447055,0.48118558660286004,10.503256961784667,0.4193200307823182,1.6245114321968748,0.7650546208694375,21.904115423698332,0.8784220561996797,0.7782871741149431,0.7534993874237662
1.2525,0.9679559280353182,1.5678552760805038,0.3187839326680074,0.32517220167201016,6.33846696362702,0.3870950143341085,0.9803541970342028,0.5498354905516019,11.556488342218069,0.49414634604403745,0.5008590435064413,0.5330948899204023,0.7803329486329458,0.4802133620719799,10.506230465050029,0.4194635397830639,1.6249713362119658,0.7630430947028337,21.874818624056275,0.8770421942857726,0.7763370322387869,0.7513603758991345
1.2550000000000001,0.9678289237108402,1.5695676888981562,0.31898833841034774,0.3253016376154139,6.340007555764191,0.3870613250729311,0.9805924764125226,0.5499309834513225,11.5590044404916,0.49423531892991535,0.5007936984285593,0.5330937865415465,0.7789655777962136,0.4792360745326366,10.509207891662182,0.41960591531134966,1.625431847040899,0.7609973084127754,21.84459232119044,0.875656022558111,0.7743832479315088,0.74922129723083
1.2575,0.9677013961192267,1.571289375491233,0.31919717286647514,0.3254355995580901,6.341546713305781,0.3870271269659788,0.9808305339056755,0.5500248672735346,11.561404136324999,0.494329287471028,0.5007318593012603,0.5330944828692347,0.7775895288951377,0.4782538213412867,10.512189315208206,0.41974703251507517,1.6258929760651968,0.7589175032046884,21.81343748215008,0.8742636542903655,0.77242604674283,0.7470823534014599
1.26,0.9675733405277108,1.5730204352120676,0.31941036723493654,0.3255740216413891,6.343084290631955,0.3869924161662116,0.981068346991021,0.5501170840911583,11.563687161666836,0.4944281710943982,0.5006734461252873,0.5330968809100173,0.7762049477605126,0.4772666941126542,10.515174810519136,0.4198867730681268,1.6263547348587808,0.7568038644856614,21.781353580153898,0.8728651929478497,0.7704656309301461,0.7449436974009221
1.2625,0.9674447521433073,1.5747609610365045,0.31962785387960774,0.3257168389360918,6.344620148767897,0.3869571894706723,0.9813058941736851,0.5502075821941351,11.56585338001977,0.49453189040396023,0.5006183826475475,0.5331008884220699,0.7748119702997798,0.47627477845767213,10.518164448877725,0.4200250264299869,1.6268171344467688,0.7546565262832023,21.748338708285075,0.8714607316649206,0.7685021794823366,0.7428054355333225
1.2650000000000001,0.9673156261148378,1.5765110376620917,0.3198495661977079,0.32586398732905636,6.346154154952159,0.38692144436937925,0.9815431549198005,0.550296315247937,11.567902769823702,0.4946403669807536,0.5005665957501015,0.5331064181490905,0.7734107218046439,0.47527815378899263,10.521158293056505,0.4201616909954898,1.6272801845380251,0.752475576267095,21.71438970956564,0.870050352854673,0.7665358484675372,0.7406676303305055
1.2675,0.9671859575360797,1.5782707390981998,0.32007543846972203,0.32601540339517965,6.347686182134775,0.3868851790909403,0.9817801095788793,0.5503832413597441,11.56983540601775,0.49475352316531834,0.500518014785082,0.5331133869720304,0.7720013163676254,0.4742768931959458,10.524156392244388,0.42029667510420343,1.627743892740471,0.7502610612151174,21.679502319076715,0.8686341279568477,0.7645667716875524,0.7385303039647861
1.27,0.9670557414504318,1.5800401259607673,0.3203054056952905,0.32617102425850814,6.349216108411759,0.386848392648116,0.9820167392963489,0.550468322093285,11.571651440588447,0.49487128183062845,0.5004725708845517,0.5331217150165389,0.770583856417732,0.47327106339220465,10.527158776922752,0.42042989788159496,1.6282082637685817,0.7480129928023912,21.643671314847936,0.8672121173309062,0.7625950616254403,0.7363934420648914
1.2725,0.9669249728573447,1.5818192427326916,0.3205394034189337,0.3263307874461685,6.350743816401982,0.38681108488645505,0.9822530259171758,0.5505515214735948,11.573351082918965,0.49499356615351037,0.5004301962739367,0.5331313247539764,0.7691584323889403,0.47226072474122527,10.530165453760576,0.420561289888255,1.628673298653831,0.7457313536346319,21.606890675353558,0.8657843703000644,0.7606208106768503,0.7342569978531065
1.2750000000000001,0.9667936467206104,1.5836081152696404,0.32077736754913083,0.32649463073844415,6.352269192571999,0.3867732565385911,0.982488951881437,0.5506328050203758,11.57493458070571,0.495120299391611,0.500390823615339,0.533142140131246,0.7677251225391848,0.4712459313664201,10.533176400611717,0.4206907935591122,1.6291389939709324,0.7434161034818513,21.56915374246568,0.8643509253545245,0.7586440926588109,0.7321208965356732
1.2775,0.966661757978403,1.5854067488186356,0.32101923417380474,0.32666249201783343,6.35379212651457,0.38673490928587173,0.9827245001127323,0.5507121388434091,11.576402202107564,0.4952514046716695,0.5003543854028787,0.5331540857596494,0.7662839929412759,0.47022673135459336,10.53619156171466,0.42081836342178053,1.6296053410953975,0.7410671856964998,21.53045338949794,0.8629118105292451,0.7566649645907962,0.7299850398904015
1.28,0.9665293015547913,1.5872151267752317,0.3212649393747418,0.3268343091193417,6.355312510187481,0.38669604582775385,0.9829596539004531,0.5507894888260045,11.577754219647826,0.4953868047931892,0.5003208134266047,0.5331670861859251,0.7648350976696723,0.46920316706192544,10.539210843213741,0.42094396609175816,1.630072325510815,0.7386845338155971,21.490782194440136,0.8614670439733187,0.7546834687411899,0.7278493110035601
1.2825,0.9663962723722732,1.5890332103399638,0.32151441904295447,0.3270100196836503,6.356830237120735,0.3866566699579934,0.9831943967771622,0.5508648199135059,11.578990896213712,0.4955264220497299,0.5002900383149678,0.5331810652602524,0.7633784792072821,0.4681752755313118,10.542234109136906,0.4210675800517479,1.6305399261867408,0.7362680783488009,21.45013261859624,0.8600166347249557,0.7526996349271956,0.7257135791114323
1.285,0.9662626653647707,1.5908609391543638,0.3217676086965551,0.3271895610142349,6.35834520160246,0.3866167866452029,0.9834287123926793,0.5509380955142645,11.580112473310042,0.49567017806838853,0.5002619891589838,0.533195945607123,0.7619141690936225,0.4671430890277448,10.545261177975288,0.4211891952322353,1.6310081150496705,0.7338177537440232,21.40849719060489,0.8585605836999248,0.7507134830476039,0.7235777045001096
1.2875,0.9661284754904519,1.5926982329114203,0.32202444330241753,0.32737286993906556,6.359857297856617,0.38657640211403954,0.9836625843868995,0.5510092770112788,11.58111916154268,0.4958179936665715,0.5002365932147814,0.5332116481965279,0.7604421888290626,0.4661066356944504,10.548291820010794,0.4213088124198006,1.6314768565697046,0.731333505500935,21.365868695287514,0.857098884892477,0.748725025815847,0.7214415434104662
1.29,0.965993697743737,1.5945449938555134,0.3222848571028082,0.3275598826772586,6.361366419228654,0.38653552392225515,0.9838959962638408,0.5510783233747979,11.582011133150942,0.49596978872397657,0.5002137756758536,0.5332280920057638,0.7589625510393468,0.4650659403266619,10.551325755526209,0.42142644252745304,1.631946107483709,0.7288152973734388,21.322240366011346,0.8556315267771315,0.7467342716462531,0.7193049528848177
1.2925,0.965858327165889,1.5964011100219007,0.322548783448318,0.3277505347110424,6.362872457398405,0.38649416102821643,0.9841289312699047,0.5511451908604167,11.58278851629252,0.49612548206710083,0.5001934595025883,0.5332451937570585,0.75747526089052,0.46402102525251565,10.554362654007289,0.42154210576660334,1.6324158166719052,0.7262631185685104,21.27760607836534,0.8541584938876431,0.744741227630513,0.7171677954789392
1.295,0.9657223588536792,1.5982664590222164,0.3228161546388107,0.327944760663639,6.3643753016421405,0.3864523238433732,0.9843613722797404,0.55120983277406,11.583451390719159,0.4962849913636049,0.5001755652948947,0.5332628677136368,0.7559803177277337,0.4629719113021516,10.557402134408271,0.42165583076231594,1.6328859251989363,0.723676990814617,21.23196054202675,0.8526797685363852,0.7427459025258013,0.7150299437498667
1.2975,0.9655857879657426,1.6001409121625945,0.32308690177468646,0.32814249418415736,6.365874838167628,0.38641002426452514,0.9845933016933989,0.5512721992849553,11.583999784469583,0.4964482330244648,0.5001600111940626,0.5332810255169428,0.7544777168937824,0.46191861883756213,10.560443766503171,0.4217676536517293,1.6333563665228685,0.7210569751421251,21.185299486844812,0.8511953326238526,0.7407483096626919,0.7128912844184659
1.3,0.9654486097263751,1.6020243386831001,0.32336095462147263,0.3283436678412741,6.3673709495466095,0.38636727568158785,0.9848247013485572,0.551332237270051,11.584433671245044,0.4966151221129646,0.500146712802251,0.5332995760503312,0.7529674516665702,0.4608611688080387,10.563487073290199,0.4218776171999888,1.6338270668670758,0.7191759026084499,21.160355755303474,0.849705169474845,0.7387484696720245,0.7107517220983839
