iteration,restart,loss,parent_norm,leakage_norm,total_norm,leakage_ratio,parent_fraction,parent_strength,order2_scaled_ratio,child_l4,child_linf,parent_linf,parent_mean_wavenumber,wall_seconds
0,0,2.825829267501831,0.33921876549720764,0.7775872349739075,0.8483579754829407,2.292288303375244,0.15988269448280334,0.006068130023777485,36.676612854003906,1.7505292892456055,5.189449310302734,4.405324459075928,2.96170711517334,0.571894645690918
1,0,2.1467459201812744,0.36886757612228394,0.7919127941131592,0.8736069202423096,2.1468756198883057,0.17828254401683807,0.006598503794521093,34.35000991821289,1.755940318107605,5.238171100616455,4.9185075759887695,3.0560901165008545,0.6087443828582764
2,0,1.449167251586914,0.4092947244644165,0.8012130260467529,0.8997024297714233,1.9575453996658325,0.20695433020591736,0.007321686949580908,31.32072639465332,1.7603055238723755,5.271948337554932,5.710939407348633,3.6765594482421875,0.6157863140106201
3,0,0.7660146355628967,0.47540831565856934,0.8290011882781982,0.9556443095207214,1.7437666654586792,0.24748049676418304,0.008504362776875496,27.900266647338867,1.7635868787765503,5.308071613311768,7.965258598327637,4.903672695159912,0.6227974891662598
4,0,0.4217078685760498,0.5722000002861023,0.8723549842834473,1.043271780014038,1.5245630741119385,0.3008159101009369,0.01023582462221384,24.393009185791016,1.7660763263702393,5.337459564208984,9.588478088378906,6.075714588165283,0.63004469871521
5,0,0.31088051199913025,0.6764966249465942,0.923164963722229,1.1445003747940063,1.364626169204712,0.34938108921051025,0.01210153941065073,21.83401870727539,1.7678959369659424,5.36825704574585,10.426772117614746,6.788856506347656,0.6371240615844727
6,0,0.22397014498710632,0.7820401787757874,0.9783586263656616,1.2525064945220947,1.2510336637496948,0.38985055685043335,0.013989560306072235,20.016538619995117,1.7692207098007202,5.40044641494751,10.880391120910645,7.235204696655273,0.6441519260406494
7,0,0.15400585532188416,0.8856198787689209,1.0330735445022583,1.3607217073440552,1.1664977073669434,0.42360013723373413,0.01584245078265667,18.663963317871094,1.7701687812805176,5.429389953613281,11.133397102355957,7.527470588684082,0.6512398719787598
8,0,0.09704124927520752,0.9855141043663025,1.0859436988830566,1.466462254524231,1.1019058227539062,0.45163118839263916,0.017629412934184074,17.6304931640625,1.770822286605835,5.455179214477539,11.275189399719238,7.726826190948486,0.6582567691802979
9,0,0.050479985773563385,1.0808230638504028,1.1367835998535156,1.5685838460922241,1.0517758131027222,0.47478142380714417,0.019334351643919945,16.828413009643555,1.7712409496307373,5.4779558181762695,11.3518648147583,7.867457866668701,0.6652677059173584
10,0,0.01176973432302475,1.1711410284042358,1.1850064992904663,1.66607666015625,1.0118392705917358,0.4941154420375824,0.020950008183717728,16.189428329467773,1.7714684009552002,5.498685359954834,11.388567924499512,7.969406604766846,0.6722743511199951
11,0,-0.021135084331035614,1.2563809156417847,1.2301058769226074,1.7583098411560059,0.979086697101593,0.5105659365653992,0.022474825382232666,15.665387153625488,1.7715380191802979,5.518887996673584,11.399751663208008,8.044994354248047,1.7460572719573975
12,0,-0.049522172659635544,1.3366520404815674,1.2720704078674316,1.8452105522155762,0.9516840577125549,0.5247408747673035,0.023910759016871452,15.226944923400879,1.7714742422103882,5.536257266998291,11.394046783447266,8.102100372314453,1.7530720233917236
13,0,-0.0741996020078659,1.4121702909469604,1.311180830001831,1.9270236492156982,0.9284863471984863,0.5370318293571472,0.025261670351028442,14.855781555175781,1.7712972164154053,5.55100154876709,11.386284828186035,8.145922660827637,1.7600533962249756
14,0,-0.09579938650131226,1.4831953048706055,1.3476998805999756,2.0040366649627686,0.908646285533905,0.5477537512779236,0.026532204821705818,14.53834056854248,1.771021842956543,5.563573837280273,11.485934257507324,8.179986000061035,1.7670574188232422
15,0,-0.11487745493650436,1.549997329711914,1.381784439086914,2.0764920711517334,0.8914753794670105,0.5571874380111694,0.027727195993065834,14.263606071472168,1.77066171169281,5.5745391845703125,11.568511009216309,8.206740379333496,1.7740628719329834
16,0,-0.13189296424388885,1.6128379106521606,1.4135472774505615,2.1446120738983154,0.8764348030090332,0.5655668377876282,0.028851322829723358,14.022956848144531,1.7702277898788452,5.584415435791016,11.637173652648926,8.227924346923828,1.7810628414154053
17,0,-0.1471889615058899,1.6719639301300049,1.443123698234558,2.2086353302001953,0.8631308674812317,0.5730674862861633,0.029908999800682068,13.810093879699707,1.7697298526763916,5.593735218048096,11.694302558898926,8.244796752929688,1.7880475521087646
18,0,-0.1610134392976761,1.72760808467865,1.4706792831420898,2.2688164710998535,0.8512806296348572,0.5798180103302002,0.030904393643140793,13.620490074157715,1.7691768407821655,5.603384494781494,11.741735458374023,8.258286476135254,1.7950313091278076
19,0,-0.17355886101722717,1.779991626739502,1.496381402015686,2.325409173965454,0.8406676650047302,0.5859184265136719,0.0318414606153965,13.450682640075684,1.7685763835906982,5.612366676330566,11.78093433380127,8.269098281860352,1.8020219802856445
20,0,-0.18499018251895905,1.82932710647583,1.5203765630722046,2.3786513805389404,0.8311124444007874,0.591454267501831,0.03272400051355362,13.297799110412598,1.767935037612915,5.620718955993652,11.813080787658691,8.277770042419434,1.8090064525604248
21,0,-0.19545398652553558,1.875820279121399,1.542789340019226,2.428765296936035,0.8224611878395081,0.5965012311935425,0.03355569392442703,13.159379005432129,1.7672585248947144,5.628381252288818,11.839159965515137,8.284727096557617,2.8827953338623047
22,0,-0.2050771266222,1.9196723699569702,1.5637353658676147,2.475966453552246,0.814584493637085,0.6011249423027039,0.03434014320373535,13.03335189819336,1.7665525674819946,5.6352691650390625,11.859996795654297,8.290307998657227,2.8897957801818848
23,0,-0.2139635533094406,1.9610759019851685,1.583329200744629,2.5204660892486572,0.807377815246582,0.6053786277770996,0.035080794245004654,12.918045043945312,1.7658214569091797,5.641315937042236,11.87629508972168,8.294783592224121,2.896784782409668
24,0,-0.22219760715961456,2.0002143383026123,1.601685881614685,2.5624706745147705,0.800757110118866,0.609305739402771,0.03578092157840729,12.812113761901855,1.7650691270828247,5.64652156829834,11.888664245605469,8.29837703704834,2.903806209564209
25,0,-0.229850634932518,2.037260055541992,1.6189134120941162,2.6021738052368164,0.7946522831916809,0.6129434108734131,0.036443617194890976,12.714436531066895,1.764298915863037,5.65095329284668,11.897629737854004,8.301264762878418,2.9108071327209473
26,0,-0.23698559403419495,2.072373867034912,1.635108470916748,2.639756202697754,0.7890026569366455,0.6163232922554016,0.037071749567985535,12.624042510986328,1.763514757156372,5.659772872924805,11.903640747070312,8.303592681884766,2.9178192615509033
27,0,-0.2436610907316208,2.1057016849517822,1.6503504514694214,2.6753759384155273,0.7837532162666321,0.6194753646850586,0.03766793757677078,12.540051460266113,1.7627191543579102,5.668488502502441,11.907087326049805,8.305477142333984,2.924832344055176
28,0,-0.2499295175075531,2.1373794078826904,1.6647100448608398,2.709178924560547,0.7788556814193726,0.6224262118339539,0.03823460638523102,12.461690902709961,1.7619153261184692,5.677031993865967,11.908302307128906,8.307011604309082,2.9318387508392334
29,0,-0.25583615899086,2.1675283908843994,1.6782495975494385,2.741295576095581,0.7742688059806824,0.6251984238624573,0.038773927837610245,12.388300895690918,1.7611057758331299,5.685369968414307,11.907567024230957,8.308272361755371,2.9388482570648193
30,0,-0.2614194452762604,2.196261167526245,1.6910285949707031,2.77184796333313,0.7699579000473022,0.6278113126754761,0.03928791359066963,12.319326400756836,1.7602930068969727,5.693447589874268,11.905126571655273,8.309316635131836,2.9458608627319336
31,0,-0.2667122185230255,2.2236804962158203,1.7031023502349854,2.80094838142395,0.7658934593200684,0.6302815079689026,0.03977840766310692,12.254295349121094,1.7594788074493408,5.701213359832764,11.901185035705566,8.31019401550293,4.006631135940552
32,0,-0.27174386382102966,2.2498810291290283,1.7145205736160278,2.828700542449951,0.7620494365692139,0.6326232552528381,0.04024709761142731,12.192790985107422,1.7586653232574463,5.708639144897461,11.895919799804688,8.310943603515625,4.013650417327881
33,0,-0.27654194831848145,2.2749533653259277,1.725328803062439,2.85520076751709,0.7584018111228943,0.6348508596420288,0.04069560393691063,12.134428977966309,1.7578545808792114,5.716930866241455,11.889690399169922,8.31159782409668,4.020637273788452
34,0,-0.28113099932670593,2.298978567123413,1.7355666160583496,2.8805370330810547,0.7549294233322144,0.6369757652282715,0.041125379502773285,12.07887077331543,1.7570475339889526,5.725443363189697,11.889325141906738,8.312182426452637,4.027651309967041
35,0,-0.28553250432014465,2.322035789489746,1.7452744245529175,2.904794931411743,0.7516139149665833,0.6390088200569153,0.04153783991932869,12.025822639465332,1.756245732307434,5.733895301818848,11.887755393981934,8.31271743774414,4.034652233123779
36,0,-0.28976404666900635,2.3441965579986572,1.754490852355957,2.928053140640259,0.748440146446228,0.640958845615387,0.041934262961149216,11.975042343139648,1.7554501295089722,5.742266654968262,11.885082244873047,8.313222885131836,4.041652202606201
37,0,-0.29384011030197144,2.365527868270874,1.763254165649414,2.950387477874756,0.7453956604003906,0.6428328156471252,0.04231584817171097,11.92633056640625,1.7546614408493042,5.750518798828125,11.881394386291504,8.313712120056152,4.04865837097168
38,0,-0.2977738380432129,2.386091709136963,1.7715997695922852,2.9718682765960693,0.7424692511558533,0.6446369290351868,0.04268370568752289,11.879508018493652,1.7538803815841675,5.758604526519775,11.87677001953125,8.31419563293457,4.055634498596191
39,0,-0.30157744884490967,2.40594482421875,1.7795584201812744,2.9925570487976074,0.739650547504425,0.6463778018951416,0.04303884878754616,11.8344087600708,1.7531073093414307,5.7664875984191895,11.871267318725586,8.314682960510254,4.062635183334351
40,0,-0.30526211857795715,2.4251387119293213,1.7871578931808472,3.012512445449829,0.7369301915168762,0.6480603218078613,0.043382201343774796,11.79088306427002,1.7523425817489624,5.774158477783203,11.864948272705078,8.315180778503418,4.06964111328125
41,0,-0.30883800983428955,2.443720579147339,1.7944233417510986,3.0317859649658203,0.7342997193336487,0.649689793586731,0.043714605271816254,11.748795509338379,1.7515864372253418,5.781632423400879,11.857853889465332,8.315691947937012,5.149560213088989
42,0,-0.3123133182525635,2.461733341217041,1.801378846168518,3.0504255294799805,0.7317522168159485,0.6512701511383057,0.04403682425618172,11.708035469055176,1.7508392333984375,5.788958549499512,11.850029945373535,8.316219329833984,5.156566143035889
43,0,-0.3156949281692505,2.4792163372039795,1.8080475330352783,3.068476915359497,0.7292819023132324,0.6528044939041138,0.04434956982731819,11.668510437011719,1.75010085105896,5.796197891235352,11.841510772705078,8.316762924194336,5.163535833358765
44,0,-0.3189888596534729,2.496204376220703,1.8144501447677612,3.0859789848327637,0.7268836498260498,0.6542961597442627,0.04465346038341522,11.630138397216797,1.7493712902069092,5.803412914276123,11.832326889038086,8.317323684692383,5.170548915863037
45,0,-0.3222011923789978,2.5127294063568115,1.8206040859222412,3.1029677391052246,0.7245523929595947,0.6557479500770569,0.04494906961917877,11.592838287353516,1.7486499547958374,5.810657024383545,11.822509765625,8.317899703979492,5.177534103393555
46,0,-0.3253381550312042,2.528822422027588,1.8265255689620972,3.1194772720336914,0.7222830653190613,0.6571628451347351,0.04523695260286331,11.55652904510498,1.7479373216629028,5.817957878112793,11.812085151672363,8.318490028381348,5.184522390365601
47,0,-0.3284054398536682,2.5445096492767334,1.8322275876998901,3.1355361938476562,0.720071017742157,0.6585436463356018,0.04551757499575615,11.521136283874512,1.7472329139709473,5.825318813323975,11.801081657409668,8.319090843200684,5.191509485244751
48,0,-0.3314082622528076,2.5598158836364746,1.837722659111023,3.1511714458465576,0.7179120182991028,0.6598927974700928,0.0457913801074028,11.486592292785645,1.7465362548828125,5.8327178955078125,11.789522171020508,8.319700241088867,5.198484420776367
49,0,-0.33435091376304626,2.5747640132904053,1.8430227041244507,3.1664085388183594,0.7158025503158569,0.6612123847007751,0.0460587814450264,11.452840805053711,1.7458471059799194,5.840116500854492,11.77743148803711,8.320317268371582,5.205496549606323
50,0,-0.3372369706630707,2.5893757343292236,1.8481402397155762,3.18127179145813,0.7137396931648254,0.6625041961669922,0.04632016271352768,11.419835090637207,1.745165467262268,5.847479820251465,11.7648344039917,8.320935249328613,5.212472677230835
51,0,-0.3400703966617584,2.6036689281463623,1.853083848953247,3.1957805156707764,0.7117202281951904,0.6637700200080872,0.04657584801316261,11.387523651123047,1.744490385055542,5.854776382446289,11.751748085021973,8.321553230285645,6.3177056312561035
52,0,-0.3428548276424408,2.6176624298095703,1.857862949371338,3.2099552154541016,0.7097412347793579,0.6650118231773376,0.04682616889476776,11.355859756469727,1.7438219785690308,5.861994743347168,11.742176055908203,8.32216739654541,6.324752330780029
53,0,-0.34559425711631775,2.631370782852173,1.862483263015747,3.2238106727600098,0.7077996134757996,0.6662313342094421,0.047071393579244614,11.324793815612793,1.743159532546997,5.869138240814209,11.732049942016602,8.322773933410645,6.3317344188690186
54,0,-0.3482919931411743,2.6448090076446533,1.8669514656066895,3.237363815307617,0.7058927416801453,0.6674298644065857,0.04731178283691406,11.294283866882324,1.7425028085708618,5.876227378845215,11.721341133117676,8.323370933532715,6.338753700256348
55,0,-0.35095086693763733,2.6579911708831787,1.8712745904922485,3.2506284713745117,0.7040183544158936,0.6686092615127563,0.0475475937128067,11.264293670654297,1.7418514490127563,5.883286952972412,11.710062980651855,8.323952674865723,6.345773696899414
56,0,-0.35357317328453064,2.6709280014038086,1.8754578828811646,3.263617515563965,0.7021746039390564,0.6697702407836914,0.047779012471437454,11.234793663024902,1.7412049770355225,5.890341281890869,11.698241233825684,8.324518203735352,6.352749347686768
57,0,-0.3561613857746124,2.683631658554077,1.8795071840286255,3.27634334564209,0.700359582901001,0.6709142327308655,0.04800626263022423,11.205753326416016,1.7405630350112915,5.897407531738281,11.685893058776855,8.32506275177002,6.359787940979004
58,0,-0.3587176501750946,2.6961119174957275,1.8834271430969238,3.2888171672821045,0.6985715627670288,0.6720419526100159,0.04822951555252075,11.177145004272461,1.739925503730774,5.9106059074401855,11.67304515838623,8.32558536529541,6.366807222366333
59,0,-0.3612445592880249,2.708378553390503,1.887221336364746,3.3010480403900146,0.6968085765838623,0.6731549501419067,0.04844895005226135,11.148937225341797,1.7392919063568115,5.925057888031006,11.659714698791504,8.326080322265625,6.373857021331787
60,0,-0.3637438118457794,2.7204396724700928,1.8908939361572266,3.3130457401275635,0.6950692534446716,0.6742537617683411,0.04866470396518707,11.121108055114746,1.7386618852615356,5.939454555511475,11.645929336547852,8.326547622680664,6.380906343460083
61,0,-0.36621758341789246,2.732304573059082,1.8944486379623413,3.324819326400757,0.6933519244194031,0.6753394603729248,0.04887695237994194,11.09363079071045,1.7380353212356567,5.95379114151001,11.631709098815918,8.326984405517578,7.454376220703125
62,0,-0.3686671853065491,2.7439799308776855,1.8978890180587769,3.336376428604126,0.6916555762290955,0.6764127612113953,0.04908580705523491,11.066489219665527,1.737411618232727,5.968055248260498,11.617074012756348,8.327387809753418,7.461463928222656
63,0,-0.37109434604644775,2.7554736137390137,1.9012185335159302,3.3477256298065186,0.689978837966919,0.6774742603302002,0.04929140955209732,11.039661407470703,1.7367908954620361,5.982244491577148,11.60204792022705,8.327756881713867,7.468465805053711
64,0,-0.3735007643699646,2.7667922973632812,1.9044396877288818,3.358873128890991,0.6883204579353333,0.6785250306129456,0.04949388653039932,11.013127326965332,1.7361727952957153,5.996356010437012,11.586642265319824,8.328089714050293,7.475499153137207
65,0,-0.37588757276535034,2.7779412269592285,1.907555341720581,3.369825601577759,0.6866795420646667,0.6795654296875,0.04969332367181778,10.986872673034668,1.735556721687317,6.010395050048828,11.570881843566895,8.328388214111328,7.482496023178101
66,0,-0.37825673818588257,2.788928508758545,1.910568356513977,3.3805909156799316,0.6850546002388,0.6805962324142456,0.04988986998796463,10.9608736038208,1.734943151473999,6.02436637878418,11.554778099060059,8.328646659851074,7.489448547363281
67,0,-0.3806091248989105,2.7997584342956543,1.9134808778762817,3.3911733627319336,0.6834449768066406,0.6816180944442749,0.05008360370993614,10.93511962890625,1.7343313694000244,6.038278579711914,11.538342475891113,8.328866004943848,7.496402263641357
68,0,-0.3829461932182312,2.810436487197876,1.9162949323654175,3.401578903198242,0.6818495988845825,0.6826317310333252,0.05027461796998978,10.90959358215332,1.7337214946746826,6.05213737487793,11.521591186523438,8.329046249389648,7.503379583358765
69,0,-0.3852691650390625,2.820967435836792,1.919012427330017,3.4118125438690186,0.6802675127983093,0.6836373805999756,0.0504630021750927,10.88428020477295,1.733113169670105,6.065945625305176,11.504534721374512,8.32918643951416,7.510338068008423
70,0,-0.38757920265197754,2.8313565254211426,1.9216357469558716,3.4218802452087402,0.6786978840827942,0.6846356391906738,0.05064884573221207,10.859166145324707,1.732506513595581,6.079704761505127,11.487189292907715,8.329285621643066,7.51734733581543
71,0,-0.3898774981498718,2.8416082859039307,1.924166202545166,3.4317855834960938,0.6771398186683655,0.6856273412704468,0.05083223432302475,10.834237098693848,1.7319012880325317,6.093415260314941,11.469560623168945,8.329345703125,8.595845222473145
72,0,-0.392164945602417,2.8517258167266846,1.926604986190796,3.441532611846924,0.6755926609039307,0.686612606048584,0.05101322382688522,10.80948257446289,1.7312971353530884,6.107072830200195,11.45166015625,8.329364776611328,8.60286259651184
73,0,-0.39444297552108765,2.8617148399353027,1.9289543628692627,3.45112681388855,0.6740553975105286,0.687592089176178,0.05119191110134125,10.784886360168457,1.7306944131851196,6.120678424835205,11.43349552154541,8.329341888427734,8.60984754562378
74,0,-0.3967123031616211,2.871577739715576,1.9312150478363037,3.460570812225342,0.6725274920463562,0.6885660886764526,0.0513683445751667,10.7604398727417,1.7300927639007568,6.134230136871338,11.415078163146973,8.329279899597168,8.616821527481079
75,0,-0.3989739716053009,2.881319046020508,1.933388590812683,3.4698691368103027,0.6710081696510315,0.6895353198051453,0.051542602479457855,10.736130714416504,1.7294920682907104,6.147729396820068,11.396410942077637,8.329177856445312,8.623791694641113
76,0,-0.4012288451194763,2.890942335128784,1.9354766607284546,3.479025363922119,0.6694968342781067,0.6904999613761902,0.05171474814414978,10.711949348449707,1.72889244556427,6.161179065704346,11.377498626708984,8.329033851623535,8.630746603012085
77,0,-0.4034779369831085,2.9004507064819336,1.937480092048645,3.4880430698394775,0.6679927706718445,0.6914603114128113,0.05188484117388725,10.687884330749512,1.7282936573028564,6.174582004547119,11.358344078063965,8.328849792480469,8.63774061203003
78,0,-0.40572208166122437,2.909846782684326,1.9393993616104126,3.4969241619110107,0.6664953827857971,0.6924171447753906,0.052052922546863556,10.663926124572754,1.7276955842971802,6.187939643859863,11.338949203491211,8.32862663269043,8.644734859466553
79,0,-0.4079621136188507,2.9191348552703857,1.9412364959716797,3.50567364692688,0.6650040745735168,0.6933704018592834,0.052219074219465256,10.64006519317627,1.7270984649658203,6.201253414154053,11.319316864013672,8.328363418579102,8.65173053741455
80,0,-0.410198837518692,2.9283151626586914,1.9429906606674194,3.5142910480499268,0.6635183095932007,0.694320797920227,0.05238329619169235,10.616292953491211,1.7265015840530396,6.214522838592529,11.29944896697998,8.328060150146484,8.658749341964722
81,0,-0.412432998418808,2.937391996383667,1.9446638822555542,3.5227813720703125,0.6620375514030457,0.6952683329582214,0.05254566669464111,10.59260082244873,1.7259055376052856,6.227747440338135,11.279343605041504,8.327715873718262,9.749114990234375
82,0,-0.4146651327610016,2.946367025375366,1.946256399154663,3.5311460494995117,0.6605614423751831,0.6962133646011353,0.052706215530633926,10.56898307800293,1.72530996799469,6.240922451019287,11.259003639221191,8.32733154296875,9.7561194896698
83,0,-0.41689619421958923,2.955242156982422,1.9477685689926147,3.539386749267578,0.6590893268585205,0.6971562504768372,0.052864979952573776,10.545429229736328,1.724714756011963,6.254049777984619,11.238424301147461,8.326908111572266,9.763101816177368
84,0,-0.4191269278526306,2.964020252227783,1.949201226234436,3.547506332397461,0.6576207280158997,0.6980973482131958,0.05302200838923454,10.521931648254395,1.7241201400756836,6.267126560211182,11.217604637145996,8.326444625854492,9.77006983757019
85,0,-0.4213577210903168,2.9727017879486084,1.9505542516708374,3.5555055141448975,0.6561553478240967,0.699036717414856,0.05317730829119682,10.498485565185547,1.7235257625579834,6.280151844024658,11.198307991027832,8.325939178466797,9.777018785476685
86,0,-0.4235894978046417,2.9812891483306885,1.9518280029296875,3.5633857250213623,0.6546925902366638,0.6999750137329102,0.0533309206366539,10.475081443786621,1.7229316234588623,6.293128490447998,11.179901123046875,8.325393676757812,9.78397512435913
87,0,-0.42582258582115173,2.98978328704834,1.953022837638855,3.571148633956909,0.653232216835022,0.7009121179580688,0.05348287150263786,10.451715469360352,1.7223374843597412,6.306056022644043,11.1613187789917,8.324806213378906,9.790935754776001
88,0,-0.4280579686164856,2.9981865882873535,1.954138994216919,3.578796148300171,0.6517736315727234,0.7018484473228455,0.0536331944167614,10.428378105163574,1.7217435836791992,6.318934917449951,11.142559051513672,8.324178695678711,9.797916889190674
89,0,-0.4302959740161896,3.0065009593963623,1.9551775455474854,3.5863306522369385,0.650316596031189,0.7027842998504639,0.05378192663192749,10.405065536499023,1.7211498022079468,6.331766128540039,11.123610496520996,8.323507308959961,9.80492115020752
90,0,-0.4325372278690338,3.014725685119629,1.9561370611190796,3.593750476837158,0.6488606929779053,0.7037197351455688,0.053929053246974945,10.381771087646484,1.7205557823181152,6.344546318054199,11.104467391967773,8.322795867919922,9.811902046203613
91,0,-0.4347824454307556,3.0228631496429443,1.957018256187439,3.6010582447052,0.6474055051803589,0.7046552300453186,0.05407462269067764,10.358488082885742,1.7199615240097046,6.35727071762085,11.085119247436523,8.322041511535645,10.904433727264404
92,0,-0.4370318651199341,3.030914783477783,1.9578219652175903,3.6082558631896973,0.6459508538246155,0.7055906057357788,0.054218653589487076,10.335213661193848,1.7193673849105835,6.369936466217041,11.06556224822998,8.321242332458496,10.91146469116211
93,0,-0.4392864406108856,3.0388808250427246,1.9585469961166382,3.615342617034912,0.6444961428642273,0.7065263986587524,0.05436115339398384,10.311938285827637,1.7187726497650146,6.382537364959717,11.045783996582031,8.320401191711426,10.91847848892212
94,0,-0.44154641032218933,3.046762704849243,1.9591940641403198,3.6223204135894775,0.6430412530899048,0.7074626088142395,0.05450214818120003,10.288660049438477,1.7181776762008667,6.395070552825928,11.025777816772461,8.319517135620117,10.925495386123657
95,0,-0.44381240010261536,3.0545601844787598,1.9597623348236084,3.629188060760498,0.6415857672691345,0.708399772644043,0.05464163422584534,10.265372276306152,1.717582106590271,6.407532691955566,11.005532264709473,8.318588256835938,10.932489156723022
96,0,-0.44608503580093384,3.0622758865356445,1.9602526426315308,3.635948896408081,0.6401293277740479,0.7093378305435181,0.05477965623140335,10.242069244384766,1.7169861793518066,6.419920444488525,10.985037803649902,8.31761360168457,10.939466953277588
97,0,-0.4483647346496582,3.06990909576416,1.9606640338897705,3.642601490020752,0.6386716961860657,0.7102769613265991,0.054916203022003174,10.21874713897705,1.716389536857605,6.432234287261963,10.964287757873535,8.316595077514648,10.946478605270386
98,0,-0.450652152299881,3.0774619579315186,1.9609971046447754,3.6491482257843018,0.6372124552726746,0.7112173438072205,0.05505131557583809,10.195399284362793,1.7157924175262451,6.444474220275879,10.943267822265625,8.315530776977539,10.95349383354187
99,0,-0.452947735786438,3.0849335193634033,1.96125066280365,3.6555871963500977,0.6357513666152954,0.7121596336364746,0.05518496781587601,10.172021865844727,1.7151941061019897,6.456635475158691,10.921969413757324,8.314419746398926,10.960488557815552
100,0,-0.45525217056274414,3.0923261642456055,1.9614254236221313,3.661921739578247,0.6342880129814148,0.7131033539772034,0.05531721189618111,10.148608207702637,1.7145951986312866,6.468717098236084,10.90038013458252,8.313262939453125,10.967490434646606
101,0,-0.4575657546520233,3.0996408462524414,1.9615215063095093,3.668152093887329,0.6328222155570984,0.7140491604804993,0.05544806271791458,10.125155448913574,1.7139954566955566,6.480715751647949,10.878490447998047,8.31205940246582,12.043889045715332
102,0,-0.4598892629146576,3.106876850128174,1.9615377187728882,3.6742770671844482,0.6313535571098328,0.7149971127510071,0.05557750537991524,10.101656913757324,1.7133946418762207,6.492624759674072,10.856287956237793,8.310809135437012,12.050901412963867
103,0,-0.4622231721878052,3.1140365600585938,1.9614747762680054,3.6802995204925537,0.629881739616394,0.7159473299980164,0.05570558086037636,10.078107833862305,1.7127928733825684,6.504438877105713,10.833761215209961,8.30950927734375,12.057881593704224
104,0,-0.4645678997039795,3.121119499206543,1.9613319635391235,3.686218738555908,0.6284065842628479,0.7169000506401062,0.055832285434007645,10.054505348205566,1.712189793586731,6.516153812408447,10.810898780822754,8.308162689208984,12.064871311187744
105,0,-0.4669243097305298,3.1281261444091797,1.9611084461212158,3.6920347213745117,0.6269275546073914,0.7178553938865662,0.055957622826099396,10.030840873718262,1.711585521697998,6.527764320373535,10.787691116333008,8.306767463684082,12.071868896484375
106,0,-0.4692928194999695,3.1350579261779785,1.9608044624328613,3.6977481842041016,0.6254444122314453,0.718813955783844,0.056081622838974,10.007110595703125,1.7109798192977905,6.5392680168151855,10.764120101928711,8.305323600769043,12.078858375549316
107,0,-0.4716740548610687,3.141916036605835,1.9604201316833496,3.7033610343933105,0.6239568591117859,0.7197754979133606,0.05620430409908295,9.983309745788574,1.7103729248046875,6.55066442489624,10.740179061889648,8.30383014678955,12.085871458053589
108,0,-0.47406843304634094,3.148700714111328,1.959954857826233,3.7088730335235596,0.622464656829834,0.7207403182983398,0.05632567033171654,9.959434509277344,1.7097644805908203,6.561951160430908,10.715853691101074,8.302285194396973,12.092879056930542
109,0,-0.476476788520813,3.155411958694458,1.9594076871871948,3.7142837047576904,0.6209673285484314,0.7217088341712952,0.05644572526216507,9.935477256774902,1.7091543674468994,6.573124408721924,10.691132545471191,8.300691604614258,12.099878311157227
110,0,-0.47889965772628784,3.162051200866699,1.958778977394104,3.7195944786071777,0.619464635848999,0.722680926322937,0.056564491242170334,9.911434173583984,1.7085427045822144,6.584183216094971,10.665997505187988,8.29904556274414,12.106898784637451
111,0,-0.48133784532546997,3.1686198711395264,1.9580680131912231,3.724806070327759,0.6179561018943787,0.7236573100090027,0.05668199807405472,9.887297630310059,1.7079291343688965,6.59512186050415,10.640439987182617,8.297348022460938,13.19687294960022
112,0,-0.4837917685508728,3.1751177310943604,1.9572744369506836,3.729918956756592,0.616441547870636,0.7246375679969788,0.05679823458194733,9.863064765930176,1.7073136568069458,6.605934143066406,10.614441871643066,8.295598030090332,13.203889608383179
113,0,-0.48626238107681274,3.181546688079834,1.9563981294631958,3.734934091567993,0.614920437335968,0.7256224155426025,0.056913238018751144,9.838726997375488,1.7066963911056519,6.61661434173584,10.587992668151855,8.293794631958008,13.210911750793457
114,0,-0.48875001072883606,3.187906265258789,1.955438256263733,3.7398507595062256,0.6133926510810852,0.7266119718551636,0.057027000933885574,9.814282417297363,1.706076979637146,6.627152919769287,10.56107234954834,8.291937828063965,13.217881679534912
115,0,-0.4912557005882263,3.1941988468170166,1.954394817352295,3.744671583175659,0.6118575930595398,0.7276062965393066,0.0571395680308342,9.789721488952637,1.7054555416107178,6.637546539306641,10.533669471740723,8.290026664733887,13.224884986877441
116,0,-0.4937800168991089,3.2004241943359375,1.953266978263855,3.7493956089019775,0.6103150248527527,0.7286056876182556,0.05725092813372612,9.765040397644043,1.7048317193984985,6.647788047790527,10.505764961242676,8.28805923461914,13.23184323310852
117,0,-0.49632394313812256,3.206583023071289,1.9520535469055176,3.7540228366851807,0.6087644100189209,0.7296106815338135,0.05736110359430313,9.740230560302734,1.7042053937911987,6.657871246337891,10.477344512939453,8.286035537719727,13.238842487335205
118,0,-0.49888819456100464,3.2126781940460205,1.9507555961608887,3.758556604385376,0.6072053909301758,0.7306211590766907,0.057470135390758514,9.715286254882812,1.7035768032073975,6.6677961349487305,10.448390007019043,8.283954620361328,13.245816707611084
119,0,-0.5014733076095581,3.2187087535858154,1.9493714570999146,3.762995481491089,0.6056377291679382,0.7316375374794006,0.057578012347221375,9.690203666687012,1.702945590019226,6.677557468414307,10.418885231018066,8.281815528869629,13.25278925895691
120,0,-0.5040804743766785,3.224677085876465,1.9479008913040161,3.767341136932373,0.6040607690811157,0.7326601147651672,0.05768477916717529,9.664972305297852,1.702311635017395,6.687150001525879,10.388811111450195,8.279617309570312,13.259773254394531
121,0,-0.5067105293273926,3.230584144592285,1.9463435411453247,3.771594762802124,0.6024741530418396,0.7336891293525696,0.057790447026491165,9.639586448669434,1.7016749382019043,6.69657039642334,10.358150482177734,8.277358055114746,14.348550081253052
122,0,-0.5093643665313721,3.23643159866333,1.944698691368103,3.775757074356079,0.6008774042129517,0.7347248792648315,0.05789504945278168,9.614038467407227,1.7010353803634644,6.705811023712158,10.326881408691406,8.275035858154297,14.355541944503784
123,0,-0.512042760848999,3.242220163345337,1.9429658651351929,3.7798290252685547,0.5992701649665833,0.735767662525177,0.057998597621917725,9.588322639465332,1.700392723083496,6.7148637771606445,10.294984817504883,8.272652626037598,14.36253571510315
124,0,-0.5147470235824585,3.2479517459869385,1.9411442279815674,3.7838118076324463,0.5976517796516418,0.7368177175521851,0.05810112878680229,9.56242847442627,1.69974684715271,6.723719596862793,10.262441635131836,8.270203590393066,14.36955451965332
125,0,-0.5174779891967773,3.2536284923553467,1.939233660697937,3.7877073287963867,0.596021831035614,0.7378755807876587,0.058202676475048065,9.536349296569824,1.699097752571106,6.732372760772705,10.229225158691406,8.267688751220703,14.376571893692017
126,0,-0.5202367305755615,3.2592520713806152,1.9372336864471436,3.7915165424346924,0.5943798422813416,0.7389414310455322,0.05830327421426773,9.510077476501465,1.698445439338684,6.7408127784729,10.195319175720215,8.265108108520508,14.383575916290283
127,0,-0.5230243802070618,3.2648236751556396,1.935143232345581,3.795240879058838,0.5927252173423767,0.74001544713974,0.05840294063091278,9.483603477478027,1.6977896690368652,6.749033451080322,10.16069507598877,8.262457847595215,14.390592575073242
128,0,-0.5258423089981079,3.270346164703369,1.9329619407653809,3.798882246017456,0.591057300567627,0.7410982251167297,0.05850173160433769,9.456916809082031,1.6971302032470703,6.7570271492004395,10.125332832336426,8.259737968444824,14.397582769393921
129,0,-0.5286914706230164,3.2758214473724365,1.9306895732879639,3.8024425506591797,0.5893756747245789,0.7421900629997253,0.05859967693686485,9.430010795593262,1.6964671611785889,6.764788627624512,10.089205741882324,8.256946563720703,14.404597520828247
130,0,-0.5315731167793274,3.281252861022949,1.928325891494751,3.8059241771698,0.5876797437667847,0.7432914972305298,0.05869683623313904,9.402875900268555,1.695800542831421,6.772311687469482,10.052288055419922,8.254081726074219,14.411606550216675
131,0,-0.5344887375831604,3.2866411209106445,1.9258692264556885,3.809328317642212,0.5859687924385071,0.7444023489952087,0.05879322439432144,9.375500679016113,1.6951298713684082,6.779588222503662,10.014554023742676,8.251140594482422,15.5074622631073
132,0,-0.5374395251274109,3.2919909954071045,1.9233204126358032,3.8126587867736816,0.5842422842979431,0.7455235719680786,0.05888892710208893,9.34787654876709,1.6944555044174194,6.786609649658203,9.975974082946777,8.248123168945312,15.514476776123047
133,0,-0.5404268503189087,3.29730486869812,1.9206786155700684,3.815917491912842,0.5824995636940002,0.7466554641723633,0.05898398533463478,9.319993019104004,1.6937772035598755,6.793370723724365,9.937064170837402,8.245026588439941,15.521471500396729
134,0,-0.5434525012969971,3.3025851249694824,1.9179426431655884,3.819106101989746,0.5807397961616516,0.747798502445221,0.05907844007015228,9.291836738586426,1.6930946111679077,6.799858570098877,9.897907257080078,8.241849899291992,15.52844786643982
135,0,-0.5465174913406372,3.307835578918457,1.9151129722595215,3.8222289085388184,0.5789625644683838,0.7489528059959412,0.059172362089157104,9.26340103149414,1.6924080848693848,6.806066036224365,9.857780456542969,8.238588333129883,15.535434007644653
136,0,-0.5496238470077515,3.3130600452423096,1.9121884107589722,3.8252885341644287,0.5771668553352356,0.7501190900802612,0.05926582217216492,9.23466968536377,1.691717267036438,6.81198263168335,9.816654205322266,8.23524284362793,15.542401313781738
137,0,-0.552773118019104,3.3182623386383057,1.9091691970825195,3.8282885551452637,0.5753520727157593,0.7512978315353394,0.059358883649110794,9.205633163452148,1.6910223960876465,6.817598819732666,9.776607513427734,8.23180866241455,15.549364566802979
138,0,-0.5559669137001038,3.3234469890594482,1.9060548543930054,3.831232786178589,0.5735174417495728,0.752489447593689,0.0594516284763813,9.176279067993164,1.6903233528137207,6.822908878326416,9.743061065673828,8.22828483581543,15.556365966796875
139,0,-0.5592069625854492,3.328617572784424,1.9028449058532715,3.834124803543091,0.5716622471809387,0.7536944150924683,0.05954412370920181,9.14659595489502,1.689620018005371,6.827901363372803,9.709423065185547,8.224668502807617,15.563379287719727
140,0,-0.5624951124191284,3.3337790966033936,1.8995392322540283,3.8369693756103516,0.5697855949401855,0.7549131512641907,0.05963645502924919,9.116569519042969,1.6889125108718872,6.832570552825928,9.67464828491211,8.220955848693848,15.570390701293945
141,0,-0.5658334493637085,3.3389360904693604,1.8961372375488281,3.8397698402404785,0.5678866505622864,0.756146252155304,0.059728704392910004,9.086186408996582,1.688200831413269,6.836903095245361,9.638693809509277,8.217145919799805,16.6862633228302
142,0,-0.5692238807678223,3.3440942764282227,1.8926388025283813,3.842531204223633,0.5659645199775696,0.7573946118354797,0.059820979833602905,9.055432319641113,1.6874849796295166,6.840892791748047,9.601517677307129,8.213234901428223,16.69328546524048
143,0,-0.5726679563522339,3.3492579460144043,1.889043927192688,3.845258951187134,0.5640186667442322,0.7586579322814941,0.05991334840655327,9.024298667907715,1.6867650747299194,6.844527721405029,9.563076972961426,8.209218978881836,16.70026993751526
144,0,-0.576168417930603,3.3544347286224365,1.8853524923324585,3.847958564758301,0.5620477795600891,0.759937584400177,0.06000595539808273,8.992764472961426,1.6860411167144775,6.847799777984619,9.523324012756348,8.205097198486328,16.707257986068726
145,0,-0.579727053642273,3.359628438949585,1.8815640211105347,3.8506345748901367,0.5600512027740479,0.7612335085868835,0.060098860412836075,8.960819244384766,1.685313105583191,6.850695610046387,9.482216835021973,8.2008638381958,16.714239597320557
146,0,-0.5833460688591003,3.36484694480896,1.8776789903640747,3.8532938957214355,0.5580280423164368,0.7625465393066406,0.06019221246242523,8.928448677062988,1.6845813989639282,6.853209018707275,9.439708709716797,8.196516036987305,16.721205234527588
147,0,-0.5870277285575867,3.3700954914093018,1.8736968040466309,3.8559415340423584,0.5559773445129395,0.7638772130012512,0.06028610095381737,8.895637512207031,1.6838459968566895,6.855325698852539,9.395750999450684,8.192051887512207,16.72818875312805
148,0,-0.5907742381095886,3.375382661819458,1.869618535041809,3.8585853576660156,0.553898274898529,0.7652261853218079,0.06038068234920502,8.862372398376465,1.6831073760986328,6.857038497924805,9.350297927856445,8.18746566772461,16.735165119171143
149,0,-0.5945882797241211,3.380713701248169,1.8654429912567139,3.8612308502197266,0.5517897009849548,0.7665936946868896,0.060476046055555344,8.828635215759277,1.6823650598526,6.858335494995117,9.303302764892578,8.182753562927246,16.742185592651367
150,0,-0.598471999168396,3.3860976696014404,1.8611714839935303,3.8638863563537598,0.5496508479118347,0.7679806351661682,0.06057235598564148,8.794413566589355,1.6816200017929077,6.859206676483154,9.254714012145996,8.177913665771484,16.74919056892395
151,0,-0.6024277210235596,3.3915412425994873,1.8568038940429688,3.866558313369751,0.5474808812141418,0.769387423992157,0.060669735074043274,8.75969409942627,1.6808719635009766,6.859641075134277,9.204486846923828,8.172938346862793,17.8648042678833
152,0,-0.6064584255218506,3.3970541954040527,1.8523409366607666,3.869256019592285,0.5452786087989807,0.7708147764205933,0.060768354684114456,8.724457740783691,1.680121660232544,6.859631538391113,9.15257453918457,8.167826652526855,17.871803283691406
153,0,-0.6105660796165466,3.4026432037353516,1.847782850265503,3.8719868659973145,0.5430433750152588,0.7722627520561218,0.06086833402514458,8.68869400024414,1.6793690919876099,6.859163284301758,9.098923683166504,8.162572860717773,17.87881636619568
154,0,-0.6147533059120178,3.4083187580108643,1.843131184577942,3.874760389328003,0.5407742857933044,0.7737323045730591,0.06096985936164856,8.652388572692871,1.6786152124404907,6.858227252960205,9.043492317199707,8.157174110412598,17.88584852218628
155,0,-0.619022786617279,3.4140875339508057,1.8383851051330566,3.8775835037231445,0.5384703874588013,0.7752235531806946,0.06107305735349655,8.61552619934082,1.6778597831726074,6.856812477111816,8.98623275756836,8.15162181854248,17.89284920692444
156,0,-0.6233770251274109,3.4199612140655518,1.833546757698059,3.880467414855957,0.5361308455467224,0.7767375111579895,0.06117812544107437,8.578093528747559,1.6771037578582764,6.854909896850586,8.927095413208008,8.145915985107422,17.899828910827637
157,0,-0.6278183460235596,3.425947904586792,1.828616738319397,3.883420944213867,0.5337550044059753,0.7782740592956543,0.061285220086574554,8.540080070495605,1.6763474941253662,6.852506160736084,8.866040229797363,8.14004898071289,17.906840085983276
158,0,-0.6323495507240295,3.4320571422576904,1.8235957622528076,3.8864529132843018,0.5313419103622437,0.7798340916633606,0.06139450520277023,8.501470565795898,1.6755914688110352,6.849592208862305,8.803023338317871,8.134016990661621,17.91384983062744
159,0,-0.6369727849960327,3.4382987022399902,1.8184854984283447,3.8895742893218994,0.5288910865783691,0.7814173698425293,0.061506159603595734,8.462257385253906,1.6748363971710205,6.846160411834717,8.738003730773926,8.127817153930664,17.920841693878174
160,0,-0.6416906714439392,3.4446840286254883,1.8132874965667725,3.892796039581299,0.526401698589325,0.7830247282981873,0.061620380729436874,8.4224271774292,1.6740829944610596,6.842197895050049,8.670940399169922,8.121441841125488,17.927854776382446
161,0,-0.64650559425354,3.451223373413086,1.8080034255981445,3.8961286544799805,0.5238732099533081,0.7846565246582031,0.061737362295389175,8.38197135925293,1.6733323335647583,6.8376970291137695,8.601799964904785,8.114887237548828,19.059139251708984
162,0,-0.6514195799827576,3.4579248428344727,1.8026342391967773,3.89958119392395,0.5213052034378052,0.786312460899353,0.06185724213719368,8.340883255004883,1.6725847721099854,6.832644939422607,8.553512573242188,8.108150482177734,19.06613254547119
163,0,-0.6564350128173828,3.4648003578186035,1.797182321548462,3.903165817260742,0.518697202205658,0.7879931330680847,0.0619802325963974,8.299155235290527,1.6718412637710571,6.8270344734191895,8.666765213012695,8.101225852966309,19.07310962677002
164,0,-0.6615537405014038,3.4718596935272217,1.7916494607925415,3.906893491744995,0.5160489082336426,0.7896983027458191,0.06210651621222496,8.256782531738281,1.6711028814315796,6.82085657119751,8.780707359313965,8.094107627868652,19.080092430114746
165,0,-0.6667779088020325,3.479113817214966,1.7860379219055176,3.9107754230499268,0.5133600234985352,0.7914281487464905,0.062236279249191284,8.213760375976562,1.6703705787658691,6.814103603363037,8.895231246948242,8.08679485321045,19.08706307411194
166,0,-0.6721091866493225,3.4865710735321045,1.7803492546081543,3.914820671081543,0.5106304287910461,0.7931827902793884,0.062369681894779205,8.170086860656738,1.6696453094482422,6.806764125823975,9.01021671295166,8.079279899597168,19.094027996063232
167,0,-0.6775492429733276,3.4942421913146973,1.7745862007141113,3.919041395187378,0.5078601241111755,0.7949618697166443,0.06250690668821335,8.125761985778809,1.6689281463623047,6.798831939697266,9.125539779663086,8.071561813354492,19.101011276245117
168,0,-0.6830995082855225,3.502136707305908,1.7687511444091797,3.923447847366333,0.5050491690635681,0.7967652678489685,0.06264812499284744,8.08078670501709,1.6682204008102417,6.790299892425537,9.241066932678223,8.063636779785156,19.10801601409912
169,0,-0.6887614727020264,3.5102624893188477,1.762845754623413,3.928048849105835,0.5021976828575134,0.7985928654670715,0.06279348582029343,8.035162925720215,1.6675230264663696,6.781160354614258,9.356659889221191,8.055501937866211,19.11502432823181
170,0,-0.6945357918739319,3.5186285972595215,1.7568730115890503,3.9328551292419434,0.49930617213249207,0.8004440069198608,0.06294314563274384,7.988898754119873,1.6668373346328735,6.771408557891846,9.472171783447266,8.047152519226074,19.1220223903656
171,0,-0.7004234790802002,3.527243137359619,1.7508355379104614,3.9378762245178223,0.49637505412101746,0.802318274974823,0.06309724599123001,7.942000865936279,1.666164755821228,6.761037826538086,9.587449073791504,8.038588523864746,20.265336513519287
172,0,-0.7064250111579895,3.5361127853393555,1.744735598564148,3.943120241165161,0.49340495467185974,0.8042150139808655,0.0632559061050415,7.894479274749756,1.6655067205429077,6.750043869018555,9.702333450317383,8.029807090759277,20.272334575653076
173,0,-0.712540864944458,3.545243740081787,1.7385754585266113,3.948594570159912,0.4903965890407562,0.8061337471008301,0.06341925263404846,7.8463454246521,1.6648643016815186,6.7384233474731445,9.816656112670898,8.020807266235352,20.279324769973755
174,0,-0.7187710404396057,3.554640769958496,1.732357144355774,3.954305410385132,0.48735082149505615,0.8080738186836243,0.06358734518289566,7.797613143920898,1.6642388105392456,6.726169109344482,9.93024730682373,8.011588096618652,20.286304712295532
175,0,-0.7251152396202087,3.5643088817596436,1.7260833978652954,3.9602601528167725,0.48426875472068787,0.8100339770317078,0.06376029551029205,7.748300075531006,1.6636320352554321,6.713283061981201,10.04293155670166,8.00214958190918,20.29328489303589
176,0,-0.7315729856491089,3.574249744415283,1.71975576877594,3.9664621353149414,0.4811515510082245,0.8120133280754089,0.06393812596797943,7.698424816131592,1.663045048713684,6.699760437011719,10.15452766418457,7.992491722106934,20.30022668838501
177,0,-0.7381436228752136,3.5844674110412598,1.7133769989013672,3.972916603088379,0.4780004322528839,0.8140112161636353,0.06412090361118317,7.648006916046143,1.6624796390533447,6.685603141784668,10.264850616455078,7.9826154708862305,20.307201862335205
178,0,-0.7448258996009827,3.5949597358703613,1.7069478034973145,3.979623556137085,0.4748169481754303,0.8160261511802673,0.06430859863758087,7.597071170806885,1.6619367599487305,6.670809268951416,10.373714447021484,7.972522735595703,20.314175605773926
179,0,-0.7516184449195862,3.6057260036468506,1.7004700899124146,3.9865849018096924,0.4716026782989502,0.8180567026138306,0.06450118869543076,7.545642852783203,1.6614181995391846,6.655380725860596,10.480931282043457,7.962215423583984,20.3211772441864
180,0,-0.7585197687149048,3.6167659759521484,1.6939456462860107,3.9938011169433594,0.46835920214653015,0.8201022148132324,0.06469868123531342,7.493747234344482,1.6609253883361816,6.639320373535156,10.58630657196045,7.951696872711182,20.328178644180298
181,0,-0.7655278444290161,3.6280717849731445,1.6873739957809448,4.001266956329346,0.4650883674621582,0.8221606016159058,0.06490091979503632,7.441413879394531,1.660459280014038,6.622632026672363,10.689650535583496,7.940969944000244,21.475733518600464
182,0,-0.7726405262947083,3.6396400928497314,1.68075692653656,4.0089802742004395,0.46179208159446716,0.8242312073707581,0.06510785967111588,7.388673305511475,1.6600215435028076,6.605319023132324,10.790773391723633,7.930039405822754,21.48275661468506
183,0,-0.7798553705215454,3.6514618396759033,1.6740942001342773,4.016934871673584,0.4584723114967346,0.8263118267059326,0.06531933695077896,7.335556983947754,1.6596134901046753,6.587387561798096,10.889483451843262,7.918910026550293,21.489784717559814
184,0,-0.787169873714447,3.6635279655456543,1.6673853397369385,4.02512264251709,0.45513105392456055,0.8284013271331787,0.06553518027067184,7.282096862792969,1.6592360734939575,6.568843841552734,10.985589981079102,7.907586097717285,21.4967999458313
185,0,-0.79458087682724,3.6758270263671875,1.6606303453445435,4.033534049987793,0.451770544052124,0.8304981589317322,0.065755195915699,7.228328704833984,1.6588908433914185,6.549696445465088,11.078907012939453,7.89607572555542,21.50382137298584
186,0,-0.8020855784416199,3.688344717025757,1.6538273096084595,4.042157173156738,0.4483928382396698,0.8326003551483154,0.06597911566495895,7.174285411834717,1.6585783958435059,6.529953956604004,11.1692533493042,7.884383201599121,21.510827779769897
187,0,-0.8096809387207031,3.7010679244995117,1.6469752788543701,4.050979137420654,0.445000022649765,0.8347070217132568,0.06620671600103378,7.12000036239624,1.6583000421524048,6.509626388549805,11.256446838378906,7.872517108917236,21.517825603485107
188,0,-0.817363440990448,3.7139790058135986,1.6400724649429321,4.059985160827637,0.4415944218635559,0.8368160128593445,0.06643767654895782,7.0655107498168945,1.658056616783142,6.4887261390686035,11.340314865112305,7.860484600067139,21.524834871292114
189,0,-0.8251297473907471,3.727060317993164,1.6331162452697754,4.06915807723999,0.4381781220436096,0.8389260768890381,0.06667168438434601,7.010849952697754,1.6578490734100342,6.467264652252197,11.42068099975586,7.848293304443359,21.531822681427002
190,0,-0.8329765796661377,3.740291118621826,1.6261037588119507,4.078478813171387,0.43475326895713806,0.8410356044769287,0.06690835952758789,6.956052303314209,1.6576781272888184,6.445255279541016,11.497384071350098,7.835952281951904,21.538827896118164
191,0,-0.8409006595611572,3.753649950027466,1.619031310081482,4.087927341461182,0.4313218593597412,0.8431429266929626,0.06714732944965363,6.901149749755859,1.6575441360473633,6.478754997253418,11.57026195526123,7.8234686851501465,22.70445489883423
192,0,-0.8488986492156982,3.7671151161193848,1.6118955612182617,4.097482681274414,0.42788591980934143,0.8452467918395996,0.06738820672035217,6.846174716949463,1.6574478149414062,6.520706653594971,11.639161109924316,7.810853004455566,22.71146821975708
193,0,-0.856967031955719,3.7806620597839355,1.6046924591064453,4.107120990753174,0.4244474768638611,0.8473458886146545,0.06763053685426712,6.791159629821777,1.6573896408081055,6.561834335327148,11.70393180847168,7.798113822937012,22.71843147277832
194,0,-0.8651028871536255,3.7942657470703125,1.5974171161651611,4.116818428039551,0.42100822925567627,0.8494387269020081,0.06787388771772385,6.73613166809082,1.65736985206604,6.602090835571289,11.764431953430176,7.785260200500488,22.725433588027954
195,0,-0.873303234577179,3.8079004287719727,1.5900647640228271,4.12654972076416,0.41756993532180786,0.8515242338180542,0.06811779737472534,6.681118965148926,1.6573885679244995,6.641428470611572,11.820523262023926,7.772301197052002,22.732425212860107
196,0,-0.8815653324127197,3.821539878845215,1.5826301574707031,4.136289119720459,0.41413414478302,0.8536011576652527,0.0683617815375328,6.62614631652832,1.657446026802063,6.679800510406494,11.872077941894531,7.759246826171875,22.73940873146057
197,0,-0.8898866772651672,3.835158109664917,1.5751081705093384,4.146010398864746,0.41070228815078735,0.8556689620018005,0.06860539317131042,6.571236610412598,1.65754234790802,6.717161655426025,11.918965339660645,7.7461066246032715,22.746402978897095
198,0,-0.8982651233673096,3.848726511001587,1.5674924850463867,4.155686378479004,0.40727561712265015,0.857725977897644,0.06884811073541641,6.516409873962402,1.6576772928237915,6.753467559814453,11.961069107055664,7.732889652252197,22.753405809402466
199,0,-0.9066986441612244,3.8622188568115234,1.5597774982452393,4.165289878845215,0.4038552939891815,0.8597720265388489,0.06908947229385376,6.461684703826904,1.6578505039215088,6.78867244720459,11.998271942138672,7.7196044921875,22.760404586791992
200,0,-0.9151857495307922,3.8756089210510254,1.5519574880599976,4.174795627593994,0.4004422426223755,0.8618058562278748,0.06932900100946426,6.407075881958008,1.6580623388290405,6.8227362632751465,12.03046703338623,7.706261157989502,22.76738739013672
201,0,-0.9237252473831177,3.8888700008392334,1.5440261363983154,4.184175491333008,0.39703720808029175,0.8638275861740112,0.06956622004508972,6.352595329284668,1.6583120822906494,6.855617523193359,12.057543754577637,7.692868709564209,23.948002815246582
202,0,-0.9323163032531738,3.9019761085510254,1.5359772443771362,4.193404674530029,0.3936408758163452,0.8658360242843628,0.06980067491531372,6.298254013061523,1.6585993766784668,6.887277126312256,12.079408645629883,7.6794352531433105,23.955031633377075
203,0,-0.9409583210945129,3.914903402328491,1.5278054475784302,4.202458381652832,0.3902536630630493,0.8678312301635742,0.07003191858530045,6.244058609008789,1.6589241027832031,6.917677402496338,12.095962524414062,7.665970802307129,23.96202540397644
204,0,-0.9496517777442932,3.9276278018951416,1.5195038318634033,4.211312294006348,0.386875718832016,0.8698127269744873,0.07025954127311707,6.190011501312256,1.659285545349121,6.946782112121582,12.107111930847168,7.652482032775879,23.969059944152832
205,0,-0.9583967924118042,3.940129280090332,1.5110681056976318,4.219945907592773,0.38350725173950195,0.8717805743217468,0.07048317790031433,6.136116027832031,1.6596837043762207,6.974560260772705,12.12104606628418,7.63897705078125,23.97609257698059
206,0,-0.9671944379806519,3.9523849487304688,1.5024915933609009,4.228336334228516,0.3801480829715729,0.8737343549728394,0.07070241123437881,6.082369327545166,1.6601178646087646,7.000976085662842,12.148815155029297,7.6254658699035645,23.9831223487854
207,0,-0.9760459661483765,3.9643781185150146,1.493769884109497,4.236465930938721,0.37679803371429443,0.8756745457649231,0.07091695070266724,6.028768539428711,1.6605876684188843,7.026004791259766,12.17123794555664,7.611954212188721,23.99009895324707
208,0,-0.9849532842636108,3.976090908050537,1.4848977327346802,4.244316577911377,0.3734566867351532,0.877600908279419,0.07112647593021393,5.975306987762451,1.661092758178711,7.04961633682251,12.18820571899414,7.598448753356934,23.997089862823486
209,0,-0.9939183592796326,3.987509250640869,1.4758710861206055,4.25187349319458,0.37012356519699097,0.8795139789581299,0.0713307335972786,5.9219770431518555,1.661632776260376,7.071786403656006,12.199621200561523,7.584959506988525,24.004175186157227
210,0,-1.002943992614746,3.998621702194214,1.4666863679885864,4.259124755859375,0.3667979836463928,0.8814139366149902,0.07152952253818512,5.868767738342285,1.6622074842453003,7.092494010925293,12.205384254455566,7.571491718292236,24.011228799819946
211,0,-1.0120329856872559,4.0094170570373535,1.4573400020599365,4.266059875488281,0.36347928643226624,0.8833006620407104,0.07172263413667679,5.81566858291626,1.6628166437149048,7.111717700958252,12.205400466918945,7.558051109313965,25.180524349212646
212,0,-1.021188497543335,4.019888401031494,1.4478296041488647,4.272670745849609,0.36016660928726196,0.8851749897003174,0.07190994918346405,5.762665748596191,1.6634598970413208,7.129439830780029,12.199577331542969,7.544646263122559,25.187575817108154
213,0,-1.030414342880249,4.030030727386475,1.4381530284881592,4.278951644897461,0.3568590581417084,0.887037456035614,0.07209138572216034,5.709744930267334,1.664137363433838,7.145643711090088,12.187823295593262,7.531283378601074,25.19460105895996
214,0,-1.0397136211395264,4.039841651916504,1.4283099174499512,4.284902572631836,0.35355591773986816,0.8888874650001526,0.07226688414812088,5.656894683837891,1.664849042892456,7.16031551361084,12.170059204101562,7.517967700958252,25.201616764068604
215,0,-1.04909086227417,4.04932165145874,1.4182994365692139,4.290521621704102,0.3502560555934906,0.8907264471054077,0.07243646681308746,5.60409688949585,1.6655949354171753,7.1734418869018555,12.146201133728027,7.504705905914307,25.208627223968506
216,0,-1.0585497617721558,4.058474063873291,1.4081225395202637,4.295814037322998,0.34695860743522644,0.8925542831420898,0.07260019332170486,5.551337718963623,1.6663752794265747,7.1850152015686035,12.11617660522461,7.4915056228637695,25.215616464614868
217,0,-1.0680947303771973,4.067304611206055,1.3977807760238647,4.300785064697266,0.34366267919540405,0.8943714499473572,0.07275816053152084,5.498602867126465,1.667190670967102,7.1950249671936035,12.07992172241211,7.478371620178223,25.22261953353882
218,0,-1.0777299404144287,4.075822830200195,1.3872768878936768,4.305446147918701,0.34036731719970703,0.8961779475212097,0.07291053980588913,5.4458770751953125,1.668041467666626,7.2067670822143555,12.037376403808594,7.465310573577881,25.229618072509766
219,0,-1.0874595642089844,4.084039688110352,1.3766142129898071,4.309808254241943,0.3370717167854309,0.8979744911193848,0.07305752485990524,5.3931474685668945,1.6689283847808838,7.235863208770752,11.988492965698242,7.452329635620117,25.236624717712402
220,0,-1.0972882509231567,4.091970920562744,1.365797519683838,4.313887596130371,0.33377498388290405,0.8997615575790405,0.07319939881563187,5.340399742126465,1.669852375984192,7.263677597045898,11.933228492736816,7.439433574676514,25.243640422821045
221,0,-1.10722017288208,4.0996317863464355,1.3548314571380615,4.317701816558838,0.3304763734340668,0.9015387296676636,0.07333644479513168,5.287621974945068,1.670814037322998,7.290185928344727,11.87155532836914,7.426629543304443,26.42203450202942
222,0,-1.1172592639923096,4.10704231262207,1.3437227010726929,4.321271896362305,0.3271752893924713,0.9033064842224121,0.07346900552511215,5.234804630279541,1.6718146800994873,7.315366744995117,11.803461074829102,7.413923740386963,26.429085731506348
223,0,-1.1274101734161377,4.11422872543335,1.3324791193008423,4.324624538421631,0.3238709270954132,0.9050655961036682,0.07359756529331207,5.181934833526611,1.6728559732437134,7.339198112487793,11.728935241699219,7.401322364807129,26.436094999313354
224,0,-1.137676477432251,4.121210098266602,1.3211073875427246,4.327782154083252,0.3205629885196686,0.9068151116371155,0.07372245192527771,5.129007816314697,1.673938512802124,7.36165714263916,11.64799690246582,7.388831615447998,26.443111658096313
225,0,-1.1480622291564941,4.128016948699951,1.309617280960083,4.330775737762451,0.31725093722343445,0.9085556268692017,0.07384421676397324,5.076014995574951,1.6750644445419312,7.382721900939941,11.560674667358398,7.376458168029785,26.450122117996216
226,0,-1.1585708856582642,4.134675979614258,1.2980175018310547,4.333635330200195,0.3139345049858093,0.9102867245674133,0.07396333664655685,5.022952079772949,1.6762350797653198,7.402369976043701,11.467010498046875,7.3642072677612305,26.457099437713623
227,0,-1.169205665588379,4.141217231750488,1.286318302154541,4.336391925811768,0.31061357259750366,0.9120087623596191,0.07408034801483154,4.969817161560059,1.6774520874023438,7.4205780029296875,11.367073059082031,7.352086067199707,26.464110136032104
228,0,-1.1799697875976562,4.147674560546875,1.2745307683944702,4.33908224105835,0.3072880208492279,0.913720965385437,0.07419586181640625,4.9166083335876465,1.6787176132202148,7.437323570251465,11.324529647827148,7.340099334716797,26.471108436584473
229,0,-1.1908655166625977,4.154078006744385,1.2626655101776123,4.341737747192383,0.30395805835723877,0.9154236316680908,0.07431040704250336,4.86332893371582,1.6800329685211182,7.452579975128174,11.3307523727417,7.32825231552124,26.478087186813354
230,0,-1.2018927335739136,4.160457611083984,1.2507362365722656,4.344393253326416,0.30062466859817505,0.917115330696106,0.07442452758550644,4.809994697570801,1.6813997030258179,7.494399547576904,11.332772254943848,7.316550254821777,26.485085010528564
231,0,-1.2130284309387207,4.166825771331787,1.238778829574585,4.347069263458252,0.29729557037353516,0.918792724609375,0.0745384469628334,4.7567291259765625,1.6828173398971558,7.576348304748535,11.330525398254395,7.304998397827148,27.678573846817017
232,0,-1.224232792854309,4.173122406005859,1.2268277406692505,4.349719047546387,0.2939831614494324,0.9204492568969727,0.0746510848402977,4.703730583190918,1.6842784881591797,7.656401634216309,11.324201583862305,7.293590068817139,27.685622692108154
233,0,-1.2356581687927246,4.179335594177246,1.2146964073181152,4.352279186248779,0.2906434237957001,0.9221063852310181,0.07476223260164261,4.650294780731201,1.685779333114624,7.735045909881592,11.374090194702148,7.282325267791748,27.69265341758728
234,0,-1.2471808195114136,4.185581207275391,1.202574610710144,4.35491418838501,0.28731364011764526,0.9237455725669861,0.07487395405769348,4.597018241882324,1.6873292922973633,7.815078258514404,11.583111763000488,7.271224021911621,27.699676036834717
235,0,-1.2587336301803589,4.191922664642334,1.1905624866485596,4.357712268829346,0.2840134799480438,0.9253572225570679,0.07498739659786224,4.544215679168701,1.6889326572418213,7.895998954772949,11.795354843139648,7.260290622711182,27.706685781478882
236,0,-1.2705998420715332,4.198359966278076,1.1783251762390137,4.36058235168457,0.28066322207450867,0.9269799590110779,0.0751025453209877,4.490611553192139,1.6905862092971802,7.975573539733887,12.010113716125488,7.2495222091674805,27.71366000175476
237,0,-1.282432198524475,4.204960823059082,1.1662957668304443,4.363707065582275,0.2773618698120117,0.9285659193992615,0.07522062957286835,4.4377899169921875,1.6922955513000488,8.058210372924805,12.22772216796875,7.238921642303467,27.72067427635193
238,0,-1.2944289445877075,4.211762428283691,1.1542516946792603,4.367063045501709,0.27405431866645813,0.9301410913467407,0.07534229755401611,4.38486909866333,1.694061517715454,8.141217231750488,12.447765350341797,7.228495121002197,27.727689504623413
239,0,-1.3066800832748413,4.218761920928955,1.142091989517212,4.3706207275390625,0.2707173228263855,0.9317165613174438,0.07546751201152802,4.331477165222168,1.695881962776184,8.223335266113281,12.669370651245117,7.218237400054932,27.734691619873047
240,0,-1.3188613653182983,4.225987434387207,1.1301965713500977,4.374507427215576,0.2674396336078644,0.9332502484321594,0.07559676468372345,4.27903413772583,1.6977581977844238,8.314054489135742,12.892701148986816,7.208139419555664,27.741689443588257
241,0,-1.3312302827835083,4.233443260192871,1.1182729005813599,4.378649711608887,0.26415207982063293,0.9347749352455139,0.07573013752698898,4.226433277130127,1.6996878385543823,8.406901359558105,13.117066383361816,7.198201656341553,28.93156337738037
242,0,-1.3437633514404297,4.241133689880371,1.1063511371612549,4.383061408996582,0.2608621120452881,0.9362866282463074,0.07586770504713058,4.173793792724609,1.7016695737838745,8.498205184936523,13.342116355895996,7.18841552734375,28.938604831695557
243,0,-1.3562841415405273,4.249077796936035,1.0946316719055176,4.387810230255127,0.2576162815093994,0.9377643465995789,0.07600981742143631,4.121860504150391,1.7037039995193481,8.594776153564453,13.567646980285645,7.178771018981934,28.945616960525513
244,0,-1.3689672946929932,4.257259845733643,1.0829172134399414,4.392831802368164,0.2543695271015167,0.939228355884552,0.07615618407726288,4.069912433624268,1.705786943435669,8.697798728942871,13.792943954467773,7.1692585945129395,28.95261859893799
245,0,-1.3817436695098877,4.265691757202148,1.071286916732788,4.398156642913818,0.2511402666568756,0.9406705498695374,0.076307013630867,4.01824426651001,1.7079185247421265,8.800251960754395,14.018043518066406,7.159865856170654,28.959639072418213
246,0,-1.3945668935775757,4.274392604827881,1.059794545173645,4.403816223144531,0.24794039130210876,0.9420858025550842,0.07646266371011734,3.9670462608337402,1.7100982666015625,8.903247833251953,14.242870330810547,7.150589466094971,28.96664047241211
247,0,-1.407488465309143,4.28334903717041,1.0483806133270264,4.409782409667969,0.24475722014904022,0.9434797763824463,0.07662288099527359,3.9161155223846436,1.7123231887817383,9.006305694580078,14.467000961303711,7.141423225402832,28.97365140914917
248,0,-1.4204882383346558,4.29254674911499,1.0370622873306274,4.416045188903809,0.2415960431098938,0.9448503255844116,0.07678741216659546,3.865536689758301,1.7145907878875732,9.108592987060547,14.690154075622559,7.132351875305176,28.9806649684906
249,0,-1.4335525035858154,4.301987171173096,1.0258530378341675,4.422608852386475,0.23846027255058289,0.9461960792541504,0.07695628702640533,3.815364360809326,1.7168991565704346,9.210989952087402,14.912076950073242,7.1233649253845215,28.987658739089966
250,0,-1.446616291999817,4.3116536140441895,1.0148138999938965,4.429470062255859,0.2353653609752655,0.947510838508606,0.07712920755147934,3.765845775604248,1.7192448377609253,9.31350040435791,15.132440567016602,7.1144561767578125,28.994654417037964
251,0,-1.4596858024597168,4.321501731872559,1.00392484664917,4.436580181121826,0.2323092520236969,0.948795735836029,0.0773053765296936,3.7169480323791504,1.7216213941574097,9.413387298583984,15.350179672241211,7.1056132316589355,30.180914163589478
252,0,-1.472787618637085,4.331495761871338,0.9931488633155823,4.443894863128662,0.22928543388843536,0.9500539302825928,0.07748415321111679,3.668566942214966,1.7240197658538818,9.514984130859375,15.56479263305664,7.096837997436523,30.187949895858765
253,0,-1.4858158826828003,4.341522693634033,0.9825630784034729,4.451320171356201,0.2263176143169403,0.9512759447097778,0.07766351848840714,3.621081829071045,1.7264196872711182,9.610177993774414,15.77474308013916,7.088172912597656,30.194932222366333
254,0,-1.4986462593078613,4.3513503074646,0.9722328186035156,4.458641529083252,0.22343243658542633,0.952451765537262,0.07783932238817215,3.5749189853668213,1.7287769317626953,9.707625389099121,15.976371765136719,7.079710960388184,30.201935291290283
255,0,-1.5115795135498047,4.3607096672058105,0.9618038535118103,4.465518474578857,0.22056131064891815,0.9536095261573792,0.07800674438476562,3.5289809703826904,1.731053113937378,9.793795585632324,16.166975021362305,7.071486473083496,30.20893883705139
256,0,-1.5247560739517212,4.36966609954834,0.9511633515357971,4.47199010848999,0.2176741510629654,0.9547613859176636,0.07816696166992188,3.4827864170074463,1.7332658767700195,9.87834358215332,16.348913192749023,7.063385963439941,30.215927839279175
257,0,-1.5375888347625732,4.378437042236328,0.9409201145172119,4.478397369384766,0.21489863097667694,0.9558570981025696,0.0783238634467125,3.438378095626831,1.7354536056518555,9.962114334106445,16.52655601501465,7.055284023284912,30.222936153411865
258,0,-1.5503315925598145,4.386989116668701,0.9308208227157593,4.484651565551758,0.2121776044368744,0.9569201469421387,0.07847684621810913,3.3948416709899902,1.737608551979065,10.03950309753418,16.699426651000977,7.0472002029418945,30.22994041442871
259,0,-1.5632895231246948,4.3952555656433105,0.9205685257911682,4.490625381469727,0.20944596827030182,0.9579759836196899,0.07862472534179688,3.351135492324829,1.7397165298461914,10.118799209594727,16.871448516845703,7.03917121887207,30.236945867538452
260,0,-1.5759973526000977,4.403293609619141,0.9106063842773438,4.49646520614624,0.20680119097232819,0.9589872360229492,0.07876851409673691,3.308819055557251,1.7417885065078735,10.196218490600586,17.04143714904785,7.031160831451416,30.243959188461304
261,0,-1.5885878801345825,4.411129474639893,0.9008134603500366,4.502168655395508,0.20421378314495087,0.9599665403366089,0.07890868186950684,3.267420530319214,1.7438290119171143,10.26926040649414,17.20685577392578,7.023147106170654,31.428601503372192
262,0,-1.6013548374176025,4.418751239776611,0.8909225463867188,4.50767183303833,0.20162315666675568,0.9609361290931702,0.07904502749443054,3.225970506668091,1.7458277940750122,10.34346866607666,17.367088317871094,7.015172958374023,31.435632705688477
263,0,-1.6139966249465942,4.426108360290527,0.8811953663825989,4.512974739074707,0.19909033179283142,0.9618741869926453,0.0791766345500946,3.1854453086853027,1.7477809190750122,10.41543960571289,17.5212345123291,7.00721549987793,31.442655324935913
264,0,-1.6263236999511719,4.4331955909729,0.8717932105064392,4.518102645874023,0.19665119051933289,0.9627678990364075,0.07930341362953186,3.146419048309326,1.7496877908706665,10.484105110168457,17.670808792114258,6.999263286590576,31.44965696334839
265,0,-1.638505458831787,4.439971923828125,0.8625540733337402,4.522980690002441,0.19427016377449036,0.9636315107345581,0.07942463457584381,3.1083226203918457,1.7515324354171753,10.552901268005371,17.81558609008789,6.991369724273682,31.45667290687561
266,0,-1.6506913900375366,4.446225166320801,0.8533070087432861,4.527367115020752,0.19191718101501465,0.9644761681556702,0.07953649759292603,3.0706748962402344,1.753285527229309,10.61827564239502,17.952259063720703,6.9835429191589355,31.4636709690094
267,0,-1.662656545639038,4.451893329620361,0.8442327976226807,4.531234264373779,0.1896345466375351,0.9652870893478394,0.07963789254426956,3.0341527462005615,1.7549279928207397,10.676072120666504,18.083036422729492,6.975825309753418,31.4706711769104
268,0,-1.6742547750473022,4.4567484855651855,0.8354077935218811,4.534369945526123,0.18744781613349915,0.9660561680793762,0.0797247439622879,2.9991650581359863,1.7564281225204468,10.737550735473633,18.203413009643555,6.9682512283325195,31.47766876220703
269,0,-1.686367154121399,4.460749626159668,0.8260910511016846,4.53659725189209,0.1851910799741745,0.9668413400650024,0.07979631423950195,2.963057279586792,1.7577816247940063,10.783411026000977,18.31267738342285,6.960813045501709,31.484680891036987
270,0,-1.698608160018921,4.464106559753418,0.8166545629501343,4.538190841674805,0.18293796479701996,0.9676172137260437,0.07985636591911316,2.9270074367523193,1.7590243816375732,10.832942962646484,18.4162654876709,6.953436851501465,31.49169135093689
271,0,-1.7100913524627686,4.467003345489502,0.8078542947769165,4.539465427398682,0.18084926903247833,0.9683294296264648,0.07990818470716476,2.8935883045196533,1.7601821422576904,10.878754615783691,18.515138626098633,6.9460835456848145,32.66724109649658
272,0,-1.7215776443481445,4.469410419464111,0.7990585565567017,4.54027795791626,0.17878387868404388,0.9690263867378235,0.07995124906301498,2.860542058944702,1.7612491846084595,10.922698974609375,18.608613967895508,6.938780307769775,32.6742787361145
273,0,-1.7333524227142334,4.47129487991333,0.7900378704071045,4.540555000305176,0.17669107019901276,0.9697253108024597,0.07998495548963547,2.827057123184204,1.7622226476669312,10.961918830871582,18.696807861328125,6.931504249572754,32.681276082992554
274,0,-1.7446376085281372,4.472716331481934,0.7814206480979919,4.540463447570801,0.174708291888237,0.9703811407089233,0.08001038432121277,2.795332670211792,1.763108491897583,11.002493858337402,18.78131103515625,6.924264430999756,32.688286542892456
275,0,-1.7556874752044678,4.473681926727295,0.7730004787445068,4.539973735809326,0.17278842628002167,0.9710095524787903,0.08002765476703644,2.7646148204803467,1.7639080286026,11.039441108703613,18.860858917236328,6.917078018188477,32.695271253585815
276,0,-1.7668391466140747,4.4741716384887695,0.76451176404953,4.539018630981445,0.17087224125862122,0.9716309905052185,0.08003641664981842,2.7339558601379395,1.7646170854568481,11.07362174987793,18.936986923217773,6.909939765930176,32.702274560928345
277,0,-1.7779288291931152,4.474161148071289,0.7560786604881287,4.537595748901367,0.16898779571056366,0.9722358584403992,0.0800362303853035,2.7038047313690186,1.7652325630187988,11.103729248046875,19.0087947845459,6.902875900268555,32.709274768829346
278,0,-1.7889981269836426,4.473721504211426,0.7476820349693298,4.535770416259766,0.16712753474712372,0.9728273749351501,0.08002836257219315,2.6740405559539795,1.7657626867294312,11.140520095825195,19.08114242553711,6.895878314971924,32.716273069381714
279,0,-1.8000929355621338,4.472716331481934,0.7392662763595581,4.5333991050720215,0.16528351604938507,0.9734077453613281,0.08001038432121277,2.644536256790161,1.7662005424499512,11.161388397216797,19.152729034423828,6.888842582702637,32.723273038864136
280,0,-1.8112733364105225,4.471220970153809,0.730802595615387,4.530551433563232,0.1634458750486374,0.9739802479743958,0.07998363673686981,2.6151340007781982,1.7665481567382812,11.190752983093262,19.21891975402832,6.881862163543701,32.730271339416504
281,0,-1.822284460067749,4.469260215759277,0.7224828600883484,4.527280330657959,0.16165602207183838,0.9745329022407532,0.0799485594034195,2.586496353149414,1.7668064832687378,11.2183198928833,19.282304763793945,6.874939441680908,33.915905475616455
282,0,-1.8329544067382812,4.46671724319458,0.7144082188606262,4.5234880447387695,0.15994033217430115,0.9750570058822632,0.07990306615829468,2.5590453147888184,1.7669737339019775,11.23336124420166,19.340946197509766,6.867961406707764,33.92294883728027
283,0,-1.8434884548187256,4.463770389556885,0.7064558267593384,4.5193281173706055,0.1582643687725067,0.9755644202232361,0.07985035330057144,2.5322299003601074,1.767061710357666,11.261842727661133,19.39649772644043,6.86105489730835,33.929951906204224
284,0,-1.8541696071624756,4.460438251495361,0.6984283924102783,4.5147881507873535,0.15658290684223175,0.9760685563087463,0.07979074865579605,2.505326509475708,1.7670691013336182,11.276293754577637,19.44827651977539,6.854233741760254,33.93696093559265
285,0,-1.8647210597991943,4.4565653800964355,0.6904976963996887,4.509740829467773,0.1549394279718399,0.9765565395355225,0.07972146570682526,2.4790308475494385,1.7669895887374878,11.294610023498535,19.49598503112793,6.847367286682129,33.94395327568054
286,0,-1.8743375539779663,4.452414035797119,0.6832522749900818,4.504533767700195,0.15345658361911774,0.9769927859306335,0.07964720577001572,2.455305337905884,1.7668402194976807,11.310691833496094,19.539512634277344,6.840699672698975,33.95094585418701
287,0,-1.8833708763122559,4.4477386474609375,0.6763970255851746,4.498877048492432,0.1520766168832779,0.9773953557014465,0.07956356555223465,2.4332258701324463,1.7666054964065552,11.32188892364502,19.578359603881836,6.834004878997803,33.957923412323
288,0,-1.893347978591919,4.4427056312561035,0.6689242720603943,4.4927825927734375,0.15056686103343964,0.9778320789337158,0.07947353273630142,2.409069776535034,1.7662967443466187,11.332425117492676,19.61117172241211,6.827462196350098,33.96491861343384
289,0,-1.9038821458816528,4.4373555183410645,0.6611176133155823,4.486334800720215,0.14898909628391266,0.9782843589782715,0.07937783002853394,2.3838255405426025,1.7659200429916382,11.341267585754395,19.640193939208984,6.821094512939453,33.97190451622009
290,0,-1.913855791091919,4.431624889373779,0.6537112593650818,4.479579925537109,0.14751051366329193,0.9787040948867798,0.07927531749010086,2.360168218612671,1.7654751539230347,11.349516868591309,19.665494918823242,6.814739227294922,33.97890520095825
291,0,-1.9238859415054321,4.425499439239502,0.6462926864624023,4.472441673278809,0.14603836834430695,0.9791183471679688,0.0791657418012619,2.336613893508911,1.7649644613265991,11.349005699157715,19.68766975402832,6.808465003967285,35.15846562385559
292,0,-1.9335672855377197,4.419258117675781,0.6391631960868835,4.465240478515625,0.14463134109973907,0.9795104265213013,0.079054094851017,2.314101457595825,1.7644083499908447,11.360822677612305,19.705923080444336,6.802389621734619,35.16549110412598
293,0,-1.943665623664856,4.412621021270752,0.6317909359931946,4.457620620727539,0.14317815005779266,0.9799118638038635,0.07893536239862442,2.2908504009246826,1.7637990713119507,11.357890129089355,19.721450805664062,6.796243190765381,35.17247438430786
294,0,-1.9544261693954468,4.405672550201416,0.6240447163581848,4.449649333953857,0.14164572954177856,0.9803312420845032,0.07881106436252594,2.266331672668457,1.7631423473358154,11.356184959411621,19.734390258789062,6.790126800537109,35.17945575714111
295,0,-1.9638962745666504,4.398758888244629,0.6171927452087402,4.441847324371338,0.14031066000461578,0.980692982673645,0.0786873921751976,2.2449705600738525,1.7624601125717163,11.361494064331055,19.745121002197266,6.7842326164245605,35.18644309043884
296,0,-1.9736666679382324,4.3914361000061035,0.6101744174957275,4.433624267578125,0.13894644379615784,0.9810595512390137,0.07855639606714249,2.2231431007385254,1.7617284059524536,11.362154960632324,19.75627899169922,6.778241157531738,35.19343113899231
297,0,-1.9842883348464966,4.383746147155762,0.6026705503463745,4.424979209899902,0.13747842609882355,0.9814503192901611,0.07841883599758148,2.1996548175811768,1.7609493732452393,11.345776557922363,19.761486053466797,6.772239685058594,35.20043468475342
298,0,-1.9939993619918823,4.376096725463867,0.5958048105239868,4.416470050811768,0.1361498236656189,0.9818005561828613,0.07828199863433838,2.1783971786499023,1.7601513862609863,11.357704162597656,19.7661075592041,6.76639986038208,35.20744466781616
299,0,-2.003213405609131,4.368113994598389,0.589263379573822,4.407680988311768,0.13490110635757446,0.9821268916130066,0.07813920080661774,2.1584177017211914,1.7593111991882324,11.347710609436035,19.76921272277832,6.76050329208374,35.21444654464722
300,0,-2.0127930641174316,4.359786033630371,0.5825326442718506,4.398530960083008,0.13361495733261108,0.9824603796005249,0.07799022644758224,2.1378393173217773,1.758428931236267,11.334214210510254,19.767847061157227,6.754549503326416,35.22145652770996
301,0,-2.0225255489349365,4.351443767547607,0.5757867693901062,4.389372825622559,0.1323208510875702,0.9827924370765686,0.07784099131822586,2.117133617401123,1.7575290203094482,11.33737564086914,19.765623092651367,6.74872350692749,36.402183294296265
302,0,-2.032115936279297,4.342848777770996,0.5691646933555603,4.379986763000488,0.13105791807174683,0.9831138849258423,0.07768724113702774,2.096926689147949,1.7565951347351074,11.327580451965332,19.760948181152344,6.742846965789795,36.409215450286865
303,0,-2.040945053100586,4.3340654373168945,0.563020646572113,4.370481967926025,0.12990589439868927,0.9834046363830566,0.07753012329339981,2.0784943103790283,1.7556313276290894,11.309483528137207,19.75358009338379,6.7370147705078125,36.416221141815186
304,0,-2.0491514205932617,4.325102806091309,0.5572643876075745,4.360855579376221,0.12884420156478882,0.9836701154708862,0.0773697942495346,2.061507225036621,1.7546483278274536,11.314607620239258,19.7458553314209,6.731116771697998,36.42321729660034
305,0,-2.057053804397583,4.316164493560791,0.551735520362854,4.351285934448242,0.12783004343509674,0.9839221835136414,0.07720989733934402,2.045280694961548,1.7536541223526,11.286829948425293,19.73115348815918,6.725336074829102,36.43022274971008
306,0,-2.0646488666534424,4.307198524475098,0.5464234352111816,4.3417205810546875,0.12686283886432648,0.9841607809066772,0.07704950869083405,2.0298054218292236,1.75264573097229,11.29186725616455,19.722240447998047,6.719672203063965,36.43720889091492
307,0,-2.0732462406158447,4.298126697540283,0.5406047701835632,4.331991195678711,0.12577682733535767,0.9844264388084412,0.07688722759485245,2.0124292373657227,1.7516309022903442,11.264214515686035,19.70448875427246,6.713931560516357,36.44420099258423
308,0,-2.0824975967407227,4.289340019226074,0.5345314741134644,4.322518348693848,0.12461858242750168,0.9847075343132019,0.07673005014657974,1.9938973188400269,1.750633955001831,11.262195587158203,19.687049865722656,6.708401203155518,36.45118165016174
309,0,-2.0916168689727783,4.280658721923828,0.5286070704460144,4.313173294067383,0.12348731607198715,0.9849799871444702,0.07657475024461746,1.9757970571517944,1.7496434450149536,11.245327949523926,19.67157554626465,6.703061580657959,36.458165645599365
310,0,-2.101365327835083,4.271829128265381,0.5223992466926575,4.303652763366699,0.12228935956954956,0.9852655529975891,0.07641680538654327,1.956629753112793,1.7486512660980225,11.227005004882812,19.650041580200195,6.697525978088379,36.465157985687256
311,0,-2.1103498935699463,4.263187408447266,0.5166793465614319,4.2943830490112305,0.12119554728269577,0.9855241179466248,0.0762622132897377,1.9391287565231323,1.7476649284362793,11.221172332763672,19.62946891784668,6.692295551300049,37.644920349121094
312,0,-2.118561267852783,4.254462242126465,0.5114052891731262,4.285088539123535,0.12020444869995117,0.9857566952705383,0.07610613852739334,1.9232711791992188,1.7466728687286377,11.199896812438965,19.609302520751953,6.687073707580566,37.6519513130188
313,0,-2.1276607513427734,4.245718002319336,0.5057313442230225,4.275732040405273,0.11911562085151672,0.986009955406189,0.07594971358776093,1.9058499336242676,1.745686650276184,11.18665599822998,19.58565330505371,6.681819438934326,37.65897178649902
314,0,-2.1374340057373047,4.237119197845459,0.499798446893692,4.2664947509765625,0.11795713752508163,0.9862769842147827,0.07579589635133743,1.8873142004013062,1.7447113990783691,11.176392555236816,19.564096450805664,6.676758289337158,37.665984869003296
315,0,-2.1467552185058594,4.228464126586914,0.4941498935222626,4.257240295410156,0.11686273664236069,0.9865270853042603,0.07564106583595276,1.869803786277771,1.7437341213226318,11.152901649475098,19.540193557739258,6.671674728393555,37.67299151420593
316,0,-2.154989242553711,4.2197346687316895,0.4890860319137573,4.247983932495117,0.11590445041656494,0.9867440462112427,0.07548490911722183,1.854471206665039,1.7427518367767334,11.148627281188965,19.517763137817383,6.66660213470459,37.67997622489929
317,0,-2.16402006149292,4.21099328994751,0.4836848974227905,4.238680839538574,0.11486242711544037,0.9869784116744995,0.0753285363316536,1.837798833847046,1.7417696714401245,11.121203422546387,19.493778228759766,6.661584377288818,37.68697261810303
318,0,-2.173476457595825,4.202280044555664,0.478141188621521,4.229394435882568,0.11378137022256851,0.9872191548347473,0.07517267018556595,1.8205019235610962,1.7407891750335693,11.117772102355957,19.469587326049805,6.656536102294922,37.69397568702698
319,0,-2.1818299293518066,4.193470001220703,0.4731696546077728,4.220080375671387,0.1128348708152771,0.9874284267425537,0.07501507550477982,1.8053579330444336,1.7398005723953247,11.093240737915039,19.44611358642578,6.651632785797119,37.70097637176514
320,0,-2.189462900161743,4.184598445892334,0.4685783088207245,4.210751533508301,0.11197688430547714,0.9876165390014648,0.07485637068748474,1.7916301488876343,1.7388145923614502,11.079538345336914,19.420093536376953,6.646548271179199,37.70797538757324
321,0,-2.195528268814087,4.175748348236084,0.4647597372531891,4.201532363891602,0.11129974573850632,0.9877640604972839,0.0746980607509613,1.780795931816101,1.7378296852111816,11.066079139709473,19.39590072631836,6.641508102416992,38.895835161209106
322,0,-2.2004401683807373,4.16699743270874,0.46151331067085266,4.192476749420166,0.11075440049171448,0.987882137298584,0.07454151660203934,1.7720704078674316,1.7368543148040771,11.046722412109375,19.368732452392578,6.636702537536621,38.90285873413086
323,0,-2.2064549922943115,4.158310890197754,0.4577893912792206,4.183434009552002,0.1100902259349823,0.9880253672599792,0.0743861272931099,1.7614436149597168,1.7358944416046143,11.03071403503418,19.342056274414062,6.631706237792969,38.909860610961914
324,0,-2.2157883644104004,4.149850845336914,0.45261383056640625,4.174460411071777,0.10906749218702316,0.9882442355155945,0.07423479110002518,1.7450798749923706,1.7349562644958496,11.014595031738281,19.316164016723633,6.626931667327881,38.91687512397766
325,0,-2.2288997173309326,4.141539573669434,0.4458235204219818,4.16546630859375,0.10764680802822113,0.988544762134552,0.07408611476421356,1.722348928451538,1.7340314388275146,10.999350547790527,19.28898811340332,6.622384071350098,38.92389798164368
326,0,-2.2406680583953857,4.133057594299316,0.4397052824497223,4.156381130218506,0.10638740658760071,0.9888085126876831,0.07393438369035721,1.7021985054016113,1.7331103086471558,10.980330467224121,19.26243782043457,6.6174845695495605,38.93089270591736
327,0,-2.2470133304595947,4.1245574951171875,0.4360254406929016,4.14754056930542,0.10571447759866714,0.9889479279518127,0.07378233224153519,1.6914316415786743,1.732187032699585,10.966012001037598,19.237133026123047,6.6127705574035645,38.93787240982056
328,0,-2.2530901432037354,4.116049766540527,0.43248993158340454,4.138708591461182,0.10507402569055557,0.9890803098678589,0.07363013923168182,1.6811844110488892,1.7312650680541992,10.948951721191406,19.2091064453125,6.608077526092529,38.944881439208984
329,0,-2.2619199752807617,4.10744047164917,0.4277912676334381,4.129657745361328,0.10415032505989075,0.9892690777778625,0.07347612828016281,1.666405200958252,1.7303515672683716,10.933233261108398,19.181745529174805,6.60317325592041,38.951892375946045
330,0,-2.2715232372283936,4.099037170410156,0.42283594608306885,4.120788097381592,0.10315494239330292,0.9894711375236511,0.07332580536603928,1.6504790782928467,1.7294528484344482,10.912960052490234,19.155376434326172,6.5985517501831055,38.95889616012573
331,0,-2.280804395675659,4.0906081199646,0.41806820034980774,4.111916542053223,0.10220196843147278,0.9896625876426697,0.07317502051591873,1.6352314949035645,1.7285597324371338,10.902947425842285,19.12832260131836,6.593818187713623,40.15757703781128
332,0,-2.2880125045776367,4.082013130187988,0.41419345140457153,4.102972984313965,0.10146793723106384,0.9898091554641724,0.07302127033472061,1.6234869956970215,1.7276620864868164,10.879866600036621,19.098262786865234,6.589014053344727,40.1646249294281
333,0,-2.29400372505188,4.073506832122803,0.41086137294769287,4.094174385070801,0.10086183249950409,0.9899293780326843,0.07286910712718964,1.6137893199920654,1.7267705202102661,10.865982055664062,19.07352638244629,6.584323883056641,40.17161560058594
334,0,-2.3001010417938232,4.065014362335205,0.40751248598098755,4.085390090942383,0.10024871677160263,0.9900498986244202,0.07271718978881836,1.603979468345642,1.7258880138397217,10.849114418029785,19.043004989624023,6.579544544219971,40.17863154411316
335,0,-2.305924415588379,4.056546211242676,0.4043022692203522,4.076644420623779,0.09966662526130676,0.9901641011238098,0.0725657045841217,1.5946660041809082,1.7250113487243652,10.832887649536133,19.015214920043945,6.574868202209473,40.18565130233765
336,0,-2.309847593307495,4.04827880859375,0.40189850330352783,4.068179130554199,0.09927638620138168,0.9902405142784119,0.07241781055927277,1.588422179222107,1.7241528034210205,10.810664176940918,18.989425659179688,6.570333003997803,40.19263577461243
337,0,-2.313194990158081,4.040114402770996,0.3997475504875183,4.059842586517334,0.09894461184740067,0.9903048872947693,0.07227176427841187,1.5831137895584106,1.7233147621154785,10.807958602905273,18.96063804626465,6.56574821472168,40.199636697769165
338,0,-2.323129892349243,4.032275676727295,0.39502790570259094,4.051578998565674,0.09796649217605591,0.990493893623352,0.07213154435157776,1.5674638748168945,1.7225104570388794,10.77327823638916,18.934213638305664,6.561461925506592,40.206658124923706
339,0,-2.337109088897705,4.024642467498779,0.38880670070648193,4.043379306793213,0.09660652279853821,0.9907534718513489,0.07199499756097794,1.5457043647766113,1.7217367887496948,10.772161483764648,18.908428192138672,6.55717658996582,40.21367383003235
340,0,-2.3458385467529297,4.0169572830200195,0.38469138741493225,4.035335540771484,0.09576685726642609,0.9909120798110962,0.0718575194478035,1.5322697162628174,1.7209707498550415,10.753161430358887,18.882043838500977,6.552827835083008,40.2206928730011
341,0,-2.351393699645996,4.0092973709106445,0.3818308115005493,4.027438163757324,0.09523633867502213,0.9910116195678711,0.07172049582004547,1.523781418800354,1.7202132940292358,10.728425979614258,18.854928970336914,6.548562526702881,41.413552045822144
342,0,-2.3606643676757812,4.00181245803833,0.3776010274887085,4.019587993621826,0.09435750544071198,0.9911751747131348,0.07158660143613815,1.5097200870513916,1.7194766998291016,10.728015899658203,18.829771041870117,6.544376373291016,41.42055702209473
343,0,-2.3718061447143555,3.994274139404297,0.3727138638496399,4.011626243591309,0.09331203997135162,0.991367757320404,0.07145174592733383,1.492992639541626,1.7187469005584717,10.703092575073242,18.805997848510742,6.5401082038879395,41.42752385139465
344,0,-2.3798844814300537,3.986701726913452,0.3690142035484314,4.003743648529053,0.092561274766922,0.9915051460266113,0.07131628692150116,1.480980396270752,1.718019723892212,10.68795394897461,18.77809715270996,6.535884857177734,41.43448996543884
345,0,-2.3867344856262207,3.979182004928589,0.3658038079738617,3.9959604740142822,0.09192939847707748,0.991619884967804,0.0711817741394043,1.4708703756332397,1.7173022031784058,10.680887222290039,18.752910614013672,6.531666278839111,41.44147443771362
346,0,-2.3949270248413086,3.971580743789673,0.36212611198425293,3.98805570602417,0.09117934107780457,0.9917548894882202,0.07104580104351044,1.458869457244873,1.7165855169296265,10.657073974609375,18.729793548583984,6.527370452880859,41.44842505455017
347,0,-2.403297185897827,3.964043378829956,0.35842615365982056,3.980214834213257,0.09041932970285416,0.9918906092643738,0.0709109678864479,1.4467092752456665,1.7158747911453247,10.64654541015625,18.700878143310547,6.523180961608887,41.455397605895996
348,0,-2.409982204437256,3.956468343734741,0.35535773634910583,3.9723949432373047,0.08981690555810928,0.9919974207878113,0.07077545672655106,1.4370704889297485,1.7151715755462646,10.63029670715332,18.67662811279297,6.518913269042969,41.46236443519592
349,0,-2.4155759811401367,3.9489245414733887,0.3527016341686249,3.964644193649292,0.08931586891412735,0.9920857548713684,0.07064051181077957,1.4290539026260376,1.7144765853881836,10.616535186767578,18.65248680114746,6.514634132385254,41.46932053565979
350,0,-2.4204587936401367,3.9415433406829834,0.35032764077186584,3.9570813179016113,0.08888082951307297,0.9921621680259705,0.07050847262144089,1.4220932722091675,1.71379816532135,10.599407196044922,18.624061584472656,6.510516166687012,41.47626757621765
0,1,2.2849557399749756,0.8657639026641846,8.50634765625,8.55029296875,9.825250625610352,0.010252668522298336,0.015487255528569221,157.20401000976562,1.1361591815948486,3.284929037094116,3.188063144683838,8.2100830078125,42.66361665725708
1,1,1.878058671951294,1.2713490724563599,8.315632820129395,8.41225814819336,6.540794372558594,0.022840438410639763,0.022742584347724915,104.6527099609375,1.1435693502426147,3.5218677520751953,3.206108570098877,8.37823486328125,43.87272763252258
2,1,1.8280951976776123,1.3310837745666504,8.282034873962402,8.388318061828613,6.222023963928223,0.025180308148264885,0.02381115034222603,99.55238342285156,1.144882082939148,3.556480884552002,3.209216833114624,8.395390510559082,43.87975215911865
3,1,1.785873293876648,1.3831878900527954,8.250420570373535,8.36556339263916,5.964786529541016,0.027338329702615738,0.0247432179749012,95.43658447265625,1.1460639238357544,3.587475061416626,3.2121052742004395,8.41014289855957,43.88673710823059
4,1,1.7480919361114502,1.431068778038025,8.219533920288086,8.343183517456055,5.743633270263672,0.029420999810099602,0.025599736720323563,91.89813232421875,1.1471819877624512,3.6165077686309814,3.214818239212036,8.42345142364502,43.89371061325073
5,1,1.7132624387741089,1.4762568473815918,8.18883991241455,8.320843696594238,5.5470290184021,0.031476691365242004,0.026408085599541664,88.7524642944336,1.1482667922973633,3.6443068981170654,3.2173690795898438,8.435742378234863,43.900678634643555
6,1,1.6805756092071533,1.5195754766464233,8.158061981201172,8.298377990722656,5.368645668029785,0.033531900495290756,0.027182992547750473,85.89833068847656,1.1493351459503174,3.6712517738342285,3.2197625637054443,8.447242736816406,43.90764260292053
7,1,1.6495387554168701,1.5615187883377075,8.127047538757324,8.275702476501465,5.204578876495361,0.03560284525156021,0.02793329767882824,83.27326202392578,1.1503973007202148,3.6975631713867188,3.221999406814575,8.458090782165527,43.91461634635925
8,1,1.6198288202285767,1.6024048328399658,8.095710754394531,8.252771377563477,5.052225589752197,0.03770030662417412,0.028664689511060715,80.83560943603516,1.1514599323272705,3.723374605178833,3.224081039428711,8.468379020690918,43.92156744003296
9,1,1.5912212133407593,1.6424484252929688,8.063996315002441,8.229559898376465,4.909740924835205,0.03983183205127716,0.029381010681390762,78.55585479736328,1.1525278091430664,3.748769998550415,3.226006031036377,8.478168487548828,43.92854166030884
10,1,1.5635528564453125,1.681800127029419,8.031871795654297,8.206060409545898,4.775758743286133,0.04200290888547897,0.03008495643734932,76.41213989257812,1.1536041498184204,3.7738037109375,3.227773427963257,8.487506866455078,43.935494899749756
11,1,1.5367023944854736,1.7205674648284912,7.9993205070495605,8.182266235351562,4.649233818054199,0.044217705726623535,0.030778447166085243,74.38774108886719,1.154691219329834,3.7985081672668457,3.2293829917907715,8.496430397033691,45.15456438064575
12,1,1.510575771331787,1.7588306665420532,7.966338634490967,8.158187866210938,4.5293378829956055,0.04647941514849663,0.03146291896700859,72.46940612792969,1.1557912826538086,3.822904586791992,3.2408344745635986,8.504964828491211,45.16158747673035
13,1,1.485099196434021,1.796647071838379,7.932921409606934,8.133830070495605,4.415403366088867,0.04879051074385643,0.03213940188288689,70.64645385742188,1.1569052934646606,3.8470027446746826,3.2571957111358643,8.51313591003418,45.168546199798584
14,1,1.4602130651474,1.834060788154602,7.899074554443359,8.109201431274414,4.306877136230469,0.051153022795915604,0.03280867636203766,68.9100341796875,1.1580345630645752,3.870805025100708,3.2734272480010986,8.52096176147461,45.17547392845154
15,1,1.4358693361282349,1.8711031675338745,7.864803791046143,8.08431625366211,4.2032976150512695,0.05356842651963234,0.03347131237387657,67.25276184082031,1.1591795682907104,3.8943088054656982,3.289531707763672,8.528458595275879,45.18241047859192
16,1,1.4120279550552368,1.9077991247177124,7.8301239013671875,8.059189796447754,4.1042704582214355,0.056037988513708115,0.034127749502658844,65.66832733154297,1.1603411436080933,3.917509078979492,3.3055107593536377,8.535639762878418,45.18943786621094
17,1,1.388655424118042,1.944164514541626,7.795040607452393,8.033830642700195,4.00945520401001,0.05856264382600784,0.03477827087044716,64.15128326416016,1.1615192890167236,3.9403939247131348,3.321363687515259,8.54251766204834,45.196473121643066
18,1,1.3657233715057373,1.9802122116088867,7.759573936462402,8.008260726928711,3.9185566902160645,0.061143044382333755,0.03542311489582062,62.69690704345703,1.1627144813537598,3.962951898574829,3.3370909690856934,8.549104690551758,45.203476667404175
19,1,1.3432077169418335,2.0159504413604736,7.723738193511963,7.982492446899414,3.8313136100769043,0.06377973407506943,0.036062419414520264,61.30101776123047,1.1639268398284912,3.9851672649383545,3.3526923656463623,8.555408477783203,45.21045899391174
20,1,1.32108736038208,2.0513832569122314,7.687546730041504,7.956541538238525,3.7474942207336426,0.06647294759750366,0.036696258932352066,59.95990753173828,1.1651561260223389,4.007022857666016,3.368165969848633,8.561437606811523,45.217390298843384
21,1,1.299344778060913,2.086512565612793,7.651018142700195,7.930423259735107,3.6668930053710938,0.0692228153347969,0.03732467070221901,58.6702880859375,1.1664023399353027,4.028498649597168,3.383511543273926,8.567201614379883,46.41919016838074
22,1,1.2779635190963745,2.121340036392212,7.614173412322998,7.904158592224121,3.589322566986084,0.07202931493520737,0.03794768452644348,57.429161071777344,1.1676654815673828,4.049576759338379,3.398725748062134,8.572709083557129,46.426177740097046
23,1,1.2569299936294556,2.155863046646118,7.577028274536133,7.87775993347168,3.5146148204803467,0.07489224523305893,0.0385652519762516,56.23383712768555,1.1689449548721313,4.070234775543213,3.4138071537017822,8.577964782714844,46.43313908576965
24,1,1.236232042312622,2.1900782585144043,7.5396013259887695,7.8512444496154785,3.442617416381836,0.07781123369932175,0.0391773097217083,55.081878662109375,1.1702406406402588,4.090450763702393,3.428753614425659,8.582975387573242,46.44008827209473
25,1,1.2158586978912354,2.223982572555542,7.5019145011901855,7.824628829956055,3.3731894493103027,0.0807858407497406,0.03978380933403969,53.971031188964844,1.171552062034607,4.110203266143799,3.4435622692108154,8.587748527526855,46.44704008102417
26,1,1.1958003044128418,2.2575714588165283,7.463988780975342,7.7979326248168945,3.3062026500701904,0.08381544053554535,0.04038466513156891,52.89924240112305,1.1728792190551758,4.129470348358154,3.45823073387146,8.592289924621582,46.45399594306946
27,1,1.1760478019714355,2.2908387184143066,7.425840377807617,7.771167755126953,3.2415378093719482,0.08689933270215988,0.040979769080877304,51.86460494995117,1.1742210388183594,4.148228168487549,3.472754716873169,8.596602439880371,46.46095657348633
28,1,1.156593680381775,2.323779344558716,7.387494087219238,7.744354248046875,3.1790859699249268,0.09003666043281555,0.04156902804970741,50.86537551879883,1.1755775213241577,4.166455268859863,3.487131357192993,8.600695610046387,46.46789860725403
29,1,1.1374306678771973,2.3563859462738037,7.3489670753479,7.717504501342773,3.1187450885772705,0.09322643280029297,0.04215231537818909,49.89992141723633,1.176947832107544,4.184128284454346,3.5013575553894043,8.604571342468262,46.474868059158325
30,1,1.1185522079467773,2.38865327835083,7.310283184051514,7.690637588500977,3.060420274734497,0.09646761417388916,0.04272953048348427,48.96672439575195,1.178331732749939,4.201226711273193,3.515427827835083,8.608235359191895,46.4818274974823
31,1,1.0999526977539062,2.4205739498138428,7.2714619636535645,7.6637678146362305,3.004023790359497,0.09975898265838623,0.04330054298043251,48.06438064575195,1.1797282695770264,4.217728614807129,3.529339075088501,8.611693382263184,47.6827335357666
32,1,1.0816261768341064,2.4521424770355225,7.23252534866333,7.6369123458862305,2.949471950531006,0.10309932380914688,0.04386525973677635,47.191551208496094,1.1811373233795166,4.233613967895508,3.543086528778076,8.614949226379395,47.689736127853394
33,1,1.063568115234375,2.483351230621338,7.19349479675293,7.610085487365723,2.896688461303711,0.10648714751005173,0.04442353919148445,46.347015380859375,1.1825580596923828,4.249953269958496,3.5566649436950684,8.618005752563477,47.69671654701233
34,1,1.0457735061645508,2.5141942501068115,7.154388427734375,7.583300590515137,2.8455989360809326,0.10992111265659332,0.04497527331113815,45.52958297729492,1.1839897632598877,4.266603469848633,3.5700690746307373,8.620870590209961,47.70367193222046
35,1,1.028238296508789,2.544666290283203,7.115231990814209,7.556577205657959,2.796135663986206,0.11339957267045975,0.04552037641406059,44.7381706237793,1.1854321956634521,4.282639026641846,3.583294630050659,8.623544692993164,47.71063423156738
36,1,1.0109584331512451,2.5747601985931396,7.076042652130127,7.5299248695373535,2.7482335567474365,0.11692094057798386,0.04605871066451073,43.971736907958984,1.1868844032287598,4.298043727874756,3.596334934234619,8.626032829284668,47.71759343147278
37,1,0.9939298629760742,2.604471206665039,7.0368428230285645,7.503361225128174,2.701831579208374,0.12048345804214478,0.04659019783139229,43.229305267333984,1.1883461475372314,4.31280517578125,3.6091837882995605,8.628340721130371,47.72455811500549
38,1,0.9771493673324585,2.6337943077087402,6.997653007507324,7.476899147033691,2.6568715572357178,0.12408538907766342,0.047114744782447815,42.509944915771484,1.1898167133331299,4.326911926269531,3.621835231781006,8.630470275878906,47.7315092086792
39,1,0.9606131315231323,2.662724494934082,6.958492755889893,7.450551509857178,2.613298177719116,0.12772491574287415,0.04763226583600044,41.81277084350586,1.1912953853607178,4.340353012084961,3.6342811584472656,8.632426261901855,47.73846173286438
40,1,0.9443180561065674,2.6912572383880615,6.919382095336914,7.424333095550537,2.571059465408325,0.13140004873275757,0.048142675310373306,41.1369514465332,1.1927818059921265,4.362462997436523,3.6465158462524414,8.634210586547852,47.74540996551514
41,1,0.9282609224319458,2.7193896770477295,6.880342483520508,7.398256301879883,2.5301053524017334,0.13510896265506744,0.04864592105150223,40.481685638427734,1.1942753791809082,4.393932819366455,3.6585304737091064,8.635828018188477,48.94736361503601
42,1,0.9124387502670288,2.747117519378662,6.841390132904053,7.372331619262695,2.4903886318206787,0.1388496458530426,0.049141932278871536,39.84621810913086,1.1957756280899048,4.425239086151123,3.6703174114227295,8.63728141784668,48.954328536987305
43,1,0.8968485593795776,2.7744390964508057,6.802547454833984,7.346574783325195,2.451864004135132,0.1426200419664383,0.049630675464868546,39.22982406616211,1.1972819566726685,4.4563679695129395,3.6818699836730957,8.63857650756836,48.9612922668457
44,1,0.8814873099327087,2.801352024078369,6.76383113861084,7.320996284484863,2.4144880771636963,0.14641818404197693,0.05011210963129997,38.63180923461914,1.1987942457199097,4.487303733825684,3.6931769847869873,8.639713287353516,48.968239545822144
45,1,0.8663521409034729,2.8278543949127197,6.725258827209473,7.2956061363220215,2.3782196044921875,0.15024198591709137,0.05058619752526283,38.051513671875,1.2003116607666016,4.518029689788818,3.704231023788452,8.64069652557373,48.97519302368164
46,1,0.8514401912689209,2.853945732116699,6.6868486404418945,7.270415782928467,2.3430187702178955,0.15408946573734283,0.05105293542146683,37.48830032348633,1.2018338441848755,4.548532485961914,3.715022325515747,8.641529083251953,48.982134103775024
47,1,0.8367483615875244,2.879626989364624,6.648618698120117,7.245439052581787,2.308847188949585,0.157958522439003,0.05151233449578285,36.94155502319336,1.2033607959747314,4.578795433044434,3.725541353225708,8.64221477508545,48.9890820980072
48,1,0.8222740292549133,2.9048967361450195,6.6105828285217285,7.2206807136535645,2.2756688594818115,0.16184717416763306,0.051964372396469116,36.410701751708984,1.2048918008804321,4.608803749084473,3.735776662826538,8.642755508422852,48.99602150917053
49,1,0.8080139756202698,2.9297561645507812,6.572755813598633,7.196151256561279,2.24344801902771,0.16575337946414948,0.05240907147526741,35.89516830444336,1.206426739692688,4.6411309242248535,3.7457191944122314,8.643155097961426,49.002981185913086
50,1,0.7939653396606445,2.9542088508605957,6.53515625,7.171863079071045,2.212151050567627,0.16967523097991943,0.05284649506211281,35.39441680908203,1.2079652547836304,4.674623012542725,3.755357027053833,8.643415451049805,49.009933948516846
51,1,0.7801250219345093,2.9782559871673584,6.497795104980469,7.147821426391602,2.1817450523376465,0.17361076176166534,0.0532766655087471,34.907920837402344,1.2095072269439697,4.707900524139404,3.7646782398223877,8.643539428710938,50.217283487319946
52,1,0.7664899230003357,3.001901626586914,6.460688591003418,7.124037742614746,2.152198553085327,0.17755809426307678,0.05369964987039566,34.435176849365234,1.2110525369644165,4.7409443855285645,3.773672342300415,8.643529891967773,50.22426247596741
53,1,0.7530568838119507,3.0251479148864746,6.423845291137695,7.100514888763428,2.123481273651123,0.1815154254436493,0.05411549285054207,33.97570037841797,1.212600827217102,4.773730754852295,3.782327651977539,8.643390655517578,50.2312285900116
54,1,0.7398224472999573,3.0480000972747803,6.387277603149414,7.077260971069336,2.0955634117126465,0.1854810267686844,0.05452428385615349,33.529014587402344,1.2141518592834473,4.806240081787109,3.790630578994751,8.643122673034668,50.238168716430664
55,1,0.7267835140228271,3.0704634189605713,6.350998401641846,7.054284572601318,2.0684168338775635,0.18945318460464478,0.05492611974477768,33.094669342041016,1.2157059907913208,4.838451862335205,3.798569440841675,8.642729759216309,50.24514031410217
56,1,0.7139362692832947,3.0925445556640625,6.315017223358154,7.031591415405273,2.04201340675354,0.19343037903308868,0.05532111972570419,32.67221450805664,1.217263102531433,4.870345115661621,3.8061299324035645,8.642212867736816,50.252089738845825
57,1,0.7012772560119629,3.1142475605010986,6.279339790344238,7.009182929992676,2.016326427459717,0.19741104543209076,0.0557093545794487,32.26122283935547,1.2188228368759155,4.901900768280029,3.813300371170044,8.641573905944824,50.259039640426636
58,1,0.6888028383255005,3.1355812549591064,6.2439775466918945,6.987068176269531,1.9913301467895508,0.20139382779598236,0.056090984493494034,31.861282348632812,1.2203854322433472,4.933099746704102,3.8200671672821045,8.640817642211914,50.26597857475281
59,1,0.6765091419219971,3.156552791595459,6.20893669128418,6.965250492095947,1.9669991731643677,0.20537738502025604,0.056466132402420044,31.471986770629883,1.2219513654708862,4.970241546630859,3.8264172077178955,8.639945983886719,50.272937059402466
60,1,0.6643921136856079,3.177168846130371,6.174220085144043,6.943730354309082,1.9433088302612305,0.20936056971549988,0.05683492496609688,31.092941284179688,1.2235199213027954,5.007593631744385,3.832335948944092,8.638957023620605,50.27990198135376
61,1,0.6524477005004883,3.1974401473999023,6.139837265014648,6.922515392303467,1.920235276222229,0.2133423089981079,0.05719754844903946,30.723764419555664,1.2250920534133911,5.044554710388184,3.8378098011016846,8.637857437133789,51.48896813392639
62,1,0.6406717896461487,3.217373847961426,6.105788707733154,6.901604652404785,1.8977553844451904,0.21732161939144135,0.057554133236408234,30.364086151123047,1.2266675233840942,5.081088066101074,3.8428256511688232,8.63664722442627,51.49592661857605
63,1,0.6290602684020996,3.2369799613952637,6.072079181671143,6.8810014724731445,1.8758469820022583,0.22129760682582855,0.05790485814213753,30.013551712036133,1.2282466888427734,5.117156982421875,3.847368001937866,8.63532829284668,51.502907037734985
64,1,0.6176087260246277,3.256269931793213,6.0387139320373535,6.860711097717285,1.8544881343841553,0.22526957094669342,0.058249928057193756,29.671810150146484,1.2298299074172974,5.152726650238037,3.851424217224121,8.633902549743652,51.50986838340759
65,1,0.6063123345375061,3.275252342224121,6.00568962097168,6.840729713439941,1.8336570262908936,0.22923697531223297,0.058589495718479156,29.338512420654297,1.2314174175262451,5.187759876251221,3.8549790382385254,8.63237190246582,51.51682639122009
66,1,0.595166802406311,3.293938398361206,5.973008632659912,6.821060657501221,1.8133333921432495,0.23319923877716064,0.058923762291669846,29.013334274291992,1.2330094575881958,5.22222375869751,3.858018636703491,8.630738258361816,51.52379655838013
67,1,0.5841673612594604,3.312340021133423,5.940671920776367,6.801703929901123,1.7934969663619995,0.23715615272521973,0.059252940118312836,28.695951461791992,1.2346065044403076,5.2560858726501465,3.8605284690856934,8.629002571105957,51.53074550628662
68,1,0.5733091831207275,3.330467939376831,5.908677577972412,6.782660007476807,1.7741283178329468,0.24110731482505798,0.05957722291350365,28.38605308532715,1.2362090349197388,5.289313316345215,3.862494707107544,8.627165794372559,51.53768515586853
69,1,0.5625876188278198,3.3483333587646484,5.877022743225098,6.7639288902282715,1.7552083730697632,0.24505260586738586,0.0598968081176281,28.08333396911621,1.2378172874450684,5.321876525878906,3.863903045654297,8.625229835510254,51.544652700424194
70,1,0.5519975423812866,3.365949869155884,5.84570837020874,6.745511531829834,1.736718773841858,0.24899205565452576,0.060211941599845886,27.787500381469727,1.2394319772720337,5.353747844696045,3.8647384643554688,8.623196601867676,51.55161380767822
71,1,0.5415341854095459,3.383328676223755,5.8147292137146,6.727405548095703,1.7186415195465088,0.2529258131980896,0.06052282452583313,27.49826431274414,1.241053581237793,5.384899616241455,3.8788139820098877,8.62106704711914,52.76097631454468
72,1,0.5311922430992126,3.400482654571533,5.784081935882568,6.709611415863037,1.7009590864181519,0.25685402750968933,0.060829684138298035,27.21534538269043,1.242682695388794,5.415307521820068,3.9121274948120117,8.618840217590332,52.767961740493774
73,1,0.5209670066833496,3.4174232482910156,5.753761291503906,6.6921257972717285,1.6836549043655396,0.2607770562171936,0.061132725328207016,26.938478469848633,1.2443196773529053,5.444948196411133,3.945924997329712,8.616519927978516,52.77492928504944
74,1,0.5108531713485718,3.434164524078369,5.723764896392822,6.674951076507568,1.6667125225067139,0.2646951675415039,0.06143220514059067,26.667400360107422,1.2459654808044434,5.473801612854004,3.980203151702881,8.614105224609375,52.78187918663025
75,1,0.5008454918861389,3.450718402862549,5.694085121154785,6.658082962036133,1.6501158475875854,0.26860904693603516,0.061728328466415405,26.401853561401367,1.2476203441619873,5.5018486976623535,4.014958381652832,8.611598014831543,52.78885054588318
76,1,0.490939199924469,3.467097759246826,5.664717674255371,6.6415205001831055,1.6338499784469604,0.27251923084259033,0.06202132999897003,26.141599655151367,1.2492852210998535,5.529074192047119,4.05018949508667,8.608999252319336,52.79580616950989
77,1,0.48112887144088745,3.483316421508789,5.635656833648682,6.625263690948486,1.617899775505066,0.27642640471458435,0.062311459332704544,25.886396408081055,1.2509609460830688,5.555464267730713,4.085890293121338,8.606307029724121,52.80278420448303
78,1,0.47140955924987793,3.499385118484497,5.606893539428711,6.609307765960693,1.6022510528564453,0.28033125400543213,0.06259890645742416,25.636016845703125,1.2526477575302124,5.58100700378418,4.1220598220825195,8.603524208068848,52.80973958969116
79,1,0.4617759585380554,3.5153191089630127,5.578423976898193,6.593654632568359,1.5868897438049316,0.2842347323894501,0.06288394331932068,25.390235900878906,1.2543468475341797,5.605694770812988,4.158693313598633,8.6006498336792,52.81668829917908
80,1,0.45222312211990356,3.5311312675476074,5.550241470336914,6.578302383422852,1.5718026161193848,0.28813767433166504,0.0631667971611023,25.148841857910156,1.2560590505599976,5.62952184677124,4.195789813995361,8.597685813903809,52.8236448764801
81,1,0.44274598360061646,3.546832323074341,5.522335529327393,6.563246726989746,1.5569767951965332,0.29204103350639343,0.06344766914844513,24.91162872314453,1.2577848434448242,5.652482986450195,4.2333455085754395,8.59463119506836,54.03362011909485
82,1,0.4333394169807434,3.562436819076538,5.494701385498047,6.548488140106201,1.5423996448516846,0.2959458529949188,0.06372680515050888,24.678394317626953,1.2595252990722656,5.674576759338379,4.271359443664551,8.591485023498535,54.040627002716064
83,1,0.4239983856678009,3.5779571533203125,5.467329978942871,6.534024715423584,1.5280591249465942,0.29985323548316956,0.06400444358587265,24.448945999145508,1.2612813711166382,5.695805549621582,4.309830188751221,8.588248252868652,54.04761052131653
84,1,0.4147179424762726,3.5934054851531982,5.440213680267334,6.519853115081787,1.5139436721801758,0.30376437306404114,0.06428079307079315,24.223098754882812,1.2630537748336792,5.716171741485596,4.348755836486816,8.584921836853027,54.05456256866455
85,1,0.4054933190345764,3.608795166015625,5.4133453369140625,6.505974769592285,1.5000423192977905,0.30768030881881714,0.06455609202384949,24.00067710876465,1.2648435831069946,5.73568058013916,4.388136386871338,8.581504821777344,54.0615177154541
86,1,0.3963192403316498,3.624138355255127,5.386715412139893,6.492386817932129,1.4863437414169312,0.311602383852005,0.06483055651187897,23.7814998626709,1.2666516304016113,5.754340171813965,4.427972793579102,8.577995300292969,54.068474531173706
87,1,0.387191504240036,3.6394474506378174,5.360318183898926,6.479088306427002,1.4728385210037231,0.31553179025650024,0.0651044175028801,23.56541633605957,1.2684789896011353,5.772158622741699,4.468265533447266,8.574395179748535,54.075430393218994
88,1,0.3781047463417053,3.6547346115112305,5.334143161773682,6.466078281402588,1.4595158100128174,0.31946977972984314,0.06537788361310959,23.352252960205078,1.2703267335891724,5.789146900177002,4.509016513824463,8.57070255279541,54.082377672195435
89,1,0.3690546751022339,3.6700124740600586,5.308183670043945,6.4533562660217285,1.4463666677474976,0.3234177231788635,0.06565117835998535,23.14186668395996,1.272195816040039,5.80531644821167,4.55022668838501,8.566917419433594,54.089338302612305
90,1,0.3600364625453949,3.6852915287017822,5.282429218292236,6.440918445587158,1.4333816766738892,0.32737693190574646,0.0659245029091835,22.934106826782227,1.2740871906280518,5.820679187774658,4.591899394989014,8.563037872314453,54.096280336380005
91,1,0.35104554891586304,3.70058536529541,5.256874084472656,6.428767681121826,1.4205520153045654,0.3313487768173218,0.06619808822870255,22.728832244873047,1.276002049446106,5.835251331329346,4.63403844833374,8.559064865112305,55.30783200263977
92,1,0.3420775532722473,3.715904712677002,5.231508731842041,6.4169020652771,1.4078694581985474,0.33533456921577454,0.066472128033638,22.525911331176758,1.2779414653778076,5.849044322967529,4.676647663116455,8.554996490478516,55.314818143844604
93,1,0.33312782645225525,3.7312629222869873,5.206326961517334,6.405323028564453,1.3953256607055664,0.33933576941490173,0.06674686074256897,22.325210571289062,1.2799068689346313,5.862075328826904,4.719730377197266,8.550832748413086,55.32179355621338
94,1,0.32419222593307495,3.746669292449951,5.181318283081055,6.394027233123779,1.3829131126403809,0.3433537483215332,0.06702245771884918,22.126609802246094,1.2818989753723145,5.874356269836426,4.763293743133545,8.546570777893066,55.328723192214966
95,1,0.3152662515640259,3.762136459350586,5.156475067138672,6.383017063140869,1.3706241846084595,0.3473897874355316,0.06729914247989655,21.92998695373535,1.283919095993042,5.88590145111084,4.807341575622559,8.542211532592773,55.335686922073364
96,1,0.3063456118106842,3.7776753902435303,5.131789684295654,6.372291564941406,1.3584517240524292,0.3514455258846283,0.06757711619138718,21.735227584838867,1.2859684228897095,5.896725177764893,4.851881980895996,8.537752151489258,55.342647075653076
97,1,0.29742613434791565,3.7932982444763184,5.107254981994629,6.361852645874023,1.3463889360427856,0.3555222451686859,0.06785658001899719,21.54222297668457,1.288048505783081,5.9068403244018555,4.896920204162598,8.53319263458252,55.34961986541748
98,1,0.2885036766529083,3.809016704559326,5.0828633308410645,6.351701259613037,1.3344292640686035,0.35962146520614624,0.0681377649307251,21.350868225097656,1.2901604175567627,5.916257858276367,4.942464828491211,8.52853012084961,55.356589794158936
99,1,0.2795741856098175,3.8248403072357178,5.058605670928955,6.341836929321289,1.3225665092468262,0.3637445271015167,0.06842082738876343,21.16106414794922,1.29230535030365,5.924986362457275,4.988524436950684,8.523764610290527,55.36356592178345
100,1,0.2706335186958313,3.8407814502716064,5.034475326538086,6.3322625160217285,1.3107945919036865,0.367892861366272,0.06870599091053009,20.972713470458984,1.2944847345352173,5.933034896850586,5.035106182098389,8.518893241882324,55.370511293411255
101,1,0.2616778016090393,3.8568506240844727,5.010465145111084,6.322978973388672,1.2991079092025757,0.3720678389072418,0.06899344176054001,20.78572654724121,1.296700119972229,5.940410137176514,5.0822224617004395,8.513916015625,56.569551944732666
102,1,0.25270283222198486,3.8730592727661133,4.986566066741943,6.313986778259277,1.2875006198883057,0.37627118825912476,0.0692833885550499,20.60000991821289,1.2989526987075806,5.947116374969482,5.129879951477051,8.508830070495605,56.57653880119324
103,1,0.2437048852443695,3.8894202709198,4.962774753570557,6.305293083190918,1.2759677171707153,0.38050395250320435,0.06957606971263885,20.415483474731445,1.3012442588806152,5.953156471252441,5.178091526031494,8.503632545471191,56.583518743515015
104,1,0.23467981815338135,3.9059412479400635,4.939077854156494,6.296893119812012,1.264503836631775,0.3847678303718567,0.06987160444259644,20.2320613861084,1.3035757541656494,5.958528995513916,5.226866722106934,8.498323440551758,56.59047269821167
105,1,0.22562412917613983,3.922636032104492,4.915472984313965,6.288795471191406,1.253104567527771,0.3890640139579773,0.07017024606466293,20.049673080444336,1.3059492111206055,5.96323299407959,5.27778434753418,8.492899894714355,56.59742307662964
106,1,0.21653367578983307,3.9395151138305664,4.891951560974121,6.281001091003418,1.2417649030685425,0.3933940827846527,0.07047218829393387,19.86823844909668,1.3083659410476685,5.96726655960083,5.331862926483154,8.487359046936035,56.60437822341919
107,1,0.20740479230880737,3.956590175628662,4.868507385253906,6.273513317108154,1.2304805517196655,0.39775943756103516,0.07077763974666595,19.68768882751465,1.310827612876892,5.970620155334473,5.386661529541016,8.481701850891113,56.61134219169617
108,1,0.19823382794857025,3.973871946334839,4.845133304595947,6.266336917877197,1.2192474603652954,0.40216127038002014,0.07108678668737411,19.507959365844727,1.3133360147476196,5.973288536071777,5.442193984985352,8.475921630859375,56.61827111244202
109,1,0.18901687860488892,3.9913718700408936,4.821822166442871,6.259474754333496,1.2080613374710083,0.4066011607646942,0.07139983028173447,19.328981399536133,1.3158926963806152,5.975260257720947,5.498476028442383,8.470019340515137,56.62522768974304
110,1,0.17975032329559326,4.009100914001465,4.798566818237305,6.252930164337158,1.1969184875488281,0.41108042001724243,0.07171697914600372,19.15069580078125,1.318499207496643,5.9765238761901855,5.555519104003906,8.46399211883545,56.63218593597412
111,1,0.17043037712574005,4.027071952819824,4.775362491607666,6.246710777282715,1.1858150959014893,0.41560038924217224,0.07203845679759979,18.973041534423828,1.321157693862915,5.977067470550537,5.613336086273193,8.457837104797363,57.82548928260803
112,1,0.1610536128282547,4.045293807983398,4.752200603485107,6.240818023681641,1.1747479438781738,0.4201623201370239,0.07236441969871521,18.79596710205078,1.3238695859909058,5.9768757820129395,5.671942710876465,8.45155143737793,57.832467794418335
113,1,0.1516161412000656,4.063780307769775,4.729075908660889,6.235260009765625,1.1637134552001953,0.42476752400398254,0.07269511371850967,18.619415283203125,1.3266370296478271,6.020190238952637,5.731350898742676,8.4451322555542,57.83943033218384
114,1,0.14211483299732208,4.082540512084961,4.705981254577637,6.230040073394775,1.1527090072631836,0.42941707372665405,0.07303070276975632,18.443344116210938,1.329461693763733,6.0700531005859375,5.7915730476379395,8.438578605651855,57.84637236595154
115,1,0.1325460821390152,4.101588726043701,4.682913303375244,6.225167274475098,1.1417316198349,0.4341123700141907,0.07337144762277603,18.2677059173584,1.332345724105835,6.120514869689941,5.8780999183654785,8.431886672973633,57.853320837020874
116,1,0.1229061707854271,4.120933532714844,4.659862041473389,6.220643520355225,1.1307783126831055,0.43885454535484314,0.07371750473976135,18.092453002929688,1.335290551185608,6.171576976776123,5.97210168838501,8.425052642822266,57.86026930809021
117,1,0.11319201439619064,4.140588283538818,4.636825084686279,6.216479778289795,1.1198469400405884,0.4436444938182831,0.07406909763813019,17.917551040649414,1.3382987976074219,6.223244667053223,6.067851543426514,8.418076515197754,57.86722445487976
118,1,0.10340030491352081,4.160562515258789,4.613794326782227,6.212678909301758,1.1089352369308472,0.44848331809043884,0.07442640513181686,17.742963790893555,1.3413718938827515,6.275520324707031,6.165353775024414,8.4109525680542,57.874170780181885
119,1,0.09352784603834152,4.180869102478027,4.590766429901123,6.209251403808594,1.0980411767959595,0.45337194204330444,0.07478965818881989,17.56865882873535,1.3445122241973877,6.328403949737549,6.264613628387451,8.403679847717285,57.881131172180176
120,1,0.08357163518667221,4.201518535614014,4.56773567199707,6.206204414367676,1.0871630907058716,0.45831114053726196,0.07515905052423477,17.394609451293945,1.347721815109253,6.381893634796143,6.365627288818359,8.396254539489746,57.88808226585388
121,1,0.07352837175130844,4.222523212432861,4.5446977615356445,6.203545570373535,1.0762990713119507,0.46330195665359497,0.07553479075431824,17.22078514099121,1.3510026931762695,6.435988903045654,6.468389511108398,8.388675689697266,59.0745325088501
122,1,0.06339563429355621,4.24389123916626,4.521646499633789,6.201282024383545,1.06544828414917,0.4683445990085602,0.07591703534126282,17.04717254638672,1.3543566465377808,6.490682125091553,6.572892189025879,8.380937576293945,59.08151435852051
123,1,0.05317036435008049,4.265634059906006,4.498577117919922,6.1994218826293945,1.0546092987060547,0.47343987226486206,0.07630598545074463,16.873748779296875,1.3577858209609985,6.545971393585205,6.6791205406188965,8.373039245605469,59.088480949401855
124,1,0.04285019263625145,4.287763595581055,4.475488185882568,6.197976589202881,1.0437815189361572,0.4785879850387573,0.07670184969902039,16.700504302978516,1.3612926006317139,6.601848602294922,6.787055492401123,8.364977836608887,59.09541654586792
125,1,0.032432448118925095,4.310288906097412,4.45237398147583,6.196952819824219,1.0329641103744507,0.4837894141674042,0.07710479199886322,16.52742576599121,1.36487877368927,6.658309459686279,6.896673202514648,8.356749534606934,59.10236072540283
126,1,0.021915055811405182,4.333220958709717,4.429232120513916,6.196361541748047,1.0221569538116455,0.4890442490577698,0.07751501351594925,16.354511260986328,1.368546485900879,6.715345859527588,7.007943630218506,8.348352432250977,59.10932421684265
127,1,0.011295890435576439,4.356566429138184,4.406056880950928,6.19620943069458,1.0113599300384521,0.49435222148895264,0.07793263345956802,16.181758880615234,1.3722974061965942,6.77294921875,7.120832920074463,8.339784622192383,59.11627745628357
128,1,0.0005728749092668295,4.380338668823242,4.382848739624023,6.19650936126709,1.0005730390548706,0.49971356987953186,0.07835788279771805,16.00916862487793,1.3761341571807861,6.831113338470459,7.235300540924072,8.33104133605957,59.12322235107422
129,1,-0.010255591943860054,4.404543399810791,4.359602928161621,6.197268962860107,0.9897968173027039,0.5051276087760925,0.07879086583852768,15.836749076843262,1.3800582885742188,6.889827251434326,7.351300239562988,8.322122573852539,59.13017225265503
130,1,-0.021191032603383064,4.429190635681152,4.3363189697265625,6.1984992027282715,0.9790319204330444,0.5105939507484436,0.07923176884651184,15.664510726928711,1.3840718269348145,6.949079990386963,7.468780040740967,8.313024520874023,59.1371169090271
131,1,-0.03223482146859169,4.454287528991699,4.312994003295898,6.200209617614746,0.9682791829109192,0.5161117315292358,0.07968071848154068,15.492466926574707,1.388176679611206,7.008861064910889,7.587684154510498,8.303743362426758,60.332005977630615
132,1,-0.04338837042450905,4.4798431396484375,4.289626598358154,6.2024102210998535,0.957539439201355,0.5216805338859558,0.08013787120580673,15.32063102722168,1.3923746347427368,7.069155693054199,7.707947731018066,8.294279098510742,60.33898639678955
133,1,-0.05465173348784447,4.505859851837158,4.266214847564697,6.205108165740967,0.9468148350715637,0.527298629283905,0.08060327172279358,15.14903736114502,1.396667242050171,7.129949569702148,7.829507827758789,8.284627914428711,60.34595274925232
134,1,-0.06602653115987778,4.532349109649658,4.2427592277526855,6.208316802978516,0.9361060261726379,0.532965362071991,0.08107712864875793,14.977696418762207,1.4010566473007202,7.191225528717041,7.952287673950195,8.274788856506348,60.35290718078613
135,1,-0.07751275599002838,4.5593132972717285,4.219257831573486,6.212042808532715,0.9254152178764343,0.5386789441108704,0.08155947923660278,14.80664348602295,1.4055439233779907,7.252961158752441,8.076210975646973,8.264760971069336,60.35988187789917
136,1,-0.08911075443029404,4.586758613586426,4.195711135864258,6.216296672821045,0.9147442579269409,0.544437825679779,0.08205043524503708,14.635908126831055,1.4101308584213257,7.3151350021362305,8.20119571685791,8.254539489746094,60.36683940887451
137,1,-0.1008203774690628,4.614688396453857,4.172118663787842,6.221086502075195,0.9040954113006592,0.550240159034729,0.0825500562787056,14.465526580810547,1.4148190021514893,7.377722263336182,8.327155113220215,8.244125366210938,60.37381076812744
138,1,-0.11264146119356155,4.6431050300598145,4.148479461669922,6.226419925689697,0.8934709429740906,0.5560837388038635,0.08305838704109192,14.29553508758545,1.4196090698242188,7.440693378448486,8.453998565673828,8.233514785766602,60.38077402114868
139,1,-0.124573715031147,4.672011852264404,4.124794006347656,6.232304573059082,0.8828731775283813,0.561966598033905,0.08357548713684082,14.125970840454102,1.4245027303695679,7.5040154457092285,8.581629753112793,8.222707748413086,60.38772654533386
140,1,-0.13661617040634155,4.701410293579102,4.1010637283325195,6.238748550415039,0.8723049759864807,0.567886233329773,0.08410138636827469,13.956879615783691,1.4295008182525635,7.567656993865967,8.709949493408203,8.21170425415039,60.39469075202942
141,1,-0.14876841008663177,4.731301307678223,4.077287197113037,6.245757102966309,0.8617686629295349,0.5738402605056763,0.08463609218597412,13.788298606872559,1.4346044063568115,7.631579875946045,8.838855743408203,8.200499534606934,61.596797466278076
142,1,-0.16102918982505798,4.761683940887451,4.053465366363525,6.253336429595947,0.8512672185897827,0.579825758934021,0.08517958968877792,13.620275497436523,1.4398139715194702,7.695747375488281,8.968241691589355,8.189096450805664,61.60381603240967
143,1,-0.17339736223220825,4.7925567626953125,4.029598236083984,6.261490821838379,0.8408034443855286,0.5858400464057922,0.0857318639755249,13.452855110168457,1.4451303482055664,7.760119438171387,9.098000526428223,8.177492141723633,61.610806465148926
144,1,-0.18587139248847961,4.823917865753174,4.0056867599487305,6.270223617553711,0.830380380153656,0.5918801426887512,0.08629287034273148,13.286086082458496,1.4505538940429688,7.8246564865112305,9.228020668029785,8.16568660736084,61.617796897888184
145,1,-0.19845029711723328,4.855764865875244,3.981729745864868,6.279540061950684,0.8200005292892456,0.5979427695274353,0.08686256408691406,13.12000846862793,1.4560850858688354,7.8893208503723145,9.358187675476074,8.153679847717285,61.624736070632935
146,1,-0.21113194525241852,4.888091087341309,3.9577271938323975,6.289438724517822,0.8096672296524048,0.6040248274803162,0.08744083344936371,12.954675674438477,1.4617236852645874,7.95407247543335,9.488391876220703,8.14146900177002,61.63166427612305
147,1,-0.22391481697559357,4.92089319229126,3.9336793422698975,6.299922466278076,0.7993832230567932,0.6101230978965759,0.08802761137485504,12.790131568908691,1.4674700498580933,8.018877029418945,9.618522644042969,8.129056930541992,61.6385817527771
148,1,-0.23679742217063904,4.954164028167725,3.9095842838287354,6.310989856719971,0.789151132106781,0.6162341833114624,0.08862277865409851,12.626418113708496,1.4733238220214844,8.083697319030762,9.748458862304688,8.116442680358887,61.645514726638794
149,1,-0.24977737665176392,4.987894535064697,3.8854410648345947,6.322637557983398,0.778974175453186,0.6223546266555786,0.08922617137432098,12.463586807250977,1.479284405708313,8.148505210876465,9.878095626831055,8.103625297546387,61.652451038360596
150,1,-0.26285314559936523,5.022078037261963,3.861248731613159,6.334864616394043,0.7688547968864441,0.6284811496734619,0.08983766287565231,12.301676750183105,1.4853514432907104,8.21327018737793,10.007319450378418,8.090606689453125,61.65940618515015
151,1,-0.2760228216648102,5.056703090667725,3.8370041847229004,6.347664833068848,0.7587956190109253,0.6346099972724915,0.09045705944299698,12.140729904174805,1.4915239810943604,8.277965545654297,10.136019706726074,8.077386856079102,62.86235785484314
152,1,-0.28928425908088684,5.091759204864502,3.8127057552337646,6.361032962799072,0.7487993240356445,0.6407378911972046,0.09108415991067886,11.980789184570312,1.4978011846542358,8.342571258544922,10.264093399047852,8.06396484375,62.869324922561646
153,1,-0.30263566970825195,5.127234935760498,3.788351058959961,6.374961853027344,0.738868236541748,0.6468613743782043,0.09171877056360245,11.821891784667969,1.504181981086731,8.407066345214844,10.391435623168945,8.050342559814453,62.87627458572388
154,1,-0.3160746395587921,5.163115978240967,3.7639377117156982,6.389443874359131,0.7290050387382507,0.6529766321182251,0.09236063063144684,11.664080619812012,1.510664939880371,8.471434593200684,10.517945289611816,8.036520957946777,62.88321805000305
155,1,-0.32959961891174316,5.199389457702637,3.7394614219665527,6.404468536376953,0.7192116379737854,0.6590806245803833,0.09300950914621353,11.507386207580566,1.5172486305236816,8.535661697387695,10.643519401550293,8.022500991821289,62.890172243118286
156,1,-0.34320804476737976,5.236038684844971,3.7149202823638916,6.4200263023376465,0.7094905972480774,0.6651691794395447,0.09366510808467865,11.351849555969238,1.5239315032958984,8.599738121032715,10.76806640625,8.008284568786621,62.897125244140625
157,1,-0.35689815878868103,5.273048400878906,3.690310001373291,6.436103343963623,0.6998437643051147,0.6712394952774048,0.0943271592259407,11.197500228881836,1.5307115316390991,8.663655281066895,10.891486167907715,7.993871688842773,62.904080867767334
158,1,-0.37066787481307983,5.310401439666748,3.6656277179718018,6.452688217163086,0.6902731657028198,0.6772879362106323,0.09499534964561462,11.044370651245117,1.53758704662323,8.727408409118652,11.013688087463379,7.979263782501221,62.91104340553284
159,1,-0.38451477885246277,5.348080158233643,3.6408708095550537,6.469768047332764,0.6807808876037598,0.6833109855651855,0.09566936641931534,10.892494201660156,1.544555902481079,8.790996551513672,11.134581565856934,7.964463710784912,62.91797757148743
160,1,-0.39843669533729553,5.386064529418945,3.6160354614257812,6.487326145172119,0.6713687777519226,0.6893053650856018,0.0963488519191742,10.741900444030762,1.551615834236145,8.854418754577637,11.254076957702637,7.9494733810424805,62.92493271827698
161,1,-0.4124315679073334,5.424334526062012,3.591118335723877,6.505346775054932,0.6620385050773621,0.6952676177024841,0.09703344851732254,10.592616081237793,1.5587642192840576,8.917678833007812,11.372087478637695,7.9342942237854,64.12907695770264
162,1,-0.42649686336517334,5.462872505187988,3.5661189556121826,6.5238165855407715,0.6527919173240662,0.701194703578949,0.09772283583879471,10.444670677185059,1.5659990310668945,8.98078727722168,11.488527297973633,7.918929100036621,64.13605856895447
163,1,-0.4406302869319916,5.501656532287598,3.541034698486328,6.542717933654785,0.6436306238174438,0.7070832252502441,0.09841662645339966,10.298089981079102,1.5733178853988647,9.043749809265137,11.603312492370605,7.903379917144775,64.14304828643799
164,1,-0.4548293650150299,5.5406646728515625,3.5158634185791016,6.562032222747803,0.634556233882904,0.7129302024841309,0.09911442548036575,10.152899742126465,1.5807175636291504,9.106575965881348,11.716357231140137,7.887650012969971,64.14998936653137
165,1,-0.4690914750099182,5.579874515533447,3.4906041622161865,6.5817413330078125,0.6255703568458557,0.7187324166297913,0.09981583058834076,10.009125709533691,1.58819580078125,9.169278144836426,11.827584266662598,7.871741771697998,64.15693473815918
166,1,-0.48341405391693115,5.619265079498291,3.465256929397583,6.6018290519714355,0.6166744232177734,0.724486768245697,0.10052046924829483,9.866790771484375,1.5957497358322144,9.231865882873535,11.936911582946777,7.855658054351807,64.16390490531921
167,1,-0.4977944493293762,5.658814430236816,3.4398226737976074,6.622277736663818,0.6078698635101318,0.7301904559135437,0.10122795403003693,9.72591781616211,1.6033767461776733,9.294349670410156,12.04426383972168,7.839402675628662,64.17087531089783
168,1,-0.5122297406196594,5.698498249053955,3.4143013954162598,6.643066883087158,0.5991581082344055,0.7358403205871582,0.10193783789873123,9.586529731750488,1.6110739707946777,9.356736183166504,12.149561882019043,7.8229804039001465,64.17781639099121
169,1,-0.5267171859741211,5.738293647766113,3.3886942863464355,6.664177417755127,0.5905404090881348,0.74143385887146,0.10264971852302551,9.448646545410156,1.6188383102416992,9.419029235839844,12.252729415893555,7.806392192840576,64.18479084968567
170,1,-0.5412538051605225,5.778180122375488,3.3630053997039795,6.68559455871582,0.5820180773735046,0.7469682097434998,0.10336323082447052,9.312289237976074,1.6266673803329468,9.481233596801758,12.353696823120117,7.789644241333008,64.19172883033752
171,1,-0.5558367967605591,5.818132400512695,3.3372347354888916,6.707294464111328,0.5735920667648315,0.7524409890174866,0.10407792031764984,9.177473068237305,1.6345579624176025,9.543344497680664,12.45238971710205,7.772739887237549,65.38744473457336
172,1,-0.5704628229141235,5.858129978179932,3.3113884925842285,6.729262828826904,0.5652637481689453,0.7578496336936951,0.10479341447353363,9.044219970703125,1.6425076723098755,9.605355262756348,12.548739433288574,7.7556843757629395,65.39440846443176
173,1,-0.5851289629936218,5.8981475830078125,3.285468816757202,6.75147819519043,0.5570340156555176,0.7631914615631104,0.10550927370786667,8.912544250488281,1.6505131721496582,9.667252540588379,12.64268684387207,7.738480567932129,65.40136909484863
174,1,-0.5998324751853943,5.938169002532959,3.2594823837280273,6.773926258087158,0.5489035844802856,0.7684651613235474,0.10622519999742508,8.78245735168457,1.6585724353790283,9.729021072387695,12.734164237976074,7.721135139465332,65.40831851959229
175,1,-0.614569902420044,5.9781670570373535,3.233431816101074,6.796584129333496,0.5408734679222107,0.773668110370636,0.10694070160388947,8.653975486755371,1.666682243347168,9.790637016296387,12.82311725616455,7.703652381896973,65.41528058052063
176,1,-0.6293383240699768,6.018123149871826,3.207324504852295,6.819438457489014,0.5329443216323853,0.7787981629371643,0.10765545815229416,8.527109146118164,1.6748400926589966,9.852079391479492,12.909493446350098,7.686038017272949,65.42223358154297
177,1,-0.6441348195075989,6.058020114898682,3.1811673641204834,6.842473030090332,0.5251166820526123,0.783854067325592,0.10836915671825409,8.401866912841797,1.6830437183380127,9.91331958770752,12.993245124816895,7.668298244476318,65.4291775226593
178,1,-0.6589563488960266,6.097835063934326,3.1549651622772217,6.865667819976807,0.51739102602005,0.7888343334197998,0.10908139497041702,8.2782564163208,1.6912901401519775,9.974334716796875,13.07433032989502,7.65043830871582,65.43611979484558
179,1,-0.6737998723983765,6.1375508308410645,3.128726005554199,6.889009475708008,0.5097678303718567,0.79373699426651,0.10979185253381729,8.156285285949707,1.6995769739151,10.035094261169434,13.152715682983398,7.632465362548828,65.44308686256409
180,1,-0.6886624693870544,6.177152633666992,3.1024587154388428,6.9124860763549805,0.5022473931312561,0.7985610961914062,0.110500268638134,8.035958290100098,1.707902193069458,10.09558391571045,13.22836685180664,7.61438512802124,65.45004868507385
181,1,-0.7035413384437561,6.216619968414307,3.076169013977051,6.936078071594238,0.49482983350753784,0.8033053278923035,0.11120627820491791,7.9172773361206055,1.7162628173828125,10.155780792236328,13.301267623901367,7.596205711364746,66.63824892044067
182,1,-0.7184336185455322,6.255940914154053,3.0498669147491455,6.959775924682617,0.48751530051231384,0.8079690933227539,0.11190967261791229,7.8002448081970215,1.7246569395065308,10.215669631958008,13.371397018432617,7.577933311462402,66.6452271938324
183,1,-0.733336329460144,6.295099258422852,3.0235605239868164,6.9835662841796875,0.4803038537502289,0.812550961971283,0.11261016130447388,7.684861660003662,1.7330819368362427,10.275247573852539,13.438748359680176,7.559576511383057,66.65218424797058
184,1,-0.7482465505599976,6.334079742431641,2.997258424758911,7.0074334144592285,0.47319555282592773,0.8170508742332458,0.11330746859312057,7.571128845214844,1.7415355443954468,10.334507942199707,13.503318786621094,7.54114294052124,66.6591112613678
185,1,-0.7631614804267883,6.372872829437256,2.97097110748291,7.031371116638184,0.46619024872779846,0.8214676380157471,0.11400141566991806,7.459043979644775,1.7500157356262207,10.393460273742676,13.565115928649902,7.522640228271484,66.66604542732239
186,1,-0.7780782580375671,6.411464214324951,2.944707155227661,7.055365085601807,0.4592877924442291,0.8258011341094971,0.11469176411628723,7.348604679107666,1.7585198879241943,10.452117919921875,13.624149322509766,7.5040764808654785,66.67297220230103
187,1,-0.7929936051368713,6.4498419761657715,2.9184772968292236,7.079404830932617,0.4524881839752197,0.8300507068634033,0.11537828296422958,7.239810943603516,1.7670457363128662,10.510496139526367,13.680441856384277,7.4854607582092285,66.67991399765015
188,1,-0.8079046010971069,6.487998008728027,2.8922922611236572,7.103483200073242,0.44579118490219116,0.8342164158821106,0.11606083810329437,7.132658958435059,1.7755911350250244,10.568624496459961,13.734020233154297,7.466799259185791,66.68684363365173
189,1,-0.8228076696395874,6.525918960571289,2.8661627769470215,7.127587795257568,0.43919679522514343,0.8382975459098816,0.1167391911149025,7.027148723602295,1.784153699874878,10.6265287399292,13.784926414489746,7.448101997375488,66.69380187988281
190,1,-0.837699294090271,6.5635986328125,2.8401012420654297,7.1517133712768555,0.432704895734787,0.8422942161560059,0.1174132227897644,6.923278331756592,1.7927314043045044,10.684237480163574,13.833202362060547,7.429376125335693,66.70077395439148
191,1,-0.852575957775116,6.6010284423828125,2.814119577407837,7.175851821899414,0.4263153374195099,0.8462063670158386,0.11808279156684875,6.821045398712158,1.801322102546692,10.741779327392578,13.878902435302734,7.4106292724609375,67.89255046844482
192,1,-0.8674336671829224,6.638199806213379,2.7882304191589355,7.1999945640563965,0.42002809047698975,0.8500340580940247,0.11874773353338242,6.720449447631836,1.8099232912063599,10.799175262451172,13.922082901000977,7.391870498657227,67.89957094192505
193,1,-0.8822680711746216,6.675107002258301,2.7624478340148926,7.224138259887695,0.41384321451187134,0.8537768125534058,0.11940794438123703,6.621491432189941,1.8185334205627441,10.8564453125,13.962807655334473,7.373106479644775,67.90656065940857
194,1,-0.8970747590065002,6.711745738983154,2.736786127090454,7.24827766418457,0.40776070952415466,0.8574352860450745,0.12006335705518723,6.524171352386475,1.8271503448486328,10.913597106933594,14.001147270202637,7.354346752166748,67.91352009773254
195,1,-0.9118492603302002,6.74811315536499,2.7112605571746826,7.272411346435547,0.40178054571151733,0.8610092997550964,0.12071391940116882,6.428488731384277,1.835772156715393,10.970633506774902,14.037163734436035,7.335597991943359,67.92048215866089
196,1,-0.9265864491462708,6.784204006195068,2.6858856678009033,7.296533584594727,0.3959028422832489,0.8644992709159851,0.12135953456163406,6.334445476531982,1.844396948814392,11.027544021606445,14.07092571258545,7.316869258880615,67.92745637893677
197,1,-0.9412814974784851,6.8200225830078125,2.6606788635253906,7.320650577545166,0.390127569437027,0.8679050803184509,0.12200027704238892,6.242041110992432,1.8530235290527344,11.08431625366211,14.10250473022461,7.298167705535889,67.9344367980957
198,1,-0.9559292793273926,6.855564594268799,2.6356542110443115,7.34475564956665,0.38445472717285156,0.8712278604507446,0.12263607233762741,6.151275634765625,1.8616496324539185,11.140931129455566,14.131959915161133,7.279503345489502,67.94139194488525
199,1,-0.9705244302749634,6.890832901000977,2.610828399658203,7.368853569030762,0.37888428568840027,0.8744673132896423,0.12326696515083313,6.062148571014404,1.8702740669250488,11.197366714477539,14.159358024597168,7.26088285446167,67.94832968711853
200,1,-0.9850621223449707,6.925832271575928,2.586216926574707,7.392947673797607,0.3734160363674164,0.8776243925094604,0.12389305979013443,5.974656581878662,1.8788954019546509,11.253605842590332,14.184755325317383,7.24231481552124,67.95527982711792
201,1,-0.9995373487472534,6.960565090179443,2.5618338584899902,7.417038917541504,0.368049681186676,0.8806997537612915,0.1245143786072731,5.888794898986816,1.88751220703125,11.309630393981934,14.208207130432129,7.2238078117370605,69.14638638496399
202,1,-1.0139451026916504,6.995038032531738,2.5376944541931152,7.441132545471191,0.3627849519252777,0.8836943507194519,0.1251310408115387,5.804559230804443,1.8961231708526611,11.365428924560547,14.229765892028809,7.20536994934082,69.15335035324097
203,1,-1.02828049659729,7.029254913330078,2.5138115882873535,7.465230941772461,0.35762134194374084,0.886608898639679,0.12574313580989838,5.7219414710998535,1.9047269821166992,11.420997619628906,14.249480247497559,7.187009334564209,69.16030669212341
204,1,-1.042539119720459,7.063221454620361,2.4901978969573975,7.489337921142578,0.3525583744049072,0.8894444108009338,0.1263507455587387,5.640933990478516,1.9133222103118896,11.476333618164062,14.267403602600098,7.168734073638916,69.16726040840149
205,1,-1.056715965270996,7.096941947937012,2.466864824295044,7.513454914093018,0.3475954532623291,0.8922019004821777,0.12695395946502686,5.561527252197266,1.9219071865081787,11.531444549560547,14.283588409423828,7.150552749633789,69.17422223091125
206,1,-1.070806622505188,7.130424499511719,2.443824291229248,7.537588119506836,0.34273195266723633,0.8948823809623718,0.12755291163921356,5.483711242675781,1.930480718612671,11.586344718933105,14.298084259033203,7.132471561431885,69.18117046356201
207,1,-1.0848063230514526,7.163671970367432,2.421086549758911,7.561736583709717,0.33796724677085876,0.8974872827529907,0.1281476616859436,5.40747594833374,1.9390407800674438,11.641047477722168,14.310930252075195,7.114499568939209,69.18814396858215
208,1,-1.0987108945846558,7.1966938972473145,2.3986613750457764,7.585906505584717,0.33330047130584717,0.9000177979469299,0.1287383735179901,5.332807540893555,1.947586178779602,11.695573806762695,14.322161674499512,7.096643924713135,69.19509243965149
209,1,-1.1125156879425049,7.229493618011475,2.376558303833008,7.6100993156433105,0.3287309408187866,0.9024748802185059,0.12932512164115906,5.259695053100586,1.9561151266098022,11.749932289123535,14.331801414489746,7.078912258148193,69.20205974578857
210,1,-1.1262164115905762,7.26207160949707,2.354783535003662,7.634309768676758,0.32425782084465027,0.9048601984977722,0.12990789115428925,5.188125133514404,1.9646251201629639,11.804123878479004,14.339844703674316,7.061310768127441,69.20902466773987
211,1,-1.1398088932037354,7.294432163238525,2.333343982696533,7.65854024887085,0.3198801279067993,0.9071747660636902,0.13048677146434784,5.118082046508789,1.9731144905090332,11.85814380645752,14.346282958984375,7.0438456535339355,70.38452434539795
212,1,-1.1532893180847168,7.32657527923584,2.3122448921203613,7.6827850341796875,0.31559696793556213,0.9094204306602478,0.13106176257133484,5.049551486968994,1.9815809726715088,11.911967277526855,14.351076126098633,7.026524066925049,70.39150047302246
213,1,-1.1666538715362549,7.358498573303223,2.291489601135254,7.707036972045898,0.311407208442688,0.9115983843803406,0.13163281977176666,4.982515335083008,1.99002206325531,11.96556282043457,14.354181289672852,7.00935173034668,70.39844965934753
214,1,-1.179898738861084,7.390199184417725,2.2710812091827393,7.731290340423584,0.3073098659515381,0.9137098789215088,0.13219989836215973,4.916957855224609,1.998435616493225,12.018885612487793,14.355535507202148,6.992332935333252,70.40540885925293
215,1,-1.193020224571228,7.421672344207764,2.25102162361145,7.755534648895264,0.3033038377761841,0.9157565832138062,0.13276290893554688,4.852861404418945,2.0068187713623047,12.07188606262207,14.355085372924805,6.975473403930664,70.41235089302063
216,1,-1.2060151100158691,7.452906608581543,2.2313103675842285,7.779753684997559,0.29938793182373047,0.9177400469779968,0.1333216428756714,4.7902069091796875,2.0151686668395996,12.124503135681152,14.352765083312988,6.95877742767334,70.4193115234375
217,1,-1.2188796997070312,7.483893871307373,2.2119479179382324,7.803933620452881,0.2955611050128937,0.9196617007255554,0.13387596607208252,4.728977680206299,2.023482322692871,12.176677703857422,14.348529815673828,6.942249774932861,70.42626547813416
218,1,-1.2316101789474487,7.51462459564209,2.1929352283477783,7.828061580657959,0.29182231426239014,0.9215227961540222,0.13442569971084595,4.669157028198242,2.031756639480591,12.228353500366211,14.3423433303833,6.9258928298950195,70.43321180343628
219,1,-1.2442022562026978,7.5450849533081055,2.174272298812866,7.852119445800781,0.2881706953048706,0.923324704170227,0.13497059047222137,4.61073112487793,2.0399887561798096,12.279471397399902,14.33418083190918,6.909711837768555,70.44017887115479
220,1,-1.2566523551940918,7.575264930725098,2.1559596061706543,7.876090049743652,0.2846051752567291,0.9250693917274475,0.13551045954227448,4.553682804107666,2.048175096511841,12.329963684082031,14.324040412902832,6.893711090087891,70.4471366405487
221,1,-1.2689555883407593,7.6051530838012695,2.1379992961883545,7.899961471557617,0.2811250686645508,0.9267572164535522,0.13604511320590973,4.4980010986328125,2.0563127994537354,12.379767417907715,14.31193733215332,6.877894878387451,71.63436532020569
222,1,-1.281107783317566,7.634739398956299,2.120392084121704,7.923717975616455,0.27772945165634155,0.9283899664878845,0.1365743726491928,4.443671226501465,2.0643985271453857,12.428812980651855,14.297889709472656,6.862269401550293,71.64132404327393
223,1,-1.293104887008667,7.664016246795654,2.103139638900757,7.947348594665527,0.2744174301624298,0.9299685955047607,0.13709808886051178,4.390678882598877,2.0724291801452637,12.477046012878418,14.281951904296875,6.846837997436523,71.64824891090393
224,1,-1.3049426078796387,7.692975044250488,2.0862433910369873,7.970839023590088,0.2711881101131439,0.9314950704574585,0.1376161277294159,4.339009761810303,2.0804014205932617,12.545917510986328,14.265813827514648,6.831607341766357,71.65517354011536
225,1,-1.3166172504425049,7.721610069274902,2.069704055786133,7.9941816329956055,0.2680404782295227,0.9329700469970703,0.1381283551454544,4.288647651672363,2.0883121490478516,12.621957778930664,14.257699012756348,6.816583156585693,71.66211247444153
226,1,-1.3281254768371582,7.7499165534973145,2.0535223484039307,8.017366409301758,0.2649734914302826,0.9343951344490051,0.13863472640514374,4.2395758628845215,2.096158266067505,12.697515487670898,14.247867584228516,6.8017730712890625,71.66903972625732
227,1,-1.3394644260406494,7.77789306640625,2.037698745727539,8.040388107299805,0.2619859576225281,0.9357717037200928,0.1391351819038391,4.191775321960449,2.1039369106292725,12.77255630493164,14.236404418945312,6.787182331085205,71.67597889900208
228,1,-1.3506308794021606,7.805536270141602,2.022233247756958,8.063239097595215,0.2590767741203308,0.9371010065078735,0.13962967693805695,4.145228385925293,2.111645221710205,12.847037315368652,14.223393440246582,6.772817611694336,71.68291807174683
229,1,-1.3616224527359009,7.832841396331787,2.0071239471435547,8.085909843444824,0.2562446892261505,0.9383846521377563,0.14011812210083008,4.099915027618408,2.1192798614501953,12.920916557312012,14.21574592590332,6.7586846351623535,71.6898775100708
230,1,-1.3724365234375,7.859804153442383,1.99237060546875,8.108394622802734,0.25348857045173645,0.9396231174468994,0.14060045778751373,4.055817127227783,2.1268374919891357,12.994145393371582,14.2089262008667,6.7447896003723145,71.6968264579773
231,1,-1.383070468902588,7.886422157287598,1.9779720306396484,8.130684852600098,0.2508072853088379,0.9408183097839355,0.14107660949230194,4.012916564941406,2.1343154907226562,13.066675186157227,14.200994491577148,6.731137275695801,72.87783670425415
232,1,-1.3935219049453735,7.912686824798584,1.9639259576797485,8.152767181396484,0.24819962680339813,0.9419717192649841,0.14154644310474396,3.97119402885437,2.1417102813720703,13.13845443725586,14.192026138305664,6.717732906341553,72.8848249912262
233,1,-1.403788447380066,7.938597679138184,1.950231671333313,8.174639701843262,0.24566450715065002,0.9430838823318481,0.14200995862483978,3.9306321144104004,2.149019241333008,13.20943546295166,14.18208122253418,6.704579830169678,72.89178800582886
234,1,-1.4138680696487427,7.964144229888916,1.9368857145309448,8.196287155151367,0.24320073425769806,0.944156289100647,0.1424669474363327,3.891211748123169,2.1562387943267822,13.279566764831543,14.171231269836426,6.691683769226074,72.89873194694519
235,1,-1.423758864402771,7.989325046539307,1.9238866567611694,8.217703819274902,0.2408071607351303,0.9451902508735657,0.14291739463806152,3.852914571762085,2.1633660793304443,13.348809242248535,14.159538269042969,6.679046154022217,72.90569686889648
236,1,-1.433458924293518,8.014135360717773,1.9112317562103271,8.23888111114502,0.23848259449005127,0.9461867213249207,0.14336121082305908,3.8157215118408203,2.1703977584838867,13.41712474822998,14.147063255310059,6.666672706604004,72.91263937950134
237,1,-1.4429668188095093,8.038562774658203,1.8989166021347046,8.259804725646973,0.236225888133049,0.9471467137336731,0.14379818737506866,3.779614210128784,2.177330493927002,13.484482765197754,14.133877754211426,6.654566764831543,72.91959643363953
238,1,-1.4522817134857178,8.062606811523438,1.8869377374649048,8.280468940734863,0.2340356856584549,0.9480715990066528,0.14422829449176788,3.7445709705352783,2.1841611862182617,13.550865173339844,14.17666244506836,6.642731666564941,72.92655229568481
239,1,-1.4614026546478271,8.086254119873047,1.8752892017364502,8.300856590270996,0.23191075026988983,0.9489622712135315,0.14465130865573883,3.7105720043182373,2.1908864974975586,13.61624526977539,14.23776912689209,6.631169319152832,72.93352246284485
240,1,-1.470329761505127,8.109498977661133,1.8639657497406006,8.320958137512207,0.2298496812582016,0.9498202204704285,0.14506712555885315,3.6775949001312256,2.197502851486206,13.680624961853027,14.298559188842773,6.619882583618164,72.94048166275024
241,1,-1.4790631532669067,8.132329940795898,1.8529598712921143,8.340758323669434,0.2278510481119156,0.9506461024284363,0.14547553658485413,3.6456167697906494,2.204007387161255,13.744000434875488,14.358996391296387,6.6088738441467285,74.13054919242859
242,1,-1.4876036643981934,8.154738426208496,1.8422645330429077,8.360245704650879,0.2259133756160736,0.95144122838974,0.14587639272212982,3.6146140098571777,2.2103965282440186,13.806386947631836,14.419048309326172,6.598142623901367,74.13751006126404
243,1,-1.4959524869918823,8.176712989807129,1.8318707942962646,8.379403114318848,0.2240351140499115,0.9522069692611694,0.14626948535442352,3.584561824798584,2.216667413711548,13.867788314819336,14.47868824005127,6.5876922607421875,74.1444821357727
244,1,-1.504111647605896,8.198246955871582,1.821770191192627,8.398219108581543,0.22221460938453674,0.9529444575309753,0.14665469527244568,3.555433750152588,2.2228169441223145,13.928205490112305,14.537880897521973,6.5775227546691895,74.1514401435852
245,1,-1.5120832920074463,8.219322204589844,1.8119516372680664,8.416674613952637,0.2204502522945404,0.9536542892456055,0.14703170955181122,3.5272040367126465,2.228841781616211,13.98762035369873,14.59659481048584,6.567633628845215,74.1583821773529
246,1,-1.5198698043823242,8.239934921264648,1.8024064302444458,8.434761047363281,0.21874037384986877,0.9543375372886658,0.14740043878555298,3.4998459815979004,2.2347397804260254,14.046005249023438,14.654801368713379,6.5580244064331055,74.16533732414246
247,1,-1.527474045753479,8.260068893432617,1.7931231260299683,8.452457427978516,0.21708332002162933,0.9549955129623413,0.14776059985160828,3.4733331203460693,2.2405078411102295,14.103323936462402,14.7124605178833,6.548696041107178,74.17227935791016
248,1,-1.5348995923995972,8.279715538024902,1.7840909957885742,8.46975040435791,0.2154773324728012,0.9556296467781067,0.14811205863952637,3.4476373195648193,2.2461435794830322,14.15953254699707,14.769540786743164,6.539646148681641,74.17923045158386
249,1,-1.5421476364135742,8.298870086669922,1.7753040790557861,8.48663330078125,0.2139211744070053,0.9562404155731201,0.1484547108411789,3.422738790512085,2.251645565032959,14.214607238769531,14.826006889343262,6.530875205993652,74.18619132041931
250,1,-1.549211859703064,8.317506790161133,1.766765832901001,8.503080368041992,0.21241532266139984,0.956827700138092,0.14878809452056885,3.3986451625823975,2.257009744644165,14.268471717834473,14.881842613220215,6.522379398345947,74.19313430786133
251,1,-1.5560715198516846,8.335638999938965,1.7585132122039795,8.519110679626465,0.21096321940422058,0.9573908448219299,0.14911244809627533,3.3754115104675293,2.262237071990967,14.321165084838867,14.936995506286621,6.514160633087158,75.38411068916321
252,1,-1.5627676248550415,8.35322380065918,1.750462293624878,8.534663200378418,0.20955529808998108,0.9579336643218994,0.14942701160907745,3.3528847694396973,2.267319917678833,14.37253189086914,14.9915189743042,6.506219863891602,75.39109063148499
253,1,-1.5693491697311401,8.370285034179688,1.742531180381775,8.549741744995117,0.20818062126636505,0.9584611058235168,0.14973221719264984,3.330889940261841,2.2722597122192383,14.422813415527344,15.045424461364746,6.49856424331665,75.39803957939148
254,1,-1.575624942779541,8.38670539855957,1.7350265979766846,8.56429386138916,0.20687821507453918,0.9589582085609436,0.15002594888210297,3.310051441192627,2.2770397663116455,14.471565246582031,15.09894847869873,6.491187572479248,75.40499186515808
255,1,-1.5818449258804321,8.402490615844727,1.7275136709213257,8.578237533569336,0.20559543371200562,0.9594446420669556,0.15030832588672638,3.28952693939209,2.2816567420959473,14.520026206970215,15.152405738830566,6.484105110168457,75.41193509101868
256,1,-1.5881190299987793,8.41761302947998,1.7197988033294678,8.59150218963623,0.20430955290794373,0.9599303007125854,0.1505788415670395,3.2689528465270996,2.2861061096191406,14.564668655395508,15.204950332641602,6.477307319641113,75.41886949539185
257,1,-1.5936806201934814,8.43210506439209,1.7132049798965454,8.604387283325195,0.20317642390727997,0.9603556394577026,0.15083807706832886,3.2508227825164795,2.290390968322754,14.612305641174316,15.256444931030273,6.470796585083008,75.42584466934204
258,1,-1.5992650985717773,8.445772171020508,1.7064255475997925,8.616435050964355,0.20204494893550873,0.9607790112495422,0.1510825753211975,3.2327191829681396,2.294468402862549,14.64835262298584,15.303905487060547,6.464588165283203,75.43281102180481
259,1,-1.6054764986038208,8.458693504333496,1.6984537839889526,8.627528190612793,0.20079386234283447,0.9612444043159485,0.15131370723247528,3.2127017974853516,2.298353433609009,14.68999195098877,15.349058151245117,6.45868444442749,75.43974447250366
260,1,-1.6109161376953125,8.470922470092773,1.691681981086731,8.638189315795898,0.19970457255840302,0.9616476893424988,0.15153247117996216,3.1952731609344482,2.3020718097686768,14.72687816619873,15.392864227294922,6.453047275543213,75.44670677185059
261,1,-1.6162292957305908,8.482466697692871,1.6850109100341797,8.648207664489746,0.19864633679389954,0.9620377421379089,0.1517389863729477,3.1783413887023926,2.3056252002716064,14.76011848449707,15.435810089111328,6.447671413421631,76.63816666603088
262,1,-1.621864676475525,8.49330997467041,1.6776838302612305,8.657421112060547,0.19753003120422363,0.9624470472335815,0.151932954788208,3.160480499267578,2.309011936187744,14.795453071594238,15.477664947509766,6.442547798156738,76.64510941505432
263,1,-1.6269868612289429,8.503406524658203,1.6710965633392334,8.66605281829834,0.1965208351612091,0.9628158211708069,0.15211355686187744,3.1443333625793457,2.3122363090515137,14.82768440246582,15.518418312072754,6.437650680541992,76.65205407142639
264,1,-1.6321473121643066,8.512789726257324,1.6643295288085938,8.673959732055664,0.19550929963588715,0.9631834626197815,0.15228141844272614,3.1281487941741943,2.3153038024902344,14.857881546020508,15.558104515075684,6.432973384857178,76.65897870063782
265,1,-1.637229084968567,8.521472930908203,1.657582402229309,8.681191444396973,0.1945182979106903,0.963542103767395,0.1524367481470108,3.112292766571045,2.3182177543640137,14.887948989868164,15.596969604492188,6.428516387939453,76.66590666770935
266,1,-1.6421436071395874,8.529410362243652,1.650992512702942,8.687727928161621,0.19356466829776764,0.9638857841491699,0.15257872641086578,3.0970346927642822,2.320971727371216,14.91556167602539,15.634805679321289,6.424274444580078,76.67283916473389
267,1,-1.6471279859542847,8.536636352539062,1.64417564868927,8.693530082702637,0.192602276802063,0.9642313122749329,0.1527079939842224,3.081636428833008,2.3235726356506348,14.942073822021484,15.671516418457031,6.4202399253845215,76.67980337142944
268,1,-1.6518722772598267,8.543134689331055,1.6376391649246216,8.698678970336914,0.19169066846370697,0.9645570516586304,0.15282423794269562,3.0670506954193115,2.326023578643799,14.967860221862793,15.707386016845703,6.416396617889404,76.68675136566162
269,1,-1.6566126346588135,8.548877716064453,1.6309902667999268,8.703070640563965,0.19078414142131805,0.9648798108100891,0.1529269814491272,3.052546262741089,2.3283188343048096,14.990312576293945,15.742286682128906,6.412749290466309,76.69370436668396
270,1,-1.661303162574768,8.553874969482422,1.6243070363998413,8.706729888916016,0.18989136815071106,0.9651963114738464,0.1530163735151291,3.038261890411377,2.3304619789123535,15.012808799743652,15.775965690612793,6.409286022186279,76.70066475868225
271,1,-1.6658872365951538,8.558119773864746,1.617680311203003,8.709667205810547,0.18902286887168884,0.9655030369758606,0.15309230983257294,3.0243659019470215,2.332453966140747,15.034102439880371,15.808736801147461,6.40600061416626,77.8895812034607
272,1,-1.6705474853515625,8.561586380004883,1.6108113527297974,8.711800575256348,0.1881440281867981,0.9658120274543762,0.15315431356430054,3.0103044509887695,2.334291696548462,15.05146312713623,15.840468406677246,6.402888774871826,77.896555185318
273,1,-1.6750216484069824,8.564249992370605,1.6041194200515747,8.713183403015137,0.18730413913726807,0.9661063551902771,0.15320196747779846,2.996866226196289,2.3359758853912354,15.069055557250977,15.871115684509277,6.399930000305176,77.90351557731628
274,1,-1.6793864965438843,8.566131591796875,1.59748375415802,8.713814735412598,0.1864883452653885,0.9663909077644348,0.15323562920093536,2.983813524246216,2.3375084400177,15.085920333862305,15.90075969696045,6.397126197814941,77.91045928001404
275,1,-1.6837304830551147,8.567255973815918,1.5907680988311768,8.713691711425781,0.18568000197410583,0.9666719436645508,0.15325573086738586,2.9708800315856934,2.3388917446136475,15.098644256591797,15.929533004760742,6.394481182098389,77.91742300987244
276,1,-1.688040852546692,8.56759262084961,1.5839883089065552,8.712787628173828,0.18488137423992157,0.9669485092163086,0.15326176583766937,2.958101987838745,2.3401193618774414,15.111434936523438,15.957322120666504,6.391994476318359,77.92438077926636
277,1,-1.6926233768463135,8.56714153289795,1.5766633749008179,8.711015701293945,0.18403610587120056,0.967240035533905,0.1532536894083023,2.944577693939209,2.341198205947876,15.124404907226562,15.98410701751709,6.389641284942627,77.93132448196411
278,1,-1.6971275806427002,8.565871238708496,1.5693449974060059,8.708443641662598,0.18320903182029724,0.9675245881080627,0.1532309651374817,2.931344509124756,2.342127561569214,15.132624626159668,16.009811401367188,6.3874125480651855,77.938241481781
279,1,-1.701282262802124,8.56373405456543,1.5624483823776245,8.705101013183594,0.18244943022727966,0.967784583568573,0.15319272875785828,2.9191908836364746,2.342905282974243,15.140551567077637,16.034255981445312,6.385294437408447,77.94519066810608
280,1,-1.7055613994598389,8.560772895812988,1.5552387237548828,8.700896263122559,0.18167036771774292,0.9680504202842712,0.15313977003097534,2.9067258834838867,2.343536853790283,15.148612022399902,16.057397842407227,6.383283615112305,77.95211863517761
281,1,-1.709987759590149,8.556974411010742,1.5476830005645752,8.69581127166748,0.1808680146932602,0.9683229923248291,0.1530718207359314,2.893888235092163,2.344019889831543,15.152421951293945,16.0793399810791,6.381381034851074,79.13495421409607
282,1,-1.7142876386642456,8.55233097076416,1.5402060747146606,8.68991470336914,0.1800919622182846,0.9685854911804199,0.1529887467622757,2.8814713954925537,2.3443570137023926,15.155681610107422,16.100017547607422,6.379578590393066,79.14192795753479
283,1,-1.718481421470642,8.546817779541016,1.5327715873718262,8.683173179626465,0.179338276386261,0.9688397645950317,0.1528901308774948,2.869412422180176,2.3445472717285156,15.15869140625,16.119342803955078,6.377859592437744,79.14889645576477
284,1,-1.722666621208191,8.540448188781738,1.5252325534820557,8.675573348999023,0.17858928442001343,0.9690918922424316,0.15277618169784546,2.857428550720215,2.3445916175842285,15.158184051513672,16.137340545654297,6.3762335777282715,79.15585541725159
285,1,-1.7269089221954346,8.533212661743164,1.5174890756607056,8.667092323303223,0.17783325910568237,0.9693447947502136,0.1526467502117157,2.845332145690918,2.344489574432373,15.156777381896973,16.153770446777344,6.37468957901001,79.16283893585205
286,1,-1.7312299013137817,8.525063514709473,1.5095032453536987,8.657672882080078,0.17706650495529175,0.9696006178855896,0.1525009721517563,2.833064079284668,2.34423828125,15.154875755310059,16.1685733795166,6.373219013214111,79.1698055267334
287,1,-1.7356034517288208,8.51602840423584,1.501322865486145,8.647353172302246,0.17629379034042358,0.9698572754859924,0.15233935415744781,2.8207006454467773,2.343841791152954,15.14871883392334,16.18181037902832,6.3718109130859375,79.17676997184753
288,1,-1.7399331331253052,8.506124496459961,1.4930981397628784,8.636173248291016,0.17553213238716125,0.9701095819473267,0.15216217935085297,2.80851411819458,2.3433034420013428,15.143486976623535,16.193836212158203,6.370467662811279,79.18372941017151
289,1,-1.7441824674606323,8.495336532592773,1.4848814010620117,8.624129295349121,0.17478781938552856,0.9703550934791565,0.15196920931339264,2.796605110168457,2.3426218032836914,15.135875701904297,16.204687118530273,6.369181156158447,79.19069480895996
290,1,-1.7484493255615234,8.483701705932617,1.476534128189087,8.611233711242676,0.17404361069202423,0.9705994725227356,0.15176106989383698,2.7846977710723877,2.3418021202087402,15.125639915466309,16.214252471923828,6.367951393127441,79.1976306438446
291,1,-1.7527989149093628,8.471185684204102,1.4679569005966187,8.597434997558594,0.1732882410287857,0.9708465933799744,0.15153717994689941,2.7726118564605713,2.3408403396606445,15.116277694702148,16.222570419311523,6.3667731285095215,80.41199445724487
292,1,-1.7571296691894531,8.457841873168945,1.4593111276626587,8.582812309265137,0.17253941297531128,0.9710909128189087,0.15129847824573517,2.7606306076049805,2.339742660522461,15.103283882141113,16.22958755493164,6.36564826965332,80.41896867752075
293,1,-1.761496901512146,8.443618774414062,1.45050847530365,8.567301750183105,0.17178753018379211,0.9713351726531982,0.15104404091835022,2.748600482940674,2.3385071754455566,15.089668273925781,16.23537254333496,6.364552021026611,80.4259295463562
294,1,-1.7660632133483887,8.42856502532959,1.4413256645202637,8.55091381072998,0.17100487649440765,0.9715882539749146,0.1507747620344162,2.7360780239105225,2.3371376991271973,15.074800491333008,16.239723205566406,6.363502025604248,80.43288493156433
295,1,-1.7706425189971924,8.412623405456543,1.432026982307434,8.533635139465332,0.17022359371185303,0.971839964389801,0.15048958361148834,2.7235774993896484,2.33563232421875,15.058069229125977,16.242568969726562,6.362471580505371,80.43986105918884
296,1,-1.7750059366226196,8.395784378051758,1.4229379892349243,8.515512466430664,0.16948243975639343,0.9720776677131653,0.1501883566379547,2.711719036102295,2.3339903354644775,15.039719581604004,16.24393653869629,6.361460208892822,80.44682812690735
297,1,-1.7793809175491333,8.378092765808105,1.4137409925460815,8.49653434753418,0.1687425822019577,0.9723143577575684,0.14987188577651978,2.6998813152313232,2.332216501235962,15.020276069641113,16.24372673034668,6.360475063323975,80.45379495620728
298,1,-1.7840077877044678,8.359549522399902,1.4041001796722412,8.476648330688477,0.16796362400054932,0.9725621938705444,0.14954017102718353,2.687417984008789,2.3303115367889404,14.999269485473633,16.242137908935547,6.359503746032715,80.46074342727661
299,1,-1.788701057434082,8.340170860290527,1.3942862749099731,8.455915451049805,0.16717718541622162,0.9728114008903503,0.14919351041316986,2.674834966659546,2.3282790184020996,14.976102828979492,16.238937377929688,6.358547687530518,80.46771883964539
300,1,-1.793290615081787,8.319952011108398,1.3845371007919312,8.434367179870605,0.16641166806221008,0.9730533361434937,0.1488318294286728,2.6625866889953613,2.326117753982544,14.952749252319336,16.234195709228516,6.357598304748535,80.4746766090393
301,1,-1.7979577779769897,8.298904418945312,1.3746039867401123,8.411975860595703,0.16563680768013,0.9732971787452698,0.14845532178878784,2.65018892288208,2.323831081390381,14.926504135131836,16.227933883666992,6.356654167175293,81.688720703125
302,1,-1.8028349876403809,8.277046203613281,1.3643132448196411,8.38873291015625,0.16483093798160553,0.9735494256019592,0.14806430041790009,2.6372950077056885,2.321420431137085,14.899497032165527,16.220073699951172,6.355712413787842,81.69567537307739
303,1,-1.807776689529419,8.25436019897461,1.3538669347763062,8.364653587341309,0.1640183925628662,0.9738025069236755,0.14765848219394684,2.6242942810058594,2.318885564804077,14.871572494506836,16.210826873779297,6.354764938354492,81.70265102386475
304,1,-1.8126728534698486,8.230870246887207,1.3434205055236816,8.339784622192383,0.16321730613708496,0.9740512371063232,0.14723828434944153,2.6114768981933594,2.316229820251465,14.840668678283691,16.1999454498291,6.353810787200928,81.70959520339966
305,1,-1.8175801038742065,8.206534385681152,1.3328914642333984,8.314072608947754,0.16241830587387085,0.974298357963562,0.14680294692516327,2.5986928939819336,2.313448905944824,14.809748649597168,16.18747329711914,6.35283899307251,81.71653723716736
306,1,-1.822558045387268,8.18140983581543,1.3222124576568604,8.287564277648926,0.16161181032657623,0.9745463132858276,0.14635351300239563,2.5857889652252197,2.3105502128601074,14.776485443115234,16.17342185974121,6.3518548011779785,81.72349977493286
307,1,-1.8275785446166992,8.15549087524414,1.3114231824874878,8.260257720947266,0.16080248355865479,0.9747943878173828,0.14588986337184906,2.5728397369384766,2.307532787322998,14.74197006225586,16.157665252685547,6.350848197937012,81.73047184944153
308,1,-1.83262300491333,8.128817558288574,1.3005567789077759,8.232200622558594,0.15999335050582886,0.9750409722328186,0.14541271328926086,2.5598936080932617,2.3044021129608154,14.706130981445312,16.14019775390625,6.34982967376709,81.73741602897644
309,1,-1.8377214670181274,8.101420402526855,1.2895816564559937,8.203415870666504,0.1591797024011612,0.9752880334854126,0.14492261409759521,2.546875238418579,2.3011629581451416,14.668149948120117,16.121007919311523,6.348784446716309,81.74436211585999
310,1,-1.8428367376327515,8.073317527770996,1.278551459312439,8.173931121826172,0.15836754441261292,0.9755334258079529,0.14441989362239838,2.5338807106018066,2.2978169918060303,14.630690574645996,16.10013198852539,6.347720623016357,81.75131750106812
311,1,-1.8479359149932861,8.044534683227539,1.2675135135650635,8.143778800964355,0.15756206214427948,0.9757754802703857,0.14390501379966736,2.5209929943084717,2.294368267059326,14.588759422302246,16.07754898071289,6.3466386795043945,82.95519280433655
312,1,-1.8532466888427734,8.015088081359863,1.256184697151184,8.112931251525879,0.15672749280929565,0.9760251045227051,0.14337825775146484,2.5076398849487305,2.2908167839050293,14.54931926727295,16.053356170654297,6.345527172088623,82.96217560768127
313,1,-1.8589776754379272,7.985029697418213,1.2443220615386963,8.081400871276855,0.15583185851573944,0.9762921333312988,0.14284054934978485,2.493309736251831,2.287170886993408,14.505838394165039,16.027446746826172,6.344404697418213,82.9691424369812
314,1,-1.864792823791504,7.954325199127197,1.23235023021698,8.049221992492676,0.1549283117055893,0.9765598177909851,0.14229129254817963,2.4788529872894287,2.2834291458129883,14.461821556091309,15.999920845031738,6.343231678009033,82.97609663009644
315,1,-1.8703358173370361,7.922988414764404,1.2207099199295044,8.016474723815918,0.15407191216945648,0.9768124222755432,0.14173072576522827,2.4651505947113037,2.2795939445495605,14.418164253234863,15.970867156982422,6.342018127441406,82.9830391407013
316,1,-1.8758366107940674,7.891021251678467,1.2091152667999268,7.983118534088135,0.15322671830654144,0.9770600199699402,0.14115887880325317,2.451627492904663,2.2756662368774414,14.370637893676758,15.940309524536133,6.340761184692383,82.989994764328
317,1,-1.8815747499465942,7.858490943908691,1.197241187095642,7.949167728424072,0.15235000848770142,0.9773159623146057,0.14057695865631104,2.4376001358032227,2.271651029586792,14.323751449584961,15.908378601074219,6.339463710784912,82.99695372581482
318,1,-1.8873494863510132,7.825457572937012,1.185343623161316,7.914721965789795,0.1514727622270584,0.977570652961731,0.1399860382080078,2.4235641956329346,2.2675583362579346,14.276002883911133,15.874984741210938,6.338136672973633,83.003910779953
319,1,-1.8928412199020386,7.791993618011475,1.1738107204437256,7.879910945892334,0.15064318478107452,0.9778102040290833,0.13938742876052856,2.4102909564971924,2.263395071029663,14.231854438781738,15.840405464172363,6.336781024932861,83.01088881492615
320,1,-1.8983163833618164,7.758180618286133,1.162335753440857,7.844768524169922,0.14982065558433533,0.9780464768409729,0.1387825608253479,2.3971304893493652,2.259174346923828,14.182374000549316,15.804454803466797,6.335386753082275,83.01783585548401
321,1,-1.9044684171676636,7.724132061004639,1.150136947631836,7.809290885925293,0.1489017754793167,0.9783093333244324,0.13817347586154938,2.3824284076690674,2.2549045085906982,14.142952919006348,15.767560005187988,6.333986282348633,84.22856020927429
322,1,-1.911144495010376,7.689699172973633,1.137391209602356,7.773360252380371,0.14791101217269897,0.9785907864570618,0.1375575214624405,2.3665761947631836,2.250577211380005,14.090362548828125,15.728986740112305,6.33251428604126,84.23551917076111
323,1,-1.9174792766571045,7.654885292053223,1.1250920295715332,7.737124919891357,0.1469769924879074,0.9788544774055481,0.13693475723266602,2.3516318798065186,2.2461869716644287,14.047462463378906,15.688735961914062,6.33099889755249,84.24248266220093
324,1,-1.9234288930892944,7.6196770668029785,1.1132738590240479,7.70057487487793,0.14610512554645538,0.9790995121002197,0.13630492985248566,2.337682008743286,2.241736888885498,13.996431350708008,15.64714241027832,6.329436302185059,84.24942255020142
325,1,-1.9296443462371826,7.584141254425049,1.1012160778045654,7.663672924041748,0.14519983530044556,0.9793521761894226,0.13566924631595612,2.323197364807129,2.237231969833374,13.94714069366455,15.604039192199707,6.327822208404541,84.25637125968933
326,1,-1.936245083808899,7.548359394073486,1.088809847831726,7.626482009887695,0.14424456655979156,0.9796177744865417,0.1350291669368744,2.307913064956665,2.2326836585998535,13.89928913116455,15.559896469116211,6.326174736022949,84.2633376121521
327,1,-1.9427568912506104,7.5123066902160645,1.0765759944915771,7.589056015014648,0.14330831170082092,0.9798759818077087,0.13438422977924347,2.2929329872131348,2.228088617324829,13.844796180725098,15.514439582824707,6.324480056762695,84.2702898979187
328,1,-1.9491102695465088,7.476053714752197,1.064595341682434,7.5514726638793945,0.14240071177482605,0.9801251292228699,0.13373571634292603,2.278411388397217,2.223456859588623,13.796613693237305,15.46810245513916,6.3227386474609375,84.27723169326782
329,1,-1.9555232524871826,7.439640522003174,1.0526379346847534,7.513740539550781,0.14149042963981628,0.9803734421730042,0.13308434188365936,2.2638468742370605,2.218792676925659,13.743109703063965,15.42054557800293,6.3209614753723145,84.28418803215027
330,1,-1.9618752002716064,7.40313196182251,1.0408397912979126,7.475942134857178,0.14059452712535858,0.9806163311004639,0.1324312537908554,2.2495124340057373,2.2141029834747314,13.688751220703125,15.371660232543945,6.319145679473877,84.29113531112671
331,1,-1.968214511871338,7.366535186767578,1.0291497707366943,7.438076496124268,0.1397060751914978,0.9808560609817505,0.1317765861749649,2.235297203063965,2.2093894481658936,13.639363288879395,15.32194709777832,6.317296504974365,85.48904252052307
332,1,-1.9749274253845215,7.329991817474365,1.017193078994751,7.400234222412109,0.13877138495445251,0.9811062812805176,0.131122887134552,2.2203421592712402,2.204669713973999,13.580609321594238,15.270835876464844,6.315418243408203,85.49600219726562
333,1,-1.9816685914993286,7.293477535247803,1.0053260326385498,7.362437725067139,0.13783904910087585,0.9813547134399414,0.1304696947336197,2.2054247856140137,2.199942111968994,13.5299072265625,15.218742370605469,6.313503265380859,85.50295352935791
334,1,-1.9878849983215332,7.2570719718933105,0.9941087961196899,7.3248443603515625,0.13698484003543854,0.9815807938575745,0.12981845438480377,2.1917574405670166,2.195218801498413,13.474157333374023,15.165684700012207,6.311558723449707,85.50990343093872
335,1,-1.9945032596588135,7.220865726470947,0.982624351978302,7.287417888641357,0.13608123362064362,0.981818437576294,0.12917077541351318,2.177299737930298,2.1905102729797363,13.418362617492676,15.111302375793457,6.30958366394043,85.51687002182007
336,1,-2.0024256706237793,7.184852123260498,0.9700083136558533,7.250035762786865,0.13500741124153137,0.9820992350578308,0.12852653861045837,2.160118579864502,2.1858160495758057,13.365062713623047,15.056558609008789,6.307587146759033,85.52382326126099
337,1,-2.010045051574707,7.148926258087158,0.9578319191932678,7.2128071784973145,0.13398262858390808,0.9823653101921082,0.1278838813304901,2.1437220573425293,2.181128740310669,13.309197425842285,15.000632286071777,6.305534839630127,85.5307891368866
338,1,-2.01633358001709,7.113039016723633,0.9470493793487549,7.175808429718018,0.13314272463321686,0.9825818538665771,0.12724190950393677,2.1302835941314697,2.176440477371216,13.252761840820312,14.943778991699219,6.3034281730651855,85.53774452209473
339,1,-2.0225348472595215,7.077325344085693,0.9364690780639648,7.139013290405273,0.1323196291923523,0.9827927350997925,0.12660305202007294,2.1171140670776367,2.1717655658721924,13.198156356811523,14.8866548538208,6.301299095153809,85.54471278190613
340,1,-2.0293350219726562,7.041884899139404,0.9254648089408875,7.102438449859619,0.13142287731170654,0.9830211400985718,0.1259690672159195,2.1027660369873047,2.1671230792999268,13.14173698425293,14.828927040100098,6.299111366271973,85.55165672302246
341,1,-2.0360352993011475,7.006872177124023,0.9147139191627502,7.066325664520264,0.1305452585220337,0.9832435250282288,0.1253427416086197,2.088724136352539,2.1625263690948486,13.087602615356445,14.771242141723633,6.296926021575928,86.72937965393066
342,1,-2.0432474613189697,6.972196102142334,0.9036462903022766,7.03051233291626,0.12960712611675262,0.9834793210029602,0.1247224360704422,2.073714017868042,2.1579718589782715,13.029476165771484,14.713500022888184,6.29469108581543,86.73636221885681
343,1,-2.0516116619110107,6.93788480758667,0.8917095065116882,6.994954586029053,0.12852758169174194,0.9837491512298584,0.12410865724086761,2.056441307067871,2.153461217880249,12.978926658630371,14.654733657836914,6.292412757873535,86.7433032989502
344,1,-2.0590460300445557,6.903904438018799,0.8807698488235474,6.959859848022461,0.12757562100887299,0.983985185623169,0.12350080162286758,2.0412099361419678,2.1489908695220947,12.92036247253418,14.596529960632324,6.29010009765625,86.7502212524414
345,1,-2.0653531551361084,6.870139122009277,0.870951771736145,6.925126075744629,0.12677352130413055,0.984182596206665,0.12289679050445557,2.028376340866089,2.1445488929748535,12.866583824157715,14.538213729858398,6.287721157073975,86.75716805458069
346,1,-2.0728185176849365,6.836788654327393,0.8602773547172546,6.890700340270996,0.12583062052726746,0.9844135642051697,0.12230019271373749,2.0132899284362793,2.1401641368865967,12.816946983337402,14.479276657104492,6.285289287567139,86.76410055160522
347,1,-2.0804474353790283,6.803828239440918,0.849623441696167,6.85667085647583,0.12487432360649109,0.9846459031105042,0.12171058356761932,1.9979891777038574,2.13582706451416,12.755640983581543,14.420252799987793,6.282817840576172,86.77101850509644
348,1,-2.0868210792541504,6.7711639404296875,0.8401724100112915,6.823089599609375,0.12408094108104706,0.9848373532295227,0.12112626433372498,1.985295057296753,2.1315267086029053,12.70688247680664,14.360868453979492,6.280330657958984,86.77794814109802
349,1,-2.093104600906372,6.738911151885986,0.8309327960014343,6.789946556091309,0.12330371886491776,0.9850237965583801,0.12054930627346039,1.972859501838684,2.127284049987793,12.655647277832031,14.301614761352539,6.277772903442383,86.78489851951599
350,1,-2.0997018814086914,6.7071533203125,0.8215790390968323,6.757284641265869,0.1224929541349411,0.985217273235321,0.11998120695352554,1.9598872661590576,2.1231026649475098,12.60416316986084,14.242310523986816,6.275208473205566,86.79185009002686
0,2,2.287477731704712,0.8657065033912659,8.527262687683105,8.571094512939453,9.850062370300293,0.010201611556112766,0.015486229211091995,157.6009979248047,1.1371510028839111,3.3765971660614014,2.877498149871826,8.252005577087402,87.9985921382904
1,2,1.88054358959198,1.270650863647461,8.331744194030762,8.428078651428223,6.55706787109375,0.0227297842502594,0.022730093449354172,104.9130859375,1.144108533859253,3.437443256378174,2.882798194885254,8.418972969055176,89.20507097244263
2,2,1.8305063247680664,1.3303639888763428,8.297538757324219,8.403512001037598,6.237043857574463,0.025062208995223045,0.023798275738954544,99.7927017211914,1.1453534364700317,3.4439642429351807,2.8872289657592773,8.4359769821167,89.21203565597534
3,2,1.7882126569747925,1.3824647665023804,8.265420913696289,8.38023853302002,5.978756904602051,0.027214188128709793,0.02473028190433979,95.66011047363281,1.1464763879776,3.4489731788635254,2.895627975463867,8.45060920715332,89.21902656555176
4,2,1.750361680984497,1.4303553104400635,8.23410415649414,8.357415199279785,5.756684303283691,0.029291654005646706,0.025586973875761032,92.10694885253906,1.1475410461425781,3.460394859313965,2.904323101043701,8.463813781738281,89.22596287727356
5,2,1.7154643535614014,1.4755622148513794,8.203028678894043,8.334684371948242,5.559256553649902,0.03134272247552872,0.026395659893751144,88.94810485839844,1.1485759019851685,3.4866864681243896,2.913236141204834,8.476004600524902,89.23295450210571
6,2,1.682712197303772,1.5189067125320435,8.171913146972656,8.311873435974121,5.380128383636475,0.03339368477463722,0.027171030640602112,86.0820541381836,1.1495965719223022,3.511890172958374,2.922320604324341,8.487406730651855,89.23990058898926
7,2,1.6516128778457642,1.5608816146850586,8.14059829711914,8.28888988494873,5.2153849601745605,0.035460688173770905,0.027921900153160095,83.44615936279297,1.150612711906433,3.536245584487915,2.931544542312622,8.49815559387207,89.24689793586731
8,2,1.6218435764312744,1.6018033027648926,8.108992576599121,8.265685081481934,5.062414646148682,0.037554383277893066,0.028653929010033607,80.9986343383789,1.1516308784484863,3.559903144836426,2.940889596939087,8.508338928222656,89.25384640693665
9,2,1.5931801795959473,1.6418851613998413,8.077038764953613,8.242229461669922,4.919368743896484,0.039682235568761826,0.029370935633778572,78.70989990234375,1.152655005455017,3.582958459854126,2.9503393173217773,8.518021583557129,89.26085305213928
10,2,1.565460205078125,1.6812776327133179,8.044705390930176,8.218514442443848,4.784876346588135,0.04184969142079353,0.03007560968399048,76.55802154541016,1.1536885499954224,3.6054768562316895,2.9598822593688965,8.52724838256836,89.2678062915802
11,2,1.5385619401931763,1.7200865745544434,8.011968612670898,8.194530487060547,4.657886981964111,0.044060807675123215,0.030769845470786095,74.52619171142578,1.1547331809997559,3.62749981880188,2.969510793685913,8.536055564880371,90.4720687866211
12,2,1.5123916864395142,1.7583913803100586,7.978824615478516,8.170286178588867,4.537570476531982,0.046318717300891876,0.031455062329769135,72.60112762451172,1.155791163444519,3.6490581035614014,2.979219675064087,8.544469833374023,90.47898650169373
13,2,1.4868758916854858,1.7962490320205688,7.945267677307129,8.145783424377441,4.42325496673584,0.04862586781382561,0.03213227912783623,70.77207946777344,1.1568630933761597,3.670168399810791,2.9890036582946777,8.55251693725586,90.48596096038818
14,2,1.4619553089141846,1.8337023258209229,7.911302089691162,8.12103271484375,4.314387321472168,0.05098414793610573,0.032802265137434006,69.03019714355469,1.1579502820968628,3.690843343734741,2.9988598823547363,8.560214042663574,90.4928731918335
15,2,1.4375817775726318,1.870782494544983,7.876932621002197,8.096041679382324,4.210501670837402,0.053395066410303116,0.03346557542681694,67.36802673339844,1.159053087234497,3.7110886573791504,3.008786678314209,8.567577362060547,90.49986910820007
16,2,1.4137153625488281,1.90751314163208,7.8421711921691895,8.07082748413086,4.111201763153076,0.05585974082350731,0.034122634679079056,65.77922821044922,1.1601719856262207,3.730908155441284,3.01878023147583,8.57462215423584,90.50681018829346
17,2,1.3903225660324097,1.9439103603363037,7.807026386260986,8.045398712158203,4.0161452293396,0.05837909132242203,0.034773726016283035,64.2583236694336,1.1613070964813232,3.750300645828247,3.0288398265838623,8.581360816955566,90.5138053894043
18,2,1.3673750162124634,1.9799860715866089,7.771512508392334,8.01977252960205,3.9250340461730957,0.060953713953495026,0.03541906923055649,62.80054473876953,1.1624586582183838,3.7692644596099854,3.0389633178710938,8.587804794311523,90.52075338363647
19,2,1.3448485136032104,2.0157470703125,7.7356414794921875,7.993959426879883,3.8376052379608154,0.06358405202627182,0.036058779805898666,61.40168380737305,1.1636264324188232,3.787795066833496,3.0491483211517334,8.593964576721191,90.52775502204895
20,2,1.3227225542068481,2.0511975288391113,7.699429988861084,7.967975616455078,3.753626823425293,0.06627030670642853,0.03669293597340584,60.05802917480469,1.1648104190826416,3.805887222290039,3.059393882751465,8.599848747253418,90.53471112251282
21,2,1.3009783029556274,2.0863399505615234,7.662893772125244,7.941836357116699,3.6728882789611816,0.0690125823020935,0.037321582436561584,58.766212463378906,1.1660103797912598,3.8235349655151367,3.0696966648101807,8.60546588897705,91.72954940795898
22,2,1.2796006202697754,2.121173858642578,7.626051425933838,7.915556907653809,3.595203399658203,0.0718107745051384,0.03794471174478531,57.52325439453125,1.167225956916809,3.840733289718628,3.0800554752349854,8.610825538635254,91.73652768135071
23,2,1.2585749626159668,2.1556966304779053,7.588916778564453,7.889150142669678,3.5204010009765625,0.07466461509466171,0.03856227546930313,56.326416015625,1.1684566736221313,3.8574743270874023,3.090467691421509,8.615931510925293,91.74352693557739
24,2,1.237889051437378,2.189906358718872,7.551511764526367,7.862634658813477,3.448326349258423,0.07757377624511719,0.03917423635721207,55.173221588134766,1.169702410697937,3.8737521171569824,3.1009318828582764,8.620794296264648,91.75050759315491
25,2,1.2175319194793701,2.223797559738159,7.513852596282959,7.836022853851318,3.378838300704956,0.08053768426179886,0.039780501276254654,54.0614128112793,1.1709624528884888,3.8895602226257324,3.1114449501037598,8.625418663024902,91.75751376152039
26,2,1.1974937915802002,2.2573659420013428,7.475958347320557,7.809330940246582,3.3118062019348145,0.08355574309825897,0.040380991995334625,52.98889923095703,1.1722363233566284,3.904892683029175,3.122004985809326,8.62981128692627,91.76444840431213
27,2,1.1777653694152832,2.290605306625366,7.437847137451172,7.7825727462768555,3.247109889984131,0.08662717789411545,0.04097559303045273,51.953758239746094,1.1735234260559082,3.919743537902832,3.132610321044922,8.633977890014648,91.77144360542297
28,2,1.1583386659622192,2.3235106468200684,7.399540901184082,7.755765914916992,3.184638261795044,0.08975113183259964,0.0415642224252224,50.9542121887207,1.1748234033584595,3.9341092109680176,3.1432571411132812,8.637923240661621,91.77838015556335
29,2,1.1392062902450562,2.3560750484466553,7.361056327819824,7.728922367095947,3.1242876052856445,0.09292666614055634,0.04214675351977348,49.98860168457031,1.1761354207992554,3.947983980178833,3.1539433002471924,8.641654968261719,91.78536295890808
30,2,1.1203619241714478,2.388291835784912,7.322415351867676,7.7020583152771,3.0659635066986084,0.0961526408791542,0.04272306337952614,49.055416107177734,1.1774588823318481,3.961364984512329,3.1646676063537598,8.645176887512207,91.79228782653809
31,2,1.1017987728118896,2.420154571533203,7.283636093139648,7.675187110900879,3.0095746517181396,0.09942790120840073,0.04329304024577141,48.153194427490234,1.1787933111190796,3.974250078201294,3.175426483154297,8.648494720458984,93.00062918663025
32,2,1.0835115909576416,2.451657295227051,7.2447404861450195,7.6483259201049805,2.955038070678711,0.10275115817785263,0.043856579810380936,47.280609130859375,1.180138111114502,3.9900949001312256,3.186217784881592,8.651611328125,93.00759029388428
33,2,1.0654947757720947,2.482792615890503,7.205745697021484,7.621484279632568,2.9022746086120605,0.10612110793590546,0.04441354423761368,46.43639373779297,1.1814923286437988,4.0140581130981445,3.1970396041870117,8.654532432556152,93.01459264755249
34,2,1.047743558883667,2.513554811477661,7.166673183441162,7.594679832458496,2.851210117340088,0.10953623056411743,0.044963836669921875,45.619361877441406,1.182855486869812,4.037346839904785,3.207888126373291,8.657262802124023,93.0215392112732
35,2,1.0302534103393555,2.543938159942627,7.127543926239014,7.567925930023193,2.8017756938934326,0.11299503594636917,0.04550734907388687,44.82841110229492,1.1842271089553833,4.059941291809082,3.2187623977661133,8.659806251525879,93.02852725982666
36,2,1.0130198001861572,2.573936700820923,7.088376045227051,7.541234970092773,2.7539045810699463,0.11649593710899353,0.04604398086667061,44.06247329711914,1.1856064796447754,4.081821441650391,3.2296595573425293,8.6621675491333,93.03546261787415
37,2,0.996038556098938,2.603546142578125,7.049191951751709,7.514623165130615,2.7075347900390625,0.1200372725725174,0.04657365009188652,43.320556640625,1.1869932413101196,4.102970600128174,3.2405781745910645,8.664349555969238,93.04245591163635
38,2,0.9793062210083008,2.6327595710754395,7.010007858276367,7.488099575042725,2.6626083850860596,0.12361728399991989,0.047096237540245056,42.60173416137695,1.18838632106781,4.123371124267578,3.2515151500701904,8.66635799407959,93.04939150810242
39,2,0.9628186821937561,2.661574125289917,6.970844745635986,7.461678981781006,2.6190683841705322,0.12723423540592194,0.04761168733239174,41.905094146728516,1.189785361289978,4.143007755279541,3.2624690532684326,8.668195724487305,93.05637907981873
40,2,0.9465725421905518,2.689985513687134,6.931722164154053,7.435374736785889,2.576862335205078,0.1308862864971161,0.0481199249625206,41.22979736328125,1.1911901235580444,4.161866664886475,3.2734804153442383,8.669865608215332,93.06333374977112
41,2,0.9305640459060669,2.717989683151245,6.8926568031311035,7.409196376800537,2.5359392166137695,0.1345715969800949,0.04862087965011597,40.57502746582031,1.1925995349884033,4.179934024810791,3.288156747817993,8.671371459960938,94.26253819465637
42,2,0.9147902727127075,2.7455852031707764,6.853671550750732,7.38316011428833,2.4962515830993652,0.1382882446050644,0.049114521592855453,39.940025329589844,1.1940137147903442,4.197200775146484,3.302743673324585,8.672718048095703,94.26950216293335
43,2,0.8992477059364319,2.772768020629883,6.814780235290527,7.357273101806641,2.4577534198760986,0.14203432202339172,0.04960078373551369,39.32405471801758,1.1954317092895508,4.213655471801758,3.317237377166748,8.673907279968262,94.27651047706604
44,2,0.8839330673217773,2.7995376586914062,6.776002883911133,7.331550121307373,2.420400619506836,0.1458078771829605,0.050079651176929474,38.726409912109375,1.1968533992767334,4.229290962219238,3.3316328525543213,8.674942970275879,94.28342390060425
45,2,0.8688431978225708,2.8258931636810303,6.737356662750244,7.306000709533691,2.3841512203216553,0.14960704743862152,0.05055111274123192,38.146419525146484,1.198278546333313,4.2441020011901855,3.3459267616271973,8.67582893371582,94.29042482376099
46,2,0.8539749979972839,2.8518338203430176,6.698858737945557,7.280636310577393,2.3489654064178467,0.1534298211336136,0.05101515352725983,37.58344650268555,1.1997064352035522,4.258082389831543,3.3601157665252686,8.676567077636719,94.29736948013306
47,2,0.8393251895904541,2.8773605823516846,6.660526752471924,7.255468368530273,2.3148043155670166,0.1572742760181427,0.05147179216146469,37.036869049072266,1.2011371850967407,4.271230220794678,3.3741965293884277,8.67716121673584,94.3043441772461
48,2,0.8248906135559082,2.902472496032715,6.622372150421143,7.230502128601074,2.2816312313079834,0.16113850474357605,0.05192100629210472,36.506099700927734,1.2025700807571411,4.283544063568115,3.3881661891937256,8.677614212036133,94.31126189231873
49,2,0.8106681108474731,2.927173614501953,6.584414958953857,7.205752372741699,2.249410390853882,0.1650206446647644,0.052362874150276184,35.99056625366211,1.204005479812622,4.295024394989014,3.4020235538482666,8.677928924560547,94.31825137138367
50,2,0.796654462814331,2.9514644145965576,6.546665668487549,7.1812238693237305,2.2181077003479004,0.16891887784004211,0.05279740318655968,35.489723205566406,1.2054425477981567,4.305673599243164,3.415764570236206,8.678105354309082,94.32517719268799
51,2,0.7828464508056641,2.975348949432373,6.5091423988342285,7.1569294929504395,2.187690496444702,0.17283126711845398,0.05322466045618057,35.003047943115234,1.2068818807601929,4.315496444702148,3.429389715194702,8.678152084350586,95.52429747581482
52,2,0.7692404389381409,2.9988303184509277,6.4718546867370605,7.13287353515625,2.1581263542175293,0.17675623297691345,0.053644709289073944,34.53002166748047,1.2083228826522827,4.324498176574707,3.442896842956543,8.678065299987793,95.53128457069397
53,2,0.7558332085609436,3.0219130516052246,6.434816360473633,7.109066486358643,2.129384994506836,0.1806919425725937,0.05405762419104576,34.070159912109375,1.2097656726837158,4.332686901092529,3.456284999847412,8.677852630615234,95.53825521469116
54,2,0.7426213026046753,3.044602155685425,6.3980393409729,7.085514545440674,2.1014368534088135,0.18463680148124695,0.054463498294353485,33.622989654541016,1.2112103700637817,4.3400702476501465,3.4695544242858887,8.677513122558594,95.54519653320312
55,2,0.729601263999939,3.0669031143188477,6.3615336418151855,7.0622239112854,2.0742533206939697,0.18858933448791504,0.054862432181835175,33.188053131103516,1.2126569747924805,4.353815078735352,3.4827041625976562,8.677050590515137,95.55219650268555
56,2,0.7167689800262451,3.0888216495513916,6.325307846069336,7.039200305938721,2.0478060245513916,0.1925479918718338,0.05525452271103859,32.764896392822266,1.2141053676605225,4.369987487792969,3.495734453201294,8.676466941833496,95.55915069580078
57,2,0.7041215896606445,3.110365867614746,6.289376258850098,7.016453742980957,2.0220696926116943,0.19651134312152863,0.05563991889357567,32.35311508178711,1.2155561447143555,4.391685485839844,3.508646249771118,8.675765037536621,95.56615805625916
58,2,0.6916543245315552,3.1315414905548096,6.253740310668945,6.993984699249268,1.9970165491104126,0.20047812163829803,0.05601871758699417,31.9522647857666,1.2170089483261108,4.413234710693359,3.5214390754699707,8.674945831298828,95.57311844825745
59,2,0.6793639659881592,3.152357578277588,6.218411922454834,6.971800327301025,1.9726226329803467,0.20444715023040771,0.05639108642935753,31.561962127685547,1.2184643745422363,4.435701847076416,3.5341153144836426,8.674012184143066,95.5801088809967
60,2,0.6672461032867432,3.1728224754333496,6.183395862579346,6.949905872344971,1.948862910270691,0.20841725170612335,0.05675717443227768,31.181806564331055,1.219922661781311,4.462331771850586,3.546674966812134,8.672966003417969,95.5870406627655
61,2,0.6552969217300415,3.192945718765259,6.148701190948486,6.9283061027526855,1.9257142543792725,0.21238748729228973,0.057117149233818054,30.81142807006836,1.221384048461914,4.488679885864258,3.559119701385498,8.671809196472168,96.7890350818634
62,2,0.6435121893882751,3.212735414505005,6.114328384399414,6.9070024490356445,1.903153419494629,0.21635685861110687,0.05747115984559059,30.450454711914062,1.222848653793335,4.514761924743652,3.5714504718780518,8.670543670654297,96.79596519470215
63,2,0.6318877339363098,3.23220157623291,6.080283164978027,6.885998249053955,1.8811583518981934,0.22032463550567627,0.05781938135623932,30.098533630371094,1.2243170738220215,4.540597915649414,3.5836687088012695,8.669170379638672,96.80295538902283
64,2,0.6204190850257874,3.251356363296509,6.046570777893066,6.865299224853516,1.859707236289978,0.2242901623249054,0.058162033557891846,29.75531578063965,1.2257897853851318,4.566209316253662,3.5957767963409424,8.667692184448242,96.80989813804626
65,2,0.6091020703315735,3.2702083587646484,6.013192176818848,6.844905853271484,1.8387795686721802,0.22825267910957336,0.05849926546216011,29.420473098754883,1.2272671461105347,4.591616153717041,3.6077756881713867,8.666110038757324,96.81689047813416
66,2,0.5979317426681519,3.2887697219848633,5.980147838592529,6.824820518493652,1.8183541297912598,0.2322119027376175,0.05883130058646202,29.093666076660156,1.228749394416809,4.616842746734619,3.619666337966919,8.664424896240234,96.82384586334229
67,2,0.5869043469429016,3.307051181793213,5.947442531585693,6.805046558380127,1.798412561416626,0.23616722226142883,0.0591583326458931,28.774600982666016,1.230237364768982,4.641913414001465,3.6314520835876465,8.662641525268555,96.83083605766296
68,2,0.5760147571563721,3.3250651359558105,5.915074348449707,6.785584449768066,1.7789348363876343,0.2401185929775238,0.05948057398200035,28.46295738220215,1.2317315340042114,4.666854381561279,3.6431326866149902,8.660757064819336,96.83775019645691
69,2,0.5652586817741394,3.342822551727295,5.88304328918457,6.7664361000061035,1.7599029541015625,0.24406565725803375,0.0597982294857502,28.158447265625,1.2332321405410767,4.691690921783447,3.654709577560425,8.658775329589844,96.84477090835571
70,2,0.5546312928199768,3.360337257385254,5.851351261138916,6.747604846954346,1.741298794746399,0.24800843000411987,0.06011154130101204,27.860780715942383,1.2347402572631836,4.716451644897461,3.666184663772583,8.656696319580078,96.85169625282288
71,2,0.5441280007362366,3.377620220184326,5.819994926452637,6.729090213775635,1.7231051921844482,0.2519468665122986,0.06042070686817169,27.569683074951172,1.2362563610076904,4.741164207458496,3.677557945251465,8.654520988464355,98.0529899597168
72,2,0.533744215965271,3.394683599472046,5.788971900939941,6.710892200469971,1.7053053379058838,0.25588101148605347,0.060725945979356766,27.28488540649414,1.2377806901931763,4.76585578918457,3.6888303756713867,8.652253150939941,98.05996561050415
73,2,0.523475170135498,3.4115400314331055,5.7582807540893555,6.69301176071167,1.6878831386566162,0.259811133146286,0.06102748587727547,27.00613021850586,1.239314317703247,4.790556907653809,3.7000021934509277,8.649889945983887,98.06694912910461
74,2,0.5133160352706909,3.428203821182251,5.727920055389404,6.675451755523682,1.6708225011825562,0.2637375295162201,0.06132557615637779,26.7331600189209,1.2408578395843506,4.815296173095703,3.7110724449157715,8.647436141967773,98.07388257980347
75,2,0.5032622218132019,3.4446866512298584,5.697885513305664,6.658210277557373,1.6541085243225098,0.26766058802604675,0.061620429158210754,26.465736389160156,1.2424119710922241,4.840102672576904,3.7220404148101807,8.644889831542969,98.08087944984436
76,2,0.4933090806007385,3.4610018730163574,5.668175220489502,6.641290664672852,1.6377266645431519,0.2715805470943451,0.061912283301353455,26.20362663269043,1.2439775466918945,4.865007400512695,3.732905149459839,8.642251968383789,98.08781790733337
77,2,0.483451783657074,3.4771625995635986,5.638783931732178,6.624691963195801,1.6216623783111572,0.2754981219768524,0.062201377004384995,25.946598052978516,1.2455552816390991,4.890040397644043,3.7436633110046387,8.639524459838867,98.09481716156006
78,2,0.47368571162223816,3.4931814670562744,5.609707832336426,6.608414173126221,1.6059021949768066,0.27941375970840454,0.06248793005943298,25.694435119628906,1.2471457719802856,4.915231227874756,3.754312753677368,8.636706352233887,98.10174036026001
79,2,0.46400585770606995,3.509073257446289,5.580943584442139,6.592459678649902,1.5904322862625122,0.28332826495170593,0.06277221441268921,25.446916580200195,1.2487503290176392,4.940610885620117,3.7648487091064453,8.633800506591797,98.10874199867249
80,2,0.45440810918807983,3.5248489379882812,5.552485466003418,6.576827049255371,1.5752407312393188,0.2872421443462372,0.0630544126033783,25.2038516998291,1.2503693103790283,4.966209888458252,3.7797701358795166,8.630804061889648,98.11565971374512
81,2,0.44488728046417236,3.540523052215576,5.524328708648682,6.561517238616943,1.5603142976760864,0.2911563515663147,0.06333480030298233,24.965028762817383,1.252003788948059,4.995622634887695,3.8226118087768555,8.62771987915039,99.33064723014832
82,2,0.4354389011859894,3.5561089515686035,5.496469020843506,6.546531677246094,1.545641303062439,0.29507169127464294,0.06361360847949982,24.730260848999023,1.2536548376083374,5.025205612182617,3.8664708137512207,8.62454605102539,99.33760833740234
83,2,0.4260583817958832,3.5716192722320557,5.468899726867676,6.531870365142822,1.53121018409729,0.2989889979362488,0.06389106810092926,24.49936294555664,1.2553232908248901,5.0544281005859375,3.911372423171997,8.621284484863281,99.3446102142334
84,2,0.41674095392227173,3.587069034576416,5.441617965698242,6.51753568649292,1.5170094966888428,0.30290931463241577,0.06416743993759155,24.272151947021484,1.2570102214813232,5.083289623260498,3.9573423862457275,8.61793327331543,99.35155987739563
85,2,0.40748223662376404,3.6024692058563232,5.414614677429199,6.5035247802734375,1.5030287504196167,0.3068336248397827,0.06444293260574341,24.048460006713867,1.258716344833374,5.111783981323242,4.0044050216674805,8.614493370056152,99.35854697227478
86,2,0.39827749133110046,3.617835521697998,5.387887477874756,6.489843368530273,1.4892572164535522,0.3107629120349884,0.06471780687570572,23.828115463256836,1.260443091392517,5.1399102210998535,4.052585601806641,8.610963821411133,99.36549043655396
87,2,0.3891221284866333,3.633180856704712,5.361429691314697,6.476490497589111,1.4756847620010376,0.31469839811325073,0.06499231606721878,23.6109561920166,1.2621914148330688,5.167666435241699,4.101907730102539,8.607344627380371,99.37249302864075
88,2,0.38001155853271484,3.64851713180542,5.335232257843018,6.463465213775635,1.46230149269104,0.31864121556282043,0.06526666134595871,23.39682388305664,1.2639622688293457,5.195051193237305,4.152397632598877,8.603635787963867,99.37946105003357
89,2,0.3709414601325989,3.6638598442077637,5.309292793273926,6.450772285461426,1.4490982294082642,0.32259249687194824,0.06554111838340759,23.185571670532227,1.2657570838928223,5.235741138458252,4.204078197479248,8.599834442138672,99.3864438533783
90,2,0.3619072139263153,3.6792213916778564,5.283603668212891,6.438410758972168,1.436065673828125,0.326553612947464,0.06581591069698334,22.97705078125,1.2675769329071045,5.280879974365234,4.256974220275879,8.595942497253418,99.39338779449463
91,2,0.352904349565506,3.6946165561676025,5.258159637451172,6.42638635635376,1.4231950044631958,0.33052557706832886,0.06609131395816803,22.771120071411133,1.2694231271743774,5.326305389404297,4.3111090660095215,8.591957092285156,100.57349729537964
92,2,0.3439283072948456,3.7100586891174316,5.232954502105713,6.414697647094727,1.4104775190353394,0.33451005816459656,0.06636755168437958,22.56764030456543,1.2712968587875366,5.372018814086914,4.366506576538086,8.587878227233887,100.58050274848938
93,2,0.33497485518455505,3.725562572479248,5.207983493804932,6.403351306915283,1.3979052305221558,0.33850809931755066,0.06664489209651947,22.366483688354492,1.2731995582580566,5.418023109436035,4.423190116882324,8.583704948425293,100.58755111694336
94,2,0.3260396122932434,3.7411396503448486,5.183237552642822,6.392344951629639,1.3854702711105347,0.34252116084098816,0.06692354381084442,22.167524337768555,1.2751325368881226,5.464314937591553,4.4811835289001465,8.579435348510742,100.5945098400116
95,2,0.31711795926094055,3.7568070888519287,5.158714294433594,6.381687164306641,1.3731645345687866,0.34655070304870605,0.0672038123011589,21.970632553100586,1.2770973443984985,5.510893821716309,4.540508270263672,8.575068473815918,100.60150289535522
96,2,0.3082057535648346,3.772576093673706,5.134404182434082,6.3713765144348145,1.3609809875488281,0.350598007440567,0.06748589128255844,21.77569580078125,1.27909517288208,5.557754039764404,4.601187705993652,8.570602416992188,100.60849905014038
97,2,0.2992985248565674,3.788463592529297,5.110304832458496,6.361420631408691,1.348912239074707,0.35466471314430237,0.0677701011300087,21.582595825195312,1.2811278104782104,5.604888916015625,4.663244247436523,8.56603717803955,100.61548161506653
98,2,0.2903919219970703,3.8044838905334473,5.086410045623779,6.351823806762695,1.3369513750076294,0.35875222086906433,0.06805668026208878,21.39122200012207,1.2831968069076538,5.652288913726807,4.726698398590088,8.561368942260742,100.62238764762878
99,2,0.28148195147514343,3.8206498622894287,5.062712669372559,6.342587947845459,1.325092077255249,0.3628620207309723,0.06834586709737778,21.201473236083984,1.2853035926818848,5.6999406814575195,4.791572570800781,8.556597709655762,100.62936663627625
100,2,0.2725639343261719,3.8369781970977783,5.039208889007568,6.333722114562988,1.313327431678772,0.3669954240322113,0.06863795220851898,21.01323890686035,1.2874500751495361,5.747832775115967,4.857885837554932,8.551721572875977,100.6362726688385
101,2,0.2636339068412781,3.8534839153289795,5.015893459320068,6.325229167938232,1.3016515970230103,0.3711543679237366,0.06893321871757507,20.826425552368164,1.2896379232406616,5.795947074890137,4.925658702850342,8.546736717224121,101.84514498710632
102,2,0.2546875774860382,3.870180606842041,4.9927592277526855,6.317115306854248,1.2900584936141968,0.3753400146961212,0.06923189759254456,20.64093589782715,1.2918686866760254,5.844263553619385,4.99491024017334,8.541644096374512,101.85209774971008
103,2,0.24572058022022247,3.8870859146118164,4.969803810119629,6.309388637542725,1.2785422801971436,0.3795541524887085,0.0695343092083931,20.456676483154297,1.2941443920135498,5.892763137817383,5.070367336273193,8.536439895629883,101.85910201072693
104,2,0.23672902584075928,3.9042155742645264,4.947022438049316,6.302057266235352,1.2670977115631104,0.38379815220832825,0.06984072923660278,20.273563385009766,1.2964671850204468,5.941422939300537,5.1522979736328125,8.531121253967285,101.86603474617004
105,2,0.22770828008651733,3.921583890914917,4.924407005310059,6.295125961303711,1.2557189464569092,0.3880736529827118,0.0701514258980751,20.091503143310547,1.298838496208191,5.9902167320251465,5.236444473266602,8.525688171386719,101.87302374839783
106,2,0.21865446865558624,3.9392077922821045,4.9019551277160645,6.288602828979492,1.244401216506958,0.39238235354423523,0.07046668976545334,19.910419464111328,1.3012604713439941,6.039120197296143,5.322844505310059,8.520135879516602,101.8799660205841
107,2,0.20956337451934814,3.9571051597595215,4.87966251373291,6.282498359680176,1.2331395149230957,0.39672577381134033,0.07078684866428375,19.73023223876953,1.303735375404358,6.08810567855835,5.411531925201416,8.514464378356934,101.88696265220642
108,2,0.2004307210445404,3.9752910137176514,4.857522964477539,6.276820659637451,1.2219289541244507,0.40110528469085693,0.07111217081546783,19.55086326599121,1.306265115737915,6.137145042419434,5.50253963470459,8.50866985321045,101.89389872550964
109,2,0.19125258922576904,3.9937849044799805,4.835536003112793,6.271581172943115,1.2107652425765991,0.40552279353141785,0.07144299894571304,19.372243881225586,1.3088520765304565,6.186211109161377,5.595895767211914,8.5027494430542,101.90089845657349
110,2,0.18202482163906097,4.012601375579834,4.813693046569824,6.266786098480225,1.1996439695358276,0.40997961163520813,0.07177959382534027,19.194303512573242,1.3114981651306152,6.235272407531738,5.691628932952881,8.496702194213867,101.90783643722534
111,2,0.1727433055639267,4.031759738922119,4.7919921875,6.262449741363525,1.188560962677002,0.4144773483276367,0.07212231308221817,19.01697540283203,1.3142057657241821,6.284300804138184,5.789760112762451,8.490525245666504,103.10986471176147
112,2,0.16340398788452148,4.051276683807373,4.77042818069458,6.258579730987549,1.177512288093567,0.41901761293411255,0.07247143983840942,18.84019660949707,1.3169772624969482,6.3332672119140625,5.890311241149902,8.484213829040527,103.11683964729309
113,2,0.15400288999080658,4.071171283721924,4.748997688293457,6.255190849304199,1.1664942502975464,0.4236016571521759,0.07282732427120209,18.663908004760742,1.3198148012161255,6.382143020629883,5.9932966232299805,8.477767944335938,103.12384915351868
114,2,0.144536092877388,4.091461658477783,4.727697849273682,6.252294540405273,1.1555033922195435,0.42823103070259094,0.07319029420614243,18.488054275512695,1.3227211236953735,6.430901050567627,6.098730087280273,8.471182823181152,103.13078951835632
115,2,0.13499975204467773,4.112165451049805,4.706523418426514,6.249901294708252,1.1445364952087402,0.43290722370147705,0.07356065511703491,18.312583923339844,1.3256983757019043,6.479514122009277,6.206621170043945,8.464457511901855,103.13782215118408
116,2,0.12539009749889374,4.133302211761475,4.68547248840332,6.2480268478393555,1.133590579032898,0.4376314878463745,0.0739387571811676,18.137449264526367,1.328749179840088,6.527954578399658,6.316974639892578,8.457587242126465,103.14475464820862
117,2,0.11570324003696442,4.154890060424805,4.664539813995361,6.246682643890381,1.1226626634597778,0.4424051344394684,0.07432493567466736,17.962602615356445,1.3318758010864258,6.576198101043701,6.4297895431518555,8.450571060180664,103.15175795555115
118,2,0.10593557357788086,4.176948070526123,4.643723011016846,6.245883464813232,1.1117502450942993,0.4472294747829437,0.07471951842308044,17.78800392150879,1.3350811004638672,6.624221324920654,6.5450639724731445,8.443406105041504,103.15869545936584
119,2,0.09608346223831177,4.199495792388916,4.623018741607666,6.2456440925598145,1.1008509397506714,0.4521055221557617,0.07512286305427551,17.613615036010742,1.3383675813674927,6.67200231552124,6.662786483764648,8.436087608337402,103.16569185256958
120,2,0.0861436054110527,4.222551345825195,4.602424144744873,6.245977878570557,1.0899628400802612,0.45703452825546265,0.07553529739379883,17.43940544128418,1.3417375087738037,6.72273063659668,6.782949924468994,8.428614616394043,103.17261552810669
121,2,0.07611256837844849,4.246133327484131,4.581934928894043,6.246901512145996,1.079084038734436,0.4620169997215271,0.07595714181661606,17.265344619750977,1.3451937437057495,6.782816410064697,6.905533790588379,8.420984268188477,104.36841201782227
122,2,0.06598737090826035,4.270262241363525,4.561550617218018,6.2484307289123535,1.0682132244110107,0.4670540988445282,0.07638877630233765,17.091411590576172,1.3487390279769897,6.8434062004089355,7.030516624450684,8.413193702697754,104.37534952163696
123,2,0.055764686316251755,4.294956207275391,4.541266918182373,6.250580310821533,1.0573488473892212,0.47214654088020325,0.07683051377534866,16.91758155822754,1.3523757457733154,6.904491424560547,7.157871723175049,8.40523910522461,104.38233852386475
124,2,0.045441776514053345,4.32023286819458,4.52108097076416,6.253366470336914,1.0464900732040405,0.4772946238517761,0.07728267461061478,16.74384117126465,1.3561064004898071,6.966062068939209,7.287569522857666,8.39711856842041,104.38927602767944
125,2,0.035016026347875595,4.346112251281738,4.5009918212890625,6.256805419921875,1.035636305809021,0.4824991822242737,0.07774562388658524,16.570180892944336,1.3599337339401245,7.028109550476074,7.419570446014404,8.388830184936523,104.39625334739685
126,2,0.024484969675540924,4.372611045837402,4.4809956550598145,6.260914325714111,1.024787187576294,0.4877600371837616,0.07821964472532272,16.396595001220703,1.3638602495193481,7.090620517730713,7.553834915161133,8.380369186401367,104.40318536758423
127,2,0.013846177607774734,4.399748802185059,4.461091995239258,6.265710353851318,1.0139424800872803,0.49307748675346375,0.07870510220527649,16.223079681396484,1.3678885698318481,7.153584003448486,7.690316677093506,8.371735572814941,104.41019558906555
128,2,0.00309750041924417,4.427541255950928,4.441277027130127,6.271209239959717,1.0031023025512695,0.49845120310783386,0.07920226454734802,16.049636840820312,1.372020959854126,7.21698522567749,7.828962802886963,8.36292552947998,104.41711640357971
129,2,-0.007762501481920481,4.456007480621338,4.421551704406738,6.277429580688477,0.9922675490379333,0.5038812160491943,0.07971148937940598,15.876280784606934,1.3762601613998413,7.280813694000244,7.969717502593994,8.353936195373535,104.42410206794739
130,2,-0.018735665827989578,4.485161304473877,4.40191125869751,6.2843852043151855,0.9814387559890747,0.5093666911125183,0.08023300766944885,15.703020095825195,1.380608320236206,7.3450517654418945,8.112517356872559,8.344766616821289,104.43105959892273
131,2,-0.02982320822775364,4.515020370483398,4.3823561668396,6.292094707489014,0.9706171154975891,0.51490718126297,0.08076713979244232,15.529873847961426,1.3850677013397217,7.409687042236328,8.257293701171875,8.335412979125977,105.64084148406982
132,2,-0.04102630913257599,4.545599937438965,4.362884521484375,6.300574779510498,0.9598038792610168,0.5205016136169434,0.08131416141986847,15.35686206817627,1.3896408081054688,7.474705696105957,8.403973579406738,8.325874328613281,105.64782977104187
133,2,-0.052345409989356995,4.576913833618164,4.343495845794678,6.309841156005859,0.9490010142326355,0.5261488556861877,0.08187432587146759,15.184016227722168,1.3943296670913696,7.540092468261719,8.55247688293457,8.31614875793457,105.65483975410461
134,2,-0.0637812688946724,4.608974456787109,4.3241868019104,6.319908142089844,0.9382101893424988,0.5318474173545837,0.0824478417634964,15.01136302947998,1.399135947227478,7.605833053588867,8.702720642089844,8.306233406066895,105.66180729866028
135,2,-0.07533381134271622,4.641796588897705,4.304959297180176,6.330793380737305,0.9274338483810425,0.5375958681106567,0.08303498476743698,14.83894157409668,1.4040621519088745,7.671912670135498,8.854610443115234,8.296128273010254,105.66880702972412
136,2,-0.08700309693813324,4.675390243530273,4.2858099937438965,6.34251070022583,0.9166742563247681,0.5433920621871948,0.08363592624664307,14.666788101196289,1.4091098308563232,7.738317012786865,9.008050918579102,8.285828590393066,105.6757390499115
137,2,-0.09878825396299362,4.709765911102295,4.266739368438721,6.355072975158691,0.9059345126152039,0.5492342114448547,0.08425085246562958,14.494952201843262,1.4142804145812988,7.805030822753906,9.162936210632324,8.275337219238281,105.68272733688354
138,2,-0.11068906635046005,4.744933605194092,4.247745513916016,6.368495464324951,0.8952170610427856,0.5551196336746216,0.08487995713949203,14.32347297668457,1.4195756912231445,7.8720383644104,9.319156646728516,8.264649391174316,105.6896448135376
139,2,-0.12270376086235046,4.7809014320373535,4.228829860687256,6.382791042327881,0.8845256567001343,0.5610458254814148,0.08552336692810059,14.152410507202148,1.424997091293335,7.939325332641602,9.476594924926758,8.253767013549805,105.69664597511292
140,2,-0.13483141362667084,4.8176751136779785,4.209989070892334,6.397968292236328,0.8738632202148438,0.5670101642608643,0.08618119359016418,13.9818115234375,1.430545687675476,8.006875038146973,9.635126113891602,8.242688179016113,105.70359754562378
141,2,-0.14706984162330627,4.855260848999023,4.191224575042725,6.414041042327881,0.8632336854934692,0.5730093121528625,0.08685354888439178,13.811738967895508,1.4362224340438843,8.07467269897461,9.7946195602417,8.231411933898926,106.89980578422546
142,2,-0.1594172567129135,4.8936614990234375,4.172533988952637,6.431015968322754,0.8526405096054077,0.5790401697158813,0.08754047751426697,13.642248153686523,1.4420281648635864,8.1427001953125,9.954937934875488,8.219938278198242,106.90677857398987
143,2,-0.17187099158763885,4.932880878448486,4.153918743133545,6.448903560638428,0.8420878052711487,0.5850991606712341,0.0882420539855957,13.473404884338379,1.4479637145996094,8.210942268371582,10.115934371948242,8.208267211914062,106.91377997398376
144,2,-0.18442843854427338,4.9729180335998535,4.135376453399658,6.467708587646484,0.8315794467926025,0.5911827087402344,0.0889582633972168,13.30527114868164,1.4540293216705322,8.27938175201416,10.277817726135254,8.19640064239502,106.92070484161377
145,2,-0.19708649814128876,5.013773441314697,4.116907596588135,6.487438201904297,0.8211196064949036,0.5972868800163269,0.08968910574913025,13.137913703918457,1.4602254629135132,8.349601745605469,10.446144104003906,8.184337615966797,106.9276933670044
146,2,-0.20984184741973877,5.05544376373291,4.098511219024658,6.5080952644348145,0.810712456703186,0.6034075617790222,0.09043452888727188,12.971399307250977,1.4665521383285522,8.423133850097656,10.614935874938965,8.172078132629395,106.9346354007721
147,2,-0.22269101440906525,5.097923755645752,4.0801849365234375,6.529681205749512,0.8003621101379395,0.6095407009124756,0.09119443595409393,12.805793762207031,1.4730089902877808,8.496786117553711,10.784029960632324,8.159626007080078,106.94164633750916
148,2,-0.2356301099061966,5.141209125518799,4.061929702758789,6.55219841003418,0.7900728583335876,0.6156820058822632,0.09196874499320984,12.641165733337402,1.4795958995819092,8.570531845092773,10.953255653381348,8.146980285644531,106.94859170913696
149,2,-0.24865521490573883,5.185290336608887,4.043742656707764,6.575643539428711,0.7798488140106201,0.6218271255493164,0.09275729209184647,12.477581024169922,1.4863120317459106,8.644342422485352,11.122437477111816,8.134145736694336,106.95557594299316
150,2,-0.2617618143558502,5.230157375335693,4.025622367858887,6.600013732910156,0.7696943283081055,0.627971351146698,0.09355989843606949,12.315109252929688,1.4931565523147583,8.718192100524902,11.291399002075195,8.121122360229492,106.96251249313354
151,2,-0.27494558691978455,5.275798797607422,4.007567882537842,6.625304222106934,0.7596134543418884,0.6341102719306946,0.09437636286020279,12.153815269470215,1.5001287460327148,8.79765510559082,11.459955215454102,8.107912063598633,108.1371660232544
152,2,-0.28820204734802246,5.322204113006592,3.9895782470703125,6.651510715484619,0.7496101260185242,0.6402394771575928,0.09520648419857025,11.993762016296387,1.5072273015975952,8.885516166687012,11.627921104431152,8.094521522521973,108.14411687850952
153,2,-0.30152627825737,5.369353294372559,3.9716484546661377,6.678618907928467,0.7396883964538574,0.6463542580604553,0.09604991227388382,11.835014343261719,1.5144503116607666,8.97350788116455,11.7951078414917,8.080950736999512,108.15111780166626
154,2,-0.3149135708808899,5.417232036590576,3.953777551651001,6.706620693206787,0.7298519611358643,0.6524502635002136,0.0969063937664032,11.677631378173828,1.5217965841293335,9.061601638793945,11.961329460144043,8.067203521728516,108.15803861618042
155,2,-0.32835882902145386,5.465821743011475,3.9359631538391113,6.735504627227783,0.7201045751571655,0.6585225462913513,0.09777559340000153,11.521673202514648,1.5292640924453735,9.149765014648438,12.126394271850586,8.05328369140625,108.16504406929016
156,2,-0.3418574035167694,5.515101909637451,3.918201446533203,6.76525354385376,0.7104495167732239,0.6645672917366028,0.09865714609622955,11.367192268371582,1.5368508100509644,9.237961769104004,12.290116310119629,8.039196968078613,108.17198014259338
157,2,-0.35540398955345154,5.565052032470703,3.9004905223846436,6.795854091644287,0.7008902430534363,0.6705796718597412,0.09955067932605743,11.21424388885498,1.5445544719696045,9.326153755187988,12.452310562133789,8.024947166442871,108.178955078125
158,2,-0.36899375915527344,5.615644454956055,3.8828237056732178,6.827282428741455,0.6914297342300415,0.6765555739402771,0.10045570135116577,11.062875747680664,1.5523723363876343,9.414297103881836,12.612796783447266,8.010540008544922,108.18589782714844
159,2,-0.3826214671134949,5.6668596267700195,3.8652007579803467,6.859524250030518,0.6820710301399231,0.6824909448623657,0.1013718694448471,10.91313648223877,1.5603020191192627,9.502351760864258,12.771391868591309,7.995978832244873,108.19289779663086
160,2,-0.39628246426582336,5.718669414520264,3.847615957260132,6.8925557136535645,0.6728166341781616,0.6883818507194519,0.10229866951704025,10.765066146850586,1.56834077835083,9.590270042419434,12.927929878234863,7.981270790100098,108.19986009597778
161,2,-0.409971684217453,5.7710442543029785,3.830063581466675,6.926351547241211,0.6636690497398376,0.6942241787910461,0.10323558002710342,10.618704795837402,1.5764849185943604,9.677996635437012,13.082242965698242,7.9664201736450195,109.37450671195984
162,2,-0.4236844480037689,5.823960304260254,3.8125417232513428,6.96088981628418,0.6546304225921631,0.7000149488449097,0.104182168841362,10.47408676147461,1.5847320556640625,9.765482902526855,13.234169960021973,7.9514336585998535,109.38148140907288
163,2,-0.43741607666015625,5.877386569976807,3.7950446605682373,6.9961442947387695,0.6457027196884155,0.7057502269744873,0.1051378920674324,10.331243515014648,1.593078374862671,9.85267162322998,13.383559226989746,7.936317443847656,109.38848996162415
164,2,-0.45116180181503296,5.931290626525879,3.777566432952881,7.0320844650268555,0.636887788772583,0.7114269137382507,0.10610215365886688,10.190204620361328,1.601520299911499,9.939505577087402,13.530272483825684,7.921077728271484,109.39541387557983
165,2,-0.46491739153862,5.985644817352295,3.7601044178009033,7.068686485290527,0.6281870007514954,0.7170417904853821,0.10707446932792664,10.050992012023926,1.6100544929504395,10.025928497314453,13.674176216125488,7.905720233917236,109.40240287780762
166,2,-0.47867846488952637,6.040414810180664,3.7426512241363525,7.105916500091553,0.6196016669273376,0.722592294216156,0.10805422812700272,9.913626670837402,1.6186766624450684,10.111882209777832,13.815144538879395,7.890252113342285,109.40933513641357
167,2,-0.4924410879611969,6.0955705642700195,3.725202798843384,7.143746852874756,0.6111327409744263,0.7280758023262024,0.10904088616371155,9.77812385559082,1.6273832321166992,10.197308540344238,13.9530668258667,7.8746795654296875,109.41631841659546
168,2,-0.5062013268470764,6.15108060836792,3.707754373550415,7.1821465492248535,0.6027809977531433,0.7334901690483093,0.11003387719392776,9.644495964050293,1.6361703872680664,10.28215217590332,14.087836265563965,7.859009742736816,109.42324924468994
169,2,-0.5199555158615112,6.206909656524658,3.6902995109558105,7.2210822105407715,0.5945469737052917,0.738832950592041,0.11103257536888123,9.512751579284668,1.645033597946167,10.366357803344727,14.219365119934082,7.8432488441467285,109.43023419380188
170,2,-0.5336999893188477,6.263024806976318,3.672832727432251,7.260522365570068,0.5864311456680298,0.7441021203994751,0.11203639209270477,9.382898330688477,1.6539686918258667,10.449870109558105,14.347569465637207,7.827402591705322,109.43716502189636
171,2,-0.5474316477775574,6.319396018981934,3.65535044670105,7.300435543060303,0.5784335136413574,0.7492963075637817,0.11304479092359543,9.254936218261719,1.6629718542099,10.53264331817627,14.472379684448242,7.811479091644287,110.62830448150635
172,2,-0.5611474514007568,6.375988960266113,3.6378462314605713,7.340787410736084,0.5705540180206299,0.7544141411781311,0.11405716091394424,9.128864288330078,1.6720385551452637,10.614625930786133,14.593735694885254,7.79548454284668,110.63525032997131
173,2,-0.574844241142273,6.432768821716309,3.620314121246338,7.38154411315918,0.5627925395965576,0.7594539523124695,0.11507286876440048,9.004680633544922,1.6811641454696655,10.695772171020508,14.711589813232422,7.779423713684082,110.64223885536194
174,2,-0.5885194540023804,6.489704132080078,3.602750062942505,7.422672271728516,0.5551486015319824,0.7644150257110596,0.11609135568141937,8.882377624511719,1.6903446912765503,10.776042938232422,14.825905799865723,7.763303756713867,110.64917874336243
175,2,-0.6021704077720642,6.546760559082031,3.585148811340332,7.464138984680176,0.5476217865943909,0.7692959904670715,0.11711201816797256,8.761948585510254,1.6995755434036255,10.855399131774902,14.93665885925293,7.747130393981934,110.6561644077301
176,2,-0.6157946586608887,6.603909492492676,3.56750750541687,7.505912780761719,0.5402114391326904,0.7740967273712158,0.11813432723283768,8.643383026123047,1.7088526487350464,10.93381118774414,15.043831825256348,7.730910301208496,110.6631453037262
177,2,-0.6293900012969971,6.661113262176514,3.549819231033325,7.547956466674805,0.532916784286499,0.7788160443305969,0.11915761977434158,8.526668548583984,1.718171238899231,11.011248588562012,15.147418022155762,7.7146477699279785,110.67012047767639
178,2,-0.6429535150527954,6.718343257904053,3.532083749771118,7.590240955352783,0.5257373452186584,0.7834535241127014,0.1201813817024231,8.411797523498535,1.727527379989624,11.087698936462402,15.247426986694336,7.698348045349121,110.6770396232605
179,2,-0.6564835906028748,6.7755656242370605,3.514296293258667,7.632730007171631,0.518671989440918,0.7880092859268188,0.12120500206947327,8.298751831054688,1.7369163036346436,11.163143157958984,15.343864440917969,7.682018280029297,110.68400502204895
180,2,-0.6699774265289307,6.832749366760254,3.496455192565918,7.675393581390381,0.5117201209068298,0.7924824357032776,0.12222793698310852,8.187521934509277,1.7463339567184448,11.237579345703125,15.436758041381836,7.6656622886657715,110.69095206260681
181,2,-0.683432936668396,6.8898606300354,3.47855806350708,7.718195915222168,0.5048807859420776,0.7968733310699463,0.12324957549571991,8.078092575073242,1.7557759284973145,11.31100845336914,15.52613353729248,7.649284362792969,111.89339756965637
182,2,-0.6968477964401245,6.946871280670166,3.4606056213378906,7.761108875274658,0.49815312027931213,0.8011816143989563,0.12426941096782684,7.970449924468994,1.7652382850646973,11.383439064025879,15.61202621459961,7.632890224456787,111.90031599998474
183,2,-0.7102193236351013,7.00374698638916,3.442596435546875,7.804098129272461,0.49153637886047363,0.8054071068763733,0.12528683245182037,7.864582061767578,1.7747163772583008,11.45488452911377,15.694480895996094,7.616483688354492,111.90729665756226
184,2,-0.7235453724861145,7.060462474822998,3.4245333671569824,7.847136974334717,0.4850296080112457,0.8095502853393555,0.12630139291286469,7.760473728179932,1.784206748008728,11.525369644165039,15.773539543151855,7.600069999694824,111.9142062664032
185,2,-0.7368231415748596,7.116982460021973,3.4064159393310547,7.890191078186035,0.4786320626735687,0.8136109113693237,0.12731245160102844,7.6581130027771,1.7937049865722656,11.59490966796875,15.849261283874512,7.583652019500732,111.92120885848999
186,2,-0.7500501871109009,7.173280239105225,3.3882477283477783,7.933232307434082,0.472342848777771,0.8175893425941467,0.12831954658031464,7.557485580444336,1.803207278251648,11.663532257080078,15.921697616577148,7.567235469818115,111.92816424369812
187,2,-0.7632239460945129,7.22932767868042,3.3700315952301025,7.976232528686523,0.4661611318588257,0.8214861154556274,0.1293221414089203,7.458578109741211,1.812709927558899,11.7312650680542,15.990909576416016,7.550822734832764,111.93516325950623
188,2,-0.7763416767120361,7.285096168518066,3.351771354675293,8.019164085388184,0.46008607745170593,0.8253010511398315,0.1303197592496872,7.361377239227295,1.822209358215332,11.798133850097656,16.056961059570312,7.53441858291626,111.94210505485535
189,2,-0.7894008755683899,7.340559482574463,3.3334712982177734,8.061999320983887,0.4541167914867401,0.8290348649024963,0.13131192326545715,7.265868663787842,1.8317019939422607,11.864168167114258,16.119916915893555,7.518025875091553,111.94910049438477
190,2,-0.8023987412452698,7.395691394805908,3.315136671066284,8.104713439941406,0.44825243949890137,0.8326878547668457,0.13229815661907196,7.172039031982422,1.8411844968795776,11.929397583007812,16.179851531982422,7.501649856567383,111.95603132247925
191,2,-0.81533282995224,7.45046854019165,3.2967729568481445,8.1472806930542,0.4424920380115509,0.836260974407196,0.1332780420780182,7.0798726081848145,1.8506535291671753,11.993849754333496,16.23682403564453,7.485293388366699,113.12733697891235
192,2,-0.8282003402709961,7.504871845245361,3.278388500213623,8.189684867858887,0.4368347227573395,0.8397541642189026,0.13425123691558838,6.989355564117432,1.8601068258285522,12.057562828063965,16.307008743286133,7.468959808349609,113.13428735733032
193,2,-0.8409991264343262,7.558876991271973,3.2599880695343018,8.231898307800293,0.43127942085266113,0.8431687951087952,0.1352173089981079,6.900470733642578,1.8695409297943115,12.120566368103027,16.37533950805664,7.45265531539917,113.14128684997559
194,2,-0.853726327419281,7.612465858459473,3.24157977104187,8.273902893066406,0.42582520842552185,0.8465057015419006,0.13617593050003052,6.81320333480835,1.878953456878662,12.18289566040039,16.440967559814453,7.436381816864014,113.1482801437378
195,2,-0.8663796186447144,7.665621280670166,3.2231719493865967,8.315683364868164,0.42047107219696045,0.8497650027275085,0.13712680339813232,6.727537155151367,1.8883421421051025,12.244588851928711,16.503944396972656,7.420144081115723,113.1552484035492
196,2,-0.8789565563201904,7.718328952789307,3.204773187637329,8.357222557067871,0.41521593928337097,0.8529481291770935,0.13806967437267303,6.6434550285339355,1.897704839706421,12.30568790435791,16.564315795898438,7.4039483070373535,113.16221475601196
197,2,-0.8914552330970764,7.770576000213623,3.1863913536071777,8.398508071899414,0.4100585877895355,0.8560559749603271,0.13900429010391235,6.560937404632568,1.9070396423339844,12.366229057312012,16.62213706970215,7.387796401977539,113.169198513031
198,2,-0.9038733243942261,7.822348594665527,3.1680350303649902,8.439525604248047,0.40499794483184814,0.859089195728302,0.13993042707443237,6.47996711730957,1.9163445234298706,12.426248550415039,16.677461624145508,7.371695041656494,113.17612814903259
199,2,-0.9162089228630066,7.873637676239014,3.1497128009796143,8.480262756347656,0.40003272891044617,0.8620495796203613,0.14084792137145996,6.400523662567139,1.9256179332733154,12.485791206359863,16.73033905029297,7.355647087097168,113.1831123828888
200,2,-0.9284601211547852,7.924432277679443,3.13143253326416,8.520709991455078,0.3951617479324341,0.8649375438690186,0.1417565494775772,6.322587966918945,1.9348583221435547,12.544892311096191,16.780826568603516,7.339659690856934,113.19004130363464
201,2,-0.9406253695487976,7.974728107452393,3.113203287124634,8.560859680175781,0.39038363099098206,0.8677548170089722,0.14265628159046173,6.246138095855713,1.9440643787384033,12.603591918945312,16.828969955444336,7.32373571395874,114.38325929641724
202,2,-0.9527031779289246,8.024513244628906,3.0950307846069336,8.600699424743652,0.38569700717926025,0.8705021739006042,0.14354686439037323,6.171152114868164,1.9532346725463867,12.66192626953125,16.87483024597168,7.3078813552856445,114.39023017883301
203,2,-0.9646920561790466,8.073782920837402,3.07692289352417,8.640220642089844,0.38110053539276123,0.8731814622879028,0.14442822337150574,6.09760856628418,1.9623677730560303,12.719931602478027,16.918447494506836,7.29210090637207,114.39720916748047
204,2,-0.9765909910202026,8.122529983520508,3.0588858127593994,8.67941665649414,0.3765927255153656,0.8757932186126709,0.1453002393245697,6.02548360824585,1.971462607383728,12.777645111083984,16.95987319946289,7.276398658752441,114.40416026115417
205,2,-0.9883986115455627,8.17074966430664,3.040925979614258,8.718277931213379,0.37217220664024353,0.878339409828186,0.14616282284259796,5.9547553062438965,1.9805179834365845,12.835100173950195,16.9991512298584,7.26077938079834,114.41115641593933
206,2,-1.0001139640808105,8.218436241149902,3.0230491161346436,8.75679874420166,0.367837518453598,0.8808209300041199,0.14701585471630096,5.885400295257568,1.9895329475402832,12.89233112335205,17.036325454711914,7.2452473640441895,114.41804099082947
207,2,-1.011736273765564,8.265582084655762,3.0052592754364014,8.794966697692871,0.3635871410369873,0.8832395076751709,0.14785923063755035,5.817394256591797,1.998505711555481,12.949362754821777,17.071434020996094,7.229807376861572,114.425044298172
208,2,-1.0232642889022827,8.31218433380127,2.987563371658325,8.83277702331543,0.3594197630882263,0.8855962753295898,0.14869287610054016,5.750716209411621,2.0074355602264404,13.0062255859375,17.104520797729492,7.214463233947754,114.43198919296265
209,2,-1.03469717502594,8.358235359191895,2.9699649810791016,8.870219230651855,0.35533398389816284,0.8878927230834961,0.14951665699481964,5.6853437423706055,2.0163214206695557,13.062935829162598,17.135631561279297,7.199219226837158,114.43895769119263
210,2,-1.0460339784622192,8.403731346130371,2.9524693489074707,8.90728759765625,0.35132837295532227,0.8901298642158508,0.15033051371574402,5.621253967285156,2.0251617431640625,13.119514465332031,17.164812088012695,7.184079647064209,114.44589805603027
211,2,-1.0572736263275146,8.448663711547852,2.93507981300354,8.9439697265625,0.3474016487598419,0.8923093676567078,0.15113429725170135,5.558426380157471,2.0339548587799072,13.175969123840332,17.192115783691406,7.169047832489014,115.62384939193726
212,2,-1.0684151649475098,8.493026733398438,2.9178011417388916,8.980259895324707,0.3435525596141815,0.8944316506385803,0.1519278883934021,5.496840953826904,2.0427000522613525,13.23231029510498,17.21759605407715,7.154127597808838,115.63081383705139
213,2,-1.0794577598571777,8.536816596984863,2.900637149810791,9.016148567199707,0.33977970480918884,0.89649897813797,0.15271122753620148,5.4364752769470215,2.0513956546783447,13.288540840148926,17.241313934326172,7.139321804046631,115.6378014087677
214,2,-1.0904004573822021,8.580026626586914,2.883591413497925,9.051627159118652,0.336081862449646,0.8985121846199036,0.15348418056964874,5.377309799194336,2.06003999710083,13.344661712646484,17.263330459594727,7.124634742736816,115.6447262763977
215,2,-1.1012420654296875,8.622648239135742,2.8666675090789795,9.086685180664062,0.33245790004730225,0.9004722833633423,0.15424662828445435,5.319326400756836,2.068632125854492,13.400672912597656,17.28371810913086,7.110068321228027,115.65171265602112
216,2,-1.111981987953186,8.664680480957031,2.8498690128326416,9.121317863464355,0.32890641689300537,0.9023810029029846,0.1549985259771347,5.262502670288086,2.0771703720092773,13.456574440002441,17.302541732788086,7.095627784729004,115.65866112709045
217,2,-1.122619390487671,8.7061128616333,2.833197593688965,9.155512809753418,0.32542625069618225,0.9042389988899231,0.1557396799325943,5.206820011138916,2.085653066635132,13.512364387512207,17.31987190246582,7.08131217956543,115.6656539440155
218,2,-1.1331534385681152,8.74693775177002,2.8166556358337402,9.18925952911377,0.3220162093639374,0.9060476422309875,0.15646998584270477,5.152259349822998,2.094078302383423,13.568037033081055,17.33577537536621,7.067126274108887,115.6725766658783
219,2,-1.1435835361480713,8.787155151367188,2.8002467155456543,9.222553253173828,0.3186750113964081,0.9078084826469421,0.15718941390514374,5.098800182342529,2.102445363998413,13.623589515686035,17.350317001342773,7.053071975708008,115.67957019805908
220,2,-1.1539089679718018,8.826750755310059,2.7839701175689697,9.255377769470215,0.31540146470069885,0.9095224738121033,0.1578977257013321,5.046423435211182,2.1107518672943115,13.679008483886719,17.36355972290039,7.039150714874268,115.68652272224426
221,2,-1.1641291379928589,8.865724563598633,2.7678298950195312,9.287732124328613,0.31219443678855896,0.9111903309822083,0.15859490633010864,4.995110988616943,2.1189968585968018,13.734286308288574,17.375560760498047,7.025362968444824,116.87936019897461
222,2,-1.1742435693740845,8.904070854187012,2.7518270015716553,9.319604873657227,0.3090526759624481,0.9128138422966003,0.15928086638450623,4.94484281539917,2.127178907394409,13.78940486907959,17.386377334594727,7.011712551116943,116.8863275051117
223,2,-1.1842515468597412,8.941780090332031,2.735962152481079,9.350985527038574,0.3059751093387604,0.9143936038017273,0.15995542705059052,4.895601749420166,2.135296106338501,13.844346046447754,17.396060943603516,6.998198509216309,116.89333462715149
224,2,-1.19415283203125,8.97885513305664,2.72023868560791,9.38187313079834,0.30296051502227783,0.9159311056137085,0.1606186479330063,4.847368240356445,2.143347978591919,13.899092674255371,17.4046573638916,6.9848246574401855,116.90025496482849
225,2,-1.203946590423584,9.015291213989258,2.704658031463623,9.412261009216309,0.3000078499317169,0.917427122592926,0.16127043962478638,4.800125598907471,2.1513326168060303,13.953629493713379,17.412216186523438,6.971590042114258,116.9072413444519
226,2,-1.2136329412460327,9.051088333129883,2.6892223358154297,9.442145347595215,0.29711592197418213,0.9188831448554993,0.1619107872247696,4.753854751586914,2.1592495441436768,14.00793743133545,17.41878318786621,6.958497524261475,116.91418123245239
227,2,-1.2232108116149902,9.086246490478516,2.6739349365234375,9.471526145935059,0.29428377747535706,0.9202992916107178,0.16253972053527832,4.708540439605713,2.167097568511963,14.06200122833252,17.424400329589844,6.9455485343933105,116.9211905002594
228,2,-1.232680082321167,9.120774269104004,2.658799171447754,9.500407218933105,0.2915102541446686,0.9216774702072144,0.1631573736667633,4.664164066314697,2.1748769283294678,14.115817070007324,17.42911148071289,6.932744979858398,116.92812633514404
229,2,-1.2420406341552734,9.154671669006348,2.643817186355591,9.528786659240723,0.28879430890083313,0.9230183362960815,0.16376374661922455,4.62070894241333,2.182586431503296,14.169371604919434,17.432952880859375,6.920088768005371,116.9351098537445
230,2,-1.2512916326522827,9.187946319580078,2.628993034362793,9.556671142578125,0.2861349880695343,0.9243226647377014,0.164358988404274,4.578159809112549,2.190225839614868,14.222663879394531,17.43596649169922,6.907581806182861,116.9420223236084
231,2,-1.2604330778121948,9.220606803894043,2.6143298149108887,9.584066390991211,0.28353121876716614,0.9255915284156799,0.16494323313236237,4.536499500274658,2.1977951526641846,14.275690078735352,17.438182830810547,6.895226001739502,118.12870526313782
232,2,-1.2694650888442993,9.25266170501709,2.599830389022827,9.610976219177246,0.2809818983078003,0.9268262982368469,0.16551664471626282,4.495710372924805,2.205294370651245,14.328448295593262,17.43964385986328,6.883023262023926,118.13566303253174
233,2,-1.2783870697021484,9.284120559692383,2.585498809814453,9.637412071228027,0.27848613262176514,0.9280270934104919,0.16607940196990967,4.455778121948242,2.2127232551574707,14.380937576293945,17.440385818481445,6.870975971221924,118.14265775680542
234,2,-1.2871993780136108,9.314992904663086,2.5713367462158203,9.66337776184082,0.27604278922080994,0.9291956424713135,0.16663166880607605,4.416684627532959,2.2200815677642822,14.43315315246582,17.440444946289062,6.8590850830078125,118.14958953857422
235,2,-1.2959017753601074,9.345294952392578,2.5573489665985107,9.688889503479004,0.27365097403526306,0.9303321838378906,0.16717372834682465,4.378415584564209,2.227370262145996,14.485100746154785,17.43985939025879,6.847353458404541,118.15655422210693
236,2,-1.3044945001602173,9.375032424926758,2.54353666305542,9.713949203491211,0.27130964398384094,0.9314379096031189,0.1677056849002838,4.340954303741455,2.234588861465454,14.536774635314941,17.438671112060547,6.835781574249268,118.16349482536316
237,2,-1.3129775524139404,9.404224395751953,2.5299041271209717,9.738574981689453,0.2690178453922272,0.9325135350227356,0.168227881193161,4.304285526275635,2.2417380809783936,14.588179588317871,17.43691635131836,6.824371814727783,118.17049098014832
238,2,-1.321351170539856,9.432879447937012,2.5164525508880615,9.762773513793945,0.26677459478378296,0.9335598349571228,0.16874048113822937,4.268393516540527,2.2488179206848145,14.639311790466309,17.434640884399414,6.813125133514404,118.17742133140564
239,2,-1.3296154737472534,9.461012840270996,2.5031850337982178,9.7865571975708,0.2645789682865143,0.9345776438713074,0.16924375295639038,4.2332634925842285,2.255828380584717,14.690176963806152,17.4318790435791,6.802043914794922,118.18439960479736
240,2,-1.3377708196640015,9.48863697052002,2.490103244781494,9.8099365234375,0.26243001222610474,0.9355677962303162,0.16973790526390076,4.198880195617676,2.262770414352417,14.740771293640137,17.42867088317871,6.7911295890808105,118.1913275718689
241,2,-1.3458174467086792,9.515763282775879,2.4772086143493652,9.83292007446289,0.2603268325328827,0.9365311861038208,0.1702231466770172,4.165229320526123,2.2696430683135986,14.79109001159668,17.425048828125,6.780383586883545,119.3662941455841
242,2,-1.3537555932998657,9.542407035827637,2.4645028114318848,9.855522155761719,0.25826847553253174,0.9374683499336243,0.17069977521896362,4.132295608520508,2.2764477729797363,14.841127395629883,17.421052932739258,6.769806861877441,119.37322902679443
243,2,-1.361586332321167,9.56857967376709,2.45198655128479,9.877750396728516,0.2562539577484131,0.938380241394043,0.17116795480251312,4.100063323974609,2.2831835746765137,14.890880584716797,17.416709899902344,6.759400844573975,119.38021302223206
244,2,-1.3693097829818726,9.594291687011719,2.439659595489502,9.899615287780762,0.2542824149131775,0.9392672777175903,0.17162790894508362,4.06851863861084,2.289851188659668,14.940338134765625,17.41205596923828,6.749166488647461,119.3871500492096
245,2,-1.3769267797470093,9.61955451965332,2.4275224208831787,9.921123504638672,0.25235289335250854,0.9401306509971619,0.17207983136177063,4.037646293640137,2.296450614929199,14.98949909210205,17.407123565673828,6.739106178283691,119.394118309021
246,2,-1.3844380378723145,9.644375801086426,2.415573835372925,9.942282676696777,0.2504644989967346,0.9409705996513367,0.1725238412618637,4.007431983947754,2.302981376647949,15.038349151611328,17.401948928833008,6.729218482971191,119.40105700492859
247,2,-1.3918442726135254,9.6687650680542,2.403813123703003,9.963098526000977,0.24861635267734528,0.9417880177497864,0.17296013236045837,3.9778616428375244,2.309443235397339,15.08803653717041,17.39656639099121,6.719505786895752,119.40804290771484
248,2,-1.3991464376449585,9.692728996276855,2.3922386169433594,9.983576774597168,0.2468075454235077,0.9425835013389587,0.17338880896568298,3.948920726776123,2.3158364295959473,15.142050743103027,17.391010284423828,6.70996618270874,119.41497302055359
249,2,-1.4063451290130615,9.716272354125977,2.3808484077453613,10.003718376159668,0.2450372278690338,0.9433577656745911,0.1738099604845047,3.920595645904541,2.322159767150879,15.195582389831543,17.38531494140625,6.700601577758789,119.42196416854858
250,2,-1.4134413003921509,9.739397048950195,2.3696396350860596,10.023524284362793,0.2433045506477356,0.9441114664077759,0.1742236316204071,3.8928728103637695,2.3284127712249756,15.248608589172363,17.379507064819336,6.69141149520874,119.4289038181305
251,2,-1.4204360246658325,9.762109756469727,2.358610153198242,10.042998313903809,0.2416086494922638,0.9448450803756714,0.17462992668151855,3.8657383918762207,2.334595203399658,15.30111026763916,17.373615264892578,6.682394981384277,120.60355734825134
252,2,-1.4273298978805542,9.784408569335938,2.3477566242218018,10.062137603759766,0.23994874954223633,0.945559024810791,0.17502883076667786,3.8391799926757812,2.3407058715820312,15.353068351745605,17.367660522460938,6.673552989959717,120.61055207252502
253,2,-1.4341239929199219,9.806297302246094,2.337076425552368,10.080942153930664,0.23832404613494873,0.946254312992096,0.1754203885793686,3.8131847381591797,2.3467438220977783,15.404468536376953,17.361665725708008,6.664884090423584,120.61755466461182
254,2,-1.440819263458252,9.827775955200195,2.326565980911255,10.099410057067871,0.23673371970653534,0.9469313025474548,0.17580460011959076,3.7877395153045654,2.352708578109741,15.455294609069824,17.355648040771484,6.6563873291015625,120.62449765205383
255,2,-1.4474166631698608,9.84884262084961,2.3162217140197754,10.117538452148438,0.23517704010009766,0.9475904107093811,0.17618145048618317,3.7628326416015625,2.3585987091064453,15.505535125732422,17.349628448486328,6.648062705993652,120.63147640228271
256,2,-1.453917384147644,9.869495391845703,2.3060390949249268,10.135321617126465,0.23365318775177002,0.9482324123382568,0.17655090987682343,3.7384510040283203,2.364413261413574,15.555179595947266,17.348129272460938,6.6399078369140625,120.63839960098267
257,2,-1.4603221416473389,9.889735221862793,2.296015501022339,10.15276050567627,0.2321614772081375,0.9488576054573059,0.17691296339035034,3.7145836353302,2.3701512813568115,15.609028816223145,17.356725692749023,6.631922721862793,120.64538955688477
258,2,-1.46663236618042,9.909555435180664,2.2861454486846924,10.169845581054688,0.23070110380649567,0.9494664669036865,0.17726752161979675,3.6912176609039307,2.3758113384246826,15.669930458068848,17.365331649780273,6.624104976654053,120.65231728553772
259,2,-1.472848892211914,9.92895793914795,2.276426076889038,10.186576843261719,0.22927139699459076,0.9500594735145569,0.17761459946632385,3.668342351913452,2.3813929557800293,15.730274200439453,17.373964309692383,6.616454601287842,120.6593189239502
260,2,-1.4789732694625854,9.947944641113281,2.2668533325195312,10.202951431274414,0.22787152230739594,0.9506377577781677,0.17795424163341522,3.645944356918335,2.386894702911377,15.790060043334961,17.382631301879883,6.6089701652526855,120.66623950004578
261,2,-1.4850064516067505,9.966506958007812,2.257422685623169,10.218963623046875,0.22650088369846344,0.9512009024620056,0.17828629910945892,3.624014139175415,2.39231538772583,15.849287033081055,17.3913516998291,6.601650238037109,121.8437192440033
262,2,-1.4909497499465942,9.984649658203125,2.2481307983398438,10.234613418579102,0.2251587063074112,0.9517497420310974,0.17861084640026093,3.602539300918579,2.3976545333862305,15.90795612335205,17.400136947631836,6.594493865966797,121.8506965637207
263,2,-1.4968044757843018,10.002370834350586,2.23897385597229,10.249898910522461,0.22384431958198547,0.952284574508667,0.17892785370349884,3.5815091133117676,2.4029109477996826,15.966058731079102,17.40899085998535,6.587499618530273,121.85767602920532
264,2,-1.502571940422058,10.019669532775879,2.229947805404663,10.264816284179688,0.22255702316761017,0.9528058767318726,0.17923730611801147,3.5609123706817627,2.408083438873291,16.023588180541992,17.417930603027344,6.5806684494018555,121.86464357376099
265,2,-1.508253574371338,10.036547660827637,2.2210490703582764,10.279364585876465,0.22129611670970917,0.9533144235610962,0.17953921854496002,3.5407378673553467,2.4131715297698975,16.080530166625977,17.42695426940918,6.573997974395752,121.87161684036255
266,2,-1.5138508081436157,10.053006172180176,2.2122738361358643,10.293545722961426,0.22006092965602875,0.9538100957870483,0.17983365058898926,3.52097487449646,2.4181745052337646,16.136869430541992,17.436073303222656,6.567487716674805,121.87853646278381
267,2,-1.5193649530410767,10.069037437438965,2.2036170959472656,10.30734920501709,0.21885082125663757,0.954293429851532,0.18012042343616486,3.501613140106201,2.423090934753418,16.192581176757812,17.445301055908203,6.561136245727539,121.88554096221924
268,2,-1.524797797203064,10.08464527130127,2.195075035095215,10.320775985717773,0.21766507625579834,0.9547651410102844,0.18039962649345398,3.4826412200927734,2.42792010307312,16.247648239135742,17.454631805419922,6.554942607879639,121.8924720287323
269,2,-1.5301506519317627,10.099827766418457,2.186643362045288,10.33382511138916,0.21650303900241852,0.9552251100540161,0.18067121505737305,3.4640486240386963,2.432661294937134,16.302047729492188,17.46408462524414,6.548905372619629,121.89943432807922
270,2,-1.5354254245758057,10.114578247070312,2.178316593170166,10.34648609161377,0.21536405384540558,0.9556741118431091,0.1809350848197937,3.4458248615264893,2.4373133182525635,16.35575294494629,17.47365951538086,6.543023109436035,121.90638303756714
271,2,-1.5406237840652466,10.12889575958252,2.1700897216796875,10.358755111694336,0.2142474204301834,0.9561126232147217,0.18119120597839355,3.4279587268829346,2.4418747425079346,16.408742904663086,17.48335838317871,6.537294864654541,123.10139203071594
272,2,-1.545746922492981,10.142776489257812,2.161959171295166,10.370630264282227,0.21315260231494904,0.956540584564209,0.18143950402736664,3.4104416370391846,2.446345329284668,16.460988998413086,17.493194580078125,6.531717300415039,123.10834860801697
273,2,-1.5507969856262207,10.156218528747559,2.1539194583892822,10.38210678100586,0.21207888424396515,0.9569584727287292,0.18167996406555176,3.3932621479034424,2.4507241249084473,16.51247787475586,17.50316047668457,6.526291847229004,123.11533737182617
274,2,-1.5557756423950195,10.169215202331543,2.145965099334717,10.39317512512207,0.2110256403684616,0.9573668837547302,0.18191245198249817,3.3764102458953857,2.4550092220306396,16.56318473815918,17.513261795043945,6.52101469039917,123.12226057052612
275,2,-1.5606848001480103,10.181763648986816,2.1380913257598877,10.403833389282227,0.20999222993850708,0.9577656388282776,0.1821369230747223,3.3598756790161133,2.459200382232666,16.61309242248535,17.523494720458984,6.515886306762695,123.12923979759216
276,2,-1.565525770187378,10.193857192993164,2.1302928924560547,10.414071083068848,0.2089781016111374,0.9581555724143982,0.18235325813293457,3.3436496257781982,2.4632959365844727,16.662181854248047,17.533855438232422,6.510903358459473,123.13616251945496
277,2,-1.5703009366989136,10.205493927001953,2.1225650310516357,10.4238862991333,0.20798258483409882,0.958536684513092,0.18256142735481262,3.327721357345581,2.4672956466674805,16.710439682006836,17.54433822631836,6.506065845489502,123.14315819740295
278,2,-1.5750120878219604,10.216666221618652,2.114901542663574,10.433267593383789,0.20700505375862122,0.9589097499847412,0.1827612817287445,3.3120808601379395,2.4711976051330566,16.75784683227539,17.554933547973633,6.501370906829834,123.1500952243805
279,2,-1.5796606540679932,10.22736930847168,2.1072983741760254,10.442211151123047,0.206045001745224,0.9592745900154114,0.18295274674892426,3.296720027923584,2.475001573562622,16.804391860961914,17.56563377380371,6.496818542480469,123.15708541870117
280,2,-1.584248423576355,10.237593650817871,2.099749803543091,10.450706481933594,0.2051018923521042,0.9596315026283264,0.18313564360141754,3.281630277633667,2.478705644607544,16.850059509277344,17.576433181762695,6.492404937744141,123.16401648521423
281,2,-1.5887742042541504,10.247331619262695,2.0922563076019287,10.458744049072266,0.20417572557926178,0.9599806666374207,0.18330983817577362,3.2668116092681885,2.482309341430664,16.894847869873047,17.587322235107422,6.48813009262085,124.3428738117218
282,2,-1.5932289361953735,10.256587028503418,2.0848381519317627,10.466333389282227,0.20326821506023407,0.9603214263916016,0.18347540497779846,3.252291440963745,2.485812187194824,16.93872833251953,17.5982723236084,6.483991622924805,124.34984970092773
283,2,-1.5975902080535889,10.265350341796875,2.0775387287139893,10.473470687866211,0.2023836225271225,0.9606524705886841,0.18363216519355774,3.23813796043396,2.4892139434814453,16.981721878051758,17.60926628112793,6.479987144470215,124.35686683654785
284,2,-1.6018919944763184,10.273679733276367,2.0702993869781494,10.480201721191406,0.20151488482952118,0.9609764814376831,0.18378117680549622,3.224238157272339,2.492518663406372,17.023761749267578,17.620162963867188,6.476125717163086,124.36381697654724
285,2,-1.6062520742416382,10.281511306762695,2.062863826751709,10.48641300201416,0.20063818991184235,0.9613022804260254,0.18392126262187958,3.2102110385894775,2.495720863342285,17.064897537231445,17.631080627441406,6.472394943237305,124.3708164691925
286,2,-1.6105844974517822,10.288853645324707,2.055412769317627,10.49215030670166,0.19977082312107086,0.9616233110427856,0.18405261635780334,3.196333169937134,2.4988203048706055,17.105140686035156,17.64195442199707,6.4687981605529785,124.37775087356567
287,2,-1.6147515773773193,10.295645713806152,2.0482168197631836,10.497405052185059,0.19894009828567505,0.9619295597076416,0.18417410552501678,3.183041572570801,2.501811981201172,17.144222259521484,17.652833938598633,6.465324401855469,124.38475203514099
288,2,-1.6188815832138062,10.301871299743652,2.041008234024048,10.502108573913574,0.1981201469898224,0.9622308015823364,0.1842854768037796,3.169922351837158,2.5046944618225098,17.182737350463867,17.66371726989746,6.46196985244751,124.39169001579285
289,2,-1.6230143308639526,10.307583808898926,2.0337178707122803,10.506298065185547,0.19730307161808014,0.9625300765037537,0.184387668967247,3.1568491458892822,2.5074691772460938,17.219411849975586,17.674388885498047,6.458746433258057,124.39867925643921
290,2,-1.626964807510376,10.312682151794434,2.0267014503479004,10.509943962097168,0.19652515649795532,0.9628140926361084,0.18447886407375336,3.144402503967285,2.510122537612915,17.255765914916992,17.684667587280273,6.455654144287109,124.40560841560364
291,2,-1.6307733058929443,10.31717586517334,2.0198774337768555,10.513040542602539,0.19577813148498535,0.9630857706069946,0.18455925583839417,3.1324501037597656,2.5126428604125977,17.289756774902344,17.693862915039062,6.45271110534668,125.58371686935425
292,2,-1.6348540782928467,10.320979118347168,2.012392997741699,10.515338897705078,0.19498082995414734,0.9633747935295105,0.18462729454040527,3.1196932792663574,2.5150206089019775,17.318885803222656,17.702152252197266,6.449917316436768,125.59070134162903
293,2,-1.6390390396118164,10.32414722442627,2.004603862762451,10.516960144042969,0.19416652619838715,0.9636690020561218,0.18468396365642548,3.1066644191741943,2.517270803451538,17.352890014648438,17.709911346435547,6.44724702835083,125.59768962860107
294,2,-1.6428375244140625,10.326613426208496,1.997480869293213,10.518026351928711,0.19343039393424988,0.9639341235160828,0.18472808599472046,3.094886302947998,2.5194005966186523,17.378582000732422,17.717575073242188,6.444668769836426,125.60463356971741
295,2,-1.6466282606124878,10.32838249206543,1.9902641773223877,10.518394470214844,0.19269853830337524,0.9641968607902527,0.184759721159935,3.083176612854004,2.52140736579895,17.40581512451172,17.724891662597656,6.442192554473877,125.6116054058075
296,2,-1.650604248046875,10.329477310180664,1.9825767278671265,10.51801872253418,0.19193388521671295,0.9644702672958374,0.1847793161869049,3.0709421634674072,2.523289680480957,17.43578338623047,17.731611251831055,6.439823627471924,125.61854243278503
297,2,-1.6544153690338135,10.32984447479248,1.9751057624816895,10.516973495483398,0.19120381772518158,0.9647305011749268,0.1847858726978302,3.0592610836029053,2.525047540664673,17.456254959106445,17.738012313842773,6.437550067901611,125.62554168701172
298,2,-1.6581501960754395,10.329509735107422,1.9676787853240967,10.515252113342285,0.19049102067947388,0.9649838209152222,0.18477989733219147,3.047856330871582,2.526684284210205,17.481264114379883,17.744104385375977,6.435375690460205,125.63248658180237
299,2,-1.6619607210159302,10.328470230102539,1.9599980115890503,10.512797355651855,0.1897665411233902,0.9652402997016907,0.18476130068302155,3.036264657974243,2.528198719024658,17.50714111328125,17.749662399291992,6.433296203613281,125.63947916030884
300,2,-1.665722131729126,10.326704978942871,1.9523059129714966,10.50963020324707,0.18905410170555115,0.9654920101165771,0.18472972512245178,3.0248656272888184,2.529590129852295,17.52382469177246,17.75484848022461,6.431308269500732,125.64641809463501
301,2,-1.6694462299346924,10.324226379394531,1.9445818662643433,10.505762100219727,0.1883513331413269,0.9657393097877502,0.1846853792667389,3.0136213302612305,2.5308589935302734,17.546607971191406,17.759769439697266,6.429416656494141,126.82327604293823
302,2,-1.6731595993041992,10.321014404296875,1.9367716312408447,10.501163482666016,0.18765322864055634,0.9659839868545532,0.18462792038917542,3.0024516582489014,2.5320053100585938,17.567752838134766,17.764232635498047,6.427610397338867,126.83023738861084
303,2,-1.6768584251403809,10.317046165466309,1.9288791418075562,10.495809555053711,0.1869603991508484,0.96622633934021,0.18455693125724792,2.991366386413574,2.533027410507202,17.580978393554688,17.768327713012695,6.4258832931518555,126.83723950386047
304,2,-1.6805758476257324,10.312321662902832,1.9208420515060425,10.489689826965332,0.18626669049263,0.9664682745933533,0.18447242677211761,2.98026704788208,2.5339243412017822,17.60126304626465,17.77215003967285,6.4242401123046875,126.84418940544128
305,2,-1.684251070022583,10.306830406188965,1.9127763509750366,10.482816696166992,0.18558336794376373,0.9667056798934937,0.18437418341636658,2.9693338871002197,2.5346975326538086,17.617589950561523,17.77549171447754,6.422672271728516,126.8511712551117
306,2,-1.6878838539123535,10.300537109375,1.9046765565872192,10.475153923034668,0.18491041660308838,0.9669386148452759,0.18426162004470825,2.958566665649414,2.5353431701660156,17.627559661865234,17.778501510620117,6.421174049377441,126.85808324813843
307,2,-1.6915431022644043,10.293476104736328,1.8964186906814575,10.46671199798584,0.18423500657081604,0.9671716690063477,0.184135302901268,2.9477601051330566,2.535863161087036,17.64504623413086,17.781208038330078,6.419754981994629,126.86506605148315
308,2,-1.6951777935028076,10.28562068939209,1.8880963325500488,10.457479476928711,0.18356658518314362,0.967401921749115,0.18399478495121002,2.937065362930298,2.5362558364868164,17.655750274658203,17.783506393432617,6.418410778045654,126.87199926376343
309,2,-1.69881010055542,10.276960372924805,1.8796665668487549,10.447442054748535,0.1829010248184204,0.9676302075386047,0.1838398575782776,2.9264163970947266,2.5365211963653564,17.663311004638672,17.785497665405273,6.4171319007873535,126.87898182868958
310,2,-1.7025249004364014,10.267498016357422,1.870972752571106,10.436573028564453,0.18222284317016602,0.9678619503974915,0.18367059528827667,2.9155654907226562,2.5366578102111816,17.67680549621582,17.787260055541992,6.415929794311523,126.88591766357422
311,2,-1.7061882019042969,10.257184982299805,1.862259030342102,10.424867630004883,0.18155653774738312,0.9680890440940857,0.18348610401153564,2.90490460395813,2.5366644859313965,17.68315315246582,17.788555145263672,6.414787292480469,128.07474732398987
312,2,-1.709706425666809,10.24603271484375,1.8537009954452515,10.412367820739746,0.18091890215873718,0.9683056473731995,0.1832866072654724,2.894702434539795,2.536543369293213,17.68714714050293,17.78943634033203,6.413703441619873,128.08171343803406
313,2,-1.7132583856582642,10.234013557434082,1.8449615240097046,10.398985862731934,0.18027742207050323,0.9685230851173401,0.18307159841060638,2.8844387531280518,2.536287546157837,17.697158813476562,17.78983497619629,6.412691116333008,128.08871865272522
314,2,-1.717023253440857,10.221207618713379,1.835728645324707,10.384747505187988,0.17959997057914734,0.968751847743988,0.18284252285957336,2.8735995292663574,2.5359079837799072,17.696931838989258,17.789640426635742,6.411744594573975,128.09566402435303
315,2,-1.7208664417266846,10.207468032836914,1.8262290954589844,10.369546890258789,0.17891107499599457,0.9689837694168091,0.18259674310684204,2.862577199935913,2.5353915691375732,17.699289321899414,17.788742065429688,6.4108428955078125,128.10266709327698
316,2,-1.7245798110961914,10.192828178405762,1.8168506622314453,10.353487014770508,0.17824794352054596,0.9692060351371765,0.18233485519886017,2.8519670963287354,2.534743547439575,17.703025817871094,17.787321090698242,6.409982204437256,128.1096158027649
317,2,-1.7282257080078125,10.177279472351074,1.8074771165847778,10.336536407470703,0.177599236369133,0.9694229960441589,0.1820567101240158,2.841587781906128,2.533964157104492,17.699371337890625,17.7852783203125,6.409156322479248,128.11659693717957
318,2,-1.7319343090057373,10.160774230957031,1.7978657484054565,10.318607330322266,0.17694181203842163,0.9696420431137085,0.1817614585161209,2.831068992614746,2.533045768737793,17.699119567871094,17.782835006713867,6.408370494842529,128.12354230880737
319,2,-1.735708475112915,10.143403053283691,1.7880311012268066,10.299790382385254,0.17627526819705963,0.9698634147644043,0.1814507097005844,2.820404291152954,2.531998634338379,17.697303771972656,17.77997398376465,6.407629013061523,128.130539894104
320,2,-1.7394969463348389,10.125130653381348,1.7780612707138062,10.28006649017334,0.17560872435569763,0.9700842499732971,0.18112385272979736,2.809739589691162,2.5308210849761963,17.69092559814453,17.776514053344727,6.406919479370117,128.13748455047607
321,2,-1.7432739734649658,10.105912208557129,1.7679959535598755,10.2593994140625,0.17494669556617737,0.9703025221824646,0.1807800531387329,2.799147129058838,2.529507875442505,17.68693733215332,17.772666931152344,6.4062418937683105,129.36670970916748
322,2,-1.7470407485961914,10.085833549499512,1.7578493356704712,10.237874984741211,0.17428894340991974,0.9705187678337097,0.1804208755493164,2.788623094558716,2.5280675888061523,17.6806583404541,17.768253326416016,6.405603408813477,129.3737096786499
323,2,-1.75081467628479,10.064783096313477,1.747572898864746,10.215373992919922,0.1736324429512024,0.9707341194152832,0.18004432320594788,2.7781190872192383,2.526489734649658,17.67055892944336,17.763431549072266,6.40499210357666,129.38072395324707
324,2,-1.7545651197433472,10.042869567871094,1.737240195274353,10.192018508911133,0.17298245429992676,0.9709463715553284,0.17965231835842133,2.767719268798828,2.5247833728790283,17.664283752441406,17.758041381835938,6.404422760009766,129.38767457008362
325,2,-1.7582030296325684,10.020055770874023,1.7269997596740723,10.167794227600098,0.1723543107509613,0.9711510539054871,0.17924420535564423,2.757668972015381,2.522944927215576,17.65070343017578,17.752140045166016,6.403883457183838,129.39466977119446
326,2,-1.7617461681365967,9.996438026428223,1.716835379600525,10.142796516418457,0.1717447191476822,0.9713486433029175,0.17882172763347626,2.747915506362915,2.5209789276123047,17.64092254638672,17.74566650390625,6.40340518951416,129.4016149044037
327,2,-1.7655490636825562,9.972038269042969,1.7061442136764526,10.11694049835205,0.17109282314777374,0.9715596437454224,0.17838524281978607,2.73748517036438,2.518887758255005,17.625511169433594,17.73863983154297,6.402966499328613,129.408616065979
328,2,-1.7698544263839722,9.946938514709473,1.6945384740829468,10.090245246887207,0.17035779356956482,0.9717967510223389,0.17793625593185425,2.725724697113037,2.516684055328369,17.61286163330078,17.744508743286133,6.40256404876709,129.41557049751282
329,2,-1.7740328311920166,9.920916557312012,1.6830581426620483,10.062667846679688,0.1696474403142929,0.97202467918396,0.17747075855731964,2.7143590450286865,2.5143508911132812,17.594024658203125,17.756717681884766,6.402166366577148,129.42256832122803
330,2,-1.7777554988861084,9.893982887268066,1.6722520589828491,10.034306526184082,0.16901707649230957,0.9722267985343933,0.17698894441127777,2.704273223876953,2.5118918418884277,17.57829475402832,17.76820945739746,6.401770114898682,129.42950296401978
331,2,-1.7816364765167236,9.866190910339355,1.6610957384109497,10.005045890808105,0.16836240887641907,0.9724355936050415,0.17649179697036743,2.693798542022705,2.5093092918395996,17.560848236083984,17.778772354125977,6.40139102935791,130.643164396286
332,2,-1.7859125137329102,9.83756160736084,1.6492083072662354,9.974843978881836,0.16764400899410248,0.9726637005805969,0.17597965896129608,2.6823041439056396,2.506605625152588,17.537242889404297,17.788511276245117,6.4010210037231445,130.65009880065918
333,2,-1.7901090383529663,9.808087348937988,1.6373814344406128,9.943821907043457,0.16694197058677673,0.9728860855102539,0.17545239627361298,2.6710715293884277,2.5037806034088135,17.520273208618164,17.797374725341797,6.400664329528809,130.657075881958
334,2,-1.7940552234649658,9.777685165405273,1.6258772611618042,9.911942481994629,0.1662844717502594,0.9730934500694275,0.17490854859352112,2.6605515480041504,2.5008280277252197,17.49687957763672,17.805381774902344,6.400308609008789,130.66401624679565
335,2,-1.7980598211288452,9.746444702148438,1.6142053604125977,9.879212379455566,0.16561990976333618,0.97330242395401,0.17434971034526825,2.649918556213379,2.497756242752075,17.471147537231445,17.81269073486328,6.399952411651611,130.67100739479065
336,2,-1.8022689819335938,9.7144193649292,1.602143406867981,9.845648765563965,0.1649242639541626,0.9735203385353088,0.17377682030200958,2.6387882232666016,2.4945695400238037,17.450958251953125,17.81912612915039,6.399613380432129,130.67794013023376
337,2,-1.8065283298492432,9.681554794311523,1.58993661403656,9.811238288879395,0.16422326862812042,0.9737390279769897,0.1731889247894287,2.6275722980499268,2.4912631511688232,17.422542572021484,17.824750900268555,6.39927339553833,130.68492317199707
338,2,-1.8107359409332275,9.647884368896484,1.5777544975280762,9.776040077209473,0.16353373229503632,0.9739534854888916,0.1725866049528122,2.616539716720581,2.487842321395874,17.395307540893555,17.82968521118164,6.398934364318848,130.69186782836914
339,2,-1.814998984336853,9.613389015197754,1.5654257535934448,9.740010261535645,0.16283807158470154,0.9741688370704651,0.17196953296661377,2.6054091453552246,2.484304904937744,17.370437622070312,17.833675384521484,6.398591041564941,130.69886183738708
340,2,-1.819379448890686,9.578102111816406,1.552862524986267,9.703166007995605,0.1621263325214386,0.9743882417678833,0.1713383048772812,2.5940213203430176,2.4806554317474365,17.33808135986328,17.836870193481445,6.39823579788208,130.7058231830597
341,2,-1.823757290840149,9.542032241821289,1.5402568578720093,9.665545463562012,0.1614181101322174,0.9746058583259583,0.1706930696964264,2.5826897621154785,2.476895570755005,17.30907440185547,17.83930015563965,6.397867679595947,131.92015862464905
342,2,-1.8280701637268066,9.505162239074707,1.5277024507522583,9.627148628234863,0.16072344779968262,0.9748183488845825,0.1700335144996643,2.571575164794922,2.473024845123291,17.27890968322754,17.840734481811523,6.397481918334961,131.92711448669434
343,2,-1.8323860168457031,9.46757698059082,1.515108346939087,9.588043212890625,0.1600312739610672,0.975029468536377,0.1693611741065979,2.560500383377075,2.469050884246826,17.243165969848633,17.84142303466797,6.397079944610596,131.93411540985107
344,2,-1.836755394935608,9.429364204406738,1.5024142265319824,9.548307418823242,0.15933357179164886,0.9752411842346191,0.16867759823799133,2.549337148666382,2.46498441696167,17.212556838989258,17.841093063354492,6.396664619445801,131.94105744361877
345,2,-1.841277837753296,9.390503883361816,1.489471197128296,9.507896423339844,0.1586146205663681,0.9754588007926941,0.16798244416713715,2.5378339290618896,2.460822343826294,17.175729751586914,17.839820861816406,6.396231174468994,131.9480435848236
346,2,-1.8460172414779663,9.351103782653809,1.4762088060379028,9.466907501220703,0.15786466002464294,0.9756847023963928,0.16727763414382935,2.525834560394287,2.4565789699554443,17.14019012451172,17.83755111694336,6.39577579498291,131.9549810886383
347,2,-1.8507291078567505,9.311036109924316,1.462973952293396,9.425268173217773,0.15712256729602814,0.9759073853492737,0.16656087338924408,2.51396107673645,2.452239513397217,17.103925704956055,17.834413528442383,6.395295143127441,131.96198153495789
348,2,-1.8552398681640625,9.270337104797363,1.4500236511230469,9.383054733276367,0.1564154177904129,0.9761185050010681,0.16583283245563507,2.5026466846466064,2.447809934616089,17.065265655517578,17.830318450927734,6.394781112670898,131.96891903877258
349,2,-1.85969078540802,9.229093551635742,1.4371615648269653,9.34032154083252,0.1557207703590393,0.9763250946998596,0.16509504616260529,2.491532325744629,2.4432976245880127,17.025266647338867,17.825170516967773,6.394245624542236,131.97589564323425
350,2,-1.8640981912612915,9.187383651733398,1.4243748188018799,9.29714298248291,0.15503595769405365,0.976527988910675,0.16434891521930695,2.4805753231048584,2.438711166381836,16.989139556884766,17.81939125061035,6.393685340881348,131.98283886909485
