tau,total_energy_fraction,total_critical_fraction,C0_fraction,E0_fraction,N0,minority0,scale0,Rinf0,concentration0,Q3_0,Q8_0,Q16_0,C1_fraction,E1_fraction,N1,minority1,scale1,Rinf1,concentration1,Q3_1,Q8_1,Q16_1
0.0,1.0,1.0,1.0,1.0,6.4654866402391535,0.36812104467476636,1.0000000000000002,0.9999999999999999,12.225505060972356,1.0,0.9999999999999998,0.9999999999999998,0.0,0.0,0.0,0.0,0.0,0.0,0.0,0.0,0.0,0.0
0.0025,0.9999994771647042,0.999985848083773,0.9999680375739763,0.9999878307262371,6.465358666320293,0.36811850762000425,0.9999802066068681,1.000483842425968,12.231252600646696,1.0003661390890257,1.0010059543926684,1.0009189074263565,1.7726603659369486e-05,1.147124056491913e-05,9.99117039590006,0.40950274270435505,1.5453083351403376,0.00498535482105214,27.808197343289127,0.004710817223491358,0.004933253655308199,0.005007771203842879
0.005,0.9999989543352382,0.9999824218215119,0.9999111043186609,0.9999523073745298,6.465220229726079,0.3681159079604115,0.9999587949789555,1.0009924230334806,12.23742550261728,1.0007172267113806,1.001991863955623,1.0018154971777442,7.098100379513966e-05,4.5945830664736236e-05,9.988430399637323,0.4092877283536637,1.544884547045922,0.009972012803109753,27.785781260771646,0.009428535008506869,0.009872828490775367,0.010019839241060412
0.0075,0.9999984314972141,0.999989747738143,0.9998291191422803,0.999893342486829,6.465071360770307,0.36811326752220075,0.9999357698048186,1.001625961325558,12.245249777388205,1.001053175883484,1.0029576346868532,1.0026898876170374,0.0001598682284345258,0.00010351020544447163,9.985738997461649,0.4090735178722635,1.5444682748725447,0.014957637918253204,27.75985749256134,0.01415271851882791,0.014818159075516493,0.015035709244723623
0.01,0.9999979086362234,1.000007851214152,0.9997220072690756,0.999810854449781,6.464912091305905,0.36811060821171165,0.9999111360110665,1.0022175952791523,12.25268629226748,1.0013739031020248,1.0039031785822103,1.003542206996729,0.0002844842018994708,0.00018424430921783015,9.983096978943903,0.4088601352789822,1.5440596407410776,0.019939897107805377,27.73043950107869,0.0188829356390216,0.019768686489169636,0.020054903146339974
0.0125,0.9999973857378356,1.0000367564821797,0.9995897002596212,0.999704767519717,6.4647424546985315,0.36810795200594565,0.9998848987582791,1.0027672655816462,12.259735085108613,1.001679328360271,1.0048284135982264,1.0043725932157532,0.0004449157934096819,0.00028822159715830226,9.980505092898243,0.4086476029117193,1.5436587604686587,0.02491646262925928,27.69754249754318,0.023618757110850562,0.02472385854668642,0.025076959817330432
0.015,0.999996862787601,1.000076486624045,0.9994321360269746,0.9995750118437446,6.464562485799922,0.3681053209430564,0.9998570634368836,1.0032749226538327,12.266396263502344,1.0019693751622503,1.0057332636109386,1.0051811935605501,0.0006412408679154958,0.0004155090402511587,9.977964046647324,0.40843594142428424,1.543265743455043,0.02988501440591277,27.661183439470896,0.028359756663977196,0.029683130016590856,0.030101435162793597
0.0175,0.9999963397710486,1.000127063568176,0.9992492588486545,0.9994215234769454,6.46437222092094,0.36810273711280417,0.9998276356629868,1.0037405266689219,12.272670004671275,1.0022439705348376,1.0066176583708275,1.0059681644304421,0.0008735283389026501,0.0005661671334040082,9.97547450536167,0.408225169789695,1.542880692580425,0.03484324237597482,27.621381026926834,0.033105511140163316,0.034645962832471906,0.0351279021662399
0.02,0.999995816673689,1.000188508087453,0.9990410193744689,0.999244244395683,6.464171697804416,0.3681002226469853,0.9997966212741741,1.0041640475667861,12.278556555346464,1.0025030450377475,1.0074815334539626,1.006733671047423,0.0011418382229280942,0.0007402499066174017,9.973037091474671,0.40801530530990193,1.5425037041149585,0.03978884883790499,27.578155697535507,0.03785560060955484,0.0396118262974476,0.04015595088418986
0.0225,0.9999952934810128,1.000260839797442,0.9988073746302021,0.9990431225070301,6.463960955597762,0.36809779970984496,0.9997640263252737,1.0045454650633965,12.284056231625446,1.0027465327711513,1.0083248302094736,1.0074778871505246,0.0014462216956639385,0.0009378049391211979,9.970652384174302,0.40780636363186873,1.5421348676401405,0.04471955078875312,27.531529620255373,0.04260960847896337,0.044580197281313155,0.04518518838977016
0.025,0.9999947701784925,1.0003440771550138,0.9985482880171861,0.9988181116543308,6.46374003482539,0.36809549048848367,0.9997298570840913,1.0048847686554216,12.289169418811486,1.0029743713809336,1.009147495703451,1.0082009946749704,0.0017867211492454092,0.0011588733763870085,9.968320918972525,0.4075983587699183,1.5417742659822131,0.04963308225227822,27.481526687924593,0.047367121593332166,0.049550560410062006,0.0502152386647064
0.0275,0.9999942467515817,1.0004382374573442,0.9982637293077804,0.9985691716189108,6.463508977361002,0.3680933171832663,0.9996941200271233,1.005181957619935,12.293896571233521,1.003186502061876,1.009949482659387,1.0089031834163826,0.0021633702507380614,0.0014034899499319594,9.96604318735297,0.40739130313422084,1.5414219751576712,0.05452719659364638,27.428172508587238,0.05212773033123971,0.05452240824744787,0.05524574243940243
0.03,0.9999937231857164,1.0005433368412695,0.9979536746367887,0.9982962681179594,6.463267826399734,0.36809130199824297,0.9996568218352491,1.005437041009216,12.29823821204651,1.00338286955881,1.0107307493952749,1.0095846506803676,0.002576194001559403,0.0016716829998341682,9.9638196364974,0.4071852075652758,1.5410780643309545,0.059399668817533786,27.371494395611094,0.05689102869466323,0.05949524146823758,0.06027635698110847
0.0325,0.9999931994663158,1.0006593902830057,0.9976181064888461,0.9979993727986104,6.463016626430185,0.3680894671315906,0.9996179693894045,1.0056500376406114,12.302194933011815,1.0035634221656995,1.0114912597574803,1.0102456009178666,0.0030252087977103233,0.001963474499885734,9.961650669091105,0.40698008137421143,1.5407425957843495,0.06424829784649605,27.311521356609646,0.06165661439454638,0.06446856902278927,0.06530675583051296
0.035,0.9999926755787815,1.0007864115982064,0.9972570136818127,0.9976784632282445,6.462755423206391,0.3680878347660834,0.9995775697662472,1.005820976081436,12.305767394257291,1.0037281117226373,1.0122309830515046,1.0108862453467178,0.0035104224906921506,0.0022788800853145376,9.95953664320714,0.4067759323887017,1.5404156249000842,0.06907090877650579,27.248284081182476,0.06642408893057149,0.06944190829257911,0.07033662848744199
0.0375,0.9999921515084991,1.0009244134423543,0.9968703913462167,0.9973335228810516,6.4624842637197135,0.368086427059602,0.999535630233809,1.0059498946288992,12.308956324016721,1.003876893610774,1.0129498939697614,1.0115068015599398,0.004031834449005683,0.0026179090830117874,9.957477872269125,0.4065727670042735,1.5400972001545745,0.07386535510660924,27.181814927490134,0.0711930576628793,0.07441478523629098,0.07536568004671018
0.04,0.9999916272408379,1.001073407311478,0.9964582409007885,0.9969645411208866,6.462203196170707,0.3680852661356867,0.9994921582471441,1.0060368412850478,12.311762518348338,1.0040097267451913,1.0136479725164853,1.01210749312132,0.004589435620148927,0.0029805645442078773,9.955474625092053,0.4063705902407575,1.539787363124736,0.07883232223615488,27.182075571991383,0.07596312987994416,0.07938673452607903,0.08039363078553532
0.0425,0.9999911027611523,1.0012334035431782,0.9960205700241368,0.9965715131804598,6.46191226994096,0.36808437407414624,0.9994471614439744,1.0060818737267154,12.314186840832118,1.0041265735657454,1.0143252039299009,1.0126885491489426,0.005183208593050463,0.00336684327954476,9.953527126000289,0.406169405803608,1.5394861485062348,0.08387336687615846,27.205406648254556,0.0807339188632917,0.08435729967361272,0.08542021570429988
0.045,0.9999905780547813,1.0014044113179557,0.9955573926226164,0.9961544401369007,6.46161153556496,0.36808377290172634,0.9994006476403376,1.006085059270484,12.316230222245583,1.0042274000259013,1.0149815786017724,1.01325020388737,0.005813127660895186,0.0037767358964985983,9.95163555502178,0.40596921614980275,1.5391935841435251,0.08891904815149733,27.22679686881815,0.08550504194895646,0.08932603314551622,0.09044518402280959
0.0475,0.99999005310705,1.0015864386608313,0.9950687287944465,0.9957133288837519,6.461301044701959,0.3680834845828482,0.999352624826236,1.006046474832663,12.317893660217905,1.0043121755795887,1.0156170919944651,1.0137926962692654,0.0064791588843184774,0.004210226839111871,9.949800048157178,0.40577002255800954,1.5389096910714741,0.09396789205880002,27.246246489341036,0.09027612058388687,0.0942924964678222,0.09546829863455988
0.05,0.999989527903269,1.0017794924432424,0.9945546047901322,0.9952481920994315,6.460980850107895,0.36808353101042096,0.9993031011612932,1.0059662068842967,12.319178218862072,1.0043808731661092,1.0162317445556428,1.014316269467285,0.007181260154963526,0.004667294429999389,9.948020697722407,0.4055718252026913,1.5386344835683456,0.0990184268026534,27.263756480994623,0.09504678037468789,0.09925626031907066,0.10048933552186504
0.0525,0.999989002428736,1.0019835783852122,0.99401505296926,0.9947590482122275,6.460651005607377,0.3680839339967386,0.9992520849704213,1.0058443514012207,12.320085028384948,1.0044334691931234,1.0168255416307292,1.0148211704371648,0.007919381259414545,0.005147910914597671,9.94629755276306,0.40537462323180573,1.538367969219894,0.10406918391923915,27.279328529093306,0.09981665112875873,0.10421690461169797,0.10550808313503038
0.055,0.9999884766687357,1.0021987010577764,0.9934501117537242,0.9942459213618734,6.460311566065738,0.368084715264463,0.9991995847394988,1.0056810138091878,12.32061528467506,1.0044699435177509,1.0173984933732663,1.015307649452978,0.008693463943535623,0.005652042507631951,9.944630619538588,0.4051784148477387,1.538110148994252,0.10911869939148273,27.29296503078396,0.10458536689014031,0.1091740185613822,0.11052434173904944
0.0575,0.9999879506085403,1.002424863885657,0.9928598255774599,0.9937088413577733,6.459962587361182,0.36808589643770406,0.999145609111062,1.0054763089240986,12.320770248868014,1.0044902794258241,1.0179506146532933,1.015775959635597,0.009503441977261171,0.006179649441779468,9.943019862074374,0.40498319739110183,1.5378610173273193,0.11416551475377355,27.304669091811068,0.10935256597225745,0.11412720074403097,0.11553792273157384
0.06,0.9999874242334104,1.0026620691501795,0.9922442448327503,0.9931478436339287,6.4596041263570525,0.36808749903319904,0.9990901668800165,1.0052303608873678,12.320551246889417,1.0044944636093287,1.0184819249638815,1.0162263564754708,0.01034924121989896,0.006730686018511902,9.94146520277928,0.40478896742701326,1.5376205622182764,0.11920817818436845,27.314444522376775,0.11411789098916032,0.11907605914012698,0.12054864793614066
0.0625,0.9999868975285953,1.002910317992412,0.991603425813184,0.9925629692006465,6.4592362408741995,0.36808954445159814,0.9990332669893628,1.0049433030964754,12.319959668975297,1.0044824861420694,1.0189924483259534,1.0166590973508738,0.011230779686020702,0.007305100661103453,9.939966523126298,0.40459572083346934,1.5373887653348592,0.12432075411109335,27.33890062303017,0.11888098888642978,0.12402021116617484,0.12555634887483152
0.065,0.9999863704793336,1.00316961041653,0.99093743065334,0.9919542645930829,6.4588589896635025,0.36809205396886074,0.9989749185259464,1.0046152781307436,12.318996969169943,1.0044543404536028,1.0194822131915142,1.0170744410428403,0.012147967612027858,0.007902835969794476,9.938523664393689,0.4044034528914148,1.5371656021279894,0.12945405009094826,27.366019092379045,0.12364151097240551,0.1289592836930271,0.1305608660246896
0.0675,0.9999858430708538,1.0034399452933855,0.9902463272652821,0.9913217818167066,6.458472432378535,0.36809504872776816,0.9989151307162305,1.0042464376724007,12.317664664801237,1.0044100233014632,1.0199512523454277,1.0174726472480524,0.013100707523491864,0.0085238287791034,9.93713642846388,0.40421215837610763,1.5369510419553376,0.1345864953944477,27.391194334341105,0.12839911295015488,0.13389291305090184,0.13556204806232003
0.07,0.9999853152883748,1.0037213203642812,0.9895301892719429,0.99066557828975,6.4580766295483825,0.3680985497295555,0.9988539129220911,1.0038369424229885,12.315964335933486,1.0043495347417133,1.0203996028058677,1.0178539760909955,0.014088894303377964,0.009168010217282183,9.935804578677208,0.40402183164937827,1.5367450482133689,0.1397166597469163,27.41443389083146,0.1331534549499747,0.1388207450209465,0.14055975110115357
0.0725,0.9999847871171064,1.0040137322449323,0.9887890959374861,0.9899857167827251,6.4576716425506335,0.3681025778256684,0.9987912746366405,1.003386962015185,12.313897624797887,1.0042728780978434,1.0208273057235708,1.0182186876367239,0.015112415261270782,0.009835305767912424,9.934527840737545,0.4038324667523789,1.5365475784774145,0.14484312414203993,27.43574595666976,0.13790420156009142,0.1437424348132407,0.1455538379258547
0.075,0.9999842585422496,1.0043171764296137,0.9880231320947316,0.9892822653550855,6.457257533584566,0.36810715370964703,0.998727225480079,1.0028966749201074,12.311466235200692,1.0041800599280546,1.021234406280019,1.0185670414056358,0.016171150203726923,0.010525635333640855,9.933305903666659,0.40364405749842225,1.5363585846492809,0.14996448180562613,27.455139367282573,0.14265102185222217,0.14865764703117676,0.15054417722830657
0.0775,0.9999837295489986,1.0046316472954824,0.9872323880697375,0.9885552972891171,6.456834365644497,0.3681122979091422,0.9986617751955735,1.0023662683501842,12.308671931909322,1.0040710899909768,1.0216209535846859,1.0188992958916596,0.017264971505885972,0.011238913302053765,9.932138420804185,0.4034565975655125,1.5361780131119107,0.15507933913218155,27.472623585643454,0.1473935893934888,0.15356605562220174,0.15553064284950543
0.08,0.999983200122539,1.0049571381070665,0.9864169596036276,0.9878048910211371,6.456402202493356,0.3681180307780645,0.9985949336451709,1.001795938157673,12.305516540016566,1.003945981209886,1.0219870005714624,1.019215708085298,0.01839374418447566,0.01197504861369058,9.931025010849853,0.40327008058817587,1.5360058048905834,0.16018631659296179,27.488208688490236,0.15213158224000445,0.15846734381495228,0.1605131130315514
0.0825,0.9999826702480504,1.0052936410209117,0.9855769477717619,0.9870311300700934,6.45596110863645,0.3681243724888716,0.9985267108057392,1.0011858887289191,12.302001944283152,1.0038047496354805,1.0223326038943972,1.0195165330029727,0.019557325972350027,0.012733944832196671,9.929965258944698,0.40308450024820636,1.5358418958201416,0.165284049614248,27.501905351860103,0.15686468293553,0.16336120404286023,0.16549146968372636
0.085,0.999982139910706,1.005641147090384,0.9847124589003439,0.9862341029636457,6.455511149295458,0.36813134302499395,0.9984571167649454,1.0005363328744483,12.29813008845894,1.003647414407265,1.0226578238228694,1.0198020232241274,0.020755567394701118,0.013515500216615042,9.928958717787847,0.402899850363953,1.535686216717723,0.17037118942471297,27.51372483598523,0.16159257851230563,0.16824733785435955,0.17046559766641606
0.08750000000000001,0.9999816090956736,1.0059996462706153,0.9838236044805643,0.9854139031618255,6.455052390382628,0.3681389621734027,0.9983861617172657,0.999847491714997,12.293902974583103,1.0034739977135958,1.0229627241363188,1.0200724284375393,0.021988311847084822,0.014319607795815535,9.928004908785464,0.40271612497778236,1.5355386935604642,0.1754464038708461,27.523678969593142,0.16631496048769556,0.17312545580987138,0.17543538409635706
0.09,0.9999810777881161,1.0063691274235886,0.9829105010803809,0.9845706289783608,6.454584898475218,0.3681472495173198,0.9983138559600316,0.9991195945635867,12.289322662263624,1.003284524750429,1.0232473720186521,1.0203279949982924,0.023255395675400546,0.015146155445058762,9.927103323228456,0.40253331844136664,1.535399247667653,0.18058117538313695,27.54288341913206,0.17103152485667283,0.1779952773657949,0.18040071767638358
0.0925,0.9999805459731914,1.006749578323358,0.981973270254035,0.9837043834997614,6.454108740790169,0.3681562244290738,0.9982402098895123,0.9983528788037535,12.284391267936522,1.0030790236788223,1.023511837952447,1.0205689654968164,0.02455664825796164,0.01599502596469006,9.926253423495435,0.4023514254984598,1.5352677958867875,0.18582125938325209,27.577435300403177,0.17574197208197853,0.18285653074578392,0.18536148805251235
0.095,0.9999800136360542,1.0071409856613953,0.9810120384494073,0.9828152745022591,6.453623985159016,0.36816590606310023,0.9981652339970348,0.9975475897640473,12.279110964105207,1.0028575255812349,1.0237561956130627,1.0207955783414064,0.025891892089790026,0.016866097160956328,9.9254546442776,0.4021704413648392,1.5351442507830264,0.19105410282360502,27.609915010361764,0.1804460070836585,0.18770895279963223,0.1903175852008468
0.0975,0.999979480761856,1.0075433350520582,0.9800269369133165,0.9819034143666999,6.4531307000030305,0.3681763133490894,0.9980889388651393,0.9967039805889314,12.27348397856054,1.0026200644166692,1.0239805217627846,1.0210080673555681,0.02726094286926324,0.017759241928936097,9.924706393822028,0.4019903618051094,1.535028520831484,0.19627821526517544,27.64032513828531,0.1851433392289335,0.19255228885014639,0.195268898846411
0.1,0.9999789473357455,1.0079566110381792,0.9790181015948678,0.9809689199914831,6.452628954308636,0.3681874649852809,0.9980113351637765,0.9958223121061935,12.267512593581937,1.0023666769746935,1.0241848961450999,1.0212066613915023,0.028663609587236093,0.018674328337569636,9.924008055190102,0.4018111832060815,1.5349205106118697,0.2014921189349492,27.66866900704798,0.18983368232241235,0.19738629252842393,0.20021531791563904
0.10250000000000001,0.9999784133428699,1.008380797096766,0.9779856730469537,0.9800119127036476,6.452118817603064,0.3681993794319054,0.9979324336465423,0.9949028526910123,12.26119914512024,1.0020974028284027,1.0243694013792224,1.0213915839609913,0.030099694618751813,0.01961121971677288,9.92335898752768,0.4016329026464605,1.5348201210049401,0.20669434970812708,27.694950663592355,0.1945167545961685,0.20221072559800665,0.20515673002386411
0.105,0.999977878768374,1.0088158756448118,0.9769297963260161,0.9790325181682041,6.451600359930259,0.36821207490477476,0.9978522451469515,0.9939458781268056,12.254546021962774,1.0018122842863733,1.0245341228549745,1.021563052884872,0.0315689938174493,0.020569774746614637,9.922758527343767,0.4014555179625943,1.534727249390269,0.21188345806262018,27.71917486873684,0.1991922787003033,0.20702535776841746,0.2100930209987677
0.1075,0.9999773435974029,1.009261828045213,0.9758506208901765,0.9780308662958146,6.4510736518270555,0.368225569369018,0.9977707805747529,0.9929516714630007,12.247555664881293,1.0015113663436692,1.02467914862812,1.0217212799622268,0.03307129661276384,0.021549847548532834,9.922205989794508,0.40127902781005914,1.534641789844839,0.2170580100048444,27.741347086359813,0.2038599816952417,0.21182996649863395,0.21502407444038021
0.11,0.9999768078151011,1.0097186346127895,0.9747483004958424,0.977007091148916,6.450538764299614,0.3682398805329659,0.9976880509122843,0.9919205228698666,12.240230565763405,1.0011946966319558,1.0248045693162617,1.0218664706603262,0.03460638611000859,0.022551287778560844,9.921700669969331,0.4011034317208763,1.5345636333419654,0.22221658796592988,27.76147347200187,0.20851959504578113,0.2166243367910885,0.2199497713178647
0.1125,0.9999762714066139,1.0101862746204038,0.9736229930928965,0.9759613308463945,6.449995768800121,0.36825502584218056,0.9976040672108699,0.9908527294905534,12.232573266728128,1.0008623253687807,1.0249104779953906,1.0219988238262858,0.036174039193413283,0.0235739407225305,9.921241844176294,0.4009287301561808,1.534492667950098,0.22735779166755923,27.77956086092844,0.21317085461570554,0.22140826097682234,0.22486998960298002
0.115,0.9999757343570872,1.0106647263051836,0.9724748607185784,0.9748937274669077,6.449444737203755,0.36827102247363075,0.9975188405872563,0.9897485952904861,12.224586359226311,1.0005143053060679,1.024996970097187,1.022118531421296,0.037774026632185126,0.02461764739321352,9.920828771223622,0.40075492455418155,1.5344287790310336,0.23248023895675482,27.795616755695303,0.21781350066121136,0.22618153849245481,0.22978460393980576
0.11750000000000001,0.9999751966516691,1.011153966874834,0.971304069390169,0.9738044269509613,6.448885741785919,0.3682878873300122,0.9974323822200922,0.9886084309042621,12.21627248312656,1.0001506916778944,1.0250641433071643,1.0222257782781892,0.039406113189644563,0.025682244629358177,9.920460693694668,0.4005820173732789,1.5343718494371088,0.23758256660903151,27.80964931325968,0.2224472778218134,0.23094397564965888,0.23469348535002502
0.12,0.99997465827551,1.0116539725140516,0.9701107889965821,0.9726935790018334,6.4483188551997666,0.36830563703421076,0.9973447033464521,0.9874325534801973,12.20763432578742,0.9997715421475885,1.0251120974637393,1.0223207418829965,0.04107005773547621,0.026767565196572814,9.920136839213537,0.40041001213022676,1.5343217597069538,0.24266343109943278,27.821667331679777,0.22707193510970033,0.2356953853978619,0.2395965009728078
0.1225,0.999974119213763,1.012164718391029,0.9688951931889741,0.9715613369854618,6.447744150453966,0.3683242879239074,0.9972558152583963,0.9862212865226896,12.198674621116634,0.9993769167542156,1.0251409344583222,1.0224035921810521,0.04276561336112218,0.027873437890002874,9.91985642169883,0.4002389134332527,1.534278388259403,0.2477215093410611,27.83168023644511,0.23168722589496438,0.2404355870809143,0.24449351383811233
0.125,0.9999735794515852,1.0126861786640524,0.9676574592704794,0.9704078578293829,6.4471617008907645,0.3683438560463246,0.9971657292995798,0.9849749597325375,12.189396148618103,0.9989668778584834,1.0251507581364951,1.0224744914080632,0.044492527498331595,0.028999687638742687,9.919618642603012,0.40006872701006696,1.534241611585187,0.2527554993908116,27.83969806647994,0.2362929078865802,0.2451644061884916,0.2493843826720372
0.1275,0.9999730389741373,1.0132183264881953,0.9663977680851794,0.9692333019208322,6.446571580164322,0.3683643571531107,0.9970744568618998,0.9836939088453786,12.179801732427444,0.9985414900880988,1.0251416742003683,1.022533593946477,0.04625054204086658,0.03014613561191828,9.919422692135033,0.39989945973072333,1.5342113044360295,0.2577641211221066,27.845731459861316,0.24088874311429614,0.2498816741030088,0.25426896173270014
0.13,0.9999724977665856,1.0137611340221038,0.9651163039064086,0.9680378330041037,6.4459738622193115,0.36838580669536247,0.9969820093821864,0.9823784754684058,12.169894240336886,0.9981008202826162,1.0251137901121783,1.0225810462073348,0.04803939346935175,0.03131259932637213,9.919267750464064,0.39973111962530855,1.53418734001083,0.26274611686451715,27.849791639292786,0.24547449791097092,0.25458722784284393,0.2591471006750017
0.1325,0.9999719558141021,1.0143145724348754,0.9638132543245095,0.9668216180772686,6.445368621269815,0.3684082198187827,0.9968883983389388,0.981029006915511,12.159676582810313,0.9976449374378452,1.025067214999206,1.022616986537691,0.049858812979239886,0.032498892755875856,9.919152988902196,0.39956371589646594,1.5341695901385848,0.26774662684610695,27.856715296999088,0.25004994289457133,0.25928090980267493,0.2640186444425473
0.135,0.9999714131018642,1.0148786119130335,0.962488810134136,0.9655848272883559,6.444755931778484,0.36843161135897246,0.9967936352491015,0.9796458560410185,12.14915171198922,0.9971739126498961,1.0250020595600733,1.0226415451535602,0.051708526611853434,0.03370482644179164,9.919077571064262,0.39939725892677763,1.5341579254577757,0.27299806274961436,27.890120803872804,0.2546148529492935,0.26396256749174224,0.26888343318494734
0.1375,0.999970869615056,1.0154532216675967,0.9611431652212127,0.9643276338310897,6.444135868435981,0.36845599583685423,0.9966977316648848,0.978229381072167,12.138322620690477,0.996687819058901,1.024918435972486,1.022654844098226,0.05358825538844779,0.0349302076050986,9.919040654002863,0.3992317602810517,1.5341522155919214,0.2782306651149933,27.921559542349705,0.25916900720476804,0.26863205327085093,0.27374130219869514
0.14,0.9999703253388702,1.016038369941246,0.9597765164496511,0.9630502138402836,6.443508506140707,0.3684813874542263,0.99660069917063,0.9779187015278673,12.14133054536575,0.9961867317924594,1.0248164578024808,1.022656997225637,0.05549771544722892,0.03617484025969537,9.919041389317092,0.39906723270358185,1.5341523293210604,0.28344318283333053,27.95104173465676,0.2637121890142996,0.27328922408892664,0.27859208188982554
0.14250000000000002,0.9999697802585062,1.0166340240155889,0.9583890635479269,0.9617527462869899,6.4428739199787985,0.36850780008944506,0.9965025493797142,0.9785637637578251,12.156334339440942,0.9956707279088536,1.0246962399152286,1.022648110208495,0.05743661818324509,0.037438525326885894,9.919078924233295,0.3989036901104664,1.53415813474891,0.28863438672776326,27.978578134614647,0.26824418593408966,0.2779339412199367,0.2834355977565945
0.145,0.9999692343591731,1.017240150218527,0.9569810089956149,0.9604354128734961,6.44223218520442,0.36853524729323317,0.9964032939315034,0.9791776703324028,12.17108745246274,0.9951398863400971,1.024557898387448,1.022628280570532,0.059404670391059865,0.038721060750950935,9.91915240265662,0.3987411475770913,1.5341694994655064,0.2938030700631403,28.004180012160933,0.272764789703524,0.2825660700009757,0.2882716703904694
0.1475,0.9999686876260886,1.0178567139317238,0.9555525579099843,0.9590983979282647,6.441583377220324,0.36856374228461347,0.9963029444883449,0.9797605241097446,12.18559045903503,0.9945942878348765,1.0244015504214756,1.022597597742365,0.0614015744101012,0.04002224161570405,9.919260966192034,0.3985796213209021,1.5341862907051231,0.29894804902290745,28.027859137766683,0.27727379622601556,0.2871854795723098,0.29310011549379994
0.15,0.9999681400444812,1.0184836795981795,0.9541039179327475,0.9577418883009096,6.440927571558691,0.36859329794696405,0.9962015127326049,0.9803124318885644,12.199843952247345,0.9940340149014373,1.0242273142610363,1.022556143140218,0.0634270282725699,0.041341860261926724,9.919403755133773,0.39841912867960483,1.5342083754993054,0.3040681631535132,28.049627766782123,0.2817710055505271,0.29179204262015485,0.2979207439126256
0.1525,0.9999675915995891,1.019121010729911,0.9526352991170629,0.9563660732572994,6.440264843862277,0.36862392682419615,0.9960990103637516,0.9809136990771035,12.214847170002912,0.9934591517504678,1.0240353091087504,1.0225039902667006,0.06548072585377937,0.04267970640557429,9.91957990942221,0.3982596880849516,1.5342356208248684,0.30916227577669125,28.069498623745154,0.28625622185455857,0.2963856351229482,0.3027333616831858
0.155,0.9999670422766624,1.0197686699157478,0.9511469138148777,0.9549711443748775,6.439595269865802,0.36865564111704957,0.9959954490954771,0.9815988139493812,12.231030925645014,0.9928697842380203,1.0238256550454223,1.0224412048327538,0.06756235702478847,0.04403556725664065,9.91978856956734,0.39810131903228285,1.534267893746729,0.3142292743700386,28.087484886685523,0.29072925342977113,0.3009661361018542,0.3075377700908088
0.1575,0.9999664920609629,1.0204266188292337,0.9496389765647106,0.953557295438287,6.4389189253776555,0.36868845267950706,0.9958908406528678,0.9822535307883011,12.246972704171364,0.9922659998085147,1.023598472951133,1.0223678448997757,0.06967160780717871,0.04540922763856748,9.920028877538215,0.39794404204601025,1.534305061555472,0.31926807091635684,28.103600171455536,0.2951899126708528,0.3055334273762161,0.31233376573997734
0.16,0.9999659409377649,1.021094818236655,0.9481117039799569,0.9521247223353846,6.438235886261869,0.36872237301532373,0.9957851967696162,0.9828779399397264,12.262672857005036,0.9916478874378686,1.0233538844281682,1.022283961040887,0.0718081605298183,0.046800470108080625,9.92029997761767,0.397787878641237,1.5343469918995498,0.3242776022222802,28.117858516116847,0.2996380160640249,0.31008739332464796,0.31712114063449826
0.1625,0.9999653888923561,1.0217732280051788,0.9465653146378077,0.9506736229537308,6.437546228420368,0.36875741327467215,0.9956785291852756,0.9834721355914166,12.278131754952266,0.9910155375767856,1.0230920117258162,1.0221895965202126,0.07397169398744688,0.048209075075334715,9.920601017221987,0.39763285128172415,1.5343935529120563,0.3292568302067523,28.13027436541118,0.3040733841662654,0.3146279206524223,0.32189968226682336
0.165,0.9999648359100375,1.0224618071111229,0.9450000289688663,0.949204197077635,6.436850027775522,0.36879358425089964,0.9955708496425613,0.9840362156917617,12.293349787821395,0.990369042094254,1.0228129776670416,1.0220847874890062,0.0761618836009069,0.04963482092424502,9.920931147685067,0.3974789833344199,1.5344446133320138,0.3342047421599601,28.140862555340938,0.30849584157290755,0.3191548981657868,0.3266691737157005
0.1675,0.9999642819761251,1.0231605136483475,0.9434160691475438,0.9477166462858372,6.436147360252963,0.36883089637739835,0.9954621698846934,0.9845702818691255,12.308327364055247,0.9897084942212944,1.0225169055770664,1.0219695631974,0.0783784015788406,0.051077484132883995,9.921289525007,0.39732629902077915,1.5345000426201514,0.3391203509733633,28.149638297884334,0.3129052168833071,0.32366821655380273,0.33142939375144614
0.17,0.9999637270759492,1.02386930483678,0.941813658983318,0.9462111738499022,6.435438301764699,0.3688693597245866,0.9953525016527848,0.9850744393518456,12.323064910376834,0.9890339884950083,1.022203919213867,1.021843946220514,0.08062091708066554,0.0525368393938195,9.921675310566789,0.3971748233651068,1.5345597110691416,0.3440026953414978,28.156617165867644,0.31730134267641313,0.3281677681782674,0.3361801169482594
0.17250000000000001,0.9999631711948567,1.0245881370310732,0.9401930238129262,0.9446879846334048,6.434722928192493,0.368908983996999,0.9952418566832703,0.985548796888937,12.33756287144838,0.9883456207030124,1.0218741427006026,1.0217079526976365,0.08288909638063563,0.05401265973427015,9.922087671799355,0.39702458214016406,1.5346234899083089,0.3488508399362482,28.16181507801535,0.3216840555118675,0.3326534468722423,0.34092111380308954
0.17500000000000002,0.99996261431821,1.0253169657294008,0.9385543903935766,0.9431472849919733,6.43400131537156,0.36894977853048716,0.9951302467053852,0.9859934666715372,12.35182170954364,0.9876434878286778,1.0215277004599794,1.0215615925831578,0.08518260303279067,0.05550471663595392,9.922525782836797,0.396875601810285,1.5346912514028133,0.35366387555432033,28.165248284197652,0.32605319592826093,0.3371251477476711,0.3456521508606834
0.1775,0.9999620564313891,1.0260557455823955,0.9368979867972416,0.9415892826742691,6.433273539074509,0.3689917522895281,0.995017683438682,0.9864085642551347,12.36584190423324,0.9869276879968061,1.0211647171505607,1.021404869907936,0.08750109803659295,0.05701278015450545,9.922988825114164,0.396727909472248,1.5347628689473436,0.3584460897217677,28.167339656773073,0.3304086083946799,0.34158276701253004,0.3503729908445189
0.18,0.9999614975197911,1.0268044304022297,0.9352240423061103,0.9400141867239633,6.4325396749955965,0.36903491386464055,0.9949041785905944,0.9867942084826169,12.379623952083131,0.9861983204185466,1.0207853176050246,1.021237783049759,0.08984424000304687,0.05853661903833822,9.92347598793998,0.39658153279415753,1.534838217154358,0.36349459495689956,28.191199457835346,0.33475014127119634,0.34602620179791266,0.3550833927934146
0.1825,0.9999609375688312,1.0275629731718485,0.9335327873092635,0.9384222073827796,6.431799798735262,0.36907927146990993,0.9947897438540458,0.987150521408167,12.39316836636577,0.9854554853371469,1.020389626770365,1.0210603250115773,0.0922116853210951,0.06007600084682868,9.923986469031908,0.39643649995258484,1.5349171719369337,0.368508457303112,28.2129634745895,0.3390776467883369,0.3504553499954056,0.35978311220367154
0.185,0.9999603765639437,1.0283313260543516,0.9318244532006361,0.9368135559946673,6.4310539857849385,0.3691248329406191,0.9946743909050997,0.9876820810826993,12.409044382514956,0.9846992839744936,1.019977769650042,1.0208724837061964,0.09460308832408296,0.06163069206770041,9.924519475017885,0.39629283956822303,1.5349996105862784,0.3734865721245772,28.23264384016354,0.343390981031428,0.3548701101050729,0.36447190117666267
0.1875,0.9999598144905817,1.0291094404025327,0.9300992722783298,0.9351884449111613,6.430302311512157,0.36917160573098773,0.994558131400656,0.9881903285277124,12.424760194159818,0.9839298184782489,1.019549871248068,1.0206742422461226,0.09701810145608343,0.06320045823348788,9.925074221903419,0.3961505806403063,1.535085411844003,0.3784278629329922,28.250253284245833,0.3476900039242533,0.3592703810943136,0.3691495085718272
0.19,0.999959251334219,1.0298972667685766,0.9283574776453347,0.93354708739799,6.429544851145934,0.369219596912019,0.994440976976191,0.9887938918869775,12.441807628909585,0.9831471918696076,1.0191060565150232,1.0204655792373043,0.0994563754378732,0.06478506403696133,9.925649935505403,0.396009752480044,1.5351744559692202,0.3833312817440825,28.265805119772356,0.35197457920846786,0.3636560622678236,0.3738156801650633
0.1925,0.9999586870803496,1.0306947549139185,0.9265993031117149,0.9318896975429831,6.428781679762452,0.36926881316945276,0.9943229392435428,0.9894587268485652,12.459760561898124,0.9823515079916987,1.0186464502959978,1.0202464690755222,0.10191755943235291,0.06638427344539645,9.926245851853238,0.3958703846433167,1.535266624800585,0.38819580940415727,28.279313229539632,0.3562445744183489,0.36802705314883705,0.3784701588125389
0.195,0.9999581217144883,1.031501853819271,0.924824983098313,0.930216490165335,6.428012872271021,0.3693192608018285,0.994204029788739,0.9900948997106843,12.477487262244786,0.9815428714586502,1.0181711772804372,1.0200168822442346,0.1044013012092053,0.0679978498135747,9.926861217557887,0.395732506862877,1.5353618018133746,0.39302045588708767,28.290792052756757,0.3604998608539292,0.3723832533717833,0.38311268461994796
0.1975,0.9999575552221722,1.0323185116948166,0.9230347525420212,0.9285276807262706,6.427238503400325,0.3693709457186556,0.9940842601698713,0.9907024972547948,12.49498782638582,0.9807213876053453,1.0176803619538834,1.0197767856127218,0.10690724730858751,0.0696255559954034,9.927495290149617,0.3955961489802927,1.5354598721717267,0.39780426056209983,28.30025657154926,0.36474031355523107,0.37672456258644926,0.38774299511724736
0.2,0.9999569875889603,1.0331446759905711,0.9212288468026696,0.9268234852411605,6.426458647684973,0.36942387343869343,0.9939636419150136,0.9912816096401874,12.51226237148381,0.9798871624378908,1.017174128551595,1.0195261427334275,0.10943504320365664,0.07126715445404734,9.928147338385193,0.39546134087786694,1.5355607227761527,0.40254629243279194,28.30772229742582,0.3689658112781062,0.3810508803736916,0.3923608254389076
0.2025,0.9999564188004344,1.0339802934069229,0.9194075015715734,0.9251041201931333,6.425673379452309,0.36947804908834153,0.9938421865201827,0.991832330331343,12.529311035143504,0.9790403025848244,1.016652601014026,1.0192649141374412,0.1119843334617315,0.07292240737046708,9.928816642525414,0.39532811241076016,1.5356642423064624,0.4072456503477946,28.313205257718312,0.3731762364709135,0.38536210617269806,0.39696590850968866
0.20500000000000002,0.9999558488422003,1.0348253099053457,0.9175709527817822,0.9233698024482202,6.424882772809546,0.36953347740014075,0.9937199054473486,0.992354756026152,12.546133975138197,0.978180915249074,1.0161159029441404,1.018993057627129,0.1145547619038972,0.07459107675026287,9.929502494583767,0.39519649333953377,1.5357703212602236,0.41190146318352144,28.316721982004253,0.37737147525099585,0.3896581392197577,0.4015579752359449
0.20750000000000002,0.9999552776998869,1.0356796707192915,0.9157194365200702,0.9216207491720764,6.424086901631167,0.36959016271138684,0.9935968101224854,0.9928489865850424,12.562731369146643,0.9773091081606875,1.0155641575665495,1.0187105285649751,0.11714597176286468,0.07627292452872647,9.930204198547218,0.39506651326332815,1.5358788519869107,0.41651288999945185,28.318289488520072,0.38155141738038284,0.3939388784984509,0.4061367547024272
0.21,0.9999547053591485,1.0365433203652594,0.913853188940701,0.9198571777483132,6.42328583954661,0.36964810896285677,0.9934729119336666,0.9933151249610335,12.57910341450036,0.9764249895303527,1.0149974876884387,1.018417280157768,0.11975760583890196,0.07796771267400775,9.930921070569948,0.3949382015538771,1.5359897287178699,0.4211484448153691,28.322587411568023,0.3857159562408241,0.39820422270113504,0.41070197437452755
0.2125,0.9999541318056637,1.0374162026540517,0.9119724461810047,0.9180793056984718,6.422479659928273,0.3697073196976508,0.9933482222292105,0.993753277130743,12.595250327941264,0.97552866800373,1.014416015662266,1.0181132637353099,0.12238930665366009,0.07967520328830661,9.931652439141084,0.39481158729055504,1.5361028475922611,0.42605185064977014,28.34575114370165,0.38986498880840575,0.40245407020155766,0.4152533603058737
0.215,0.9999535570251374,1.0382982607022042,0.9100774442787918,0.9162873506036737,6.42166843587978,0.36976779806014953,0.993222752315864,0.9941635520263681,12.611172345389386,0.9746202526166268,1.013819863350201,1.017798429022919,0.1250407166017229,0.08139515870700566,9.932397645227352,0.39468669919664096,1.5362181066791225,0.4309161671689577,28.36698575304283,0.3939984156260542,0.4066883190383907,0.41979063735114397
0.2175,0.9999529810033001,1.0391894369436092,0.9081684190916345,0.9144815300279713,6.420852240224552,0.3698295467950892,0.9930965134570366,0.9946377435636671,12.628033728008829,0.9736998527510217,1.0132091520902824,1.0174727244070376,0.12771147809971686,0.08312734159566298,9.933156042391651,0.3945635655769764,1.536335405995709,0.4357405687458661,28.38630723610408,0.3981161407713976,0.41090686690944267,0.4243135293839379
0.22,0.9999524037259082,1.040089673141315,0.9062456062180423,0.9126620614434289,6.420031145494671,0.3698925682467564,0.9929695168710765,0.9950948899127113,12.644807531611907,0.9727675780919602,1.0125840026642616,1.017136097193339,0.1304012337328235,0.08487151504478987,9.933926996888582,0.3944422142571822,1.5364546475222682,0.44052425666110007,28.40373190601548,0.40221807182243785,0.41510961117627104,0.42882175951949086
0.2225,0.9999518251787473,1.0409989103995128,0.904309240920547,0.9108291621569511,6.419205223920032,0.3699568643583026,0.9928417737295937,0.9955253485358532,12.661370305940297,0.9718235385853294,1.0119445352671046,1.0167884938567833,0.1331096263985459,0.08662744266234255,9.93470988773791,0.3943226725245904,1.5365757352134028,0.4452664590583728,28.419276378785337,0.4063041198254007,0.4192964488788803,0.4333150503419871
0.225,0.9999512453476285,1.041917089175707,0.9023595580507241,0.908983049238885,6.418374547417782,0.3700224366711828,0.9927132951558264,0.9959292110665315,12.677722064077889,0.9708678443965317,1.011290869478122,1.0164298602831503,0.1358362994475867,0.08839488866386193,9.935504106777014,0.39420496707103714,1.5366985750061821,0.44996643087979205,28.432957559805207,0.41037419926399404,0.4234672767601644,0.4377931241361823
0.2275,0.9999506642183913,1.0428441492930698,0.9003967919761614,0.9071239394534063,6.417539187582074,0.3700892863247167,0.9925840922230558,0.9963065720259063,12.693862839678845,0.9699006058700762,1.0106231242336947,1.0160601420016195,0.1385808968217056,0.09017361796020112,9.936309058693332,0.3940891239376487,1.5368230748251608,0.4546234537817577,28.444792630603846,0.41442822802803075,0.4276219912997166,0.4422557031230068
0.23,0.9999500817769049,1.043780029952976,0.898421176509393,0.9052520491907156,6.416699215674085,0.37015741405577807,0.9924541759530628,0.9966575287591037,12.709792686745567,0.9689219334900978,1.0099414178015682,1.0156792844080553,0.14134306318842996,0.09196339624278445,9.937124161037866,0.39397516846174846,1.5369491445844672,0.4592368360322276,28.454799035854048,0.41846612738233524,0.4317604887566076,0.4467025096987858
0.2325,0.9999494980090663,1.0447246697477226,0.8964329448388061,0.9033675944010432,6.415854702612354,0.37022682019861,0.9923235573146334,0.9969821813723511,12.725511679413954,0.9679319378418234,1.0092458677566754,1.0152872329786968,0.14412244407250321,0.09376399006634792,9.937948844220704,0.3938631252259939,1.5370766961871116,0.4640089439334952,28.475454177470766,0.42248782193635137,0.43588266522070435,0.4511332666776772
0.23500000000000001,0.9999489129008022,1.0456780066734226,0.8944323294615346,0.9014707905304878,6.4150057189634,0.37029750468477124,0.9921922472221076,0.9972806326710241,12.741019911745864,0.9669307295739884,1.008536590958463,1.01488393347402,0.14691868598396332,0.09557516692911544,9.93878255148968,0.3937530180098494,1.5372056435216845,0.46892664062639206,28.505663486489254,0.4264932396142606,0.43998841667208005,0.4555476975368936
0.23750000000000002,0.9999483264380691,1.0466399781430826,0.8924195621183411,0.8995618524586867,6.414152334932633,0.3703694670432142,0.9920602565339737,0.9975529880986245,12.756317497528668,0.9659184193622169,1.007813703529684,1.0144693321325946,0.14973143654275248,0.09739669535037114,9.939624738893093,0.3936448697434841,1.5373359024565914,0.47379950401644444,28.533698659307948,0.4304823116245199,0.4440776390480461,0.45994552666424726
0.24,0.9999477386068543,1.047610520999848,0.8903948737304952,0.897640994438326,6.4132946203555745,0.37044270640049565,0.9919275960515096,0.9977993556766919,12.771404570081815,0.9648951178733695,1.0070773208366237,1.0140433758548022,0.15256034459976886,0.09922834494539245,9.940474875227556,0.39353870246417777,1.5374673908319865,0.47862666640074303,28.55957501926172,0.43445497242672043,0.4481502283173152,0.464326479607531
0.2425,0.9999471493931744,1.0485895715304259,0.8883584943386496,0.8957084300364991,6.412432644689366,0.3705172214811229,0.9917942765174712,0.9980198459456683,12.786281282070206,0.9638609357308665,1.0063275574707229,1.0136060123763535,0.15540506035427995,0.10106988649771476,9.94133244197197,0.3934345372753036,1.5376000284495597,0.48340729082160944,28.583308412969615,0.43841115969610417,0.4522060805607948,0.46869028332522317
0.245,0.9999465587830783,1.0495770654786711,0.8863106530437106,0.8937643720779077,6.411566477004567,0.37059301060803784,0.991660308614822,0.9982145719067208,12.800947805324267,0.9628159834809907,1.0055645272315727,1.0131571904315666,0.15826523546762633,0.10292109202870271,9.942196933208539,0.39333239430794975,1.5377337370603221,0.48814057110528986,28.604915195815025,0.4423508142878897,0.4562450920584919,0.4730366664379917
0.2475,0.9999459667626457,1.0505729380593398,0.8842515779497064,0.8918090325899112,6.410696185977264,0.37067007170323807,0.9915257029655139,0.9983836489645199,12.815404330666464,0.9617603715601754,1.0047883431112323,1.0126968599064308,0.16114052317315405,0.10478173486440928,9.943067855531911,0.39323229268522925,1.5378684403505511,0.49282573187482087,28.624412217387054,0.44627388020171016,0.460267159382,0.47736535948044767
0.25,0.9999453733179878,1.0515771239719989,0.8821814961086433,0.889842622749418,6.409821839881463,0.37074840228854017,0.9913904701293095,0.9985271948709805,12.829651067744118,0.9606942102632727,1.003999117279853,1.0122249719815113,0.1640305783823226,0.10665158969970823,9.94394472794726,0.3931342504893174,1.5380040639260284,0.49746202853760624,28.641816806890684,0.45018030454500724,0.4642721794920354,0.48167609515259957
0.2525,0.9999447784352481,1.0525895574150936,0.8801006334673459,0.8878653528316172,6.408943506581788,0.3708279994864836,0.9912546206026538,0.9986453296699679,12.843688244868291,0.9596176097128019,1.0031969610725564,1.0117414792647965,0.16693505778694534,0.1085304326596906,9.944827081758389,0.39303828473125074,1.538140535294732,0.5020487472482416,28.65714675853245,0.4540700374947765,0.468260049840476,0.4859686085704412
0.255,0.9999441821006028,1.0536101721001638,0.878009214816274,0.8858774321605397,6.408061253526482,0.37090886002137846,0.9911181648175911,0.9987381756429513,12.857516108858407,0.958530679829169,1.002381984977548,1.0112463359146158,0.16985361995752718,0.11041804135832149,9.945714460446615,0.3929444113235053,1.5382777838481052,0.5065852048471493,28.670420316888773,0.4579430322582966,0.4722306684763616,0.4902426375151108
0.2575,0.9999435843002599,1.0546389012661994,0.8759074637403035,0.8838790690614496,6.407175147740685,0.37099098022049865,0.9909811131407256,0.9988058572556204,12.871134924892502,0.9574335303018476,1.001554298625422,1.010739497752803,0.17278592543767426,0.11231419495435731,9.94660641954146,0.3928526450553697,1.538415740841055,0.5110707487755853,28.68165616226389,0.46179924503368586,0.47618393415530647,0.4944979226800545
0.26,0.9999429850204612,1.0556756776941396,0.8737956025714606,0.8818704708150441,6.406285255820046,0.37107435601541994,0.9908434758722326,0.9988485011054339,12.884544976362722,0.9563262705614967,1.0007140107796275,1.0102209223682885,0.1757316368345588,0.11421867420452882,9.94750252648396,0.39276299957111466,1.538554339370812,0.5155047569675955,28.690873396043987,0.4656386349697129,0.4801197464517774,0.4987342079156297
0.2625,0.9999423842474812,1.0567204337214966,0.8716738523435967,0.8798518436134618,6.405391643924598,0.37115898294350674,0.990705263244913,0.9988662358701116,12.897746564735808,0.9552090097529968,0.9998612293280607,1.0096905692113494,0.1786904189054309,0.1161312615140008,9.948402360483405,0.3926754873509576,1.5386935143547713,0.5198866377195145,28.698091526054608,0.4694611641236046,0.48403800587369955,0.5029512404705988
0.265,0.9999417819676281,1.0577731012571072,0.8695424327489863,0.8778233925180784,6.404494377772965,0.37124485614954633,0.990566485423295,0.9988591922570412,12.910740009418316,0.9540818567094387,0.9989960612757514,1.0091483996787605,0.18166193864017696,0.11805174098412176,9.949305512368399,0.3925901196948065,1.5388332025074578,0.5242158295376013,28.70333045192811,0.4732667974187602,0.4879386139788497,0.5071487712299608
0.2675,0.9999411781672437,1.0588336117959987,0.8674015620968323,0.8757853214190802,6.403593522636836,0.37133197038753263,0.9904271525027809,0.9988275029536,12.92352564762618,0.952944919927072,0.9981186127386098,1.0085943771901085,0.18464586533993432,0.11997989845748323,9.950211584432987,0.3925069067087675,1.5389733423167258,0.5284918009644222,28.70661045048813,0.4770555026098622,0.49182147349250993,0.5113265549485944
0.27,0.9999405728327042,1.0599018964343605,0.8652514572736625,0.8737378329967969,6.402689143335781,0.3714203200226008,0.9902872745088452,0.9987713025783655,12.936103834258436,0.9517983075412216,0.9972289889381977,1.0080284672555524,0.18764187069177765,0.12191552156031185,9.951120190278647,0.39242585729438567,1.539113874019321,0.532714050384601,28.707952161158172,0.48082725025519996,0.495686488425864,0.5154843504801907
0.2725,0.9999399659504187,1.06097788588462,0.8630923337055918,0.8716811286847775,6.401781304232321,0.37150989903311116,0.9901468613962714,0.9986907276332101,12.948474941774625,0.9506421273031636,0.9963272941974979,1.0074506375353274,0.19064962883950143,0.12385839974222106,9.952030954652843,0.39234697914058825,1.53925473957591,0.5368821058105673,28.70737657140132,0.48458201366954806,0.4995335641946275,0.5196219210009797
0.275,0.9999393575068319,1.0620615104906077,0.8609244053224367,0.8696154086345896,6.400870069227346,0.3716007010128861,0.9900059230484441,0.9985859164562495,12.960639360075698,0.9494764865579588,0.9954136319376408,1.0068608578913014,0.1936688164505305,0.12580832431335337,9.952943513284902,0.39227027871828957,1.5393958826456955,0.5409955246489387,28.704905002198576,0.4883197688717033,0.5033626077374183,0.5237390342277694
0.2775,0.9999387474884226,1.0631527002428038,0.8587478845236532,0.8675408716823236,6.399955501755806,0.3716927191735973,0.9898644692766819,0.9984570091756357,12.972597496387962,0.9483014922232395,0.9944881046755653,1.006259100430903,0.19669911277899724,0.1277650884789489,9.953857512719843,0.39219576127761213,1.5395372485607144,0.5450538934481903,28.700559093573123,0.4920404945440251,0.5071735276333893,0.5278354626298412
0.28,0.999938135881704,1.0642513847936617,0.8565629821460775,0.8654577153167807,6.399037664782711,0.37178594634730555,0.9897225098196192,0.9983041476641733,12.984349775149822,0.9471172507689402,0.9935508140225766,1.0056453395437484,0.19974019972503132,0.1297284873713773,9.954772610150874,0.3921234308476732,1.5396787842999327,0.5490568276282621,28.694360790168158,0.4957441719959252,0.5109662342186617,0.5319109836342659
0.28250000000000003,0.9999375226732239,1.0653574934729946,0.8543699074334467,0.863366135649322,6.398116620799441,0.37188037498915183,0.989580054342635,0.9981274754947329,12.995896637900914,0.9459238681979524,0.9926018606837715,1.0050195519312997,0.2027917618903136,0.13169831807967555,9.955688473251092,0.39205329023888047,1.5398204384632121,0.5530039711927813,28.686332326886024,0.4994307851251652,0.5147406397011126,0.535965379824234
0.28500000000000003,0.9999369078495656,1.0664709553034157,0.8521688680076689,0.8612663273853546,6.397192431820359,0.3719759971802007,0.9894371124373296,0.9979271378964456,13.007238543173347,0.944721450027684,0.9916413444583003,1.0043817166298905,0.20585348662995287,0.1336743796766366,9.956604780005046,0.3919853410476763,1.5399621612452608,0.5568949964245637,28.676496214596742,0.5031003203736637,0.5184966582730937,0.5399984391300159
0.28750000000000003,0.9999362913973473,1.0675916990158318,0.849960069841822,0.859158483797435,6.396265159379719,0.37207280463043424,0.9892936936210461,0.9977032817116542,13.018375966384614,0.943510101272511,0.9906693642404366,1.003731815027456,0.20892506410074987,0.13565647324349595,9.957521218540682,0.39191958366366586,1.5401039044096396,0.560729603565084,28.664875225923662,0.5067527666798657,0.5222342062216777,0.5440099550121941
0.29,0.999935673303222,1.0687196530649652,0.8477437172348493,0.8570427966999585,6.395334864528898,0.372170788681897,0.9891498073364421,0.9975522639958796,13.030566128948731,0.9422899264271501,0.9896860180214238,1.003069830874308,0.21200618730591744,0.13764440189226765,9.958437486962199,0.39185601727905944,1.54024562126291,0.5645075204786021,28.65149238111494,0.5103881154317943,0.5259532020360469,0.547999726636844
0.2925,0.9999350535538776,1.0698547456449095,0.8455200127879251,0.8549194564254151,6.394401607833911,0.37226994031199123,0.9890054629511056,0.9974342303256466,13.043290537131506,0.9410610294509348,0.9886914028920694,1.002395750288289,0.21509655213633147,0.1396379707857823,9.959353293184313,0.39179463990035807,1.540387266629001,0.5682285023016432,28.636370934008927,0.5140063604213042,0.5296535665116643,0.5519675590423572
0.295,0.9999344321360376,1.0709969047047045,0.8432891573824632,0.8527886518021814,6.393465449373258,0.3723702501369208,0.9888606697572218,0.9972924729329559,13.055807818864952,0.9398235137528584,0.9876856150460595,1.0017095617546397,0.21819585740839237,0.1416369871554827,9.960268354768369,0.3917354483622054,1.5405287968238608,0.5720469690250679,28.62727299312714,0.5176074977975558,0.5333352228508912,0.5559132632976397
0.2975,0.9999338090364609,1.0721460579639193,0.8410513501597351,0.850650570133822,6.392526448736064,0.372471708415283,0.9887154369712857,0.9971271263971478,13.068118296476337,0.9385774821773645,0.9866687497839626,1.0010112561209104,0.22130380489857981,0.14364126031703486,9.961182398760759,0.39167843834332966,1.5406701696304648,0.5765814424079114,28.654810478883505,0.5211915260181876,0.5369980967597354,0.559836656651438
0.3,0.9999331842419413,1.0733021329282373,0.8388067885020697,0.8485053971798765,6.391584665020515,0.37257430505180716,0.9885697737338602,0.9969383267798575,13.080222307912706,0.9373230369911937,0.985640901517901,1.0003008265872426,0.22442009937478843,0.14565060168381408,9.962095161533982,0.3916236043844924,1.5408113442742328,0.5810625125389861,28.68025399901194,0.5247584457979492,0.5406421165404409,0.5637375626725825
0.3025,0.9999325577393086,1.0744650569050365,0.8365556680156049,0.846353317138096,6.390640156832648,0.37267802960123836,0.9884236891093883,0.9967262115862344,13.09212020663101,0.9360602798714299,0.9846021637768547,0.9995782686923294,0.2275444486245348,0.14766482477832704,9.96300638863076,0.3915709399083641,1.5409522813989198,0.5854896613789249,28.70362208254766,0.5283082600557543,0.5442672131796544,0.5676158113809531
0.305,0.9999319295154263,1.0756347570189544,0.834298182514556,0.8441945126281105,6.389692982285385,0.3727828712723641,0.9882771920860447,0.996490919726823,13.103812361488705,0.9347893118938011,0.9835526292125785,0.9988435802953831,0.23067656348012952,0.14968374524163292,9.963915834611475,0.39152043724124064,1.5410929430430187,0.5898623985464915,28.72493359603956,0.531840973860548,0.5478733204319278,0.5714712393690181
0.3075,0.9999312995571951,1.0768111602274273,0.8320345240069726,0.8420291646764858,6.388743198997951,0.37288881893218245,0.988130291575645,0.996232591480056,13.115299156634455,0.9335102335212591,0.9824923896061001,0.9980967615543928,0.2338161578409107,0.1517071808408276,9.96482326290528,0.3914720876365136,1.5412332926167318,0.5941802610258837,28.744207728496782,0.5353565943767125,0.5514603748983412,0.5753036899138045
0.31,0.9999306678515495,1.077994193336203,0.8297648826819509,0.8398574527031544,6.38779086409554,0.3729958611102097,0.9879829964135942,0.995951368455362,13.126580991398713,0.9322231445936556,0.9814215358747811,0.9973378149009835,0.2369629486926373,0.1537349514746562,9.965728445665082,0.3914258812998092,1.541373294879542,0.598442812859038,28.76146397644939,0.5388551308103893,0.5550283161000549,0.5791130130791983
0.3125,0.9999300343854598,1.0791837830148143,0.8274894468982665,0.8376795545091759,6.386836034209336,0.373103986002925,0.9878353153588905,0.9956473935568507,13.137658280183928,0.9309281443183411,0.9803401580799082,0.9965667450121515,0.24011665612414235,0.15576687917731968,9.966631163626648,0.3913818074157047,1.5415129159184204,0.6026496448237245,28.776722129134836,0.5423365943569683,0.5585770865466259,0.5828990658084965
0.315,0.9999293991459315,1.0803798558120075,0.8252084031744,0.835495646265809,6.385878765476828,0.37321318147834853,0.9876872570941728,0.9953208109475595,13.14853145235398,0.9296253312615207,0.9792483454347947,0.9957835587791541,0.24327700334134808,0.15780278812054263,9.967531205972035,0.39133985417593525,1.5416521231267049,0.6068003740982281,28.7900022538219,0.5458009981481667,0.5621066317989455,0.586661712007151
0.3175,0.999928762120005,1.0815823381711185,0.8229219361799158,0.8333059025048553,6.3849191135424395,0.3733234350807529,0.9875388302258199,0.9949717660142402,13.159200952122763,0.9283148033403006,0.9781461863133689,0.9949882652738237,0.2464437166787453,0.15984250461396943,9.968428370197456,0.3913000088089986,1.5417908851836608,0.6108946439134193,28.80132468128362,0.5492483571974242,0.5656169005266843,0.5904008226156812
0.32,0.9999281232947557,1.0827911564453923,0.8206302287281677,0.8311104961102508,6.3839571335584875,0.3734347340355023,0.987390043284097,0.9946004053326614,13.169667238441477,0.926996657815466,0.9770337682592241,0.9941808757125533,0.24961652560844066,0.16188585710395598,9.969322461985774,0.3912622576110685,1.5419291720347623,0.6149321231930159,28.810709991430933,0.5526786883473525,0.5691078445601455,0.5941162756727402
0.3225,0.9999274826572938,1.0840062369132337,0.8183334617702918,0.8289095983108689,6.382992880186443,0.3735470652540181,0.9872409047233514,0.994206876633407,13.179930784884494,0.9256709912848815,0.9759111779951062,0.993361403418207,0.25279516274687547,0.16393267617082516,9.970213295083663,0.3912265859781253,1.5420669548726922,0.6189125061828457,28.81817899911846,0.5560920102257354,0.5725794189364626,0.5978079563683566
0.325,0.9999268401947643,1.085227505793393,0.8160318143904582,0.8267033786745089,6.382026407598508,0.3736604153388675,0.9870914229222569,0.9937913287681526,13.189992079533518,0.9243378996775179,0.9747785014328233,0.9925298637801813,0.2559793638593195,0.16598279452465337,9.971100691183542,0.39119297843921214,1.5422042061190804,0.6228355120699128,28.82375274013376,0.5594883431937685,0.5760315819400906,0.6014757570873855
0.3275,0.9999261958943473,1.0864548892600687,0.8137254638023448,0.824492005103034,6.3810577694795265,0.37377477058897157,0.9869416061841088,0.9933539116763935,13.199851624859823,0.922997478248214,0.9736358236835456,0.9916862742128479,0.25916886786224325,0.16803604699965574,9.971984479810294,0.3911614186907252,1.542340899406984,0.6267008845920814,28.827452457381437,0.5628677092879524,0.5794642951375658,0.6051195774432281
0.33,0.9999255497432572,1.0876883134579287,0.8114145853467996,0.8222756438286305,6.380087019029201,0.3738901170049293,0.9867914627371664,0.9928947763526083,13.209509937604286,0.9216498215731317,0.972483229068484,0.9908306541125838,0.2623634168236708,0.17009227054723702,9.972864498212761,0.3911318896316472,1.5424770095641052,0.630508391639178,28.829299587273013,0.5662301321731062,0.5828775234065335,0.6087393243018965
0.3325,0.9999249017287427,1.0889277045170456,0.8090993524906611,0.820054459411158,6.379114208964622,0.3740064402944556,0.9866410007350451,0.9924140748138421,13.218967548655117,0.920295023545894,0.9713208011299213,0.9899630248135974,0.2655627559616156,0.17215130422777453,9.973740591260071,0.3911043733996326,1.5426125125967551,0.6342578248463148,28.82931574633354,0.5695756370988985,0.5862712349590556,0.6123349117965192
0.335,0.9999242518380866,1.0901729885677358,0.8067799368266996,0.8178286147365541,6.378139391523135,0.3741237258779265,0.9864902282571592,0.9919119600676813,13.228225002922962,0.9189331773743767,0.9701486226425782,0.9890834095427353,0.2687666336406983,0.17421298920119951,9.974612611342652,0.39107885140785464,1.5427473856745453,0.6379489991802351,28.827522718035546,0.572904250852243,0.5896454013592414,0.6159062613324008
0.3375,0.9999236000586066,1.0914240917553002,0.8044565080746465,0.8155982710162707,6.377162618465515,0.3742419588940321,0.9863391533092131,0.9913885860806084,13.237282859213243,0.9175643755781375,0.9689667756252914,0.9881918333734553,0.2719748013670464,0.1762771687164414,9.975480418277929,0.3910553043825227,1.5428816071158016,0.6415817525194712,28.82394243987058,0.5762160017056899,0.5929999975352505,0.6194533015827677
0.34,0.999922946377654,1.0926809402546647,0.8021292340832811,0.8133635877877008,6.376183941079468,0.37436112420552947,0.986187783823743,0.9908441077467218,13.246141690095618,0.9161887099864593,0.967775341352991,0.9872883231791334,0.2751870137815712,0.17834368809979917,9.976343879220583,0.39103371240098217,1.5430151563736842,0.645155945229099,28.818596990668404,0.5795109193652997,0.5963350017857483,0.6229759684753426
0.3425,0.9999222907826139,1.0939434602849105,0.7997982808335368,0.8111247229155738,6.3752034101834525,0.3744812064050945,0.9860361276607076,0.9902786808567918,13.254802081770213,0.9148062717370059,0.9665744003689518,0.9863729075858655,0.27840302865171773,0.18041239474230336,9.977202868577244,0.39101405493030766,1.5431480140229934,0.6486714597308672,28.811508578173576,0.5827890349207282,0.5996503957809004,0.6264742051699101
0.34500000000000003,0.9999216332609043,1.095211578123699,0.7974638124425979,0.808881832594282,6.374221076130826,0.3746021898212674,0.9858841926081297,0.989692462067652,13.263264633930714,0.9134171512750668,0.9653640324973047,0.9854456169249156,0.28162260686177826,0.1824831380861292,9.97805726792548,0.39099631086630243,1.5432801617476393,0.6521282000694631,28.802699526888485,0.5860503807985904,0.6029461645580143,0.6299479620270466
0.34750000000000003,0.9999209737999786,1.0964852201215802,0.7951259911689507,0.8066350713511112,6.373236988814301,0.374724058524487,0.9857319863827854,0.9890856088718994,13.27152995962394,0.9120214383533664,0.96414431685579,0.9845064831849486,0.28484551240186035,0.18455576961012254,9.978906965936936,0.39098045857281827,1.5434115823287549,0.6555260914756692,28.79219226619172,0.5892949907183822,0.6062222965119498,0.6333971965681979
0.35000000000000003,0.9999203123873215,1.097764312716188,0.7927849774183572,0.8043845920503423,6.372251197670745,0.37484679633321166,0.9855795166309463,0.9884582795678895,13.279598685105892,0.9106192220324424,0.9629153318687329,0.9835555399641808,0.2880715123555947,0.1866301428144965,9.979751858304393,0.3909664759213107,1.5435422596334143,0.6588650799271493,28.780009318740227,0.5925228996518502,0.6094787833804337,0.6368218734273062
0.3525,0.9999196490104517,1.0990487824463204,0.7904409297507196,0.8021305458981941,6.371263751686281,0.3749703868201205,0.9854267909291687,0.9878106332300189,13.287471449694161,0.9092105906816274,0.9616771552802293,0.98259282242257,0.2913003768866663,0.18870611320475658,9.980591847672574,0.39095434033054727,1.5436721786039296,0.6621451317075852,28.766173289162776,0.5957341437906386,0.6127156202244277,0.6402219642941914
0.355,0.9999189836569208,1.100338555965898,0.7880940048878003,0.7998730824485769,6.370274699401729,0.37509481331839145,0.9852738167851349,0.9871428296792715,13.295148905616491,0.9077956319805295,0.96042986416752,0.981618367234155,0.2945318792242488,0.19078353827490901,9.98142684357247,0.39094402880638757,1.5438013252476948,0.66536623296487,28.750706853052243,0.5989287605219815,0.6159328054037059,0.6435974478499035
0.3575,0.9999183163143127,1.1016335600578093,0.7857443577217684,0.7976123496096278,6.369284088918357,0.3752200589280507,0.9851206016385431,0.9864550294540232,13.302631717855446,0.9063744329207496,0.959173534954541,0.9806322125396545,0.2977657956474186,0.1928622774900071,9.982256762358926,0.3909355179815552,1.5439296866275314,0.6685283892690443,28.733632746263165,0.6021067883965224,0.6191303405478157,0.6469483096942722
0.36,0.9999176469702441,1.1029337216476307,0.7833921413245374,0.7953484936509942,6.368291967903958,0.3753461065223891,0.9849671528620467,0.9857473937810864,13.309920563989078,0.9049470798079308,0.9579082434256343,0.9796343978994175,0.301001905468621,0.1949421922680861,9.98308152715125,0.39092878415532484,1.5440572508525026,0.6716316251706375,28.714973754520543,0.6052682670814497,0.6223082305225971,0.6502745422658887
0.3625,0.9999169756123635,1.1042389678172293,0.7810375069578646,0.7930816592118407,6.3672983835992545,0.3754729387544404,0.9848134777622453,0.9850200845469864,13.31701613402751,0.9035136582643265,0.9566340647394003,0.9786249642468123,0.3042399910162567,0.1970231459615374,9.983901067776548,0.3909238033330493,1.5441840070691497,0.6746759837600614,28.694752703345422,0.608413237305855,0.6254664833924498,0.6535761447547543
0.365,0.9999163022283518,1.1055492258182433,0.7786806040841789,0.7908119893095449,6.366303382824607,0.37560053806351595,0.9846595835807223,0.9842732642694523,13.323919130245292,0.902074253231855,0.9553510734426821,0.977603953842138,0.30747983761645475,0.19910500383796875,9.984715320715537,0.39092055126545233,1.54430994545311,0.6776615262286714,28.67299244830165,0.6115417408017056,0.6286051103785399,0.6568531230078473
0.3675,0.9999156268059206,1.1068644230854388,0.7763215803781077,0.7885396253490562,6.365307011987066,0.3757288866817907,0.9845054774951355,0.9835070960691122,13.330630267009495,0.900628948975587,0.9540593434846606,0.9765714102271292,0.3107212335740909,0.201187633060597,9.985524229050506,0.39091900348761704,1.5444350572010694,0.6805883314320851,28.649715865567718,0.6146538202451974,0.6317241258131476,0.6601054894278512
0.37,0.9999149493328144,1.1081844872499427,0.7739605817386683,0.7862647071328874,6.36430931708772,0.37585796664093374,0.9843511666203536,0.9827217436413853,13.337150270603466,0.8991778290876481,0.9527589482310526,0.9755273781801168,0.3139639701531094,0.20327090266821632,9.986327742415122,0.3909191353576009,1.5445593345229984,0.6834564954563365,28.624945842837064,0.6177495192019803,0.6348235470903565,0.6633332628653063
0.3725,0.9999142697968073,1.1095093461523435,0.7715977523020978,0.7839873728717098,6.3633103437293785,0.37598775977877924,0.9841966580096445,0.9819173712285496,13.343479879046113,0.897720976491518,0.9514499604783913,0.9744719036719097,0.31720784155620024,0.20535468355478265,9.987125816945829,0.3909209220946095,1.5446827706346347,0.6862661311873871,28.598705270548994,0.6208288820762492,0.637903394613294,0.6665364685044363
0.375,0.9999135881857047,1.1108389278556665,0.7692332344552872,0.7817077591955253,6.362310137124556,0.37611824774603086,0.9840419586559103,0.981094143591981,13.349619841906685,0.8962584734467073,0.9501324524683792,0.9734050338224433,0.3204526449038797,0.20743884844865493,9.987918415234386,0.39092433881666455,1.5448053597501428,0.6892365388396864,28.580105247167676,0.6238919540650492,0.6409636917381368,0.6697151377429179
0.3775,0.9999129044873432,1.1121731606582037,0.7668671688497917,0.7794260011653837,6.361308742103786,0.37624941201299306,0.9838870754929727,0.9802522259845498,13.35557092011498,0.8947904015538028,0.9488064959022983,0.972326816858244,0.3236981802130198,0.2095232718915284,9.988705506281404,0.3909293605777045,1.544927097074928,0.6929270390197549,28.592107963633314,0.6269387811200706,0.6440044647150831,0.6728693080658498
0.38,0.9999122186895886,1.1135119731062064,0.7644996944163863,0.7771422322856233,6.36030620312423,0.37638123387632455,0.9837320153969057,0.9793917841231624,13.361333885766864,0.8933168417598781,0.9474721619554627,0.971237302070749,0.3269442503748656,0.21160783021709592,9.989487065450373,0.39093596240405437,1.5450479787985256,0.6965599657254944,28.602330661471697,0.62996940992069,0.6470257426265187,0.6759990229141981
0.3825,0.9999115307803368,1.1148552940064254,0.7621309483801393,0.7748565845166007,6.359302564278613,0.37651369446580524,0.983576785187416,0.9785129841614367,13.36690952192507,0.8918378743642726,0.9461295212917028,0.9701365397755177,0.3301906611325779,0.21369240152946903,9.990263074422009,0.39094411933020823,1.5451680020875393,0.7001351679731843,28.61079126077677,0.632983887863458,0.6500275573225762,0.6791043315479783
0.385,0.9999108407475128,1.116203052438492,0.7597610662759726,0.7725691882878879,6.358297869304462,0.3766467747511131,0.9834213916292732,0.9776159926624997,13.372298622415189,0.8903535790247268,0.9447786440778625,0.9690245812723566,0.333437221058333,0.2157768656813905,9.991033521148461,0.3909538064338657,1.5452871650785596,0.7036525115401974,28.617507753202815,0.6359822630465444,0.6530099433543124,0.6821852889044525
0.3875,0.9999101485790719,1.117555177767135,0.7573901819646819,0.7702801725119088,6.357292161593636,0.37678045554860135,0.9832658414337835,0.9767009765718986,13.377501991616784,0.8888640347637963,0.9434195999983065,0.9679014788063938,0.33668374153000935,0.21786110425226562,9.991798399807157,0.3909649988701678,1.5454054668710242,0.7071118786192693,28.622498193989223,0.6389645842199443,0.655972937904706,0.6852419554516127
0.39,0.9999094542629962,1.1189115996542212,0.7550184276493875,0.7679896645979863,6.3562854842021865,0.3769147175280723,0.983110141260314,0.9757681031906119,13.382520444249602,0.88736931997545,0.9420524582694105,0.9667672855301116,0.3399300367074855,0.21994500052603969,9.99255771075392,0.39097767190507937,1.5455229075199672,0.7105131674779963,28.62578069436484,0.6419309007330295,0.6589165807176912,0.688274397037226
0.3925,0.9999087577872978,1.1202722480706118,0.7526459338923907,0.7656977904667789,6.35527787986049,0.3770495412195399,0.9829542977178612,0.9748175401481501,13.387354805154768,0.8858695124318368,0.9406772876540364,0.9656220554663623,0.34317592350857234,0.22202843946894613,9.99331146047504,0.39099180094786545,1.5456394880286066,0.7138562921240502,28.62737341433278,0.6448812624946083,0.6618409140254332,0.6912826847337222
0.395,0.9999080591400152,1.1216370533078275,0.7502728296324036,0.7634046745650759,6.3542693909836965,0.37718490701997376,0.9827983173666658,0.9738494553757379,13.39200590907095,0.8843646892903031,0.9392941564759715,0.9644658434723689,0.3464212215845974,0.22411130770714768,9.99405966153803,0.3910073615826134,1.5457552103407266,0.7171411819765781,28.627294555835633,0.6478157199439439,0.6647459824740493,0.6942668946792036
0.3975,0.9999073583092154,1.123005945989516,0.7478992422021316,0.7611104398809315,6.353260059682457,0.37732079520002076,0.9826422067198728,0.9728640170795688,13.396474600405478,0.8828549271006954,0.937903132634321,0.9632987052047318,0.3496657532956577,0.22619349350429238,9.994802332540715,0.39102432959875216,1.5458700773328047,0.7203677815442214,28.62556235630049,0.6507343240266857,0.6676318330479787,0.6972271079148581
0.4,0.9999066552829914,1.124378857082711,0.7455252973461776,0.7588152079591097,6.352249927773954,0.37745718591069566,0.9824859722452369,0.9718613937141198,13.400761733000294,0.8813403018129309,0.9365042836178463,0.9621206970854334,0.3529093436855537,0.2282748867390032,9.995539498058404,0.39104268102052486,1.54598409280584,0.7235360501101576,28.622195082562296,0.6536371261630793,0.670498514993201,0.7001634102190666
0.4025,0.9999059500494634,1.1257557179088773,0.7431511192392447,0.756519098916817,6.351239036793208,0.37759405919003597,0.9823296203668718,0.9708417539555227,13.404868169892813,0.8798208887847924,0.935097676519234,0.9609318762688517,0.3561518204564146,0.230355378882319,9.996271188588887,0.391062392135369,1.5460972614768458,0.7266459614245271,28.61721102516315,0.656524178211095,0.6733460797394889,0.7030758919384822
0.405,0.9999052425967765,1.127136460154748,0.7407768305046105,0.754222231459699,6.350227428004664,0.3777313949697142,0.9821731574670417,0.9698052666749829,13.408794783071611,0.8782967627899189,0.9336833780492875,0.9597323006097839,0.35939301394302325,0.23243486297510357,9.996997440494933,0.3910834395211655,1.5462095889699579,0.7296975034045887,28.610628493024752,0.6593955324360705,0.6761745808218955,0.7059646478163795
0.40750000000000003,0.9999045329131024,1.1285210158829309,0.7384025522328488,0.7519247228980787,6.349215142414061,0.3778691730816029,0.9820165898879979,0.9687521009122353,13.412542453226921,0.8767679980259752,0.9322614545510296,0.9585220286324667,0.3626327570868459,0.23451323360543713,9.997718295944104,0.3911058000723158,1.5463210818071225,0.7326906778429033,28.602465808490006,0.6622512414852532,0.6789840738016516,0.7088297768185602
0.41000000000000003,0.9999038209866367,1.129909317542297,0.7360284040007741,0.7496266891634115,6.348202220780565,0.3780073732642855,0.9818599239338542,0.9677712985805071,13.417344216007553,0.8752346681229932,0.930831972013709,0.9573011195006037,0.36587088540977086,0.2365903868860041,9.998433802845609,0.3911294510246122,1.546431747398333,0.7356255001238078,28.592741302729337,0.6650913583651189,0.6817746161866568,0.711671381957109
0.41250000000000003,0.9999031068055999,1.1313012979781432,0.7336545038905858,0.7473282448249372,6.347188703629183,0.37814597516950926,0.9817031658725083,0.9668115411913246,13.422491239541516,0.8736968461518572,0.9293949960866964,0.9560696329883795,0.3691072369875579,0.23866622043148916,9.999144014783996,0.39115436997886494,1.5465415940313716,0.7385019989484212,28.58147331150633,0.6679159364245151,0.6845462673517358,0.7144895701122898
0.41500000000000004,0.9999023903582356,1.132696890442121,0.7312809685091848,0.7450295031065051,6.3461746312634055,0.378284958368573,0.9815463219375961,0.9658345942555554,13.42745269767289,0.8721546046329187,0.9279505920932686,0.9548276294524664,0.37234165242300027,0.2407406333359934,9.999848990949504,0.3911805349232565,1.5466506308610388,0.7413202160683678,28.568680171296517,0.670725029342472,0.6872990884588265,0.717284451852881
0.4175,0.9999016716328112,1.1340960286019353,0.7289079130076459,0.7427305759035504,6.345160043778144,0.3784243023586468,0.9813893983304932,0.9648406105612581,13.432229247650948,0.8706080155447359,0.926498825044267,0.9535751698049981,0.37557397481879656,0.24281352615047988,10.00054879606486,0.39120792425439194,1.5467588678978306,0.7440802060283834,28.55438021575239,0.6735186911152268,0.6900331423772624,0.7200561412552385
0.42,0.9999009506176167,1.1354986465508015,0.7265354511008162,0.7404315738002044,6.34414498107287,0.3785639865690173,0.9812324012223472,0.9638297432137996,13.436821556054891,0.8690571503329455,0.9250397596516238,0.9523123154875197,0.3788040497501328,0.2448848008602589,10.00124350030836,0.39123651679701993,1.5468663159960414,0.7467820359179249,28.538591772506834,0.6762969760364099,0.6927484936043041,0.722804755721386
0.4225,0.9999002273009634,1.1369046788166586,0.7241636950870238,0.7381326060865134,6.343129482865043,0.3787039903672554,0.9810753367561543,0.962802145608283,13.441230298512563,0.867502079919215,0.9235734603417495,0.9510391284458825,0.3820317252369721,0.24695436086252073,10.001933179233133,0.3912662918223998,1.5469729868412767,0.7494257851318642,28.52133316030645,0.6790599386700679,0.6954452081860628,0.725530415796418
0.425,0.9998995016711847,1.1383140603711248,0.7217927558678707,0.7358337807757499,6.342113588703722,0.3788442930653004,0.9809182110488643,0.9617579714019695,13.445456159414007,0.8659428747101915,0.9220999912687765,0.9497556711060867,0.38525685171604773,0.24902211094392343,10.002617913682434,0.3912972290652921,1.547078892937353,0.7520115451403095,28.502622686465287,0.6818076338197101,0.69812335363896,0.7282332449855085
0.4275,0.9998987737166335,1.1397267266381932,0.7194227429680903,0.7335352046217947,6.341097337983432,0.37898487392545877,0.9807610301935262,0.9606973744866812,13.449499831619999,0.8643796046065197,0.9206194163276482,0.9484620063510496,0.3884792820125575,0.2510879572582437,10.003297789700845,0.3913293087395559,1.5471840475925618,0.7545394192675665,28.48247864462876,0.6845401164977721,0.7007829988718561,0.730913369570818
0.43,0.9998980434256842,1.141142613502645,0.7170537645554504,0.7312369831365723,6.340080769958234,0.3791257121663104,0.9806038002614634,0.9596205089612025,13.45336201616562,0.862812339011981,0.9191317991670515,0.9471581974982891,0.3916988713115553,0.25315180730409576,10.003972898441331,0.3913625115523351,1.547288464905295,0.7570095224801935,28.460919312836662,0.6872574418984143,0.703424214108967,0.733570918428579
0.4325,0.9998973107867299,1.1425616573181774,0.7146859274606808,0.7289392206075205,6.339063923756015,0.37926678696852223,0.9804465273044843,0.9585275291036671,13.457043421958993,0.8612411468427105,0.9176372032021839,0.9458443082785052,0.39491547712903413,0.25521356990272404,10.00464333606811,0.3913968187168215,1.547392159749022,0.7594219811840823,28.4379629518735,0.6899596653738765,0.7060470708136913,0.7362060228466412
0.435,0.9998965757881819,1.1439837949152232,0.7123193371974046,0.7266420201150766,6.338046838392951,0.37940807748056277,0.9802892173571195,0.9574185893439477,13.460544765475271,0.8596660965364581,0.9161356916273548,0.9445204028150483,0.39812895928269837,0.2572731551758756,10.005309203655212,0.3914322119635848,1.5474951477566001,0.761776933030452,28.41362780389337,0.6926468424138245,0.708651641613454,0.738818816342759
0.4375,0.9998958384184701,1.1454089636084575,0.7099540979820571,0.7243454835501624,6.337029552788188,0.3795495628243161,0.980131876438892,0.9562938442360441,13.463866770446048,0.8580872560618591,0.9146273274284101,0.9431865456042529,0.40133917986241774,0.25933047452375485,10.005970607080773,0.39146867355046067,1.5475974453039254,0.7640745267305956,28.387932091305963,0.6953190286264316,0.711238000225668,0.7414094344838925
0.44,0.9998950986660415,1.1468371012039738,0.7075903127537724,0.7220497116316529,6.336012105778683,0.3796912221005907,0.9799745105566129,0.9551534484304706,13.467010167544167,0.8565046929277066,0.9131121733949822,0.941842801496625,0.40454600320036,0.26138544060306446,10.006627656917049,0.3915061862709955,1.547699069492921,0.7663149218791901,28.360894015909754,0.697976279720458,0.7138062213849025,0.7439780147067883
0.4425,0.9998943565193595,1.1482681460061213,0.70522808319422,0.7197548039238099,6.334994536134225,0.3798330343945215,0.9798171257067047,0.9539975566466533,13.469975694064182,0.8549184741922148,0.9115902921325527,0.9404892356788653,0.40774929584079384,0.26343796730513536,10.007280468316093,0.3915447334614443,1.5478000381338555,0.7684982887859417,28.332531758257225,0.700618651488024,0.7163563807713468,0.7465246961401082
0.445,0.9998936119669039,1.149702036824003,0.7028675097473762,0.7174608588536674,6.333976882572616,0.37997497878086084,0.9796597278775488,0.9528263236453337,13.472764093598471,0.8533286664722782,0.9100617460743338,0.9391259136567048,0.4109489265095582,0.2654879697341465,10.007929160891218,0.3915842990063267,1.5479003697270084,0.7706248083152928,28.30286347723702,0.7032461997877351,0.718888554940643,0.7490496194283569
0.4475,0.9998928649971688,1.1511387129776254,0.7005086916392098,0.7151679737283504,6.332959183775007,0.3801170343291576,0.9795023230518588,0.9516399042009822,13.475376115709146,0.8517353359527349,0.9085265974929557,0.9377529012385474,0.4141447660831897,0.26753536418543566,10.008573858594207,0.3916248673425445,1.5480000834436802,0.772694671733892,28.271907309856804,0.705858980529677,0.7214028212551511,0.7515529265578684
0.45,0.9998921155986636,1.1525781143037102,0.6981517268972695,0.7128762447523158,6.331941478401362,0.38025918010881904,0.9793449172090701,0.9504384530742263,13.47781251559581,0.8501385483956257,0.9069849085119629,0.9363702645198891,0.41733668755769976,0.26958006812390006,10.009214689588351,0.39166642346207237,1.5480991991065531,0.7747080805654912,28.239681371210434,0.7084570496656054,0.7238992578167154,0.7540347606850902
0.4525,0.9998913637599105,1.154020181161177,0.6957967123701555,0.7105857670444972,6.330923805106073,0.3804013951940558,0.9791875163277575,0.9492221249842921,13.480074053759331,0.8485383691494516,0.9054367411171084,0.9349780698685011,0.4205245660169968,0.2716220001624872,10.009851786117427,0.39170895291323243,1.5481977371694284,0.7766652464528968,28.206203754612492,0.7110404631846986,0.7263779434009722,0.7564952659674049
0.455,0.9998906094694453,1.1554648544363073,0.693443743746861,0.7082966346553407,6.329906202553699,0.3805436586687055,0.9790301263880675,0.947991074581459,13.48216149566161,0.8469348631584099,0.9038821571674485,0.933576383910355,0.4237082786009411,0.2736610800407713,10.01048528437063,0.3917524418005704,1.5482957186963346,0.7785663910265832,28.17149253188288,0.7136092771111837,0.7288389573932542,0.7589345873967266
0.4575,0.9998898527158158,1.1569120755476143,0.691092915575966,0.7060089405837205,6.328888709434799,0.3806859496309333,0.9788727533741681,0.9467454564195364,13.484075611381483,0.8453280949716065,0.9023212184062326,0.9321652735162748,0.4268877044730274,0.2756972286036144,10.011115324343649,0.3917968767833517,1.5483931653400411,0.780411745779538,28.135565753764006,0.7161635475017988,0.7312823797261191,0.7613528706360928
0.46,0.999889093487581,1.1583617864504352,0.6887443212846717,0.7037227767937154,6.327871364481884,0.3808282471978069,0.9787154032767162,0.9454854249283485,13.48581717526682,0.8437181287522286,0.90075398647158,0.9307448057892894,0.4300627247876841,0.2777303677799081,10.01174204969592,0.3918422450727015,1.5484900993199786,0.7825386139807824,28.11054947781817,0.7187033304428526,0.7337082908185402,0.763750261859472
0.4625,0.9998883317733109,1.1598139296412744,0.6863980531976618,0.7014382342312382,6.326854206485465,0.38097053050974394,0.9785580820953395,0.944211134386243,13.487386965582875,0.8421050282866753,0.8991805229069436,0.9293150480526698,0.43323322265718395,0.27976042056139044,10.01236560760429,0.3918885344274148,1.5485865433996073,0.7853325003313555,28.110121679061916,0.7212286820472146,0.7361167715167762,0.7661269075949975
0.465,0.9998875675615854,1.1612684481619202,0.6840542025557723,0.6991554028405016,6.325837274310179,0.3811127787348278,0.9784007958411297,0.9429227388926075,13.488785764156896,0.8404888569936495,0.8976008891713568,0.9278760678386291,0.43639908311815556,0.2817873109815345,10.012986148613148,0.39193573314846586,1.5486825208632364,0.7880691212650996,28.10818486045039,0.7237396584521205,0.738507903036946,0.7684829545718345
0.4675,0.9998868008409935,1.1627252856033554,0.6817128595344626,0.6968743715803112,6.32482060691099,0.38125497107299156,0.9782435505391501,0.9416203923404055,13.490014356019167,0.8388696779332361,0.8960151466494543,0.9264279328776635,0.4395601930976921,0.2838109640945041,10.01360382648129,0.3919838300722494,1.548778055492339,0.7907484192204525,28.1047511477821,0.7262363158152874,0.7408817669093093,0.7708185495708724
0.47000000000000003,0.9998860316001323,1.1641843861094805,0.6793741132620711,0.6945952284401722,6.323804243349452,0.3813970867600653,0.9780863522309498,0.9403042483887265,13.491073529040404,0.8372475538160143,0.8944233566612688,0.9249707110885178,0.4427164413790511,0.2858313059541707,10.014218798025643,0.3920328145625892,1.5488731715413808,0.7933703475994075,28.09983274124421,0.7287187103046768,0.743238444924273,0.7731338392794331
0.47250000000000003,0.9998852598276078,1.1656456943806626,0.677038051837846,0.6923180604561984,6.322788222810035,0.3815391050716857,0.9779292069770886,0.9389744604353457,13.491964073565654,0.8356225470121783,0.8928255804717953,0.923504470568748,0.4458677185669422,0.2878482635931877,10.01483122296208,0.392082676501552,1.5489678937132008,0.7959348707944273,28.093441918346947,0.7311868980838282,0.745578019080117,0.775428970150175
0.47500000000000003,0.9998844855120315,1.1671091556771134,0.6747047623497384,0.6900429537268159,6.321772584616485,0.3816810053270649,0.9777721208596679,0.937631181589301,13.492686782044698,0.8339947195603938,0.8912218793003208,0.9220292795858707,0.4490139170524016,0.28986176500211835,10.015441263743556,0.3921334062791062,1.549062247133975,0.7984419642218485,28.08559103698497,0.7336409352977733,0.7479005715324385,0.777704088264364
0.47750000000000004,0.9998837086420223,1.168574715822092,0.6723743308919484,0.6877699934282495,6.320757368248212,0.3818227668926152,0.9776150999848656,0.9362745646434871,13.493242448659082,0.8323641331763298,0.8896123143295182,0.9205452065690742,0.4521549309772548,0.2918717391086118,10.016049085395816,0.3921849947816688,1.549156257327806,0.8008916143612155,28.076292538605472,0.7360808780626841,0.7502061845453147,0.7799593391996724
0.48,0.9998829292062037,1.1700423212049207,0.6700468425822174,0.6854992638297855,6.319742613356715,0.38196436918542925,0.9774581504854759,0.934904762047264,13.493631868945785,0.8307308492611559,0.887996946714299,0.9190523201014779,0.4552906561981692,0.29387811575662653,10.016654855350877,0.39223743337958283,1.5492499501909682,0.8032838187999572,28.065558951462663,0.7385067824603954,0.7524949404441672,0.7821948679026627
0.4825,0.9998821471932045,1.1715119187837943,0.6677223815788544,0.6832308483088037,6.318728359782003,0.38210579167661063,0.9773012785234492,0.9335219258790954,13.493855839417735,0.8290949289100787,0.8863758375904289,0.9175506889129229,0.4584209902503052,0.29588082568569646,10.017258743278656,0.3922907139135729,1.5493433519658664,0.8056185862827917,28.053402893937953,0.7409187045337399,0.7547669215703184,0.7844108185660918
0.485,0.9998813625916576,1.1729834560883539,0.6654010310974972,0.6809648293655729,6.31771464756903,0.38224701389445664,0.9771444902924342,0.9321262078192145,13.493915157181206,0.8274564329208486,0.8847490480829011,0.9160403818732825,0.46154583231056856,0.2978798005102386,10.0178609209169,0.3923448286802241,1.5494364892147312,0.8078959367652419,28.03983707790551,0.7433167002776592,0.7570222102372274,0.7866073345111773
0.4875,0.9998805753901986,1.1744568812219909,0.6630828734275943,0.6787012886378068,6.316701516984104,0.3823880154274878,0.9769877920203164,0.9307177591223339,13.493810619550267,0.8258154218022055,0.8831166393140761,0.9145214679862824,0.46466508316047855,0.2998749726989005,10.018461561899809,0.3923997704165329,1.5495293887931125,0.8101159014706073,28.024874312122538,0.7457008256268471,0.7592608886883773,0.7887845580749385
0.49,0.9998797855774666,1.175932142863848,0.660767989948617,0.6764403069149787,6.315689008531288,0.38252877592732637,0.9768311899717538,0.9292967305904125,13.493543023658566,0.8241719557822421,0.8814786724115874,0.9129940163838224,0.46777864514865913,0.3018662755539457,10.019060841585606,0.3924555322835795,1.5496220778232108,0.8122785229497358,28.008527505623743,0.7480711364438218,0.7614830390567989,0.7909426305027247
0.4925,0.9998789931421017,1.1774091902704826,0.6584564611459895,0.6741819641523922,6.314677162968779,0.3826692751114215,0.9766746904507105,0.9278632725454928,13.493113166068554,0.8225260948166734,0.8798352085160238,0.9114580963207956,0.470886422152966,0.30385364319067504,10.019658936883364,0.39251210784937,1.549714583667092,0.8143838551429197,27.9908096710997,0.7504276885098276,0.7636887433262001,0.7930816918460276
0.495,0.999878198072746,1.1788879732771589,0.656148366626745,0.6719263394850123,6.313666021325227,0.38280949276562254,0.9765182998029813,0.9264175348026346,13.49252184237849,0.8208778985969898,0.8781863087883954,0.9099137771704059,0.4739883195422623,0.30583701051688433,10.020256026079348,0.39256949107090167,1.549806933899829,0.8164319634432288,27.97173392823867,0.7527705375242361,0.7658780832936735,0.7952018808656612
0.4975,0.9998774003580424,1.1803684422987437,0.6538437851349063,0.6696735112410589,6.312655624916026,0.38294940874660066,0.9763620244187105,0.9249596666429687,13.491769846827601,0.8192274265584928,0.8765320344173959,0.9083611284199852,0.4770842441378546,0.30781631321235253,10.020852288663272,0.3926276762754995,1.549899156282629,0.8184229247605802,27.951313507011957,0.7550997391126727,0.7680511405339446,0.7973033349403743
0.5,0.9998765999866328,1.181850548330202,0.6515427945665991,0.6674235569553657,6.311646015359548,0.3830890029841226,0.9762058707349035,0.9234898167868978,13.49085797189966,0.8175747378882277,0.8748724466264745,0.9068002196673183,0.4801741041746013,0.30979148770836096,10.021447905154623,0.3926866581414795,1.5499912787359713,0.8203568275858371,27.92956175088252,0.7574153488145928,0.7702079963651303,0.799386189980957
0.5025000000000001,0.9998757969471594,1.1833342429466789,0.6492454719849001,0.6651765533825142,6.3106372345933055,0.3832282554831766,0.9760498452379264,0.9220081333674788,13.489787007925457,0.8159198915328519,0.8732076066807383,0.9052311206174863,0.4832578092617043,0.31176247116723693,10.0220430569295,0.39274643167819084,1.5500833293128253,0.8222337720542152,27.906492119917505,0.7597174220517422,0.7723487318159561,0.8014505803498719
0.505,0.9998749912282636,1.1848194783031982,0.6469518936344281,0.6629325765097466,6.309629324890055,0.3833671463259586,0.9758939544659962,0.9205147639040265,13.488557742684678,0.8142629462064535,0.8715375758936997,0.9036539010802397,0.48633527034319285,0.31372920146191874,10.022637926048096,0.3928069922054895,1.550175336171968,0.824053870007277,27.8821181937848,0.7620060141049293,0.7744734275943953,0.8034966387864404
0.5075000000000001,0.9998741828185838,1.1863062071340034,0.6446621349556872,0.6606917015696682,6.3086223288738195,0.3835056556737198,0.9757382050116601,0.9190098552759735,13.487170961007603,0.8126039603983279,0.8698624156338953,0.9020686309679241,0.4894063996581095,0.31569161715553495,10.023232695083214,0.3928683353327014,1.5502673275514594,0.8258172450527772,27.85645367461453,0.7642811800996515,0.7765821640576739,0.8055244963375873
0.51,0.9998733717067579,1.1877943827515944,0.6423762705991718,0.6584540030527483,6.30761628953584,0.3836437637684845,0.9755826035242611,0.9174935536970326,13.485627444377295,0.8109429923807188,0.8681821873313954,0.90047538029397,0.49247111070040445,0.317649657480991,10.02382754695004,0.39293045693712947,1.5503593317423152,0.8275240326216212,27.829512389706487,0.7665429749954211,0.7786750211835909,0.8075342822941333
0.5125,0.9998725578814209,1.1892839590455322,0.6400943744392383,0.6562195547196292,6.306611250250418,0.38378145093464433,0.9754271567123897,0.9159660046897086,13.483927970532756,0.8092801002165207,0.8664969524842362,0.8988742191719796,0.49552931817854334,0.3196032623205563,10.024422664737374,0.3929933531421626,1.5504513770624047,0.8291906126338483,27.801852555777774,0.7687914535763452,0.7807520785430927,0.8095261241326146
0.515,0.9998717413312039,1.1907748904810884,0.6378165195877591,0.6539884296132521,6.305607254790686,0.3839186975804359,0.9752718713463224,0.9144273530602054,13.48207331307384,0.8076153417669554,0.8648067726647934,0.8972652178154242,0.498580937974837,0.321552372185442,10.025018231540692,0.3930570202950439,1.550543491830628,0.8308634962681652,27.775032903069334,0.7710266704449782,0.7828134152740446,0.8115001474625793
0.5175,0.9998709220447366,1.1922671320978389,0.6355427784075627,0.6517607000708104,6.304604347344259,0.3840554841993126,0.975116754260443,0.9128777428737774,13.480064241068398,0.8059487746992238,0.863111709526135,0.8956484465379891,0.5016258871044953,0.3234969281953626,10.02561443029715,0.39312145494435907,1.5506357043413999,0.8324872727439504,27.747196610418513,0.7732486800332432,0.7848591100561298,0.8134564759793076
0.52,0.9998701000106436,1.1937606395082987,0.6332732225256745,0.6495364377355408,6.3036025725287965,0.384191791371219,0.9749618123556484,0.9113173174305776,13.477901518662533,0.8042804564941525,0.8614118248083709,0.8940239757545827,0.5046640836744132,0.3254368720580707,10.026211443622845,0.3931866538173029,1.5507280428394767,0.834062112684742,27.718355829191154,0.7754575365827273,0.786889241086816,0.8153952314218801
0.5225,0.9998692752175463,1.1952553688967091,0.6310079228463605,0.6473157135683574,6.302601975407434,0.38432759976377745,0.9748070526017367,0.9097462192420477,13.475585904694494,0.8026104444538573,0.8597071803450362,0.892391875983046,0.5076954468416971,0.3273721460488608,10.026809453652547,0.39325261379678544,1.5508205354951694,0.8355881979036639,27.688522864964792,0.777653294101038,0.7889038860583144,0.8173165335364978
0.525,0.9998684476540627,1.1967512770180628,0.628746949563986,0.6450985978593416,6.301602601504096,0.3844628901333991,0.9746524820397751,0.9081645900079071,13.473118152313072,0.8009387957094597,0.8579978380695348,0.8907522178465831,0.5107198967719395,0.3293026929900315,10.027408641882113,0.3933193318984378,1.5509132103799703,0.8370657214362814,27.657710178519636,0.7798360063362052,0.790903122135467,0.8192205000449543
0.5275,0.9998676173088058,1.1982483211974753,0.6264903721756937,0.6428851602390894,6.300604496818678,0.3845976433263289,0.9744981077844472,0.9065725705937832,13.470499008601088,0.7992655672287858,0.8562838600216662,0.8891050720769459,0.513737354597257,0.3312284562303056,10.028009189013831,0.3933868052475774,1.5510060954426323,0.838494887561624,27.62593038644237,0.7820057267595055,0.7928870259344943,0.8211072466181373
0.53,0.9998667841703844,1.199746459329958,0.6242382594939074,0.640675469689925,6.299607707842087,0.38473184027963636,0.9743439370263813,0.9049703010095325,13.467729214204773,0.7975908158240168,0.8545653083542677,0.8874505095183924,0.516747742374107,0.3331493796242019,10.028611274804911,0.39345503105619256,1.551099218485735,0.8398759118106942,27.593196261329403,0.7841625085507459,0.7948556735025278,0.8229768868544222
0.5325,0.9998659482274032,1.2012456498806632,0.6219906796586655,0.6384695945569853,6.298612281571138,0.38486546202216343,0.9741899770344523,0.9033579203882997,13.464809502969732,0.7959145981594082,0.8528422453399959,0.8857886011324501,0.5197509830409048,0.33506540751136127,10.029215077919352,0.39352400660000475,1.5511926071427748,0.8415540057770468,27.57082305469915,0.7863064045826192,0.7968091402978692,0.8248295322628146
0.535,0.9998651094684617,1.202745851885617,0.6197477001497885,0.6362676025591798,6.297618265523281,0.38499848967544026,0.9740362351580604,0.9017355669663554,13.46174060158413,0.7942369707590782,0.8511147333782684,0.8841194180035029,0.5227470003754671,0.33697648469582825,10.029820775783397,0.393593729195665,1.5512862888558074,0.8438124569997615,27.56797704548285,0.7884374674032678,0.7987475011709053,0.8266652922506782
0.5375,0.9998642678821547,1.2042470249529447,0.6175093877988824,0.6340695608000264,6.296625707751158,0.3851309044545799,0.9738827188293828,0.9001033780637598,13.458523229229906,0.7925579900148506,0.849382835002395,0.8824430313452292,0.525735718952312,0.3388825564252929,10.030428544444845,0.39366419617813986,1.5513802908536871,0.8460185732035678,27.563881216867944,0.7905557492176232,0.8006708303456178,0.8284842741158736
0.54,0.9998634234570728,1.2057491292645635,0.6152758088011836,0.6318755357783705,6.295634656856996,0.3852626876691631,0.9737294355655998,0.8984614900658815,13.455158097242492,0.79087771219415,0.847646612886912,0.880759512507904,0.528717064099851,0.34078356837030294,10.031038558436396,0.39373540487833963,1.5514746401309334,0.8481723061202341,27.55854318684779,0.7926613018682798,0.802579201401625,0.8302865830431266
0.5425,0.9998625761818002,1.2072521255782676,0.613047028727244,0.6296855933989863,6.29464516200679,0.38539382072412265,0.9735763929710877,0.8968100384058183,13.451645908779858,0.7891961934479532,0.8459061298551456,0.8790689329865934,0.5316909618575132,0.3426794666034537,10.031650990643307,0.3938073526010384,1.5515693634272585,0.85027362219595,27.551970868340124,0.794754176817928,0.8044726872566974,0.8320723221044283
0.545,0.9998617260449165,1.2087559752301265,0.610823112534462,0.6274997989830662,6.2936572729443006,0.3855242851206378,0.9734235987395844,0.8951491575477478,13.447987358501333,0.7875134898187875,0.8441614488870182,0.8773713644302488,0.5346573389328438,0.3445701975785722,10.032266012175533,0.393880036603134,1.551664487207795,0.8523225027581003,27.544172472085172,0.796834425142359,0.8063513601496913,0.8338415922632576
0.5475,0.9998608730349959,1.2102606401370726,0.6086041245784615,0.6253182172785977,6.2926710400048425,0.38565406245704864,0.9732710606563224,0.8934789809712388,13.444183132256875,0.7858296572487882,0.8424126331271155,0.8756668786517235,0.5376161226586252,0.3464557081099059,10.032883792244643,0.39395345407229265,1.5517600376440552,0.8543189441666922,27.535156509062183,0.7989020975272876,0.8082152916238416,0.8355944923824096
0.55,0.9998600171406068,1.2117660827995422,0.6063901286243226,0.623140912470636,6.2916865141288705,0.3857831344297987,0.9731187866001292,0.8917996411565536,13.440233906787226,0.7841447515878152,0.8406597458930305,0.8739555476387214,0.5405672409500674,0.3483359453513348,10.033504498045646,0.3940276021060191,1.5518560405956567,0.8562629579496234,27.52493179240813,0.8009572442346761,0.810064552510361,0.8373311192352035
0.5525,0.999859158350312,1.2132722663040065,0.6041811878576695,0.6209679481914727,6.290703746875332,0.385911482834415,0.9729667845454931,0.8901112695709691,13.436140349435568,0.7824588286016376,0.8389028506839978,0.87223744356569,0.5435106222621167,0.3502108567756209,10.034128294644026,0.3941024776911931,1.5519525215928482,0.8581545709209801,27.513507438823222,0.8029999150737168,0.8118992129122861,0.8390515675198211
0.555,0.9998582966526673,1.2147791543252406,0.60197736489562,0.6187993875307088,6.28972279043481,0.386039089566534,0.9728150625645959,0.8884139966561331,13.431903117870986,0.7807719439801855,0.8371420111898314,0.8705126388066712,0.5464461955469337,0.35208039015371256,10.034755344868097,0.39417807768410723,1.552049505819862,0.8599938252816168,27.500892869449327,0.805030159387281,0.8137193421885198,0.8407559298765381
0.5575,0.9998574320362232,1.216286711128155,0.5997787217976058,0.6166352930452376,6.288743697642439,0.38616593662298193,0.9726636288293102,0.886707951816485,13.427522859824299,0.7790841533458722,0.8353772913001771,0.8687812059491131,0.5493738902115854,0.3539444935341171,10.035385809206941,0.39425439879104146,1.5521470180991266,0.8617807787012868,27.487097810208454,0.8070480260328157,0.8155250089380062,0.8424442969075836
0.56,0.9998565644895225,1.2177949015690412,0.5975853200760712,0.6144757267691452,6.287766521990604,0.38629200610291736,0.9725124916131642,0.8849932634087492,13.423000212836474,0.7773955122619939,0.8336087551140922,0.8670432178086563,0.5522936360759969,0.3558031152223578,10.036019845714042,0.39433143754940764,1.5522450828763632,0.8635155043816531,27.472132291590196,0.8090535633540064,0.81731628098398,0.8441167571993591
0.5625,0.9998556940011024,1.2193036910960846,0.5953972207070583,0.6123207502235383,6.2867913176413985,0.3864172802090435,0.9723616592932679,0.8832700587325278,13.418335804020122,0.775706076241208,0.8318364669499632,0.8652987474448969,0.5552053633312045,0.3576562037605245,10.036657609916817,0.394409190309494,1.5523437242065927,0.8651980910995398,27.456006647878116,0.8110468191536915,0.8190932253582268,0.8457733973467452
0.5650000000000001,0.9998548205594918,1.2208130457490365,0.593214484140693,0.6101704244263085,6.285818139438882,0.38654174124889973,0.9722111403522095,0.881538464021997,13.413530249834213,0.7740159007541015,0.8300604913557712,0.8635478681781317,0.5581090024979465,0.35950370790693065,10.037299254732133,0.3944876532168398,1.5524429657410694,0.8668286432298429,27.438731515806925,0.8130278406712159,0.8208559082852913,0.8474143019792133
0.5675,0.9998539441532122,1.2223229321579567,0.591037170311581,0.6080248099018462,6.284847042921096,0.38666537163623926,0.9720609433799132,0.8797986044387255,13.40858415587236,0.772325041237852,0.8282808931197159,0.8617906536070947,0.5610044843856226,0.36134557661588146,10.03794493038795,0.39456682219527106,1.552542830715161,0.8684072807475679,27.42031783264378,0.8149966745615023,0.8226043951665585,0.8490395537884584
0.5700000000000001,0.9998530647707783,1.2238333175409866,0.5888653386491276,0.6058839666907121,6.28387808433189,0.3867881538925025,0.9719110770754691,0.8780506040656179,13.403498116664853,0.7706335531050007,0.8264977372812056,0.8600271776276773,0.5638917400516489,0.3631817590175585,10.038594784351167,0.3946466929306233,1.5526433419371892,0.8699341392085191,27.400776833688674,0.8169533668743174,0.8243387505641462,0.8506492335572605
0.5725,0.9998521824006954,1.2253441697011422,0.5866990480877942,0.6037479543592843,6.282911320632501,0.38691007064839367,0.9717615502489233,0.876294585902004,13.398272715494715,0.7689414917523554,0.8247110891422283,0.8582575144526494,0.566770700761228,0.36501220439802384,10.039248961261697,0.39472726085518284,1.552744521778233,0.8714093697082255,27.380120049190793,0.8188979630339216,0.8260590381845312,0.8522434201892918
0.5750000000000001,0.9998512970314622,1.2268554570221817,0.5845383570773061,0.601616832009388,6.281946809512955,0.38703110464557133,0.9716123718230422,0.8745306718598672,13.392908524227874,0.7672489125700169,0.8229210142791086,0.8564817386323694,0.5696412979475513,0.36683686217934064,10.039907602872855,0.39480852113287174,1.5528463921629088,0.8728331388187458,27.358359300679332,0.8208305078199849,0.8277653208618411,0.853822190739579
0.5775,0.9998504086515679,1.2283671484636243,0.5823833235928226,0.5994906582879245,6.28098460940324,0.387151238738461,0.97146355083504,0.8727589827612319,13.38740610315772,0.7655558709504935,0.8211275785546642,0.8546999250764978,0.572503463172438,0.3686556818998104,10.040570847997962,0.39489046864520666,1.5529489745611122,0.8742056285030777,27.33550669670931,0.8227510453536713,0.8294576605407457,0.8553856204453468
0.58,0.9998495172494942,1.22987921355506,0.5802340051450846,0.5973694913965097,6.280024779484277,0.3872704558962,0.971315096438276,0.8709796383367112,13.381766000864175,0.7638624222979274,0.8193308481307708,0.852912149076706,0.5753571280874228,0.3704686131943199,10.041238832463216,0.3949730979780579,1.5530522899807275,0.8755270360069465,27.311574628024697,0.824659619088102,0.8311361182588798,0.856933782756968
0.5825,0.9998486228137137,1.231391622389921,0.5780904587905508,0.5952533891011332,6.279067379698709,0.3873887392047252,0.9711670179039226,0.8691927572252199,13.375988754087537,0.7621686220374939,0.8175308894813439,0.8511184863303889,0.5782022243952855,0.3722756057747943,10.04191168906666,0.395056403409235,1.553156358961283,0.8767975737278435,27.286575762143336,0.826556271788458,0.8328007541287441,0.858466749368765
0.585,0.9998477253326907,1.2329043456189186,0.575952741141531,0.5931424087418493,6.278112470761449,0.3875060718690132,0.9710193246225974,0.8673984569748687,13.370074887617188,0.7604745256249749,0.8157277694057554,0.8493190129653829,0.5810386838120257,0.37407660941074883,10.04258954754322,0.39514037889692566,1.5532612015685416,0.8780174690612504,27.260523037369957,0.8284410455149637,0.8344516273190306,0.8599845902494239
0.5875,0.999846824794881,1.234417354443384,0.5738209083763302,0.5910366072425083,6.277160114170043,0.3876224372154831,0.9708720261059662,0.8655968540450393,13.36402491419555,0.7587801885565086,0.8139215550426872,0.8475138055656888,0.5838664380292753,0.3758715739099346,10.043272534535566,0.3952250180690113,1.5533668373899965,0.8791869642240768,27.233429656245868,0.8303139816048157,0.8360887960353434,0.8614873736718017
0.59,0.9998459211887326,1.2359306206087584,0.5716950162494052,0.5889360411205343,6.276210372214827,0.38773781869457363,0.9707251319883131,0.8637880638096498,13.357839334437397,0.7570856663785142,0.8121123138844349,0.8457029411982037,0.5866854186771417,0.3776604490990717,10.043960773570712,0.39531031421328183,1.5534732855312487,0.8803063160554199,27.205309078446035,0.8321751206426437,0.83771231750028,0.8629751662419292
0.5925,0.9998450145026847,1.2374441163984844,0.5695751201015445,0.5868407664967569,6.275263307988844,0.3878521998835025,0.9705786520280749,0.8619722005616255,13.351518636764885,0.7553910146977935,0.8103001137916743,0.843886497440466,0.5894955572874823,0.3794431848046687,10.044654385042088,0.3953962602685709,1.5535805646132377,0.8813757957948404,27.176175013136138,0.8340245024270576,0.8393222479328707,0.8644480329270406
0.595,0.9998441047251686,1.2389578146285536,0.5674612748700697,0.5847508391052979,6.2743189853975405,0.3879655644892194,0.9704325961093409,0.8601493775185748,13.345063297358529,0.7536962891918221,0.8084850230086982,0.8420645524094134,0.5922967852575968,0.3812197308339254,10.04535348619683,0.39548284881682705,1.5536886927702727,0.8823956888384566,27.14604141080486,0.8358621659403324,0.8409186425273819,0.865906037082498
0.5975,0.9998431918446082,1.240471688642928,0.5653535350990636,0.5826663143035165,6.273377469168228,0.38807789635156026,0.9702869742433156,0.8583197068296806,13.338473780124488,0.7520015456192327,0.8066671101791253,0.8402371847911533,0.5950890338143474,0.38299003695572154,10.046058191128122,0.3955700720761386,1.553797687648849,0.883366294473215,27.114922454588143,0.8376881493196437,0.8425015554315033,0.8673492404774883
0.6,0.9998422758494193,1.241985712310039,0.5632519549496223,0.5805872470820097,6.272438824859285,0.38818917944661063,0.9701417965697433,0.8564832995838179,13.331750536678403,0.7503068398304951,0.8048464443620955,0.8384044738717484,0.5978722339786982,0.38475405288169673,10.046768610772181,0.3956579218947205,1.553907566407184,0.8842879255898309,27.082832551104893,0.8395024898279841,0.8440710397239637,0.8687777033194296
0.6025,0.9998413567280111,1.2434998600205118,0.5611565882101262,0.5785136920746695,6.271503118869076,0.38829939789028556,0.9699970733582861,0.8546402658188963,13.32489400634616,0.748612227778794,0.8030230950489492,0.8365664995690134,0.6006463165306904,0.38651172824743174,10.047484852909744,0.3957463897458751,1.5540183457154426,0.8851609083749357,27.049786320824968,0.841305223825469,0.8456271473916295,0.8701914842770377
0.605,0.9998404344687856,1.2450141066862104,0.5590674883065299,0.5764457035687882,6.2705704184446,0.38840853594212915,0.9698528150098624,0.8527907145324304,13.317904616181734,0.7469177655311021,0.8011971321803928,0.8347233424653152,0.603411211974861,0.3882630125937423,10.048207022171697,0.3958354667239303,1.5541300417566128,0.8859855819830803,27.015798587992577,0.8430963867423165,0.8471699293061576,0.8715906405020283
0.6075,0.9998395090601377,1.2465284277406459,0.5569847083126597,0.5743833355152093,6.269640791689796,0.3885165780093373,0.9697090320579315,0.8509347536933396,13.31078278100249,0.7452235092794453,0.7993686261641468,0.8328750838413725,0.6061668505061246,0.39000785534810595,10.048935220048579,0.39592514354115793,1.5542426702279717,0.8867622981893154,26.980884370129704,0.8448760130540295,0.8486994352002905,0.8729752276494854
0.61,0.9998385804904565,1.2480427991407095,0.5549083009605155,0.5723266415385162,6.268714307573558,0.3886235086510041,0.9695657351697325,0.8490724902549637,13.303528903442025,0.7435295153523517,0.797537647893069,0.8310218057110363,0.6089131619761501,0.39174620580624164,10.049669544903736,0.396015410525674,1.5543562463431226,0.8874914210231319,26.9450588671456,0.8466441362585477,0.8502157136438816,0.8743452998969147
0.6125,0.9998376487481242,1.2495571973696322,0.5528383186505645,0.5702756749472504,6.267791035937356,0.38872931258258914,0.9694229351474641,0.8472040301692936,13.296143374020723,0.7418358402264809,0.7957042687637464,0.8291635908570395,0.6116500758602557,0.39347801311387004,10.050410091989832,0.3961062576203157,1.5544707848345467,0.8881733263846219,26.908337450079753,0.8484007888541334,0.8517188120197655,0.8757009099620532
0.615,0.9998367138215174,1.2510715994409967,0.5507748134620238,0.568230488744152,6.266871047502509,0.388833974680601,0.9692806429294087,0.8453294784023878,13.288626571234017,0.7401425405384185,0.7938685606955325,0.8273005228676877,0.6143775212248707,0.3952032262486821,10.051156953468556,0.39619767438249254,1.554586299956653,0.8895300606444557,26.89255307180026,0.8501460023161225,0.853208776499562,0.8770421091194961
0.6175,0.9998357756990063,1.2525859829035688,0.5487178371631167,0.5661911356364137,6.265954413877065,0.3889374799874883,0.9691388695909969,0.8434489389509605,13.280978861658417,0.7384496730966309,0.7920305961500174,0.8254326861744674,0.6170954266956034,0.39692179400255123,10.051910218433253,0.3962896499850033,1.5547028054892775,0.8911504903565542,26.885168927798752,0.8518798070715263,0.8546856520195384,0.878368947216234
0.62,0.9998348343689556,1.2541003258466594,0.5466674412213011,0.5641576680459397,6.2650412075622635,0.3890398137167275,0.9689976263458067,0.8415625148601089,13.273200600074995,0.7367572948935623,0.7901904481509064,0.8235601660905377,0.6198037204259674,0.3986336649640214,10.052669972934414,0.39638217321781194,1.5548203147416255,0.8927386689081741,26.877221875465498,0.8536022324725396,0.8561494822566204,0.8796814726861734
0.6225,0.9998338898197235,1.2556146069056802,0.5446236768134578,0.5621301381196033,6.264131501958585,0.38914096125809344,0.9688569245464994,0.8396703082421443,13.265292129610323,0.7350654631178684,0.7883481903042735,0.8216830488500664,0.6225023300668185,0.40033878750111024,10.05343630000777,0.39647523249076855,1.5549388405566176,0.8942780468986516,26.86821757721426,0.8553133067726045,0.8576003096046546,0.8809797325637395
0.625,0.9998329420396628,1.257128805267534,0.5425865948360363,0.5601085977394947,6.263225371371377,0.3892409081830949,0.9687167756856899,0.837772420296487,13.257253781894315,0.7333742351667905,0.7865038968191642,0.8198014216483692,0.6251911827365557,0.40203710974446044,10.054209279704962,0.39656881583726544,1.5550583953156332,0.8957688325429901,26.85816814604952,0.8570130571094016,0.8590381751510112,0.8822637724966295
0.6275000000000001,0.9998319910171196,1.2586429006754722,0.5405562459151518,0.558093098533154,6.262322891016047,0.38933964025055684,0.9685771913967498,0.8358689513305803,13.24908587723479,0.731683668658739,0.7846576425285092,0.8179153726828025,0.6278702049921447,0.40372857957087854,10.05498898912666,0.3966629109188113,1.555178990943632,0.8972112498971219,26.847086001742618,0.8587015094838324,0.8604631186536015,0.8835336367577916
0.63,0.9998310367404343,1.2601568734330588,0.5385326804166298,0.5560836918837856,6.261424137022831,0.389437143412327,0.9684381834545445,0.8339600007817739,13.24078872480815,0.7299938214458437,0.7828095029103151,0.8160249911943628,0.6305393228010084,0.40541314458729194,10.055775502458024,0.39675750503050394,1.5553006389146402,0.8986055384549362,26.834983857645707,0.8603786887248275,0.861875178518377,0.8847893682566845
0.6325000000000001,0.99983007919794,1.261670704406917,0.5365159484560001,0.5540804289404484,6.260529186441146,0.3895334038190858,0.9682997637761068,0.8320456672401247,13.23236262286572,0.728304751626477,0.7809595541090875,0.8141303675099402,0.6331984615138372,0.40709075211515494,10.056568891006485,0.39685258510738075,1.555423350257592,0.8999519527260177,26.82187470713479,0.862044618457788,0.8632743917773588,0.886031008549855
0.635,0.9998291183779636,1.2631843750279874,0.5345060999084371,0.5520833606282229,6.2596381172435365,0.38962840782623526,0.9681619444212475,0.8301260484720637,13.223807858955235,0.7266165175579452,0.7791078729574566,0.8122315930851682,0.6358475458383532,0.40876134917532936,10.057369223241734,0.3969481377316188,1.5555471355625168,0.9012507617950476,26.807771809710694,0.8636993210798947,0.8646607940672334,0.8872585978508613
0.6375000000000001,0.9998281542688252,1.2646978672910953,0.5325031844186511,0.5500925376583503,6.258751008329247,0.3897221419998462,0.9680247375931074,0.8282012414448743,13.215124710156871,0.7249291778692502,0.7772545369979553,0.8103287605478208,0.6384864998140615,0.41042488247345893,10.058176564837847,0.3970441491405524,1.555672004987053,0.9025022488638109,26.79268867678625,0.8653428177340654,0.8660344196085428,0.888472175039549
0.64,0.9998271868588371,1.266211163752724,0.5305072514107323,0.5481080105383469,6.257867939527429,0.38981459312264216,0.9678881556386537,0.8262713423519316,13.206313443333329,0.7232427914738956,0.7753996245049208,0.8084219637417025,0.6411152467880012,0.4120812983858511,10.05899097871745,0.3971406052354705,1.5557979682632794,0.903706710776763,26.776639057187882,0.8669751282802506,0.8673953011854728,0.8896717776706752
0.6425,0.9998262161363042,1.2677242475269839,0.528518350097953,0.546129829582092,6.256988991600039,0.38990574820000234,0.9677522110491282,0.8243364466386525,13.19737431539345,0.7215574175827244,0.7735432145064777,0.8065112977709777,0.6437337093915101,0.41373054294587114,10.059812525097835,0.3972374915911475,1.5559250347048479,0.904864457531102,26.759636922399498,0.8685962712675591,0.8687434701262414,0.8908574419818527
0.645,0.9998252420895242,1.2692371022798858,0.5265365294925314,0.5441580449198924,6.2561142462444215,0.3899955944659689,0.9676169164604466,0.8223966490291116,13.188307573568876,0.7198731157167857,0.7716853868065704,0.8045968590448939,0.646341809517985,0.41537256183084753,10.060641261538873,0.39733479346605893,1.5560532132143945,0.9059758117723061,26.74169645157593,0.8702062639093886,0.8700789562840755,0.8920292029007962
0.6475,0.9998242647067856,1.2707497122221412,0.5245618384153631,0.5421927065085215,6.255243786095664,0.39008411938924964,0.9674822846535629,0.8204520435532782,13.179113455703407,0.7181899457202231,0.7698262220070138,0.8026787453228494,0.6489394683016243,0.41700730034948097,10.061477242992524,0.39743249581321927,1.5561825122911952,0.9070411082760912,26.722832016353557,0.871805122061863,0.8714017880187555,0.8931870940518265
0.65,0.9998232839763702,1.272262062100814,0.522594325505723,0.5402338641412361,6.254377694728703,0.39017131067920907,0.9673483285547952,0.8185027235748402,13.169792190554693,0.7165079677731775,0.7679658015295323,0.8007570557597647,0.6515266060971157,0.41863470342973946,10.062320521853827,0.39753058329158064,1.556312940039055,0.9080606934177442,26.703058165484805,0.8733928602054123,0.8727119921786991,0.8943311477615892
0.6525,0.9998222998865505,1.273774137190267,0.5206340392309423,0.5382815674577691,6.253516056660247,0.39025715629184976,0.9672150612361229,0.8165487818195762,13.160343998107898,0.7148272424046993,0.7661042076377617,0.7988318909517145,0.6541031424602252,0.42025471560722055,10.063171148013103,0.39762904027791823,1.5564445041743795,0.9090349246297986,26.682389609323454,0.8749694914293595,0.874009594083554,0.8954613950639517
0.655,0.9998213124255907,1.2752859232829077,0.5186810278960595,0.5363358659542942,6.252658957350556,0.3903416444357898,0.9670824959154624,0.8145903104042441,13.150769089901296,0.7131478305056574,0.7642415234591842,0.7969033529817746,0.6566689961292385,0.4218672810139551,10.064029168909173,0.3977278508791282,1.5565772120344081,0.9099641698490148,26.660841204187104,0.8765350274193641,0.8752946175072593,0.8965778657040302
0.6575,0.9998203215817466,1.276797406680325,0.5167353396534433,0.5343968089933607,6.2518064832050415,0.3904247635782469,0.9669506459569133,0.8126274008659634,13.141067669363396,0.7114697933416418,0.7623778330069835,0.7949715454660591,0.6592240850071927,0.42347234336762724,10.064894629583295,0.3978269989448578,1.5567110705855551,0.9108488069536367,26.638427936622833,0.8780894784471875,0.8765670846615422,0.8976805881413168
0.66,0.9998193273432656,1.2783085741854234,0.514797022512386,0.5324644458137899,6.250958721575783,0.390506502451047,0.966819524870995,0.8106601441920496,13.13123993216161,0.7097931925658473,0.7605132212017763,0.7930365735998821,0.6617683261448515,0.4250698459611833,10.065767572733645,0.39792646808038773,1.556846086431836,0.9116892231918886,26.6151649076018,0.8796328533617247,0.8778270161798085,0.8987695895518703
0.6625,0.9998183296983865,1.2798194130961869,0.5128661243486523,0.530538825540522,6.250115760762879,0.39058685005667554,0.9666891463148538,0.8086886308502836,13.121286066562194,0.7081180902319291,0.7586477738932137,0.7910985442040236,0.6643016357243681,0.42665973165281,10.066648038770056,0.39802624165968675,1.5569822658233348,0.9124858146026802,26.591067316667615,0.8811651595812027,0.8790744311013907,0.8998448958295496
0.665,0.9998173286353383,1.281329911201656,0.510942692913974,0.5286199971943996,6.249277690015685,0.390665795674396,0.9665595240924556,0.8067129508195754,13.111206253801313,0.7064445488068145,0.7567815778814067,0.7891575657710278,0.6668239290435982,0.4282419428562654,10.067536065868772,0.39812630283856226,1.5571196146646717,0.9132389854294873,26.566150446063155,0.88268640308778,0.8803093468561277,0.9009065315862835
0.6675,0.9998163241423422,1.2828400567806733,0.5090267758454697,0.5267080097018703,6.248444599533888,0.39074332886645957,0.9664306721547512,0.8047331936209837,13.101000668466968,0.7047726311834569,0.7549147209381452,0.7872137485114881,0.6693351205010432,0.42981642153155697,10.068431690027063,0.39822663456783663,1.557258138523451,0.9139491475283593,26.54042964485922,0.8841965884198206,0.88153177924925,0.9019545201513752
0.67,0.9998153162076099,1.284349838603827,0.5071184206749656,0.5248029119045827,6.247616580468401,0.3908194394844303,0.9663026045998151,0.8027494483490485,13.090669478891447,0.7031024006935089,0.7530472918278668,0.7852672044002416,0.6718351235814204,0.4313831091759763,10.069334945117497,0.3983272196064873,1.557397842638654,0.9146167197710158,26.51392031310813,0.8856957186524718,0.8827417424465638,0.9029888835698612
0.6725,0.9998143048193434,1.2858592459389455,0.5052176748381856,0.5229047525688508,6.246793724921979,0.3908941176756475,0.966175335672941,0.8007618037033879,13.080212847553918,0.7014339211198789,0.7511793803283273,0.7833180472224005,0.6743238508418885,0.4329419468155121,10.07024586294173,0.3984280405347,1.5575387319289613,0.9152421274439773,26.486637886044182,0.8871837953699503,0.8839392489599418,0.9040096425999682
0.675,0.9998132899657353,1.2873682685603298,0.5033245856837765,0.5210135803949505,6.245976125949563,0.39096735388984566,0.9660488797666946,0.7987703480204889,13.069630931492524,0.6997672567091191,0.7493110772509017,0.7813663926191217,0.6768012138989834,0.434492874996683,10.071164473283767,0.3985290797667965,1.5576808110009865,0.9158258016446758,26.458597818352317,0.8886608186422278,0.8851243096331505,0.905016816709731
0.6775,0.9998122716349668,1.2888768967617659,0.5014392004821255,0.5191294440262116,6.245163877558232,0.39103913888594416,0.9659232514209061,0.7967751693056229,13.058923882725386,0.698102472183608,0.7474424744604569,0.7794123581330048,0.6792671234163555,0.4360358337788515,10.072090803962581,0.3986303195640145,1.5578240841574182,0.9163681786755052,26.42981556852577,0.8901267870077135,0.8862969336280708,0.9060104240728649
0.68,0.9998112498152095,1.2903851213732125,0.4995615664339213,0.5172523920578639,6.244357074706653,0.39110946373901606,0.9657984653225855,0.7947763552648105,13.048091848679649,0.6964396327534951,0.7455736648947052,0.7774560632530065,0.6817214890934331,0.437570762727101,10.073024880884129,0.3987317420471299,1.5579685554050633,0.916869699436763,26.40030658333272,0.8915816974592687,0.8874571284114037,0.9069904815640247
0.6825,0.9998102244946216,1.2918929337808762,0.4976917306784088,0.5153824730455846,6.243555813304005,0.39117831984743584,0.9656745363057562,0.7927739933367314,13.037134972627673,0.6947788041283661,0.7437047425829485,0.7754976294587216,0.6841642196551703,0.4390976009057753,10.073966728092794,0.39883332920893083,1.558114228462804,0.9173308088194614,26.370086282412245,0.8930255454329279,0.8886048997419841,0.9079570047536183
0.685,0.999809195661349,1.2934003259502551,0.4958297403012784,0.5135197355137012,6.242760190208173,0.391245698940198,0.9655514793511752,0.7907681707244887,13.026053394129232,0.6931200525285662,0.7418358026641129,0.7735371802638917,0.6865952228430754,0.44061628687280613,10.074916367822318,0.3989350629265664,1.5582611067694754,0.9180586414661298,26.34797183780549,0.8944583247996591,0.889740251658871,0.9089100079023853
0.6875,0.9998081633035222,1.2949072904515788,0.4939756423421307,0.5116642279629885,6.2419703032232015,0.39131159308439284,0.9654293095859396,0.7887589744271136,13.014847249478716,0.6914634446961195,0.7399669414039577,0.77157484125897,0.689014405407737,0.44212675867496487,10.075873820546247,0.3990369249738048,1.5584091934916673,0.9193192166339161,26.341545340417476,0.8958800278603378,0.8908631864704324,0.9098495039560166
0.6900000000000001,0.9998071274092573,1.296413820486977,0.4921294838014531,0.5098159988780059,6.241186251095808,0.3913759946928148,0.9653080422829475,0.7867464912706976,13.003516672155966,0.689809047905166,0.7380982562113464,0.7696107401525714,0.6914216731031013,0.443628953844196,10.07683910502811,0.3991388970332537,1.558558491531486,0.9205310335977329,26.334095625300105,0.897290645343892,0.8919737047446679,0.9107755045401126
0.6925,0.999806087966651,1.2979199099186052,0.4902913116470427,0.5079750967339094,6.240408133510923,0.39143889653167474,0.9651876928602076,0.784730807939032,12.992061793279612,0.6881569299718517,0.7362298456534477,0.7676450068116225,0.6938169306827635,0.44512280939519633,10.077812238371338,0.39924096070859816,1.5587090035342752,0.9216944291359231,26.325637186327487,0.8986901664086228,0.8930718053010841,0.9116880199558599
0.6950000000000001,0.9998050449637823,1.2994255532969086,0.48846117281981033,0.5061415700026792,6.239636051086092,0.391500291728379,0.9650682768799741,0.7827120110036396,12.98048274206159,0.6865071592636077,0.7343618094697477,0.7656777733000231,0.6962000818985528,0.44660826182441765,10.078793236069053,0.399343097536921,1.5588607318963152,0.9228097509951869,26.31618467719521,0.9000785786469083,0.8941574852044561,0.9125870591768427
0.6975,0.9998039983887076,1.3009307458881945,0.48663911423890144,0.5043154671586993,6.23887010536468,0.39156017377933494,0.964949810047695,0.7806901869530737,12.968779646261615,0.6848598047077376,0.7324942485847397,0.7637091739156213,0.6985710295016964,0.44808524711066444,10.079782112053906,0.39944528900117376,1.5590136787725328,0.9238773572750753,26.30575289431754,0.9014558680938237,0.8952307397608548,0.9134726298474422
0.7000000000000001,0.9998029482294596,1.3024354837006789,0.48482518280606823,0.5024968366836243,6.2381103988077955,0.39161853655774004,0.9648323082107635,0.7786654222213684,12.956952632640474,0.6832149357992459,0.730627265119163,0.7617393452253046,0.700929675246836,0.44955370071746537,10.080778878747916,0.39954751654286197,1.55916784608421,0.9248976158072758,26.294356759714873,0.9028220192399049,0.8962915625163481,0.9143447382833413
0.7025,0.9998018944740454,1.3039397635082348,0.4830194254092334,0.5006857270704758,6.237357034784833,0.3916753743213103,0.9647157873570548,0.7766378032155342,12.945001827410982,0.6815726226078364,0.728760962399674,0.7597684260980163,0.703275919899168,0.4510135575973825,10.081783547112511,0.3996497615750026,1.5593232355267221,0.9258709035310307,26.282011303922,0.9041770150475303,0.897339945258803,0.9152033894746576
0.705,0.9998008371104434,1.3054435828711446,0.48122188892518897,0.4988821868269066,6.236610117562636,0.3917306817199037,0.9646002636132505,0.7746074163419853,12.932927356685674,0.6799329357840066,0.7268954449668217,0.7577965577354907,0.7056096632449468,0.45246475219841026,10.082796126698774,0.3997520054954074,1.55947984857731,0.9267976058661094,26.26873164894917,0.905520836968065,0.8983758780232145,0.9160485870922535
0.7075,0.9997997761266013,1.306946940153258,0.47943262022137517,0.4970862644775798,6.2358697522931905,0.3917844538029997,0.9644857532429347,0.7725743480318064,12.920729346920295,0.6782959465641697,0.7250308185812234,0.7558238837005323,0.7079308041055682,0.45390721847259996,10.083816625697944,0.39985422970032497,1.5596376865028914,0.9276781160847889,26.254532991329473,0.9068534649548661,0.8993993491009885,0.9168803334977766
0.71,0.9997987115104334,1.3084498345350968,0.47765166615669685,0.4952980085656099,6.2351360449998845,0.3918366860269987,0.9643722726444691,0.7705386847647725,12.908407925352455,0.6766617267747229,0.7231671902278378,0.7538505499426447,0.7102392403554099,0.4553408898870198,10.084845050992225,0.39995641559846556,1.559796750367919,0.928512834684348,26.23943058528759,0.9081748774731934,0.9004103450535851,0.9176986297579668
0.7125,0.9997976432498176,1.3099522660225766,0.47587907358133413,0.4935174676530233,6.234409102562294,0.3918873742623129,0.9642598383486396,0.7685005130920456,12.895963220434814,0.6750303488350066,0.7213046681182418,0.7518767048208435,0.712534868943565,0.4567656994371318,10.085881408205994,0.4000585446254109,1.5599570410423005,0.9293021687615661,26.223439726065617,0.9094850515134405,0.901408850730878,0.9185034756637271
0.715,0.9997965713325937,1.3114542354511871,0.47411488933551654,0.4917446903201954,6.233689032699567,0.39193651480022795,0.9641484670160865,0.7664599196574845,12.883395362262435,0.6734018857591081,0.7194433616908359,0.7499024991234855,0.7148175859195527,0.45818157966263995,10.086925701757362,0.4001605982583941,1.5601185592093738,0.9300465313907343,26.20657573344189,0.9107839626080727,0.902394849294547,0.9192948697544189
0.7175,0.9997954957465605,1.3129557444856166,0.4723591602472378,0.48997972516423716,6.232975943952406,0.391984104359525,0.9640381754345182,0.764416991217523,12.870704482994048,0.6717764111564821,0.7175833816089101,0.7479280860849677,0.7170872864630454,0.45958846266582587,10.087977934910233,0.4002625580314151,1.5602813053739584,0.9307463410066269,26.18885393547849,0.9120715848452108,0.9033683222467462,0.9200728093477609
0.72,0.999794416479474,1.3144567956149762,0.47061193312889377,0.4882226207963028,6.232269945663744,0.39203014009286,0.9639289805157215,0.7623718146595845,12.857890717267265,0.6701539992313513,0.7157248397565226,0.7459536213991593,0.7193438649175876,0.4609862801323527,10.089038109826934,0.400364405550637,1.5604452798704955,0.9314020207938252,26.17028965253184,0.9133478908788677,0.9043292494641985,0.9208372905756288
0.7225,0.9997933335190439,1.3159573921439203,0.4688732547728402,0.4864734258378082,6.231571147958156,0.39207461959291234,0.963820899292378,0.7603244770190137,12.84495420260777,0.6685347247808638,0.7138678492321533,0.7439792632294459,0.7215872148282336,0.4623749633544839,10.090106227621463,0.40046612250999375,1.5606104828712846,0.9320139980836947,26.150898181559214,0.9146128519442638,0.9052776092377879,0.9215883084259565
0.725,0.999792246852933,1.317457538180098,0.467143171945872,0.48473218891555175,6.230879661720101,0.39211754089832035,0.9637139489146985,0.7582750654945398,12.831895079833055,0.6669186631919812,0.7120125243401167,0.7420051722152848,0.7238172289829741,0.4637544432566234,10.091182288413588,0.4005676907069226,1.5607769143948496,0.9325827037601898,26.130694780751153,0.9158664378814875,0.9062133783176012,0.922325856790812
0.7275,0.999791156468754,1.318957238618488,0.46542173138263976,0.48299895865574294,6.230195598571098,0.3921589024994362,0.9636081466468931,0.756223667462284,12.818713493451076,0.6653058904370884,0.7101589805797268,0.7400315114751871,0.7260337994577643,0.4651246504230502,10.092266291383853,0.400669092058122,1.5609445743144477,0.9331085716755149,26.10969465451651,0.9171086171652832,0.9071365319632594,0.923049928520608
0.73,0.9997900623540686,1.3204564991232592,0.4637089797780236,0.4812737836769529,6.229519070845894,0.39219870334393775,0.9635035098634849,0.7541703704883655,12.805409592054827,0.663696483068339,0.7083073346322364,0.7380584466060618,0.7282368176649212,0.4664855151276865,10.093358234829731,0.4007703086152294,1.5611134623667533,0.9335920380765035,26.08791293884297,0.9183393569383138,0.9080470439992688,0.9237605154842616
0.7325,0.9997889644963851,1.32195532610787,0.4620049637784988,0.4795567125820119,6.2288501915677355,0.39223694284234706,0.9634000560454852,0.7521152623401706,12.791983528713741,0.662090518210682,0.7064577043455733,0.7360861456788766,0.7304261744046083,0.46783696736570685,10.09445811622316,0.4008713225803038,1.5612835781607577,0.9340335410423729,26.06536468705083,0.9195586230469052,0.9089448868749832,0.9244576086349753
0.735,0.9997878628831568,1.3234537267141575,0.4603097299725324,0.47784779394888505,6.228189074422835,0.392273620873508,0.9632978027764451,0.7500584309963683,12.778435461363301,0.6604880735535514,0.7046102087169277,0.7341147792306094,0.7326017599190849,0.46917893688677176,10.095565932269544,0.4009721163210009,1.5614549211868942,0.9344335199343259,26.042064855953043,0.9207663800791371,0.9098300317286805,0.9251411980811867
0.7375,0.9997867575017809,1.3249517087911857,0.4586233248800579,0.47614707632057096,6.227535833734088,0.3923087377900824,0.9631967677383889,0.7479999646557892,12.76476555319423,0.6588892273413176,0.7027649678732506,0.7321445202524856,0.7347634639493662,0.47051135322964327,10.096681678968615,0.4010726723853268,1.561627490826452,0.9347924148572214,26.01802829242859,0.9219625914056595,0.9107024484551138,0.9258112731620662
0.74,0.9997856483395973,1.32644928087459,0.4569457949410848,0.47445460819407254,6.226890584434107,0.39234229442412494,0.9630969687076455,0.7459399517452933,12.750973973043173,0.657294058362549,0.7009221030497398,0.7301755441745066,0.7369111757939109,0.4718341457579284,10.097805351677216,0.4011729735158667,1.5618012863612858,0.9351106661333493,25.993269720410606,0.923147219223683,0.9115621057758262,0.9264678225268389
0.7425,0.9997845353838878,1.3279464521671491,0.4552771865034988,0.4727704380084962,6.2262534420376365,0.392374292092795,0.9629984235505795,0.7438784809267703,12.73706089578648,0.6557026459381333,0.6990817365664018,0.7282080288462998,0.7390447843689357,0.47314724369668143,10.098936945174248,0.40127300266338944,1.561976306983862,0.935388713788099,25.96780372828482,0.9243202246038249,0.9124089713114218,0.9271108342170676
0.745,0.9997834186218743,1.329443232521226,0.45361754581012015,0.4710946141323427,6.225624522613387,0.3924047326042644,0.9629011502192365,0.7418156411034343,12.723026502739403,0.6541150699083232,0.6972439918027856,0.7262421545143141,0.7411641782699491,0.4744505761695937,10.10007645372798,0.40137274299974735,1.5621525518076682,0.9356269970471177,25.941644756688106,0.9254815675392126,0.913243011654918,0.9277402957509306
0.7475,0.9997822980407179,1.330939632423671,0.45196691898508107,0.46942718485005347,6.225003942755278,0.3924336182638671,0.9628051667468949,0.739751521425583,12.708870982062649,0.6525314106187489,0.6954089931709919,0.7242781037954101,0.7432692458340917,0.4757440722365014,10.10122387116575,0.4014721779300022,1.5623300198779957,0.9358259538443673,25.914807086691738,0.9266312069974706,0.914064192445276,0.9283561942084533
0.75,0.9997811736275194,1.3324356629836889,0.4503253520195913,0.4677681983478814,6.2243918195531345,0.39246095188053426,0.962710491243533,0.7376862112959945,12.69459452917858,0.6509517489054549,0.693576866087062,0.7223160616468846,0.7453598752028859,0.4770276609309497,10.102379190946232,0.40157129110372775,1.5625087101831139,0.9359860203403231,25.887304828349283,0.9277691009759993,0.9148724784401765,0.9289585163165764
0.7525000000000001,0.9997800453693173,1.3339313359240916,0.44869289075715324,0.466117702699153,6.223788270562785,0.3924867367735414,0.9626171418912054,0.7356198003751377,12.68019734719916,0.6493761660790307,0.6917477369408519,0.7203562153329637,0.747435954385012,0.4783012712975659,10.103542406234222,0.4016700664254602,1.5626886216658398,0.93610763044944,25.85915190958533,0.9288952065609309,0.915667833587125,0.9295472485329258
0.755,0.9997789132530882,1.3354266635762737,0.44706958087829174,0.46447574584898577,6.22319341377559,0.3925109767795837,0.9625251369393286,0.7335523785863628,12.665679647367774,0.6478047439078842,0.689921733064488,0.7183987543877954,0.7494973713187566,0.4795648324290166,10.104713509977927,0.4017684880642871,1.5628697532354907,0.9361912153759337,25.830362065398354,0.9300094799885281,0.9164502210920217,0.9301223771271386
0.7575000000000001,0.9997777772657458,1.3369216588791641,0.4454554678848526,0.462842375598526,6.222607367587298,0.39253367626017754,0.9624344946998653,0.7314840361212332,12.651041649516841,0.6462375646007157,0.6880989826994991,0.7164438705749591,0.7515440139338196,0.48081827350234807,10.105892494988733,0.4018665404625878,1.563052103780223,0.9362372031568739,25.800948827349686,0.9311118767026129,0.917219603484378,0.9306838882586356
0.76,0.9997766373941405,1.3384163353823437,0.4438505970839256,0.46121763958876116,6.222030250766282,0.3925548401093714,0.9623452335424104,0.7294148634451318,12.636283582542854,0.6446747107882348,0.6862796149626964,0.7144917578434741,0.7535757702122031,0.4820615238145416,10.107079354023226,0.4019642083439592,1.563235672179716,0.9368983713550757,25.788882058855812,0.9322023513901093,0.9179759426784877,0.9312317680498049
0.7625000000000001,0.9997754936250595,1.3399107072534442,0.4422550135714359,0.4596015852839611,6.221462182421,0.3925744737617305,0.9622573718891597,0.7273449513032688,12.62140568490025,0.6431162655041732,0.6844637598108733,0.7125426122802903,0.7555925282479634,0.4832945128171485,10.108274079867414,0.40206147672038445,1.563420457318201,0.9377708496795523,25.78299691845852,0.9332808580062679,0.9187192000299724,0.931766002653647
0.765,0.9997743459452257,1.3414047892898882,0.44066876221544515,0.45799425995478976,6.22090328196675,0.3925925832005437,0.9621709282097665,0.7252743907271689,12.60640820511512,0.6415623121656432,0.6826515480043603,0.7105966320591881,0.7575941763056597,0.4845171701499078,10.109476665422898,0.4021583308987144,1.5636064580977864,0.9385973319980331,25.776206043449676,0.9343473498095979,0.9194493363872585,0.932286578315087
0.7675000000000001,0.9997731943412986,1.3428985969349791,0.43909188763919493,0.4563957106611284,6.220353669091574,0.3926091749661854,0.9620859210160689,0.7232032730417088,12.591291402319309,0.64001293455289,0.6808431110694713,0.7086540173860053,0.7595806028773916,0.48572942567328886,10.1106871037948,0.40225475648655556,1.5637936734520599,0.9393782037431506,25.768523432423322,0.9354017793997758,0.920166312137731,0.9327934814253105
0.77,0.9997720387998722,1.3443921462982968,0.4375244342039191,0.4548059842346374,6.21981346372134,0.39262425616454943,0.9620023688566889,0.721131689872723,12.576055546804964,0.6384682167884843,0.6790385812598367,0.7067149704400614,0.7615516967383784,0.48693120949993923,10.11190538838127,0.40235073939766824,1.56398210235993,0.9401138532706528,25.759963029001412,0.9364440987545779,0.9208700872484649,0.9332866985686677
0.7725,0.9997708793074763,1.3458854541802912,0.43596644599144485,0.4532251272610829,6.2192827859839355,0.39263783447546236,0.9619202903114946,0.719059733155171,12.560700920599137,0.6369282433159831,0.6772380915166153,0.7047796953116308,0.7635073470010952,0.48812245202505555,10.113131512964353,0.4024462658569893,1.564171743859682,0.9408046712628689,25.750538706973323,0.9374742592651605,0.9215606213016124,0.9337662165619008
0.775,0.9997697158505743,1.3473785381009238,0.4344179667866008,0.45165318606244564,6.218761756172554,0.3926499181609744,0.961839703985921,0.716987495141821,12.54522781805739,0.635393098878057,0.6754417754275438,0.702848397935271,0.7654474431680284,0.48930308395572886,10.114365471802095,0.40254132240540125,1.5643625970632233,0.9414510501267954,25.740264255419042,0.9384922117702221,0.9222378735247166,0.9342320224856471
0.7775,0.9997685484155635,1.348871416332117,0.43287904005944,0.45009020667882627,6.218250494708047,0.3926605160734189,0.9617606285051483,0.7149150684123717,12.529636546474965,0.6338628684940864,0.6736497671847753,0.7009212860188023,0.7673718751831731,0.49047303633934963,10.115607259721704,0.40263589590437376,1.564554661170491,0.9420533833868624,25.72915336381053,0.9394979065900371,0.9229018028163597,0.9346841037083975
0.78,0.9997673769887736,1.3503641079337005,0.43134970894729363,0.4485362348501579,6.217749122100369,0.3926696376631315,0.9616830825081374,0.7128425458828984,12.513927426713353,0.6323376374372274,0.6718622015414322,0.6989985689676924,0.7692805334824252,0.49163224059117616,10.116856872213718,0.402729973540599,1.5647479354840188,0.9426120650726889,25.717219607092513,0.9404912935611599,0.9235523677677038,0.9351224479032597
0.7825,0.9997662015564662,1.3518566327924468,0.42983001623666034,0.4469913159977383,6.217257758909051,0.3926772929857224,0.9616070846415175,0.7107700208154912,12.498100793839836,0.6308174912109208,0.6700792137667952,0.6970804578046061,0.7711733090430609,0.4927806285211926,10.118114305527131,0.4028235428307409,1.5649424194236476,0.9431274891024215,25.704476430751065,0.9414723220722145,0.9241895266805923,0.9355470430580626
0.785,0.9997650221048312,1.353349011663673,0.4283200043449471,0.4454554952055895,6.216776525702815,0.39268349270879527,0.961532653553339,0.70869758682791,12.482156997776807,0.629302515524827,0.6683009396000374,0.6951671650838448,0.7730500934325049,0.4939181323603877,10.119379556765471,0.40291659162641,1.5651381125413886,0.9436000486624828,25.690937135884518,0.9424409411009148,0.924813237582953,0.935957877479463
0.7875,0.9997638386199867,1.354841266214781,0.42681971530207646,0.4439288172016661,6.216305543018254,0.3926882481180205,0.9614598078866834,0.7066253379030921,12.466096403957657,0.6277927962701672,0.6665275152024054,0.6932589048004234,0.7749107788566028,0.4950446847865915,10.120652623983863,0.4030091081194632,1.5653350145364324,0.9440301355847864,25.676614864297502,0.9433970992524111,0.9254234582422763,0.9363549397918188
0.79,0.9997626510879765,1.356333419069981,0.42532919073198044,0.44241132633892577,6.215844931317695,0.39269157112247627,0.9613885662731454,0.7045533683983057,12.449919393985354,0.6262884194944999,0.6647590771077604,0.6913558922935211,0.7767552582075955,0.4961602189499926,10.121933506287197,0.4031010808477171,1.5655331252703348,0.9444181397226439,25.661522583643773,0.9443407447991997,0.9260201461779412,0.9367382189316139
0.7925,0.9997614594947642,1.357825493855331,0.42384847183401275,0.44090306657629447,6.215394810946252,0.39269347425918244,0.9613189473261908,0.7024817730537599,12.433626366289877,0.6247894713759642,0.6629957621713838,0.6894583441440608,0.7785834251119734,0.49726466849844775,10.123222203929453,0.4031924987011516,1.5657324447823782,0.9447644483267265,25.645673072647227,0.9452718257227726,0.9266032586731002,0.9371077041382315
0.795,0.9997602638262337,1.3593175152431354,0.4223775993643135,0.4394040814595574,6.214955302088161,0.3926939706967685,0.9612509696344026,0.7004106470004746,12.417217736780415,0.6232960381970147,0.6612377075169733,0.6875664780662056,0.7803951739783513,0.49835796760266793,10.124518718414343,0.40328335092866313,1.565932973305138,0.94506944542252,25.629078906433257,0.9461902897571218,0.9271727527867618,0.9374633849417914
0.7975,0.9997590640681815,1.3608095089946664,0.4209166136171756,0.4379144141022229,6.214526524722448,0.39269307423822497,0.9611846517546246,0.6983400857672245,12.400693939488283,0.621808206317677,0.6594850504817621,0.6856805127925727,0.7821904000454553,0.49944005098133526,10.125823052597369,0.40337362714542,1.566134711280267,0.9453335111907315,25.61175244200369,0.9470960844341795,0.9277285853665601,0.9378052511486604
0.8,0.9997578602063132,1.3623015020001414,0.41946555440646616,0.43643410716640857,6.214108598578057,0.39269079932270373,0.9611200122050213,0.6962701852863823,12.384055427196625,0.6203260621483577,0.6577379285597187,0.6838006679530207,0.783968999430251,0.5005108539261676,10.127135210789366,0.40346331734085794,1.566337659374511,0.9455570213520966,25.59370580388885,0.9479891571313223,0.9282707130625739,0.9381332928250826
0.8025,0.9997566522262378,1.3637935223149127,0.418024461047169,0.4349632028438138,6.213701643088503,0.3926871610263392,0.9610570694580638,0.6942010418985214,12.367302672053176,0.618849692122256,0.6559964793427965,0.6819271639468975,0.7857308691761846,0.5015703123269063,10.128455198861658,0.40355241188734686,1.5665418184959725,0.9457403465579639,25.574950870009182,0.9488694551210393,0.9287990923423567,0.938447500279182
0.805,0.999755440113462,1.3652855991908897,0.4165933723371197,0.43350174283684595,6.213305777346202,0.39268217506207564,0.9609958419334661,0.692132752355648,12.350436166162769,0.6173791826674354,0.6542608404602324,0.6800602218086899,0.7874759073014282,0.5026183626961663,10.129783024352733,0.4036409015495565,1.5667471898106098,0.9458838517879696,25.555499257777758,0.9497369256213605,0.9293136795071844,0.9387478640413932
0.8075,0.9997542238533823,1.3667777631023579,0.41517232653901265,0.43204976833997527,6.212921120056599,0.3926758577784878,0.9609363479910908,0.690065413822972,12.333456422156496,0.6159146201786209,0.652531149515916,0.6782000630670619,0.7892040128469561,0.503654942194034,10.131118696576479,0.40372877749454367,1.5669537747589775,0.9459878957559977,25.5353623104727,0.950591515846214,0.9298144307093259,0.9390343748431389
0.81,0.999753003431279,1.3682700457655497,0.41376136136276276,0.4306073200213972,6.212547789492237,0.3926682261575873,0.9608786059238443,0.6879991238791661,12.316363973735339,0.6144560909887642,0.6508075440238701,0.6763469095973282,0.7909150859242093,0.5046799886522737,10.132462226731763,0.4038160313025881,1.5671615750731753,0.9460528303255695,25.514551083907474,0.9514331730534493,0.9303013019699913,0.9393070235933889
0.8125,0.9997517788323071,1.3697624801515809,0.41236051394830686,0.4291744380050825,6.212185903446923,0.3926592978116097,0.9608226339505884,0.6859339805150815,12.299159376186232,0.6130036813403618,0.6490901613419161,0.6745009834674548,0.7926090277620385,0.5056934405979544,10.13381362801314,0.4039026549788043,1.567370592793971,0.946078999935723,25.493076333425623,0.9522618445894886,0.9307742491974659,0.939565801352546
0.8150000000000001,0.9997505500414896,1.3712551004926745,0.41096982084892936,0.42775116185329637,6.21183557919015,0.3926490909787711,0.9607684502090904,0.6838700821309488,12.281843206869546,0.6115574773565639,0.6473791386036107,0.6726625067777372,0.7942857407525625,0.5066952372762896,10.135172915722336,0.4039886409655654,1.5675808302880423,0.9460667410384528,25.470948501246685,0.9530774779315486,0.9312332282048381,0.9398106993029713
0.8175,0.9997493170437075,1.3727479422819306,0.40958931801519377,0.4263375305496599,6.211496933421954,0.39263762451798245,0.9607160727490416,0.6818075275321047,12.264416065677505,0.6101175650122365,0.645674612648567,0.6708317014943559,0.7959451284955332,0.5076853186724501,10.136540107380037,0.4040739821557804,1.5677922902652686,0.9460163815488057,25.448177704191114,0.9538800207280732,0.9316781947266495,0.9400417087153843
0.8200000000000001,0.9997480798236924,1.374241042267264,0.40821904077955684,0.424933582482829,6.211170082228366,0.392624917902502,0.9606655195251661,0.6797464159233376,12.246878575463695,0.6086840301051188,0.6439767199512908,0.6690087892770534,0.7975870958407661,0.508663625532107,10.137915222837417,0.40415867190707094,1.5680049757959789,0.9459282403088461,25.424773721815026,0.9546694208369889,0.9321091044337952,0.940258820910337
0.8225,0.9997468383660169,1.3757344384404784,0.4068590238417314,0.4235393554308503,6.210855141037622,0.3926109912124983,0.960616808390449,0.6776868469019744,12.2292313824447,0.607256958227164,0.6422855965486788,0.667193991301234,0.7992115489281749,0.5096300993804466,10.13929828438664,0.40424270405690255,1.5682188903280445,0.9458026265668784,25.400745984989765,0.9554456263617825,0.9325259129460127,0.9404620272140258
0.8250000000000001,0.9997455926550862,1.3772281700227815,0.4055093012548587,0.4221548865462531,6.210552224577284,0.39259586512648914,0.9605699570895039,0.6756289204498551,12.211475156575348,0.6058364347361511,0.6406013779663399,0.6653875280748202,0.8008183952249479,0.5105846825394103,10.14068931686961,0.4043260729387224,1.5684340377036978,0.9456398394735442,25.37610356496711,0.9562085856858707,0.9329285758413722,0.9406513189077904
0.8275,0.9997443426751296,1.3787222774483239,0.40416990641253814,0.4207802123419165,6.210261446832447,0.39257956091161383,0.960524983252109,0.6735727369243744,12.193610591899912,0.6044225447276326,0.6389241991439162,0.6635896192502473,0.8024075435594137,0.5115273181429216,10.142088347783963,0.4044087733991568,1.568650422175927,0.9454401675967219,25.350855162978277,0.9569582475054256,0.9333170486623025,0.9408266871708272
0.8300000000000001,0.9997430884101915,1.3802168023475418,0.4028408720367494,0.41941536867775114,6.209982921005103,0.3925621004126887,0.960481904386922,0.6715183970487921,12.175638406881907,0.6030153730071598,0.637254194359588,0.6618004834320214,0.8039789041511753,0.5124579501498921,10.143495407385345,0.4044908008163116,1.568868048424294,0.9452038884574844,25.32500910042272,0.957694560859664,0.9336912869178257,0.9409881230158601
0.8325,0.9997418298441239,1.381711787532224,0.40152223016669125,0.41806039074821355,6.2097167594748175,0.39254350603999255,0.9604407378753976,0.6694660019020326,12.15755934471592,0.6016150040628627,0.6355914971539613,0.6600203379802958,0.8055323886371321,0.5133765233548226,10.14491052878487,0.40457215111920436,1.5690869215700085,0.9449312680897297,25.29857330971122,0.9584174751567363,0.9340512460818505,0.9411356172177593
0.835,0.9997405669605778,1.3832072769842154,0.40021401214854996,0.4167153130706679,6.209463073760744,0.39252380075572524,0.9604015009659136,0.6674156529082055,12.139374173625002,0.6002215220385266,0.6339362402535427,0.6582493988109648,0.8070679100930709,0.5142829833958632,10.146333748040666,0.4046528208083355,1.5693070471900878,0.9452519927641135,25.288394569099392,0.9591269401943499,0.9343968815875606,0.9412691602353719
0.8375,0.999739299742996,1.3847033158495892,0.39891624862619707,0.41538016947459844,6.209221974485042,0.3925030080590843,0.9603642107681114,0.665367451826101,12.121083687147832,0.598835010707218,0.6322885554940195,0.6564878801928141,0.8085853830505818,0.5151772767602425,10.147765104242355,0.40473280697737696,1.5695284313304216,0.9458302957408564,25.285460539818313,0.9598229061761667,0.9347281488181469,0.9413887421271175
0.84,0.9997380281746066,1.3861999504398963,0.397628969532805,0.4140549930916633,6.208993571337697,0.39248115196991085,0.9603288842474558,0.6633215007389098,12.102688704419798,0.5974555534454935,0.6306485737435675,0.6547359945422924,0.8100847235091384,0.5160593507870274,10.149204639587406,0.404812107335921,1.569751080517583,0.9463644883533444,25.281696296103394,0.9605053237255831,0.9350450030942989,0.9414943524611582
0.8425,0.9997367522384157,1.3876972282417728,0.39635220408336164,0.4127398163465808,6.208777973042644,0.39245825701086223,0.960295538219995,0.6612779020444313,12.08419007045256,0.596083233208217,0.6290164248264238,0.6529939522165241,0.8115658489432824,0.5169291536672413,10.150652399448257,0.40489072023318884,1.5699750017692085,0.9468548118928038,25.277110363187493,0.9611741438978063,0.9353473996590781,0.9415859802212097
0.845,0.999735471917201,1.3891951979357409,0.3950859807680517,0.41143467094882136,6.208575287325185,0.39243434818808465,0.9602641893473212,0.6592367584460264,12.065588656416518,0.5947181325039673,0.6273922374469625,0.651261961305202,0.813028678304957,0.5177866344414271,10.15210843242929,0.40496864468255345,1.570200202602812,0.9473014989192438,25.27171093813847,0.9618293181901871,0.9356352936609383,0.9416636137092699
0.8475,0.9997341871935062,1.3906939094245205,0.39383032734647094,0.4101395878850876,6.208385620880471,0.3924094509703744,0.9602348541316958,0.6571981729445763,12.046885359930783,0.5933603333710445,0.625776139114531,0.6495402274220489,0.814473132021145,0.518631742994808,10.153572790412813,0.40504588038668204,1.5704266910428943,0.9477047726561871,25.265505876180278,0.9624707985507963,0.935908640135794,0.9417272404466956
0.85,0.9997328980496362,1.39219341387056,0.3925852708426259,0.40885459741254665,6.208209079342922,0.392383591266835,0.9602075489113199,0.6551622488316909,12.028081105365011,0.5920099173541338,0.6241682560693028,0.6478289534965656,0.8158991319870849,0.5194644300502679,10.155045528593261,0.40512242776305,1.570654475626236,0.9480648464202487,25.258502677952894,0.9630985373857268,0.9361673939891453,0.9417768470751915
0.8525,0.9997316044676506,1.3936937637418514,0.3913508375406731,0.4075797290527872,6.2080457672563,0.3923567954030628,0.9601822898557052,0.6531290896844092,12.00917684415723,0.5906669654816479,0.6225687132094148,0.6461283395668197,0.8173066015554452,0.5202846471594329,10.156526705499175,0.4051982879695334,1.570883565405294,0.9483819230903422,25.25070847782142,0.963712487565602,0.936411509979319,0.9418124192593161
0.855,0.9997303064293596,1.3951950128644475,0.3901270529813432,0.40631501158646566,6.207895788044191,0.39232909009591505,0.9601590929611088,0.6510987993616079,11.990173555151722,0.5893315582437626,0.620977634019665,0.6444385825740583,0.8186954655219465,0.5210923466921965,10.15801638300244,0.4052734629297386,1.5711139699496315,0.9486561946212532,25.242130033341667,0.9643126024320218,0.9366409427029241,0.941833941592136
0.8575,0.999729003916319,1.3966972164794789,0.38891394195899576,0.4050604730486091,6.207759243980537,0.39230050242693854,0.960137974045975,0.6490714820023218,11.971072244960252,0.588003775571169,0.6193951405020466,0.6427598761599564,0.8200656501080118,0.52188748182508,10.15951462631458,0.4053479553576924,1.5713456993453456,0.9488878416061167,25.232773715983893,0.964898835804369,0.9368556465835954,0.9418413975055964
0.86,0.9997276969098254,1.398200431301908,0.3877115285192477,0.40381614072453986,6.207636236159895,0.3922710598145619,0.960118948746336,0.6470555265490621,11.952026975157107,0.5866836968145765,0.6178213531084024,0.6410924104673323,0.8214170829410999,0.5226700065288623,10.161021503969977,0.4054217687814821,1.5715787641924708,0.9490770328920249,25.22264550320715,0.9654711419864819,0.9370555758650543,0.941834769187096
0.8625,0.9997263853909127,1.3997047155778322,0.3865198359571204,0.40258204114638996,6.207526864467041,0.3922407899851751,0.9601020325111104,0.6451713250158608,11.935264743880412,0.5853714007249667,0.6162563906754757,0.6394363719451768,0.8227496930334312,0.5234398755559382,10.162537087795942,0.40549490756542217,1.5718131756003502,0.9492239252525829,25.211750971965735,0.966029475772122,0.9372406846094278,0.9418140375035975
0.865,0.9997250693403466,1.4012101291368517,0.3853388868156495,0.4013582000901748,6.2074312275455075,0.3922097209432369,0.9600872405972368,0.6433753410315183,11.919988847093444,0.5840669654344808,0.6147003703626417,0.6377919431588536,0.8240634107598368,0.5241970444278765,10.164061452869756,0.40556737693031114,1.572048945180992,0.9493286631206771,25.20009529371493,0.966573792449387,0.9374109267016159,0.9417791819344288
0.8675,0.9997237487386216,1.4027167334359256,0.3841687028849086,0.40014464257339677,6.207349422764749,0.392177880940568,0.9600745880645953,0.641609220026198,11.905122740540792,0.5827704684378012,0.6131534075925827,0.6361593026063175,0.8253581678354593,0.524941469423642,10.165594677462707,0.40563918297135687,1.5722860850404123,0.9493913783841076,25.187683230967423,0.9671040478060539,0.9375662558603642,0.9417301805136983
0.87,0.9997224235659566,1.4042245915912603,0.383009305201399,0.398941392853155,6.2072815461854915,0.3921452984449929,0.9600640897706487,0.6398475448168537,11.89019544664957,0.5814819865741264,0.611615615995168,0.6345386245411938,0.8266338972939853,0.5256731075689147,10.167136842971221,0.4057103326733667,1.572524607767985,0.9494121902460156,25.17451913543385,0.9676201981377826,0.9377066256564621,0.9416670097829809
0.8725,0.9997210938022916,1.405733768395111,0.3818607140477645,0.3977484744247371,6.207227692523002,0.39211200210850167,0.9600557603647608,0.6380903951361366,11.875207683797113,0.5802015960099214,0.6100871073547823,0.632930078803534,0.8278905334670184,0.5263919166268981,10.168688033835119,0.4057808339228389,1.5727645264237973,0.9493912051512657,25.1606069477624,0.9681222002600031,0.937831989538284,0.9415896447546398
0.875,0.9997197594272836,1.4072443303149642,0.3807229489527984,0.39656591002067587,6.2071879551079725,0.39207802073509984,0.960049614282147,0.6364356690325317,11.861983342037533,0.5789293722225081,0.6085679915613177,0.6313338306590283,0.8291280119650882,0.5270978550909358,10.170248337442935,0.40585069551664305,1.5730058545240062,0.9493285167791342,25.145950198872605,0.9686100115236177,0.9379423008646206,0.9414980588858178
0.8775000000000001,0.999718420420305,1.4087563454733432,0.3795960286917137,0.39539372161025266,6.207162425844835,0.3920433832485068,0.9600456657374267,0.6348148830543738,11.849251478903135,0.5776653899844699,0.6070583765650203,0.6297500406474039,0.8303462696606492,0.5277908821791714,10.171817844024153,0.40591992716704284,1.5732486060241717,0.9492242061018314,25.130552012859766,0.969083589834474,0.9380375129444793,0.941392224062792
0.88,0.9997170767604407,1.410269883607448,0.3784799712866576,0.3942319303994362,6.207151195167327,0.3920081186598568,0.9600439287177508,0.6331987138663421,11.83646562131375,0.5764097233488412,0.6055583683353536,0.6281788644406862,0.831545244673262,0.5284709578313931,10.173396646528074,0.4059885395028923,1.5734927953005204,0.9490783415075884,25.114415111427736,0.9695428936765386,0.9381175790832644,0.9412721105950305
0.8825000000000001,0.9997157284264848,1.4117850160089334,0.3773747940074545,0.39308055683124193,6.207154351991281,0.391972256035537,0.9600444169754998,0.6315872272826205,11.82362626140567,0.5751624456350684,0.604068070823989,0.6266204527119155,0.8327248763569634,0.529138042708085,10.174984840488928,0.40605654406691993,1.5737384371290828,0.9488909789862877,25.097541819791477,0.9699878821386014,0.938182452634461,0.9411376872179386
0.885,0.9997143753969417,1.4133018154452561,0.3762805133725705,0.3919396205865003,6.207171983664669,0.39193582446528547,0.9600471440205576,0.6299804896980212,11.810733919637805,0.5739236294157368,0.6025875859319948,0.6250749510148379,0.8338851052896529,0.5297920981916087,10.176582523876657,0.40612395330910767,1.5739855466626151,0.9486621623749771,25.079934073976684,0.9704185149441993,0.9382320870557178,0.9409889211029614
0.8875000000000001,0.9997130176500242,1.4148203560651822,0.3751971451502901,0.3908091405850192,6.20720417591497,0.39189885303064975,0.96005212311217,0.6283785681362439,11.79778914596654,0.5726933465040563,0.6011170134812501,0.6235424996749916,0.8350258732641438,0.5304330863893181,10.178189796932843,0.4061907805762664,1.574234139405222,0.948391923660042,25.061593429432587,0.9708347524843061,0.9382664359679982,0.9408257778734092
0.89,0.9997116551636541,1.4163407132920376,0.37412470436010176,0.38968913498712077,6.207251012794097,0.3918613707738924,0.9600593672504281,0.6267815303001615,11.784792521053433,0.5714716679420832,0.5996564511900381,0.6220232336925103,0.8361471232803704,0.5310609701383233,10.17980676199106,0.4062570400979975,1.5744842311845715,0.9480802833324508,25.042521070867128,0.9712365558523112,0.9382854532163123,0.9406482216241576
0.8925000000000001,0.9997102879154629,1.417862963709168,0.3730632052742809,0.3885796211955283,6.207312576621086,0.39182340666741167,0.9600688891674027,0.6251894446233863,11.771744657492384,0.5702586639896443,0.5982059946527367,0.6205172826568631,0.8372487995381183,0.5316757130115345,10.181433523281013,0.4063227469693181,1.5747358381216006,0.9477272507922408,25.022717823209977,0.971623886881578,0.9382890929304539,0.9404562149432156
0.895,0.999708915882793,1.4193871849426525,0.3720126614196578,0.3874806158575666,6.207388947922876,0.39178498958373426,0.9600807013179862,0.6236023803222672,11.75864620104135,0.5690544041138867,0.5967657373234511,0.6190247706736457,0.8383308474295714,0.5322772793245688,10.18307018671589,0.40638791713030276,1.5749889765976266,0.9473328247983788,25.002184163610217,0.9719967081821498,0.9382773095841369,0.9402497189330975
0.8975,0.9997075390427017,1.4209134555466147,0.37097308557954406,0.38639213486763246,6.207480205373504,0.3917461482661239,0.9600948158704872,0.6220204074474033,11.745497831842258,0.5678589569793554,0.5953357705033856,0.6175458163034322,0.839393213530941,0.532865634143075,10.18471685966247,0.40645256734315827,1.57524366321879,0.9468969939602397,24.980920234379898,0.972354983176637,0.9382500580510028,0.940028693229994
0.9,0.9997061573719612,1.422441854896412,0.3699444897957834,0.38531419336987693,6.207586425732012,0.3917069112998489,0.960111244697027,0.6204435969337099,11.732300265611904,0.5666723904384985,0.5939161833317042,0.6160805325126177,0.8404358455924748,0.5334407432900476,10.18637365069377,0.4065167151671926,1.575499914777797,0.9464197372672402,24.958925856803248,0.9726986761363063,0.9382072936561048,0.9397930960188925
0.9025,0.9997047708470637,1.4239724630945656,0.36892688537087487,0.38424680576102743,6.207707683779432,0.39166730708414693,0.9601299993637934,0.6188720206480477,11.719054254786174,0.5654947715225122,0.5925070627795769,0.6146290266360794,0.8414586925262477,0.5340025733527437,10.188040669324252,0.40658037893216986,1.5757577482129643,0.9459010246535556,24.936200545741926,0.9730277522156439,0.9381489722217191,0.9395428840430751
0.905,0.9997033794442229,1.42550536089353,0.3679202828701053,0.3831899856932673,6.207844052255126,0.39162736380493074,0.9601510911211941,0.6173057514334213,11.70576058959972,0.5643261664324192,0.5911084936470895,0.6131914003514384,0.8424617043912817,0.5345510916888944,10.189718025728059,0.4066435777105507,1.5760171805646404,0.9453408175953564,24.91274352497958,0.9733421774844716,0.9380750501066157,0.9392780126067958
0.9075,0.9997019831393786,1.4270406296383105,0.36692469212361106,0.38214374607707646,6.207995601792686,0.3915871094082876,0.9601745308939433,0.6157448631488045,11.69242009908406,0.5631666405302511,0.5897205585626688,0.6117677496646474,0.8434448323757456,0.5350862664320118,10.191405830441045,0.4067063312891075,1.576278228929118,0.9447390697385191,24.88855374326153,0.9736419189566153,0.937985484238273,0.9389984355703901
0.91,0.9997005819081974,1.4285783512306147,0.36594012222827754,0.38110809908393084,6.2081624008556044,0.3915465715748329,0.9602003292711111,0.6141894307036988,11.67903365196785,0.5620162583301733,0.5883433379846751,0.6103581649066068,0.8444080287762314,0.5356080664957173,10.193104194047937,0.40676866014037094,1.5765409104102492,0.9440957275552988,24.86362989099808,0.9739269446146432,0.9378802321378992,0.9387041053375889
0.9125,0.999699175726076,1.4301186081147361,0.36496658154937783,0.3800830561487504,6.208344515672812,0.3915057776949943,0.960228496496154,0.6126395300866415,11.665602157465027,0.5608750834894147,0.5869769102048309,0.6089627307405084,0.8453512469743526,0.5361164615771562,10.194813226856294,0.4068305853943182,1.576805242069017,0.9434107310288966,24.837970417609917,0.9741972234311217,0.9377592519385043,0.9383949728353372
0.915,0.9996977645681416,1.4316614832838006,0.36400407772184623,0.37906862797199015,6.208542010174135,0.3914647548453165,0.9602590424569319,0.6110952383869958,11.652126565938364,0.5597431787987878,0.5856213513531847,0.6075815261796267,0.8462744414111789,0.5366114221597046,10.196533038559505,0.4068921288106448,1.5770712408714131,0.9426840143652145,24.81157354950148,0.9744527253873602,0.9376225023966185,0.9380709874869595
0.9175,0.9996963484092528,1.4332070603035127,0.36305261765108837,0.3780648245212719,6.208754945925665,0.3914235297658887,0.9602919766757121,0.609556633809519,11.63860786942885,0.5586206061726638,0.5842767354043584,0.6062146246153118,0.8471775675602613,0.5370929195153065,10.198263737891395,0.4069533127518856,1.577338923635015,0.9425265527274622,24.800515641662734,0.9746934214905975,0.9374699428985738,0.9377320971799876
0.92,0.9996949272239974,1.434755423349187,0.3621122075132347,0.37707165503246765,6.208983382064971,0.39138212883900914,0.9603273082991485,0.6080237956813691,11.6250471020441,0.5575074266383548,0.582943134184894,0.6048620938549967,0.848060581900205,0.5375609257068873,10.20000543227535,0.40701416015756314,1.5776083069747184,0.9426503863892124,24.797208717210598,0.9749192837904137,0.9373015334624963,0.9373782482304068
0.9225,0.9996935009866915,1.43630665725077,0.36118285275476436,0.37608912801016364,6.209227375236132,0.39134057806921124,0.9603650460882336,0.606496804451393,11.611445340202193,0.5564037003247123,0.5816206173815814,0.6035239961700816,0.8489234418879077,0.5380154135913755,10.201758227471146,0.4070746945194421,1.5778794072481126,0.9427252069291001,24.792959937584957,0.9751302853951425,0.9371172347373246,0.9370093853453778
0.925,0.9996920696713755,1.437860847539861,0.3602645580914444,0.37511725122745654,6.209486979524458,0.39129890306477605,0.9604051984082013,0.6049757416817265,11.597803702730483,0.555309486449838,0.5803092525507375,0.602200388353634,0.849766105933662,0.5384563568239134,10.20352222722267,0.40713493985787935,1.5781522405009951,0.9427509158816534,24.787767544967576,0.9753264004891253,0.9369170080002273,0.9366254515867327
0.9275,0.9996906332518087,1.4394180804924541,0.3593573275065543,0.3741560317250567,6.209762246390846,0.391257129020856,0.9604477732183748,0.6036347933523197,11.5874654646874,0.5542248433079339,0.5790091051284708,0.6008913217878776,0.8505885333793506,0.5388837298638476,10.205297532909894,0.40719492069915836,1.578426822413542,0.9427274101424331,24.781629567449624,0.9755076043516853,0.9367008151537576,0.9362263883376297
0.93,0.9996891917014642,1.4409784431613524,0.3584611642483929,0.3732054758097002,6.210053224605764,0.3912152807043268,0.9604927780619557,0.602306031370124,11.577215623701692,0.5531498282553796,0.5777202384420387,0.5995968425214889,0.8513906844808995,0.5392975079830709,10.207084243207964,0.4072546620536148,1.5787031682475818,0.9426545825373353,24.77454383286752,0.9756738733785767,0.9364686187239899,0.935812135274773
0.9325,0.9996877449935216,1.4425420233929354,0.3575760708270886,0.37226558905189433,6.210359960182804,0.3911733824404645,0.9605402200557464,0.6009836916531616,11.56694324586736,0.5520844976961418,0.5764427137224469,0.5983169913567152,0.8521725203960551,0.5396976672772217,10.208882453756276,0.4073141893942801,1.578981292795411,0.9425323224394191,24.76650798379565,0.9758251851061936,0.9362203818606774,0.9353826303485071
0.935,0.9996862931008593,1.4441089098241433,0.3567020490107522,0.3713363762830387,6.210682496311878,0.3911314581015226,0.9605901058798183,0.5996678523605821,11.556649416506527,0.5510289070666131,0.5751765901184591,0.5970518039462933,0.8529340031783701,0.5400841846801768,10.210692256839678,0.40737352863571397,1.579261210330487,0.942360516433621,24.75751949370485,0.9759615182379608,0.9359560683402776,0.9349378097729761
0.9375,0.9996848359960461,1.4456791918571883,0.3558390998210262,0.3704178415919759,6.211020873292106,0.3910895310972493,0.9606424417671313,0.5983585926396681,11.546335259568004,0.5499831108199806,0.5739219247121709,0.5958013109000685,0.8536750957780896,0.5404570379821586,10.212513741083567,0.4074327061126523,1.5795429345602694,0.9421390490288033,24.747575684273418,0.976082852672119,0.9356756425724425,0.9344776080283643
0.9400000000000001,0.999683373651333,1.4472529596114172,0.3549872235280855,0.3695099883210277,6.211375128464466,0.391047624367342,0.9606972334931176,0.5970559925836822,11.536001937074738,0.5489471624102386,0.572678772536251,0.5945655379010876,0.8543957620503994,0.5408162058516846,10.214346991163858,0.40749174855808507,1.5798264785813614,0.9418678034158019,24.736673743817803,0.9761891695309947,0.9353790696103756,0.934001957877108
0.9425,0.9996819060386429,1.4488303038538783,0.3541464196451381,0.36861281906156335,6.211745296144335,0.39100576037578477,0.9607544863652473,0.5957601331849143,11.525650648471803,0.5479211142759418,0.5714471865928573,0.5933445058307559,0.8550959667712844,0.5411616678614709,10.216192087532264,0.40755068308038006,1.5801118548370205,0.9415466622695218,24.724810746795825,0.9762804511921845,0.9350663151652849,0.9335107903958698
0.9450000000000001,0.9996804331295642,1.4504113159122451,0.3533166869224544,0.36772633564912743,6.212131407553999,0.3909639611069551,0.9608142052125898,0.5944710962829965,11.515282629875152,0.5469050178237563,0.5702272178741057,0.592138230902436,0.8557756756610404,0.5414934045183163,10.218049106156627,0.40760953713911136,1.5803990750769954,0.9411755085927762,24.71198367432673,0.9763566813206587,0.9347373456250765,0.9330040350250463
0.9475,0.9996789548953412,1.451996087575712,0.3524980233409251,0.36685053915812826,6.212533490755164,0.39092224806331977,0.9608763943753765,0.5931889645083352,11.504899153217227,0.545898923411782,0.56901891538381,0.5909467248026086,0.8564348554153202,0.541811397296915,10.219918118275494,0.40766833851930645,1.5806881503195664,0.9407542265995259,24.698189435672383,0.9764178448997965,0.9343921280774323,0.9324816196376735
0.9500000000000001,0.9996774713068648,1.4535847109910398,0.3516904261051142,0.36598542989604965,6.212951570581565,0.3908806422644675,0.9609410576945765,0.5919138212202005,11.494501525280501,0.544902880332555,0.5678223261600258,0.5897699948384469,0.8570734737434812,0.5421156286774991,10.22179919016572,0.40772711530391137,1.5809790908156025,0.9402827026354321,24.68342489063122,0.9764639282612296,0.9340306303375018,0.9319434706297453
0.9525,0.9996759823346676,1.4551772785619943,0.35089389163573,0.365131007397113,6.213385668571613,0.3908391642471543,0.9610081985014798,0.5906457504387599,11.484091086605066,0.5439169367955687,0.5666374952977354,0.5886080440903847,0.8576914994139392,0.5424060821871848,10.22369238292168,0.4077858958443762,1.5812719060144118,0.9397608261342161,24.66768687281232,0.9764949191156759,0.9336528209806039,0.9313895130342129
0.9550000000000001,0.9996744879489148,1.4567738828608097,0.3501084155614042,0.3642872704152768,6.213835802901086,0.3907978340659599,0.9610778196072866,0.5893848367700573,11.473669210251641,0.5429411399091072,0.5654644659708266,0.5874608715680005,0.858288902306236,0.5426827424448999,10.225597752244587,0.4078447087293739,1.5815666045311558,0.9391884906091105,24.650972213777834,0.9765108065865863,0.9332586693805834,0.9308196706612196
0.9575,0.9996729881193982,1.4583746165599771,0.34933399270963467,0.3634542169164317,6.214301988315802,0.3907566712940901,0.9611499232926944,0.5881311653227407,11.463237300397688,0.5419755356610992,0.5643032794523554,0.5863284723673386,0.8588656534695738,0.5429455952097828,10.227515348240818,0.4079035827517764,1.5818631941156576,0.9385655946796367,24.633277768068105,0.9765115812468931,0.9328481457547128,0.9302338662673806
0.96,0.9996714828155278,1.4599795723915938,0.3485706170967286,0.3626318440696227,6.214784236064294,0.39071569502379333,0.9612245112974844,0.5868848216151855,11.452796790741557,0.5410201688986116,0.5631539751319591,0.5852108378276292,0.8594217251876725,0.5431946274329839,10.22944521522853,0.40796254687411787,1.5821616816224915,0.9378920431349348,24.61460043915004,0.9764972351585026,0.9324212212162957,0.929632021757123
0.9625,0.9996699720063265,1.461588843139765,0.3478182819165801,0.36182014823712905,6.215282553830474,0.3906749238658167,0.9613015848101074,0.5856458914716436,11.442349142689215,0.5400750833055425,0.5620165905292239,0.5841079556853125,0.859957091049924,0.5434298273128301,10.231387391552808,0.4080216301928486,1.5824620729823915,0.9371677480357119,24.594937206353627,0.9764677619143582,0.9319778678363315,0.9290140584191258
0.965,0.9996684556604216,1.4632025216693123,0.347076979528132,0.36101912496323907,6.215796945666504,0.39063437594729156,0.9613811444573006,0.5844517067941948,11.432624420604744,0.539140321378134,0.5608911613018116,0.5830198102232907,0.8604717260289623,0.5436511843533441,10.23334190941059,0.4080808619017345,1.582764373175175,0.9363926298574977,24.574285152879412,0.9764231566834816,0.9315180587156797,0.9283798972007047
0.9675,0.9996669337460359,1.464820700991472,0.3463467014414087,0.3602287689615885,6.216327411926128,0.3905940689074322,0.9614631902937767,0.5833498648365982,11.424557196050392,0.5382159243979974,0.559777721247232,0.5819463824134651,0.8609656065648855,0.5438586894261257,10.235308794687914,0.40814027125475816,1.5830685862045673,0.9355666186780724,24.55264149496817,0.976363416259657,0.9310417680691284,0.9277294590224795
0.97,0.999665406230978,1.466443474364609,0.34562743830206805,0.35944907410098303,6.216873949199002,0.39055401989044136,0.9615477217920668,0.5824279531276849,11.419870491440802,0.537301932402415,0.5586763022973111,0.5808876500508415,0.8614387106564693,0.5440523348355779,10.237288066813425,0.4081998875288347,1.5833747150755473,0.9346896554115712,24.53000361231824,0.9762885391139943,0.9305489713225114,0.9270626651347996
0.9725,0.9996638730826323,1.4680709354254795,0.34491917987449694,0.35868003338968957,6.217436550246819,0.39051424553505854,0.9616347378326408,0.5816067619962596,11.41702098890771,0.5363983841517234,0.5575869345046266,0.5798435878778119,0.8618910179597373,0.544232114387417,10.239279738633606,0.40825973998656423,1.5836827617750462,0.9337616930907525,24.506369079814665,0.9761985254496045,0.9300396452235937,0.9263794375161148
0.975,0.9996623342679442,1.4697031783444279,0.3442219150235693,0.357921638958268,6.218015203942207,0.3904747619602534,0.9617242366944568,0.5807918636683774,11.414158965960507,0.5355053170937372,0.5565096460204906,0.5788141676976213,0.8623225098942205,0.5443980234602951,10.241283816316441,0.4083198578391081,1.5839927272570506,0.9327826981971652,24.48173570059406,0.9760933772553149,0.9295137679667453,0.9256796993117803
0.9775,0.9996607897534072,1.4713402979962538,0.34353563169528895,0.35717388204110234,6.218609895211794,0.390435584746659,0.9618162160461557,0.5799833271287335,11.411285382319793,0.5346227673253419,0.555444463064398,0.5777993584764858,0.8627331697570918,0.5445500590802159,10.243300299291638,0.4083802702091092,1.584304611433355,0.9317526520364305,24.456101540409733,0.9759730983575203,0.9289713193305624,0.9249633753096955
0.98,0.9996592395050456,1.4729823901373869,0.3428603168966461,0.3564367529568874,6.219220604985015,0.3903967289134627,0.9619106729381427,0.5791812214264521,11.408401219255373,0.5337507695514901,0.5543914098852273,0.576799126434312,0.8631229828451086,0.5446882199972224,10.245329180236126,0.4084410060933906,1.5846184131713186,0.9306715521526544,24.429464963184028,0.9758376944729105,0.9284122808265143,0.9242303924467383
0.9825,0.9996576834883961,1.4746295515794385,0.3421959566751142,0.35571024108841914,6.219847310150549,0.390358208890606,0.9620076037958502,0.5783856154587708,11.405507475753653,0.5328893570419766,0.5533505087148639,0.5758134351244595,0.8634919365839356,0.5448125067635716,10.24737044511432,0.40850209432499196,1.5849341303000943,0.9295394137721038,24.401824667540257,0.9756871732640073,0.9278366358554967,0.9234806803372688
0.985,0.999656121668488,1.4762818803490498,0.3415425360983064,0.35499433486211673,6.220489983522414,0.39032003848631375,0.9621070044144927,0.5775965777437019,11.40260516445584,0.5320385615865172,0.5523217797152673,0.5748422455034414,0.8638400206639204,0.5449229218123217,10.249424073282213,0.4085635635339438,1.5852517596267273,0.9283562712620128,24.373179723999954,0.9755215443970515,0.9272443698679047,0.922714171812238
0.9875,0.9996545540098221,1.4779394758241153,0.3409000392343753,0.35428902172777277,6.221148593817911,0.3902822308501371,0.9622088699556567,0.5768141761848135,11.399695307423881,0.5311984134488081,0.5513052409203226,0.5738855159918592,0.8641672271808245,0.5450194695349253,10.25149003766387,0.4086254421060782,1.5855712969634528,0.9271221795858396,24.343529612417043,0.9753408196003597,0.9266354705215899,0.9219308034547284
0.99,0.9996529804763473,1.4796024388367706,0.3402684491337849,0.35359428813907334,6.221823105649525,0.39024479843187954,0.9623131949460475,0.5760384778317366,11.396778931799926,0.5303689413203438,0.5503009081740814,0.5729432025281943,0.8644735507793456,0.5451021563560845,10.253568305007448,0.4086877581391345,1.585892737167295,0.9264123077926996,24.32797641823979,0.9751450127206511,0.9260099278309332,0.9211305161153569
0.9925,0.9996514010314375,1.481270871733921,0.3396477478130948,0.35291011953544865,6.222513479532859,0.39020775293695453,0.9624199732787158,0.5752695486403249,11.393857065431474,0.5295501722748378,0.5493087950671743,0.5720152586173015,0.864758988796568,0.545170990803801,10.255658836225713,0.40875053939546263,1.5862160741927331,0.9259689531843767,24.319755956591457,0.9749341397744229,0.9253677342993569,0.9203132553890815
0.995,0.9996498156378681,1.4829448783865922,0.3390379162413798,0.35223650032581355,6.223219671912345,0.3901711052789032,0.9625291982170353,0.5745074532365746,11.39093073253821,0.5287421317241027,0.5483289128732983,0.5711016353755697,0.8650235414018026,0.5452259835722711,10.257761586823522,0.4088138132507584,1.586541301157819,0.9254736203562333,24.310504067970665,0.974708218991078,0.924708885027014,0.9194789720337642
0.9975,0.9996482242577931,1.484624564140066,0.3384389343298495,0.3515734138747215,6.22394163520608,0.39013486552996346,0.9626408624016369,0.5737522546884332,11.388000949497172,0.5279448433761977,0.5473612704876973,0.5702022815747418,0.8652672117286587,0.5452671475750647,10.25987650741139,0.408877606638484,1.5868684104236097,0.9249262174314593,24.300216804626572,0.9744672708442534,0.9240333777852089,0.9186276223105856
1.0,0.9996466268527222,1.4863100356979224,0.33785078092515597,0.3509208424914024,6.2246793178706055,0.3900990428707367,0.962754957860428,0.5730040142894798,11.385068720820634,0.5271583291966526,0.5464058743695116,0.5693171436862933,0.865490005994704,0.5452944979859234,10.262003544300784,0.40894194598992245,1.5871973936862394,0.9243266731898362,24.288890623865374,0.9742113180677242,0.9233412130494373,0.9177591682272254
1.0025,0.9996450233835007,1.4880014009349474,0.33727343380675684,0.3502787674220685,6.225432664485803,0.39006364554012074,0.9628714760217228,0.5722627913581533,11.382135035395724,0.5263826093735425,0.5454627284897356,0.5684461659280938,0.8656919336037908,0.5453080522645364,10.26414264017299,0.4090068571701707,1.5875282420803716,0.9236749378057565,24.276522408769882,0.9739403856523072,0.9226323939837653,0.916873577666709
1.0050000000000001,0.9996434138102914,1.489698768636733,0.3367068696885682,0.34964716884577796,6.2262016158592175,0.39002868078678193,0.9629904077303786,0.5715286430557763,11.37920086304678,0.5256177022870728,0.5445318342863534,0.5675892903148418,0.8658730072260701,0.5453078301648341,10.266293734809604,0.4090723654107671,1.5878609462921824,0.9229709834164092,24.263109485122246,0.9736545008204134,0.9219069263706874,0.9159708243880299
1.0075,0.9996417980925602,1.491402248167871,0.33615106422498525,0.3490260258740221,6.226986109148429,0.3899941548234982,0.9631117432667216,0.5708016242260419,11.376267151470994,0.5248636244841675,0.5436131906279595,0.5667464567134323,0.8660332428509809,0.5452938537236995,10.26845676586919,0.4091384952400544,1.5881954966794842,0.922214804502014,24.248649634058523,0.9733536929754767,0.9211648184825331,0.9150508878890143
1.01,0.9996401761890648,1.4931119490759435,0.3356059920211793,0.3484153165540792,6.227786077999097,0.3899600727857331,0.9632354723678984,0.5700817872579663,11.373334823585337,0.5241203906584035,0.5427067937869153,0.5659176029040833,0.8661726598090651,0.5452661472285146,10.270631669691634,0.4092052704127656,1.5885318833961324,0.9214064180656223,24.233141100110757,0.9730379936243828,0.9204060808928846,0.9141137531272462
1.0125,0.9996385480578502,1.4948279806448996,0.33507162664740986,0.3478150178760388,6.228601452695567,0.38992643869577565,0.9633615842511704,0.5693691819735544,11.370404775308687,0.5233880136354672,0.5418126374227534,0.5651026646476524,0.8662912807593566,0.5452247371626626,10.272818382109252,0.40927271384066904,1.5888700965174787,0.9205458636069659,24.21658259445068,0.9727074362720878,0.9196307262292467,0.9131594101010289
1.0150000000000001,0.9996369136562473,1.4965504514183838,0.33454794065691745,0.34722510578326327,6.229432160320134,0.38989325543370956,0.9634900676385456,0.5686638555406103,11.36747787378788,0.5226665043641087,0.5409307125762155,0.5643015757591673,0.8663891316402977,0.5451696521289461,10.275016839242223,0.4093408475264048,1.5892101261633973,0.9196332028927773,24.198973293334035,0.9723620562884507,0.9188387688711983,0.9121878532989589
1.0175,0.9996352729408781,1.4982794687204726,0.33403490560679994,0.3466455551859158,6.230278124916399,0.3898605247163439,0.9636209107820455,0.5679658524102693,11.36455495606034,0.5219558719123675,0.5400610076739346,0.5635142681871839,0.8664662415835994,0.5451009227518251,10.277226978255442,0.40940969250286363,1.5895519626153456,0.9186685195344133,24.180312831941777,0.9720018907482543,0.9180302246013278,0.911199081033383
1.02,0.9996336258676677,1.5000151382071596,0.33353249208112995,0.34607633997705567,6.231139267651716,0.38982824708505753,0.9637541014888296,0.5672752142779539,11.361636828129647,0.5212561234686778,0.5392035085433851,0.5627406720981435,0.8665226427921096,0.54501858156039,10.279448738054326,0.40947926878060564,1.5898955964239836,0.9176519183920192,24.160601294013194,0.971626978246976,0.9172051102191932,0.9101930946794107
1.0225,0.9996319723918594,1.501757563485866,0.3330406697154405,0.345517433050679,6.2320155069734176,0.3897964219032611,0.9638896271453591,0.5665919800655764,11.358724264414148,0.5205672643473153,0.5383581984373271,0.5619807159644792,0.8665583703845137,0.5449226628549929,10.28168205989884,0.4095495953058872,1.590241018504143,0.9165835248321886,24.13983919785105,0.9712373586966431,0.9163634431312084,0.9091698978467984
1.025,0.9996303124680356,1.503506845841271,0.332559407221606,0.34496880632097854,6.232906758753475,0.3897650473638914,0.9640274747397708,0.5659161859219645,11.355818007512953,0.5198892979974681,0.5375250580665514,0.5612343266547717,0.8665734622114333,0.5448132025614073,10.283926887917703,0.4096206899318522,1.590588220214358,0.9154634838725515,24.11802747943553,0.9708330731072927,0.9155052409314952,0.9081294955165239
1.0275,0.999628646050141,1.5052630841031664,0.3320886724120731,0.3444304307420094,6.233812936416412,0.3897341205070118,0.9641676308816608,0.5652478652376739,11.352918768218876,0.5192222260150147,0.5367040656393143,0.5605014295238343,0.8665679586491046,0.5446902380771951,10.286183169508279,0.40969256940536636,1.5909371934187158,0.9142919592514288,24.09516747350009,0.9704141633600685,0.914630520990244,0.9070718931769016
1.03,0.9996269730915097,1.5070263746854686,0.3316284322223582,0.34390227632688236,6.2347339510456985,0.3897036372472179,0.9643100818185406,0.564587048669629,11.350027225694506,0.5185660481558909,0.5358951969054447,0.5597819485001774,0.8665419023781982,0.5445538081155874,10.288450855612133,0.40976524937182507,1.5912879305294756,0.9130691324631571,24.071260893486613,0.9699806719788603,0.9137393000668134,0.9059970959953174
1.0325,0.9996252935448895,1.5087968118150297,0.3311786527307263,0.3433843121655695,6.235669711464499,0.38967359241016486,0.9644548134483265,0.5639337641704119,11.347144027716418,0.5179207623497843,0.5350984252027153,0.5590758061679195,0.8664953381563669,0.544403952552552,10.29072990086107,0.4098387444000473,1.591640424529657,0.9117952017996266,24.04630981130257,0.9695326419085004,0.9128315939645927,0.9049051080609796
1.035,0.9996236073624661,1.510574487955124,0.3307392991740012,0.3428765064404011,6.236620124287405,0.38964397977714127,0.96460181132734,0.5634792958935045,11.348121625393988,0.5172863647129137,0.5343137215027336,0.5583829238398696,0.8664283125936995,0.5442407122828098,10.293020263593492,0.4099130680290849,1.5919946689755688,0.9104703814359354,24.020316637746905,0.9690701163084073,0.9119074172435333,0.9037959317313983
1.0375,0.9996219144958827,1.5123594944124739,0.33031033595853704,0.3423788264383583,6.23758509394074,0.38961479213626676,0.9647510606734495,0.5630580036351451,11.349631502352816,0.5166628495586519,0.53354105445334,0.5577032216182398,0.8663408739403471,0.5440641290903359,10.295321905746132,0.4099882328384129,1.5923506579800646,0.9090949005928625,23.993284104355798,0.9685931383701104,0.9109667830041707,0.9026695671107346
1.04,0.9996202148962547,1.514151922099986,0.32989172666548894,0.341891238559334,6.238564522650048,0.3895860213385836,0.964902546364134,0.562643279048206,11.351138218799566,0.5160502094046888,0.532780390414331,0.5570366184392886,0.8662330718951652,0.5438742455383521,10.297634792630712,0.4100642505425233,1.5927083861779987,0.9076690028015425,23.965215247252775,0.9681017511656838,0.9100097027541125,0.9015260116819471
1.0425,0.9996185085141771,1.515951862411661,0.3294834340496794,0.3414137083196318,6.239558310394377,0.38955765835709283,0.965056252929413,0.5622351383842382,11.35264208135826,0.5154484349754864,0.5320316934832817,0.5563830320981773,0.8661049574432705,0.5436711048830069,10.299958892609146,0.41014113211040604,1.5930678486759906,0.9061929452867559,23.936113393381778,0.9675959975327362,0.9090361863644316,0.9003652601071749
1.045,0.9996167952997245,1.5177594081532313,0.3290854200315376,0.34094620035011924,6.240566354827989,0.38952969334666065,0.9652121645397377,0.561833594792811,11.354143355828079,0.5148575151990062,0.5312949255083637,0.5557423792504825,0.8659565827290273,0.5434547510138894,10.302294176684057,0.4102188879097635,1.5934290409890917,0.9051041768139124,23.917534662602808,0.9670759200004161,0.9080462421194113,0.8991873042025219
1.0475,0.9996150752024439,1.5195746544634687,0.3286976456818099,0.34048867838862235,6.241588551171104,0.3895021157027208,0.9653702649890918,0.5614386582356399,11.355642265200164,0.5142774371969152,0.5305700460853292,0.5551145753871577,0.8657880009692246,0.5432252284233132,10.304640618023349,0.4102975278750621,1.593791958967251,0.9045359926244146,23.91301455630045,0.9665415607596035,0.9070398768589746,0.8979921330849394
1.05,0.9996133481713393,1.521397699657954,0.3283200711989752,0.34004110526636017,6.242624792071991,0.38947491411681195,0.9655305376736626,0.5610503353735508,11.357138987165111,0.5137081862672533,0.5298570125363348,0.5544995347803419,0.8655992664092159,0.5429825822050042,10.306998191438524,0.41037706169767824,1.5941565987146293,0.9039111827610439,23.907303837081134,0.9659929616780617,0.906017096209091,0.8967797334808206
1.0525,0.999611614154852,1.5232286459298783,0.327952655879564,0.3396034428884539,6.243674967443504,0.3894480766272392,0.9656929655665573,0.5606686294233316,11.358633651054712,0.5131497458589517,0.529155779868931,0.5538971703982312,0.8653904343227047,0.5427268580815343,10.30936687283613,0.4104574990354608,1.5945229565047552,0.9032298820628848,23.90040311715662,0.9654301643567091,0.9049779048918578,0.8955500901788345
1.055,0.9996098731008354,1.525067599851029,0.3275953580818452,0.3391756522087966,6.244738964277576,0.38942159066349985,0.9658575311891122,0.5602935399831785,11.360126334191365,0.5126020975387862,0.5284663007144255,0.5533073937883098,0.8651615610538098,0.5424581024586306,10.311746638660354,0.4105388497380199,1.594891028694312,0.9024922396106196,23.892313290502905,0.9648532102204075,0.9039223071040235,0.8943031866039306
1.0575,0.9996081249565297,1.526914672629613,0.3272481351836212,0.3387576931998368,6.2458166664416845,0.38939544308355506,0.9660242165794124,0.5599250628274355,11.361617057655332,0.5120652209513468,0.5277885252458314,0.5527301149295144,0.8649127040981947,0.5421763625034527,10.314137465342537,0.41062112408300466,1.595260811637997,0.9016984192847661,23.883035545902246,0.9642621406403004,0.9028503069506596,0.8930390054857159
1.06,0.9996063696685347,1.5287699800987211,0.32691094353513545,0.3383495248180915,6.246907954461471,0.3893696202035257,0.9661930032586694,0.559563189673565,11.36310578152142,0.5115390937728506,0.5271224010767651,0.5521652420553653,0.8646439222184717,0.5418816862431172,10.316539328770345,0.41070433301758097,1.5956323016064178,0.9008486002863272,23.872571378697824,0.9636569970868558,0.9017619089196309,0.8917575295927574
1.0625,0.9996046071827887,1.5306336424282712,0.32658373840835153,0.33795110496645586,6.248012705293978,0.38934410781990103,0.9663638721961492,0.5592079079266407,11.36459239966126,0.5110236916602358,0.5264678731438528,0.5516126814516639,0.8643552755879289,0.5415741226791968,10.318952203786033,0.41078848839832627,1.5960054947084916,0.8999429775830057,23.860922600402635,0.9630378213096948,0.9006571183824552,0.8904587425048068
1.065,0.9996028374445501,1.5325057835725953,0.326266473944084,0.3375623904546036,6.249130792096043,0.3893188912248334,0.9665368037733496,0.5588592004089912,11.36607673425175,0.510518988197378,0.525824883576415,0.5510723372339449,0.864046825955868,0.5412537219136497,10.321376063719637,0.4108736032218808,1.5963803868192445,0.8989817622506802,23.84809134547088,0.9624046555361504,0.8995359421080443,0.8891426293972855
1.0675000000000001,0.9996010603983893,1.5343865304839008,0.32595910309865467,0.3371833369589605,6.250262083992591,0.38929395521551285,0.9667117777481633,0.5585170450847575,11.367558530171497,0.510024954840527,0.5251933715583091,0.5505441111113781,0.8637186368275381,0.5409205352816273,10.323810879959574,0.41095969183800113,1.5967569735133975,0.8979651816886447,23.834080074762284,0.9617575426784457,0.8983983887774828,0.8878091778162824
1.07,0.9995992759881833,1.5362760121375671,0.32566157759188463,0.33681389898387437,6.251406445849624,0.3892692840989326,0.9668887732197665,0.5581814147908882,11.369037449502066,0.5095415608653028,0.5245732731877815,0.5500279021451449,0.8633707736517338,0.5405746154868273,10.326256621560233,0.4110467701362285,1.5971352500046732,0.8968934796973962,23.818891575487722,0.9610965265427763,0.8972444694902257,0.8864583784272864
1.0725,0.9995974841571266,1.538174358428037,0.32537384785831747,0.3364540298256817,6.25256373805686,0.3892448616935563,0.9670677685949999,0.557852276987329,11.370513066375606,0.5090687733177662,0.5239645213418997,0.5495236065103573,0.8630033040095596,0.5402160167354703,10.32871325488357,0.41113485569728475,1.5975152110903628,0.8957669164186604,23.80252895769676,0.9604216520384377,0.896074198254617,0.8850902257263721
1.075,0.9995956848477441,1.5400816990036883,0.3250958630035832,0.3361036815413786,6.253733816325111,0.3892206713294583,0.9672487415570301,0.5575295935397084,11.371984862423199,0.5086065569722892,0.523367045552567,0.5490311172712247,0.8626162977985633,0.5398447948655037,10.331180743270249,0.41122396790059496,1.597896851100462,0.8945857681477919,23.784995647628953,0.959732965385086,0.894887592458149,0.883704718707988
1.0775000000000001,0.9995938780019139,1.5419981621155765,0.32482757076774904,0.33576280492353666,6.254916531503516,0.38919669584844235,0.9674316690370814,0.557213320547613,11.373452223076102,0.5081548742988586,0.5227807719011895,0.5485503241793707,0.8622098274073129,0.5394610074682422,10.33365904673483,0.41131412798007766,1.5982801638505275,0.8933503270378742,23.766295378479377,0.9590305143147525,0.893684673315199,0.8823018614883316
1.08,0.9995920635608982,1.5439238735583896,0.3245689174973646,0.33543134948295433,6.256111729421803,0.3891729176054551,0.9676165271900391,0.5569034082305188,11.37491443495503,0.5077136854410096,0.5222056229387823,0.5480811135048711,0.8617839678764717,0.5390647140002682,10.336148121679585,0.4114053590215474,1.5986651425974117,0.8920609007218127,23.74643217930215,0.9583143482654043,0.8924654662918271,0.8808816638870987
1.0825,0.9995902414653716,1.5458589557822628,0.324319848127688,0.33510926344031244,6.257319250762645,0.3891493184723343,0.9678032913747066,0.5565998008816522,11.376370684550158,0.5072829482071444,0.5216415176376062,0.5476233679087448,0.8613387970434314,0.538655975884011,10.33864792062223,0.41149768589675684,1.5990517799971533,0.8907178118829532,23.72541036287928,0.9575845185639988,0.8912300015085135,0.879444141972843
1.085,0.9995884116554558,1.5478035272508934,0.32408030617629124,0.33479649372781334,6.258538930968961,0.38912587984458796,0.967991936139468,0.5563024368975561,11.377820058348831,0.5068626180769696,0.5210883713794253,0.5471769663642881,0.8608743956685395,0.5382348565959557,10.341158391934439,0.4115911351312273,1.5994400680645329,0.8893213978057848,23.703234513404777,0.9568410785979136,0.889978314122315,0.8779893185780943
1.0875000000000001,0.9995865740707469,1.549757702114022,0.3238502337488948,0.33449298600143995,6.25977060019068,0.3891025826515367,0.9681824352140548,0.5560112488881179,11.37926154451167,0.5064526482237462,0.5205460959841409,0.5467417841328893,0.860390847541876,0.5378014217418883,10.343679479590268,0.411685734705516,1.5998299981341644,0.8878720099359528,23.67990947477032,0.9560840839730447,0.888710444689871,0.8765172237897187
1.09,0.9995847286503388,1.5517215902501782,0.3236295715578959,0.33419868466409747,6.261014083275006,0.3890794073697914,0.9683747615080396,0.5557261638684443,11.380694036134228,0.5060529895526918,0.5200145997810285,0.5463176927978727,0.8598882395703432,0.537355739118949,10.346211122926423,0.41178151379234806,1.6002215608234132,0.8863700134732436,23.65544034009257,0.955313592657028,0.8874264395119286,0.87502789541785
1.0925,0.999582875332833,1.5536952977180907,0.3234182589536527,0.3339135328995133,6.2622691998036615,0.3890563340397213,0.9685688871165969,0.5554471035304918,11.38211633606543,0.5056635907553169,0.5194937877231337,0.5459045603576511,0.8593666618455391,0.5368978787645278,10.348753256419727,0.4118785024349702,1.6006147459979803,0.8848157870126395,23.629832442898397,0.9545296651079623,0.886126350958731,0.8735213794432305
1.095,0.9995810140563389,1.5556789276324243,0.3232162339681949,0.3336374727164037,6.263535764179858,0.38903334228431985,0.9687647833339542,0.5551739845890066,11.383527163189594,0.5052843983789883,0.5189835615436774,0.5455022513771324,0.8588262076934384,0.5364279129922014,10.351305809490768,0.4119767311750258,1.6010095427415316,0.8832097222375236,23.603091350097145,0.9537323643879853,0.8848102377737586,0.87199773043827
1.0975,0.9995791447584521,1.5576725814523464,0.32302343337066675,0.3333704450020741,6.264813585767132,0.3890104113297129,0.9689624206748654,0.5549067191933081,11.384925160020684,0.5049153569104069,0.5184838199516859,0.5451106271940732,0.8582669737073183,0.5359459164149648,10.353868706346601,0.4120762306410263,1.6014059393313695,0.8815522236562631,23.575222856533006,0.9529217562606423,0.8834781653510237,0.8704570119518332
1.1,0.9995772673762182,1.5596763606415716,0.3228397927334997,0.33311238958434297,6.266102469081289,0.38898752002650144,0.9691617689042988,0.5546452153939743,11.386308901408732,0.5045564088709175,0.5179944588625786,0.544729546175062,0.8576890597656024,0.5354519659559734,10.35644186587923,0.4121770311109518,1.6018039232227312,0.8798437083594802,23.546232980546627,0.9520979092699052,0.882130205978567,0.868899296842096
1.1025,0.9995753818460695,1.5616903686284112,0.3226652465080607,0.33286324530046335,6.2674022140360215,0.3889646468711822,0.9693627970754257,0.5543893776516573,11.387676904121934,0.504207494921811,0.5175153716581892,0.5443588640140907,0.8570925690363693,0.5349461408468882,10.35902520163986,0.41227916206447424,1.6022034810448063,0.8780846057612912,23.516127959605505,0.9512608947988227,0.8807664390380899,0.8673246675361685
1.105,0.9995734881037461,1.5637147129669127,0.32249972810834127,0.3326229500715725,6.26871261624182,0.38894177002705643,0.9695654735758523,0.5541391073741845,11.389027637045338,0.5038685539772395,0.517046449469732,0.5439984340653921,0.85647760797017,0.5344285226137161,10.361618621911854,0.4123826517416137,1.6026045986120214,0.8762753572745992,23.484914244713618,0.9504107871082664,0.8793869511480148,0.8657332161900377
1.1075,0.9995715860841888,1.5657495075782866,0.32234317000113505,0.3323914409811298,6.270033467356922,0.3889188673443048,0.9697697661819,0.5538943034677676,11.390359531728569,0.5035395233221357,0.5165875814765769,0.5436481077013521,0.8558442862825735,0.5338991950498286,10.364222029906896,0.4124875267251832,1.6030072609543793,0.8744164158594171,23.452598492011496,0.9495476633533876,0.8779918362349112,0.8641250447182774
1.11,0.9995696757214185,1.5677948749378752,0.32219550380108447,0.3321686543557953,6.2713645554878665,0.3888959163792479,0.9699756421205589,0.5536708505093421,11.391999944733998,0.5032203387325884,0.5161386552133966,0.5433077346859287,0.8551927169275245,0.533358244175638,10.366835324108955,0.4125938115640502,1.6034114523706593,0.8725082453753863,23.41918754976155,0.9486716035744807,0.8765811955165276,0.8625002646605451
1.1125,0.9995677569483943,1.5698509480683753,0.32205666036894853,0.33195452584723584,6.27270566563602,0.38887289441322165,0.970183068138549,0.5535628050839562,11.395886234410607,0.5029109345962046,0.5156995568782701,0.5429771635540315,0.8545230160622376,0.5328057581842949,10.369458398788975,0.41270152845299457,1.603817156508024,0.870551319666465,23.38468843881205,0.9477826906588228,0.8751551373789228,0.8608589968517333
1.115,0.9995658296968597,1.5719178722051976,0.32192656991143703,0.33174899051342094,6.274056580184856,0.3888497784719115,0.9703920105776885,0.5534596583782398,11.39974633733336,0.5026112440302675,0.5152701716346587,0.542656241987748,0.853835303004011,0.5322418273727809,10.372091144709048,0.4128106969827875,1.6042243564709295,0.8685461213085799,23.349108324684096,0.9468810102693626,0.8737137771308627,0.859201370865488
1.1175,0.9995638938971828,1.5739958060138612,0.32180516208094745,0.33155198289805315,6.275417079421057,0.38882654534638733,0.9706024354554903,0.5533612954541783,11.403578357150861,0.5023211989951236,0.5148503839007585,0.5423448171810253,0.8531297001790956,0.5316665440579882,10.374733450027964,0.4129213339711141,1.6046330349611877,0.8664931399609137,23.312454479655994,0.9459666507356661,0.8722572366210603,0.8575275242071845
1.12,0.9995619494781934,1.57608492226043,0.32169236607352614,0.331363437106863,6.276786942080608,0.3888031716174063,0.9708143085496245,0.5532676015051429,11.407380412053525,0.5020407304002531,0.514440077620524,0.5420427361853585,0.8524063330635963,0.5310800024777742,10.377385201410542,0.4130334533812836,1.6050431744495401,0.864392870279319,23.274734233654037,0.9450397029047362,0.8707856437082868,0.8558376012427334
1.1225,0.9995599963670253,1.5781854078619324,0.32158811072333976,0.3311832868795691,6.278165945908943,0.38877963368476237,0.9710275954845556,0.553178462308813,11.41115064398335,0.5017697682021753,0.514039136511566,0.5417498462301,0.8516653301163571,0.5304822986776072,10.380046285330677,0.41314706633150844,1.6054547573772,0.8622458093762477,23.235954913403546,0.9441002599511847,0.8692991315809726,0.8541317518638463
1.125,0.9995580344889694,1.5802974632721736,0.32149232459189236,0.3310114656563547,6.279553868222344,0.38875590780353575,0.9712422618183724,0.5530937646227368,11.414887226770608,0.5015082414928447,0.513647444286094,0.541465995012076,0.8509068227037848,0.5298735303841777,10.382716589543278,0.4132621811931866,1.6058677663835108,0.8600524538450457,23.196123770139433,0.9431484171469199,0.8677978379315077,0.8524101299082213
1.1275,0.9995560637673478,1.5824213011874952,0.3214049360501619,0.3308479066377404,6.28095048645593,0.3887319701289956,0.9714582731275434,0.5530133965187436,11.41858837310713,0.501256078577247,0.5132648848419972,0.5411910309502068,0.8501309450165565,0.5292537968681775,10.385396004683669,0.4133788037723905,1.6062821845533226,0.8578132964059703,23.155247897186193,0.9421842715924869,0.866281904000639,0.850672891373603
1.1300000000000001,0.9995540841234101,1.5845571445856623,0.3213258733517658,0.33069254283674127,6.282355578682249,0.3887077967716557,0.9716755950871271,0.5529372476539876,11.422252340295794,0.5010132070392337,0.5128913424219839,0.5409248034016788,0.8493378339780169,0.528623198799217,10.388084425935832,0.4134969375649722,1.6066979956750147,0.8555288222743191,23.113334139832777,0.941207921914808,0.8647514735183819,0.848920192486391
1.1325,0.9995520954762629,1.586705224138775,0.32125506469522846,0.33054530712219315,6.283768924083775,0.3886833638635822,0.9718941935438512,0.5528652094776045,11.425877434739498,0.5007795537948246,0.5125267017393683,0.5406671628368825,0.8485276291436901,0.5279818380964356,10.390781754694164,0.41361658407261837,1.607115184497515,0.8531995053943615,23.07038900106598,0.9402194679383729,0.8632066915787839,0.8471521877065352
1.135,0.9995500977428353,1.5888657750681443,0.3211924382734146,0.33040613225213095,6.285190303362499,0.38865864763654445,0.9721140345794629,0.5527971753728066,11.429462015150806,0.5005550451323452,0.5121708480695711,0.5404179609707797,0.8477004725906866,0.5273298177786395,10.393487900128964,0.4137377431650361,1.6075337369724296,0.8508258047222558,23.02641854778508,0.9392190103391815,0.861647703495536,0.8453690277686942
1.1375,0.9995480908378848,1.5910390335360352,0.32113792230824995,0.3302749508961146,6.286619499070754,0.3886336245120427,0.9723350845618973,0.5527330407347198,11.433004494475027,0.5003396067388642,0.5118236673066933,0.5401770508486236,0.8468565087948545,0.5266672418177077,10.396202780555413,0.4138604134722984,1.6079536404657804,0.8484081607727784,22.981428322994198,0.9382066502926016,0.860074653692683,0.8435708578728344
1.1400000000000001,0.9995460746740483,1.5932252326965102,0.3210914450689839,0.3301516956454427,6.288056295849152,0.3886082712026955,0.9725573101820782,0.5526727029844629,11.436503340526336,0.5001331637124631,0.5114850459846688,0.53994428688408,0.8459958844924302,0.5259942149985184,10.398926324500586,0.41398459279119215,1.6083748839230358,0.8459469926646124,22.935423270056162,0.9371824891268916,0.8584876846885616,0.8417578161437616
1.1425,0.9995440491619351,1.595424598555397,0.3210529348724687,0.33003629901029263,6.289500480560115,0.38858256482396647,0.9727806784745706,0.5526160615199741,11.43995707534024,0.4999356405599177,0.5111548712625691,0.5397195248478884,0.845118748521875,0.5253108427878241,10.401658471364916,0.4141102784899873,1.6087974579714186,0.84344269590421,22.888407675310606,0.9361466279938825,0.8568869362309125,0.8399300324771364
1.145,0.9995420142102681,1.597637345816714,0.3210223200642699,0.32992869340298997,6.29095184230892,0.38855648301482176,0.9730051568208365,0.5525630176040589,11.443364273248648,0.49974696117947315,0.510833030873712,0.5395026218053562,0.8442252516407964,0.5246172312134729,10.404399171583918,0.41423746789708205,1.6092213549449186,0.8414669313858386,22.85590250576506,0.9350991675673805,0.8552725446366667,0.8380876278789213
1.1475,0.9995399697260631,1.5998636739178302,0.32099952897986705,0.3298288111068708,6.292410172348214,0.38853000406562294,0.9732307129344657,0.5525134741902091,11.446723557688587,0.4995670488285505,0.5105194130384381,0.5392934360013407,0.84331554631267,0.5239134867543132,10.407148386213333,0.41436615866010484,1.6096465688201285,0.8397216703010175,22.829842204017773,0.9340402077783895,0.8536446423814937,0.8362307143864303
1.1500000000000001,0.9995379156148472,1.6021037634752051,0.320984489885774,0.3297365842305565,6.293875263866255,0.38850310705139873,0.9734573148284241,0.5524673356871034,11.450033596765094,0.4993958260764632,0.5102139063408617,0.5390918266920561,0.8423897864587673,0.5231997162402413,10.409906085885916,0.414496349062885,1.6100730950548934,0.8379288701802459,22.802675485941556,0.9329698475944963,0.8520033579725979,0.8343593956336995
1.1525,0.9995358517809063,1.6043577733728263,0.3209771309010936,0.3296519446479316,6.295346911663777,0.38847577196854943,0.973684930765075,0.5524245076634579,11.453293097604943,0.4992332147426578,0.5099163995706502,0.5388976539241223,0.8414481271724839,0.5224760267613441,10.412672249119282,0.4146280382879539,1.6105009303265883,0.836088677382715,22.774400193934262,0.9318881848491488,0.8503488161246633,0.8324737680940472
1.155,0.9995337781275516,1.6066258387221886,0.32097737990080394,0.32957482392469406,6.296824911728705,0.38844797987298446,0.9739135291904015,0.5523848964961696,11.456500799562527,0.49907913582152436,0.5096267815319974,0.5387107782628172,0.8404907243962363,0.5217425255851079,10.415446859990249,0.41476122661176534,1.6109300721724158,0.83420121988187,22.74501361422943,0.9307953161253274,0.8486811382446444,0.8305739230011864
1.1575,0.9995316945573978,1.608908069901901,0.32098516440293545,0.32950515323301754,6.2983090607221275,0.3884197130176048,0.974143078654503,0.5523484089664751,11.459655466372316,0.4989335093955022,0.5093449408234,0.5385310604734619,0.8395177345651346,0.5209993200812648,10.418229905229207,0.4148959155187002,1.6113605185400006,0.8322666120478858,22.71451260050784,0.9296913366972982,0.8470004432177014,0.8286599489199151
1.16,0.9995296009726355,1.611204552843969,0.32100041144268765,0.32944286325659095,6.29979915539253,0.38839095498686715,0.9743735477209966,0.5523149518110994,11.462755877383385,0.49879625453901644,0.5090707655935403,0.5383583611621717,0.8385293142265199,0.5202465176549894,10.421021370826024,0.4150321077184501,1.6117922672624314,0.83028496068341,22.682893731242107,0.9285763405334411,0.8453068484751202,0.826731934910639
1.1625,0.9995274972752888,1.6135153506719397,0.321023047437404,0.32938788408903885,6.301294991938245,0.38836169082587546,0.9746049048684085,0.5522844312379319,11.465800818057536,0.49866728921664016,0.5088041432803959,0.5381925403846959,0.8375256196496765,0.5194842256907181,10.423821238273558,0.41516980705005424,1.6122253154772568,0.8282563722236957,22.65015349886033,0.9274504203623058,0.8436004713163474,0.824789974210505
1.165,0.9995253833674417,1.6158405067155743,0.32105299804709914,0.3293401451293968,6.302796365340413,0.38833190716101273,0.9748371183870048,0.5522567524184121,11.468789069960684,0.49854653017970585,0.5085449603424156,0.5380334572344913,0.8365068064450546,0.518712551510579,10.426629480604184,0.41530901825534033,1.6126596590134648,0.82618096097089,22.61628852769785,0.9263136678040977,0.8418814304515083,0.8228341683383847
1.1675,0.9995232591514237,1.6181800488330724,0.3210901880358349,0.3292995749788579,6.304303068690126,0.38830159230861716,0.9750701562747232,0.5522318189712462,11.47171940052128,0.498433892866257,0.5082931019920309,0.5378809694233107,0.8354730292165069,0.5179316023530328,10.429446058395804,0.41544974660543754,1.6130952917737416,0.824058858196241,22.581295816707886,0.925166173571728,0.8401498477277082,0.8208646315210201
1.17,0.9995211245299417,1.6205339948735746,0.32113454113960127,0.32926610134332746,6.30581489253418,0.38827073636766823,0.9753039861359815,0.5522095324540252,11.474590552866552,0.4983292913096172,0.5080484519426782,0.5377349328691485,0.8344244412727226,0.5171414853784885,10.432270915935732,0.4155919973669439,1.613532205141151,0.8218902219127484,22.5451730020116,0.9240080277453646,0.8384058500012257,0.8188814953319709
1.1725,0.9995189794061518,1.6229023590203349,0.3211859799464045,0.3292396509463713,6.307331624263728,0.38823933129201393,0.9755385750871223,0.5521897918804635,11.477401236070598,0.49823263806087664,0.5078108921807298,0.537595201307169,0.8333611944247096,0.5163423077091156,10.435103977731982,0.4157357750995442,1.6139703874395441,0.8196752470931873,22.50791863355981,0.922839320120722,0.8366495711173336,0.8168849134317246
1.175,0.9995168236836659,1.6252851586797674,0.3212444257939686,0.32922014945687866,6.308853047569157,0.3882073709374508,0.9757738896721002,0.5521724932811889,11.480150116156446,0.4981438441302829,0.5075803027731984,0.537461625939154,0.8322834388944168,0.5155341765095535,10.437945145552213,0.4158810827843706,1.6144098234755804,0.8174804820659045,22.471355114906707,0.9216601406326876,0.8348811539586786,0.8148750662942126
1.1775,0.9995146572664936,1.6276824215333519,0.3213097986898186,0.3292075214351793,6.310378941982944,0.3881748510791035,0.9760098957917773,0.5521575293252061,11.48283580818496,0.4980628189518823,0.5073565617208043,0.5373340551360036,0.8311913233552614,0.5147171991136131,10.440794296150834,0.4160279207917726,1.6148504941871844,0.8152540583130204,22.434053940573165,0.920470579858329,0.8331007525208542,0.812852165800231
1.18,0.9995124800589166,1.6300941923546028,0.32138201725759175,0.3292016903005252,6.311909082529864,0.388141769395131,0.9762465586498207,0.5521447890174654,11.48545686973911,0.49798947037450625,0.5071395448641578,0.5372123342061056,0.8300849951184385,0.5138914831993213,10.443651279816217,0.41617628570763654,1.6152923764188485,0.8129811333589494,22.395600418959656,0.919270729597348,0.8313085339692541,0.8108164595706776
1.1825,0.9995102919653098,1.6325205392136524,0.32146099871231243,0.32920257832184857,6.313443239501056,0.38810812541387535,0.9764838427177582,0.5521341574856864,11.488011796077172,0.4979237046808877,0.5069291258486727,0.537096305240222,0.8289646004697815,0.5130571370108716,10.44651591983407,0.41632616904794006,1.6157354428386326,0.810662441470597,22.356007529411308,0.9180606835194063,0.8295046806242694,0.8087682349019917
1.185,0.9995080928899082,1.6349615587437265,0.321546658866207,0.32921010663268296,6.314981178365213,0.3880739204231603,0.9767217117212429,0.5521255158671073,11.490499017188984,0.4978654266359072,0.506725176151771,0.5369858070413176,0.8278302851510883,0.5122142696214331,10.449388012921862,0.4164775559006398,1.6161796620053566,0.8082987935174241,22.31529030476904,0.9168405378606368,0.8276893918128846,0.8067078221538594
1.1875,0.9995058827365365,1.6374173802183836,0.32163891216557305,0.32922419527023195,6.316522659826507,0.38803915734246053,0.9769601286490114,0.5521187413036396,11.49291689695312,0.4978145395637707,0.5065275651743204,0.5368806751459,0.8266821949680101,0.5113629912256713,10.452267330645507,0.4166304235411494,1.6166249985877144,0.8058910791458417,22.2734659028261,0.9156103921447528,0.8258628855147561,0.8046355974274327
1.19,0.9995036614083067,1.639888168274203,0.3217376717583926,0.3292447632379039,6.318067440035314,0.3880038405609591,0.9771990557854767,0.552113707052352,11.495263734565501,0.49777094545308276,0.5063361603973797,0.5367807419422661,0.8255204764946862,0.5105034134456884,10.45515362178492,0.4167847400716567,1.6170714137301492,0.8034402672507874,22.230553633166124,0.9143703498969795,0.8240253997217037,0.8025519843643094
1.1925000000000001,0.9995014288072981,1.642374124198576,0.32184284959186354,0.32927172859030274,6.319615270953985,0.38796797574687125,0.9774384547673008,0.5521102827175579,11.497537768395173,0.49773454508862003,0.5061508276053749,0.5366858368907513,0.8243452778343624,0.5096356496294288,10.45804661557282,0.41694046313484845,1.6175188655537902,0.8013475058822761,22.197657906561897,0.9131205193127258,0.8221771934232073,0.8004574548961227
1.195,0.9994991848342287,1.6448754857765144,0.32195435653884963,0.32930500853966704,6.32116590087631,0.3879315696356137,0.9776782866637391,0.5521083346108985,11.49973718241868,0.49770523820890455,0.5059714311776904,0.5365957868515352,0.8231567493863204,0.5087598151169943,10.460946025692051,0.4170975387492496,1.6179673097747072,0.8000773794935306,22.187692780583816,0.9118610138388364,0.8203185471292219,0.79835252878555
1.1975,0.9994969293881258,1.6473925257486906,0.32207210255231794,0.3293445195830184,6.322719075095597,0.3878946298061503,0.97791851207997,0.5521077262463995,11.501860115384996,0.49768292368931366,0.5057978344520501,0.5365104165264107,0.8219550445636115,0.5078760274483232,10.463851554883531,0.4172559003068618,1.6184167004166112,0.7987597673253254,22.17657562789339,0.9105919526235279,0.8184497628472563,0.7962377718247621
1.2,0.9994946623660074,1.6499255489754725,0.322195996847017,0.3293901776496577,6.324274536712462,0.3878571644559481,0.9781590912820342,0.5521083189778183,11.503904672856148,0.49766749975115976,0.5056299001643966,0.5364295490215552,0.8207403204041589,0.5069844064857686,10.466762899989998,0.4174154677650524,1.6188669905909576,0.7973954306276685,22.1643203846682,0.9093134607923424,0.8165711634445176,0.7941137925983601
1.2025000000000001,0.9994923836625822,1.6524748884339155,0.3223259481077256,0.32944189826894354,6.325832027569325,0.3878191821852263,0.9783999843413701,0.552109972784913,11.505868942241673,0.49765886419766153,0.5054674909706027,0.5363530065379679,0.8195127380203348,0.5060850744275587,10.469679757241527,0.4175761470549813,1.619318133314442,0.7959851788922871,22.15094229334095,0.9080256695124083,0.8146830913482384,0.7919812377741567
1.205,0.9994900931699758,1.6550409002047084,0.3224618647231797,0.3294995967582775,6.327391289294343,0.38778069180051083,0.978641151296277,0.5521125472126882,11.507751010883272,0.4976569146778562,0.505310470054534,0.536280611194096,0.8182724628391711,0.5051781556929495,10.47260182757757,0.417737829719568,1.6197700823321473,0.794529861025342,22.13645768068135,0.9067287158160419,0.8127859065671679,0.7898407859540273
1.2075,0.999487790777496,1.6576239576421048,0.32260365504408856,0.32956318843075477,6.328952064432781,0.38774170214592674,0.9788825523269009,0.5521159024626214,11.509548987139986,0.4976615489787027,0.5051587018242168,0.5362121859806946,0.8170196645965239,0.504263776666808,10.47552882179729,0.4179003927862924,1.6202227929141324,0.7930303546606118,22.12088368515205,0.9054227421668137,0.8108799840524713,0.7876931401936188
1.21,0.9994854763714386,1.6602244449665051,0.32275122766240855,0.3296325888209102,6.330514097639232,0.38770222196831855,0.9791241479396317,0.5521199006270342,11.511261024269757,0.4976726653439435,0.5050120526928465,0.5361475558409003,0.8157545170628089,0.5033420652998101,10.47846046533541,0.41806369887478456,1.6206762225941,0.7914875539139092,22.104237941113634,0.9041078957652147,0.808965710453715,0.7855390193772485
1.2125000000000001,0.9994831498349528,1.6628427505752679,0.32290449170729607,0.3297077139254398,6.332077136899678,0.38766225981941405,0.9793658991561168,0.5521244070473871,11.51288534670523,0.4976901628157589,0.5048703919342362,0.5360865488590609,0.814477197493981,0.5024131505695612,10.481396502474038,0.41822759653650243,1.6211303318208294,0.7899023559813052,22.086538230197778,0.9027843276057287,0.8070434803614414,0.7833791487054457
1.215,0.9994808110479616,1.6654792604243034,0.32306335715106504,0.3297884804538339,6.333640934748843,0.38762182399513706,0.9796077677015457,0.5521292917650468,11.51442027809305,0.49771394159203675,0.5047335925935548,0.5360289975307084,0.8131878858176225,0.5014771618167665,10.48433669982212,0.4183919208235802,1.621585084496333,0.7882756470630841,22.067802112338455,0.9014521913110581,0.805113692158128,0.7812142496098408
1.2175,0.999478459887151,1.668134351877208,0.3232277351162926,0.3298748060817616,6.335205249445977,0.38758092250917214,0.9798497161865055,0.5521344310201252,11.515864270227361,0.4977439033885475,0.5046015324247141,0.5359747400742794,0.8118867635787304,0.5005342279781619,10.4872808489219,0.41855649408543194,1.6220404483789923,0.7866082881438525,22.048046550326347,0.9001116417807028,0.8031767436207877,0.7790450294473742
1.22,0.9994760962260203,1.6708083884335263,0.32339753817326033,0.32996660969809305,6.336769846071882,0.38753956309527055,0.980091708276655,0.5521397087417527,11.517215931785323,0.49777995179199797,0.504474094816633,0.5359236217340521,0.810574012681679,0.4995844767434612,10.490228767875804,0.41872112699386477,1.6224963953351823,0.7849011011713242,22.02728754218263,0.8987628336990674,0.8012330274288394,0.7768721713391125
1.2225,0.9994737199349951,1.6735017157183825,0.3235726806155083,0.33006381163493775,6.33833449751173,0.38749775323083147,0.9803337088447345,0.5521450179631024,11.518474055591142,0.49782199258726545,0.5043511696630193,0.5358754960147065,0.8092498139730129,0.4986280336666282,10.493180301925554,0.4188856197991016,1.6229529014288429,0.7831548561503832,22.005539775083253,0.8974059199526908,0.7992829267294345,0.7746963245070204
1.225,0.9994713308815881,1.6762146590332783,0.32375307870067627,0.3301663338692767,6.339898985292335,0.3874555001731319,0.9805756841000645,0.5521502620880298,11.519637643020816,0.4978699340403671,0.5042326541253741,0.5358302257821647,0.807914345713881,0.4976650212622363,10.4961353229569,0.41904976381915665,1.6234099468448762,0.7813702596073738,21.982816313055377,0.8960410500062027,0.7973268108999194,0.7725180954265378
1.2275,0.9994689289305998,1.6789475226329793,0.323938650844186,0.33027410018486325,6.341463100248784,0.38741281099930325,0.9808176016916521,0.5521553559344402,11.520705924131896,0.4979236871186879,0.5041184532375141,0.5357876841639658,0.8065677819913253,0.4966955581158145,10.499093727945706,0.41921334316260106,1.6238675156488072,0.7795479447885382,21.95912832836843,0.8946683682828077,0.7953650316258227,0.7703380400580122
1.23,0.9994665139443356,1.6817005907174674,0.32412931775473797,0.33038703628413074,6.34302664300315,0.387369692641727,0.9810594307822322,0.5521602264831611,11.521678372173792,0.49798316563143297,0.5040084803025754,0.5357477551859657,0.8052102911150477,0.4957197580334769,10.502055436402122,0.4193761366794828,1.6243255953914801,0.7776884638455808,21.93448488369204,0.8932880125888852,0.7933979193858675,0.768156657352193
1.2325,0.9994640857828274,1.6844741299321282,0.3243250025029827,0.330505069841846,6.344589424246916,0.3873261519118721,0.9813011420919485,0.5521648132704366,11.522554711310107,0.498048286276147,0.5039026570403768,0.5357103340908388,0.8038420340417055,0.4947377292515416,10.505020386906583,0.4195379201270374,1.6247841765732907,0.7757922821420172,21.908892768986572,0.8919001126147409,0.7914257804067737,0.7659743841514669
1.235,0.9994616443040384,1.6872683929811103,0.32452563051791183,0.3306281304950513,6.346151264827576,0.38728219550758136,0.9815427079117492,0.5521690683770093,11.52333491666125,0.4981189685816313,0.5038009134539735,0.5356753272974326,0.8024631628633263,0.4937495737220576,10.507988532862022,0.4196984685262955,1.6252432519871916,0.773859774698413,21.882356394046923,0.8905047885364211,0.7894488941236594,0.7637915915367407
1.2375,0.999459189364038,1.6900836228072011,0.3247311295092397,0.3307561497672178,6.347711995648136,0.3872378300012655,0.9817841020878422,0.5522324707013356,11.525261296524526,0.4981951347431899,0.5037031873986048,0.5356426519778104,0.8010738193910686,0.4927553864858665,10.510959837608723,0.4198575586735798,1.6257028159631202,0.7718912246942112,21.85487773493733,0.8891021497384151,0.7874675111596968,0.7616085826065727
1.24,0.9994567208171348,1.6929200567018294,0.32494142931800213,0.33088906092822523,6.349271457394826,0.3871930618091916,0.9820252999795808,0.5523099147939027,11.52739356845973,0.4982767093524649,0.503609423853157,0.5356122352497638,0.7996741338609716,0.4917552551415063,10.513934269060615,0.4200149717582559,1.6261628635384069,0.7698868238677206,21.826456330485406,0.8876922936741876,0.7854818518233833,0.7594255916253719
1.2425,0.9994542385159697,1.695777929698107,0.32515646170146983,0.3310267987954776,6.350829500112992,0.38714789714484965,0.9822662783938689,0.5523860220941119,11.529411708706277,0.49836361903071086,0.503519573912499,0.535584013005301,0.7982642237849829,0.49074925941621717,10.516911794023443,0.4201704960261636,1.6266233895789832,0.7678466746099694,21.797089323716328,0.886275304880428,0.7834921051142155,0.757242784444398
1.245,0.9994517423115639,1.6986574766745097,0.32537616006194287,0.3311692994848663,6.3523859826533915,0.3871023419620091,0.9825070154995205,0.5524607795037793,11.531316357776548,0.49845579198026446,0.5034335935372765,0.5355579284185003,0.7968441929685671,0.489737470844532,10.519892372348057,0.4203239294181267,1.6270843878750842,0.7657707935344369,21.76677154267073,0.88485125416171,0.7814984282273676,0.7550602600836029
1.2475,0.9994492320533388,1.7015589327515324,0.3256004591317864,0.3313165001231164,6.353940772011128,0.38705640189531093,0.9827474907250139,0.5525341799529747,11.533108284732325,0.49855315747446116,0.5033514421144463,0.5355339301973386,0.7954141307155488,0.48871995256034084,10.522875951056779,0.42047508210593687,1.6275458502327904,0.7636591163210528,21.73549561541985,0.8834201979651181,0.7795009465538293,0.7528780533627643
1.25,0.9994467075891206,1.7044825317822203,0.3258292946289721,0.33146833853506724,6.3554937425774565,0.38701008220782174,0.9829876846427715,0.5526062203582167,11.53478834843643,0.49865564531072204,0.5032730808955479,0.535511970661867,0.7939741112414203,0.4876967592096326,10.525862458562276,0.42062377884519814,1.628007765579875,0.7615115036731258,21.70325211511806,0.8819821779684927,0.7774997541821761,0.7506961384834269
1.2525,0.9994441687651442,1.7074285029946994,0.3260626028982531,0.33162475292046906,6.357044775321225,0.3869633877556885,0.9832275788425546,0.5526768994881158,11.536357456907755,0.49876318525357777,0.5031984713890595,0.5354920037436054,0.7925241933180014,0.4866679369930702,10.52885179907961,0.42076986106611414,1.6284701191015312,0.7593277482808921,21.67002973237921,0.8805372209085782,0.7754949149191533,0.7485144334841843
1.2550000000000001,0.9994416154260809,1.7103970661091707,0.3263003205528566,0.3317856815348182,6.358593756912481,0.3869163229796968,0.9834671557959143,0.5527462158426673,11.53781652677063,0.4988757064947472,0.5031275737870747,0.5354739830068899,0.7910644201748976,0.4856335238498182,10.531843847318546,0.42091318863017035,1.6289328914194434,0.7571075827439325,21.635815473831347,0.879085338679874,0.7734864638558254,0.7463328055151977
1.2575,0.9994390474151044,1.7133884254886398,0.3265423841302475,0.33195106238759997,6.360140578796421,0.3868688919320631,0.9837063987129614,0.5528141656513851,11.539166444781385,0.4989931371555571,0.5030603455042703,0.5354578597910998,0.7895948196864164,0.48459354979629143,10.534838443538105,0.4210536411928339,1.629396057826891,0.7548506884552563,21.600594887081666,0.8776265287411913,0.7714744095116453,0.7441510768979346
1.26,0.999436464574003,1.716402764058264,0.32678872977322265,0.3321208329691331,6.361685136222271,0.3868210983442138,0.9839452913921662,0.5528807410860289,11.540408033249582,0.49911540385307424,0.5029967398985474,0.5354435815629305,0.788115404875995,0.48354803743531016,10.537835389051926,0.4211911191296318,1.6298595875935706,0.7525567054819227,21.564352313222106,0.8761607748640063,0.7694587365882731,0.7419690319478767
1.2625,0.9994338667433512,1.7194402378147409,0.32703929294451883,0.33229493001419264,6.363227327229262,0.3867729457377881,0.9841838180635218,0.5529459287662388,11.541542020855456,0.49924243134586255,0.5029367052282873,0.5354310905506365,0.786626174772913,0.48249700265205,10.540834442290581,0.42132554400458816,1.6303234433565676,0.750225243483037,21.527071168210465,0.874688048250703,0.767439409356771,0.7397864245376337
1.2650000000000001,0.9994312537627297,1.7225009717278763,0.3272940081795708,0.3324732893069888,6.3647670515914045,0.3867244375769833,0.9844219632253354,0.5530097086122278,11.542569019921775,0.49937414226846555,0.5028801838819651,0.5354203227087468,0.7851271156568616,0.48144045551250364,10.543835315553581,0.421456858584788,1.6307875806179957,0.7478558936819322,21.488734253860365,0.8732083090479219,0.7654163756849441,0.7376029863633808
1.2675,0.9994286254709878,1.7255850577098764,0.3275528088783558,0.3326558455282359,6.366304209724341,0.38667557745605596,0.9846597114751532,0.5530720530699476,11.543489510667333,0.4995104569560658,0.5028271118936639,0.5354112070342526,0.7836182027230714,0.48037840137717164,10.546837672612734,0.4215850264310015,1.6312519473743148,0.745448241856065,21.449324097778028,0.871721508273193,0.7633895716859375,0.7354184358486534
1.27,0.9994259817065281,1.7286925551096757,0.327815627133815,0.33284253214134274,6.367838701561292,0.3866263693118368,0.9848970473359064,0.553132926703641,11.5443038324025,0.49965129335329816,0.5027774187349586,0.5354036652263799,0.7820994021922485,0.47931084223659237,10.549841127351337,0.42171003111953625,1.6317164839058593,0.7430018822306897,21.40882331953,0.8702275901590948,0.7613589269353346,0.7332324875780468
1.2725,0.9994233223075903,1.7318234939103245,0.3280823935915112,0.33303328131159066,6.369370425410916,0.3865768176479889,0.9851339550792605,0.5531922861215566,11.545012181083392,0.4997965669946008,0.5027310273521192,0.535397611654789,0.7805706738737322,0.4782377782654436,10.552845243630886,0.42183187517206927,1.6321811227562208,0.7405164320695043,21.367215017850206,0.8687264949000187,0.7593243701634717,0.7310448621027508
1.2750000000000001,0.9994206471125079,1.7349778805066347,0.3283530373333322,0.3332280238499113,6.370899276817148,0.3865269277558712,0.9853704185492671,0.5532500801759712,11.545614612178028,0.4999461910385157,0.5026878543999354,0.5353929535783379,0.7790319741659801,0.47715920957807406,10.555849536558386,0.4219505787853771,1.6326457889282613,0.7379915466583331,21.32448317109931,0.8672181617593503,0.7572858352850598,0.7288552959050058
1.2775,0.9994179559599068,1.7381557056579864,0.3286274857774104,0.3334266891718314,6.37242514744897,0.386476705916508,0.9856064209906494,0.5533062503611821,11.546111047464546,0.5001000763355838,0.5026478106116423,0.5353895915409154,0.7774832594458695,0.47607513815079733,10.558853475277706,0.4220661784592125,1.6331104003158443,0.7354269342883633,21.280613040793956,0.8657025324620921,0.7552432675830607,0.7266635512552988
1.28,0.9994152486888288,1.7413569539799303,0.3289056645871493,0.3336292052624818,6.373947924055834,0.38642615956936593,0.9858419448872401,0.5533607313246488,11.54650128421193,0.5002581315092427,0.5026108012397166,0.5353874198639711,0.7759244897592616,0.4749855698563043,10.56185648732567,0.4221787256165135,1.633574868377579,0.7328223707743954,21.23559156611776,0.86417955476529,0.7531966298226495,0.7244694256506314
1.2825,0.9994125251387482,1.7445816141780361,0.32918749758425536,0.33383549864029005,6.375467487530679,0.3863752974362309,0.9860769718170598,0.553413451407704,11.546785005200867,0.500420263031515,0.5025767265051302,0.5353863271578646,0.7743556326835721,0.47389051653516895,10.564857964483062,0.42228828529545676,1.634039099041782,0.730177712999669,21.189407736133,0.8626491860687804,0.7511459080391852,0.7222727604906614
1.285,0.9994097851494794,1.7478296891456326,0.32947290666375906,0.33404549431490266,6.376983712126249,0.38632412959211215,0.9863114823311072,0.5534643331427359,11.546961788217116,0.5005863752798977,0.5025454820024485,0.5353861967854138,0.7727766671941457,0.47278999801137594,10.567857269924877,0.42239493496896696,1.6345029938123856,0.727492910967454,21.14205292606284,0.8611113969046809,0.7490911167266382,0.7200734486363571
1.2875,0.9994070285609645,1.7511012050419745,0.3297618117127362,0.3342591157386429,6.378496464870745,0.38627266747929023,0.9865454558629805,0.5535132936517454,11.547031113961419,0.5007563705678744,0.5025169590234498,0.5353869072293147,0.7711875873363832,0.47168404394619784,10.57085374634887,0.42249876351716276,1.634966451026162,0.7247680178629211,21.093521184547065,0.859566174128656,0.747032303154514,0.7178714405074136
1.29,0.9994042552129563,1.754396218533843,0.3300541305382657,0.334476284754879,6.380005605224837,0.38622092386485013,0.9867788706758268,0.5535602449141012,11.54699237172118,0.5009301491490102,0.5024910447805632,0.5353883323377729,0.7695884054910482,0.4705726954204939,10.573846724657677,0.4225998703461664,1.635429367195562,0.7220031976856623,21.043809460146797,0.8580135236314553,0.7449695505650192,0.7156667484126307
1.2925,0.9994014649446096,1.7577148215174452,0.3303497788134535,0.33469692155042596,6.381510985013793,0.3861689127457923,0.9870117038518459,0.5536050938958857,11.546844862582963,0.5011076092011925,0.5024676225307294,0.5353903414465044,0.7679791550258178,0.46945600614173694,10.576835532704742,0.4226983646176186,1.6358916383614264,0.7191987301003309,20.992917757489924,0.8564534724016093,0.74290298004895,0.7134594488723442
1.295,0.9993986575940207,1.761057142836254,0.3306486700525166,0.3349209446219278,6.383012448655994,0.3861166492087166,0.9872439313276336,0.553647742556157,11.546587800372851,0.5012886468031593,0.5024465716176877,0.5353927993970389,0.7663598921543076,0.4683340431896415,10.57981950360252,0.42279436453183417,1.6363531613779936,0.7168285407812955,20.954691639402956,0.8548860698078065,0.7408327509666515,0.7112496827818967
1.2975,0.9993958329977489,1.764423346770301,0.3309507156264929,0.33514827076754367,6.3845098336932695,0.38606414925288834,0.987475527976207,0.5536880877638687,11.546220310844419,0.5014731559190482,0.5024277674639317,0.5353955664881529,0.764730696873608,0.4672068872424019,10.582797983138034,0.42288799659732046,1.6368138350598442,0.7147042974883925,20.923670506302642,0.8533113880239813,0.7387590598649062,0.7090376533756227
1.3,0.9993929909903685,1.767813628382427,0.3312558248298992,0.33537881511491174,6.386002971610737,0.3860114295861885,0.9877064677338077,0.5537260211710289,11.545741429855736,0.5016610284077033,0.5024110815511827,0.5353984984074217,0.7630916729185726,0.46607463226185397,10.585770335942357,0.42297939482199354,1.6372735611361187,0.7125338646503938,20.891317805335678,0.8517295215759255,0.7366821379348655,0.7068236220750871
