tau,total_energy_fraction,total_critical_fraction,C0_fraction,E0_fraction,N0,minority0,scale0,Rinf0,concentration0,Q3_0,Q8_0,Q16_0,C1_fraction,E1_fraction,N1,minority1,scale1,Rinf1,concentration1,Q3_1,Q8_1,Q16_1
0.0,1.0,1.0,1.0,1.0,6.465486640239153,0.3681210446747663,1.0,1.0,12.225505060972356,1.0,1.0,1.0,0.0,0.0,0.0,0.0,0.0,0.0,0.0,0.0,0.0,0.0
0.0025,0.999997957676621,0.999984204617449,0.9999663941690794,0.9999863112770578,6.465357864680833,0.36811850561990467,0.999980082619378,1.000483187073044,12.231252364684504,1.0003653902803538,1.0010052749487603,1.0009182451573586,1.7726542363987498e-05,1.147120193269832e-05,9.99116949596189,0.4095027550086762,1.5453081959492418,0.004985346065397972,27.80819282517356,0.004710808988283379,0.004933245114734364,0.005007762557330397
0.005,0.9999959153795704,0.999979134844189,0.9999078178331372,0.9999492687304399,6.465218626419735,0.36811590400870237,0.999958546999734,1.0009911147870834,12.23742506766421,1.0007157284204078,1.001990503113211,1.0018141709896737,7.098051306038574e-05,4.594552126475393e-05,9.988428605799658,0.4092877531880963,1.5448842695977167,0.009971977798689772,27.785772290289746,0.00942850205232939,0.009872794320268444,0.010019804662116426
0.0075,0.9999938730526466,0.9999848170454443,0.9998241901106445,0.999888785094955,6.465068955778328,0.3681132616659429,0.9999353978309653,1.0016239980516364,12.245249126645811,1.001050927525205,1.002955590604115,1.002687895980521,0.000159866571036096,0.00010350916012643552,9.985736315434984,0.40907355545456275,1.544467860050457,0.01495755922078875,27.759844151654338,0.014152644336459819,0.014818082178248693,0.015035631462604154
0.01,0.9999918306395659,1.0000012764417596,0.9997154364368205,0.9998047789509282,6.464908884617725,0.36811060049640604,0.9999106400409473,1.0022149766458186,12.252685428165135,1.0013709041806511,1.0039004495305308,1.0035395485014398,0.0002844802706831578,0.00018424182898213386,9.983093414101603,0.4088601858187527,1.5440590893761923,0.019939757350481275,27.730421887755742,0.018882803710464045,0.019768549767194627,0.020054764911235128
0.0125,0.9999897880839632,1.0000285371056024,0.9995814885838326,0.9996971747490765,6.464738446311293,0.3681079424754023,0.999884278791452,1.0027639914603061,12.259734011047879,1.001675578469775,1.0048249979625474,1.0043692665686323,0.00044490811062807505,0.0002882167484576563,9.980500650268329,0.4086476666103431,1.5436580733386465,0.02491624455119259,27.69752072573101,0.02361855090592612,0.02472364490714005,0.025076743905788935
0.015,0.999987745329395,1.0000666219583898,0.9994222846768221,0.9995659028314882,6.4645576757179954,0.3681053096392626,0.9998563194740245,1.0032709931190724,12.266394983851315,1.0019648739868543,1.0057291598900266,1.0051771975839057,0.0006412275847479541,0.0004155006544274092,9.977958730905018,0.4084360184748885,1.5432649212830083,0.02988470088040058,27.66115763884015,0.028359459646844106,0.029682822377737346,0.03010112438280723
0.0175,0.9999857023193405,1.00011555276793,0.9992377692057607,0.9994108994487074,6.46436660915543,0.36810272407579214,0.9998267677058132,1.003735941998269,12.272668524758362,1.0022387178494496,1.0066128651774617,1.005963498059936,0.0008735072351555477,0.0005661538062590546,9.975468320822772,0.40822526037715967,1.5428797360338817,0.03484281643846197,27.62135134269518,0.03310510677374277,0.03464554412959037,0.03512747936198331
0.02,0.9999836589972022,1.000175350146265,0.9990278930331543,0.9992321067729288,6.464165284372666,0.3681002079146995,0.9997956293253686,1.0041588082403416,12.278554881453562,1.0024970407083467,1.0074760495150445,1.0067283333299513,0.0011418067069123665,0.0007402299981170483,9.973030042089757,0.4080154096109051,1.5425026138049314,0.0397882937136128,27.578122290247553,0.03785507235986965,0.039611279488553905,0.04015539894041293
0.0225,0.999981615306309,1.000246033547915,0.9987926133976097,0.9990294729073143,6.463953740522839,0.36809778331800896,0.9997629103884039,1.0045395717633472,12.2840543709806,1.0027397767551183,1.008318654366059,1.0074718772419966,0.0014461768042470058,0.000937776573230707,9.970644473523727,0.40780648181496976,1.5421336441203939,0.04471884991991105,27.531492665539755,0.04260893981938674,0.04457950535271265,0.045184490235841285
0.025,0.9999795711899174,1.0003276212685046,0.998531893913285,0.9988029518914394,6.463732018135594,0.36809547247046687,0.9997286171635343,1.0048782222654187,12.289167379580958,1.0029668637273284,1.0091406269107026,1.0081943118379906,0.0017866595480746056,0.0011588344410370579,9.968312150262266,0.40759849099567774,1.5417729097486075,0.04963221932490047,27.481486376228226,0.04736629600874517,0.04954970638172855,0.050214377278306986
0.0275,0.9999775265912138,1.0004201304437637,0.9982457045652459,0.9985525037028951,6.463500159089336,0.3680932975699508,0.9996927561279837,1.005174759224355,12.293894362513297,1.0031782429116647,1.0099419199864574,1.0088958270178505,0.0021632882346327717,0.0014034380971136467,9.966033563411326,0.40739144955535495,1.5414204866476517,0.054526155563796495,27.42812904488715,0.052126731322096526,0.054521375178225084,0.055244700849874
0.03,0.9999754814533142,1.000523577048896,0.9979340217007656,0.9982780942550565,6.463258206583397,0.3680912808178904,0.9996553339632803,1.005429191892291,12.298235843853268,1.00337385914504,1.0107224920251119,1.0095766201889942,0.0025760874950691752,0.0016716156458216576,9.963809159772525,0.40718536832684404,1.5410764439231712,0.05939843393702102,27.37144799910396,0.0568898397809633,0.05949401246085833,0.06027511827245581
0.0325,0.9999734357192689,1.0006379758983008,0.9975968280165906,0.9979796953910541,6.463006205110051,0.36808944440970925,0.9996163575509283,1.0056415392854392,12.302192416273337,1.003553660813621,1.0114823069865633,1.0102368959016221,0.0030250733558363167,0.0019633888255850807,9.961639341649386,0.40698025661383574,1.540740843798405,0.06424685368794819,27.311472260379354,0.061655219119713306,0.06446712722871006,0.06530530314406832
0.035,0.9999713893320622,1.0007633406456393,0.9972341125422164,0.9976572848739661,6.462744200426474,0.3680878105252957,0.9995758339680713,1.0058118301688659,12.305764740802323,1.0037175998497747,1.0122213342895117,1.0108768654702163,0.0035102532997693557,0.0022787730367371927,9.959524466732404,0.4067761222368144,1.5404137415964114,0.06906924025776465,27.24823253184616,0.06642247086523877,0.06944023691662604,0.07033494502419703
0.0375,0.9999693422346158,1.0008996837842328,0.9968458706192151,0.9973108463732723,6.462472239526653,0.36808640131951226,0.9995337704831467,1.0059401030362942,12.308953546564283,1.003865631726946,1.0129395487391657,1.0114967465817686,0.004031626327743451,0.002617777371871228,9.9574648480627,0.40657297158439326,1.5400951857344465,0.07386344751439503,27.181761184822786,0.07119120040858219,0.07441286754111429,0.07536374906932394
0.04,0.9999672943697892,1.001047016647786,0.9964321038766518,0.9969403694476018,6.462190370613225,0.3680852389127496,0.9994901745515314,1.0060264060849262,12.311759630496502,1.0039977154524824,1.0136369304520887,1.0120967628913244,0.0045891830208274155,0.002980404648637778,9.955460754073632,0.40637080966978834,1.5397852177303994,0.07883021098095154,27.182038835310454,0.07596101707271831,0.07938455383641393,0.08039143562002832
0.0425,0.9999652456803831,1.0012053494114208,0.9959928202026479,0.9965458495238159,6.461898643069347,0.3680843453815361,0.9994450538111895,1.006070797185271,12.314183857046238,1.0041138135584249,1.0143134647783008,1.0126771436054711,0.005182905602870736,0.003366651444937076,9.95351240870963,0.40616964019216145,1.5394838722211726,0.08387098205962268,27.205367936671603,0.08073153417717822,0.08435483938034431,0.08541773974144604
0.045,0.99996319610914,1.0013746910930104,0.995528033712135,0.9961272878724697,6.4615971074305225,0.36808374274920724,0.999398416078316,1.006073343845991,12.316227157846035,1.0042138920902948,1.014969142220769,1.0132381230545,0.00581276800348074,0.0037765081364598972,9.951619991621174,0.4059694656025387,1.5391911769928384,0.08891637339337434,27.226756267052274,0.08550236909941374,0.08932327670954691,0.09044241071923967
0.0475,0.9999611455987472,1.001555049554807,0.995037764710862,0.9956846915796976,6.461285815356495,0.3680834529766444,0.9993502693429892,1.0060341231737584,12.317890531367247,1.004297920593901,1.015603958352406,1.0137799402540018,0.006478735921366087,0.004209958936536203,9.949783638434715,0.40577028717399344,1.5389071530223875,0.09396491110384358,27.2462040895136,0.09027314333110925,0.09428942742374034,0.09546521151359036
0.05,0.9999590940918386,1.0017464315053448,0.9945220396557085,0.9952180735155775,6.460964819603158,0.3680834979530895,0.9993006217648256,1.0059532218281493,12.31917504255172,1.0043658721001996,1.0162179137307108,1.014302838456757,0.007180766888041395,0.004666981938255962,9.948003441096025,0.40557210507576497,1.5386318145308329,0.099015123536414,27.263712382502607,0.09504348252683277,0.09925286227861943,0.10048591817406938
0.0525,0.9999570415309957,1.001948842501618,0.9939808911113711,0.9947274522990212,6.460634173994538,0.3680838994870416,0.9992494816686474,1.0058307359715837,12.320081822421335,1.0044177231082316,1.0168110138101751,1.014807064695823,0.007918810331905753,0.005147549158831551,9.946279448285274,0.40537491845096796,1.5383651690474098,0.1040655423835791,27.27928283847374,0.09981301654508344,0.10421316126704473,0.10550431921857027
0.055,0.9999549878587517,1.002162286951512,0.9934143577034843,0.9942128522592529,6.460293933394844,0.3680846792972426,0.9991968575401593,1.005666771214342,12.320612067665289,1.0044534535661802,1.0173832688525848,1.0152928693198011,0.008692807642725016,0.005651626586175962,9.944611665902006,0.40517872549753364,1.5381072174845858,0.10911470379979261,27.292917861569833,0.10458137948405008,0.10916991368818801,0.11052021497978376
0.0575,0.9999529330175914,1.0023867681164873,0.9928224840682514,0.9936743033939357,6.45994415368063,0.3680858590037578,0.9991427580216425,1.0054614425546788,12.320767040204997,1.004473046850577,1.0179346938353506,1.0157605055213226,0.009502692236563833,0.006179174227675452,9.943000057617851,0.40498352355201184,1.537857954223546,0.11416114950586702,27.304620564378855,0.10934820971426475,0.11412271820432114,0.11553341692296631
0.06,0.9999508769499552,1.0026222881145006,0.9922053207986476,0.993111841324004,6.459584891713044,0.3680874601191567,0.9990871919076628,1.0052148743140874,12.320548066736565,1.0044764897436966,1.0184653083579922,1.0162102288598556,0.010348389621228452,0.006730146161139431,9.941444545494756,0.40478930917585154,1.5376173672098146,0.11920342788103225,27.31439476378598,0.11411314990975578,0.11907118288496406,0.1205437469389856
0.0625,0.9999488195982393,1.0028688479231538,0.9915629243872801,0.992525507245276,6.459216205310211,0.3680895040398005,0.9990301681407991,1.0049272000677383,12.319956538250691,1.0044637724091827,1.0189751365469082,1.0166422967799948,0.01122981746229534,0.007304490587914045,9.93994501066626,0.4045960782437718,1.5373854380586256,0.12431551478687727,27.33883089997192,0.11887584707886584,0.12401492523813575,0.12555103661681974
0.065,0.9999467609047997,1.0031264473830643,0.9908953571659759,0.9919153478769084,6.458838153219753,0.3680920120372399,0.9989716958073935,1.0045985625701523,12.31899390953004,1.004434888365934,1.0194642069585647,1.017056968126447,0.012146885649813288,0.007902149888149345,9.938501294079254,0.4044038260338256,1.5371621421696477,0.1294483833284243,27.365947476829405,0.12363595259539253,0.12895357222848614,0.13055512649983547
0.0675,0.999944700811953,1.0033950852014428,0.9902026872421804,0.9912814154067695,6.458450795091446,0.36809500524972905,0.9989117841333214,1.0042291136761647,12.317661698624118,1.0043898344602902,1.0199325524812286,1.0174545026569788,0.013099496365778165,0.008523060678212709,9.937113197293414,0.40421254731875694,1.5369474488506327,0.13458038544190568,27.391120962132515,0.12839312223047053,0.13388676028212354,0.13555586533027225
0.07,0.9999426392619792,1.003674758955872,0.9894849884322503,0.9906237674338024,6.458054191450048,0.3680985046738597,0.99885044247979,1.00381901425723,12.315961486301655,1.0043286108365415,1.0203802102353767,1.0178351605546396,0.014087544152489622,0.009167153870243699,9.9357804833355,0.4040222364582483,1.536741321449546,0.1397100910700846,27.414358904060514,0.1331470161849871,0.13881413527799075,0.14055310928641152
0.0725,0.9999405761971237,1.0039654650982786,0.9887423401917261,0.9899424669074567,6.457648403668304,0.3681025311563196,0.9987876803391618,1.0033684341131466,12.313894915480605,1.0042512209057892,1.0208072214729105,1.018199201940608,0.015110915981907736,0.009834354733847476,9.934502877605473,0.4038328874916561,1.5365437174947134,0.1448360814370625,27.435669503488388,0.13789729912019963,0.1437353525256842,0.14554672121691234
0.075,0.9999385115595999,1.0042671989590857,0.9879748275426705,0.989237582064269,6.457233493940101,0.3681071053857785,0.9987235073308037,1.0028775518792683,12.311463690635904,1.0041576713131883,1.0212136314753046,1.0185468863890508,0.016169491326134947,0.010524582959925352,9.93328006883133,0.4036444942308318,1.5363545888425045,0.14995695001158038,27.455061601683795,0.1426436401832135,0.14865007672965558,0.15053656987674557
0.0775,0.9999364452915909,1.0045799547515426,0.9871825409981657,0.988509186361671,6.45680952525386,0.36811224788490626,0.9986579331969709,1.002346554929279,12.308669577185139,1.00404797190363,1.0215994894508158,1.0188784724454063,0.017263142229154576,0.011237752726642103,9.93211171006948,0.4034570503526337,1.5361738818320565,0.1550713034431247,27.472544667242655,0.14738571301881764,0.15355798193978004,0.1555225291690591
0.08,0.999934377335252,1.0049037255762199,0.9863655764840596,0.9877573584091143,6.456376561366078,0.3681179790025238,0.998590967798715,1.0017756392736255,12.305514400852347,1.0039221356859198,1.021964848430881,1.01919421714953,0.018391733379961642,0.011973772767530071,9.93099741974737,0.4032705494907341,1.536001537446535,0.1601777624694923,27.488128782302123,0.15212319576299202,0.15845875148832161,0.16050447739715995
0.0825,0.9999323076327129,1.005238503425666,0.985524035258058,0.9869821818965911,6.455934666775123,0.368124318905893,0.9985226211118308,1.0011650094536864,12.302000047010171,1.003780178795522,1.0223097651658248,1.0194943755651484,0.01955512218722478,0.012732546441730169,9.929936782745052,0.40308498532634146,1.5358374914804174,0.16527496279457177,27.50182462807203,0.15685577104148568,0.16335207791337694,0.16548229653060312
0.085,0.9999302361260802,1.005584279189212,0.9846580238262549,0.9861837455206466,6.455483906695208,0.36813128757314434,0.9984529032228308,1.0005148784317826,12.298128460000687,1.0036221204559077,1.022634300020008,1.0197792003170814,0.02075315885561963,0.013513971806369318,9.928929351512268,0.4029003516774594,1.5356816747122697,0.17036155593520477,27.513643469727437,0.16158312597057567,0.1682376628689254,0.17045587148914387
0.08750000000000001,0.9999281627574393,1.0059410426579287,0.9837676538572054,0.9853621429079659,6.455024347030611,0.36813890478584693,0.9983818243249584,0.9998254674771268,12.2939016424352,1.0034479829385672,1.0229385168665306,1.0200489411376747,0.02198568646397436,0.014317941691072943,9.927974647217665,0.4027166425863207,1.5355340130824922,0.17543621003609855,27.52359714070626,0.1663049521536404,0.17311521702166494,0.17542508944803295
0.09,0.9999260874688569,1.006308782529717,0.9828530420936338,0.9845174725366336,6.454556054350112,0.36814719012172165,0.9983093947142335,0.9990970060478194,12.289321654473357,1.0032577915217271,1.023222482981617,1.0203038444239023,0.02325254104536674,0.015144343774609579,9.927072160926757,0.40253385240464473,1.5353944278755116,0.1805702373087888,27.542775930368503,0.17102094567357354,0.17798445993486056,0.18038983916782766
0.0925,0.9999240102023838,1.006687486414533,0.9819143102618838,0.9836498376551542,6.454079095861665,0.36815616294749826,0.9982356247855358,0.9983297316690035,12.284390613082053,1.0030515744478214,1.0234862689387971,1.0205441528065406,0.024553551669309722,0.01599306066366293,9.92622135480506,0.40235197587637955,1.5352628359058673,0.18580970845130101,27.57732621472483,0.17573080708287214,0.1828451199394867,0.1853500103515573
0.095,0.999921930900056,1.0070771408397434,0.9809515849792104,0.9827593461993311,6.453593539387316,0.36816584241191924,0.9981605250287244,0.9975238898072962,12.279110691274443,1.0028293628797629,1.0237299485030038,1.0207701047328246,0.02588854052615877,0.016863969973724108,9.925421663343133,0.40217100821761087,1.5351391497076856,0.1910419245250175,27.609804500394215,0.18043424139310402,0.18769693399298595,0.19030549303172165
0.0975,0.9999198495038983,1.0074777312555998,0.9799649976590181,0.981846110707099,6.453099453338358,0.3681762474388896,0.9980841060247962,0.9966797337416137,12.273484117329666,1.0025911908560559,1.0239535985246941,1.0209819340639341,0.02725732301386905,0.0177569444120943,9.924672494600005,0.4019909451933296,1.5350232777269956,0.19626539540899585,27.64021338295141,0.18513095806470878,0.1925396475260235,0.1952561769892325
0.1,0.9999177659559269,1.0078892420408352,0.9789546844141503,0.9809102482314073,6.45259690669074,0.3681873967207739,0.9980063784420818,0.9957975244305244,12.267513173993656,1.0023370952447936,1.024157298834116,1.0211798696886254,0.028659707827224566,0.018671851862984718,9.92397323146166,0.4018117831907748,1.5349151245163786,0.2014786436599652,27.668556191362946,0.18982067099714392,0.1973730142776563,0.20020195120602144
0.10250000000000001,0.9999156801981495,1.0083116565083676,0.9779207859583376,0.9799518802512547,6.452085968960727,0.368199308711841,0.9979273530324811,0.9948775303762508,12.261200197661699,1.0020671156965937,1.0243411321358205,1.0213641351542622,0.0300954970496539,0.019608555474697368,9.923323232911283,0.4016335192890842,1.5348145909314304,0.20668020549401772,27.694836978453907,0.19450309851889408,0.20219679611938515,0.20514270335265786
0.105,0.999913592172571,1.0087449569111213,0.9768634475059067,0.9789711325809692,6.451566710180825,0.3682120016218562,0.9978470406277395,0.9939200274854596,12.254547577543237,1.0017812945965274,1.0245051839035293,1.0215349483164369,0.03156448624773914,0.020566913748866253,9.92272183530792,0.40145615132500484,1.5347215743285314,0.2118686317405778,27.719060510710968,0.19917796337796737,0.20701076286860026,0.21007831931193616
0.1075,0.9999115018211929,1.009189124447948,0.9757828186698626,0.9779681352778414,6.4510392008759405,0.36822549340982097,0.997765452135761,0.9929252989269813,12.24755775480954,1.001479677015106,1.0246495422754658,1.0216925210083105,0.033066464568514996,0.021546780631734458,9.922168353670449,0.40127967795444075,1.5346359687634334,0.21704248876766108,27.741232257462382,0.20384499273412332,0.21181469209197237,0.21500868273902105
0.11,0.9999094090860179,1.0096441392696538,0.9746790533584502,0.9769430225482031,6.450503512039843,0.3682398017778591,0.9976825985369671,0.9918936349865863,12.24023322172487,1.0011623106583702,1.024774297950241,1.0218370587307026,0.034601214839645594,0.022548005607438318,9.921662082963683,0.4011040987096318,1.5345576651901782,0.2222003593775411,27.76135837947674,0.2085039181528563,0.21660836889937948,0.21993367465838307
0.1125,0.9999073139090506,1.0101099804851261,0.9735523096703005,0.9758959326520605,6.44995971511185,0.3682549441652497,0.9975984908806914,0.9908253329189823,12.232576520761823,1.0008292458171522,1.0248795440834018,1.0219687603638974,0.03616851367255487,0.023570433793265053,9.921202299383621,0.40092941405178345,1.5344865516598831,0.22734084367203913,27.779445717022405,0.21315447559994566,0.22139158572899775,0.2248531730974175
0.115,0.9999052162323014,1.01058662616756,0.9724027497882746,0.9748270078063778,6.449407881953814,0.36827093774260544,0.9975131402816194,0.9897206967971615,12.224590243701515,1.0004805353155526,1.0249653761847273,1.0220878179020165,0.037768131568575565,0.024613906036845636,9.920788261638853,0.40075562541898996,1.5344225135189347,0.23246255988675893,27.795501777430342,0.21779640543481818,0.22616414212421612,0.22976705275632997
0.11750000000000001,0.999903115997788,1.0110740533607798,0.9712305398721112,0.9737363940871158,6.448848084827358,0.36828779940619555,0.9974265579162687,0.9885800373592563,12.216277030719317,1.0001162344586971,1.0250318920163735,1.0221944162107304,0.03939983302816938,0.025678259015239575,9.920419212225386,0.40058273526931437,1.5343654336061607,0.23756414519368255,27.809534722202937,0.2224294524013906,0.2309258445030669,0.23467518471358165
0.12,0.9999010131475382,1.011572238085655,0.9700358499499862,0.9726242413301278,6.4482803963713975,0.36830554577241176,0.997338755019511,0.9874036718530549,12.207639569456855,0.9997364009798216,1.0250791914919446,1.0222887328089543,0.04106337666325833,0.02676332533586328,9.92009437869209,0.40041074711891506,1.5343151924485539,0.24264425647164758,27.82155335371164,0.22705336561736367,0.2356765059208913,0.2395774361659376
0.1225,0.9998989076235922,1.012081155346614,0.9688188538090915,0.9714907030310124,6.447704889579917,0.3683241931723766,0.9972497428811363,0.9861919238783258,12.198680594081084,0.9993410949867406,1.0251073765765837,1.0223709376750865,0.042758515312694416,0.027868933639208473,9.919812974894247,0.4002396655751295,1.5342716684551563,0.24770157104431767,27.831567101525884,0.23166789855939865,0.24041594582698148,0.24447367020193353
0.125,0.9998967993680057,1.0126007791382463,0.9675797288853465,0.970335936244028,6.447121637780042,0.36834375764669236,0.9971595328424604,0.9849451232271101,12.189402884331114,0.9989303789077397,1.025116551188158,1.0224411930782118,0.04448499616088117,0.028994908703292056,9.919574202232663,0.4000694963644504,1.5342347381087076,0.25273478738535693,27.839586008415445,0.23627280904403652,0.24514398981596539,0.2493637456073938
0.1275,0.9998946883228508,1.0131310824520023,0.9663186561523405,0.9691601014801674,6.446530714610376,0.368364254940329,0.9970681362929743,0.9836636057221333,12.179809264553608,0.9985043174369217,1.0251068210996188,1.0224996534345914,0.046242560859547505,0.030141071549773416,9.919377250876067,0.39990024635535293,1.5342042761547117,0.25774262579060486,27.84562071606778,0.2408678592095317,0.24986046937471257,0.2542475167014749
0.13,0.9998925744302204,1.0136720372829826,0.9650358200096204,0.9679633626044961,6.445932193999607,0.3683857004976492,0.996975564667036,0.9823477130534997,12.169902602727587,0.998062977479042,1.0250782938426102,1.0225464651896365,0.048030945652660334,0.03130723955167028,9.919221300964564,0.39973192357595405,1.5341801557875712,0.2627238290171412,27.849682450561406,0.24545281549813258,0.2545652216255581,0.25912483320159296
0.1325,0.9998904576322296,1.014223614636824,0.9637314081704276,0.9667458867328531,6.445326150145404,0.3684081094575696,0.9968818294406061,0.9809977926138164,12.159685809479331,0.9976064280939088,1.025031078612391,1.0225817667254418,0.04984988150444883,0.03249322654259887,9.919105523792044,0.3995645372265065,1.5341622488334683,0.26772291848933377,27.85654387341912,0.25002744863802423,0.2592580890666476,0.2639955401155073
0.135,0.9998883378710184,1.0147857845366797,0.9624056115489866,0.9655078441280142,6.444712657493593,0.3684314966488557,0.9967869421280265,0.9796141973319141,12.149161837088283,0.997134740440418,1.0249652861741467,1.0226056882938361,0.05169909423049981,0.033698842927459345,9.91902908296568,0.3993980976867535,1.5341504259296999,0.27297348521713155,27.88994929916689,0.2545915336243964,0.26393891931021607,0.2688594776587805
0.1375,0.9998862150887535,1.0153585160302905,0.9610586241474531,0.9642494080954165,6.444091790717601,0.3684558765855488,0.9966909142788423,0.9781972855053133,12.138333678484708,0.9966479877202695,1.0248810287707408,1.0226183519747898,0.053578304631869855,0.034923895794482594,9.918991135540645,0.3992326165181912,1.5341445567001823,0.2782052075982629,27.921388180009625,0.2591448496985979,0.2686075648196142,0.27371648119581204
0.14,0.9998840892276326,1.0159417771971613,0.9596906429426221,0.9629707548785434,6.443463624698184,0.368481263462523,0.9965937574746649,0.9778844388875827,12.141321478266264,0.9961462451214055,1.0247784200319754,1.0226198716599022,0.05548722863214694,0.03616818902854963,9.918990833128467,0.3990681064613055,1.5341445099268771,0.2834168349218571,27.950870741190922,0.26368718032632094,0.27326388264589613,0.27856638120265076
0.14250000000000002,0.9998819602298852,1.016535535155827,0.9583018677724977,0.9616720635540632,6.4428282345034456,0.368507671151171,0.9964954833260827,0.9785289221073925,12.156325234776572,0.9956295897612212,1.0246575748854083,1.0226103530605708,0.05742557741738107,0.03743152342569063,9.919027322977469,0.3989045814278697,1.5341501537169013,0.28860713841311536,27.978407739321604,0.26821831317676814,0.2779077341647767,0.28340900324982293
0.145,0.9998798280377753,1.0171397560712254,0.956892501222826,0.9603535159268227,6.44218569536911,0.36853511319521565,0.9963961034696097,0.97914225330327,12.171078322522584,0.9950981006296106,1.024518609468783,1.0225898937403406,0.05939305757879107,0.038713696808666175,9.91909974902391,0.39874205648840993,1.534161355665103,0.29377491174246334,28.004010446904385,0.2727380401028842,0.2825389848147632,0.2882441680034693
0.1475,0.9998776925936049,1.0177544051621707,0.9554627485136906,0.9590152964247827,6.441536082679118,0.3685636028066469,0.9962956295646836,0.9797245354363934,12.185581316385449,0.9945518585319053,1.024361641044113,1.022558583170825,0.06138937125814208,0.04001450414352924,9.919207252912662,0.3985805478549614,1.5341779830119266,0.2989189715019326,28.027690636752375,0.2772461571221441,0.2871575038372484,0.2930716912431556
0.15,0.9998755538397158,1.0183794467089307,0.9540128173862629,0.9576575919939949,6.440879471946456,0.3685931528617808,0.9961940732907019,0.9802758754064818,12.19983480972307,0.9939909460317597,1.0241867879134705,1.0225165028104832,0.06341421629567745,0.041333737657063066,9.919348974986235,0.39842007285925596,1.5341999027963853,0.30403815764907155,28.04946056633677,0.28174246439802175,0.2917631640193444,0.2978913838948177
0.1525,0.9998734117184915,1.0190148440609126,0.9525429179898085,0.9562805919937071,6.440215938794305,0.36862377589744,0.9960914463441048,0.980876498020894,12.214837072793213,0.9934154473940343,1.0239941693365129,1.0224637262054461,0.0654672863804764,0.04267118695498595,9.919524055241274,0.39826064992649757,1.5342269820039964,0.30913133391874165,28.069332962097825,0.2862267662229228,0.2963558414402145,0.3027030520774025
0.155,0.999871266172361,1.0196605596444612,0.9510532627690412,0.9548844880916876,6.439545558937455,0.3686554841072534,0.9959877604355025,0.9815610403149737,12.23102078763593,0.992825448527717,1.0237839054497886,1.022400319111497,0.06754827120309952,0.04402663914081166,9.919731634251642,0.39810229854489704,1.5342590877095557,0.31419738820321735,28.08732100375157,0.29069887100375164,0.300935415221642,0.3075064971618828
0.1575,0.9998691171438003,1.0203165549707667,0.9495440663519118,0.9534694741598568,6.4388684081640015,0.36868828933807324,0.9958830272868422,0.982215188397134,12.246962537831417,0.9922210369289322,1.0235561171878491,1.0223263396362299,0.06965685661037326,0.04539987893525063,9.91997085405744,0.3979450392311495,1.5342960872146367,0.3192352329010603,28.103438308623417,0.29515859125071514,0.30550176728355155,0.31230151584144444
0.16,0.9998669645753359,1.0209827906438917,0.948015545437927,0.9520357461703108,6.438184562317324,0.36872220308650866,0.9957772586286221,0.9828390327115581,12.262662675071876,0.9916023016240684,1.0233109262062023,1.0222418384003318,0.071792724762156,0.046790688796035165,9.920240859019334,0.3977888934920529,1.53433784817973,0.32424380523528973,28.11769891603804,0.2996057435657757,0.31005478210517,0.3170879002117694
0.1625,0.9998648084095455,1.0216592263689188,0.9464679186870844,0.9505835020918225,6.4374940972783605,0.3687572364955739,0.9956704661971497,0.983432667542357,12.278121570424295,0.9909693331130767,1.0230484548061247,1.0221468587168765,0.07395555428991946,0.04819884903804937,9.920540796637805,0.3976338837824749,1.5343842387509525,0.3292220675414121,28.130117271793264,0.3040401486218434,0.3145943464924881,0.3218654378604666
0.165,0.9998626485890625,1.022345820960218,0.9449014066095037,0.9491129417868996,6.436797088948149,0.3687934003514494,0.995562661731841,0.9839961909322958,12.293339613949454,0.9903222233129698,1.022768825861363,1.0220414367874502,0.07614502045697136,0.04962413795364303,9.920869818336929,0.3974800334598855,1.5344351276812729,0.33416900752591927,28.14070821274424,0.30846163113034886,0.31912034935265177,0.326633911964823
0.1675,0.9998604850565772,1.0230425323498444,0.9433162314558438,0.9476242669094831,6.436093613230651,0.36883070508035565,0.9954538569725643,0.9845297046021303,12.308317214334265,0.9896610655015788,1.0224721627467357,1.0219256019138991,0.07836079532013863,0.05106633193300711,9.92122708021251,0.3973273667356821,1.5344903844462252,0.3390836384958937,28.149486951522046,0.31287001980686363,0.32363268147587704,0.33139310139717376
0.17,0.9998583177548396,1.0237493175960628,0.9417126171085801,0.9461176808033575,6.435383746015886,0.3688691607455373,0.9953440636570315,0.9850333138706003,12.32305479853754,0.9889859542616066,1.022158589268653,1.0217993767244202,0.08060254789272378,0.05252520558448755,9.921611743744428,0.39717590862354235,1.5345498793540833,0.34396499956039855,28.156469061409712,0.3172651473465878,0.32813123532544913,0.3361427808373019
0.17250000000000001,0.9998561466266621,1.0244661328920097,0.9400907889742243,0.9445933884013561,6.4346675631633135,0.3689087770443581,0.9952332935182279,0.9855071275751274,12.33755281144902,0.9882969854250712,1.0218282295975687,1.021662777412723,0.08286994430854193,0.05400053185471337,9.922022976473228,0.39702568488504125,1.5346134836505085,0.3488121558043493,28.16167046139622,0.32164685042533653,0.332615904836327,0.3408827208913875
0.17500000000000002,0.9998539716149216,1.02519293357449,0.9384509738765576,0.9430515961254275,6.433945140485518,0.3689495633055046,0.9951215582818885,0.9859512579932568,12.35181171556169,0.9875942560185518,1.0214812082023703,1.0215158139889333,0.08516264798684094,0.05549208214841487,9.922459952640978,0.39687672197278134,1.5346810696176698,0.35362419843559806,28.165107401427946,0.3260149696978362,0.3370865852228379,0.3456126882171265
0.1775,0.9998517926625615,1.0259296741329154,0.9367933999509535,0.9414925117876347,6.433216553732182,0.3689915284862984,0.99500886966402,0.9863658207648839,12.365831990657178,0.9868778642088769,1.0211176497867114,1.0213584905409248,0.08748031979790416,0.056999626447807754,9.922921853796666,0.396729046971281,1.5347525106678785,0.3584042022870563,28.167107459792884,0.33036934974928417,0.341543172795902,0.3503324456547289
0.18,0.9998496097125956,1.0266763082183876,0.9351182965398586,0.9399163444921586,6.432481878574343,0.36903468117011656,0.9948952393684648,0.9867509348152951,12.379614133504152,0.9861479092480521,1.0207376792272946,1.0211908055047356,0.08982261822913103,0.05852293343141928,9.923407869366336,0.3965826875358744,1.534827681431769,0.3634516330112001,28.1909696629473,0.33470983905573626,0.34598556479019155,0.3550417523635828
0.1825,0.9998474227081091,1.0274327886529304,0.9334258940894975,0.9383233045383683,6.431741190588917,0.3690790295639196,0.9947806790845077,0.9871067222790689,12.393158657569575,0.9854044914190201,1.0203414215140998,1.0210127519427592,0.0921891995513895,0.06006177059223376,9.923917197188349,0.3964376718298737,1.5349064578410871,0.3684644162392738,28.212736371778607,0.33903628996350543,0.3504136592015767,0.35974036396444375
0.185,0.9998452315922616,1.0281990674388726,0.931716424047869,0.9367136033250205,6.430994565243533,0.369124581495887,0.9946652004845309,0.9876365842145621,12.409020122641103,0.9846477119822141,1.0199290016925562,1.020824317828376,0.0945797179854327,0.06161590435503542,9.924449044014203,0.39629402846024664,1.534988717206151,0.37344144781202365,28.232419720780946,0.3433485586734542,0.354827354635178,0.36442803268705926
0.1875,0.9998430363082885,1.028975095768386,0.9299901187640919,0.9350874532556489,6.430242077881644,0.3691713444131598,0.99454881522171,0.9881442885854328,12.424735839496426,0.9838776731227066,1.0195005448076555,1.0206254863357467,0.09699382586817097,0.0631851001928285,9.925002625975408,0.3961517864120614,1.5350743382880596,0.3783816517156408,28.250032440751777,0.34764650522461144,0.3592265501642896,0.36910450752319107
0.19,0.9998408367995053,1.0297608240331828,0.9282472113891619,0.9334450676452037,6.429483803707912,0.36921932537969104,0.9944315349277547,0.988745017067075,12.44175436676738,0.9830944778979785,1.0190561758499945,1.0204162361334874,0.09943117381859141,0.06476912274221613,9.925577169016991,0.39601097498194765,1.5351632013657448,0.3832839804377516,28.265587845480308,0.35192999347355675,0.36361114520040166,0.373769534385025
0.1925,0.9998386330093081,1.030556201834374,0.926487935778175,0.9317866606279923,6.428719817773903,0.36926853107420354,0.9943133712106952,0.9894092687970197,12.45970671093937,0.9822982301863361,1.0185960197037396,1.0201965416809933,0.10189141090311726,0.06636773591762173,9.926171909298269,0.3958716237108218,1.5352551882979544,0.38814741529347274,28.279099818361644,0.3561988910691396,0.36798103937449866,0.3784228562689878
0.195,0.9998364248811766,1.0313611779924925,0.9247125263940689,0.9301124470669739,6.427950194964052,0.36931896778825607,0.9941943356527124,0.9900448629228259,12.47743283454664,0.9814890346359892,1.0181202010964998,1.019966373526215,0.1043741848002014,0.06798070302423899,9.926786093561569,0.39573376231611745,1.5353501825802838,0.39297096672190096,28.29058279895048,0.3604530694255711,0.3723361324297689,0.38306421342499875
0.1975,0.9998342123586769,1.0321757005576864,0.9229212182129345,0.9284226424644624,6.427175009981919,0.3693706414244178,0.9940744398080117,0.9906518863071191,12.49493283423063,0.9806669966148215,1.0176288445510937,1.0197256986037302,0.10687914196395,0.06960778686959981,9.927418979469635,0.395597420623762,1.535448069397361,0.3977536745534296,28.300051769466553,0.36469240369661,0.37667632412581414,0.38769334353119367
0.2,0.999831995385462,1.032999716820076,0.9211142466309437,0.9267174628742763,6.426394337336738,0.36942355749455225,0.9939536952007423,0.9912304291884687,12.51220682735109,0.979832222160876,1.0171220743391935,1.019474480532008,0.10940592778657655,0.07124874987365165,9.928069835912565,0.3954626285001294,1.5355487356703184,0.40249460824829714,28.307522241263257,0.3689167727513544,0.38100151415440325,0.392309981874147
0.2025,0.9998297739052767,1.0338331733202932,0.9192918473729391,0.9249971248153865,6.425608251330253,0.3694777211182116,0.9938321133229618,0.9917805851087389,12.529254951701839,0.9789848179335758,1.0166000144368295,1.0192126799088128,0.11195418675948796,0.07290335417724023,9.928737943284979,0.3953294157841967,1.5356520700996643,0.4071928671068002,28.313010241269765,0.3731260591508749,0.38531160206677095,0.396913861534613
0.20500000000000002,0.9998275478619574,1.0346760158601893,0.917454256402726,0.923261845187102,6.424816826043835,0.36953313702114166,0.993709705632643,0.9923024508413154,12.54607736523717,0.9781248911657021,1.016062788481732,1.0189402546037618,0.11452356263281117,0.07457136174889588,9.929422593734461,0.3951978122201243,1.5357579632037073,0.41184758045159925,28.31653229841559,0.37732014912464873,0.3896064872124169,0.4015047135787805
0.20750000000000002,0.9998253171994353,1.0355281895137207,0.9156017098351045,0.9215118411858265,6.4240201353259,0.36958980953389925,0.9935864835517286,0.9927961263202278,12.562674245808681,0.9772525496161384,1.0155105197324903,1.0186571600470817,0.11711369857317132,0.07625253448982683,9.930123091382033,0.3950678473904696,1.5358663073526553,0.41645790778257774,28.3181054300463,0.3814989325462217,0.3938860686893209,0.40608226725501634
0.21,0.9998230818617384,1.036389638638017,0.9137344438496812,0.9197473302234319,6.423218252779613,0.369647742590583,0.9934624584642284,0.9932617145702044,12.579045790912591,0.9763679015234088,1.0149433310295068,1.018363349513716,0.11972423731953913,0.07794663433702578,9.930838752515642,0.39493955065023995,1.5359769967985442,0.42109070528137627,28.32229832664812,0.38566230290819803,0.3981502453054464,0.41064625019603945
0.2125,0.9998208417929941,1.0372603068846271,0.911852694606489,0.9179685298472713,6.422411251750877,0.3697069397276787,0.9933376417143626,0.9936993216376813,12.59519221744729,0.9754710555600282,1.0143613447577187,1.0180587744019562,0.12235482133697044,0.07965342336440052,9.931568905757658,0.3948129510619774,1.5360899277011417,0.42599291746085466,28.345466375545893,0.38981015729681795,0.40239891555136426,0.4151963886264321
0.215,0.9998185969374301,1.038140137210948,0.9099566981634478,0.9161756576618705,6.421599205316624,0.369767404083021,0.9932120446047499,0.9941090565227839,12.611113761481068,0.9745621207876933,1.0137646828110616,1.017743384505862,0.1250050929680676,0.08137266388184458,9.932312892207277,0.3946880773320612,1.5362049981499752,0.4308560390586207,28.366705591903127,0.39394239636444595,0.40663197758379227,0.41973240757536345
0.2175,0.9998163472393775,1.0390290718918347,0.9080466903956931,0.9143689312523209,6.420782186273381,0.3698291383948723,0.99308567839464,0.9945798110309714,12.62793789505833,0.9736412066133259,1.0131534665586512,1.0174171282807927,0.12767469458199854,0.08310411853216698,9.93307006555889,0.39456495774840467,1.536322108182637,0.43567924486996706,28.386031971615676,0.39805892429742984,0.410849329219805,0.4242540310943549
0.22,0.9998140926432726,1.0399270525313964,0.9061229069167959,0.9125485681094005,6.419960267126146,0.3698921450011214,0.9929585542981924,0.9950363788299709,12.644710666062707,0.972708422745985,1.0125278168126504,1.0170799531014338,0.1303632687209169,0.08484755038580623,9.93383979219739,0.39444362011971135,1.5364411597995267,0.44046173659294746,28.40346182702805,0.40215964878174515,0.4150508679414373,0.4287609824798805
0.2225,0.9998118330936581,1.0408340200749728,0.9041855830018976,0.9107147855564474,6.419133520077538,0.369956425838602,0.9928306834827981,0.9954662639028876,12.661272418545611,0.9717638791546618,1.011887853797794,1.01673180551178,0.1330704582436345,0.08660272303325774,9.934621451271433,0.3943240917164458,1.5365620569751823,0.4452027427835503,28.419011773198374,0.40624448097080074,0.41923649091036763,0.433252984500556
0.225,0.9998095685351857,1.0417499148212959,0.9022349535127775,0.9088678006780001,6.418302017017266,0.3700219824425355,0.9927020770674516,0.9958695579499288,12.67762316575247,0.9708076860269709,1.0112336971225406,1.0163726314665886,0.1357959064664045,0.0883694006751489,9.935414434745732,0.39420639921366485,1.5366847056663673,0.44990151879073403,28.432698714407575,0.41031333545465465,0.42340609499233656,0.43772975962862537
0.2275,0.9998072989126181,1.0426746764348338,0.9002712528248705,0.907007830250233,6.417465829511861,0.37008881594609594,0.992572746121162,0.9962463555572627,12.693762941491352,0.9698399537287599,1.010565465751823,1.016002376563891,0.13853925730068173,0.09014734820990145,9.936218147433307,0.3940905686358434,1.5368090138170596,0.4545573466720873,28.44453983091764,0.4143661302285998,0.42755957679092926,0.44219103027541995
0.23,0.9998050241708303,1.043608243958315,0.898294714756248,0.9051350906731904,6.416625028794709,0.3701569270801029,0.9924427016614117,0.9965967541332618,12.709691799910907,0.9688607927646483,1.0098832779813625,1.0156209862682066,0.1413001553877368,0.09193633131892531,9.937032007008822,0.3939766253038189,1.5369348913605148,0.45916953509087083,28.454552565982596,0.41840278666203606,0.4316968326903176,0.44663651903042584
0.2325,0.9998027442548114,1.044550555825436,0.8963055724985743,0.9032497979048383,6.4157796857564025,0.3702263161728412,0.9923119546526645,0.996920853845643,12.725409815285577,0.9678703137395116,1.009187251413513,1.0152284061241634,0.14407824623000606,0.09373611654929373,9.93785544400399,0.39386459378396643,1.5370622502185538,0.4639378543370878,28.475056696198607,0.42242322946804345,0.4358177589065376,0.45106594890355844
0.23500000000000001,0.999800459109667,1.0455015498737434,0.8943040585500486,0.901352167396945,6.41492987093536,0.3702969831500107,0.992180516004914,0.9972187575595146,12.740917081807966,0.9668686273209173,1.0084775029346098,1.0148245819602972,0.14687317631907187,0.09554647139385435,9.938687901786066,0.39375449783970856,1.5371910042982384,0.46885425476669007,28.505271324217542,0.4264273866734665,0.439922251546851,0.45547904357021474
0.23750000000000002,0.9997981686806199,1.0464611633576966,0.8922904046503339,0.899442414032794,6.414075654508747,0.37036892753480793,0.9920483965722797,0.9974905707763578,12.75621371338838,0.9658558442025225,1.0077541486937807,1.0144094600828422,0.14968459326017344,0.0973671643687365,9.93952883652045,0.39364636038544953,1.5373210694860853,0.4737258238775223,28.53331216747642,0.43041518958843733,0.4440102066767237,0.4598755276186402
0.24,0.9997958729130121,1.0474293329619004,0.8902648417174868,0.8975207520667418,6.413217106283694,0.370442148448141,0.991915607151649,0.9977364015739439,12.771299843461316,0.9648320750684424,1.0070173040831925,1.0139829874593944,0.1525121458931598,0.0991979650882195,9.940377717118432,0.39354020344301677,1.5374523636399853,0.4785516944272263,28.55919454813517,0.4343865727732355,0.4480815203939292,0.46425512679912445
0.2425,0.9997935717523072,1.0484059948145121,0.8882275997868785,0.8955873950656151,6.4123542956888135,0.37051664460897915,0.9917821584813648,0.9979563605472026,12.786175624798785,0.9637974305585905,1.0062670837196948,1.0135451118923704,0.15535548440980465,0.10103864433693309,9.941234025171035,0.3934360481006778,1.5375848065789703,0.48333102991073085,28.58293431138346,0.4383414740027961,0.45213608890927776,0.4686175682745155
0.245,0.9997912651440898,1.0493910845008114,0.886178907952117,0.8936425558519595,6.411487291766008,0.37059241433484014,0.9916480612399584,0.9981505607500452,12.800841229330308,0.962752021235001,1.0055036014278302,1.0130957821822317,0.15821426046741163,0.10288897413936503,9.94209725486996,0.39333391447479554,1.5377183200709872,0.4880630245986076,28.604547810924455,0.4422798342310119,0.45617380863344936,0.4729625808715256
0.2475,0.9997889530340696,1.0503845370769365,0.8841189943079603,0.8916864464491296,6.410616163162577,0.37066945554241565,0.9915133260449293,0.9983191176381513,12.8152968479694,0.9616959575491353,1.0047269702241752,1.0126349482805006,0.16108812729864905,0.10474872782665706,9.942966912916617,0.39323382167416987,1.5378528278188253,0.4927469035496151,28.62405189441992,0.4462015975551498,0.46019457626940846,0.47728989533228394
0.25,0.9997866353680805,1.0513862870837787,0.8820480858952227,0.8897192780282239,6.409740978123631,0.3707477657483375,0.991377963451571,0.9984621490127131,12.829542690446319,0.9606293498101676,1.003937302302975,1.0121625614326144,0.16397673981756064,0.10661768010067492,9.943842518420155,0.393135787767107,1.5379882554443483,0.4973819225979699,28.64146388890434,0.4501067111792237,0.4641982889098584,0.4815992445655832
0.2525,0.9997843120920833,1.0523962685610282,0.8799664086476621,0.88774126085686,6.408861804484775,0.3708273420700851,0.99124198395184,0.9985797749651449,12.843578985146848,0.9595523081542533,1.003134709023046,1.0116785743107342,0.1668797547217096,0.1084956070953436,9.94472360278545,0.3930398297512467,1.538124530471167,0.5019673683158852,28.65680158617469,0.45399512537572123,0.4681848441391993,0.4858903638972587
0.255,0.9997819831521665,1.0534144150613707,0.8778741873408428,0.885752604249779,6.407978709665123,0.37090818122703684,0.9911053979732758,0.9986721178227462,12.857405978956935,0.9584649425147651,1.0023193008959,1.0111829411366196,0.16979683059042117,0.11038228643524324,9.945609709591983,0.39294596352616956,1.5382615823059071,0.5065025579519312,28.67008322816308,0.45786679344631376,0.47215414013943974,0.49016299131913205
0.2575,0.9997796484945478,1.0544406596648268,0.8757716455429643,0.8837535165212762,6.407091760660593,0.37099027954166613,0.9909682158779621,0.9987393020953164,12.8710239371128,0.9573673625934934,1.0014911875750674,1.0106756177947542,0.172727627979098,0.11227749729146692,9.946500394464445,0.3928542038687957,1.5383993422181959,0.5109868393457893,28.68132749229908,0.46172167168240275,0.476106075799519,0.4944168677359604
0.26,0.9997773080655741,1.055474934993224,0.8736590055676421,0.8817442049394465,6.4062010240375,0.3710736329408833,0.9908304479615382,0.9987814544227177,12.884433143056427,0.9562596778327803,1.0006504778465781,1.0101565619359067,0.17567180950959224,0.11418102043474553,9.947395224935986,0.3927645644115809,1.53853774331951,0.5154195908199719,28.6905534768685,0.4655597193249364,0.4800405508274938,0.498651737209823
0.2625,0.9997749618117245,1.0565171732248033,0.8715364884286271,0.879724875682231,6.40530656592646,0.37115823695752476,0.9906921044522541,0.9987987035233661,12.897633898295961,0.9551419973885756,0.9997972796205669,1.0096257330713485,0.17862903995662588,0.11609263828584973,9.948293780304942,0.39267705762350263,1.5386767205410177,0.5198002210490996,28.69778068637556,0.4693808985222313,0.4839574658650469,0.5028673472013945
0.265,0.9997726096796092,1.0575673061089443,0.8694043137964498,0.8776957337952561,6.404408452016582,0.37124408673199083,0.9905531955100735,0.9987911801436485,12.910626522270864,0.9540144301044401,0.9989316999239756,1.0090830926579786,0.18159898633025923,0.1180121349632839,9.949195651485834,0.3925916947938271,1.538816210610532,0.5241281689073333,28.70302901691523,0.4731851742876632,0.48785672260378377,0.5070634488075604
0.2675,0.9997702516159729,1.0586252649810093,0.8672626999569697,0.8756569831514451,6.403506747549963,0.37133117701403257,0.9904137312258221,0.9987590170082496,12.923411352221455,0.9528770844865124,0.9980538448943115,1.0085286041746113,0.18458131795441754,0.11993929632829067,9.950100440855486,0.39250848601863597,1.5389561520287112,0.5284029032945705,28.706318741562786,0.4769725144646692,0.49173822390278726,0.5112397969948399
0.27,0.9997678875676927,1.0596909807772896,0.865111863771816,0.8736088264123933,6.4026015173164925,0.3714195021646883,0.9902737216203831,0.9987023487713699,12.935988743062522,0.9517300686794425,0.9971638197744316,1.0079622331897164,0.18757570654149042,0.12187391002718967,9.951007762094951,0.39242744019008563,1.5390964850446078,0.5326239229420276,28.707670495787518,0.48074288969907186,0.4956018739069136,0.5153961508281037
0.2725,0.9997655174817819,1.0607643840500567,0.8629520206406942,0.8715514649914803,6.401692825648948,0.3715090561583717,0.9901331766439402,0.9986213119688242,12.948359067260705,0.9505734904432831,0.9962617289083228,1.0073839474209048,0.1905818262630303,0.12381576553107705,9.951917240028092,0.3923485649883665,1.5392371516307053,0.5367907561978326,28.707105262897862,0.4844962733921396,0.49944757816532154,0.5195322736940822
0.275,0.9997631413053885,1.0618454049826977,0.8607833844655416,0.8694850990187103,6.400780736418395,0.37159983258511026,0.9899921061752647,0.9985160449710015,12.960522714715335,0.9494074571313392,0.9953476757378416,1.0067937167864667,0.1935993538165799,0.12576465417291777,9.95282851045739,0.39227186687632287,1.5393780954575207,0.5409029607932719,28.704644359525073,0.4882326416480382,0.5032752437497425,0.5236479335191941
0.2775,0.9997607589857967,1.0629339734049408,0.858606167616508,0.8674099273072535,6.39986531302989,0.37169182465293554,0.9898505200210521,0.9983866879366641,12.97248009264231,0.948232075668971,0.994421762800384,1.006191513449289,0.1966279684886687,0.1277203691820646,9.953741219997795,0.3921973510966866,1.5395192618679072,0.5449601235903392,28.700309421153094,0.4919519732332832,0.5070847793720124,0.5277429029812295
0.28,0.9997583704704281,1.0640300188081455,0.8564205808997383,0.8653261473216712,6.398946618418494,0.37178502519042544,0.9897084279153042,0.9982333827675701,12.984231625460824,0.9470474525333394,0.9934840917274528,1.0055773118534688,0.19966735221402415,0.12968270571624305,9.954655025909169,0.3921250216718741,1.5396605978511395,0.5489618603112402,28.694122387702006,0.4956542495402039,0.5108760955004035,0.5318169597144604
0.28250000000000003,0.9997559757068418,1.065133470360663,0.8542268335269325,0.8632339551478018,6.3980247150455725,0.37187942664939744,0.9895658395187582,0.9980562730638954,12.995777754682404,0.9458536937340769,0.9925347632440934,1.0049510887539645,0.20271718963104904,0.13165146089104307,9.955569595928015,0.3920548814062912,1.539802052016887,0.5529078152505238,28.68610548917296,0.49933945454826906,0.5146491044743136,0.5358698865077669
0.28500000000000003,0.9997535746427341,1.06624425692325,0.8520251330866565,0.8611335454642828,6.397099664895414,0.3719750211077542,0.9894227644183626,0.9978555040804385,13.007118938802133,0.9446509047948586,0.9915738771691631,1.0043128232396148,0.20577716813362376,0.13362643380696348,9.956484608098988,0.39198693189108474,1.5399435745691537,0.5567976609705135,28.67628123136241,0.5030075747799485,0.5184037206168884,0.5399014714953996
0.28750000000000003,0.99975116722594,1.067362307064526,0.8498156855173795,0.8590251115156888,6.3961715294721575,0.37207180027248005,0.9892792121268027,0.9976312226835763,13.018255653191519,0.9434391907358711,0.9906015324164082,1.0036624967498633,0.20884697791929835,0.1356074255740561,9.95739975060686,0.39192117351127514,1.5400851172802896,0.5606310979807189,28.664672381653865,0.5066585992531072,0.5221398603451689,0.5439115083400186
0.29,0.9997487534044337,1.0684875490764705,0.8475986950822068,0.8569088450872567,6.395240369796999,0.37216975548278736,0.989135192082068,0.9974806660275827,13.030456695621876,0.942218656057197,0.9896178269963202,1.0030000930855332,0.21192631203394213,0.13759423933422044,9.958314721609344,0.3918576054552028,1.540226633465133,0.5644078544019205,28.651301954895192,0.5102925194340482,0.5258574422773881,0.5478997964076858
0.2925,0.9997463331263278,1.0696199109899478,0.8453743643452838,0.8547849364811734,6.394306246405737,0.3722688777134138,0.9889907136470731,0.9973622240804092,13.04318061889061,0.940989404723105,0.9886228580187334,1.002325598413979,0.2150148664129276,0.1395866802812024,9.959229229071356,0.39179622572621425,1.5403680779553777,0.5681276856156211,28.636193199370044,0.5139093291917675,0.5295563873370505,0.5518661409345069
0.295,0.9997439063398743,1.0707593205902464,0.8431428941498399,0.8526535744944015,6.393369219346605,0.37236915757806843,0.9888457861093221,0.9972200648408169,13.05569743188568,0.9397515401471068,0.9876167216961466,1.0016390012689562,0.2181123399189258,0.14158455567835232,9.960142990601126,0.3917370311565145,1.5405094070742227,0.5719369694770855,28.626707014916335,0.517509024751446,0.5332366188534604,0.5558103531846521
0.2975,0.9997414729934647,1.0719057054326344,0.8409044835978426,0.8505149463980134,6.3924293481784185,0.37247058533302446,0.988700418680622,0.9970543229150831,13.06800745694434,0.9385051651777587,0.9865995133477339,1.0009402925455364,0.22121843437639802,0.14358767487419977,9.961055733288571,0.3916800174231053,1.5406505786113758,0.5764700343275241,28.654254684957174,0.5210916046456485,0.536898062658386,0.5597322505995165
0.3,0.9997390330356302,1.0730589928579102,0.8386593300312315,0.8483692379180072,6.391486691969024,0.3725731508808599,0.988554620496843,0.9968651343902929,13.08011103201605,0.9372503820855191,0.9855713274040165,1.000229465490389,0.2243328546028704,0.1455958493159052,9.961967193546387,0.3916251790657316,1.5407915517984743,0.5809497049955518,28.67970875587037,0.5246570696629853,0.5405406471785655,0.5636316569377965
0.3025,0.9997365864150415,1.0742191100079512,0.8364076290147027,0.8462166332175767,6.390541309294061,0.3726768437743421,0.9884084006177268,0.9966526367955736,13.092008510552636,0.9359872925508066,0.9845322574121761,0.9995065156877552,0.22745530843708164,0.1476088925606491,9.9628771169541,0.39157250950674954,1.540932287284965,0.5853754637857137,28.703087752479,0.5282054227951973,0.544164303523797,0.5675084024063063
0.305,0.9997341330805093,1.075385983841244,0.8341495743200109,0.8440573148808042,6.389593258236046,0.37278165322045637,0.9882617680267453,0.996416969063976,13.103700261398826,0.9347159976523148,0.9834823960419687,0.9987714410414127,0.23058550676409897,0.14962662028502205,9.96378525810553,0.3915220010728357,1.5410727471145123,0.5897468206502802,28.724410536950224,0.5317366691830592,0.5477689655703664,0.5713623237813655
0.3075,0.9997316729809839,1.076559541148393,0.8318853579117576,0.8418914638977508,6.388642596383739,0.3728875680845748,0.9881147316310019,0.9961582714949865,13.115186668683002,0.9334365978556045,0.9824218350922322,0.9980242417529489,0.23372316353749661,0.15164885029247913,9.964691380459863,0.39147364501844834,1.5412128947019643,0.5940633128965291,28.743696293748595,0.5352508160618162,0.5513545700395983,0.5751932645206311
0.31,0.9997292060655547,1.0777397085675988,0.8296151699346325,0.8397192596509101,6.387689380831849,0.3729945768947647,0.9879673002611871,0.9958766857176407,13.126468131707814,0.9321491930027869,0.9813506654979446,0.997264920296625,0.23686799579869686,0.15367540251892442,9.965595256196613,0.39142743155095433,1.541352694810919,0.5983245048790412,28.7609645147035,0.5387478727075278,0.5549210565713456,0.5790010748652682
0.3125,0.9997267322834513,1.078926412600096,0.8273391987020792,0.8375408799029996,6.386733668181037,0.37310266784623447,0.9878194826715777,0.9955723546542193,13.137545064840312,0.9308538823031332,0.980268977337818,0.9964934813911216,0.24001972369357258,0.15570609903649124,9.966496666074695,0.3913833498573336,1.541492113531928,0.6025299876777991,28.776234984202343,0.5422278503845686,0.5584683677922428,0.5827856119323782
0.315,0.999724251584042,1.0801195796255496,0.8250576306863459,0.8353565007860558,6.3857755145382376,0.37321182880591275,0.9876712875400874,0.995245422484508,13.148417897401503,0.9295507643244397,0.9791768598424031,0.9957099319684404,0.2431780704864145,0.1577407640555848,9.96739539929585,0.39134138813237035,1.5416311182613727,0.6066793787628861,28.789527764521278,0.5456907622927227,0.5619964493785875,0.5865467397976288
0.3175,0.9997217639168345,1.0813191359173973,0.8227706505098947,0.8331662967918039,6.3848149755173,0.37332204731715957,0.9875227234683654,0.99489603461059,13.159087073554865,0.9282399369850832,0.9780744014026748,0.994914281140227,0.2463427625713636,0.15977922392525484,9.968291253372454,0.3913015336082422,1.5417696776810192,0.6107723216465877,28.800863181304905,0.5491366235125953,0.5655052501137339,0.5902843295680612
0.32,0.9997192692314752,1.0825250076581334,0.8204784409381324,0.8309704407632742,6.383852106239921,0.373433310604607,0.9873737989819414,0.9945243376221666,13.169553052193752,0.9269214975468076,0.9769616895790827,0.9941065401617704,0.24951352948141434,0.1618213071319654,9.969184034000016,0.3912637725854162,1.5419077617382972,0.6148084855236929,28.810261809206622,0.5525654509530015,0.5689947219398994,0.5939982594450584
0.3225,0.999716767477749,1.083737120954527,0.8181811828734293,0.8287691038876271,6.382886961336927,0.37354560557912436,0.987224522530423,0.9941304792623616,13.179816306827218,0.9255955426081305,0.9758388111110404,0.9932867223939229,0.25269010389509056,0.1638668442968297,9.970073554934256,0.3912280904647596,1.5420453416272888,0.6187875649008122,28.81774445770106,0.5559772633069205,0.5724648200043218,0.597688414777502
0.325,0.9997142586055787,1.0849554018527705,0.8158790553503967,0.8265624556901645,6.381919594949852,0.3736589188429075,0.9870749024877408,0.9937146083940126,13.189877325464286,0.9242621680983804,0.9747058519268295,0.9924548432631768,0.25587222164089857,0.16591566817137737,9.970959637873044,0.39119447178077577,1.542182389770467,0.6227092792155057,28.823332157079985,0.5593720810000115,0.5759155026997119,0.6013546881051416
0.3275,0.9997117425650257,1.0861797763535506,0.8135722355323824,0.8243506640294895,6.38095006073283,0.3737732366946867,0.9869249471524396,0.9932768749664096,13.19973661049617,0.9229214692724627,0.9735628971539013,0.991610920220118,0.2590596216996601,0.16796761363192173,9.971842112343037,0.3911629002358722,1.5423188798011633,0.6265733724460404,28.827046144642885,0.5627499261324419,0.5793467316989839,0.6049969791922464
0.33,0.9997092193062875,1.0874101704270347,0.811260898709158,0.822133895093786,6.379978411854818,0.3738885451350514,0.986774664748024,0.9928174299824738,13.209394678576412,0.921573540706322,0.972410031129551,0.9907549726964697,0.26225204620482806,0.1700225176725943,9.97272081559116,0.39113335873557126,1.542454786546783,0.6303796127125735,28.82890785109332,0.5661108224318199,0.5827584719842556,0.6086151950516095
0.3325,0.9997066887796994,1.0886465100277705,0.8089452182957594,0.8199123133981874,6.37900470100214,0.3740048298718868,0.9866240634233506,0.9923364254663487,13.218852060498644,0.9202184762930861,0.9712473374119465,0.9898870220609306,0.2654492404408861,0.17208021939711224,9.973595592480867,0.39110582942457056,1.5425900860127604,0.6341277918705669,28.828938887151864,0.5694547952097502,0.5861506918701351,0.6122092499590001
0.335,0.9997041509357328,1.08988872110949,0.8066253658324493,0.8176860817832022,6.378028980381327,0.37412207632592015,0.9864731512530678,0.9918340144313934,13.22810930107176,0.9188563692398624,0.9700748987914896,0.9890070915739966,0.2686509528399324,0.17414056000934586,9.974466295393109,0.391080293723564,1.5427247553672405,0.6378177250972304,28.827161030396226,0.5727818713143038,0.5895233630213358,0.6157790654581834
0.3375,0.9997016057249947,1.0911367296398198,0.8043015109857674,0.8154553614141657,6.377051301722311,0.3742402696363726,0.9863219362381096,0.9913103508485466,13.23716695899234,0.917487312065171,0.968892797302492,0.9881152063419439,0.2718569349765461,0.17620338280274947,9.975332784131973,0.391056732366733,1.5428587729264869,0.6414492504717834,28.823596212338895,0.5760920790784749,0.592876460464668,0.6193245703566308
0.34,0.9996990530982278,1.0923904616148818,0.8019738215506339,0.8132203117816857,6.376071716281908,0.37435939466671175,0.9861704263062343,0.9907655896150619,13.246025606714172,0.9161113965969934,0.9677011142351476,0.9872113932701522,0.27506694156103323,0.17826853314872174,9.976194925834875,0.3910351254398182,1.5429921181409887,0.6450222285503215,28.818266505752256,0.5793854482680891,0.5962099625954883,0.6228457007120725
0.3425,0.9996964930063094,1.0936498430737933,0.7996424634534754,0.8109810907030524,6.375090274847651,0.37447943601050315,0.9860186293126176,0.9901998865235776,13.2546858303146,0.9147287139714325,0.9664999301477767,0.9862956810159161,0.2782807304311458,0.18033585848395603,9.97705259488721,0.3910154524186846,1.5431247715822622,0.6485365419360605,28.811194112250902,0.5826620100318879,0.5995238511786919,0.6263423998100445
0.34500000000000003,0.9996939254002503,1.094914800113056,0.7973076007563373,0.8087378543245811,6.374107027741917,0.37460037799735457,0.9858665530404908,0.989613398231523,13.26314822935767,0.9133393546319577,0.965289324879335,0.9853680999409089,0.2814980625423669,0.1824052082968447,9.977905672841262,0.3909976922082907,1.543256714930307,0.6519920948457233,28.802401350140222,0.5859217968548854,0.6028181113443584,0.6298146181326145
0.34750000000000003,0.9996913502311949,1.0961852589008285,0.7949693956619518,0.806490757124857,6.3731220248263964,0.3747222046989499,0.9857142052018315,0.9890062822308313,13.27141341675384,0.9119434083292197,0.9640693775621588,0.9844286820634254,0.2847187019568506,0.18447643411299577,9.978754048339278,0.39098182318197905,1.5433879309617091,0.6553888126728212,28.79191064254027,0.5891648425142794,0.6060927315781695,0.6332623133184616
0.35000000000000003,0.9996887674504212,1.0974611456910903,0.7926280085197257,0.804239951918849,6.3721353155068785,0.37484489993516895,0.9855615934381049,0.9883786968179514,13.279482018616125,0.9105409641214305,0.9628401666349349,0.9834774610105449,0.2879424158311034,0.18654938947992208,9.979597617040472,0.3909678232210002,1.5435184035383507,0.658726641548566,28.77974450579294,0.5923911820387598,0.6093477037067366,0.6366854501145128
0.3525,0.9996861770093377,1.0987423868376842,0.7902835978326196,0.8019855898628672,6.371146948738351,0.37496844728028783,0.9854087253210515,0.9877308010641455,13.28735467411262,0.9091321103753442,0.9616017698558792,0.9825144719703338,0.29116897440248923,0.18862392995095933,9.980436281551748,0.3909556697541897,1.543648117596695,0.6620055479011372,28.76592553816056,0.595600851676017,0.612583022877984,0.6400840003193442
0.355,0.999683578859485,1.1000289088082436,0.7879363202648807,0.7997278204603264,6.370156973030441,0.37509283006925515,0.985255608353529,0.9870627547860493,13.295032035315186,0.9077169347677414,0.9603542643161027,0.9815397516441949,0.2943981509746398,0.19069991306846842,9.981269951361964,0.39094533979771623,1.543777059137619,0.6652255180140071,28.750476408822824,0.5987938888684251,0.6157986875367476,0.6434579427185606
0.3575,0.9996809729525338,1.1013206381979976,0.7855863306506016,0.7974667915682933,6.36916543645315,0.3752180314040408,0.9851022499703997,0.9863747185164948,13.302514767044249,0.9062955242871493,0.9590977264531567,0.980553338199479,0.2976297219018442,0.19277719834637663,9.982098542779434,0.39093680999482117,1.5439052152167474,0.6683865575840076,28.733419847178883,0.6019703322211304,0.6189946993957602,0.6468072630123822
0.36,0.9996783592402839,1.1026175017434616,0.7832337820030691,0.7952026494047804,6.368172386642939,0.37534403416005074,0.9849486575394713,0.9856668534755693,13.30980354670962,0.9048679652358926,0.9578322320647318,0.9795552712224435,0.3008634665724928,0.19485564725210802,9.982921978872476,0.3909300566554737,1.544032573935257,0.6714886912798055,28.714778632460508,0.6051302214553808,0.6221710634021981,0.6501319537356686
0.3625,0.9996757376746646,1.1039194263360006,0.7808788255248745,0.792935538556761,6.3671778708091145,0.3754708209926036,0.9847948383624837,0.9849393215419087,13.316899064147192,0.9034343432326597,0.9565578563225058,0.978545591671654,0.30409916739164106,0.19693512318795348,9.983740189412664,0.3909250557958642,1.5441591244311,0.6745319623014268,28.694575583661578,0.608273597353993,0.6253277876999802,0.6534320141706199
0.365,0.9996731082077318,1.1052263390352752,0.778521610618751,0.7906656019888749,6.366181935740548,0.3755983743434641,0.9846407996761507,0.9841922852242053,13.323802021451506,0.9019947432155565,0.9552746737861135,0.9775243418319021,0.3073366097627617,0.19901549147192843,9.984553110820581,0.3909217831776645,1.5442848568706131,0.6775164319414483,28.672833549788713,0.6114005017023961,0.6284648835880092,0.6567074502524014
0.3675,0.999670470791669,1.1065381670825623,0.776162284899108,0.7883929810527947,6.365184627812699,0.37572667644742647,0.9844865486532436,0.9834259076329219,13.330513132803956,0.9005492494455933,0.9539827584172391,0.9764915652687214,0.31057558206874214,0.20109661931816267,9.985360686113681,0.39092021434698354,1.5444097624404545,0.6804421791484486,28.64957540043667,0.6145109772299931,0.6315823654745564,0.6599582744679413
0.37,0.9996678253787851,1.1078548379139486,0.7738009942042328,0.7861178154972241,6.364185992994974,0.37585570933894435,0.9843320924037311,0.9826403524521987,13.337033124296743,0.8990979455105879,0.9526821835937997,0.9754473067835565,0.31381587565218655,0.20317837581686654,9.98616286485607,0.3909203246729487,1.544533833339835,0.6833093000932848,28.624824016691903,0.6176050675553768,0.6346802508279916,0.6631845057481527
0.3725,0.9996651719215137,1.1091762791733981,0.7714378826091259,0.7838402434784998,6.363186076858394,0.3759854548587991,0.9841774379759642,0.9818357839119397,13.343362733752334,0.8976409143294596,0.9513730221242187,0.9743916123696513,0.31705728479507406,0.20526063191391486,9.986959603109767,0.3909220893858469,1.5446570627729823,0.6861179077387336,28.598602282366475,0.6206828171354036,0.6377585601240682,0.6663861693538444
0.375,0.9996625103724119,1.1105024187256847,0.7690730924389421,0.7815604015717689,6.3621849245835715,0.37611589466080225,0.984022592357911,0.9810123667600726,13.349502710538436,0.8961782381569074,0.9500553462617661,0.9733245291687064,0.32029960669782076,0.2073432603900867,9.987750863387246,0.39092548361475976,1.5447794449417975,0.6890745967505968,28.57949626360226,0.6237442712194531,0.6408173167899706,0.669563296755576
0.3775,0.9996598406841585,1.111833184669187,0.7667067642830059,0.7792784247827115,6.361182580969023,0.37624701021852536,0.9838675624784414,0.980170266234961,13.35545381537841,0.8947099985884507,0.94872922771896,0.9722461054283486,0.32354264145779116,0.20942613583999853,9.988536614604852,0.3909304824246316,1.544900975038653,0.6927637686983268,28.59151599867338,0.6267894758111504,0.6438565471453382,0.6727159255077231
0.38,0.9996571628095545,1.113168505348539,0.7643390370093728,0.7769944465597856,6.360179090439756,0.3763787828320502,0.9837123552086557,0.9793096480379664,13.36121682015698,0.8932362765658377,0.9473947376820085,0.9711563904604607,0.32678619204729875,0.2115091346507661,9.9893168320368,0.3909370608527067,1.5450216492392759,0.696395382667669,28.601756024245038,0.6298184776412586,0.6468762803404768,0.6758440991170226
0.3825,0.99965447670152,1.1145083093671315,0.7619700477799067,0.7747085988069606,6.359174497056211,0.37651119363473534,0.9835569773632679,0.9784306783061438,13.36679250772127,0.8917571523828209,0.9460519468252806,0.9700554346003932,0.3300300642911316,0.21359213498042615,9.99009149726943,0.39094519394428007,1.5451414646956732,0.6999692878877612,28.61023425564646,0.6328313241570253,0.6498765482919732,0.6789478669058635
0.385,0.9996517823130936,1.1158525255994527,0.7595999320658435,0.7724210118969179,6.358168844523473,0.37664422359998934,0.9834014357020294,0.9775335235850606,13.37218167167702,0.8902727056912872,0.9447009253257972,0.9689432891671012,0.33327406684363703,0.2156750167361499,9.990860598155397,0.3909548567877021,1.5452604195290462,0.7034853503428875,28.61696867975477,0.6358280635069848,0.6528573856159214,0.6820272838705963
0.3875,0.999649079597431,1.1172010832032622,0.7572288236638142,0.7701318146846889,6.357162176200815,0.3767778535480465,0.9832457369312063,0.976618350801726,13.377385116179951,0.8887830155076715,0.9433417428777194,0.9678200064242177,0.33651801116539226,0.21775766155227616,9.991624128767429,0.39096602454858426,1.5453785128226398,0.7069434524268249,28.621977347021335,0.6388087444914827,0.6558188295589779,0.6850824105351354
0.39,0.9996463685078041,1.1185539116315915,0.754856854712298,0.7678411345217052,6.356154535111518,0.37691206415273854,0.9830898877050976,0.9756853272376256,13.382403655722207,0.8872881602195475,0.9419744687068358,0.9666856395420973,0.3397617114994885,0.21983995276819096,9.992382089351413,0.39097867250315005,1.5454957446144848,0.7103434926024004,28.625278363877403,0.6417734165101325,0.6587609199274482,0.6881133128001302
0.3925,0.9996436489975973,1.1199109406445547,0.75248415570848,0.7655490972702356,6.35514596395302,0.3770468359482547,0.9829338946276052,0.9747346205018436,13.387238114913844,0.8857882175923936,0.94059917158502,0.9655402425608296,0.34300498484744885,0.2219217754060777,9.993134486278441,0.39099277607068267,1.545612115889981,0.7136853850667607,28.626889885519745,0.6447221295217337,0.6616836990146195,0.691120061787981
0.395,0.9996409210203085,1.1212721003209754,0.750110855525483,0.763255827318183,6.3541365051073395,0.37718214933588406,0.9827777642538452,0.9737663985042677,13.391889328259273,0.8842832647766029,0.9392159198446607,0.9643838703542494,0.3462476509448001,0.22400301614856147,9.993881331995498,0.391008310845018,1.5457276285742712,0.7169690594228201,28.626830109076444,0.6476549340151494,0.6645872115265379,0.6941027336839849
0.3975,0.9996381845295468,1.122637321069804,0.7477370814299491,0.7609614475942188,6.353126200651796,0.3773179845907348,0.9826215030918074,0.9727808294288672,13.39635813992863,0.8827733783147821,0.9378247813930418,0.9632165785949433,0.34948953223631235,0.2260835633162682,9.994622644974534,0.3910252526250359,1.545842285524364,0.7201944603573143,28.62511726715204,0.6505718809852874,0.6674715045064379,0.6970614095738886
0.4,0.9996354394790283,1.1240065336413358,0.7453629590999452,0.7586660795832275,6.352115092370024,0.37745432186842276,0.9824651176040579,0.9717780817070322,13.400645403524095,0.8812586341493156,0.9364258237266699,0.9620384237202593,0.35273045385092217,0.2281633068453176,9.995358449659637,0.3910435774441057,1.545956090520963,0.7233615473258664,28.6217696217507,0.6534730219015211,0.6703366272580134,0.6999961752781373
0.4025,0.9996326858225784,1.1253796691382127,0.7429886126431638,0.7563698433420384,6.351103221763268,0.37759114121172416,0.9823086142094861,0.9707583239909693,13.404751981841024,0.8797391076301558,0.93501911394553,0.9608494628993244,0.35597024357634627,0.2302421382647682,9.996088776411975,0.3910632615984409,1.546069048259951,0.7264702942454322,28.616805458575023,0.656358408670854,0.673182631267734,0.7029071211831037
0.405,0.9996299235141265,1.1267566590262081,0.7406141646153972,0.7540728575154223,6.35009063006196,0.37772842255718647,0.9821519992850957,0.9697217251271459,13.408678746623982,0.8782148735228049,0.9336047187672676,0.959649754001068,0.3592087318333971,0.23231995067403047,9.99681366145232,0.3910842816743231,1.5461811643435004,0.7295206891944588,28.61024308169748,0.659228093607456,0.6760095701263859,0.7057943420695875
0.40750000000000003,0.9996271525077054,1.1281374351447913,0.7382397360392577,0.7517752393523282,6.349077358237574,0.37786614574169136,0.981995279167838,0.9686684541297743,13.412426578317621,0.8766860060164828,0.9321827045412775,0.9584393555632477,0.3624457516500025,0.2343966387202632,9.997533146800825,0.3911066145741557,1.5462924452707592,0.7325127341210624,28.602100808600866,0.6620821294071255,0.6788174994500281,0.7086579369388759
0.41000000000000003,0.9996243727574494,1.1295219297174688,0.7358654464231198,0.7494771047223358,6.348063447014743,0.3780042905089633,0.9818384601564862,0.9676859455573775,13.41720632233064,0.8751525787324589,0.9307531372626998,0.9572183267624771,0.3656811386349366,0.23647209857576562,9.99824728021391,0.39113023754131165,1.5464028984280886,0.7354464445594854,28.592396965582967,0.6649205691245507,0.6816064768005401,0.7114980088366537
0.41250000000000003,0.999621584217592,1.1309100753618953,0.7334914137802614,0.7471785681323064,6.347048936883657,0.3781428365160214,0.9816815485135525,0.9667260864418433,13.422353506713149,0.8736146647325315,0.9293160825863053,0.9559867273852438,0.36891473095126204,0.23854622791537908,9.998956115117975,0.39115512818374043,1.546512532078811,0.7383218493550698,28.581149883520286,0.6677434661564032,0.6843765616059326,0.7143146646750604
0.41500000000000004,0.9996187868424637,1.132301805099756,0.7311177546481799,0.744879742743205,6.346033868112698,0.37828176333956526,0.9815245504672429,0.9657490445924568,13.427315141947505,0.8720723365276375,0.9278716058402671,0.9547446177999159,0.3721463692894842,0.24061892589390851,9.999659710539747,0.3911812644963019,1.5466213553524362,0.7411389903979431,28.568377893984565,0.670550874229149,0.6871278150805932,0.7171080150531861
0.4175,0.9996159805864905,1.1336970523664145,0.7287445841080584,0.7425807403870748,6.3450182807613515,0.3784210504822933,0.9813674722134536,0.9647549727803948,13.432091885177273,0.870525666086584,0.926419772039808,0.9534920589297211,0.37537589684041833,0.24269009312357365,10.00035813103312,0.3912086248817996,1.5467293782333478,0.7438979223655686,28.5540993257052,0.6733428473862016,0.6898603001456207,0.719878174076295
0.42,0.9996131654041895,1.1350957510203197,0.7263720158043645,0.7402816715841433,6.344002214693351,0.3785606773791468,0.9812103199178046,0.9637440240934811,13.436684402877377,0.8689747248449136,0.9249606459007156,0.9522291122266934,0.37860315926776683,0.2447596316515007,10.00105144660228,0.39123718817068504,1.5468366115489105,0.7465987124742914,28.538332501369815,0.6761194399682957,0.6925740813494101,0.7226252591740784
0.4225,0.9996103412501697,1.136497835352167,0.7240001619645517,0.7379826455600393,6.342985709590054,0.3787006234034757,0.9810530997177086,0.9627163519086493,13.44109337057326,0.86741958371385,0.9234942918527208,0.9509558396465746,0.3818280046804044,0.2468274449372607,10.001739732621019,0.3912669336394102,1.546943066956993,0.7492414402399525,28.52109573475438,0.6788807065866146,0.6952692247886273,0.725349390918219
0.425,0.9996075080791271,1.1379032400938043,0.7216291334188506,0.7356837702630997,6.341968804964075,0.37884086787312277,0.9808958177244784,0.9616721098643906,13.44531947255491,0.8658603130892396,0.9220207740527285,0.9496723036246556,0.38505028360436916,0.24889343783046472,10.002423069748062,0.39129784102740517,1.5470487569328704,0.7518261972476242,28.502407328173437,0.6816267020918577,0.6979457980297186,0.7280506928395649
0.4275,0.9996046658458436,1.1393119004268724,0.7192590396201218,0.7333851523817486,6.340951540173112,0.37898139005641956,0.9807384800254674,0.9606114518331964,13.449363401585908,0.864296982860562,0.9205401563978967,0.9483785670525464,0.3882698489545544,0.2509575165484207,10.00310154383835,0.3913298905526646,1.5471536947555031,0.7543530869304681,28.48228557024035,0.6843574815436947,0.700603870031086,0.7307292912451957
0.43,0.9996018145051839,1.1407237519911686,0.716889988663755,0.7310868973619288,6.33993395443401,0.3791221691780934,0.9805810926862424,0.9595345318939861,13.453225858607468,0.8627296624200615,0.9190525025385589,0.9470746932558618,0.3914865560060992,0.2530195886538594,10.003775245850171,0.391363062925925,1.5472578944931732,0.7568222243576783,28.4607487339263,0.6870731001835504,0.7032435110660511,0.7333853150356668
0.4325,0.9995989540120934,1.1421387308927218,0.7145220873075901,0.728789109424567,6.338916086837027,0.379263184425079,0.980423661752792,0.9584415043045343,13.45690755243773,0.8611584206719571,0.9175578758909828,0.9457607459728026,0.39470026236547184,0.2550795630327345,10.00444427174809,0.3913973393634202,1.5473613709884697,0.7592337360314412,28.43781507490646,0.6897736134109324,0.7058647926467262,0.7360188955227168
0.435,0.9995960843215953,1.1435567737115597,0.7121554409918469,0.7264918915830566,6.337897976360283,0.3794044149522329,0.980266193253761,0.9573325234738926,13.460409199466266,0.859583326041695,0.9160563396499593,0.9444367893336272,0.39791082794124194,0.25713734987210174,10.00510872240161,0.39143270159820637,1.5474641398426168,0.7615877596927932,28.413502830180427,0.6924590767627324,0.7084677874488998,0.7386301662477087
0.4375,0.999593205388788,1.1449778175091663,0.7097901538590369,0.7241953456607385,6.336879661884426,0.37954583988794666,0.9801086932027178,0.9562077439348126,13.46373152334401,0.858004446485213,0.9145479568012194,0.9431028878409838,0.4011181149145373,0.25919286063808117,10.005768703479568,0.3914691318900471,1.547566217399138,0.7638844441362264,28.387830216953787,0.6951295458942713,0.7110525692380365,0.7412192628010844
0.44,0.9995903171688434,1.1464017998356035,0.7074263287738453,0.7218995723083648,6.335861182207447,0.37968743833965457,0.9799511676004466,0.9550673203161727,13.466875254668674,0.8564218494982044,0.9130327901336733,0.9417591063511013,0.40432198770917777,0.26124600805390574,10.006424325340213,0.3915066130338569,1.5476676207268574,0.7661239490328462,28.36081543176648,0.697785076561357,0.7136192127964857,0.7437863226430983
0.4425,0.9995874196170023,1.1478286587363036,0.7050640673429639,0.7196046710215295,6.334842576059689,0.37982918939923616,0.9797936224372693,0.9539114073154108,13.469841130665774,0.8548356021253741,0.9115109022514665,0.9404055100558099,0.4075223129614832,0.2632967060780582,10.00707570291705,0.39154512836670097,1.5477683676022407,0.7683064447618547,28.332476649853362,0.7004257246030744,0.7161677938519785,0.7463314849260895
0.445,0.9995845126885737,1.1492583327585126,0.7027034699348556,0.7173107401580475,6.333823882119008,0.3799710721483063,0.9796360636953888,0.9527401596709657,13.472629894865314,0.8532457709696907,0.9099823555858503,0.9390421644653818,0.4107189594897464,0.2653448698824992,10.007722955600372,0.3915846617733533,1.5478684764910742,0.7704321122500923,28.302832024721432,0.7030515459249282,0.7186983890074932,0.7488548903185572
0.4475,0.9995815963389307,1.1506907609573978,0.7003446356994367,0.7150178769552714,6.332805139026086,0.38011306566339376,0.9794784973512591,0.9515537321347297,13.475242296774312,0.8516524222016401,0.9084472124068619,0.9376691353921718,0.4139117982633654,0.26739041583098505,10.008366207114602,0.39162519769042126,1.5479679665294925,0.7725011428193344,28.271899687927835,0.7056625964838071,0.7212110756725534,0.7513566808312829
0.45,0.9995786705235082,1.1521258829018088,0.6979876625876583,0.7127261775473258,6.331786385399884,0.38025514902100366,0.9793209293779743,0.9503522794445177,13.47767909154522,0.850055621568478,0.9069055348348114,0.9362864889350359,0.4171007023716288,0.26943326145747676,10.009005585391497,0.391666721109043,1.5480668575043677,0.7745137380410064,28.239697749042126,0.7082589322780968,0.7237059319960195,0.7538369996457477
0.4525,0.9995757351978004,1.153563638679714,0.6956326473709731,0.7104357369822493,6.330767659853231,0.3803973013025614,0.9791633657476805,0.9491359562965453,13.479941039640243,0.8484554344034793,0.90535738485157,0.9348942914645186,0.42028554699214354,0.2714733254446382,10.009641222439218,0.39170921757617244,1.5481651698330583,0.7764701095979568,28.20624429577598,0.7108406093433857,0.7261830368004256,0.7562959909450873
0.455,0.9995727903173576,1.15500396890332,0.6932796856606713,0.7081466492390254,6.329749001008545,0.3805395015992367,0.9790058124340062,0.947904917317929,13.482028906491854,0.8468519256351653,0.9038028243116563,0.9334926096087756,0.42346620935889945,0.27351052760242134,10.010273254207425,0.39175267319446716,1.548262924542545,0.7783704791528828,28.171557394263033,0.7134076837500953,0.7286424695179046,0.7587337997478094
0.4575,0.9995698358377832,1.156446814713893,0.6909288719270701,0.7058590072444939,6.3287304475136406,0.3806817290166443,0.9788482754145087,0.9466593170391996,13.483943462159282,0.84524515979651,0.9022419149531182,0.9320815102402278,0.42664256872996154,0.2755447888467351,10.01090182044851,0.3917970746207992,1.5483601432479668,0.7802150782229887,28.135655089471324,0.7159602116009448,0.7310843101277409,0.7611505717445021
0.46,0.9995668717147326,1.1578921177863093,0.688580299518544,0.7035729028901234,6.32771203805768,0.38082396267941887,0.9786907606731399,0.9453993098668347,13.485685480981365,0.8436352010341029,0.9006747184082045,0.9306610604629129,0.4298145063547807,0.27757603117819574,10.011527064574999,0.3918424090634113,1.5484568481305656,0.7823229583971599,28.11001072848411,0.718498249027998,0.7335086390955787,0.7635464531377559
0.4625,0.9995638979039073,1.159339820333348,0.6862340606803793,0.7012884270486369,6.326693811387173,0.380966181735662,0.9785332742027217,0.9441250500558058,13.487255741225521,0.8420221131172725,0.8991012962138215,0.9292313276005255,0.4329819054411161,0.2796041776609527,10.012149133513379,0.3918886642777449,1.5485530619150794,0.785115747352431,28.10960618846136,0.7210218521896081,0.7359155373143106,0.7659215904855019
0.465,0.9995609143610549,1.1607898651097628,0.6838902465734413,0.6990056695904739,6.3256758063221055,0.38110836536125936,0.9783758220074404,0.9428366916821436,13.488655024733157,0.840405959447171,0.897521709821773,0.9277923791851153,0.4361446511215617,0.28162915240158626,10.012768177554406,0.39193582856096976,1.548648807846588,0.7878512931924246,28.107692939449606,0.7235310772681766,0.7383050860466646,0.7682761305479755
0.4675,0.9995579210419652,1.162242195416143,0.6815489472926403,0.6967247194000797,6.324658061772108,0.3812504927640639,0.9782184101053474,0.9415343886155159,13.489884116561353,0.8387868030658444,0.8959360206087786,0.9263442829464303,0.43930263041967055,0.2836508805280732,10.01338435020014,0.3919838907452479,1.5487441096668562,0.7905295385823031,28.10428310413403,0.7260259804663126,0.7406773668695019,0.7706102201385012
0.47000000000000003,0.9995549179024666,1.1636967551025907,0.6792102518851839,0.6944456643920092,6.323640616752703,0.38139254318794436,0.978061044530872,0.9402182944918246,13.490943804621082,0.8371647066653365,0.8943442898862626,0.9248871068018832,0.44245573221567164,0.2856692881688131,10.013997808007849,0.39203284018976536,1.548838991590189,0.7931504371425372,28.09938887943441,0.7285066179966934,0.7430324616198324,0.7729240059782836
0.47250000000000003,0.9995519048984254,1.1651534885722152,0.6768742483686028,0.6921685915268329,6.3226235104016055,0.3815344959166948,0.9779037313373425,0.938888562685814,13.49183487931183,0.8355397325968029,0.8927465789099155,0.9234209188471152,0.44560384721177726,0.28768430243171406,10.014608710431016,0.3920826667715712,1.5489334782788422,0.795713953475381,28.093022539429395,0.7309730460674208,0.745370452342549,0.7752176345553868
0.47500000000000003,0.99954888198574,1.1666123407844629,0.6745410237485422,0.6898935868268381,6.321606781995065,0.3816763302778047,0.9777464765995146,0.9375453462836951,13.492558133152803,0.8339119428793618,0.8911429488890206,0.921945787347147,0.44874686789707824,0.2896958513833307,10.01521721965767,0.3921333608752641,1.5490275948180159,0.7982200631978301,28.08519643840782,0.7334253208679057,0.7476914212398822,0.7774912519880725
0.47750000000000004,0.9995458491203417,1.168073257258266,0.6722106640363044,0.6876207353915131,6.320590470964231,0.3818180256460839,0.9775892864161015,0.93618879805579,13.493114360410777,0.8322813992086181,0.8895334609955444,0.9204617807280929,0.45188468851202923,0.29170386402805304,10.015823500446267,0.3921849133815668,1.5491213666904724,0.8006687529805097,28.075923014026884,0.7358634985584548,0.7499954506225672,0.7797450038926586
0.48,0.9995428062581886,1.1695361840750094,0.6698832542661375,0.6853501214128085,6.319574616911558,0.38195956144714416,0.9774321669123118,0.934819070429192,13.493504356724584,0.8306481629651554,0.8879181763729875,0.9189689675694203,0.45501720501252724,0.29370827028734114,10.016427719959408,0.3922373156548339,1.549214819750816,0.8030600205918945,28.065214790556777,0.7382876352647597,0.752282622862713,0.7819790352560506
0.4825,0.9995397533552651,1.1710010678812843,0.6675588785122619,0.6830818281901678,6.318559259627199,0.38210091716073147,0.9772751242423852,0.9334363154604548,13.493728918726479,0.8290122952230651,0.8862971561449994,0.9174674165967468,0.4581443150335873,0.2957090009790049,10.017030047595625,0.3922905595295382,1.5493079801994771,0.8053938749472657,28.05308438219133,0.7406977870733196,0.7545530203483631,0.7841934903130905
0.485,0.9995366903675776,1.1724678558914152,0.6652376199056274,0.6808159381453216,6.317544439105433,0.38224207232390905,0.9771181645921323,0.9320406848083114,13.493788843660395,0.8273738567584474,0.8846704614237507,0.9159571966751509,0.46126591785262516,0.2977059877965246,10.017630654819547,0.39234463729578206,1.5494008745564438,0.8076703361617708,28.039544496404176,0.7430940100227152,0.7568067254397304,0.786388512428851
0.4875,0.9995336172511535,1.1739364958897125,0.6629195606503958,0.6785525328368441,6.316530195561029,0.3823830065340894,0.9769612941814673,0.9306323297064422,13.493684928997332,0.8257329080578532,0.8830381533180742,0.9144383768029988,0.46438191435235465,0.2996991632884127,10.018229714990719,0.3923995416838818,1.549493529634786,0.8098894356069467,28.024607937329932,0.7454763600913505,0.7590438204270873,0.7885642439860012
0.49,0.9995305339620373,1.17540693623243,0.6606047820401513,0.6762916929744661,6.315516569445656,0.38252369945191506,0.9768045192669442,0.9292114009362928,13.493417972048,0.8240895093266382,0.8814002929413709,0.9129110261062686,0.46749220698331106,0.301688460837614,10.018827403191372,0.39245526584807416,1.549585972514017,0.8120512159700469,28.008287609149964,0.7478448931854838,0.7612643874902869,0.7907208262773479
0.4925,0.9995274404562882,1.1768791258493854,0.6582933644738298,0.6740334984331475,6.3145036014642075,0.38266413080398504,0.9766478461442833,0.9277780487999723,13.492988769573003,0.822443720497232,0.879756941419296,0.9113752138333754,0.4705966997260122,0.3036738146409427,10.019423896053453,0.3925118033493951,1.5496782305133405,0.8141557313154956,27.990596519462237,0.7501996651299635,0.7634685086598907,0.792858399403651
0.495,0.9995243366899784,1.1783530142452125,0.6559853874713754,0.6717780282669085,6.313491332591123,0.38280428038543124,0.9764912811508945,0.9263324230932437,13.492398117390833,0.8207956012372839,0.8781081598972252,0.9098310093504929,0.47369529805276955,0.30565515968855506,10.020019371585185,0.39256914813778043,1.5497703311648252,0.8162030471477915,27.971547782615282,0.7525407316672872,0.7656562657798724,0.7949771021767985
0.4975,0.9995212226191896,1.1798285515002311,0.653680929689121,0.6695253607224231,6.312479804086643,0.3829441280623431,0.9763348306683919,0.9248746730786349,13.491646809983932,0.8191452109576933,0.8764540095475221,0.9082784821373769,0.476787908889162,0.3076324317434556,10.0206140089975,0.3926272945334412,1.5498623021865598,0.8181932404751528,27.951154622985865,0.754868148465788,0.767827740471865,0.797077072028403
0.5,0.9995180982000123,1.181305688270907,0.6513800689349017,0.6672755732523794,6.311469057513035,0.3830836537740436,0.9761785011251032,0.9234049474586987,13.490735640103306,0.817492608820541,0.8747945515766127,0.9067177017836934,0.4798744405751833,0.30960556732103256,10.021207988530614,0.392686237207565,1.54995417145583,0.8201263998732061,27.92943037818071,0.7571819711079604,0.7699830141009096,0.7991584449238829
0.5025000000000001,0.9995149633885411,1.182784375789919,0.6490828821829019,0.6650287425286149,6.310459134750709,0.38322283753521924,0.9760222989985624,0.9219233943494591,13.489665398372003,0.8158378537469498,0.8731298472318942,0.9051487379858704,0.48295480282607495,0.3115745036686209,10.021801491280998,0.392745971162397,1.5500459669823554,0.8220026255479967,27.906388502142338,0.7594822550589637,0.7721221677426734,0.8012213552820616
0.505,0.999511818140876,1.1842645658658393,0.6467894455882484,0.6627849444550288,6.309450078014335,0.38336165943790934,0.9758662308180029,0.9204301612540657,13.48843687288796,0.814181004424901,0.8714599578084823,0.90357166054447,0.4860289066928545,0.3135391787450858,10.022394699029121,0.3928064917107546,1.5501377168816486,0.8238220293975987,27.882042568139752,0.7617690556431803,0.7742452821520802,0.8032659359003094
0.5075000000000001,0.9995086624131176,1.1857462108824632,0.6444998345013526,0.660544254180286,6.308441929868815,0.38350009965335763,0.9757103031668273,0.9189253950367193,13.48705084882675,0.8125221193170039,0.8697849446558371,0.901986539362121,0.4890966645225463,0.31549953120042257,10.022987794068134,0.39286779445503095,1.550229449348517,0.8255847350715966,27.85640627162459,0.7640424280297854,0.7763524377333114,0.8052923178852374
0.51,0.9995054961613674,1.187229263797842,0.6422141234820135,0.6583067461103178,6.307434733245211,0.38363813843373357,0.9755545226850711,0.9174092418968908,13.485508108044767,0.8108612566682329,0.8681048691842772,0.9003934444420121,0.49215798991812487,0.31745550035536485,10.023580959033827,0.39292987526574336,1.550321192630763,0.8272908780277015,27.829493432933862,0.7663024272220782,0.7784437145111225,0.8073006305889299
0.5125,0.9995023193417251,1.1887136781430803,0.6399323863132905,0.6560724939206303,6.306428531456586,0.38377575611373077,0.9753988960718534,0.9158818473438877,13.483809428683415,0.8091984745136237,0.8664197928714119,0.8987924458869755,0.49521279769817395,0.31940702618099426,10.024174376736095,0.39299273025968395,1.5504129750031175,0.8289581114025538,27.801905116441343,0.7685491080480413,0.7805191921034138,0.8092910015506957
0.515,0.9994991319102876,1.1901994080209888,0.6376546960151545,0.6538415705684291,6.30542336821373,0.3839129331120488,0.9752434300878082,0.9143433561718187,13.481955584775005,0.8075338306859421,0.8647297772685201,0.8971836138991881,0.49826100385626954,0.32135404927834293,10.024768229992135,0.3930563557777303,1.550504824741441,0.8306302148432015,27.775108765315192,0.7707825251538856,0.782578949694999,0.81126355644429
0.5175,0.9994959338231478,1.1916864081046747,0.6353811248579272,0.6516140483045714,6.304419287640814,0.3840496499327692,0.9750881315575062,0.9127939124349972,13.47994734585092,0.80586738282333,0.8630348840069019,0.8955670187805089,0.501302525520093,0.3232965108579808,10.025362701461699,0.39312074836237576,1.550596770097242,0.8322532311619536,27.747295924585586,0.7730027330148324,0.7846230660125038,0.8132184190305513
0.52,0.9994927250363935,1.193174633636179,0.6331117443755164,0.6493899986853547,6.303416334290893,0.38418588716663266,0.9749330073718527,0.9112336594238407,13.477785476552823,0.8041991883769437,0.8613351748042317,0.8939427309334881,0.504337280910277,0.32523435271957896,10.02595797348451,0.393185904735038,1.5506888392725315,0.8338273309264997,27.71847873771311,0.7752097859165135,0.7866516193003327,0.8151557111153782
0.5225,0.9994895055061067,1.1946640404252533,0.6308466253784589,0.6471694925841481,6.302414553161347,0.3843216254922315,0.9747780644904752,0.9096627396413108,13.475470736247537,0.8025293046186067,0.8596307114709381,0.892310820863065,0.5073651892989978,0.32716751723144255,10.026554227920212,0.3932518217732072,1.550781060395067,0.8353526958781434,27.688669502067143,0.7774037379112385,0.7886646872976315,0.817075552512956
0.525,0.9994862751883623,1.1961545848483839,0.6285858379667721,0.6449526002028768,6.301413989709147,0.3844568456771222,0.9746233099440854,0.9080812947799467,13.473003878646344,0.8008577886485178,0.857921555916645,0.8906713591789915,0.5103861709683192,0.32909594731000624,10.02715164599096,0.39331849648749295,1.5508734614940083,0.8368295189645866,27.657880669920623,0.7795846427922001,0.7906623472161802,0.818978061014126
0.5275,0.9994830340392281,1.197646223848145,0.626329451542629,0.6427393910833655,6.30041468986603,0.3845915285788756,0.9744687508368254,0.9064894656995358,13.470385651429385,0.7991846974029383,0.8562077701566946,0.8890244165989992,0.513400147168303,0.33101958639928747,10.027750408126975,0.39338592599863004,1.550966070476028,0.8382580043609235,27.626124849058556,0.7817525540762474,0.7926446757191471,0.8208633523597783
0.53,0.9994797820147632,1.1991389149329545,0.6240775348228539,0.6405299341185465,6.299416700053509,0.3847256551460692,0.9743143943485899,0.9048873924054766,13.467616795875925,0.7975100876618307,0.8544894163187824,0.887370063952745,0.5164070400749048,0.3329383784502962,10.028350693815216,0.39345410751450316,1.5510589151019074,0.8396383674781664,27.59341480298727,0.7839075249892167,0.7946117489006341,0.8227315402191352
0.5325,0.9994765190710186,1.2006326161772887,0.6218301558512501,0.6383242975635374,6.298420067197744,0.3848592064192391,0.974160247737326,0.9032752140278703,13.464698046501121,0.7958340160565639,0.8527665566497314,0.8857083721865505,0.5194067727476729,0.33485226790039935,10.028952681451461,0.39352303830724766,1.5511520229636573,0.8412958058484576,27.570413190865033,0.7860496084503841,0.7965636422659489,0.8245827361727761
0.535,0.9994732451640366,1.2021272862223802,0.6195873820107596,0.6361225490465929,6.297424838744245,0.38499216353179694,0.9740063183413072,0.9016530688013923,13.46163013070003,0.7941565390776884,0.8510392535224232,0.88403941236897,0.5223992690872781,0.33676119965264395,10.029556548195936,0.39359271569048404,1.551245421462189,0.8435533098061245,27.56759197832813,0.7881788570551111,0.7985004307125373,0.826417049700246
0.5375,0.9994699602498486,1.2036228842774037,0.6173492800354582,0.6339247555799347,6.296431062672407,0.3851245077109272,0.973852613581382,0.9000210940459797,13.458413768399513,0.7924777130827625,0.8493075694429159,0.8823632556971968,0.5253844537929048,0.338665119055043,10.030162469832861,0.39366313699674016,1.5513391377855905,0.8457585046624406,27.563521261603476,0.7902953230562354,0.8004221885115117,0.8282345881720677
0.54,0.9994666642844773,1.2051193701211134,0.6151159160223917,0.6317309835704599,6.295438787509884,0.38525622027847234,0.9736991409631961,0.8983794261483737,13.455049671718708,0.7907975943042322,0.8475715670577644,0.8806799735043355,0.5283622523195378,0.340563971879833,10.030770620633962,0.3937342995551146,1.5514331988880163,0.8479113422030118,27.55820865058501,0.7923990583449857,0.8023289892897183,0.8300354568459883
0.5425,0.9994633572239346,1.2066167041038744,0.6128873554432518,0.6295412988303349,6.294448062346736,0.38538728265181826,0.9735459080793816,0.8967282005445599,13.451538544638666,0.7891162388573645,0.8458313091615675,0.8789896372675629,0.531332590835185,0.34245770430271255,10.031381173226343,0.39380620066923094,1.5515276314692519,0.850011788905057,27.551662049587666,0.7944901144334238,0.8042209060122786,0.831819758867247
0.545,0.9994600390242211,1.2081148471500003,0.6106636631558984,0.6273557665874745,6.293458936849424,0.38551767634478895,0.9733929226117207,0.8950675517031297,13.447881082681796,0.7874337027482292,0.8440868587047532,0.8772923186171807,0.5342953961780785,0.3443462628820756,10.031994298464824,0.39387883759553066,1.5516224619549672,0.8520598261038892,27.543889660246148,0.7965685424472756,0.806098010965554,0.8335875952726716
0.5475,0.9994567096413256,1.2096137607602768,0.6084449034157277,0.6251744514959091,6.292471461274566,0.3856473829685593,0.973240192333274,0.8933976131096024,13.444077972601644,0.7857500418817366,0.8423382788016264,0.8755880893465904,0.5372505958138999,0.34622959453825214,10.032610165309034,0.39395220752194915,1.5517177164777092,0.854055450144102,27.534899983933393,0.7986343931229886,0.8079603757404709,0.8353390649983762
0.55,0.999453369031225,1.2111134070145368,0.6062311398868937,0.6229974176460477,6.291485686482492,0.38577638423259686,0.973087725110476,0.8917185172517335,13.440129892083547,0.7840653120697351,0.8405856327386898,0.8738770214231957,0.5401981177930791,0.34810764653277315,10.033228940705468,0.3940263075470172,1.5518134208586576,0.8559986725146476,27.524701823682733,0.8006877167744979,0.8098080712161574,0.8370742648908376
0.5525,0.9994500171498828,1.2126137485741333,0.6040224356533859,0.6208247285748353,6.2905016639505975,0.3859046619456392,0.972935528905202,0.8900303956058306,13.43603750945666,0.7823795690391756,0.8388289839832505,0.8721591870002426,0.5431378907082144,0.3499803664476747,10.033850789474663,0.3941011346594266,1.551909600590176,0.8578895199670047,27.513304285598277,0.802728563263948,0.8116411675438313,0.8387932897211112
0.555,0.999446653953249,1.2141147486841493,0.6018188532299682,0.6186564472758166,6.289519445786448,0.38603219801671734,0.9727836117767934,0.8883333786241107,13.43180148341782,0.7806928684403417,0.8370683961923314,0.8704346584296168,0.5460698436516609,0.3518477021648574,10.034475874203775,0.39417668571809783,1.5520062808191972,0.8597280346156823,27.50071677973972,0.8047569819881659,0.8134597341308858,0.8404962322019354
0.5575,0.9994432793972583,1.215616371175181,0.5996204545729893,0.6164926362091063,6.288539084740692,0.3861589744562317,0.9726319818840558,0.8866275957231062,13.427422462767634,0.7790052658551511,0.835303933221894,0.8687035082755954,0.5489939061733377,0.35370960184551575,10.035104355144668,0.39425295743278344,1.5521034863314602,0.8615142740203401,27.48694902046882,0.8067730218599508,0.8152638396251118,0.8421831830074697
0.56,0.99943989343783,1.2171185804645446,0.59742730109107,0.6143333573112799,6.287560634219728,0.3862849733770901,0.972480647487218,0.8849131752731473,13.422901086159142,0.7773168168055328,0.8335356591363853,0.8669658093295706,0.5519100082387944,0.35556601390965226,10.035736390117735,0.39432994634524043,1.5522012415366344,0.8632483112488469,27.472011026246328,0.808776731279941,0.8170535518990019,0.8438542307954008
0.5625,0.9994364960308667,1.2186213415567628,0.595239453655678,0.6121786720051894,6.286584148298154,0.3864101769959146,0.9723296169498571,0.8831902445889345,13.418237981859479,0.7756275767618837,0.8317636382186231,0.8652216346257454,0.5548180801875813,0.3574168870156864,10.03637213442158,0.39440764881100326,1.5522995704543507,0.8649302349206477,27.455913118869564,0.81076815810949,0.818828938034066,0.8455094622311383
0.5650000000000001,0.9994330871322532,1.2201246200432263,0.5930569726116028,0.6100286412097154,6.285609681731002,0.38653456763432614,0.972178898740792,0.8814589299212121,13.413433767524694,0.7739376011516109,0.8299879349800224,0.8634710574578083,0.5577180526919562,0.3592621700401698,10.037011740748694,0.3944860609817867,1.55239849670116,0.8665601492298534,27.43866592214229,0.8127473496479846,0.8205900643051015,0.8471489620138282
0.5675,0.9994296666978559,1.2216283821009406,0.5908799177873394,0.6078833253494688,6.2846372899657466,0.38665812772031527,0.9720285014359389,0.8797193564495585,13.408489049988097,0.7722469453677712,0.8282086141711836,0.8617141513965935,0.5606098567159629,0.36110181205761394,10.037655359107237,0.39456517878854896,1.552498043478434,0.8681381739475281,27.420280359970413,0.8147143526119338,0.8223369961643441,0.8487728129038937
0.5700000000000001,0.9994262346835221,1.2231325944903195,0.588708348505396,0.6057427843644493,6.283667029154103,0.3867808397897066,0.9718784337201376,0.8779716482762987,13.403404425062293,0.7705556647778175,0.8264257407928418,0.8599509903087242,0.5634934234749039,0.3629357623204347,10.038303136749015,0.39464499792524305,1.552598233561226,0.8696644444026955,27.400767653878383,0.8166692131142916,0.8240697982254306,0.8503810957518174
0.5725,0.9994227910450779,1.2246372245520212,0.586542323592538,0.6036070777196783,6.2826989561636015,0.3869026864877265,0.9717287043889414,0.8762159284215563,13.398180477355169,0.7688638147324748,0.8246393801071938,0.8581816483762488,0.5663686843952312,0.3647639702390166,10.038955218103684,0.3947255138332849,1.552699089288096,0.8711391114416498,27.38013931994318,0.8186119766441852,0.8257885342471077,0.8519738895278793
0.5750000000000001,0.9994193357383296,1.2261422402028679,0.5843819013899808,0.6014762644148139,6.281733128588968,0.38702365057068316,0.9715793223503765,0.8744523188194423,13.392817780099966,0.7671714505747405,0.8228495976496133,0.8564062001172671,0.5692355710748671,0.3665863853618952,10.039611744719243,0.3948067216867661,1.5528006325519044,0.8725623413652212,27.358407165144353,0.8205426880479147,0.8274932671166094,0.8535512713525685
0.5775,0.9994158687190616,1.2276476099309401,0.5822271397635465,0.599350402993765,6.280769604763283,0.38714371490776756,0.9714302966266687,0.8726809403153993,13.387316894999696,0.7654786276489689,0.8210564592407574,0.8546247204075517,0.572094015243966,0.3684029573560561,10.040272855208748,0.39488861637843947,1.5529028847915718,0.8739343158437123,27.33558328313072,0.8224613915151179,0.8291840588326423,0.855113316527385
0.58,0.9994123899430363,1.2291533027899704,0.5800780961137947,0.5972295515543108,6.279808443768947,0.38726286248298675,0.9712816363559391,0.8709019126646995,13.381678372085993,0.7637854013100708,0.8192600309990853,0.8528372845031635,0.5749439487261229,0.37021363598734514,10.04093868520326,0.3949711925065035,1.553005866984802,0.8752552318092867,27.311680049405837,0.8243681305692844,0.8308609704879125,0.8566600985657677
0.5825,0.9994088993659945,1.2306592883932113,0.5779348273861417,0.5951137677577444,6.278849705448431,0.3873810763972371,0.9711333507938673,0.8691153545321085,13.375902749592704,0.7620918269328789,0.8174603793537885,0.8510439680640692,0.5777853034000278,0.3720183711009855,10.041609367310915,0.3950544443622128,1.5531095996417503,0.8765253013256785,27.286710115936852,0.8262629480478665,0.8325240622511347,0.8581916892238911
0.585,0.9994053969436554,1.232165536906979,0.5757973900809763,0.5930031088385429,6.277893450414835,0.3874983398705308,0.9709854493153235,0.8673213834927236,13.369990553844362,0.7603979599216909,0.8156575710581525,0.8492448471787559,0.5806180111615649,0.3738171126021951,10.042285031082018,0.3951383659183405,1.5532141027996251,0.8777447514351572,27.26068640519287,0.8281458860852984,0.83417339334848,0.8597081585310888
0.5875,0.9994018826317163,1.2336720190441024,0.5736658402637832,0.590897631614078,6.27693974006223,0.3876146362443829,0.9708379414159691,0.8655201160339894,13.363942299159756,0.7587038557199837,0.8138516732033566,0.8474399983898498,0.5834420038863527,0.37560981043689806,10.042965802980014,0.3952229508185142,1.5533193960181988,0.8789138239827718,27.233622103621464,0.8300169860952317,0.8358090220444175,0.861209574819689
0.59,0.9993983563858527,1.2351787060575201,0.5715402335752802,0.5887973924943729,6.2759886365757875,0.3877299489843712,0.9706908367138231,0.8637116675589035,13.357758487770909,0.7570095698203028,0.8120427532327195,0.8456294987207439,0.586257213392717,0.37739641457252787,10.043651806358115,0.3953081923674501,1.5534254983761917,0.8800327754179866,27.205530654573757,0.8318762887413803,0.8374310056219368,0.8626960047540632
0.5925,0.999394818161721,1.2366855697342776,0.5694206252415742,0.5867024474919096,6.275040202941697,0.3878442616828781,0.970544144950795,0.8618961523904197,13.35143960975767,0.7553151577743272,0.8102308789564058,0.8438134257032283,0.5890635714050957,0.37917687497891506,10.044343161441459,0.3953940835221035,1.5535324284685132,0.8811018765738979,27.17642575069089,0.8337238339041919,0.8390394003621265,0.864167513358721
0.595,0.9993912679149567,1.2381925823901665,0.5673070700843413,0.5846128522314917,6.274094502956846,0.3879575580620239,0.9703978759941839,0.8600736837770566,13.344986142998291,0.7536206752031211,0.808416118566598,0.8419918574061339,0.5918610095178689,0.380951141609262,10.045039985314489,0.395480616883754,1.5536402044043094,0.8821214124243222,27.146321325766642,0.8355596606505679,0.8406342615231271,0.8656241640453085
0.5975,0.9993877056011775,1.2396997168652306,0.56519962253103,0.5825286619601637,6.2731516012382675,0.38806982197680107,0.970252039838138,0.8582443738997152,13.338398553136148,0.7519261778075766,0.8065985406531431,0.8401648724649873,0.5946494591596132,0.38271916438120507,10.045742391913326,0.3955677846910385,1.5537488438057838,0.8830916818191304,27.115231546103242,0.8373838072051915,0.8422156433184758,0.8670660186384026
0.6,0.9993841311759827,1.2412069465203242,0.5630983366250865,0.5804499315571852,6.27221156323232,0.3881810374184156,0.9701066466050754,0.8564083338797229,13.331677293563104,0.7502317213790514,0.8047782142196803,0.838332550112673,0.5974288515577847,0.3844808931579689,10.046450492022888,0.39565557881394453,1.5538583638077519,0.8840129971982917,27.083170801379293,0.8391963109215586,0.8437835988948797,0.8684931374000235
0.6025,0.999380544594955,1.2427142452348796,0.5610032660362021,0.5783767155440593,6.271274455223617,0.38829118851784344,0.9699617065470648,0.8545656737880922,13.32482280541959,0.7485373618102028,0.802955208700249,0.8364949702111046,0.6001991177038367,0.38623627772962427,10.047164393278438,0.39574399074877253,1.553968781057879,0.8848856842851809,27.050153695050856,0.840997208253392,0.8453381803094825,0.8699055790528175
0.605,0.9993769458136624,1.2442215874059745,0.5589144640705754,0.5763090680946114,6.270340344343645,0.38840025954960605,0.9698172300471587,0.8527165026560111,13.317835517611895,0.7468431551060168,0.8011295939763821,0.8346522132838989,0.6029601883187858,0.3879852677944598,10.047884200171326,0.3958330116140712,1.554080111717571,0.8857100817597829,27.016195034308527,0.8427865347277191,0.8468794385066813,0.8713034008018918
0.6075,0.9993733347876576,1.2457289479487341,0.5568319836811828,0.57424704304511,6.269409298579079,0.38850823493576714,0.9696732276206791,0.850860928486553,13.310715846846687,0.7451491573950242,0.7993014403946809,0.8328043605500406,0.6057119938192448,0.38972781294048797,10.048610014058607,0.3959226321475497,1.55419237146346,0.8864865409125114,26.9813098196149,0.8445643249201411,0.848407423294593,0.8726866583553164
0.61,0.9993697114724801,1.2472363022980335,0.5547558774780531,0.5721906939044265,6.268481386779775,0.3886150992501521,0.969529709916454,0.8489990582676046,13.303464197683141,0.7434554249407055,0.7974708187848614,0.8309514939585303,0.6084544642839494,0.3914638626271053,10.049341933176324,0.396012842703966,1.5543055754894588,0.8872154252794189,26.945513233848494,0.8463306124320942,0.8499221833212475,0.874055405943321
0.6125,0.9993660758236573,1.248743626411407,0.5526861977385352,0.5701400738642243,6.2675566786664,0.3887208372227871,0.9693866877179981,0.847130997985996,13.296080962602613,0.7417620141530689,0.7956378004782658,0.8290936962239933,0.6111875294208118,0.3931933661669332,10.05008005265618,0.396103633253989,1.5544197385093408,0.887897110259656,26.908820631081245,0.848085429868899,0.8514237660506248,0.8754096963362493
0.615,0.9993624277967039,1.25025089677299,0.5506229964175524,0.5680952358091699,6.266635244837713,0.38882543374455336,0.9692441719446373,0.8452568526428224,13.288566522096076,0.7400689816003971,0.7938024573268196,0.8272310508632298,0.6139111185345364,0.3949162727078687,10.050824464545373,0.39619499338402986,1.5545348747598065,0.889227300841989,26.892275541829285,0.849828808816719,0.8529122177386281,0.8767495808613359
0.6175,0.9993587673471241,1.251758090398259,0.5485663251578333,0.5660562323271578,6.26571715677742,0.38892887387204816,0.9691021736525708,0.8433767262699291,13.280921244769138,0.7383763840211509,0.7919648617224225,0.8253636422326799,0.6166251604948473,0.39663253121537817,10.051575257829441,0.396286912297035,1.5546509980040175,0.8908511857096639,26.88504182026275,0.8515607798173602,0.8543875834091045,0.878075109418389
0.62,0.9993550944304104,1.2532651848392973,0.5465162353001141,0.5640231157195406,6.264802486860676,0.389031142832642,0.9689607040358753,0.8414907219475317,13.273145487464568,0.736684278336017,0.7901250866167381,0.8234915555667655,0.6193295837053725,0.3983420904550667,10.05233251845789,0.39637937881423246,1.5547681215355604,0.8924387984573976,26.87712313072565,0.8532813723419055,0.8558499068300178,0.8793863304944602
0.6225,0.9993514090020439,1.2547721581902447,0.5444727778933006,0.5619959380113576,6.263891308360117,0.3891322260297177,0.9688197744274392,0.8395989418229404,13.265239595402115,0.7349927216600898,0.7882832055413663,0.8216148770170806,0.6220243160732384,0.4000448989755617,10.053096329372515,0.3964723813778225,1.554886258182827,0.8939776325999544,26.868147230573005,0.8549906147668018,0.8572992304898653,0.8806832911775909
0.625,0.9993477110174955,1.256278989092587,0.5424360037045907,0.5599747509615549,6.262983695451525,0.3892321090480754,0.9686793962998372,0.837701487130341,13.25720390233528,0.7333017713151933,0.7864392926283598,0.8197336936923766,0.6247092849794298,0.4017409050917448,10.053866770538257,0.396565908054596,1.5550054203137869,0.8954678958264599,26.858126212238265,0.8566885343568678,0.8587355955744308,0.8819660371697096
0.6275000000000001,0.9993440004322237,1.2577856567399208,0.5404059632295456,0.5579596060731911,6.262079723219013,0.38933077765948326,0.968539581266134,0.8357984582115988,13.24903873072469,0.7316114848424131,0.7845934226310518,0.8178480936993049,0.6273844172499657,0.40343005686836736,10.054643918976515,0.3966599465404688,1.555125619841139,0.8969098116553049,26.847072474903175,0.8583751572445883,0.8601590419439481,0.8832346127987506
0.63,0.9993402772016744,1.2592921408818403,0.5383827067021131,0.5559505546036236,6.261179467659834,0.3894282178283546,0.9684003410806272,0.8338899545380224,13.240744391927544,0.7299219200146,0.7827456709451609,0.8159581661838631,0.6300496391279444,0.4051123021040844,10.055427848800827,0.3967544841659116,1.5552468682278315,0.8983036190326241,26.834998711351066,0.8600505083951163,0.8615696081107413,0.8844890610300511
0.6325000000000001,0.9993365412812816,1.2607984218266304,0.5363662841045959,0.553947647574673,6.260283005688743,0.38952441571752766,0.9682616876395217,0.8319760747330512,13.232321186402768,0.7282331348488398,0.7808961136301296,0.814064001373494,0.6327048762465014,0.40678758831593426,10.056218631254838,0.39684950790225215,1.555369176492934,0.8996495719115022,26.821917894449044,0.861714611574676,0.8629673312173926,0.8857294234770647
0.635,0.9993327926264645,1.2623044804424985,0.5343567451775711,0.5519509357827618,6.259390415141976,0.3896193576941276,0.9681236329815456,0.8300569165958045,13.223769403931179,0.7265451876190936,0.7790448274306643,0.8121656906197829,0.6353500536027189,0.40845586272429063,10.057016334752483,0.39694500436882646,1.5554925552178518,0.9009479388128608,26.807843263288053,0.8633674893260186,0.8643522470154748,0.8869557404114231
0.6375000000000001,0.9993290311926284,1.2638102981571506,0.5323541394297583,0.5499604698090285,6.258501774780847,0.38971303033548677,0.9679861892885067,0.8281325771254404,13.215089323850249,0.7248581368689087,0.7771918897984301,0.8102633264417016,0.6379850955325174,0.41011707223830574,10.057821024920303,0.39704095984094273,1.555617014552871,0.9021990023689697,26.79278830900898,0.8650091629426699,0.8657243898448717,0.8881680507723473
0.64,0.9993252569351624,1.2653158569556033,0.5303585161478406,0.5479763000294147,6.257617164294985,0.38980542043510463,0.9678493688857923,0.8262031525462779,13.206281215302871,0.7231720414241748,0.7753373789138701,0.8083570025693457,0.6406099256865436,0.4117711634418582,10.058632764641787,0.39713736025862356,1.5557425642240175,0.9034030588505317,26.776766760343012,0.8666396524404403,0.867083792613698,0.889366392175408
0.6425,0.9993214698094387,1.2668211393762319,0.5283699244062436,0.5459984766247259,6.256736664305257,0.38989651500862865,0.9677131842428223,0.8242687383336308,13.197345337499666,0.7214869604059109,0.7734813737081061,0.806446813988113,0.6432244670070659,0.4134180825800112,10.05945161410366,0.39723419123608056,1.5558692135402152,0.9045604176782912,26.759792568894024,0.8682589765296322,0.8684304867788194,0.8905508009206173
0.645,0.9993176697708126,1.2683261285051526,0.5263884130768764,0.5440270495906683,6.255860356366388,0.38998630129984185,0.9675776479734539,0.8223294292403025,13.18828193999431,0.7198029532430805,0.7716239538848912,0.8045328569832765,0.6458286417058622,0.4150577755459791,10.06027763084392,0.39733143807186955,1.5559969714007174,0.9056714009201215,26.741879894190554,0.8698671525902097,0.8697645023269583,0.8917213119998195
0.6475,0.9993138567746209,1.2698308079691591,0.5244140308388373,0.54206206874786,6.254988322969336,0.39007476678664715,0.9674427728363489,0.8203853193237091,13.179091262971546,0.7181200796854298,0.7697651999425824,0.8026152291849009,0.648422371243087,0.41669018786859585,10.06111086980153,0.3974290857596711,1.5561258463027894,0.9067363427745457,26.723043088534492,0.871464196650273,0.8710858677563716,0.8928779591033497
0.65,0.9993100307761813,1.2713351619275375,0.5224468261880907,0.5401035837518187,6.254120647543421,0.3901618991870432,0.9673085717353035,0.8184365019735839,13.169773537547504,0.7164383998163381,0.7679051931961,0.8006940296130685,0.6510055763070803,0.41831526470026825,10.061951383367528,0.3975271189996283,1.5562558463496177,0.9077555890416447,26.70329668167358,0.8730501233676791,0.8723946100590657,0.8940207746259135
0.6525,0.9993061917307927,1.2728391750631813,0.5204868474471166,0.5381516441029234,6.253257414458292,0.39024768646509167,0.9671750577195516,0.8164830699402315,13.160328986082048,0.7147579740656769,0.7660440157988524,0.7987693587233587,0.6535781767950771,0.4199329508053956,10.062799221437375,0.3976255222101737,1.5563869792584029,0.9087294965823229,26.682655365324475,0.8746249460146638,0.8736907547035269,0.895149789671654
0.655,0.9993023395937332,1.2743428325735149,0.5185341427745332,0.5362062991563488,6.252398709025704,0.3903321168368823,0.9670422439840404,0.8145251153633007,13.150757822502925,0.7130788632226672,0.7641817507645964,0.7968413184525529,0.656140091794766,0.42154319054923084,10.06365443146426,0.3977242795402695,1.5565192523686064,0.9096584327668904,26.66113397757258,0.8761886764653143,0.8749743256179229,0.8962650340583608
0.6575,0.9992984743202611,1.275846120161793,0.5165887601746899,0.5342675981319668,6.2515446175011515,0.3904151787765052,0.9669101438696829,0.8125627298010452,13.141060252641514,0.7114011284487265,0.7623184819892103,0.7949100122645183,0.6586912395666427,0.4231459278871574,10.064517058513207,0.39782337488198194,1.5566526726503187,0.9105427749139259,26.63874748717496,0.8777413251853685,0.8762453451737424,0.8973665363207818
0.66,0.9992945958656144,1.277349024029379,0.5146507475072277,0.5323355901242086,6.250695227085388,0.39049686102204845,0.9667787708635928,0.8105960042600385,13.131236474580023,0.7097248312902977,0.7604542942723548,0.792975545196227,0.6612315375271068,0.42474110635435697,10.065387145315675,0.39792279188331137,1.556787246712703,0.9113829097203919,26.615510977791697,0.8792829012232947,0.8775038341698346,0.898454323713015
0.6625,0.99929070418501,1.2788515308696136,0.5127201524965954,0.530410324111876,6.249850625925806,0.3905771525816376,0.966648138599298,0.8086250292253211,13.121286679009941,0.7080500336916471,0.758589273338992,0.7910380239038688,0.6637609022322484,0.42632866905584865,10.066264732324395,0.3980225139611969,1.556922980812478,0.9121792326839696,26.5914396321708,0.8808134122025483,0.878749811816813,0.8995284222099531
0.665,0.9992867992336439,1.280353627863854,0.5107970227415093,0.5284918489678903,6.24901090311767,0.3906560427395421,0.9665182608569313,0.8066498946909394,13.111211049601561,0.7063767980076195,0.7567235058607352,0.7890975567090042,0.6662792493622898,0.4279085586568799,10.06714985776832,0.39812252431462214,1.5570598808624163,0.912932147518564,26.56654871631114,0.88233286431619,0.8799832957217951,0.9005888565077681
0.6675,0.9992828809666904,1.2818553026802175,0.5088814057243363,0.5265802134689538,6.248176148705212,0.3907335210623707,0.9663891515633999,0.8046706901908369,13.101009763384297,0.7047051870163321,0.7548570794769891,0.7871542536446963,0.6687864937066609,0.42948071737367105,10.068042557707347,0.39822280593775,1.5571979524398087,0.913642065563954,26.540853563626847,0.8838412623193876,0.8812043018734543,0.9016356500234466
0.67,0.9992789493393012,1.2833565434754628,0.5069733488203777,0.5246754663051117,6.247346453682507,0.3908095774053804,0.9662608247925206,0.8026875048300618,13.09068299113751,0.7030352639317873,0.7529900828158398,0.78520822650156,0.6712825491497049,0.43104508696451405,10.068942866086779,0.3983233416330267,1.5573372007948867,0.9143094051905258,26.514369559136387,0.8853386095103983,0.882412844627378,0.9026688248933863
0.6725,0.9992750043066047,1.2848573389003448,0.5050728993070228,0.5227776560891754,6.246521909994131,0.39088420191892087,0.9661332947651219,0.8007004273162269,13.080230897791335,0.7013670924163699,0.7511226055146439,0.7832595888736388,0.673767328657043,0.43260160872125386,10.069850814791272,0.3984241140242028,1.5574776308591671,0.9149345912000479,26.487112123697987,0.8868249077029533,0.8836089366917412,0.9036884019710975
0.675,0.9992710458237037,1.2863576781086314,0.5031801043727364,0.5208868313659817,6.245702610535487,0.39095738505503175,0.966006575849094,0.7987095459911701,13.069653642837036,0.6997007365931747,0.7492547382402548,0.7813084562040273,0.6762407442626506,0.4341502234611885,10.070766433698289,0.39852510556923315,1.5576192472537196,0.9155180542234289,26.459096698313147,0.8883001572029509,0.8847925891133184,0.9046944008240737
0.6775,0.9992670738456741,1.2878575507698284,0.5012950111258412,0.5190030406214489,6.244888649152776,0.39102911757420844,0.9658806825593849,0.7967149488627342,13.05895138074617,0.698036261058128,0.7473865727088146,0.779354945830123,0.6787027070567346,0.43569087151945,10.071689750730915,0.39862629857303217,1.5577620542973347,0.9160602301164138,26.43033872851864,0.8897643567911977,0.8859638112638973,0.9056868397299207
0.68,0.999263088327562,1.289356947085501,0.49941766660304365,0.5171263322913855,6.244080120642465,0.39109939055234233,0.9657556295579172,0.7947167236365968,13.048124261397765,0.6963737308918745,0.7455182017050359,0.7773991770283957,0.681153127174535,0.43722349274194655,10.07262079191008,0.3987276752000755,1.557906056014602,0.9165615593541739,26.40085364888753,0.8912175037094935,0.8871226108271808,0.9066657356718774
0.6825,0.9992590892243792,1.2908558578089224,0.4975481177776594,0.5152567547700068,6.243277120750227,0.39116819538783737,0.9656314316534251,0.7927149577480457,13.037172430512577,0.6947132116713844,0.7436497191008726,0.77544127105853,0.6835919137862035,0.4387480264789624,10.073559581406201,0.39882921748685346,1.5580512561438977,0.9170224864257686,26.37065686765897,0.892659593649412,0.8882689937862964,0.9076311043338886
0.685,0.9992550764911007,1.2923542742676322,0.4956864115674732,0.513394356418106,6.24247974616917,0.3912355238088954,0.9655081038011806,0.7907097383936103,13.026096030093381,0.693054769481224,0.7417812198734898,0.7734813512068033,0.6860189750879525,0.44026441157953855,10.074506141590328,0.39893090735420034,1.5581976581452934,0.917725083850165,26.34784918272387,0.8940906207440984,0.8894029644120863,0.9085829600954461
0.6875,0.9992510500826591,1.2938521883883525,0.4938325948421825,0.5115391855708283,6.241688094537337,0.3913013678809556,0.9653856611026054,0.7887011525624373,13.014895198870231,0.6913984709244245,0.7399128001224136,0.7715195428285246,0.6884342182946894,0.44177258638676975,10.075460493084819,0.39903272661953204,1.5583452652083953,0.918985353392536,26.341451595416718,0.8955105775632718,0.890524525252379,0.9095213160264564
0.6900000000000001,0.999247009953938,1.2953495927236005,0.4919867144303559,0.5096912905449855,6.240902264434261,0.3913657200142654,0.9652641188047395,0.7866892870673002,13.003570072749358,0.6897443831328742,0.7380445570857513,0.7695559733893768,0.6908375496343797,0.4432724887341698,10.07642265481369,0.39913465700904255,1.5584940802601321,0.9201968804064892,26.334030507377985,0.8969194551113902,0.8916336771224967,0.910446183882443
0.6925,0.9992429560597672,1.2968464804792483,0.49014881712584685,0.507850719645855,6.2401223553765846,0.3914285729715542,0.9651434922995631,0.7846742285751206,12.992120785264627,0.6880925737771706,0.7361765891553537,0.7675907725054657,0.6932288743444026,0.444764055943268,10.077392644052765,0.3992366801699132,1.5586441059725105,0.9213600010074325,26.325600391071426,0.8983172428289854,0.8927304190972958,0.9113575741004476
0.6950000000000001,0.9992388883549147,1.2983428455422326,0.48831894969359535,0.5060175211734014,6.239348467812529,0.3914899198757743,0.9650237971231413,0.7826560636368927,12.98054746803019,0.686443111075866,0.734308995890798,0.7656240719819017,0.6956080966701712,0.4462472248226106,10.078370476479654,0.3993387776825991,1.5587953447703455,0.922475062290407,26.31617587935777,0.8997039285973686,0.8938147485050743,0.9122554957960408
0.6975,0.9992348067940781,1.2998386825075867,0.4864971588747552,0.5041917434278552,6.238580703115213,0.3915497542178692,0.9649050489545908,0.7806348787168834,12.9688502511932,0.684796063804033,0.7324418780320644,0.7636560058497097,0.6979751198662958,0.4477219316683372,10.079356166223736,0.39944093107325707,1.558947798838992,0.9235424217165491,26.30577174843813,0.9010794987472315,0.8948866609237197,0.9131399567619002
0.7000000000000001,0.9992307113318782,1.3013339867039992,0.4846834913910829,0.5023734347145917,6.237819163574682,0.3916080698645276,0.9647872636148468,0.7786107602209973,12.957029263885381,0.683151501301078,0.7305753375107775,0.7616867104008802,0.7003298462005634,0.4491881122665056,10.080349725916195,0.3995431218263783,1.5591014701320813,0.9245624464943478,26.294402900788228,0.9024439380713658,0.895946150179497,0.9140109634684507
0.7025,0.9992266019228484,1.3028287542171224,0.48287799394852793,0.5005626433482459,6.2370639523885885,0.39166486106587867,0.9646704570652218,0.7765837945241989,12.945084634672401,0.6815094934777343,0.7287094774598943,0.759716324221363,0.7026721769609979,0.4506457018973296,10.081351166740184,0.3996453313976851,1.5592563603792837,0.9255355129570441,26.282084348113568,0.9037972298410017,0.8969932083488932,0.9148685210670926
0.705,0.9992224785214258,1.3043229819099589,0.48108071323996965,0.4987594176560082,6.2363151736514935,0.391720122463087,0.9645546454057505,0.7745540679968831,12.933016492000034,0.6798701108221651,0.72684440222172,0.7577449882218144,0.7050020124662367,0.45209463534147654,10.082360498481208,0.3997475412273396,1.559412471094097,0.9264620059375771,26.268831194357553,0.9051393558229577,0.8980278257639461,0.91571263339656
0.7075,0.9992183410819427,1.3058166674397351,0.47929169594704685,0.49696380598004497,6.235572932342739,0.39177384909580687,0.964439844873315,0.7725216670301003,12.92082496463632,0.6782334244051035,0.7249802173541386,0.7557728456659036,0.7073192520794386,0.4535348468885611,10.083377729577721,0.39984973275350155,1.5595698035816754,0.9273423181425282,26.25465861879575,0.9064702962927205,0.8990499910214736,0.91654330299295
0.71,0.9992141895586159,1.307309809270807,0.4775109887410357,0.49517585667899416,6.234837334312876,0.3918260364094616,0.9643260718395444,0.7704866780595516,12.908510182108943,0.6765995058839547,0.7231170296349648,0.7538000421960088,0.709623794225899,0.45496627034794246,10.084402867172056,0.399951887426257,1.5597283589467046,0.9281768495265451,26.23958185925116,0.9077900300443557,0.9000596909965994,0.9173605311039561
0.7125,0.9992100239055375,1.3088024066832809,0.4757386382827351,0.49339561812849053,6.234108486268653,0.3918766802623193,0.9642133428084941,0.7684491875882785,12.896072275137298,0.6749684275057984,0.7212549470643185,0.7518267258561196,0.7119155364145056,0.45638883906190864,10.085435917161638,0.40005398672192166,1.559888138101324,0.928966006668746,26.223616195465823,0.9090985344036259,0.9010569108609373,0.9181643177078042
0.715,0.9992058440766648,1.3102944597771844,0.4739746912213289,0.49162313872068325,6.233386495756598,0.3919257769323437,0.9641016744141058,0.7664092822079852,12.883511376058847,0.6733402621092536,0.7193940788649502,0.7498530471117916,0.7141943752631191,0.4578024859212979,10.086476884250626,0.40015601215770485,1.5600491417731142,0.9297102021525763,26.206776932664383,0.9103957852448139,0.9020416341057378,0.9189546615373341
0.7175,0.9992016500258123,1.31178596947217,0.4722191941922004,0.48985846686271245,6.232671471145231,0.39197332312381084,0.9639910834174564,0.7643670486189454,12.87082761924952,0.6717150831251673,0.7175345354804487,0.7478791588669992,0.7164602065279206,0.4592071433835771,10.087525772002005,0.4002579453067004,1.5602113705131524,0.9304098539505719,26.189079385345092,0.9116817570041791,0.9030138425702394,0.9197315601096135
0.72,0.999197441706641,1.3132769375029099,0.4704721938136825,0.4881016509741217,6.231963521605958,0.3920193159736864,0.9638815867038035,0.7623225736484641,12.858021141538163,0.6700929645761026,0.7156764285712789,0.7459052164777543,0.7187129251367008,0.46060274349336106,10.08858258289015,0.40035976781315363,1.5603748247041433,0.9310653848154112,26.170538861332314,0.9129564226898977,0.9039735164753825,0.9204950097613835
0.7225,0.9991932190726505,1.3147673664104522,0.46873373668274004,0.4863527394831935,6.231262757092701,0.3920637530577768,0.963773201279434,0.7602759442678769,12.845092082615087,0.668473981074592,0.7138198710086204,0.743931377762371,0.7209524252260241,0.46198921790531666,10.089647318354075,0.40046146140793587,1.5605395045686565,0.9316772216785381,26.151170646123028,0.9142197538969596,0.9049206344629477,0.9212450056905241
0.725,0.9991889820771713,1.3162572595299782,0.4670038693695856,0.48461178082219797,6.230569288320405,0.39210663239666904,0.9636659442683407,0.7582272476080902,12.832040585435232,0.6668582078201379,0.7119649768659775,0.7419578030082665,0.7231786001821379,0.463366497909366,10.09071997885144,0.4005630079241416,1.5607054101774764,0.9322457950575301,26.130989987557122,0.9154717208304026,0.9058551736400826,0.921981542003631
0.7275,0.9991847306733567,1.3177466209754851,0.46528263841124096,0.4828788234215618,6.2298832267424205,0.39214795246149126,0.9635598329087233,0.7561765709736872,12.818866796616305,0.6652457205949446,0.7101118614085644,0.7399846549752251,0.7253913426854491,0.46473451445806196,10.091800563913447,0.40066438931271425,1.560872541458095,0.9327715384732401,26.110012080838118,0.9167122923347047,0.9067771096290612,0.9227046117696611
0.73,0.9991804648141748,1.319235455622027,0.4635700903040685,0.48115391570297,6.229204684526921,0.39218771217953097,0.9634548845493411,0.7541240018556411,12.805570866832864,0.6636365957583974,0.7082606410804774,0.7380120988950457,0.7275905447583375,0.4660931981959809,10.092889072200846,0.4007655876579956,1.5610408982033745,0.9332548878775649,26.088252053926883,0.9179414359266566,0.9076864166220092,0.9234142070794704
0.7325,0.9991761844524035,1.3207237690862064,0.4618662714953006,0.47943710607142276,6.228533774532411,0.39222591093975756,0.963351116645726,0.7520696279427005,12.792152951207308,0.6620309102402425,0.7064114334896775,0.7360403024675353,0.7297760978160326,0.4674424794909435,10.093985501561237,0.40086658519308715,1.5612104800804087,0.9336962810925074,26.06572495332621,0.9191591178306814,0.9085830674402114,0.9241103191109317
0.735,0.9991718895406232,1.3222115677056594,0.4601712283736091,0.4777284429062808,6.22787061028242,0.3922625485983022,0.9632485467562666,0.750013537131533,12.778613209698893,0.6604287415324334,0.704564357390838,0.7340694358528151,0.7319478927202386,0.4687822884668519,10.09508984908788,0.40096736431491437,1.5613812866396197,0.9340961572609978,26.042445730269336,0.9203653030164761,0.9094670335974943,0.9247929381991808
0.7375,0.9991675800312118,1.3236988585182707,0.4584850072587576,0.4760279745513395,6.227215305939433,0.3922976254839499,0.9631471925381774,0.7479558175357335,12.764951807492448,0.6588301676797506,0.70271953266611,0.7320996716599341,0.7341058198351589,0.4701125550379064,10.096202111180203,0.40106790759888106,1.561553317324116,0.9344549563097239,26.018429227319412,0.9215599552393358,0.9103382853670842,0.9254620539114066
0.74,0.9991632558763405,1.3251856492418659,0.4568076543903946,0.4743357493039818,6.226567976278163,0.3923311424037061,0.963047071743365,0.7458965574938202,12.751168915388279,0.6572352672692378,0.700877080303882,0.7301311849317881,0.7362497690855468,0.47143320894395224,10.097322283606236,0.4011681978130134,1.5617265714793502,0.9347731184239962,25.993690165381874,0.9227430370836148,0.911196791851226,0.9261176551254539
0.7425,0.9991589170279677,1.326671948255079,0.45513921591603984,0.4726518154034636,6.225928736658173,0.39236310064849206,0.9629482022141927,0.7438358455763652,12.73726471019519,0.6556441194185004,0.6990371223756207,0.7281641531263758,0.7383796300163887,0.47274417978669137,10.098450361567172,0.40126821793149525,1.5619010483631035,0.9350510835344679,25.968243131125334,0.9239145100090217,0.9120425210527825,0.9267597301114117
0.745,0.999154563437838,1.3281577645800422,0.4534797378783309,0.4709762210183933,6.225297702995916,0.39239350199902717,0.9628506018791568,0.7417737705924102,12.723239375128609,0.6540568037629333,0.6971997820108822,0.7261987560944125,0.7404952918538175,0.47404539706649484,10.09958633976416,0.4013679511475155,1.562076747155816,0.9352892908153193,25.942102564801324,0.9250743343991977,0.912875439947955,0.9273882666152389
0.7475,0.9991501950574759,1.3296431078674802,0.4518292662015898,0.46930901423346905,6.22467499173619,0.3924223487319444,0.9627542887484716,0.7397104215953378,12.709093100215899,0.6524734004419196,0.6953651833706003,0.7242351760533452,0.7425966435668533,0.47533679021955,10.10073021246748,0.4014673808853588,1.5622536669712868,0.9354881781933346,25.915282748447975,0.9262224696132088,0.9136955145592386,0.9280032519433986
0.75,0.9991458118381854,1.331127988384709,0.45018784667777684,0.46765024303554026,6.224060719823026,0.39244964362618145,0.9626592809095655,0.73764588788837,12.69482608271103,0.6508939900840566,0.6935334516187494,0.7222735975578062,0.7446835739295806,0.476618288655083,10.101881973588217,0.4015664908116905,1.5624318068677592,0.9356481818671354,25.887797794457963,0.9273588740403537,0.9145027100276946,0.9286046730474128
0.7525000000000001,0.9991414137310456,1.3326124170069589,0.44855552495189255,0.46599995529905824,6.223455004670002,0.3924753899696726,0.9625655965224919,0.73558025902986,12.68043852752072,0.6493186537914735,0.6917047128924869,0.7203142074665384,0.7467559715833807,0.47788982179241624,10.103041616752373,0.4016652648460053,1.5626111658593838,0.935769735835725,25.859661634487566,0.9284835051586585,0.9152969906836464,0.9291925166072178
0.755,0.9991370006869104,1.3340964052123603,0.4469323465068907,0.46435819877098133,6.222857964129945,0.39249959156636066,0.9624732538152406,0.7335136248385541,12.665930647644146,0.6477474731232921,0.6898790942708717,0.7183571949058253,0.7488137250988754,0.4791513190976369,10.104209135377436,0.40176368717022987,1.5627917429280607,0.9358532714353985,25.83088800868056,0.9295963195958953,0.9160783201149367,0.9297667691121975
0.7575000000000001,0.9991325726564049,1.3355799650808493,0.4453183566481572,0.46272502105519525,6.222269716464013,0.3925222527435249,0.9623822710789574,0.7314460753989682,12.65130266462807,0.646180530078287,0.6880567237422488,0.7164027512294304,0.7508567230372678,0.4804027101196763,10.1053845227514,0.4018617422374905,1.562973537035661,0.9358992168840466,25.80149045517936,0.9306972731870065,0.9168466612319474,0.9303274169387927
0.76,0.999128129589925,1.3370631092971834,0.4437136004876088,0.46110046959650586,6.221690380310093,0.3925433783594115,0.9622926666630555,0.7293777010670276,12.636554809039108,0.6446179070767867,0.6862377301703778,0.7144510699750444,0.7528848540108064,0.48164392452563665,10.106567772113928,0.4019594147800776,1.5631565471365811,0.936530497163546,25.78862368166898,0.9317863210097781,0.9176019763286947,0.9308744464236686
0.7625000000000001,0.9991236714376365,1.3385458511581814,0.442118122927455,0.45948459166425265,6.2211200746505035,0.392562973811131,0.9622044589702207,0.7273085924760786,12.621687320954546,0.6430596869418667,0.6844222432593658,0.712502346817207,0.7548980067421589,0.48287489213522744,10.107758876739748,0.4020566898166593,1.5633407721906407,0.9374027955728367,25.782759441387956,0.932863417409781,0.9183442271394154,0.9314078439314966
0.765,0.9991191981494721,1.3400282045842535,0.4405319686436659,0.457877434335592,6.2205589187789165,0.3925810450427746,0.9621176664512949,0.7252388405433701,12.6067004504726,0.6415059528798835,0.6826103935174564,0.7105567795166458,0.7568960701225205,0.48409554295421536,10.10895783002387,0.40215355265881575,1.5635262111762633,0.9382291068019913,25.775988891808144,0.9339285160351503,0.9190733748902116,0.9319275959165633
0.7675000000000001,0.9991147096751314,1.3415101841352253,0.43895518206917494,0.45627904447848266,6.220007032266486,0.3925975985536835,0.9620323076000377,0.7231685364770635,12.591594458242872,0.6399567884603997,0.6808023122196951,0.7086145678659416,0.7588789332683559,0.4853058072068279,10.110164625568615,0.402249988916979,1.5637128631039363,0.9390098160467437,25.76832602571477,0.9349815698744368,0.9197893803454825,0.9324336889775492
0.77,0.999110205964079,1.342991805030405,0.43738780737684724,0.45468946873440597,6.219464534927142,0.39261264140679125,0.9619484009477575,0.7210977717837947,12.576369616017,0.6384122775955422,0.6789981313694806,0.7066759136314024,0.76084648557672,0.4865056153670899,10.111379257272105,0.4023459845058828,1.5639007270298984,0.9397453114728372,25.759784782409962,0.9360225312934987,0.9204922038490388,0.9329261099050296
0.7725,0.9991056869655427,1.3444730831727918,0.43582988846223153,0.4531087535008466,6.218931546781986,0.39262618123694987,0.9618659650578063,0.7190266382767903,12.561026207219168,0.6368725045188252,0.6771979836589906,0.7047410204909911,0.7627986167791685,0.48769489818910594,10.112601719418164,0.4024415256496304,1.5640898020700431,0.9404359836223308,25.7503790329121,0.9370513520707474,0.9211818053599646,0.9334048457214262
0.775,0.9991011526285111,1.3459540351772539,0.4342814689261128,0.45153694491354923,6.2184081880228055,0.3926382262591383,0.9617850185199349,0.7169552280844874,12.545564527535507,0.6353375537634414,0.6754020024284441,0.7028100939681273,0.7647352169943176,0.4888735867363401,10.113832006767346,0.4025365988865012,1.5642800874139993,0.9410822248146695,25.740122565141778,0.938067983431281,0.9218581444834765,0.9338698837133578
0.7775,0.9990966029017305,1.3474346784024414,0.4327425920568784,0.44997408882856815,6.217894578974644,0.3926487852764507,0.961705579944505,0.7148836336595904,12.529984885521001,0.633807510140016,0.6736103216241525,0.7008833413611539,0.7666561767791679,0.49004161240996996,10.115070114649082,0.40263119107361683,1.564471582339382,0.9416844285425471,25.72902906908836,0.9390723760808888,0.9225211804971648,0.934321211456531
0.78,0.9990920377337011,1.3489150309861087,0.4312133008127076,0.44842023080411947,6.217390840057467,0.39265786768775424,0.9616276679565595,0.7128119477884497,12.51428760322181,0.6322824587138297,0.6718230757552908,0.6989609716682353,0.7685613871793402,0.4911989069764175,10.11631603905475,0.40272528939158786,1.5646642862261884,0.9422429888628651,25.717112121958152,0.940064480240738,0.9231708723731622,0.9347588168335118
0.7825,0.9990874570726725,1.3503951118834334,0.42969363780359565,0.4468754160822494,6.21689709174687,0.39266548349491376,0.961551301189745,0.7107402636006372,12.498473016810589,0.630762484781484,0.6700403998493095,0.6970431955074422,0.7704507397784072,0.4923454025941788,10.117569776731697,0.4028188813492571,1.5648581985713386,0.9427582997833409,25.704385173311668,0.941044245683144,0.9238071787968751,0.9351826880448805
0.785,0.9990828608666362,1.3518749409078075,0.428183645273225,0.4453396895703268,6.216413454533914,0.39267164330947946,0.9614764982801007,0.7086686745785485,12.482541477231836,0.6292476738469945,0.6682624294058979,0.6951302250317588,0.7723241267465208,0.4934810318400797,10.118831325278187,0.40291195478865066,1.5650533190033629,0.9432307546455698,25.690861530204074,0.9420116217685697,0.9244300581829994,0.9355928136144077
0.7875,0.9990782490633183,1.3533545387734673,0.4266833650806983,0.44381309582238077,6.215940048884024,0.39267635835874415,0.9614032778597006,0.706597274566868,12.46649335085391,0.6277381115972889,0.6664893003494099,0.6932222738387613,0.7741814408885408,0.49460572773508815,10.120100683239341,0.4030044978902344,1.5652496472972386,0.9436607455055588,25.676554342348677,0.94296655748393,0.9250394686895765,0.9359891823889822
0.79,0.9990736216101703,1.3548339271392156,0.42519283868215657,0.44229567902029593,6.215476995195098,0.3926796404910859,0.9613316585501741,0.7045261577816948,12.45032902012411,0.6262338838771371,0.6647211489796545,0.6913195568746991,0.776022575691858,0.49571942376980943,10.12137785020409,0.40309649917856505,1.5654471833893866,0.9440486625129352,25.661476587328455,0.943909001482433,0.9256353682308421,0.9363717835340714
0.7925,0.9990689784543562,1.3563131286523746,0.423712107112309,0.4407874829549,6.215024413754762,0.39268150218052184,0.9612616589560957,0.7024554188191466,12.434048884222912,0.6247350766635468,0.662958111920968,0.6894222903327503,0.7778474253740926,0.4968220539297671,10.122662826903333,0.40318794752841075,1.5656459273928536,0.944394893290154,25.645641055884354,0.9448389021251303,0.9262177144895668,0.9367406065254738
0.795,0.9990643195427384,1.3577921669920245,0.4222412109659126,0.43928855100697206,6.214582424696929,0.3926819565304129,0.9611932976582652,0.7003851526632409,12.417653359713336,0.6232417760396483,0.6612003260694864,0.687530691545222,0.7796558849307995,0.49791355272055865,10.123955615309331,0.40327883217140315,1.5658458796126837,0.9446998223131239,25.629060337311834,0.945756207524293,0.9267864649295184,0.9370956411380887
0.7975,0.9990596448218624,1.3592710669105146,0.42078019037924597,0.43779892612821725,6.214151147957682,0.392681017276269,0.9611265932068844,0.6983154546928716,12.401142881181496,0.6217540681680974,0.659447928538557,0.6856449788695116,0.7814478501832762,0.4989938551929356,10.125256218736515,0.4033691427032727,1.5660470405615114,0.9449638302946859,25.611746804998404,0.9466608655886961,0.9273415768085372,0.9374368774322888
0.8,0.9990549542379381,1.3607498542722023,0.41932908501163174,0.43631865082225857,6.213730703230584,0.39267869878761885,0.9610615641146455,0.6962464206877124,12.384517901864358,0.6202720392640301,0.6577010566022381,0.6837653715676716,0.7832232178265044,0.5000628969678299,10.126564641943745,0.40345886909170586,1.5662494109753773,0.9451872935723827,25.59371260213541,0.9475528240709395,0.9278830071925804,0.9377643057383601
0.8025,0.9990502477368172,1.3622285560884015,0.417887934027072,0.43484776712570655,6.2133212099215385,0.39267501606891686,0.9609982288497487,0.6941781468328919,12.367778894261019,0.6187957755676124,0.6559598476368617,0.6818920896794679,0.7849818854771975,0.5011206142613023,10.127880891238135,0.40354800168485855,1.5664529918297865,0.9453705835018869,25.574969627636268,0.9484320306169454,0.9284107129709225,0.9380779166392725
0.805,0.9990455252639708,1.3637072005475912,0.4164567760760656,0.4333863165893731,6.212922787103276,0.39266998475946796,0.9609366058288639,0.6921107297223267,12.350926350724164,0.6173253633162474,0.6542244390606522,0.6800253538888685,0.7867237517218548,0.5021669439093535,10.129204974580432,0.40363653122055126,1.5666577843560066,0.9455140658573925,25.555529522292286,0.9492984328162309,0.9289246508725103,0.9383777009518427
0.8075,0.9990407867644645,1.3651858170400768,0.4150356492776864,0.4319343402597034,6.212535553469648,0.3926636211323592,0.96087671341006,0.6900442663606052,12.333960784028674,0.6158608887164978,0.6524949682714238,0.6781653853839443,0.7884487161646548,0.5032018233924932,10.130536901691869,0.4037244488361725,1.5668637900575957,0.9456181002401843,25.535403655195516,0.9501519782520985,0.92942477748332,0.93866364970615
0.81,0.9990360321829285,1.3666644361764857,0.413624591202002,0.43049187866050315,6.212159627289818,0.3926559420923889,0.960818569885721,0.6879788541633776,12.316882727915027,0.6144024379157736,0.6507715725823905,0.6763124057102228,0.7901566794749482,0.5042251908599255,10.131876684162386,0.4038117460793149,1.5670710107271393,0.945683039496522,25.51460311045643,0.9509926145495367,0.929911049264378,0.9389357541228602
0.8125,0.9990312614635297,1.3681430897997333,0.4122236388529188,0.4290589717750401,6.211795126362538,0.3926469651729849,0.9607621934754734,0.6859145909562134,12.299692737605556,0.6129500969737678,0.6490543891561626,0.6744666366175832,0.7918475434340576,0.5052369851531734,10.133224335559976,0.40389841491917444,1.5672794484631642,0.9457092291459214,25.493138674243475,0.9518202894198174,0.9303834225699807,0.9391940055879325
0.8150000000000001,0.9990264745499401,1.3696218109904,0.4108328286515335,0.4276356590285978,6.211442167970648,0.3926367085321037,0.9607076023191492,0.6838515749719483,12.282391390292412,0.6115039518336701,0.6473435549370132,0.672628299900835,0.7935212109810257,0.506237145828937,10.134579871540812,0.4039844477587462,1.5674891056871696,0.9456970068209064,25.47102082217129,0.9526349507027226,0.9308418536655484,0.9394383956240693
0.8175,0.9990216713853045,1.371100634065782,0.4094521964200743,0.42622197927155847,6.211100868835979,0.39262519094709514,0.9606548144698102,0.6817899048465622,12.264979285596668,0.6100640882933144,0.6456392065815232,0.670797617234173,0.7951775862569124,0.5072256131809543,10.135943309959666,0.40406983744785807,1.5676999851607065,0.945646701719344,25.448259707065905,0.9534365464070507,0.9312862987444641,0.939668915858159
0.8200000000000001,0.9990168519122077,1.3725795945732417,0.40808177736650486,0.42481797076308325,6.210771345074809,0.3926124318085149,0.9606038478868588,0.6797296796136748,12.247457045998754,0.6086305919764056,0.6439414803877338,0.6689748099997539,0.7968165746472136,0.5082023282606238,10.137314670980132,0.4041545772970885,1.5679120900024257,0.9455586340705737,25.424865147137417,0.9542250247489921,0.9317167139432427,0.9398855579839561
0.8225,0.9990120160726405,1.3740587292788156,0.4067216060698594,0.4234236711554552,6.210453712154038,0.392598451112857,0.9605547204292605,0.6776709986977721,12.229825317241005,0.6072035483039153,0.6422505122229516,0.6671600991106771,0.7984380828219461,0.5091672328961379,10.138693977183877,0.4042386610926202,1.568125423704975,0.9454331146167149,25.40084661459532,0.9550003341883225,0.9321330553543908,0.9400883137192717
0.8250000000000001,0.9990071638079673,1.3755380761523683,0.4053717164663672,0.42203911747913747,6.210148084848249,0.39258326945417293,0.9605074498489012,0.6756139619063111,12.212084768703917,0.6057830424657306,0.640566437450363,0.6653537048287103,0.8000420187729461,0.5101202697098838,10.14008125367817,0.404322083112083,1.5683399901516304,0.945270444110764,25.376213224746866,0.9557624234628794,0.9325352790363787,0.9402771747570471
0.8275,0.9990022950588926,1.3770176743508429,0.4040321418364147,0.4206643461285923,6.2098545771977784,0.3925669080145351,0.9604620537841033,0.6735586694208762,12.194236093758214,0.6043691593926259,0.6388893908546337,0.6635558465771305,0.801628291847938,0.5110613821338783,10.141476528200778,0.4044048381414364,1.5685557936325198,0.9450709128333799,25.350973725626105,0.9565112416215381,0.9329233410202645,0.9404521327098427
0.8300000000000001,0.9989974097654283,1.3784975642013633,0.40270291479238185,0.4192993928488954,6.2095733024679225,0.3925493885532968,0.9604185497533154,0.6715052217875839,12.176280010095358,0.6029619837285037,0.6372195065666766,0.6617667427490986,0.8031968127809537,0.51199051442303,10.14287983122121,0.40448692149293497,1.568772838860283,0.9448348001305775,25.325136488208535,0.9572467380548056,0.9332971973126458,0.9406131790474809
0.8325,0.9989925078668632,1.3799777871860612,0.40138406726737674,0.41794429272316747,6.209304373109397,0.39253073339509625,0.9603769551489971,0.6694537199069496,12.158217260039821,0.6015615998029632,0.6355569179877819,0.6599866105120209,0.8047474937187313,0.5129076116660457,10.144291196037324,0.4045683290242067,1.5689911309850135,0.9445623739749031,25.298709497274956,0.9579688625212033,0.9336568038947768,0.9407603050278177
0.835,0.9989875893017321,1.3814583859305094,0.40007563050488304,0.4165990801608386,6.209047900720093,0.39251096541655056,0.9603372872317042,0.6674042650234517,12.140048610846648,0.6001680916043488,0.6339017577133178,0.6582156656083924,0.8062802482427748,0.5138126197938486,10.145710658866106,0.40464905715845173,1.569210675608298,0.9448500687480856,25.2876562599877,0.9586775651684613,0.9340021167178852,0.9408935016208937
0.8375,0.9989826540077887,1.3829394041975442,0.39877763504932007,0.41526378888674775,6.208803996008195,0.39249010803158424,0.9602995631243832,0.665356958715036,12.121774854988304,0.5987815427533345,0.6322541574562115,0.6564541221536503,0.8077949913868283,0.5147054855854103,10.14713825892763,0.4047291029057437,1.5694314787962034,0.9454283923747111,25.284735278827647,0.9593727965504397,0.9343330916949002,0.9410127594269689
0.84,0.9989777019219768,1.3844208868880543,0.3974901107375085,0.41393845193107376,6.208572768756635,0.39246818517534643,0.9602637998068752,0.6633119028828116,12.103396810435013,0.5974020364770749,0.6306142479704379,0.654702192431609,0.8092916396496028,0.5155861566709629,10.148574038520982,0.4048084638853785,1.5696535470910191,0.9459626321408241,25.28098392638593,0.960054507641386,0.9346496846890033,0.9411180685892321
0.8425,0.998972732980406,1.385902880049987,0.3962130866910205,0.412623101620084,6.208354327788858,0.392445221286674,0.9602300141106187,0.6612691997411996,12.084915320933018,0.5960296555839524,0.6289821589747467,0.6529600866880766,0.8107701110026901,0.5164545815326073,10.150018043091256,0.4048871383491778,1.5698768875216198,0.9464530311489737,25.276410775506847,0.9607226498485064,0.9349518514995802,0.9412094187021866
0.845,0.9989677471183276,1.387385430896388,0.39494659130939,0.41131776956768445,6.208148780935804,0.3924212412890742,0.9601982227135449,0.6592289518087855,12.066331256285162,0.5946644824389058,0.6273580190768697,0.6512280129233003,0.8122303248936985,0.5173107095024008,10.15147032128656,0.40496512520560807,1.5701015076122817,0.946899823912458,25.271024074398564,0.9613771750228413,0.9352395478463115,0.9412867987169491
0.8475,0.9989627442701118,1.3888685878327813,0.3936906522641448,0.41002248666774677,6.207956235003958,0.39239627057021526,0.9601684421351354,0.6571912619001392,12.047645512638313,0.5933065989393458,0.6257419556984573,0.6495061766839176,0.8136722022447547,0.51815449075807,10.152930925004238,0.4050424240445276,1.5703274153898321,0.9473032357524864,25.264831732993724,0.962018035468394,0.9355127293522757,0.9413501968448381
0.85,0.9989577243692267,1.3903524004936116,0.39244529649362203,0.40873728308718477,6.207776795744328,0.39237033495993123,0.9601406887316232,0.6551562331188405,12.028859012781961,0.591956086491712,0.6241340950010037,0.6477947808551241,0.815095665446631,0.5189858763165566,10.154399909425651,0.4051190351623266,1.5705546193890285,0.9476634822295888,25.25784131023446,0.9626451839499847,0.9357713515270227,0.9413996004607521
0.8525,0.998952687348219,1.3918369197868377,0.3912105501985192,0.4074621882597514,6.2076105678220594,0.39234346070677045,0.9601149786912939,0.6531239688519581,12.00997270646217,0.5906130259887086,0.6225345618130277,0.6460940254538104,0.8165006383488583,0.5198048180256707,10.15587733303883,0.40519495958717544,1.5707831286560625,0.9479807686139846,25.250060002390388,0.9632585737002632,0.9360153697506521,0.941434996007901
0.855,0.9989476331386938,1.3933221979451342,0.38998643883813144,0.4061972308805246,6.207457654786476,0.3923156744531405,0.9600913280298524,0.6510945727661896,11.990987570714724,0.5892774977872172,0.6209434795587746,0.6444041074234437,0.8178870462462976,0.5206112685541764,10.157363257648752,0.40527019910405493,1.571012952750149,0.9482552893995337,25.24149463251462,0.9638581584266018,0.9362447392599547,0.941456368905454
0.8575,0.9989425616712976,1.3948082885815623,0.3887729871272223,0.40494243890105075,6.2073181590412,0.3922870032091234,0.9600697525858002,0.6490681488058763,11.971904610221051,0.5879495816869259,0.6193609701887239,0.6427252204314964,0.8192548158627251,0.5214051813806925,10.158857748374837,0.40534475627920113,1.5712441017431396,0.9484872278657448,25.232151641138003,0.9644438923183003,0.9364594151376547,0.941463703460634
0.86,0.9989374728757002,1.3962952467470147,0.38757021903347416,0.4036978395251124,6.207192181814022,0.39225747432506053,0.9600502680157766,0.6470448011930573,11.952724857689857,0.5866293569097006,0.617787154112175,0.6410575546702518,0.8206038753320645,0.5221865107818239,10.160360873635598,0.4054186344835712,1.5714765862171476,0.9486767556919895,25.222037078292537,0.9650157300536857,0.9366593523057608,0.9414569827866881
0.8625,0.9989323666805792,1.3977831289863336,0.38637815777546536,0.40246345920509136,6.207079823126175,0.39222711546302513,0.9600328897898055,0.6451522579356929,11.935810506797896,0.5853169020797134,0.6162221501321913,0.6394012966618227,0.821934154177954,0.5229552118199714,10.161872705120409,0.4054918379149145,1.5717104172601817,0.9488240326276735,25.211156596944164,0.9655736268060203,0.9368445055239184,0.9414361887280333
0.865,0.9989272430136015,1.3992719933897038,0.385196825821122,0.40123932363889675,6.206981181760622,0.39219595456732037,0.960017633186391,0.6433445057122826,11.92031882466092,0.5840122952042255,0.6146660753831779,0.6377566290682348,0.823245583292354,0.5237112403312744,10.163393317748405,0.40556437161802766,1.5719456064597899,0.9489292062215977,25.19951544790165,0.9661175382482273,0.937014829393562,0.9414013017936937
0.8675,0.9989221018014108,1.400761899635829,0.38402624488659515,0.40002545776743176,6.206896355229014,0.3921640198341539,0.960004513287406,0.641579032163777,11.905466880316093,0.5827156136548749,0.613119045271359,0.6361237305074178,0.8245380949139061,0.5244545529141407,10.164922789614632,0.40563624150277894,1.57218216589473,0.9489924116131223,25.187118476252248,0.9666474205582886,0.9371702783684757,0.9413523010999193
0.87,0.9989169429696108,1.4022529090235203,0.38286643593551795,0.39882188577257444,6.206825439736929,0.3921313396806479,0.9599935449727175,0.6398180039476324,11.890553953989091,0.5814269341495352,0.6115811734184121,0.6345027753759396,0.8258116226067038,0.5251851069187868,10.16646120192344,0.40570745435950645,1.5724201081246671,0.949013771387066,25.173970119357968,0.9671632304272848,0.937310806772206,0.9412891643226398
0.8725,0.9989117664427519,1.4037450844886326,0.3817174191786046,0.39762863107565083,6.206768530147139,0.3920979427133519,0.9599847429145033,0.6380615006335947,11.875580762744395,0.5801463327349345,0.6100525716084969,0.6328939336792955,0.8270661012400774,0.5259028604381704,10.168008638909251,0.4057780178714317,1.5726594461779206,0.9489933954935055,25.16007440642766,0.9676649250709544,0.9374363688225179,0.9412118676600918
0.875,0.9989065721443199,1.4052384906038686,0.38057921407355516,0.3964457163363827,6.206725719940563,0.39206385769642144,0.9599781215712142,0.6363935380413938,11.862112579856184,0.5788738847701185,0.6085333497388975,0.6312973708705277,0.828301466969874,0.5266077723006317,10.169565187744547,0.40584794062377727,1.5729001935372315,0.948931381232863,25.14543495966133,0.968152462244925,0.9375469186628708,0.9411203858056728
0.8775000000000001,0.9989013599967225,1.4067331935596958,0.37945183932524074,0.3952731634522922,6.206697101174755,0.3920291135196202,0.9599736951811526,0.6347732634453529,11.84939300748245,0.577609664910733,0.6070236157744664,0.6297132476979053,0.8295176572215944,0.5272998020644817,10.171130938434995,0.4059172321093417,1.5731423641235416,0.9488278133058577,25.13005499694403,0.9686258002635869,0.9376424104006024,0.941014691930721
0.88,0.9988961299212832,1.4082292611255793,0.378335312886146,0.39411099355855045,6.206682764439741,0.3919937391662973,0.9599714777556421,0.6331576055735351,11.836619656223874,0.5763537470940953,0.6055234757060286,0.6281417200623356,0.8307146106755784,0.5279789100146742,10.172705983701402,0.40598590273035545,1.5733859722777375,0.9486827639271216,25.113937336049222,0.9690848980225354,0.9377227981512586,0.9408947576765898
0.8825000000000001,0.9988908818382319,1.4097267625917729,0.3772296519570556,0.39295922702825636,6.206682798811159,0.39195776368147256,0.9599714830717799,0.631546630089784,11.823793017168773,0.5751062045250399,0.6040330335128604,0.6265829388851084,0.8318922672542646,0.5286450571616026,10.174290418848113,0.4060539637965257,1.5736310327402943,0.9484962930005468,25.097084400294754,0.9695297150244392,0.9377880360882399,0.9407605531550468
0.885,0.9988856156667011,1.4112257686930307,0.3761348729879719,0.39181788347313207,6.2066972918007295,0.39192121614015013,0.9599737246647763,0.6299404032287714,11.810913609495366,0.5738671096625296,0.6025523911293178,0.6250370499864879,0.8330505681113669,0.5292982052419466,10.175884341617326,0.406121427519264,1.5738775606287432,0.9482684483537864,25.079498225580902,0.9699602114080342,0.9378380784966932,0.9406120469557062
0.8875000000000001,0.9988803313247238,1.4127263515167015,0.37505099167925743,0.3906869817446191,6.206726329304118,0.391884125615963,0.9599782158198902,0.6283389918432374,11.797981981627514,0.5726365342070232,0.6010816484156353,0.6235041939755847,0.8341894556226412,0.5299383167213942,10.177487852028758,0.4061883070021826,1.574125571412874,0.9479992660287997,25.061180468729006,0.97037634797982,0.9378728798303689,0.9404492061589261
0.89,0.9988750287292345,1.414228584398677,0.3739780229829929,0.3895665399353554,6.206769995546398,0.39184652115023366,0.9599849695639948,0.6267424634532777,11.78499871242351,0.5714145490885816,0.5996209031328666,0.6219845061518356,0.835308873377763,0.5305653547989672,10.17910105220398,0.40625461622803233,1.574375080887564,0.9476887706249366,25.042132417031706,0.9707780862479981,0.9378923947700161,0.9402719963523801
0.8925000000000001,0.9988697077960725,1.4157325418115065,0.3729159811045405,0.3884565753810068,6.2068283730253215,0.3918084317215205,0.9599939986568028,0.6251508862969459,11.771964412384929,0.5702012244556751,0.5981702509218803,0.6204781164183213,0.8364087661727084,0.5311792834126012,10.180724046174783,0.4063203700423382,1.57462610514314,0.947336975690841,25.022354998922555,0.9711653884589544,0.9378965782817725,0.9400803816493557
0.895,0.998864368439988,1.417238299249582,0.3718648795042977,0.38735710466241846,6.206901542452704,0.3917698862157069,0.9600053155818007,0.6235643293813501,11.758879724871022,0.5689966296646207,0.5967297852862674,0.618985149207048,0.8374890800019661,0.531780067245581,10.182356939675019,0.40638558413406606,1.574878660533182,0.9469438841613705,25.00184879567316,0.9715382176330483,0.9378853856740075,0.9398743247067853
0.8975,0.9988590105746505,1.4187459331166066,0.37082473089961443,0.3862681436080412,6.206989582694192,0.39173091339668,0.9600189325369328,0.6219828625333539,11.745745327302785,0.5678008332695537,0.5952995975789716,0.6175057234162249,0.83854976204986,0.5323676717334007,10.183999839915405,0.40645027501371234,1.5751327636396921,0.9465094888358626,24.980614054030553,0.9718965375994917,0.9378587726511123,0.9396537867410495
0.9,0.9988536341126587,1.420255520620524,0.36979554726684066,0.38518970729657537,6.207092570707798,0.391691541877641,0.960034861425095,0.6204065564489377,11.732561932339914,0.5666139030128312,0.5938797769923897,0.6160399523594713,0.8395907606803129,0.5329420630706337,10.185652855341125,0.4065144599892582,1.5753884312356057,0.9460337728943115,24.958650699715243,0.9722403130315128,0.9378166953628844,0.9394187275397473
0.9025,0.9988482389655525,1.421767139680686,0.3687773398434523,0.384121810059763,6.2072105814814655,0.3916518000930877,0.9600531138444772,0.6188354827402567,11.719330289013406,0.565435905815784,0.5924704105516667,0.6145879437268086,0.8406120254244515,0.5335032082174329,10.187316095372209,0.4065781571404585,1.5756456802446335,0.9455167104484281,24.93595835171082,0.9725695094800967,0.9377591104483562,0.9391691054678883
0.905,0.9988428250438244,1.423280868851326,0.36777011913019503,0.38306446548524725,6.2073436879699635,0.39161171627151276,0.9600737010788037,0.6172697139794292,11.706051183796388,0.5642669077697146,0.5910715831108602,0.6131497995572359,0.8416135069656081,0.5340510749053592,10.188989670127063,0.40664138529194627,1.5759045276985029,0.9449582671250244,24.91253633728831,0.9728840934054133,0.9376859750732154,0.9389048774673191
0.9075,0.9988373922569307,1.4247967872643583,0.36677389489316753,0.38201768641940553,6.207491961031347,0.39157131840887094,0.9600966340875058,0.6157093237381233,11.692725441596417,0.563106974127014,0.5896833773516477,0.6117256162226263,0.8425951571214635,0.5345856316423314,10.190673690129996,0.406704163985626,1.576164990691722,0.9443584006796646,24.888383707720795,0.9731840322049243,0.9375972469602761,0.9386259990486279
0.91,0.9988319405133022,1.4263149745932402,0.3657886761657571,0.38098148497005585,6.207655469363166,0.391530634242874,0.9601219234958547,0.6141543866220699,11.679353926653434,0.5619561692922487,0.5883058737842352,0.6103154844226664,0.8435569288233018,0.5351068477166168,10.192368266003903,0.40676651345279946,1.5764270863340453,0.9437170616390628,24.863499254656368,0.973469294237644,0.9374928844128475,0.9383324242752752
0.9125,0.9988264697203525,1.4278355110381948,0.3648144712503313,0.3799558725089321,6.207834279438537,0.3914896912281906,0.9601495795850743,0.6126049782997276,11.665937543329099,0.5608145568130711,0.5869391507501451,0.6089194891905507,0.8444987760926003,0.5356146931999151,10.194073508149772,0.4068284545864253,1.576690831700907,0.9430341939711367,24.837881527127276,0.9737398488449092,0.9373728463311939,0.9380241057402122
0.915,0.9988209797844819,1.4293584773315626,0.363851287719585,0.3789408596738218,6.20802845544213,0.39144851651263823,0.9601796122824408,0.6110611755244424,11.652477236775393,0.5596821993707715,0.5855832844265914,0.607537709909162,0.8454206540154322,0.5361091389497207,10.195789526415183,0.4068900089138494,1.5769562437821463,0.9423097357819874,24.811528849181016,0.9739956663686005,0.9372370922226496,0.9377009945357682
0.9175,0.9988154706110801,1.4308839547605836,0.36289913241744687,0.3779364563702692,6.208238059206076,0.3914071369144676,0.9602120311513688,0.6095230561495948,11.638973993472803,0.5585591587703025,0.5842383488321947,0.6061702203374982,0.8463225187153938,0.5365901566112803,10.197516429754234,0.40695119857027173,1.5772233394294102,0.9421194718526199,24.799597599547482,0.9742367181677464,0.9370855822062458,0.9373630402180781
0.92,0.9988099421045225,1.432412025203565,0.3619580114594548,0.3769426717727545,6.208463150145762,0.39136557890085394,0.9602468453814818,0.6079906991363868,11.62542884163118,0.5574454959297499,0.5829044158338523,0.6048170886471601,0.8472043273259741,0.5370577186195717,10.199254325881812,0.4070120462731302,1.57749213530268,0.942245379803124,24.796338009090782,0.9744629766342896,0.9369182770129548,0.9370101907677282
0.9225,0.9988043941681621,1.4339427711743291,0.3610279302325275,0.37595951432527913,6.208703785195439,0.39132386856771445,0.9602840637786524,0.6064641845541077,11.611842851449637,0.5563412708690703,0.581581555154648,0.6034783774687689,0.8480660379634388,0.537511798201812,10.201003320925205,0.40707257529749064,1.5777626478163875,0.9423224044957056,24.792138897485493,0.9746744152087623,0.9367351379828258,0.936642392548631
0.925,0.998798826704318,1.4354762758690935,0.3601088933940767,0.3749869917413079,6.208960018743575,0.3912820316209783,0.9603236947550031,0.6049435935728862,11.59821713523458,0.5552465426979772,0.5802698343827598,0.6021541439482386,0.8489076097013974,0.5379523693810586,10.202763519076326,0.4071328094524429,1.5780348930856247,0.9423504514134667,24.786998605939363,0.9748710083966811,0.9365361270603455,0.9362595902673704
0.9275,0.9987932396142578,1.4370126232096458,0.3592009048704288,0.3740251110030408,6.2092319025678755,0.3912400933594319,0.9603657463188574,0.6035830983092599,11.587511044785302,0.5541613696029881,0.5789693189814006,0.6008444398128825,0.8497290025482446,0.5383794069814785,10.204535022247647,0.40719277305840756,1.5783088868729285,0.9423294213278847,24.78091526009021,0.9750527317865223,0.9363212067893589,0.9358617269353738
0.93,0.9987876327981753,1.4385518978768317,0.3583039678545504,0.37307387836001404,6.209519485769947,0.39119807865925377,0.9604102260646327,0.6022546965953196,11.577275278929532,0.5530858088337156,0.5776800722998846,0.5995493114473558,0.8505301774286307,0.5387928866358467,10.206317929734867,0.4072524909251789,1.5785846445361063,0.9422592108519633,24.773886783467773,0.9752195620700433,0.9360903403087704,0.9354487438362861
0.9325,0.9987820061551648,1.440094185329047,0.35741808480309295,0.3721332993270496,6.209822814709581,0.3911560119603397,0.9604571411626774,0.6009327124203533,11.567017135682406,0.5520199166885046,0.5764021555859614,0.5982687999794485,0.8513110961700109,0.5391927847957811,10.20811233788902,0.4073119883304519,1.578862180977522,0.9421397130401148,24.76591091209346,0.9753714770652914,0.9358434913500968,0.9350205805008588
0.935,0.9987763595831931,1.4416395718015445,0.35654325743279386,0.37120337868159403,6.210141932938665,0.3911139172544928,0.9605064983490489,0.5996172235455745,11.556737693882214,0.550963748499511,0.5751356279995797,0.5970029413757039,0.8520717214951657,0.5395790787451437,10.209918339800259,0.4073712909985238,1.5791415105951876,0.9419708180352507,24.75698521022987,0.9755084557417942,0.9355806242377316,0.9345771746915458
0.9375,0.9987706929790668,1.4431881442839185,0.3556794867162824,0.37028412046049514,6.210476881134812,0.39107181807552155,0.9605583039152474,0.5983083087137134,11.54643807079571,0.5499173586173137,0.5738805466282285,0.5957517665467635,0.8528120170213938,0.5399517466169448,10.211736024994996,0.4074304250788209,1.5794226472359199,0.9417524137626863,24.747107087270457,0.9756304782471029,0.9353017038925635,0.9341184623988504
0.9400000000000001,0.9987650062384004,1.4447399904749858,0.35482677287734227,0.36937552795627027,6.210827697034728,0.39102973749124836,0.9606125636979114,0.5970060476084535,11.536119421593183,0.5488808003951707,0.5726369665039577,0.5945153014622209,0.8535319472668614,0.5403107674139855,10.213565479147544,0.4074894171238813,1.5797056041507422,0.9414843866696764,24.736273815740542,0.9757375259346872,0.9350066958393907,0.9336443778513354
0.9425,0.9987592992555827,1.4462951987163282,0.3539851153856773,0.36847760371290955,6.211194415367469,0.3909876980973813,0.9606692830684934,0.5957105208091218,11.525782938725355,0.5478541261730153,0.5714049406220946,0.5932935672745895,0.8542314776643847,0.5406561210333661,10.215406783806635,0.40754829406643384,1.5799903939525852,0.9411666225087983,24.72448255036612,0.9758295813936877,0.9346955662184077,0.9331548535411103
0.9450000000000001,0.9987535719237435,1.4478538579078297,0.35315451295120814,0.3675903495212462,6.211577067787599,0.3909457220131433,0.9607284669229226,0.5944218097407299,11.51542985120266,0.5468373872612464,0.5701845199615463,0.5920865804517936,0.854910574582715,0.5409877882949014,10.2172600161367,0.4076070831952394,1.5802770285762702,0.9407990071630176,24.71173034815831,0.9759066284797246,0.9343682818009542,0.9326498202665985
0.9475,0.9987478241347225,1.4494160574104626,0.35233496351790355,0.36671376641389114,6.211975682808354,0.3909038308784908,0.960790119671267,0.5931399966192212,11.505061423773341,0.5458306339243048,0.5689757535064299,0.5908943529173342,0.8555692053552386,0.5413057509734078,10.219125248673134,0.407665812129425,1.580565519240658,0.9403814275101943,24.698014189460004,0.9759686523447562,0.9340248100096946,0.9321292071944339
0.9500000000000001,0.9987420557790373,1.4509818869431679,0.3515264642571132,0.3658478546597042,6.212390285734821,0.3908620458526832,0.9608542452273987,0.591865164391519,11.49467895599215,0.544833915363943,0.5677786882685895,0.5897168921970288,0.8562073383158841,0.5416099918347754,10.221002549090404,0.4077245087911123,1.5808558764127827,0.9399137723250071,24.683330999907508,0.9760156394655979,0.9336651189434777,0.9315929419425079
0.9525,0.998736266745856,1.4525514364817593,0.3507290115603352,0.3649926137577321,6.212820898597135,0.39082038761389337,0.9609208469986612,0.5905973966696958,11.484283781166559,0.5438472797020448,0.566593369310378,0.5885542015709564,0.8568249428419582,0.5419004946757076,10.222891979981608,0.40778320137624435,1.5811481097737559,0.9393959332167843,24.667677673274266,0.9760475776731927,0.9332891774072732,0.9310409506863908
0.9550000000000001,0.9987304569229691,1.454124796168273,0.349942601031314,0.36414804243051097,6.213267540083658,0.3907788763594782,0.9609899278755349,0.589336777658325,11.473877265162807,0.5428707739628004,0.5654198397668985,0.5874062802289908,0.8574219894036293,0.5421772443670096,10.224793598648052,0.4078419183236199,1.5814422281862215,0.9388278056024658,24.651051095183163,0.9760644561846106,0.9328969549478064,0.9304731582916284
0.9575,0.9987246261967622,1.4557020562389404,0.34916722747733214,0.3633141386165966,6.213730225474107,0.39073753180645965,0.961061490221294,0.5880833920738646,11.463460805050271,0.5419044440539666,0.5642581408667382,0.5862731234281006,0.8579984496198116,0.5424402269003245,10.226707456897644,0.4079006882822489,1.5817382396631736,0.9382092897148266,24.633448167698443,0.976066265638184,0.9324884218957471,0.9298894884746606
0.96,0.9987187744521918,1.4572833069780393,0.3484028848995433,0.3624908994621673,6.214208966572627,0.3906963731917086,0.9611355358616546,0.5868373250547763,11.453035827560122,0.5409483347468536,0.5631083119501075,0.585154722649435,0.8585542963202957,0.5426894294382337,10.22863360085141,0.4079595400772502,1.5820361513380317,0.9375402916470186,24.61486583483344,0.9760529981314384,0.9320635494155632,0.9292898639952965
0.9625,0.9987129015727569,1.4588686387032825,0.34764956648218537,0.36167832131153344,6.214703771640807,0.3906554192712736,0.9612120660744156,0.5855986620610449,11.442603787333379,0.5400024896546167,0.5619703904832314,0.5840510657531544,0.8590895036140833,0.5429248403676882,10.230572070758228,0.4080185026745805,1.5823359694359849,0.9368207244353269,24.595301109034047,0.9760246472615959,0.9316223095643377,0.9286742068837154
0.965,0.9987070074404716,1.4604581417862963,0.34690726458052995,0.3608763996963987,6.215214645330846,0.3906146883182685,0.96129108157912,0.5843893943304553,11.432594710508074,0.5390669512084746,0.5608444120678255,0.5829621371289607,0.8596040469640193,0.5431464493567486,10.232522900818848,0.4080776051449403,1.582637699246774,0.93605050918265,24.57475109871577,0.9759812081689936,0.9311646753609399,0.9280424387047947
0.9675,0.9987010919358329,1.462051906709293,0.34617597070745515,0.3600851293237432,6.215741588619083,0.3905741981187144,0.961372582526776,0.5832877271422141,11.424541707210794,0.538141760631552,0.5597304104445746,0.5818879178404172,0.8600979032679325,0.5433542474146414,10.234486119021504,0.40813687662720255,1.5829413450992669,0.9352295762254231,24.553213036940924,0.9759226775840605,0.9306906208669231,0.9273944808620983
0.97,0.9986951549377853,1.463650024156485,0.3454556755185873,0.3593045040622475,6.2162845987404305,0.3905339659647499,0.9614565684897147,0.5823364660743748,11.419290900034367,0.5372269579101164,0.5586284174896583,0.5808283857613354,0.8605710509465987,0.543548226955112,10.236461746992868,0.4081963462916762,1.5832469103384041,0.9343578663464129,24.530684311318986,0.9758490538781862,0.9302001212802747,0.926730254943047
0.9725,0.9986891963236794,1.4652525851363256,0.3447463687960263,0.35853451692723537,6.216843669124427,0.39049400864465245,0.9615430384516997,0.5815153376531342,11.416453847637264,0.5363225817620139,0.5575384632035981,0.5797835157028255,0.8610234700388755,0.5437283818630181,10.238449799869354,0.40825604330342985,1.583554397305296,0.9334353320349039,24.507162495193782,0.9757603371169403,0.9296931530427656,0.9260496831055965
0.975,0.9986832159692254,1.4668596811285373,0.3440480394307619,0.35777516006419635,6.217418789333862,0.3904543424291796,0.9616319907984351,0.5807004925374486,11.413604369009727,0.5354286696022397,0.5564605756919725,0.5787532795299742,0.8614551423043334,0.5438947075640125,10.240450286195271,0.4083159967857726,1.5838638073214681,0.9324619387941728,24.482645380144355,0.9756565291126005,0.9291696939609964,0.9253526885051514
0.9775,0.9986772137484382,1.4684714042481817,0.3433606754039826,0.35702642473102975,6.218009945007294,0.3904149830538244,0.9617234233086739,0.5798919992641126,11.41074341539706,0.5345452575057604,0.5553947811378717,0.5777376462675542,0.8618660513335866,0.5440472010970208,10.24246320785546,0.40837623578383336,1.584175140678444,0.9314376664938123,24.457131009771455,0.9755376334746794,0.9286297233404198,0.9246391957584454
0.98,0.9986711895335765,1.4700878474178771,0.3426842637675824,0.356288301279248,6.218617117806956,0.3903759456966918,0.9618173331461614,0.5790899264739214,11.407871960189413,0.5336723801677952,0.5543411037663211,0.5767365821946308,0.8622561826662936,0.5441858611890347,10.244488560050936,0.40843678922799664,1.5844883966339773,0.930362510761434,24.43061771466821,0.9754036556609805,0.9280732221306073,0.9239091314388093
0.9825,0.9986651431950753,1.471709104538606,0.342018790624268,0.3555607791344608,6.219240285373861,0.39033724495183886,0.961913716852691,0.5782943427019293,11.404990995209122,0.5328100708619006,0.5532995658012648,0.5757500509284076,0.8626255239164624,0.5443106883314984,10.246526331326567,0.4084976858967809,1.5848035734163326,0.9292364844046285,24.403104148384468,0.9752546030313685,0.9275001730788814,0.9231624245946844
0.985,0.9986590746014694,1.4733352706493315,0.34136424110775215,0.3548438467765454,6.219879421292062,0.39029889479806706,0.9620125703425774,0.577505316156535,11.40210152676652,0.5319583613963426,0.5522701874160416,0.5747780134980928,0.8629740649042414,0.5444216848572885,10.248576503659729,0.4085589543785897,1.5851206682379972,0.9280596188499697,24.374589324092316,0.9750904849040493,0.9269105608882322,0.9223990072805817
0.9875,0.9986529836193142,1.4749664420657256,0.3407205993635909,0.3541374917199691,6.22053449506418,0.3902609085633292,0.9621138888988698,0.5767229144903647,11.399204571537835,0.5311172820693882,0.5512529866786032,0.573820428409962,0.8633017977928245,0.5445188550169693,10.250639052618304,0.4086206230316558,1.5854396773201191,0.9268319655814925,24.34507265155116,0.9749113126126526,0.9263043723742139,0.9216188150870666
0.99,0.9986468701130995,1.4766027164885827,0.3400878485312618,0.3534417004947814,6.221205472100244,0.39022329888507656,0.9622176671716279,0.5759472045663724,11.396301152327682,0.5302868616242561,0.5502479794929798,0.5728772517051227,0.8636087172284763,0.5446022050526887,10.252713947595167,0.40868271994145217,1.5857605959287742,0.9260144791712144,24.326661463820738,0.9747170995617613,0.9256815966144304,0.9208217876540017
0.9925,0.9986407339451612,1.478244193072852,0.33946597072810103,0.3527564586288104,6.221892313721899,0.3901860776670552,0.9623238991785708,0.5751782522229151,11.393392293785181,0.5294671272045274,0.5492551795386843,0.5719484370117032,0.8638948204810143,0.5446717432677649,10.25480115212425,0.40874527287487256,1.5860834184238501,0.9255768034532839,24.318561054973213,0.9745078612781237,0.925042225083305,0.9200078691493747
0.995,0.9986345749755897,1.4798909724486995,0.3388549470356964,0.35208175063160274,6.222594977183658,0.39014925603322553,0.9624325783083654,0.5744161220417531,11.390479018146689,0.5286581043108421,0.5482745982098669,0.5710339355933359,0.8641601075814225,0.5447274800897292,10.25690062428092,0.4088083092305988,1.5864081383209736,0.9250873268522897,24.309432919092067,0.9742836154544182,0.9243862517642186,0.9191770086947992
0.9975,0.9986283930621428,1.481543156686669,0.33825475748929185,0.35141755998061314,6.2233134157126395,0.39011284427964826,0.9625436973267715,0.5736608771229612,11.387562341079338,0.5278598167596614,0.5473062445560632,0.5701336963958269,0.8644045814526714,0.5447694281243899,10.25901231716631,0.4088718559852729,1.586734748366418,0.9245459544247282,24.299273050083897,0.9740443819821709,0.9237136732308833,0.9183291607183971
1.0,0.9986221880601576,1.4832008492000768,0.33766538107067723,0.35076386911010127,6.224047578567593,0.3900768518253209,0.962657248385772,0.5729125788706259,11.384643267697676,0.5270722866448667,0.5463501252263423,0.569247666093841,0.8646282480293322,0.5447976021983552,10.261136179471809,0.40893593963536384,1.5870632406244147,0.9239526114598041,24.28807783684086,0.9737901829703567,0.9230244886900519,0.9174642852164011
1.0025,0.9986159598224703,1.484864154579472,0.33708679570493616,0.3501206594031187,6.224797411117511,0.3900412871630805,0.9627732230357314,0.5721712867929308,11.381722788821039,0.5262955343029583,0.5454062444185475,0.568375789139278,0.8648311163612671,0.5448120193874627,10.26327215611638,0.4090005861349582,1.5873936065757228,0.9233072442400295,24.275844084398248,0.9735210427462294,0.9223186999784042,0.9165823479065688
1.0050000000000001,0.9986097081993467,1.4865331783566318,0.3365189782612921,0.3494879111868731,6.225562854939275,0.3900061578117854,0.9628916122404975,0.5714370583198329,11.37880187753191,0.5255295782824952,0.5444746038351553,0.567518007812788,0.8650131986965935,0.5448126990287182,10.265420188945624,0.40906582083007614,1.5877258372257521,0.922609820639901,24.262569031478932,0.9732369878351068,0.9215963115077226,0.9156833202594054
1.0075,0.9986034330384201,1.4882080266992925,0.3359619045581484,0.34886560373164693,6.226343847933109,0.38997147027105855,0.9630124063952596,0.570709948640986,11.375881486085651,0.5247744353182823,0.5435552026470486,0.5666742622795816,0.8651745105393305,0.5447996627136534,10.267580217478171,0.4091316683905063,1.5880599232200072,0.9218603305443973,24.248250363952614,0.9729380469163419,0.9208573301542466,0.914767179397215
1.01,0.9985971341846495,1.4898888060427538,0.3354155493722575,0.3482537152533273,6.2271403244536865,0.3899372299799027,0.963135595346826,0.5699900105659558,11.372962543210297,0.5240301203106427,0.5426480374662378,0.5658444906503645,0.8653150706776205,0.544772934261502,10.269752179681879,0.40919815274053484,1.5883958549641377,0.9210587860742591,24.23288622385406,0.9726242507535403,0.9201017650903357,0.9138339078560257
1.0125,0.9985908114802919,1.4915756226704342,0.33487988645178934,0.3476522229194733,6.227952215454018,0.3899034412804857,0.9632611684158784,0.5692772944080324,11.370045951821579,0.5232966463099762,0.5417531023282658,0.5650286290478512,0.8654349011792428,0.5447325396712273,10.271936012759982,0.40926529699029074,1.588733622745531,0.9202052216115153,24.216475213753235,0.9722956320981114,0.9193296275591608,0.912883493211213
1.0150000000000001,0.9985844647648945,1.493268582262041,0.3343548885329042,0.34706110285871306,6.228779448638438,0.3898701073883311,0.963389114420634,0.5685718478921793,11.367132587163843,0.5225740245066016,0.540870388684697,0.5642266116789327,0.8655340273522346,0.5446785070522251,10.274131653925705,0.4093331233697284,1.5890732168531205,0.9192996936262203,24.199016396443874,0.9719522255660182,0.9185409305959947,0.9119159275739571
1.0175,0.9985780938753106,1.4949677894346103,0.333840527359278,0.3464803301731347,6.229621948620407,0.3898372303700349,0.9635194217012533,0.5678737160868271,11.364223295371984,0.5218622642256884,0.539999885405749,0.5634383709121654,0.8656124776698053,0.5446108665344164,10.276339041143174,0.40940165316750293,1.5894146276919785,0.9183422803134359,24.180509290106325,0.9715940674884385,0.9177356887026008,0.910931206972116
1.02,0.9985716986457336,1.4966733473074216,0.333336773703884,0.3459098789532055,6.2304796370803714,0.38980481112946186,0.9636520781442542,0.5671829413583822,11.361318892433932,0.5211613729269224,0.5391415787927508,0.5626638373598378,0.8656702836602792,0.544529650159398,10.278558113812887,0.4094709066771535,1.5897578458893378,0.9173330810575632,24.160953859291617,0.9712211957385392,0.9169139174840649,0.9099293306352921
1.0225,0.998565278907752,1.4983853571258292,0.33284359739220787,0.3453497222946391,6.231352432918591,0.3897728494031485,0.9637870712061511,0.5664995633464694,11.35842016351732,0.5204713562084036,0.5382954525997236,0.5619029399634538,0.8657074797644767,0.5444348917552949,10.280788813381365,0.40954090315309927,1.590102862388884,0.9162722157487176,24.14035050225505,0.9708336495382958,0.9160756332600126,0.9089103002094643
1.025,0.9985588344904233,1.5001039179804305,0.33236096732597387,0.34479983231652384,6.232240252397782,0.3897413437653681,0.9639243879355162,0.5658236189570996,11.355527862608703,0.5197922178141128,0.5374614880629874,0.5611556060810521,0.8657241031646097,0.5443266267988632,10.283031083857122,0.4096116607789641,1.5904496685305596,0.9151598239822832,24.1187000353237,0.9704314692504977,0.915220852664294,0.9078741189310844
1.0275,0.9985523652203573,1.5018291266560502,0.3318888515063832,0.34426018017994287,6.233143009270567,0.38971029164299203,0.9640640149926918,0.5651551423701718,11.352642712399291,0.5191239596440922,0.536639663937295,0.5604217615743663,0.8657201935903434,0.5442048922692029,10.285284872218291,0.40968319665069314,1.5907982561136107,0.9139960641776401,24.096003675101638,0.9700146961615762,0.9143495922487677,0.9068207907937241
1.03,0.9985458709218118,1.503561077639322,0.33142721705582734,0.34373073610624794,6.234060614887047,0.38967968933992747,0.9642059386664288,0.5644941650570049,11.34976540433804,0.5184665817662913,0.5358299565365946,0.5597013308934223,0.8656957931090382,0.5440697264980585,10.287550128701557,0.4097555267767957,1.5911486174412743,0.912781112654806,24.072263019387684,0.9695833722616638,0.9134618681076138,0.9057503197418583
1.0325,0.9985393514167852,1.5052998633042356,0.33097603023702826,0.3432114693941105,6.234992978278414,0.3896495320705425,0.9643501448868181,0.5638407158029831,11.346896598761845,0.5178200824288748,0.5350323397771612,0.5589942371558055,0.8656509459082187,0.5439211690220845,10.289826806966445,0.40982866609785695,1.59150074534619,0.9115151627081396,24.04748002769647,0.9691375400293383,0.9125576955385685,0.9046627089260614
1.035,0.998532806525105,1.507045574282356,0.3305352564685926,0.3427023484344644,6.235940006213245,0.3896198140011183,0.9644966192339983,0.5633596216239739,11.347356393433962,0.5171844580717869,0.534246785220499,0.5583004022174833,0.8655856980789662,0.5437592604425804,10.292114864134083,0.4099026285271982,1.591854633196394,0.9101984237141432,24.021657002230146,0.9686772422295561,0.9116370887565336,0.9035579600516631
1.0375,0.9985262360645042,1.5087983000095164,0.33010486033602693,0.34220334072247466,6.236901603223949,0.3895905282980182,0.9646453469422452,0.5629380239574994,11.348878470047598,0.5165597033363857,0.5334732621131562,0.5576197467318293,0.8655000974090938,0.5435840422980374,10.294414260704254,0.40997742701422696,1.592210274882491,0.9088311203058697,23.994796570047697,0.96820252173306,0.9107000606732227,0.9024360728488534
1.04,0.9985196398506768,1.5105581294249686,0.32968480559737445,0.3417144128657252,6.237877671601919,0.38956166718096863,0.964796312899223,0.5625229888753331,11.350397524025606,0.5159458110719077,0.5327117374204217,0.556952190193309,0.8653941931946478,0.5433955569543792,10.296724960359365,0.4100530736315911,1.5925676647873326,0.9074134916397201,23.966901667026622,0.9677134213642195,0.9097466227538605,0.9012970446865268
1.0425,0.9985130176973095,1.512325151783874,0.3292750551827672,0.34123553058791,6.238868111360788,0.38953322197961426,0.9649495016403,0.5621145335506549,11.351913876199978,0.5153427723375508,0.5319621758508146,0.5562976509622718,0.8652680360774737,0.5431938475170554,10.299046929667629,0.410129579686743,1.592926797740112,0.9059457907721087,23.937975524020597,0.967209983782911,0.908776784958716,0.9001408703451874
1.045,0.9985063694160862,1.5140994575313194,0.32887557118736593,0.3407666587274455,6.239872820168244,0.3895051831913776,0.965104897338004,0.5617126720847483,11.353427807160699,0.5147505763991608,0.5312245398683749,0.5556560462674177,0.8651216779153312,0.5429789577681801,10.301380137701244,0.4102069558578972,1.5932876689573061,0.9048017810040474,23.917894821614386,0.966692251404923,0.9077905557734767,0.8989675419563878
1.0475,0.9984996948166647,1.5158811391772156,0.3284863148573625,0.34030776123058,6.240891693247762,0.38947754053862693,0.9652624837868223,0.5613174154215047,11.354939555289688,0.5141692107197613,0.5304987896900057,0.5550272921828148,0.864955171689447,0.542750932130787,10.303724555587294,0.4102852123536519,1.5936502739732161,0.9042418513273606,23.913555161874942,0.9661602663642079,0.9067879423285574,0.8977770491080621
1.05,0.9984929937066255,1.5176702921076572,0.32810724656894596,0.33985880113878003,6.241924623252346,0.38945028302324997,0.9654222443836745,0.5609287712362419,11.356449314312409,0.5135986609430157,0.5297848832655647,0.5544113035768969,0.8647685714525405,0.5425098156610412,10.306080156010365,0.410364359094724,1.594014608563038,0.9036254174199493,23.90802741826243,0.9656140705182092,0.9057689506035416,0.8965693791072443
1.0525,0.9984862658913999,1.5194670152701195,0.3277383258003812,0.33941974057038715,6.242971500113106,0.38942339897694206,0.9655841621044915,0.560546743795802,11.357957230309221,0.5130389108688234,0.5290827762390112,0.5538079940316087,0.8645619323183867,0.5422556540680229,10.3084469126857,0.41044440591533293,1.5943806686613768,0.9029526115202342,23.901312144399917,0.9650537054932271,0.9047335857094371,0.895344517384658
1.055,0.9984795111741808,1.5212714116772261,0.3273795110976068,0.33899054069678686,6.244032210865951,0.38939687610583956,0.9657482194774112,0.560171333788439,11.359463398156349,0.5124899424215222,0.5283924218897162,0.5532172757308763,0.864335310492043,0.5419884937595331,10.310824799820706,0.4105253627807886,1.5947484502789595,0.9022235799717114,23.893410171861127,0.9644792127635488,0.9036818522385034,0.8941024480200014
1.0575,0.9984727293558257,1.5230835886859997,0.32703076003401776,0.33857116171357937,6.245106639460112,0.38937070152853304,0.9659143985531631,0.5598025381238547,11.360967857400372,0.5119517356113126,0.5277137710539986,0.5526390593187621,0.8640887633380692,0.5417083819113587,10.313213791580639,0.41060724001680987,1.5951179494199932,0.9014384837561742,23.88432262277399,0.9638906337610771,0.9026137546692858,0.8928431543628141
1.06,0.9984659202347619,1.5249036580253275,0.32669202916535806,0.3381615628074977,6.246194666552475,0.3893448618069639,0.966082680873258,0.5594403497058675,11.36247058760947,0.5114242684896166,0.5270467720280183,0.552073253729046,0.8638223494825438,0.5414153665566309,10.315613861571475,0.4106900485450708,1.595489162002183,0.9005974989965758,23.87405092132266,0.9632880100149748,0.9015292978133213,0.8915666197218794
1.0625,0.9984590836069018,1.5267317355622547,0.3263632739808923,0.3377617021200614,6.247296169291895,0.38931934297019066,0.9662530474366292,0.5590847571824449,11.363971503287072,0.5109075170996743,0.5263913704543162,0.5515197659894594,0.863536128943511,0.5411094966913438,10.318024982349971,0.4107738001184897,1.5958620837809536,0.8997008173931387,23.862596803295524,0.9626713833182877,0.900428487289764,0.8902728280961577
1.065,0.9984522192655749,1.5285679408160717,0.32604444885224587,0.33737153670917736,6.248411021097825,0.3892941305314792,0.9664254786653927,0.5587357446800986,11.365470448476541,0.5104014554241075,0.5257475091954334,0.5509785010053222,0.8632301632837034,0.5407908223918044,10.320447124967385,0.4108585075489003,1.5962367102788788,0.8987486465621913,23.849962322976552,0.9620407959143805,0.8993113300149007,0.8889617649222123
1.0675000000000001,0.998445327001489,1.5304123962464902,0.325735506981492,0.33699102251008967,6.24953909143769,0.38926920949958466,0.9665999543704146,0.5583932915317424,11.366967191226259,0.5099060553314292,0.5251151281991555,0.5504493613288198,0.8629045157790268,0.5404593949397322,10.322880258550173,0.41094418491904117,1.5966130367208273,0.8977412102553647,23.83614985688392,0.9613962906933882,0.8981778346950102,0.8876334178165959
1.07,0.9984384066027188,1.5322652263574392,0.3254364003502146,0.3366201142972214,6.250680245607655,0.38924456438541327,0.9667764537174031,0.5580573720088956,11.368461418119432,0.5094212865237172,0.5244941643608709,0.5499322469214606,0.8625592515962999,0.5401152669508981,10.325324349917983,0.41103084777033505,1.596991057974881,0.8966787484465506,23.82116210410472,0.9607379113915612,0.8970280123130876,0.8862877772963191
1.0725,0.9984314578547286,1.5341265566704638,0.32514707967135975,0.3362587656485455,6.251834344521407,0.3892201792054608,0.9669549551942399,0.5577279550704198,11.369952729099307,0.5089471164878598,0.5238845513893012,0.5494270549183444,0.8621944379740827,0.5397584925035472,10.327779363236791,0.41111851325778315,1.5973707684986842,0.8955615172845234,23.805002083237614,0.9600657027915959,0.8958618766023398,0.8849248374657775
1.075,0.9984244805404283,1.5359965126311577,0.3248674943457299,0.3359069289141383,6.253001244511923,0.3891960374835112,0.9671354365803205,0.557405004140652,11.371440632835395,0.5084835104529724,0.523286219682319,0.5489336794035633,0.8618101444010308,0.5393891272633231,10.330245259703291,0.41120720026351476,1.5977521622906308,0.8943897889194099,23.787673126212976,0.9593797109225256,0.8946794445018087,0.8835445966638009
1.0775000000000001,0.998417474440256,1.5378752185184739,0.3245975924249223,0.3355645551905254,6.254180797151083,0.38917212225203207,0.9673178749186536,0.5570884769297566,11.372924542877438,0.5080304313566579,0.5226990962197412,0.548452011206359,0.861406442786986,0.5390072286019575,10.332721997255536,0.4112969294611788,1.5981352328451084,0.8931638512203784,23.769178869488968,0.9586799832560396,0.8934807365917328,0.8821470580693119
1.08,0.9984104393322842,1.5397627964303089,0.32433732058240355,0.33523159430229915,6.2553728490922,0.3891484160545514,0.967502246491506,0.5567783253083072,11.374403774830741,0.5075878398213907,0.5221231044797595,0.5479819377274517,0.8609834076228934,0.5386128557075612,10.335209530304663,0.4113877233244581,1.5985199731110067,0.8918840074091404,23.74952324330281,0.9579665688960505,0.892265777508133,0.8807322302679651
1.0825,0.9984033749923402,1.5416593654193294,0.32408662409421707,0.3349079947922948,6.256577241940408,0.38912490095004737,0.9676885268003559,0.5564744952465305,11.37587754475819,0.5071556941434591,0.5215581643851168,0.5475233428042573,0.8605411161265474,0.5382060696848973,10.33770780948294,0.41147960607453643,1.5989063754527466,0.8905505756384965,23.72871045977083,0.9572395187593858,0.8910345963374274,0.8793001277847606
1.085,0.9983962811941279,1.5435650408504167,0.3238454468305548,0.33459370392134047,6.257793812155731,0.3891015585200729,0.9678766905509003,0.5561769268263789,11.377344968973073,0.5067339502965094,0.5210041922842177,0.5470761066225288,0.8600796483720643,0.5377869336445135,10.34021678140469,0.41157260356333686,1.5992944316133046,0.8891638885467886,23.70674500066907,0.9564988857464581,0.8897872269925734,0.8778507715887897
1.0875000000000001,0.9983891577093398,1.5454799340447585,0.3236137312591048,0.3342886676782803,6.259022390993333,0.38907836987899336,0.9680667116438147,0.5558855543317794,11.378805065334225,0.5063225619504513,0.520461100971147,0.546640105680336,0.8595990874018167,0.5373555127800436,10.342736388438551,0.41166674309170725,1.5996841326789877,0.8877242928174772,23.683631605681487,0.9557447249003128,0.888523708572246,0.8763841895758832
1.09,0.9983820043077483,1.547404152264929,0.32339141846071834,0.3339928308006118,6.260262804485124,0.38905531568737106,0.9682585631719073,0.5556003064191902,11.380256756094791,0.5059214805061747,0.5199287997471265,0.546215212808347,0.8590995193203236,0.5369118744333172,10.345266568492109,0.41176205316438186,1.6000754690461239,0.8862321487682686,23.65937526177633,0.954977093552188,0.8872440857039273,0.874900417033067
1.0925,0.9983748207572564,1.5493377990797492,0.3231784481575528,0.33370613680570654,6.261514873466204,0.3890323761682278,0.9684522174242086,0.5553211063672413,11.381698872292072,0.5055306551459842,0.5194071945243376,0.545801297248199,0.8585810333702336,0.5364560881471842,10.347807254812881,0.4118585631863685,1.60046843039028,0.8846878299864424,23.6339811941681,0.9541960514537697,0.8859484088705417,0.8733994970855459
1.095,0.998367606823901,1.5512809751272894,0.32297475875346243,0.33342852803221457,6.2627784136491815,0.38900953112566244,0.9686476458974675,0.5550478724009086,11.383130159602526,0.5051500328991689,0.5188961879713805,0.5453982247884709,0.8580437219910797,0.5359882257061026,10.350358375813178,0.41195630310827275,1.6008630056391744,0.8830917230167563,23.60745485905523,0.9534016608956234,0.8846367347185088,0.8718814811226192
1.0975,0.9983603622717924,1.5532337792696411,0.3227802873860454,0.3331599456909202,6.264053235748582,0.3889867599651376,0.9688448193153919,0.5547805180826493,11.38454928552753,0.5047795587216363,0.5183956796980183,0.5450058579555541,0.8574876808618781,0.5355083611646145,10.352919854929933,0.4120553030308046,1.6012591829509972,0.8814442270960963,23.57980193800408,0.9525939868106543,0.8833091263428908,0.8703464291938426
1.1,0.9983530868629807,1.5551963101055353,0.32259496998943943,0.3329003299240237,6.265339145656865,0.38896404171467275,0.9690437076558736,0.5545189527603532,11.385954847725325,0.5044191755876253,0.5179055664753647,0.5446240562546706,0.8569130089288879,0.5350165708637983,10.355491610534235,0.41215559278117214,1.6016569497004165,0.8797457539156267,23.55102833349933,0.9517730968605972,0.8819656535428183,0.8687944103611827
1.1025,0.9983457803572467,1.5571686677786334,0.3224187413666977,0.33264961987159725,6.266635944672835,0.388941355046217,0.9692442801863153,0.5542630820600096,11.387345383265803,0.5040688245916687,0.517425742486375,0.5442526764545345,0.8563198084199529,0.5345129334356822,10.358073555908753,0.4122572014760767,1.6020562924750885,0.877996727377417,23.52114016481827,0.9509390615030076,0.880606393037701,0.8672255029872591
1.105,0.9983384425118053,1.5591509559930594,0.32225153527038164,0.3324077537438093,6.267943429782319,0.3889186782966085,0.969446505507043,0.5540128084097452,11.388719378558982,0.5037284450586579,0.5169560996004869,0.5438915729077739,0.8557081848467829,0.5339975297954253,10.360665599314103,0.41236015708744184,1.6024571970859214,0.8761975832993443,23.49014376303814,0.95009195403911,0.8792314286320823,0.8656397949345144
1.1075,0.9983310730809329,1.5611432841261432,0.3220932844898768,0.3321746688974196,6.269261393990131,0.38889598948776294,0.9696503516026501,0.5537680315813711,11.390075279696035,0.5033979746594398,0.5164965276655392,0.5435405978982816,0.8550782469963457,0.5334704431208684,10.363267644167111,0.4124644860276977,1.6028596485946467,0.8743487690105961,23.458045663677805,0.9492318506404327,0.8778408513145808,0.8640373836457651
1.11,0.9983236718155161,1.5631457693137873,0.32194392094385954,0.3319503019150277,6.2705896267012875,0.3888732663460525,0.9698557859009579,0.5535308936009068,11.39145769113376,0.5030773495294374,0.5160469148097131,0.5431996020061598,0.8544301069122546,0.5329317588188673,10.365879589354503,0.412570212771309,1.6032636313623374,0.8724507427715462,23.42485259524025,0.9483588303508874,0.8764347592745051,0.8624183760737079
1.1125,0.9983162384625357,1.5651585383778401,0.32180337577630885,0.331734588685585,6.271927914148178,0.38885048632120855,0.9700627753390865,0.553422860781467,11.3953683013308,0.5027665043878572,0.5156071477461922,0.5428684344808625,0.8537638798667089,0.532381564477678,10.36850132970447,0.41267735952821233,1.6036691291223437,0.8705039729474291,23.3905714617926,0.947472975060854,0.875013257818746,0.860782888426151
1.115,0.9983087727645018,1.5671817294678694,0.3216715794544457,0.33152746448474363,6.2732760398589935,0.3888276266054869,0.970271286435904,0.5533197591552405,11.399253513946402,0.5024653726552997,0.5151771120734908,0.5425469436134608,0.8530796843232225,0.5318199498046681,10.3711327566351,0.4127859459829228,1.6040761250805835,0.8685089368664693,23.355209317730832,0.946574369449059,0.8735764591718482,0.8591310456957582
1.1175,0.9983012744588556,1.5692154933011808,0.32154846186698105,0.33132886405370504,6.274633785161062,0.38880466415421766,0.9704812853698772,0.5532214741865825,11.403111438288718,0.5021738865673048,0.5147566925649247,0.5422349770996061,0.8523776418901317,0.531247006548777,10.373773758992838,0.41289598911033404,1.6044846020452255,0.8664661193010516,23.318773333057923,0.945663100887444,0.8721244821441156,0.8574629809484395
1.12,0.9982937432773629,1.5712599939032974,0.3214339524210419,0.3311387216753115,6.276000929710839,0.38878157570919386,0.9706927380610433,0.5531278913014408,11.406940194799557,0.5018919772811526,0.5143457734414401,0.5419323823856571,0.851657877264716,0.5306628284075149,10.376424224085484,0.41300750307579986,1.6048945425864602,0.8643760105261132,23.281270747881816,0.9447392593063302,0.8706574516564768,0.8557788343536831
1.1225,0.9982861789455176,1.5733154087744385,0.3213279801361232,0.3309569712462073,6.277377252040416,0.38875833782658586,0.9709056102555369,0.5530388963479292,11.410737924388867,0.5016195749750453,0.5139442386228891,0.5416390069914521,0.8509205181677273,0.5300675109188475,10.379084038902935,0.4131204992231497,1.6053059292253091,0.8622391039325319,23.242708815425356,0.9438029370189682,0.8691754981168245,0.8540787519532014
1.125,0.9982785811819898,1.5753819284335948,0.32123047373336655,0.3307835463439529,6.278762530108365,0.38873492691116657,0.9711198676107881,0.5529543760020329,11.414502796746412,0.5013566089383784,0.513551971953792,0.5413546988042885,0.850165695268146,0.52946115133904,10.38175309150491,0.41323498615010484,1.6057187446482604,0.8600558932045478,23.2030947336287,0.9428542285050446,0.86767875665054,0.852362884181033
1.1275,0.9982709496981331,1.5774597553188907,0.32114136171841645,0.33061838028800794,6.280156541841068,0.38871131925857977,0.9713354757792478,0.5528742181142952,11.418233017533806,0.5011030076517929,0.5131688574005423,0.5410793063396744,0.8493935420980051,0.5288438485083438,10.384431272539269,0.41335096986643194,1.6061329719421025,0.8578268691079578,23.16243556638721,0.941893230154571,0.8661673661975873,0.8506313841678854
1.1300000000000001,0.9982632841975843,1.579549102049764,0.32106057245603714,0.33046140619351655,6.281559065649128,0.38868749110717427,0.9715524004882605,0.55279831199498,11.421926834390835,0.5008586988560335,0.512794779217861,0.5408126789653103,0.8486041949570704,0.5282157027072051,10.387118476837738,0.4134684540263858,1.6065485948407323,0.8555525159777233,23.12073815655143,0.9409200399761906,0.8646414684992898,0.8488844058838005
1.1325,0.9982555843759717,1.5816501890826777,0.32098803423463185,0.3303125570168224,6.282969880902667,0.38866341870056464,0.9717706076135771,0.5527265486364586,11.42558254171491,0.5006236096088383,0.512429622082989,0.5405546670854559,0.8477977928069169,0.5275768155063297,10.389814605019538,0.4135874402238491,1.6069655979731834,0.8532333080366622,23.07800903394371,0.9399347572762479,0.8631012070087711,0.8471221021943689
1.135,0.998247849920759,1.5837632418176786,0.3209236753187862,0.3301717655916343,6.284388768349103,0.3886390783616185,0.971990063243971,0.5526588208725071,11.429198484191879,0.5003976663292182,0.5120732711966183,0.5403051222833243,0.8469744771534665,0.5269272896143351,10.392519565018752,0.41370792833626396,1.6073839670998595,0.8508697057172285,23.03425432272175,0.9389374823172637,0.861546725768991,0.8453446229246773
1.1375,0.9982400805112325,1.5858884872387333,0.32086742398798873,0.3300389646547655,6.285815510457601,0.3886144465780301,0.9722107337345135,0.552595023474755,11.432773059069275,0.5001807948285835,0.5117256123498817,0.5400638974194424,0.8461343919163278,0.5262672287267899,10.395233273440212,0.4138299169020959,1.6078036893222474,0.8484621521919405,22.989479653338257,0.9379283159665421,0.8599781683101942,0.8435521130397337
1.1400000000000001,0.9982322758186526,1.58802615019682,0.3208192085597877,0.3299140868603962,6.287249891675979,0.38858950009910476,0.9724325857463096,0.5525350531867685,11.43630471717105,0.49997292032823404,0.5113865319568822,0.5398308466840509,0.8452776832823893,0.5255967373801304,10.397955656642539,0.4139534035161382,1.6082247532504264,0.8460110703409073,22.943690085004512,0.9369073593465703,0.8583956766234149,0.8417447110583739
1.1425,0.998224435506568,1.5901764494714288,0.3207789573958278,0.3297970647818821,6.288691698588176,0.38856421604286817,0.9726555862708522,0.5524788086962943,11.43979196265688,0.4997739674627618,0.5110559170523045,0.5396058256016926,0.8444044995402111,0.524915920813299,10.400686651447332,0.4140783852273177,1.6086471491127572,0.8435168603939165,22.89689004487758,0.9358747134988871,0.8567993902676883,0.8399225478180652
1.145,0.9982165592312967,1.592339593772749,0.3207465988895062,0.32968783090026976,6.2901407199635635,0.3885385720122089,0.9728797026376497,0.5524261905461263,11.443233351531823,0.49958386026899254,0.5107336552537017,0.5393886909862463,0.8435149908910733,0.524224884839068,10.403426205381166,0.4142048589245238,1.6090708687933122,0.8415106912117201,22.86350471373901,0.9348304790724944,0.8551894456654547,0.8380857456999661
1.1475,0.9982086466425655,1.594515777871803,0.3207220614343855,0.32958631757889584,6.291596746693222,0.38851254621844755,0.9731049025043692,0.5523771009840632,11.446627488915455,0.49940252216021863,0.5104196346882064,0.5391793008449328,0.8426093092323311,0.5235237357260418,10.406174276372512,0.41433282169700875,1.6094959057849971,0.8397753147086007,22.837659949091037,0.9337747560466418,0.8535659756334664,0.8362344184072501
1.1500000000000001,0.99820069738429,1.5967051790665179,0.32070527337302385,0.32949245702377067,6.29305957161241,0.3884861176105367,0.9733311538293791,0.5523314437526611,11.449973025087042,0.49922987588567586,0.5101137438837514,0.5389775142303707,0.8416876079092788,0.5228125800914647,10.408930831848465,0.41446227115675094,1.6099222550498455,0.8379924377983035,22.81070975992406,0.9327076434962407,0.8519291091859439,0.8343686713662763
1.1525,0.9981927110954741,1.5989079542046163,0.3206961629265137,0.32940618122986615,6.294528989212967,0.3884592660079875,0.9735584248272668,0.5522891238200639,11.453268650336181,0.49906584347558564,0.5098158716255362,0.5387831910406888,0.8407500414332193,0.522091524804386,10.411695847205461,0.41459320571052355,1.610349912782488,0.8361622137786159,22.782652190163354,0.9316292394065464,0.8502789716338183,0.8324886027916978
1.155,0.9981846874111957,1.6011242374853005,0.3206946581057581,0.3293274219139654,6.296004795253629,0.3884319722355537,0.9737866839085674,0.5522500470542638,11.456513088669347,0.4989103461725835,0.5095259067794355,0.5385961917690557,0.8397967651659981,0.5213606768985788,10.414469303662244,0.41472562476911656,1.610778876078077,0.8342847770709527,22.753484715828197,0.9305396405424299,0.8486156849899313,0.8305943054256247
1.1575,0.9981766259636412,1.6033541392470247,0.3207006866063294,0.329256110435358,6.297486786280396,0.38840421825763144,0.9740158996055798,0.5522141198446986,11.459705090451958,0.49876330435097366,0.5092437380853694,0.5384163772057787,0.838827934974818,0.5206201434949873,10.417251185539849,0.41485952888023875,1.6112091425115873,0.8323602476755779,22.723204360164374,0.9294389423765451,0.8469393686764595,0.8286858689302736
1.16,0.998168526383141,1.6055977459151842,0.3207141756896139,0.32919217770635745,6.298974759072671,0.38837598731018946,0.9742460404867029,0.5521812486771434,11.462843424102928,0.498624637426013,0.5089692539252346,0.5382436080982709,0.8378437068654966,0.5198700317343471,10.420041477050232,0.4149949197703162,1.6116407096411236,0.8303887368858344,22.691807842567325,0.928327239079807,0.8452501405187361,0.8267633828856311
1.1625,0.9981603882991609,1.607855121230063,0.32073505205379765,0.3291355540953363,6.300468510033937,0.38834726402779635,0.9744770750621934,0.5521513396702561,11.465926867001878,0.49849426375626327,0.5087023420717344,0.538077744776553,0.8368442366070811,0.5191104487218995,10.422840158709294,0.4151318002791519,1.6120735744531307,0.828370354181753,22.65929175961739,0.9272046235764781,0.8435481180000007,0.824826940320489
1.165,0.9981522113411975,1.6101263088031286,0.3207632416990268,0.3290861693256476,6.301967834548036,0.3883180345629348,0.9747089716846019,0.5521242980847,11.468954195815433,0.4983721005428759,0.5084428894261629,0.5379186467543535,0.8358296793653857,0.5183415014876134,10.42564720351919,0.41527017417078127,1.6125077327719224,0.8263052151803266,22.625652795391215,0.9260711876656268,0.8418334197448009,0.8228766416877208
1.1675,0.9981439951395326,1.6124113359630603,0.32079866979171356,0.329043952374366,6.303472526323807,0.38828828669433163,0.9749416984474114,0.5521000278182236,11.471924176493795,0.4982580637303746,0.5081907817546739,0.5377661723180249,0.83480018936699,0.5175632969667674,10.428462573086888,0.4154100458044914,1.612943178659348,0.8241934504820737,22.59088795717729,0.9249270222121834,0.8401061671946838,0.8209125991828901
1.17,0.9981357393258029,1.6147102187590223,0.3208412605333715,0.3290088313751604,6.304982376751532,0.3882580099205188,0.9751752230854994,0.5520784309021629,11.47483555422723,0.4981520679139663,0.5079459034336111,0.5376201781172139,0.8337559196179547,0.5167759420068652,10.431286213858968,0.41555141965239895,1.6133799038324397,0.8220352152212176,22.55499483180976,0.9237722174112044,0.8383664864378744,0.8189349412982154
1.1725,0.9981274435333528,1.6170229678972694,0.3208909370395015,0.32898073352973733,6.306497174294802,0.38822719553439994,0.9754095128810799,0.5520594070162312,11.47768704368,0.4980540262585281,0.5077081372149082,0.537480518772231,0.8326970217024372,0.5159795434073754,10.43411805365593,0.41569429965455323,1.6138178971273816,0.8198349544642499,22.51808873749192,0.9226068631253408,0.8366145101538718,0.8169438174998982
1.175,0.9981191073973484,1.6193495953088388,0.32094762123386045,0.32895958503212913,6.308016703940665,0.38819583667433555,0.9756445345786589,0.5520428530390101,11.480477319832774,0.49796385043421915,0.5074773640222782,0.5373470465132647,0.8316236456851626,0.515174207998462,10.43695799868236,0.4158386884093067,1.6142571440370814,0.8176670506067901,22.482208348742518,0.9214310492957317,0.8348503796331661,0.814939402913823
1.1775,0.9981107305546424,1.6216901209907668,0.32101123376293067,0.3289453110096356,6.309540746729536,0.3881639283472962,0.9758802543123268,0.5520286626511459,11.483205009762129,0.49788145057317246,0.5072534627879253,0.537219610865932,0.8305359401380836,0.5143600427635713,10.439805931172446,0.41598458620534556,1.6146976263470072,0.8154519698930993,22.445164409840693,0.920244866429803,0.8330742468305172,0.8129219029007719
1.18,0.9981023126433939,1.6240445797382794,0.3210816939346037,0.3289378354835033,6.311069079384297,0.38813146742008525,0.9761166375483928,0.5520167260069719,11.485868685668537,0.49780673525070107,0.5070363103379274,0.5370980583962629,0.8294340523055646,0.5135371550083796,10.44266170780485,0.41613198991166467,1.6151393218900203,0.8131903566952403,22.406967527293244,0.9190484061650418,0.8312862764065807,0.810891557396171
1.1825,0.9980938533024573,1.6264130273938504,0.3211589196840841,0.3289370813515186,6.3126014740554215,0.38809845257556147,0.9763536490459632,0.5520069294883395,11.488466859435405,0.4977396114931058,0.5068257813325168,0.5369822325263287,0.8283181284142391,0.5127056525752519,10.445525158988014,0.41628089175193633,1.6155822044358354,0.8108829268095206,22.367630209659744,0.9178417618995742,0.8294866477067905,0.8088486448806171
1.185,0.99808535217057,1.628795546278994,0.32124282756893136,0.328942970393723,6.314137698195994,0.38806488423220625,0.9765912528376116,0.5519991555522091,11.490997978967078,0.49767998481339226,0.5066217482655352,0.5368719734296824,0.8271883141237724,0.5118656440981787,10.448396089078773,0.41643127799906743,1.6160262437248338,0.8085304713166863,22.327166982496976,0.916625029473498,0.8276755566184865,0.8067934858366772
1.1875,0.998076808885367,1.6311922495393956,0.32133333279411985,0.3289554233015689,6.315677514577079,0.3880307644272346,0.9768294122317555,0.551993282681477,11.493460426520006,0.4976277592752056,0.5064240815257433,0.5367671180139947,0.8260447551037072,0.511017239288419,10.45127427755582,0.4165831276331583,1.6164714056495577,0.8061338590403072,22.285594466999992,0.9153983078784922,0.8258532172382133,0.8047264455366026
1.19,0.9980682230822625,1.6336032842133166,0.32143034926715647,0.3289743597301402,6.317220681450579,0.3879960966656162,0.9770680898378457,0.5519891854469241,11.49585251921429,0.49758283758431765,0.5062326495216856,0.5366674999970418,0.824887597710228,0.5101605492361875,10.454159481127,0.4167364110106421,1.6169176525806432,0.8036940373684496,22.242931415805913,0.914161699966367,0.8240198632723241,0.8026479359975554
1.1925000000000001,0.9980595943932403,1.6360288329156665,0.32153378968272545,0.3289996983726665,6.318766952863081,0.3879608857396638,0.9773072476149074,0.5519867346873876,11.498172511896742,0.49754512120671546,0.5060473188716941,0.5365729500817629,0.823716989725945,0.5092956867091376,10.457051436708262,0.41689108859353574,1.617364943827564,0.8013848068974605,22.203985799166112,0.9129153131209314,0.8221757490874321,0.8005584169391874
1.195,0.9980509224455901,1.6384691141056467,0.3216435656360763,0.32903135705647396,6.3203160791206985,0.3879251375260418,0.9775468469434369,0.551985797815194,11.500418602520222,0.49751451051252066,0.5058679546612688,0.5364832962364013,0.8225330811167277,0.5084227664246809,10.459949865173444,0.4170471097853348,1.6178132362186026,0.8001253677268787,22.194263567028987,0.9116592598532619,0.8203211503248932,0.7984583955866016
1.1975,0.9980422068606283,1.6409243809681013,0.3217595877643677,0.3290692528597044,6.321867807401339,0.3878888587688925,0.9777868487200986,0.5519862392543261,11.502588940203204,0.4974909049454917,0.5056944207712936,0.5363983640864691,0.8213360247531798,0.5075419052708361,10.462854475740478,0.41720441191453606,1.6182624847792535,0.7988183567616038,22.183387194348132,0.9103936582781251,0.8184563639973329,0.7963484251828997
1.2,0.9980334472524447,1.6433949189862782,0.32188176591530776,0.32911330224845187,6.323421882507024,0.3878520568590339,0.9780272134740852,0.5519879210191183,11.504681636127408,0.49747420321850677,0.5055265802818335,0.5363179774259127,0.820125977041432,0.5066532224498428,10.465764970831492,0.4173629193988784,1.6187126434839207,0.7974645198459566,22.171370222418457,0.9091186324295297,0.8165817079966289,0.7942291021115588
1.2025000000000001,0.9980246432267093,1.645881042320279,0.3220100093425081,0.32916342123425,6.324978047744998,0.38781473961967144,0.9782679015033959,0.5519907034407369,11.506694777408015,0.49746430353590254,0.5053642959569713,0.536241958854646,0.8189030984091282,0.5057568395204949,10.468681051223058,0.41752254311431763,1.6191636660524955,0.7960646524406402,22.158227532387368,0.9078343123772344,0.8146975199623072,0.7921010615798932
1.205,0.9980157943795768,1.6483830891380222,0.32214422692678846,0.3292195255518806,6.326536045922027,0.38777691510866785,0.9785088730286223,0.5519944460465189,11.5086264440164,0.4974611038437447,0.5052074308156282,0.5361701305478634,0.8176675535980369,0.5048528803191805,10.471602421289163,0.4176831799837421,1.619615506761271,0.7946195913558705,22.14397513811362,0.9065408341135092,0.8128041554864287,0.7899649718788048
1.2075,0.9980069002967308,1.6509014160817215,0.3222843274220765,0.3292815308571042,6.328095620431729,0.3877385914461226,0.9787500883611228,0.5519990085927443,11.51047472873956,0.49746450210851756,0.5050558487909889,0.5361023151586108,0.8164195117243515,0.5039414707457472,10.474528794133603,0.4178447127926665,1.620068121236758,0.7931302046074558,22.128629927932398,0.905238339190359,0.8109019856639922,0.7878215273067813
1.21,0.9979979605526013,1.6534363920977697,0.3224302197234409,0.3293493529430245,6.329656516410151,0.387699776673937,0.9789915080817525,0.552004252244267,11.512237760017761,0.4974743966232442,0.5049094154767062,0.536038336848679,0.8151591460807165,0.5030227384081073,10.477459896410688,0.41800701023346326,1.6205214672012895,0.7915973796648584,22.11220936206978,0.9039269741005459,0.8089913940338737,0.7856714399216898
1.2125000000000001,0.9979889747097901,1.6559883919115326,0.32258181315319323,0.32942290797240276,6.331218481930278,0.38766047865136544,0.9792330932256155,0.5520100408847501,11.51391372731568,0.4974906863377723,0.5047679989515197,0.5359780224341235,0.813886633669115,0.5020968121281812,10.48039547264341,0.4181699271765069,1.6209755051409014,0.790022010463253,22.09473113522145,0.9026068894098733,0.807072772990788,0.7835154303552578
1.215,0.9979799423187344,1.6585577894844359,0.3227390177590267,0.32950211272143026,6.332781269202407,0.3876207049875723,0.9794748054677231,0.5520162425295991,11.51550090846309,0.4975132712069789,0.5046314706656858,0.5359212026210971,0.8126021544694991,0.5011638213204805,10.48333528886634,0.41833330516580347,1.6214301988687692,0.7884049836353723,22.076212816092884,0.9012782386620967,0.805146519779943,0.7813542179850015
1.2175,0.9979708629176227,1.661144951836699,0.32290174461604954,0.32958688482846205,6.334344635744725,0.38758046300922505,0.9797166073040441,0.5520227308010827,11.516997698167707,0.4975420525472688,0.5044997063634672,0.5358677132962218,0.8113058904638708,0.5002238952624007,10.486279135445695,0.4184969731376663,1.6218855159613812,0.7867471644747294,22.056671477261563,0.8999411770897928,0.8032130322095702,0.779188510800393
1.22,0.9979617360325621,1.6637502336396035,0.323069906122618,0.32967714303928886,6.335908345487492,0.38753975975847077,0.9799584622222856,0.5520293864129153,11.518402636678681,0.4975769333884513,0.5043725870068727,0.5358173968246015,0.809998024448048,0.4992771622813395,10.489226828961039,0.4186607483628487,1.6223414280495756,0.7850493831633744,22.036123329396794,0.8985958601733784,0.8012727042297978,0.7770189953196699
1.2225,0.9979525611779856,1.6663739729615081,0.32324341627837405,0.32977280743895265,6.337472169775478,0.3874986020145125,0.9802003348569382,0.552036098601156,11.51971443739036,0.49761781880535205,0.5042499996580134,0.5357701032991409,0.8086787386725481,0.4983237488875121,10.492178213069776,0.41882443761413857,1.6227979109522497,0.7833124217818408,22.014583373577867,0.8972424420959909,0.7993259215282903,0.7748463269089102
1.225,0.9979433378572541,1.6690164884819492,0.3234221909321225,0.3298737996591738,6.339035888236725,0.38745699633062314,0.9804421911236444,0.5520427664310534,11.520932012046666,0.49766461621154295,0.5041318382719447,0.5357256916783643,0.807348213359429,0.4973637788826013,10.495133158316404,0.4189878385617168,1.6232549446468578,0.7815370025674544,21.992065084207372,0.8958810741433084,0.7973730572839407,0.7726711208265102
1.2275,0.9979340655634104,1.6716780783667335,0.3236061479873183,0.3299800430503368,6.340599289491259,0.38741494907787555,0.9806839983288134,0.5520492999065714,11.52205449215708,0.49771723559715864,0.5040180043495827,0.5356840307474231,0.8060066251435872,0.4963973724732999,10.498091560890384,0.41915074139671177,1.6237125130772938,0.7797237778047654,21.968580132943227,0.8945119030948222,0.7954144682014961,0.7704939442674977
1.23,0.997924743780006,1.6743590208328287,0.32379520755405894,0.33009146280777674,6.34216217168071,0.3873724664871673,0.9809257252515363,0.5520556208115397,11.523081245280105,0.49777558969384234,0.503908407401843,0.5356449998391725,0.8046541454854977,0.49542464541584197,10.501053340377846,0.41931293067888076,1.6241706038061539,0.7778733216269156,21.94413816138254,0.893135069647768,0.7934504909251153,0.7683153096186985
1.2325,0.9979153719819422,1.6770595762437852,0.3239892920385463,0.33020798604380774,6.343724342808166,0.3873295546821918,0.9811673421961501,0.552061663219047,11.524011884975058,0.4978395940522195,0.5038029651817842,0.535608489259321,0.8032909390985603,0.49444570821345524,10.504018436589941,0.41947418739712616,1.6246292075241853,0.7759861238901404,21.918746607198532,0.8917507069078751,0.7914814389010572,0.7661356690646174
1.235,0.9979059496362445,1.6797799903901025,0.32418832616385923,0.3303295417994359,6.345285620886311,0.3872862196977469,0.9814088210151501,0.5520673736187307,11.524846273467523,0.4979091670212478,0.5037016036511238,0.5355744003716011,0.8019171624291268,0.4934606653840255,10.506986805582688,0.41963429122195506,1.6250883174346864,0.7740625861671998,21.892410585368907,0.8903589389739088,0.7895075997324943,0.763955410612268
1.2375,0.997896476202718,1.6825204984524762,0.32439223691931574,0.3304560609927954,6.346845833900006,0.3872424674800252,0.9816501351034022,0.5521115419582445,11.526395195422984,0.49798422962391553,0.5036042566605652,0.5355426453150949,0.8005329622218663,0.49246961481087265,10.50995841500652,0.4197930229177192,1.6255479285342342,0.7721030198009634,21.865132823346098,0.8889598796373691,0.787529233046063,0.7617748555379671
1.24,0.9978869511344486,1.6852813290448005,0.32460095343944684,0.3305874763048089,6.3484048195963245,0.38719830386811077,0.9818912593656682,0.5521903533279672,11.528580078637265,0.4980647053296576,0.5035108653390994,0.5355131463453634,0.799138474198187,0.4914726471858951,10.512933238938066,0.41995016687047165,1.6260080368133283,0.7701076458764295,21.83691364677438,0.8875536312150962,0.7855465688724229,0.7595942572057841
1.2425,0.9978773738781264,1.6880627077064274,0.32481440681732615,0.33072372200610756,6.349962425120037,0.38715373455862234,0.9821321701602275,0.5522678137333024,11.530650437513467,0.4981505197301548,0.5034213772047776,0.5354858348126309,0.7977338218714659,0.4904698455518254,10.515911252350154,0.4201055136756598,1.626468638401081,0.7680765969150763,21.807751010849017,0.8861402835306434,0.7835598065330868,0.7574138011696038
1.245,0.9978677438742133,1.6908648592677742,0.3250325298604212,0.33086473373257186,6.351518506515299,0.38710876505806974,0.982372845221804,0.5523439057264815,11.532606823702098,0.4982416001310825,0.5033357450271316,0.535460649812454,0.796319115520128,0.4894612849490326,10.518892425370408,0.4202588627197733,1.6269297286772095,0.766009920072768,21.777640571737834,0.8847199130601242,0.7815691140231046,0.7552336064500528
1.2475,0.9978580605569877,1.6936880086467638,0.3252552567999815,0.33101044821971587,6.3530729281148375,0.3870634006298054,0.9826132635670937,0.5524186185187575,11.534449929363975,0.4983378750775693,0.5032539254880259,0.5354375365654039,0.7948944513382294,0.48844703217218743,10.521876717465279,0.4204100246825601,1.6273913013724957,0.7639075816304763,21.746575792633507,0.8832925822601637,0.7795746278828393,0.753053727873157
1.25,0.9978483233545261,1.6965323798319853,0.3254825229670425,0.3311608030082824,6.354625561836541,0.3870176462442072,0.9828534053859694,0.552491946050241,11.536180550515404,0.4984392738360389,0.5031758777018784,0.5354164446005194,0.7934599107831092,0.48742714564297185,10.524864071668292,0.4205588238824519,1.6278533476760826,0.7617694726009215,21.71454807985727,0.881858339099052,0.7775764535602271,0.7508741593667863
1.2525,0.9978385316886965,1.6993981930491344,0.32571426444924195,0.33131573613468623,6.356176286404358,0.3869715065417118,0.9830932519209796,0.5525638849368717,11.53779954791433,0.4985457258575508,0.5031015616665055,0.5353973258309738,0.7920155601407964,0.48640167540663565,10.527854408952944,0.42070510038816317,1.6283158553651467,0.7595954153255012,21.681546945777352,0.8804172168144312,0.7755746662751535,0.7486948381293895
1.2550000000000001,0.997828684975232,1.7022856603611074,0.32595041774273903,0.3314751858202066,6.357724986506613,0.38692498581833207,0.9833327853371678,0.5526344323957058,11.539307807385464,0.49865716024864165,0.5030309367212199,0.5353801326180364,0.7905614503320695,0.4853706632622939,10.530847622836047,0.4208487118245582,1.6287788079702104,0.7573851709940624,21.647560196859317,0.878969233924818,0.7735693124073343,0.746515649608043
1.2575,0.9978187826239568,1.7051949801865651,0.32619091941258366,0.3316390901720583,6.359271551900653,0.3868780880422321,0.9835719885835893,0.5527035842510754,11.54070620151788,0.4987735052745488,0.5029639600884329,0.5353648159199393,0.7890976169851648,0.4843341430391059,10.533843574290815,0.42098953481106993,1.6292421839883622,0.7551384480737675,21.612574146623714,0.8775143945294799,0.771560411435845,0.7443364332438409
1.26,0.9978088240392073,1.708126331404644,0.3264357057729918,0.33180738690770667,6.360815876469255,0.38683081690778875,0.9838108452473694,0.5527713331175084,11.541995554554234,0.49889468791654223,0.502900585568571,0.5353513236151466,0.7876240808047175,0.4832921410325214,10.536842087053243,0.4211274659861164,1.629705956157307,0.752854911671904,21.57657385435716,0.8760526889294205,0.7695479584599885,0.7421569889571463
1.2625,0.9977988086204743,1.711079867817119,0.326684712596298,0.3319800131111733,6.362357857231626,0.3867831759304668,0.9840493394007367,0.552837666840759,11.543176612027993,0.4990206335003309,0.5028407624458782,0.5353395990750452,0.7861408482698475,0.48224467661614456,10.539842943420917,0.42126242259059266,1.630170090805579,0.7505341938727107,21.539543390874933,0.8745840945973345,0.767531927325872,0.7399770843491191
1.2650000000000001,0.9977887357632516,1.7140557137454024,0.32693787485612674,0.33215690502683004,6.363897393310922,0.3867351685820415,0.984287455441332,0.5529025672568602,11.544250016311993,0.4991512654063875,0.5027844346455255,0.5353295800402126,0.7846479126962232,0.4811917630448462,10.542845880668498,0.42139434260663977,1.630634547298133,0.7481759050752873,21.50146613232759,0.8731085775216637,0.765512274369712,0.7377964625867715
1.2675,0.9977786048600564,1.7170539614435332,0.32719512650686283,0.3323379978925923,6.365434384861336,0.38668679846159887,0.9845251779262643,0.5529660093026127,11.545216288751988,0.4992865048659114,0.5027315401618713,0.5353211978289942,0.7831452556958386,0.4801334084628184,10.545850588233398,0.42152318447296094,1.6310992776010618,0.7457796463178755,21.462325081959698,0.8716260939455102,0.7634889427671218,0.7356148509158348
1.27,0.9977684153015438,1.7200746708208978,0.3274564002981572,0.3325232258108628,6.366968731960907,0.38663806949381074,0.9847624914008636,0.5530279604819253,11.54607581851974,0.49942627083893315,0.5026820107556869,0.5353143768795948,0.7816328490622285,0.47906961712551327,10.548856705850922,0.42164892642288343,1.6315642259931618,0.7433450225069269,21.422103217961514,0.8701365925097102,0.761461867447747,0.7334319697100989
1.2725,0.9977581664776312,1.7231178717156714,0.32772162762034807,0.33271252165241144,6.368500333481314,0.3865889861426913,0.9849993802238757,0.553088380663846,11.546828857786819,0.49957047996449433,0.502635771896949,0.5353090346000501,0.7801106570960835,0.47800039083614493,10.55186382283083,0.4217715655136288,1.6320293289540424,0.7408716563848315,21.38078386330472,0.8686400167931381,0.7594309804977619,0.7312475419204184
1.2750000000000001,0.9977478577785311,1.7261835686778548,0.32799073837466086,0.33290581698598154,6.370029085952687,0.3865395536268298,0.9852358283918851,0.5531472221630301,11.547475522348865,0.4997190465676093,0.502592742911653,0.5353050814772078,0.7785786393653807,0.47692573058525733,10.554871478657965,0.42189111643215865,1.6324945152570216,0.738359202977902,21.338351070991006,0.8671363082190007,0.7573962169310359,0.72906130273551
1.2775,0.9977374885955845,1.729271747947857,0.3282636608611225,0.33310304202509067,6.371554882449008,0.3864897781212395,0.9854718193669223,0.5532044300344737,11.548015796470898,0.49987188270444,0.5025528372780381,0.5353024213787319,0.7770367538649801,0.4758456383659458,10.5578791650607,0.4220076101720075,1.6329597062890493,0.7358073641773335,21.294790015767603,0.8656254092651161,0.7553575206663464,0.7268730092151908
1.28,0.9977270583218073,1.7323823860858996,0.3285403216774669,0.3333041255834402,6.373077611527389,0.38643966693159654,0.9857073359124062,0.5532599425036047,11.548449540514085,0.5000288982261877,0.5025159630110525,0.5353009519730264,0.7754849605044705,0.4747601191185559,10.560886329620255,0.4221210926749017,1.63342481660895,0.7332159030309628,21.25008738135917,0.8641072668846398,0.753314850506923,0.72468244961066
1.2825,0.9977165663520785,1.7355154595412037,0.32882064562389635,0.33350899503162823,6.3745971562611,0.38638922862865155,0.9859423599435833,0.5533136914512772,11.548776499861509,0.5001900008437818,0.5024820230744597,0.535300565191723,0.7739232248129894,0.4736691827388267,10.563892380894435,0.4222316235200255,1.6338897547398978,0.7305846572716439,21.204231730862354,0.8625818360138813,0.7512681858846637,0.7224894520516016
1.285,0.9977060120829212,1.7386709543571897,0.32910455561124025,0.3337175762503365,6.3761133934106695,0.3863384731337171,0.9861768723993254,0.5533656028807075,11.54899631378186,0.500355096179217,0.5024509157674371,0.535301147667747,0.7723515217106061,0.47257284606497596,10.566896694910204,0.42233927472335897,1.634354424173606,0.727913551585086,21.157213847298625,0.8610490830184682,0.7492175321097034,0.7202938922618517
1.2875,0.9976953949118722,1.7418488751889283,0.3293919725734529,0.3339297935785393,6.377626192778712,0.3862874117499534,0.9864108531423412,0.5534155973086123,11.549108523131993,0.5005240877947201,0.5024225350456781,0.5353025810976224,0.770769839163567,0.47147113474505703,10.569898622756712,0.42244412968197576,1.634818724544722,0.7252026081291548,21.109027031490122,0.859508988911055,0.747162924861272,0.7180956999685661
1.29,0.9976847142364651,1.7450492528558847,0.32968281538902866,0.33414556975909115,6.379135416791507,0.3862360571381954,0.9866442808944615,0.5534635900434747,11.549112576160415,0.500696877197968,0.5023967707539624,0.5353047424972431,0.76917818152136,0.4703640848789813,10.572897498900913,0.4225462822673066,1.6352825529169805,0.722451954858102,21.059667345400772,0.8579615521652684,0.745104433671541,0.7158948636975234
1.2925,0.9976739694528927,1.7482721497605462,0.32997700081919573,0.33436482588772015,6.380640920343431,0.3861844232398267,0.986877133212577,0.5535094913370237,11.549007832082003,0.5008733638279079,0.5023735087655264,0.5353075043429446,0.7675765723323262,0.4692517443321961,10.575892649771264,0.42264583604174594,1.6357458051108231,0.7196618312767333,21.009133790804203,0.8564067909566704,0.7430421641919273,0.7136914337006136
1.295,0.9976631599544526,1.751517662667977,0.3302744434730975,0.33458748137439065,6.38214255092921,0.3861325251523002,0.9871093865090934,0.5535532064175296,11.548793562493985,0.5010534450314622,0.5023526310408307,0.535310734611229,0.7659650564544616,0.46813417363136706,10.578883402124951,0.4227429035492491,1.6362083769975353,0.7172492358883656,20.96960949968974,0.8548447446909522,0.7409762590902583,0.7114855228397916
1.2975,0.9976522851298999,1.7547859225596987,0.33057505581111285,0.33481345392769263,6.383640149074315,0.3860803789650659,0.9873410161185006,0.5535946354324539,11.548468951043787,0.5012370160453818,0.5023340156322156,0.5353142967481185,0.7643437013192613,0.4670114463762854,10.581869090739216,0.4228376056165905,1.6366701656888432,0.7151414765426239,20.939011715885638,0.8532754747280092,0.7389068975036893,0.709277305351478
1.3,0.9976413443618523,1.7580770915408468,0.3308787481967008,0.3350426595730108,6.385133549056728,0.3860280015648011,0.9875719964090046,0.5536336733412158,11.548033092003179,0.5014239699991712,0.5023175366698543,0.5353180496107817,0.7627125972658937,0.46588364913477476,10.584849065046647,0.4229300705999762,1.6371310705631779,0.7129875866713924,20.907085492461846,0.8516990642626762,0.7368342930604541,0.707067013530825
