iteration,restart,loss,parent_norm,leakage_norm,total_norm,leakage_ratio,parent_fraction,parent_strength,order2_scaled_ratio,child_l4,child_linf,parent_linf,parent_mean_wavenumber,wall_seconds
0,0,2.825554132461548,0.33926305174827576,0.778286337852478,0.8490164875984192,2.2940497398376465,0.1596764475107193,0.006068922113627195,57.35124206542969,1.7508372068405151,5.191652297973633,4.388685703277588,2.9610514640808105,0.5899832248687744
1,0,2.1781811714172363,0.36809974908828735,0.8042477369308472,0.8844839930534363,2.184863567352295,0.1732012778520584,0.006584768649190664,54.62158966064453,1.756208896636963,5.240784645080566,4.5723443031311035,3.0362136363983154,0.637070894241333
2,0,1.5088330507278442,0.40573084354400635,0.8065881729125977,0.9028853178024292,1.9879883527755737,0.20193466544151306,0.00725793419405818,49.69970703125,1.7604665756225586,5.293024063110352,5.628664016723633,3.5365285873413086,0.6557879447937012
3,0,0.8262218236923218,0.46730291843414307,0.8257502317428589,0.948807418346405,1.767055630683899,0.2425720989704132,0.00835936889052391,44.1763916015625,1.7636916637420654,5.344963550567627,8.47126293182373,4.631804943084717,0.6743528842926025
4,0,0.4211007058620453,0.5589460134506226,0.8516311049461365,1.0186737775802612,1.5236375331878662,0.3010713756084442,0.009998730383813381,38.090938568115234,1.7661733627319336,5.396350383758545,11.085928916931152,5.741525650024414,0.6931159496307373
5,0,0.29863956570625305,0.6595690250396729,0.8891146183013916,1.1070483922958374,1.3480236530303955,0.3549664318561554,0.011798729188740253,33.700592041015625,1.76801335811615,5.4452691078186035,12.663202285766602,6.443833351135254,0.7118360996246338
6,0,0.20112763345241547,0.7634311318397522,0.9335089325904846,1.2059296369552612,1.2227808237075806,0.40077054500579834,0.013656671158969402,30.569520950317383,1.7693710327148438,5.492823123931885,13.653579711914062,6.896364688873291,0.730506181716919
7,0,0.12085803598165512,0.8670874238014221,0.9784775376319885,1.3073862791061401,1.128464698791504,0.43986350297927856,0.015510931611061096,28.21161651611328,1.7703611850738525,5.536206245422363,14.308111190795898,7.198925495147705,0.7491769790649414
8,0,0.05654884874820709,0.9683648347854614,1.0247026681900024,1.4098745584487915,1.0581783056259155,0.47175559401512146,0.017322637140750885,26.454458236694336,1.771066665649414,5.575281620025635,14.765345573425293,7.408698081970215,0.7679052352905273
9,0,0.005903190467506647,1.0659396648406982,1.0722507238388062,1.5119355916976929,1.005920648574829,0.49704837799072266,0.01906810887157917,25.14801597595215,1.7715471982955933,5.609871864318848,15.091795921325684,7.558961391448975,0.7866206169128418
10,0,-0.03507547453045845,1.159098744392395,1.119147539138794,1.6112110614776611,0.9655325412750244,0.5175305604934692,0.02073458954691887,24.13831329345703,1.7718485593795776,5.64015531539917,15.331844329833984,7.669776916503906,0.8053615093231201
11,0,-0.06915349513292313,1.2475706338882446,1.1642122268676758,1.7064063549041748,0.9331834316253662,0.534521758556366,0.022317223250865936,23.329586029052734,1.7720049619674683,5.667215347290039,15.512737274169922,7.7536821365356445,2.8989744186401367
12,0,-0.09763036668300629,1.3313528299331665,1.207515835762024,1.797385573387146,0.9069840908050537,0.5486606955528259,0.02381596341729164,22.674602508544922,1.7720425128936768,5.697266578674316,15.651745796203613,7.818724155426025,2.917785167694092
13,0,-0.12144416570663452,1.4105721712112427,1.2492598295211792,1.884240984916687,0.8856405019760132,0.560425341129303,0.025233082473278046,22.14101219177246,1.7719815969467163,5.724085807800293,15.760151863098145,7.8701910972595215,2.9364733695983887
14,0,-0.14156511425971985,1.4854042530059814,1.289328932762146,1.9669252634048462,0.8679986596107483,0.5703134536743164,0.026571718975901604,21.699966430664062,1.771838665008545,5.748335838317871,15.845553398132324,7.911638259887695,2.9552440643310547
15,0,-0.1588335782289505,1.5560367107391357,1.3275145292282104,2.0453715324401855,0.8531383275985718,0.5787557363510132,0.02783523127436638,21.328458786010742,1.77162766456604,5.770732402801514,15.91325855255127,7.94551420211792,2.9738872051239014
16,0,-0.173859104514122,1.6226528882980347,1.3637022972106934,2.119596004486084,0.8404152989387512,0.5860639810562134,0.029026897624135017,21.0103816986084,1.7713608741760254,5.791853427886963,15.967095375061035,7.9735493659973145,2.9926507472991943
17,0,-0.1870659440755844,1.6854344606399536,1.3978809118270874,2.1896941661834717,0.8293890357017517,0.5924569964408875,0.030149968340992928,20.734725952148438,1.771048665046692,5.8120293617248535,16.009891510009766,7.996995449066162,3.0113325119018555
18,0,-0.19875940680503845,1.7445629835128784,1.430100440979004,2.255811929702759,0.8197470903396606,0.5980913639068604,0.031207691878080368,20.493677139282227,1.770700216293335,5.831349849700928,16.043806076049805,8.0167818069458,3.0300989151000977
19,0,-0.20917706191539764,1.8002269268035889,1.4604369401931763,2.318122625350952,0.8112515807151794,0.6030893921852112,0.03220343962311745,20.28129005432129,1.7703235149383545,5.8498711585998535,16.070484161376953,8.033614158630371,3.0487656593322754
20,0,-0.2185233235359192,1.8526197671890259,1.4889593124389648,2.3768043518066406,0.8037047386169434,0.6075551509857178,0.033140670508146286,20.092618942260742,1.769924283027649,5.869888782501221,16.09121322631836,8.048039436340332,3.0675060749053955
21,0,-0.22698265314102173,1.9019438028335571,1.515724778175354,2.4320385456085205,0.7969346046447754,0.6115816235542297,0.03402300551533699,19.923364639282227,1.7695084810256958,5.891749858856201,16.107013702392578,8.060489654541016,5.13153600692749
22,0,-0.23471036553382874,1.9484004974365234,1.540794849395752,2.48401141166687,0.7907998561859131,0.6152466535568237,0.03485404700040817,19.769996643066406,1.7690798044204712,5.912498950958252,16.118703842163086,8.071307182312012,5.150357961654663
23,0,-0.24182114005088806,1.9921907186508179,1.5642614364624023,2.532930612564087,0.7851966023445129,0.6186075806617737,0.03563738986849785,19.629915237426758,1.7686419486999512,5.932296276092529,16.126930236816406,8.080770492553711,5.169024705886841
24,0,-0.24839475750923157,2.033505916595459,1.586240291595459,2.579012393951416,0.7800519466400146,0.6217045187950134,0.0363764613866806,19.501298904418945,1.7681974172592163,5.951324939727783,16.13222312927246,8.089099884033203,5.187813758850098
25,0,-0.25449490547180176,2.0725274085998535,1.6068471670150757,2.6224658489227295,0.7753080129623413,0.6245696544647217,0.0370744988322258,19.382699966430664,1.767748475074768,5.969760894775391,16.135009765625,8.096475601196289,5.20651388168335
26,0,-0.26018112897872925,2.1094205379486084,1.626177430152893,2.6634767055511475,0.7709119319915771,0.6272324919700623,0.037734463810920715,19.272798538208008,1.7672967910766602,5.988326549530029,16.135637283325195,8.10304069519043,5.2253172397613525
27,0,-0.26551124453544617,2.1443371772766113,1.6443073749542236,2.7022080421447754,0.7668138146400452,0.6297215223312378,0.03835907205939293,19.170345306396484,1.7668441534042358,6.00691556930542,16.134389877319336,8.108914375305176,5.244009017944336
28,0,-0.2705347239971161,2.1774139404296875,1.6613045930862427,2.738806962966919,0.7629714012145996,0.632061243057251,0.03895076364278793,19.07428550720215,1.766391396522522,6.025213718414307,16.13149642944336,8.114188194274902,5.262732744216919
29,0,-0.2752894163131714,2.2087740898132324,1.6772377490997314,2.7734110355377197,0.7593523263931274,0.6342699527740479,0.039511751383543015,18.983808517456055,1.7659399509429932,6.043172836303711,16.127151489257812,8.118942260742188,5.281418561935425
30,0,-0.27980491518974304,2.238532066345215,1.6921762228012085,2.8061516284942627,0.7559311985969543,0.6363621950149536,0.04004408046603203,18.898279190063477,1.7654905319213867,6.060754776000977,16.121511459350586,8.123238563537598,5.300186395645142
31,0,-0.284105509519577,2.266794443130493,1.7061872482299805,2.8371520042419434,0.7526872158050537,0.6383503079414368,0.04054965078830719,18.817180633544922,1.7650437355041504,6.0779523849487305,16.114709854125977,8.127132415771484,7.336540937423706
32,0,-0.2882126271724701,2.2936606407165527,1.7193330526351929,2.8665285110473633,0.749602198600769,0.6402444243431091,0.04103025048971176,18.740055084228516,1.764600396156311,6.09478235244751,16.10686492919922,8.130667686462402,7.355351448059082
33,0,-0.2921467125415802,2.319227695465088,1.7316721677780151,2.894392251968384,0.746658980846405,0.6420546770095825,0.04148760810494423,18.666475296020508,1.7641608715057373,6.111286640167236,16.098066329956055,8.133886337280273,7.374061107635498
34,0,-0.29592663049697876,2.3435873985290527,1.7432587146759033,2.9208478927612305,0.7438420057296753,0.6437903642654419,0.041923366487026215,18.596050262451172,1.7637250423431396,6.1275129318237305,16.088397979736328,8.136821746826172,7.3928375244140625
35,0,-0.29956933856010437,2.3668272495269775,1.7541439533233643,2.945996046066284,0.7411373257637024,0.6454591751098633,0.04233909398317337,18.528432846069336,1.7632931470870972,6.1435136795043945,16.07880210876465,8.139503479003906,7.411490201950073
36,0,-0.3030893802642822,2.389030694961548,1.7643781900405884,2.9699323177337646,0.738533079624176,0.6470686793327332,0.04273628070950508,18.463327407836914,1.7628649473190308,6.159331798553467,16.069772720336914,8.141961097717285,7.430270671844482
37,0,-0.30649858713150024,2.410275459289551,1.7740098237991333,2.9927475452423096,0.7360195517539978,0.6486242413520813,0.04311631992459297,18.400487899780273,1.7624406814575195,6.175002098083496,16.06006622314453,8.14421558380127,7.448972702026367
38,0,-0.3098061978816986,2.430633783340454,1.7830864191055298,3.0145277976989746,0.7335891127586365,0.6501303911209106,0.04348050057888031,18.3397274017334,1.762020230293274,6.190550804138184,16.04971694946289,8.146288871765137,7.467703342437744
39,0,-0.3130204379558563,2.4501709938049316,1.7916507720947266,3.0353500843048096,0.7312349677085876,0.6515911817550659,0.04382999241352081,18.280874252319336,1.7616031169891357,6.205991744995117,16.038747787475586,8.14819622039795,7.486342668533325
40,0,-0.31614887714385986,2.468946933746338,1.7997411489486694,3.0552852153778076,0.7289509177207947,0.6530102491378784,0.04416586458683014,18.223772048950195,1.761189341545105,6.22133731842041,16.027179718017578,8.149954795837402,7.505084753036499
41,0,-0.31920018792152405,2.487018585205078,1.8073911666870117,3.0743982791900635,0.7267300486564636,0.6543917655944824,0.044489141553640366,18.168251037597656,1.7607793807983398,6.23659086227417,16.015031814575195,8.15157699584961,9.539148569107056
42,0,-0.3221817910671234,2.504434108734131,1.8146289587020874,3.0927443504333496,0.7245664596557617,0.6557392477989197,0.04480068013072014,18.11416244506836,1.760372281074524,6.251745223999023,16.002317428588867,8.15307331085205,9.55794072151184
43,0,-0.3250999450683594,2.5212416648864746,1.8214839696884155,3.110379695892334,0.7224551439285278,0.6570555567741394,0.0451013445854187,18.061378479003906,1.759968638420105,6.266899108886719,15.989049911499023,8.154455184936523,9.57663106918335
44,0,-0.32796019315719604,2.5374839305877686,1.8279823064804077,3.127354145050049,0.7203916907310486,0.6583433747291565,0.04539189487695694,18.00979232788086,1.7595679759979248,6.285074710845947,15.97524356842041,8.155731201171875,9.595401287078857
45,0,-0.3307664394378662,2.5532004833221436,1.8341501951217651,3.143714427947998,0.7183729410171509,0.6596046090126038,0.04567303881049156,17.95932388305664,1.7591701745986938,6.3029561042785645,15.960914611816406,8.15691089630127,9.614075183868408
46,0,-0.3335229754447937,2.5684309005737305,1.8400121927261353,3.1595065593719482,0.7163954377174377,0.6608414053916931,0.045945487916469574,17.90988540649414,1.7587753534317017,6.3205461502075195,15.946062088012695,8.158002853393555,9.632826566696167
47,0,-0.33623334765434265,2.58320951461792,1.845590591430664,3.174771785736084,0.7144563794136047,0.662055253982544,0.04620985686779022,17.86141014099121,1.7583835124969482,6.337886333465576,15.930708885192871,8.159011840820312,9.651522159576416
48,0,-0.3389012813568115,2.597568988800049,1.8509050607681274,3.189547538757324,0.7125527858734131,0.6632480621337891,0.046466726809740067,17.813819885253906,1.7579940557479858,6.355036735534668,15.914856910705566,8.159947395324707,9.670271396636963
49,0,-0.3415306508541107,2.6115405559539795,1.8559740781784058,3.2038700580596924,0.710681676864624,0.6644216775894165,0.046716660261154175,17.76704216003418,1.7576074600219727,6.372068405151367,15.898520469665527,8.160813331604004,9.688926219940186
50,0,-0.3441246747970581,2.625152111053467,1.8608142137527466,3.217771530151367,0.708840548992157,0.6655773520469666,0.046960148960351944,17.72101402282715,1.7572232484817505,6.389037609100342,15.881702423095703,8.161616325378418,9.707720041275024
51,0,-0.34668630361557007,2.638430595397949,1.865441918373108,3.231282949447632,0.7070270776748657,0.6667167544364929,0.04719768092036247,17.675676345825195,1.7568414211273193,6.4059858322143555,15.86441707611084,8.162360191345215,11.726015567779541
52,0,-0.34921759366989136,2.6514008045196533,1.869873046875,3.244433879852295,0.7052396535873413,0.6678407788276672,0.04742969945073128,17.630990982055664,1.7564620971679688,6.422926902770996,15.846668243408203,8.163050651550293,11.744789600372314
53,0,-0.35172057151794434,2.6640851497650146,1.8741217851638794,3.2572507858276367,0.7034766674041748,0.6689502000808716,0.047656603157520294,17.586915969848633,1.7560850381851196,6.4398512840271,15.828463554382324,8.163690567016602,11.763464450836182
54,0,-0.35419702529907227,2.676504373550415,1.8782012462615967,3.2697575092315674,0.7017366886138916,0.670046329498291,0.04787876829504967,17.54341697692871,1.755710244178772,6.456737995147705,15.809813499450684,8.164284706115723,11.782252550125122
55,0,-0.35664957761764526,2.6886777877807617,1.8821221590042114,3.2819769382476807,0.7000177502632141,0.6711297035217285,0.04809653013944626,17.500444412231445,1.7553374767303467,6.47355318069458,15.790727615356445,8.164834976196289,11.801002264022827
56,0,-0.35908016562461853,2.7006235122680664,1.885895013809204,3.293928861618042,0.698318362236023,0.6722018122673035,0.04831022396683693,17.457958221435547,1.7549669742584229,6.490269660949707,15.771207809448242,8.165345191955566,11.819810628890991
57,0,-0.3614906072616577,2.7123563289642334,1.8895281553268433,3.305630683898926,0.6966371536254883,0.6732630729675293,0.048520106822252274,17.41592788696289,1.754598617553711,6.506865978240967,15.751265525817871,8.165818214416504,11.838544368743896
58,0,-0.36388230323791504,2.7238919734954834,1.893031358718872,3.3171002864837646,0.6949729919433594,0.674314558506012,0.048726461827754974,17.374324798583984,1.7542321681976318,6.523331165313721,15.730902671813965,8.166254997253418,11.857290029525757
59,0,-0.366256445646286,2.7352428436279297,1.8964122533798218,3.328352689743042,0.6933249831199646,0.6753565669059753,0.04892951250076294,17.3331241607666,1.7538679838180542,6.539662837982178,15.710127830505371,8.166658401489258,11.875980615615845
60,0,-0.36861392855644226,2.7464206218719482,1.899678349494934,3.3394017219543457,0.6916924118995667,0.6763893961906433,0.04912946745753288,17.29231071472168,1.7535055875778198,6.5558695793151855,15.688950538635254,8.167028427124023,11.894738912582397
61,0,-0.3709562420845032,2.757436752319336,1.9028358459472656,3.350259780883789,0.6900741457939148,0.6774140000343323,0.04932652786374092,17.251853942871094,1.753145456314087,6.571962833404541,15.667372703552246,8.167367935180664,13.914361476898193
62,0,-0.3732846677303314,2.768301010131836,1.9058901071548462,3.360938310623169,0.6884692311286926,0.6784307956695557,0.04952087625861168,17.21173095703125,1.7527872323989868,6.587955951690674,15.64540958404541,8.167677879333496,13.933170557022095
63,0,-0.37560009956359863,2.7790229320526123,1.9088467359542847,3.371448516845703,0.6868769526481628,0.6794401407241821,0.04971267282962799,17.171924591064453,1.752431035041809,6.6038594245910645,15.623063087463379,8.16795825958252,13.951840162277222
64,0,-0.3779038190841675,2.789611339569092,1.9117106199264526,3.3817996978759766,0.6852964162826538,0.6804428100585938,0.04990208521485329,17.132410049438477,1.7520768642425537,6.619685649871826,15.600343704223633,8.168210983276367,13.970599174499512
65,0,-0.3801961839199066,2.8000741004943848,1.9144870042800903,3.3920016288757324,0.6837272644042969,0.6814389228820801,0.05008924752473831,17.093181610107422,1.7517246007919312,6.635439872741699,15.57726001739502,8.168437004089355,13.989267826080322
66,0,-0.3824778199195862,2.810418128967285,1.9171801805496216,3.4020626544952393,0.6821690201759338,0.6824286580085754,0.05027429014444351,17.05422592163086,1.7513742446899414,6.651126384735107,15.55381965637207,8.168634414672852,14.008021116256714
67,0,-0.38474971055984497,2.820650339126587,1.9197938442230225,3.411990165710449,0.6806209683418274,0.6834126114845276,0.05045732855796814,17.01552391052246,1.7510257959365845,6.666746139526367,15.530027389526367,8.168806076049805,14.026674747467041
68,0,-0.38701245188713074,2.830777168273926,1.922331690788269,3.4217917919158936,0.6790826320648193,0.6843908429145813,0.050638481974601746,16.977066040039062,1.75067937374115,6.682298183441162,15.505891799926758,8.168950080871582,14.045385837554932
69,0,-0.3892665505409241,2.8408029079437256,1.9247963428497314,3.4314723014831543,0.677553653717041,0.6853638291358948,0.0508178286254406,16.938840866088867,1.7503348588943481,6.697774887084961,15.481417655944824,8.169069290161133,14.064050436019897
70,0,-0.39151284098625183,2.850733757019043,1.927191138267517,3.4410388469696045,0.6760333776473999,0.6863318681716919,0.05099547654390335,16.900835037231445,1.7499924898147583,6.7131733894348145,15.456608772277832,8.169161796569824,14.082820177078247
71,0,-0.3937515616416931,2.8605713844299316,1.9295172691345215,3.450493574142456,0.6745216250419617,0.6872949600219727,0.05117145925760269,16.863040924072266,1.7496517896652222,6.728481292724609,15.431471824645996,8.16922664642334,16.075936555862427
72,0,-0.39598315954208374,2.870321273803711,1.931778073310852,3.4598429203033447,0.6730180382728577,0.6882531642913818,0.05134586989879608,16.825450897216797,1.7493133544921875,6.743696212768555,15.406012535095215,8.169266700744629,16.09472155570984
73,0,-0.39820802211761475,2.879985809326172,1.9339747428894043,3.469088315963745,0.671522319316864,0.6892074942588806,0.0515187531709671,16.788057327270508,1.7489768266677856,6.758808612823486,15.38023567199707,8.169281005859375,16.11339235305786
74,0,-0.4004266560077667,2.8895676136016846,1.936108946800232,3.4782352447509766,0.6700341105461121,0.6901568174362183,0.05169015750288963,16.750852584838867,1.7486424446105957,6.7738189697265625,15.354147911071777,8.169267654418945,16.132135152816772
75,0,-0.40263935923576355,2.8990695476531982,1.9381821155548096,3.4872846603393555,0.6685531735420227,0.6911024451255798,0.05186013504862785,16.713829040527344,1.7483099699020386,6.788727760314941,15.327756881713867,8.169228553771973,16.15082836151123
76,0,-0.4048464894294739,2.908493757247925,1.9401956796646118,3.4962401390075684,0.6670792102813721,0.6920441389083862,0.05202871933579445,16.67698097229004,1.7479796409606934,6.803543567657471,15.301070213317871,8.16916275024414,16.169586420059204
77,0,-0.40704840421676636,2.917841911315918,1.942150592803955,3.505103349685669,0.665611982345581,0.6929818391799927,0.052195943892002106,16.64029884338379,1.7476513385772705,6.818270683288574,15.274090766906738,8.169071197509766,16.188328742980957
78,0,-0.40924519300460815,2.9271156787872314,1.9440479278564453,3.513876438140869,0.6641513705253601,0.6939159035682678,0.05236183851957321,16.603784561157227,1.7473249435424805,6.832918167114258,15.24682903289795,8.168952941894531,16.207098960876465
79,0,-0.4114372134208679,2.9363174438476562,1.9458892345428467,3.522562265396118,0.6626971364021301,0.6948460936546326,0.05252644419670105,16.567428588867188,1.747000813484192,6.847493648529053,15.219290733337402,8.168807983398438,16.22575306892395
80,0,-0.41362464427948,2.945448875427246,1.9476754665374756,3.5311622619628906,0.6612491011619568,0.6957730650901794,0.05268979072570801,16.531227111816406,1.7466789484024048,6.861998081207275,15.19147777557373,8.1686372756958,16.244505882263184
81,0,-0.41580769419670105,2.95451021194458,1.9494068622589111,3.539677619934082,0.6598071455955505,0.696696400642395,0.05285188555717468,16.49517822265625,1.7463593482971191,6.876429557800293,15.163397789001465,8.168440818786621,18.213791847229004
82,0,-0.4179866313934326,2.9635024070739746,1.9510841369628906,3.5481088161468506,0.6583710312843323,0.697616457939148,0.05301274359226227,16.45927619934082,1.7460417747497559,6.890778064727783,15.135055541992188,8.168217658996582,18.232600450515747
83,0,-0.4201616048812866,2.972426652908325,1.9527078866958618,3.556457281112671,0.6569406390190125,0.698533296585083,0.053172387182712555,16.42351531982422,1.745726466178894,6.9050374031066895,15.106452941894531,8.16796875,18.251288652420044
84,0,-0.4223327040672302,2.981282949447632,1.9542783498764038,3.564723253250122,0.6555159091949463,0.6994469165802002,0.053330812603235245,16.387897491455078,1.7454133033752441,6.919195652008057,15.077598571777344,8.167695045471191,18.270050764083862
85,0,-0.4245002269744873,2.990072727203369,1.9557963609695435,3.572908401489258,0.6540966033935547,0.7003573775291443,0.053488049656152725,16.352415084838867,1.7451026439666748,6.933248043060303,15.048492431640625,8.167394638061523,18.28870964050293
86,0,-0.4266640543937683,2.9987947940826416,1.9572616815567017,3.5810112953186035,0.6526827812194824,0.7012649178504944,0.05364407226443291,16.31707000732422,1.7447941303253174,6.947192192077637,15.019142150878906,8.167070388793945,18.30748963356018
87,0,-0.4288245141506195,3.0074503421783447,1.9586749076843262,3.589033842086792,0.6512742042541504,0.7021692991256714,0.05379890650510788,16.2818546295166,1.744488000869751,6.961031913757324,14.98955249786377,8.166719436645508,18.326188802719116
88,0,-0.4309816062450409,3.0160396099090576,1.960036277770996,3.5969760417938232,0.6498708724975586,0.7030707001686096,0.05395255610346794,16.24677276611328,1.7441842555999756,6.974773406982422,14.95972728729248,8.166343688964844,18.344911575317383
89,0,-0.4331355094909668,3.024561643600464,1.9613453149795532,3.6048367023468018,0.6484726071357727,0.7039692401885986,0.0541050061583519,16.211814880371094,1.7438828945159912,6.988424777984619,14.929673194885254,8.165945053100586,18.363587379455566
90,0,-0.4352862536907196,3.033017158508301,1.962602972984314,3.612617015838623,0.6470794081687927,0.7048649191856384,0.05425626039505005,16.176984786987305,1.7435839176177979,7.001992702484131,14.899395942687988,8.165519714355469,18.38236951828003
91,0,-0.43743377923965454,3.0414063930511475,1.9638094902038574,3.6203176975250244,0.6456912755966187,0.7057575583457947,0.05440633371472359,16.142282485961914,1.7432875633239746,7.015480995178223,14.86889934539795,8.165070533752441,20.372468948364258
92,0,-0.43957844376564026,3.0497279167175293,1.9649640321731567,3.627936601638794,0.6443079710006714,0.7066474556922913,0.05455519258975983,16.107698440551758,1.7429934740066528,7.028886318206787,14.838188171386719,8.16459846496582,20.391284942626953
93,0,-0.4417201280593872,3.057982921600342,1.9660675525665283,3.6354753971099854,0.6429295539855957,0.7075346112251282,0.05470286309719086,16.073238372802734,1.7427022457122803,7.042206287384033,14.807265281677246,8.164101600646973,20.409950733184814
94,0,-0.4438588619232178,3.066169261932373,1.9671190977096558,3.6429316997528076,0.6415559649467468,0.7084189653396606,0.054849304258823395,16.038898468017578,1.7424129247665405,7.0554280281066895,14.776131629943848,8.163581848144531,20.42868971824646
95,0,-0.44599491357803345,3.0742886066436768,1.968119740486145,3.6503078937530518,0.6401870250701904,0.7093004584312439,0.05499454587697983,16.004674911499023,1.74212646484375,7.068549156188965,14.744792938232422,8.163037300109863,20.447389841079712
96,0,-0.4481281638145447,3.0823400020599365,1.969069004058838,3.657601833343506,0.6388227939605713,0.7101796865463257,0.05513857677578926,15.970569610595703,1.7418427467346191,7.0815606117248535,14.713251113891602,8.162470817565918,20.466153383255005
97,0,-0.4502585232257843,3.0903210639953613,1.9699664115905762,3.6648125648498535,0.6374633312225342,0.7110557556152344,0.055281344801187515,15.936583518981934,1.7415612936019897,7.094457149505615,14.681510925292969,8.161881446838379,20.484893798828125
98,0,-0.45238620042800903,3.0982327461242676,1.9708120822906494,3.671940565109253,0.6361084580421448,0.7119291424751282,0.05542287230491638,15.902711868286133,1.7412822246551514,7.107244968414307,14.650432586669922,8.161269187927246,20.503658771514893
99,0,-0.4545111060142517,3.106074571609497,1.9716063737869263,3.678985118865967,0.6347582340240479,0.7128000259399414,0.055563151836395264,15.868955612182617,1.7410060167312622,7.119922637939453,14.621152877807617,8.160633087158203,20.522335529327393
100,0,-0.4566333293914795,3.1138453483581543,1.972348690032959,3.6859452724456787,0.6334125399589539,0.713668167591095,0.05570216104388237,15.83531379699707,1.740732192993164,7.1324968338012695,14.591668128967285,8.1599760055542,20.541107177734375
101,0,-0.4587530493736267,3.12154483795166,1.973038911819458,3.6928207874298096,0.632071316242218,0.7145336866378784,0.055839892476797104,15.801782608032227,1.7404611110687256,7.144969940185547,14.56197738647461,8.159296035766602,22.486334085464478
102,0,-0.46087008714675903,3.129171371459961,1.9736768007278442,3.6996097564697266,0.6307346224784851,0.7153965830802917,0.055976320058107376,15.768365859985352,1.7401924133300781,7.15734338760376,14.53209114074707,8.15859603881836,22.505074501037598
103,0,-0.4629843831062317,3.1367249488830566,1.9742624759674072,3.706313133239746,0.6294024586677551,0.7162566184997559,0.05611144378781319,15.735061645507812,1.7399260997772217,7.169617176055908,14.502004623413086,8.157872200012207,22.52375030517578
104,0,-0.46509605646133423,3.14420485496521,1.9747956991195679,3.7129292488098145,0.6280747652053833,0.7171142101287842,0.05624524876475334,15.701869010925293,1.739662528038025,7.181787490844727,14.471722602844238,8.157127380371094,22.54252290725708
105,0,-0.4672051668167114,3.1516103744506836,1.9752764701843262,3.7194576263427734,0.6267514824867249,0.7179691791534424,0.05637772008776665,15.668787002563477,1.7394013404846191,7.193850994110107,14.441248893737793,8.156360626220703,22.561222791671753
106,0,-0.4693117141723633,3.1589410305023193,1.9757046699523926,3.725898027420044,0.6254326105117798,0.7188215851783752,0.056508857756853104,15.635815620422363,1.7391427755355835,7.2058024406433105,14.4105806350708,8.155573844909668,22.579995155334473
107,0,-0.47141575813293457,3.1661953926086426,1.9760797023773193,3.7322492599487305,0.6241180300712585,0.7196712493896484,0.056638624519109726,15.602951049804688,1.7388865947723389,7.2176384925842285,14.379724502563477,8.154766082763672,22.59872579574585
108,0,-0.47351711988449097,3.173372983932495,1.9764018058776855,3.7385103702545166,0.6228079199790955,0.7205184102058411,0.05676702409982681,15.570198059082031,1.7386329174041748,7.229353427886963,14.34868049621582,8.153937339782715,22.61749029159546
109,0,-0.4756159782409668,3.180473566055298,1.9766709804534912,3.7446818351745605,0.6215021014213562,0.7213627696037292,0.05689404159784317,15.537552833557129,1.7383819818496704,7.240947723388672,14.317449569702148,8.15308666229248,22.636205673217773
110,0,-0.4777122437953949,3.187495231628418,1.976886510848999,3.750760793685913,0.6202006340026855,0.7222047448158264,0.05701965093612671,15.505016326904297,1.738133192062378,7.252416610717773,14.286033630371094,8.152216911315918,22.65497088432312
111,0,-0.47980597615242004,3.194437026977539,1.9770480394363403,3.756746768951416,0.6189034581184387,0.7230441570281982,0.05714382603764534,15.472586631774902,1.737886905670166,7.263762950897217,14.254436492919922,8.151327133178711,24.58920121192932
112,0,-0.481897234916687,3.2012991905212402,1.9771560430526733,3.7626402378082275,0.617610514163971,0.7238809466362,0.05726658180356026,15.440262794494629,1.7376431226730347,7.274986267089844,14.222657203674316,8.15041732788086,24.60796809196472
113,0,-0.483985960483551,3.2080795764923096,1.9772095680236816,3.7684390544891357,0.616321861743927,0.7247150540351868,0.05738787353038788,15.40804672241211,1.7374013662338257,7.286084175109863,14.190699577331543,8.149487495422363,24.62662100791931
114,0,-0.48607224225997925,3.214778423309326,1.9772089719772339,3.7741429805755615,0.6150373816490173,0.7255467772483826,0.0575077049434185,15.375934600830078,1.7371622323989868,7.297060012817383,14.158561706542969,8.148538589477539,24.64538860321045
115,0,-0.48815590143203735,3.221393346786499,1.9771534204483032,3.779750108718872,0.6137571930885315,0.7263757586479187,0.057626038789749146,15.3439302444458,1.7369251251220703,7.30790901184082,14.126249313354492,8.147568702697754,24.664072513580322
116,0,-0.4902370572090149,3.2279250621795654,1.9770433902740479,3.7852609157562256,0.6124811768531799,0.727202296257019,0.057742878794670105,15.312029838562012,1.7366902828216553,7.318630218505859,14.09376049041748,8.146581649780273,24.682932376861572
117,0,-0.49231576919555664,3.23437237739563,1.9768785238265991,3.7906744480133057,0.6112093329429626,0.728026270866394,0.057858213782310486,15.280233383178711,1.7364578247070312,7.329220771789551,14.061100006103516,8.145574569702148,24.701637744903564
118,0,-0.494392067193985,3.2407331466674805,1.9766579866409302,3.7959885597229004,0.6099416017532349,0.7288476824760437,0.05797199904918671,15.248539924621582,1.7362273931503296,7.339675426483154,14.028263092041016,8.144549369812012,24.72038745880127
119,0,-0.49646592140197754,3.2470080852508545,1.9763823747634888,3.801203727722168,0.6086779832839966,0.729666531085968,0.05808424577116966,15.216949462890625,1.7359989881515503,7.349992752075195,13.995257377624512,8.14350414276123,24.73908233642578
120,0,-0.49853742122650146,3.25319504737854,1.976050615310669,3.8063175678253174,0.607418417930603,0.7304830551147461,0.058194924145936966,15.185460090637207,1.7357726097106934,7.360167503356934,13.962080955505371,8.142441749572754,24.75782871246338
121,0,-0.5006065368652344,3.259293794631958,1.9756630659103394,3.811330795288086,0.6061629056930542,0.731296956539154,0.05830401927232742,15.154072761535645,1.7355483770370483,7.370199203491211,13.928736686706543,8.141361236572266,26.691523790359497
122,0,-0.5026730895042419,3.265303373336792,1.975219488143921,3.8162412643432617,0.6049115061759949,0.7321084141731262,0.05841152369976044,15.122787475585938,1.7353261709213257,7.380086898803711,13.895221710205078,8.140262603759766,26.7103054523468
123,0,-0.5047376751899719,3.2712223529815674,1.9747189283370972,3.8210482597351074,0.6036639213562012,0.7329174876213074,0.05851740390062332,15.091598510742188,1.7351056337356567,7.389829158782959,13.861541748046875,8.139145851135254,26.72895312309265
124,0,-0.5067997574806213,3.2770493030548096,1.9741613864898682,3.8257503509521484,0.6024203896522522,0.7337239384651184,0.058621641248464584,15.06050968170166,1.7348870038986206,7.3994269371032715,13.827695846557617,8.138011932373047,26.747697353363037
125,0,-0.5088596343994141,3.2827844619750977,1.9735467433929443,3.8303472995758057,0.6011807322502136,0.7345281839370728,0.058724235743284225,15.029518127441406,1.7346700429916382,7.40887975692749,13.793684959411621,8.136859893798828,26.766372203826904
126,0,-0.5109173655509949,3.288426160812378,1.9728747606277466,3.8348379135131836,0.5999449491500854,0.7353297472000122,0.05882515758275986,14.998623847961426,1.7344547510147095,7.418182849884033,13.759511947631836,8.135690689086914,26.78517174720764
127,0,-0.5129728317260742,3.293972969055176,1.972144603729248,3.8392202854156494,0.5987130403518677,0.736129105091095,0.05892438068985939,14.967825889587402,1.734241008758545,7.427335739135742,13.72517204284668,8.134505271911621,26.80385112762451
128,0,-0.5150263905525208,3.2994253635406494,1.9713566303253174,3.8434953689575195,0.597484827041626,0.7369259595870972,0.05902191624045372,14.93712043762207,1.734028935432434,7.436333179473877,13.690673828125,8.133301734924316,26.82258439064026
129,0,-0.5170777440071106,3.304781675338745,1.9705106019973755,3.847661018371582,0.5962604284286499,0.7377206683158875,0.05911773443222046,14.906510353088379,1.7338182926177979,7.4451727867126465,13.656009674072266,8.132081985473633,26.8412823677063
130,0,-0.5191271901130676,3.3100409507751465,1.969605565071106,3.8517160415649414,0.5950396656990051,0.7385131120681763,0.059211812913417816,14.875991821289062,1.7336090803146362,7.453850269317627,13.621184349060059,8.130845069885254,26.8600172996521
131,0,-0.5211747884750366,3.3152010440826416,1.9686410427093506,3.855658769607544,0.5938225388526917,0.7393031716346741,0.059304121881723404,14.845563888549805,1.7334009408950806,7.462363243103027,13.586198806762695,8.129591941833496,28.799304008483887
132,0,-0.5232205986976624,3.320262908935547,1.9676175117492676,3.859489917755127,0.5926089286804199,0.7400910258293152,0.05939466878771782,14.815223693847656,1.73319411277771,7.470712661743164,13.551053047180176,8.12832260131836,28.8180992603302
133,0,-0.5252644419670105,3.3252243995666504,1.9665342569351196,3.8632078170776367,0.5913989543914795,0.7408764362335205,0.059483423829078674,14.784974098205566,1.7329885959625244,7.4788970947265625,13.515746116638184,8.127036094665527,28.836754322052002
134,0,-0.5273067355155945,3.3300840854644775,1.9653902053833008,3.866809844970703,0.5901923775672913,0.7416598796844482,0.05957035720348358,14.754809379577637,1.7327837944030762,7.486915111541748,13.4802827835083,8.125734329223633,28.85550546646118
135,0,-0.5293475389480591,3.3348422050476074,1.9641858339309692,3.8702967166900635,0.5889891386032104,0.7424412369728088,0.05965547263622284,14.72472858428955,1.7325800657272339,7.494765758514404,13.444657325744629,8.124415397644043,28.874170780181885
136,0,-0.5313866138458252,3.3394975662231445,1.962921142578125,3.8736679553985596,0.5877893567085266,0.7432201504707336,0.05973874777555466,14.694733619689941,1.7323771715164185,7.502450466156006,13.408873558044434,8.12308120727539,28.892940759658813
137,0,-0.5334243774414062,3.344048500061035,1.9615947008132935,3.876920700073242,0.5865927934646606,0.7439972162246704,0.059820160269737244,14.664819717407227,1.7321751117706299,7.509963035583496,13.372931480407715,8.121729850769043,28.91163659095764
138,0,-0.5354609489440918,3.348494052886963,1.960206389427185,3.880054235458374,0.5853993892669678,0.7447722554206848,0.05989968404173851,14.634984970092773,1.73197340965271,7.5173020362854,13.336828231811523,8.120363235473633,28.93038535118103
139,0,-0.5374962091445923,3.3528335094451904,1.9587560892105103,3.883068323135376,0.584209144115448,0.7455450892448425,0.05997731164097786,14.605228424072266,1.7317723035812378,7.524462699890137,13.300567626953125,8.11898136138916,28.949015855789185
140,0,-0.5395305752754211,3.3570668697357178,1.9572434425354004,3.8859615325927734,0.583021879196167,0.7463164329528809,0.06005303934216499,14.575547218322754,1.7315717935562134,7.531445026397705,13.264142990112305,8.117582321166992,28.967763423919678
141,0,-0.5415638089179993,3.3611905574798584,1.95566725730896,3.8887321949005127,0.5818376541137695,0.7470852732658386,0.06012680381536484,14.545941352844238,1.7313714027404785,7.538243293762207,13.22756290435791,8.116168975830078,30.881089448928833
142,0,-0.5435962677001953,3.365206241607666,1.9540281295776367,3.8913800716400146,0.5806562900543213,0.7478526830673218,0.06019863858819008,14.516407012939453,1.7311713695526123,7.54486083984375,13.190818786621094,8.114738464355469,30.899914026260376
143,0,-0.5456280708312988,3.3691108226776123,1.952324628829956,3.8939027786254883,0.5794777274131775,0.7486181855201721,0.06026848778128624,14.486943244934082,1.730971097946167,7.5512919425964355,13.154583930969238,8.113292694091797,30.91861367225647
144,0,-0.5476593971252441,3.3729052543640137,1.9505572319030762,3.896301507949829,0.5783017873764038,0.7493818402290344,0.060336366295814514,14.457544326782227,1.7307710647583008,7.5575385093688965,13.120452880859375,8.111831665039062,30.937395572662354
145,0,-0.5496901869773865,3.376587390899658,1.9487251043319702,3.8985729217529297,0.5771285891532898,0.7501440644264221,0.06040223315358162,14.428215026855469,1.730570912361145,7.5635986328125,13.086121559143066,8.11035442352295,30.95608353614807
146,0,-0.5517208576202393,3.380156993865967,1.9468278884887695,3.9007177352905273,0.5759578347206116,0.7509045004844666,0.060466088354587555,14.398945808410645,1.7303704023361206,7.569471836090088,13.051589012145996,8.108861923217773,30.97488307952881
147,0,-0.5537513494491577,3.3836112022399902,1.944864273071289,3.9027328491210938,0.5747895240783691,0.7516632080078125,0.06052787974476814,14.36973762512207,1.7301695346832275,7.5751543045043945,13.01685619354248,8.107353210449219,30.99359703063965
148,0,-0.5557819604873657,3.3869516849517822,1.9428352117538452,3.904618978500366,0.573623538017273,0.7524206042289734,0.06058763340115547,14.340588569641113,1.7299681901931763,7.5806450843811035,12.981917381286621,8.105829238891602,31.012313842773438
149,0,-0.5578128099441528,3.3901751041412354,1.9407389163970947,3.9063735008239746,0.5724597573280334,0.7531764507293701,0.060645297169685364,14.311493873596191,1.7297660112380981,7.585940837860107,12.946772575378418,8.104289054870605,31.031008005142212
150,0,-0.5598441362380981,3.3932814598083496,1.938575267791748,3.90799617767334,0.5712981224060059,0.7539308667182922,0.06070086359977722,14.282453536987305,1.7295631170272827,7.591041088104248,12.911421775817871,8.10273265838623,31.049779415130615
151,0,-0.5618760585784912,3.396270513534546,1.9363443851470947,3.9094862937927246,0.5701384544372559,0.7546840310096741,0.060754336416721344,14.253461837768555,1.72935950756073,7.595941543579102,12.875858306884766,8.101161003112793,32.96962356567383
152,0,-0.5639087557792664,3.399139642715454,1.9340448379516602,3.910841464996338,0.5689806938171387,0.7554358839988708,0.060805659741163254,14.224517822265625,1.7291547060012817,7.602445602416992,12.840086936950684,8.099574089050293,32.988404989242554
153,0,-0.5659425854682922,3.401888608932495,1.9316761493682861,3.9120607376098633,0.56782466173172,0.7561866641044617,0.06085483357310295,14.195616722106934,1.7289485931396484,7.608870983123779,12.804098129272461,8.097970008850098,33.007081031799316
154,0,-0.5679777264595032,3.4045164585113525,1.929238200187683,3.9131433963775635,0.5666702389717102,0.7569363117218018,0.06090184301137924,14.166755676269531,1.72874116897583,7.61508321762085,12.767891883850098,8.09635066986084,33.025875091552734
155,0,-0.5700142979621887,3.40702223777771,1.9267302751541138,3.914088726043701,0.5655173659324646,0.7576848864555359,0.060946669429540634,14.137933731079102,1.7285324335098267,7.6210832595825195,12.731471061706543,8.094715118408203,33.0445818901062
156,0,-0.572052538394928,3.409405469894409,1.924152135848999,3.9148952960968018,0.5643658638000488,0.7584325671195984,0.06098930165171623,14.109146118164062,1.728322148323059,7.626867294311523,12.694825172424316,8.093062400817871,33.06333327293396
157,0,-0.5740926265716553,3.411663770675659,1.9215024709701538,3.9155616760253906,0.5632156729698181,0.7591792345046997,0.06102969869971275,14.080391883850098,1.7281099557876587,7.632434844970703,12.657958030700684,8.091394424438477,33.08203315734863
158,0,-0.5761350393295288,3.4137966632843018,1.9187809228897095,3.916085958480835,0.5620665550231934,0.7599252462387085,0.0610678531229496,14.051664352416992,1.7278958559036255,7.637783050537109,12.620862007141113,8.089709281921387,33.10077118873596
159,0,-0.5781798362731934,3.415803909301758,1.9159871339797974,3.9164681434631348,0.560918390750885,0.7606706023216248,0.061103757470846176,14.02295970916748,1.7276798486709595,7.6429123878479,12.583535194396973,8.088006973266602,33.11946201324463
160,0,-0.5802273750305176,3.417682647705078,1.9131197929382324,3.91670560836792,0.5597710609436035,0.7614153027534485,0.0611373670399189,13.99427604675293,1.727461338043213,7.647818565368652,12.545975685119629,8.086288452148438,33.13819098472595
161,0,-0.5822780728340149,3.419434070587158,1.9101791381835938,3.9167988300323486,0.5586243271827698,0.7621596455574036,0.061168696731328964,13.965608596801758,1.727240800857544,7.652502059936523,12.508176803588867,8.084552764892578,35.05034780502319
162,0,-0.5843318700790405,3.4210567474365234,1.9071645736694336,3.9167468547821045,0.5574781894683838,0.7629033923149109,0.06119772419333458,13.936954498291016,1.7270177602767944,7.656961917877197,12.470138549804688,8.082799911499023,35.06913757324219
163,0,-0.5863893032073975,3.422548294067383,1.9040745496749878,3.91654634475708,0.5563324093818665,0.7636469602584839,0.061224404722452164,13.908309936523438,1.7267918586730957,7.661195755004883,12.431854248046875,8.081029891967773,35.087815284729004
164,0,-0.5884506106376648,3.4239072799682617,1.90090811252594,3.916196346282959,0.5551868081092834,0.7643901109695435,0.061248715966939926,13.879670143127441,1.7265630960464478,7.665201187133789,12.393321990966797,8.079241752624512,35.10651350021362
165,0,-0.5905160903930664,3.4251351356506348,1.8976662158966064,3.9156975746154785,0.5540412664413452,0.7651333808898926,0.06127068027853966,13.851031303405762,1.7263314723968506,7.668979167938232,12.354536056518555,8.077436447143555,35.125187158584595
166,0,-0.5925862789154053,3.4262287616729736,1.8943464756011963,3.9150469303131104,0.5528954863548279,0.7658765316009521,0.06129024550318718,13.822386741638184,1.7260966300964355,7.672528266906738,12.315491676330566,8.07561206817627,35.14397215843201
167,0,-0.594661295413971,3.4271883964538574,1.8909492492675781,3.9142441749572754,0.5517494082450867,0.7666200399398804,0.06130741164088249,13.79373550415039,1.7258585691452026,7.675845146179199,12.276185035705566,8.073769569396973,35.162654876708984
168,0,-0.5967414975166321,3.428011178970337,1.8874727487564087,3.9132866859436035,0.5506028532981873,0.7673634886741638,0.061322130262851715,13.765070915222168,1.725616693496704,7.678929328918457,12.23660945892334,8.071907997131348,35.18144631385803
169,0,-0.5988273620605469,3.4286980628967285,1.883917212486267,3.912175178527832,0.5494555830955505,0.7681072950363159,0.06133441627025604,13.73638916015625,1.7253713607788086,7.681778907775879,12.198896408081055,8.070028305053711,35.200110912323
170,0,-0.600919246673584,3.4292473793029785,1.8802815675735474,3.91090726852417,0.5483073592185974,0.7688517570495605,0.061344243586063385,13.707683563232422,1.7251222133636475,7.68439245223999,12.178679466247559,8.068127632141113,35.218881607055664
171,0,-0.6030176877975464,3.429657459259033,1.876564621925354,3.9094812870025635,0.5471580028533936,0.7695966958999634,0.061351578682661057,13.678950309753418,1.7248690128326416,7.686767578125,12.158100128173828,8.066207885742188,37.16278862953186
172,0,-0.6051227450370789,3.429927349090576,1.8727657794952393,3.9078962802886963,0.5460073947906494,0.7703423500061035,0.06135640665888786,13.650184631347656,1.7246116399765015,7.688903331756592,12.137147903442383,8.064268112182617,37.18157649040222
173,0,-0.6072351336479187,3.430056571960449,1.8688842058181763,3.906151056289673,0.5448552370071411,0.7710890173912048,0.06135872006416321,13.621380805969238,1.7243497371673584,7.690799713134766,12.11582088470459,8.06230640411377,37.200263261795044
174,0,-0.6093553900718689,3.4300432205200195,1.8649187088012695,3.9042437076568604,0.5437012314796448,0.7718365788459778,0.06135847792029381,13.592531204223633,1.7240833044052124,7.692452907562256,12.094108581542969,8.060324668884277,37.21898365020752
175,0,-0.6114836931228638,3.429886817932129,1.86086905002594,3.9021735191345215,0.5425453186035156,0.7725852727890015,0.06135568022727966,13.56363296508789,1.7238119840621948,7.693862438201904,12.072001457214355,8.058320045471191,37.23763155937195
176,0,-0.6136206388473511,3.4295856952667236,1.8567335605621338,3.8999383449554443,0.541387140750885,0.7733352780342102,0.06135029345750809,13.53467845916748,1.7235357761383057,7.695026874542236,12.049495697021484,8.056294441223145,37.25638031959534
177,0,-0.6157668828964233,3.4291398525238037,1.852512001991272,3.89753794670105,0.5402264595031738,0.7740868330001831,0.06134232133626938,13.505661010742188,1.7232544422149658,7.695943355560303,12.026578903198242,8.054244995117188,37.27508544921875
178,0,-0.6179227828979492,3.428546905517578,1.8482028245925903,3.8949694633483887,0.539063036441803,0.7748401165008545,0.06133171170949936,13.47657585144043,1.722967505455017,7.696610450744629,12.003246307373047,8.052172660827637,37.29384636878967
179,0,-0.6200889945030212,3.427806854248047,1.8438055515289307,3.892232894897461,0.5378965735435486,0.7755950689315796,0.061318475753068924,13.44741439819336,1.7226752042770386,7.697025299072266,11.979485511779785,8.05007553100586,37.312554597854614
180,0,-0.6222658753395081,3.4269180297851562,1.8393189907073975,3.889326572418213,0.5367268919944763,0.776351809501648,0.06130257621407509,13.418171882629395,1.7223773002624512,7.697187423706055,11.955290794372559,8.047954559326172,37.33129596710205
181,0,-0.6244544386863708,3.4258790016174316,1.8347415924072266,3.8862478733062744,0.535553514957428,0.7771109938621521,0.061283987015485764,13.388837814331055,1.7220730781555176,7.697093963623047,11.930652618408203,8.045807838439941,39.26103138923645
182,0,-0.6266549825668335,3.424689531326294,1.8300729990005493,3.8829967975616455,0.534376323223114,0.7778723835945129,0.06126270815730095,13.359408378601074,1.721762776374817,7.696744441986084,11.905557632446289,8.043635368347168,39.279839754104614
183,0,-0.6288681626319885,3.423347234725952,1.825311541557312,3.879570722579956,0.5331949591636658,0.77863609790802,0.06123869866132736,13.329874038696289,1.721445918083191,7.696134567260742,11.879997253417969,8.041435241699219,39.29853892326355
184,0,-0.631094753742218,3.4218533039093018,1.8204569816589355,3.8759701251983643,0.5320090651512146,0.7794027328491211,0.061211973428726196,13.300226211547852,1.7211227416992188,7.695263862609863,11.853963851928711,8.039207458496094,39.31731843948364
185,0,-0.633335530757904,3.4202044010162354,1.8155070543289185,3.8721911907196045,0.5308182835578918,0.7801722884178162,0.061182476580142975,13.27045726776123,1.7207924127578735,7.694128513336182,11.82744026184082,8.036951065063477,39.33601522445679
186,0,-0.6355909109115601,3.418400287628174,1.810461401939392,3.8682336807250977,0.5296224355697632,0.7809449434280396,0.0611502043902874,13.240560531616211,1.7204550504684448,7.692727565765381,11.800419807434082,8.03466510772705,39.354780435562134
187,0,-0.6378620862960815,3.4164395332336426,1.8053181171417236,3.864095449447632,0.5284209251403809,0.7817209959030151,0.06111513078212738,13.21052360534668,1.720110297203064,7.691055774688721,11.773276329040527,8.032347679138184,39.37349224090576
188,0,-0.6401497721672058,3.4143214225769043,1.8000762462615967,3.8597753047943115,0.527213454246521,0.7825007438659668,0.061077240854501724,13.180335998535156,1.7197579145431519,7.689113140106201,11.74747085571289,8.029999732971191,39.39224052429199
189,0,-0.6424545645713806,3.41204571723938,1.794735074043274,3.8552727699279785,0.5259997248649597,0.7832843661308289,0.06103653088212013,13.149992942810059,1.7193979024887085,7.686897277832031,11.72115421295166,8.027618408203125,39.410879373550415
190,0,-0.6447775363922119,3.4096105098724365,1.789292812347412,3.850585699081421,0.5247792601585388,0.7840719819068909,0.06099296733736992,13.119481086730957,1.7190297842025757,7.684403419494629,11.69431209564209,8.025202751159668,39.42961859703064
191,0,-0.6471195816993713,3.4070138931274414,1.7837477922439575,3.845712184906006,0.5235516428947449,0.7848637104034424,0.0609465166926384,13.088790893554688,1.7186533212661743,7.6816301345825195,11.666929244995117,8.022751808166504,41.390074253082275
192,0,-0.6494818925857544,3.40425705909729,1.7780990600585938,3.840651273727417,0.5223163366317749,0.7856605648994446,0.06089720129966736,13.057908058166504,1.7182682752609253,7.6785736083984375,11.638991355895996,8.020264625549316,41.40882086753845
193,0,-0.6518651843070984,3.401336669921875,1.772344708442688,3.8354005813598633,0.5210729837417603,0.7864620685577393,0.06084496155381203,13.026824951171875,1.71787428855896,7.675230503082275,11.61048412322998,8.017739295959473,41.42749094963074
194,0,-0.6542705297470093,3.398253917694092,1.7664841413497925,3.829960346221924,0.5198211073875427,0.7872689366340637,0.060789816081523895,12.995527267456055,1.7174713611602783,7.671597957611084,11.581391334533691,8.015174865722656,41.44628691673279
195,0,-0.6566992998123169,3.3950064182281494,1.7605148553848267,3.8243277072906494,0.5185601115226746,0.7880812287330627,0.06073172390460968,12.96400260925293,1.7170588970184326,7.667672157287598,11.551691055297852,8.012569427490234,41.464970111846924
196,0,-0.6591525673866272,3.3915939331054688,1.7544360160827637,3.8185017108917236,0.5172895193099976,0.7888996005058289,0.060670677572488785,12.93223762512207,1.7166368961334229,7.663449764251709,11.52137279510498,8.009921073913574,41.48373603820801
197,0,-0.66163170337677,3.3880155086517334,1.7482454776763916,3.812480926513672,0.5160086750984192,0.7897241115570068,0.060606665909290314,12.900217056274414,1.7162050008773804,7.658926010131836,11.490411758422852,8.007227897644043,41.50243139266968
198,0,-0.6641377210617065,3.3842709064483643,1.741942286491394,3.806264877319336,0.514717161655426,0.7905552387237549,0.06053967773914337,12.867929458618164,1.7157628536224365,7.654098987579346,11.458791732788086,8.004488945007324,41.52121615409851
199,0,-0.6666723489761353,3.3803584575653076,1.73552405834198,3.7998507022857666,0.513414204120636,0.7913934588432312,0.06046969071030617,12.835354804992676,1.7153102159500122,7.648962497711182,11.426487922668457,8.001701354980469,41.53991150856018
200,0,-0.6692367792129517,3.3762779235839844,1.7289894819259644,3.7932381629943848,0.5120992660522461,0.7922388911247253,0.060396697372198105,12.802481651306152,1.7148467302322388,7.64351224899292,11.393486022949219,7.998863697052002,41.558663845062256
201,0,-0.6718326807022095,3.372028350830078,1.7223364114761353,3.7864255905151367,0.510771632194519,0.7930920124053955,0.06032067909836769,12.769290924072266,1.7143720388412476,7.637744426727295,11.359755516052246,7.995973587036133,43.516930103302
202,0,-0.6744617819786072,3.367610454559326,1.7155635356903076,3.779412269592285,0.5094305276870728,0.7939536571502686,0.06024164706468582,12.735763549804688,1.7138861417770386,7.631654262542725,11.325274467468262,7.9930291175842285,43.53571367263794
203,0,-0.6771257519721985,3.363022804260254,1.70866858959198,3.7721972465515137,0.5080752372741699,0.7948237061500549,0.060159582644701004,12.701881408691406,1.713388442993164,7.625237464904785,11.290019035339355,7.990025997161865,43.554362773895264
204,0,-0.6798263192176819,3.3582656383514404,1.7016499042510986,3.7647788524627686,0.5067049860954285,0.7957032918930054,0.06007448211312294,12.667624473571777,1.7128785848617554,7.618487358093262,11.253962516784668,7.986964702606201,43.57309174537659
205,0,-0.6825653910636902,3.3533382415771484,1.6945054531097412,3.7571566104888916,0.5053189992904663,0.7965923547744751,0.05998633801937103,12.632974624633789,1.7123565673828125,7.611398696899414,11.217076301574707,7.983839511871338,43.59175777435303
206,0,-0.6853451728820801,3.348240613937378,1.6872329711914062,3.7493293285369873,0.5039162635803223,0.7974916696548462,0.05989515036344528,12.597906112670898,1.7118216753005981,7.603967189788818,11.179333686828613,7.980649471282959,43.6105420589447
207,0,-0.6881676912307739,3.342973232269287,1.679830551147461,3.7412965297698975,0.5024959444999695,0.7984018325805664,0.059800922870635986,12.562398910522461,1.7112737894058228,7.596185684204102,11.14069652557373,7.977389812469482,43.62924885749817
208,0,-0.6910350918769836,3.337536573410034,1.6722965240478516,3.733058452606201,0.5010571479797363,0.7993233799934387,0.05970367044210434,12.52642822265625,1.7107126712799072,7.588047504425049,11.1011381149292,7.974059104919434,43.64799451828003
209,0,-0.6939501166343689,3.331930637359619,1.6646281480789185,3.724613904953003,0.4995986819267273,0.8002568483352661,0.05960338935256004,12.489967346191406,1.710137963294983,7.579548358917236,11.060622215270996,7.9706525802612305,43.666646003723145
210,0,-0.6969152688980103,3.3261561393737793,1.6568232774734497,3.7159624099731445,0.4981195032596588,0.8012031316757202,0.05950009077787399,12.452987670898438,1.709549069404602,7.570679664611816,11.019111633300781,7.967166900634766,43.68540811538696
211,0,-0.6999328136444092,3.3202130794525146,1.6488797664642334,3.707103729248047,0.4966186583042145,0.8021627068519592,0.05939377844333649,12.41546630859375,1.708945870399475,7.5614333152771,10.976571083068848,7.963597774505615,45.693193674087524
212,0,-0.7030062675476074,3.3141045570373535,1.6407955884933472,3.6980397701263428,0.4950946867465973,0.8031362891197205,0.059284504503011703,12.37736701965332,1.708328127861023,7.551804542541504,10.932954788208008,7.959941387176514,45.71199178695679
213,0,-0.7061382532119751,3.3078298568725586,1.6325677633285522,3.6887688636779785,0.4935464859008789,0.8041247725486755,0.059172261506319046,12.338662147521973,1.7076952457427979,7.541784286499023,10.894737243652344,7.956193447113037,45.73066592216492
214,0,-0.7093322277069092,3.3013916015625,1.6241942644119263,3.6792924404144287,0.4919726252555847,0.8051289319992065,0.0590570904314518,12.299315452575684,1.7070469856262207,7.531363010406494,10.872591018676758,7.952348709106445,45.74941349029541
215,0,-0.7125914096832275,3.2947916984558105,1.6156729459762573,3.669611930847168,0.49037179350852966,0.8061496019363403,0.05893902853131294,12.259294509887695,1.7063831090927124,7.520534992218018,10.849128723144531,7.948402404785156,45.76809501647949
216,0,-0.7159197926521301,3.2880325317382812,1.607000708580017,3.6597278118133545,0.4887423515319824,0.8071878552436829,0.058818116784095764,12.218559265136719,1.7057031393051147,7.509289264678955,10.824292182922363,7.944349765777588,45.78688669204712
217,0,-0.719321072101593,3.281116485595703,1.5981755256652832,3.6496424674987793,0.487082839012146,0.8082442879676819,0.058694396167993546,12.177070617675781,1.7050070762634277,7.497617721557617,10.79802417755127,7.940184593200684,45.805532693862915
218,0,-0.7227994203567505,3.2740466594696045,1.5891945362091064,3.639357328414917,0.4853915274143219,0.8093200922012329,0.05856792628765106,12.134788513183594,1.7042940855026245,7.485509872436523,10.770252227783203,7.935900688171387,45.82426714897156
219,0,-0.7263593673706055,3.2668278217315674,1.580055594444275,3.628875970840454,0.48366662859916687,0.8104164004325867,0.05843879282474518,12.091665267944336,1.7035644054412842,7.472957134246826,10.740911483764648,7.931491851806641,45.8429114818573
220,0,-0.7300053238868713,3.259462356567383,1.5707558393478394,3.6181998252868652,0.4819064140319824,0.8115342855453491,0.05830703675746918,12.047660827636719,1.7028173208236694,7.459947109222412,10.709927558898926,7.9269514083862305,45.86167502403259
221,0,-0.7337425947189331,3.2519562244415283,1.5612926483154297,3.6073334217071533,0.48010876774787903,0.8126748204231262,0.058172762393951416,12.002718925476074,1.7020527124404907,7.446469783782959,10.67722225189209,7.922272205352783,47.892390966415405
222,0,-0.7375763058662415,3.2443132400512695,1.5516631603240967,3.5962796211242676,0.4782716929912567,0.8138392567634583,0.058036040514707565,11.956791877746582,1.7012702226638794,7.432513236999512,10.642718315124512,7.917447090148926,47.9111430644989
223,0,-0.7415121793746948,3.2365410327911377,1.5418654680252075,3.585045099258423,0.4763929843902588,0.8150288462638855,0.05789700523018837,11.90982437133789,1.700469970703125,7.41806697845459,10.606328010559082,7.912467002868652,47.92980694770813
224,0,-0.7455562353134155,3.2286455631256104,1.5318964719772339,3.573633909225464,0.474470317363739,0.8162451386451721,0.05775576829910278,11.8617582321167,1.6996512413024902,7.4031171798706055,10.569735527038574,7.90732479095459,47.94855332374573
225,0,-0.7497148513793945,3.220635414123535,1.5217543840408325,3.562053918838501,0.472501277923584,0.817489504814148,0.057612478733062744,11.812532424926758,1.6988145112991333,7.387653827667236,10.533183097839355,7.9020094871521,47.96719431877136
226,0,-0.7539947628974915,3.2125165462493896,1.5114355087280273,3.550309896469116,0.47048333287239075,0.8187630772590637,0.05746724456548691,11.762083053588867,1.6979589462280273,7.371660232543945,10.49450397491455,7.896513938903809,47.98594093322754
227,0,-0.7584033608436584,3.2043001651763916,1.5009381771087646,3.5384113788604736,0.46841371059417725,0.8200677633285522,0.05732026323676109,11.710342407226562,1.697084665298462,7.355124473571777,10.453593254089355,7.890826225280762,48.004621267318726
228,0,-0.7629480957984924,3.195996046066284,1.490260124206543,3.526367425918579,0.4662897288799286,0.8214049935340881,0.057171717286109924,11.657242774963379,1.6961917877197266,7.338032245635986,10.426356315612793,7.8849358558654785,48.02336573600769
229,0,-0.7676373720169067,3.1876158714294434,1.4793989658355713,3.5141875743865967,0.46410828828811646,0.8227769136428833,0.05702180787920952,11.602706909179688,1.6952801942825317,7.32036828994751,10.428787231445312,7.878832817077637,48.04205274581909
230,0,-0.7724795341491699,3.179171323776245,1.4683525562286377,3.5018837451934814,0.46186643838882446,0.8241844773292542,0.05687074735760689,11.546661376953125,1.6943498849868774,7.302118301391602,10.430362701416016,7.872504711151123,48.06083011627197
231,0,-0.7774841785430908,3.170677900314331,1.4571189880371094,3.489469289779663,0.45956072211265564,0.8256300687789917,0.05671881139278412,11.489018440246582,1.6934012174606323,7.283267498016357,10.43099308013916,7.865939140319824,50.11072587966919
232,0,-0.782660722732544,3.162149667739868,1.4456967115402222,3.476956605911255,0.4571879506111145,0.8271157145500183,0.056566253304481506,11.429698944091797,1.6924341917037964,7.263798713684082,10.430598258972168,7.859123229980469,50.1295223236084
233,0,-0.788019597530365,3.153602123260498,1.4340832233428955,3.4643614292144775,0.45474448800086975,0.8286429047584534,0.056413352489471436,11.368612289428711,1.69144868850708,7.243695259094238,10.429082870483398,7.852043628692627,50.14823508262634
234,0,-0.7935712337493896,3.1450555324554443,1.4222787618637085,3.45170259475708,0.4522269070148468,0.8302137851715088,0.05626046285033226,11.305672645568848,1.690445899963379,7.222940921783447,10.426348686218262,7.844686031341553,50.16700029373169
235,0,-0.7993274927139282,3.136528253555298,1.4102810621261597,3.438997507095337,0.4496312439441681,0.8318302035331726,0.05610792338848114,11.2407808303833,1.6894258260726929,7.20151948928833,10.422289848327637,7.837036609649658,50.18570160865784
236,0,-0.805300235748291,3.128042221069336,1.398090124130249,3.42626690864563,0.4469537138938904,0.8334946632385254,0.055956121534109116,11.173842430114746,1.6883890628814697,7.179412364959717,10.425376892089844,7.8290791511535645,50.20446801185608
237,0,-0.8115018010139465,3.1196203231811523,1.385705590248108,3.4135334491729736,0.44419047236442566,0.8352090120315552,0.05580546706914902,11.104762077331543,1.6873363256454468,7.1566033363342285,10.430379867553711,7.820800304412842,50.22314405441284
238,0,-0.817945659160614,3.111287832260132,1.3731275796890259,3.400822162628174,0.44133737683296204,0.8369750380516052,0.05565641075372696,11.033434867858887,1.6862684488296509,7.1330742835998535,10.433735847473145,7.812182903289795,50.24190020561218
239,0,-0.8246452808380127,3.103071689605713,1.3603570461273193,3.38815975189209,0.43839046359062195,0.8387950658798218,0.05550943315029144,10.959761619567871,1.685186743736267,7.108809471130371,10.435312271118164,7.8032121658325195,50.26058030128479
240,0,-0.8316152095794678,3.095001220703125,1.3473950624465942,3.375574827194214,0.4353455603122711,0.8406712412834167,0.05536506697535515,10.883639335632324,1.6840922832489014,7.083789348602295,10.43494987487793,7.79387092590332,50.27930760383606
241,0,-0.8388694524765015,3.0871055126190186,1.3342435359954834,3.363097667694092,0.4321988821029663,0.8426048755645752,0.055223822593688965,10.804971694946289,1.6829859018325806,7.05799674987793,10.432498931884766,7.784144401550293,52.41760182380676
242,0,-0.8464238047599792,3.0794200897216797,1.3209055662155151,3.350764036178589,0.42894619703292847,0.8445982933044434,0.05508634075522423,10.723654747009277,1.6818698644638062,7.031418323516846,10.427787780761719,7.774016857147217,52.436392068862915
243,0,-0.8542934060096741,3.071977138519287,1.3073837757110596,3.3386070728302,0.4255838096141815,0.8466527462005615,0.0549531988799572,10.639595031738281,1.6807453632354736,7.004034042358398,10.420645713806152,7.763472080230713,52.45506715774536
244,0,-0.8624938130378723,3.064814567565918,1.2936830520629883,3.3266656398773193,0.42210811376571655,0.8487701416015625,0.0548250712454319,10.552702903747559,1.6796144247055054,6.975830554962158,10.410901069641113,7.752496719360352,52.47383904457092
245,0,-0.8710410594940186,3.057971239089966,1.279808759689331,3.314980983734131,0.4185156226158142,0.8509513139724731,0.05470265448093414,10.462890625,1.6784796714782715,6.946795463562012,10.398372650146484,7.741076946258545,52.49252486228943
246,0,-0.8799509406089783,3.0514867305755615,1.2657666206359863,3.3035941123962402,0.41480326652526855,0.8531975150108337,0.054586656391620636,10.370081901550293,1.6773431301116943,6.9169135093688965,10.382877349853516,7.729200839996338,52.511287689208984
247,0,-0.8892390727996826,3.045401096343994,1.251563549041748,3.292548894882202,0.4109683632850647,0.8555088639259338,0.054477792233228683,10.274209022521973,1.676207184791565,6.886173248291016,10.364237785339355,7.716856002807617,52.5299596786499
248,0,-0.8989205360412598,3.039759635925293,1.2372088432312012,3.281893491744995,0.4070087671279907,0.8578859567642212,0.05437687411904335,10.175219535827637,1.6750754117965698,6.85456657409668,10.342268943786621,7.704036235809326,52.54868769645691
249,0,-0.9090105295181274,3.0346059799194336,1.2227116823196411,3.271674633026123,0.40292271971702576,0.860328733921051,0.05428468436002731,10.073067665100098,1.6739507913589478,6.822086334228516,10.316801071166992,7.690732479095459,52.56733751296997
250,0,-0.9195223450660706,3.0299813747406006,1.2080821990966797,3.261939287185669,0.3987094461917877,0.8628357648849487,0.05420195683836937,9.96773624420166,1.6728363037109375,6.788727283477783,10.287666320800781,7.676943778991699,52.58608055114746
251,0,-0.930469274520874,3.025933027267456,1.1933329105377197,3.252739191055298,0.39436858892440796,0.8654065132141113,0.05412953719496727,9.859214782714844,1.6717360019683838,6.754487037658691,10.254709243774414,7.6626667976379395,54.73264932632446
252,0,-0.9418627023696899,3.0225038528442383,1.1784769296646118,3.2441234588623047,0.38990089297294617,0.8680384755134583,0.0540681928396225,9.747522354125977,1.6706538200378418,6.719368934631348,10.217788696289062,7.647906303405762,54.75143074989319
253,0,-0.9537123441696167,3.0197372436523438,1.1635288000106812,3.2361416816711426,0.3853079676628113,0.8707294464111328,0.05401870235800743,9.632699012756348,1.6695939302444458,6.703034400939941,10.390765190124512,7.6326680183410645,54.77010202407837
254,0,-0.9660232067108154,3.0176737308502197,1.1485072374343872,3.2288424968719482,0.38059356808662415,0.8734757304191589,0.05398178845643997,9.514839172363281,1.66856050491333,6.783879280090332,10.632631301879883,7.616962909698486,54.78889846801758
255,0,-0.9787511229515076,3.0163466930389404,1.1334830522537231,3.2222867012023926,0.3757801055908203,0.876262366771698,0.05395805090665817,9.394502639770508,1.667557954788208,6.865151405334473,10.874509811401367,7.600807189941406,54.80758833885193
256,0,-0.9917483329772949,3.015747308731079,1.118623971939087,3.2165279388427734,0.370927631855011,0.8790534138679504,0.0539473295211792,9.27319049835205,1.666588544845581,6.945221424102783,11.115269660949707,7.584225177764893,54.82632899284363
257,0,-1.00539231300354,3.0158450603485107,1.1035009622573853,3.2113916873931885,0.36590108275413513,0.8819246888160706,0.05394907668232918,9.147526741027832,1.665653944015503,7.027313232421875,11.353841781616211,7.567262172698975,54.8450243473053
258,0,-1.0196423530578613,3.016674041748047,1.088186502456665,3.2069413661956787,0.36072391271591187,0.8848604559898376,0.053963907063007355,9.018097877502441,1.6647597551345825,7.105466365814209,11.596993446350098,7.549942970275879,54.863754987716675
259,0,-1.0340449810028076,3.0182607173919678,1.0731902122497559,3.203378438949585,0.35556578636169434,0.8877629041671753,0.053992290049791336,8.889144897460938,1.6639119386672974,7.184074878692627,11.844176292419434,7.532306671142578,54.88242173194885
260,0,-1.0492544174194336,3.020615816116333,1.0578159093856812,3.2004833221435547,0.35019874572753906,0.890758216381073,0.05403441935777664,8.754968643188477,1.663114070892334,7.265730381011963,12.087379455566406,7.514397621154785,54.90117859840393
261,0,-1.0647304058074951,3.023782253265381,1.0426630973815918,3.198500394821167,0.3448208272457123,0.8937338590621948,0.054091062396764755,8.62052059173584,1.6623739004135132,7.344921588897705,12.32967472076416,7.496243000030518,57.125919342041016
262,0,-1.080579161643982,3.02774977684021,1.027614951133728,3.1973836421966553,0.33939889073371887,0.8967068195343018,0.05416203662753105,8.48497200012207,1.661694884300232,7.422807693481445,12.57756519317627,7.477898120880127,57.144667625427246
263,0,-1.0969702005386353,3.0325465202331543,1.012510061264038,3.197110176086426,0.333881139755249,0.8997041583061218,0.054247841238975525,8.347028732299805,1.6610835790634155,7.50255823135376,12.819808006286621,7.459402561187744,57.1633460521698
264,0,-1.1134705543518066,3.038170337677002,0.9977872967720032,3.1978209018707275,0.32841718196868896,0.9026428461074829,0.05434844270348549,8.210429191589355,1.6605443954467773,7.581152439117432,13.057701110839844,7.440811634063721,57.18211102485657
265,0,-1.1305861473083496,3.0445916652679443,0.9829280972480774,3.1993257999420166,0.3228439688682556,0.9056099653244019,0.05446331202983856,8.071099281311035,1.660080909729004,7.6572980880737305,13.290108680725098,7.422184944152832,57.2008159160614
266,0,-1.1478400230407715,3.051832437515259,0.9684118628501892,3.201796770095825,0.31732144951820374,0.9085186719894409,0.05459284037351608,7.9330363273620605,1.6596994400024414,7.7357635498046875,13.515275955200195,7.403561592102051,57.21957588195801
267,0,-1.165357232093811,3.059863805770874,0.9540998935699463,3.2051634788513184,0.311811238527298,0.9113890528678894,0.054736509919166565,7.795280933380127,1.65940260887146,7.811360836029053,13.732420921325684,7.385004997253418,57.23827290534973
268,0,-1.1832661628723145,3.0686535835266113,0.9398571848869324,3.2093558311462402,0.30627673864364624,0.9142394661903381,0.05489374324679375,7.656918525695801,1.6591932773590088,7.887150287628174,13.940921783447266,7.366571426391602,57.25703048706055
269,0,-1.201104760169983,3.078188896179199,0.9261090159416199,3.214486598968506,0.300861656665802,0.916995644569397,0.05506431683897972,7.521541595458984,1.659075140953064,7.960627555847168,14.140130996704102,7.348316192626953,57.27570128440857
270,0,-1.2192065715789795,3.0883948802948,0.9125110507011414,3.22038197517395,0.29546448588371277,0.9197099208831787,0.05524688959121704,7.3866119384765625,1.6590468883514404,8.041837692260742,14.329781532287598,7.330306529998779,57.29450559616089
271,0,-1.237688422203064,3.0992400646209717,0.8989467620849609,3.2269790172576904,0.29005393385887146,0.9223974943161011,0.05544089153409004,7.251348495483398,1.6591112613677979,8.12315845489502,14.509687423706055,7.312583923339844,59.54556202888489
272,0,-1.2561200857162476,3.110720157623291,0.885798454284668,3.2343807220458984,0.28475672006607056,0.9249954223632812,0.05564625561237335,7.118917942047119,1.6592724323272705,8.201163291931152,14.679815292358398,7.295168876647949,59.56434893608093
273,0,-1.2746236324310303,3.1227645874023438,0.8729256391525269,3.2424771785736084,0.2795361578464508,0.9275228381156921,0.055861711502075195,6.988403797149658,1.6595284938812256,8.283573150634766,14.839383125305176,7.2781171798706055,59.58301591873169
274,0,-1.2930690050125122,3.135266065597534,0.860402524471283,3.2511818408966064,0.27442726492881775,0.9299642443656921,0.05608534440398216,6.860681533813477,1.6598732471466064,8.355480194091797,14.987720489501953,7.26151704788208,59.60179662704468
275,0,-1.3109129667282104,3.1479878425598145,0.8486151695251465,3.260364532470703,0.269573837518692,0.9322528839111328,0.0563129186630249,6.739346027374268,1.660284399986267,8.436193466186523,15.125249862670898,7.245491027832031,59.62048578262329
276,0,-1.3285917043685913,3.160600185394287,0.8370848894119263,3.2695724964141846,0.264849990606308,0.9344523549079895,0.05653853714466095,6.621249675750732,1.660731315612793,8.508275985717773,15.252090454101562,7.230199813842773,59.639248847961426
277,0,-1.3468979597091675,3.1730356216430664,0.8251341581344604,3.278566837310791,0.2600456774234772,0.9366596937179565,0.056760989129543304,6.5011420249938965,1.6612083911895752,8.575632095336914,15.367536544799805,7.215651988983154,59.65795159339905
278,0,-1.3649280071258545,3.185420036315918,0.8135532140731812,3.2876691818237305,0.25539904832839966,0.9387657046318054,0.056982528418302536,6.384976387023926,1.6617307662963867,8.648031234741211,15.47114086151123,7.201756000518799,59.67671513557434
279,0,-1.3821507692337036,3.197780132293701,0.8027644753456116,3.2970027923583984,0.2510380446910858,0.940716028213501,0.05720363184809685,6.275950908660889,1.6623059511184692,8.712021827697754,15.564495086669922,7.1884446144104,59.695414304733276
280,0,-1.3988947868347168,3.2100417613983154,0.7924619317054749,3.3064124584198,0.24686966836452484,0.9425563216209412,0.05742297321557999,6.171741485595703,1.662932276725769,8.776514053344727,15.665924072265625,7.175704479217529,59.71416473388672
281,0,-1.4151593446731567,3.2222366333007812,0.7826390862464905,3.3159210681915283,0.24288690090179443,0.9442923665046692,0.05764112249016762,6.07217264175415,1.663615345954895,8.839799880981445,15.761313438415527,7.163502216339111,62.027382373809814
282,0,-1.430541753768921,3.2344250679016113,0.7736075520515442,3.3256542682647705,0.2391793131828308,0.9458886384963989,0.057859156280756,5.979482650756836,1.6643619537353516,8.910139083862305,15.847999572753906,7.151786804199219,62.04613733291626
283,0,-1.446419358253479,3.246587038040161,0.764284610748291,3.3353347778320312,0.23541171848773956,0.9474912881851196,0.05807671695947647,5.885293006896973,1.665169596672058,8.970580101013184,15.927265167236328,7.140554428100586,62.064778566360474
284,0,-1.4645951986312866,3.2586073875427246,0.7532973289489746,3.3445446491241455,0.23117154836654663,0.9492706656455994,0.05829174071550369,5.7792887687683105,1.666018009185791,9.037413597106934,15.999933242797852,7.1298418045043945,62.0835440158844
285,0,-1.481959581375122,3.2703559398651123,0.7429988980293274,3.353695869445801,0.22719205915927887,0.95091712474823,0.05850190669298172,5.6798014640808105,1.666884422302246,9.100970268249512,16.07360076904297,7.119602203369141,62.1022584438324
286,0,-1.496916651725769,3.281751871109009,0.7345191240310669,3.3629469871520996,0.22381921112537384,0.9522949457168579,0.05870576202869415,5.595480442047119,1.6677520275115967,9.152847290039062,16.14278793334961,7.109810829162598,62.1210401058197
287,0,-1.512451171875,3.292778253555298,0.7256267070770264,3.3717832565307617,0.2203691452741623,0.953686535358429,0.058903008699417114,5.509228706359863,1.6686182022094727,9.21473503112793,16.205699920654297,7.100409030914307,62.1397442817688
288,0,-1.5286357402801514,3.303529739379883,0.7163085341453552,3.3802969455718994,0.2168312668800354,0.9550953507423401,0.059095337986946106,5.42078161239624,1.66948664188385,9.268399238586426,16.27089500427246,7.091344356536865,62.158512115478516
289,0,-1.5439438819885254,3.313908100128174,0.7076428532600403,3.388619899749756,0.21353726089000702,0.956390380859375,0.059280991554260254,5.338431358337402,1.6703447103500366,9.313193321228027,16.33294677734375,7.082592487335205,62.17719054222107
290,0,-1.5586131811141968,3.3237924575805664,0.6994180083274841,3.3965837955474854,0.21042770147323608,0.9575977921485901,0.05945780873298645,5.260692596435547,1.6711759567260742,9.36730670928955,16.38767433166504,7.074141025543213,62.195923805236816
291,0,-1.5733699798583984,3.3333022594451904,0.6911444067955017,3.404201030731201,0.20734526216983795,0.95878005027771,0.059627924114465714,5.183631420135498,1.6719883680343628,9.407217979431152,16.436222076416016,7.065942764282227,64.51531457901001
292,0,-1.5879968404769897,3.3425538539886475,0.6829991340637207,3.4116203784942627,0.20433451235294342,0.9599208831787109,0.05979342386126518,5.108362674713135,1.6727981567382812,9.450955390930176,16.481449127197266,7.057912349700928,64.53408980369568
293,0,-1.6016327142715454,3.3514785766601562,0.6755480170249939,3.4188849925994873,0.2015671581029892,0.960956871509552,0.05995307117700577,5.039178848266602,1.6735966205596924,9.493910789489746,16.52223014831543,7.050036907196045,64.55277800559998
294,0,-1.6141269207000732,3.3600571155548096,0.6688677668571472,3.4259841442108154,0.19906440377235413,0.9618837833404541,0.06010653078556061,4.97661018371582,1.6743768453598022,9.532901763916016,16.558446884155273,7.042338848114014,64.5715343952179
295,0,-1.6265710592269897,3.368349313735962,0.662226140499115,3.4328298568725586,0.19660256803035736,0.9627858400344849,0.060254864394664764,4.915064334869385,1.6751426458358765,9.567975997924805,16.59105110168457,7.034796237945557,64.59022617340088
296,0,-1.64011812210083,3.376375913619995,0.6548721790313721,3.439298152923584,0.1939571350812912,0.963744580745697,0.06039844825863838,4.848928451538086,1.675894021987915,9.60910701751709,16.620685577392578,7.027429580688477,64.60898923873901
297,0,-1.6553819179534912,3.3841054439544678,0.6464287638664246,3.4452924728393555,0.19101910293102264,0.9647961854934692,0.06053671985864639,4.775477409362793,1.6766235828399658,9.638960838317871,16.64743995666504,7.020242691040039,64.6276342868805
298,0,-1.6703228950500488,3.3914670944213867,0.638227641582489,3.4509975910186768,0.18818630278110504,0.9657971262931824,0.06066840887069702,4.704657554626465,1.6773262023925781,9.673638343811035,16.671085357666016,7.0131635665893555,64.64631795883179
299,0,-1.6831014156341553,3.39843487739563,0.6314184665679932,3.4565951824188232,0.1857968419790268,0.966631293296814,0.06079305335879326,4.644920825958252,1.6779989004135132,9.70347785949707,16.69231414794922,7.006147384643555,64.6649820804596
300,0,-1.6953917741775513,3.405003547668457,0.6249111890792847,3.4618728160858154,0.18352732062339783,0.9674152135848999,0.060910556465387344,4.5881829261779785,1.6786364316940308,9.734127044677734,16.711254119873047,6.999217510223389,64.68372750282288
301,0,-1.7084088325500488,3.4112401008605957,0.6179591417312622,3.4667608737945557,0.181153804063797,0.9682261943817139,0.06102211773395538,4.528845310211182,1.6792395114898682,9.759150505065918,16.727691650390625,6.99240779876709,67.00097632408142
302,0,-1.7212308645248413,3.4171302318573,0.6111396551132202,3.4713499546051025,0.17884588241577148,0.9690055847167969,0.06112748384475708,4.471147060394287,1.6798070669174194,9.78873062133789,16.741546630859375,6.9856743812561035,67.01972317695618
303,0,-1.7337524890899658,3.4226198196411133,0.6045045256614685,3.4755938053131104,0.17662040889263153,0.9697489738464355,0.061225686222314835,4.415510177612305,1.6803345680236816,9.806764602661133,16.760704040527344,6.979008197784424,67.03838157653809
304,0,-1.7457501888275146,3.4277474880218506,0.5981900095939636,3.4795525074005127,0.1745140254497528,0.9704447984695435,0.06131741404533386,4.362850666046143,1.6808208227157593,9.83828067779541,16.777727127075195,6.972424507141113,67.05715155601501
305,0,-1.756765604019165,3.432539224624634,0.5924639701843262,3.4832942485809326,0.17260223627090454,0.9710703492164612,0.06140312924981117,4.315055847167969,1.681268334388733,9.851279258728027,16.79232406616211,6.965917110443115,67.07582759857178
306,0,-1.7679457664489746,3.4369990825653076,0.5866381525993347,3.4867043495178223,0.17068324983119965,0.971691906452179,0.06148291006684303,4.267081260681152,1.6816786527633667,9.879441261291504,16.804996490478516,6.959505081176758,67.09461450576782
307,0,-1.7794239521026611,3.441145658493042,0.580642819404602,3.4897894859313965,0.1687353253364563,0.9723164439201355,0.06155708432197571,4.218383312225342,1.6820523738861084,9.89257526397705,16.815813064575195,6.95321798324585,67.1132869720459
308,0,-1.7914388179779053,3.444938898086548,0.5743405818939209,3.492487907409668,0.16672010719776154,0.9729560613632202,0.06162494048476219,4.168002605438232,1.6823853254318237,9.92175579071045,16.824840545654297,6.947041034698486,67.13202452659607
309,0,-1.8040285110473633,3.4483885765075684,0.5677231550216675,3.49480938911438,0.1646343320608139,0.9736108779907227,0.06168664991855621,4.11585807800293,1.6826786994934082,9.930611610412598,16.831703186035156,6.940916538238525,67.15071177482605
310,0,-1.8146358728408813,3.451552391052246,0.5622482895851135,3.497046947479248,0.16289721429347992,0.9741503596305847,0.061743248254060745,4.07243013381958,1.6829365491867065,9.950596809387207,16.841672897338867,6.934847831726074,67.16947197914124
311,0,-1.8240461349487305,3.4544036388397217,0.557442307472229,3.4990921020507812,0.16137149930000305,0.9746201634407043,0.06179425120353699,4.034287452697754,1.6831579208374023,9.971142768859863,16.852754592895508,6.928827285766602,69.51618266105652
312,0,-1.8343701362609863,3.456974983215332,0.5521275401115417,3.500788688659668,0.15971407294273376,0.9751258492469788,0.061840251088142395,3.992851734161377,1.6833438873291016,9.974474906921387,16.86118507385254,6.9228668212890625,69.53498649597168
313,0,-1.845342755317688,3.4593238830566406,0.5464734435081482,3.50222110748291,0.15797117352485657,0.9756528735160828,0.06188226863741875,3.949279308319092,1.683501124382019,9.996657371520996,16.868261337280273,6.916987895965576,69.5536482334137
314,0,-1.8562449216842651,3.4614830017089844,0.5408853888511658,3.5034871101379395,0.15625828504562378,0.9761653542518616,0.0619208924472332,3.9064571857452393,1.6836345195770264,10.00562858581543,16.874248504638672,6.911189556121826,69.57241773605347
315,0,-1.8668904304504395,3.4633989334106445,0.5354541540145874,3.5045461654663086,0.15460366010665894,0.9766556620597839,0.06195516511797905,3.865091562271118,1.6837397813796997,10.015401840209961,16.878171920776367,6.905431747436523,69.59108018875122
316,0,-1.8775107860565186,3.465085983276367,0.5300556421279907,3.5053927898406982,0.15297041833400726,0.977135181427002,0.06198534369468689,3.8242604732513428,1.683817982673645,10.0272216796875,16.880971908569336,6.899717330932617,69.60987186431885
317,0,-1.8874456882476807,3.466583490371704,0.5250424742698669,3.5061192512512207,0.15145818889141083,0.9775747060775757,0.06201213225722313,3.786454677581787,1.6838717460632324,10.033674240112305,16.88260841369629,6.8940887451171875,69.62858724594116
318,0,-1.896552324295044,3.46779727935791,0.5204649567604065,3.506636619567871,0.1500851809978485,0.9779707789421082,0.062033843249082565,3.752129554748535,1.6838946342468262,10.049924850463867,16.882307052612305,6.888474464416504,69.64733529090881
319,0,-1.9057769775390625,3.4687681198120117,0.5158302783966064,3.5069119930267334,0.1487070471048355,0.9783648252487183,0.062051210552453995,3.7176761627197266,1.6838878393173218,10.043664932250977,16.879941940307617,6.882907390594482,69.666006565094
320,0,-1.9163942337036133,3.4696102142333984,0.5105065107345581,3.5069661140441895,0.14713655412197113,0.978809654712677,0.062066275626420975,3.6784138679504395,1.6838573217391968,10.059955596923828,16.875669479370117,6.8774800300598145,69.68476295471191
321,0,-1.9272440671920776,3.470241069793701,0.5050893425941467,3.5068061351776123,0.1455487757921219,0.9792549014091492,0.062077559530735016,3.638719320297241,1.6838016510009766,10.066627502441406,16.870084762573242,6.872086048126221,72.04298901557922
322,0,-1.93635094165802,3.4705874919891357,0.5005604028701782,3.5064995288848877,0.14422929286956787,0.9796217083930969,0.062083758413791656,3.6057324409484863,1.6837180852890015,10.056926727294922,16.862751007080078,6.866683483123779,72.06174373626709
323,0,-1.945184350013733,3.4707796573638916,0.49618563055992126,3.5060675144195557,0.14296086132526398,0.979971706867218,0.06208719685673714,3.574021577835083,1.6836116313934326,10.077866554260254,16.85382652282715,6.861395835876465,72.08038640022278
324,0,-1.954556941986084,3.470790147781372,0.491558313369751,3.5054264068603516,0.1416272073984146,0.98033607006073,0.06208738312125206,3.540680170059204,1.6834830045700073,10.065086364746094,16.844432830810547,6.856164455413818,72.09916162490845
325,0,-1.963024377822876,3.470531702041626,0.4873773753643036,3.504586696624756,0.14043305814266205,0.9806598424911499,0.06208276003599167,3.510826349258423,1.6833280324935913,10.079988479614258,16.833370208740234,6.850931644439697,72.11784958839417
326,0,-1.9716144800186157,3.4701030254364014,0.4831490218639374,3.5035765171051025,0.13923189043998718,0.9809830784797668,0.062075089663267136,3.480797290802002,1.6831494569778442,10.065764427185059,16.821287155151367,6.845803260803223,72.13663005828857
327,0,-1.9808287620544434,3.4695608615875244,0.4786427617073059,3.502420425415039,0.13795486092567444,0.9813240766525269,0.06206539273262024,3.448871612548828,1.6829532384872437,10.083701133728027,16.807933807373047,6.840799331665039,72.15535092353821
328,0,-1.9888256788253784,3.468822479248047,0.4747293293476105,3.501156806945801,0.1368560492992401,0.9816146492958069,0.06205218285322189,3.421401262283325,1.6827400922775269,10.067483901977539,16.793787002563477,6.835803031921387,72.17408394813538
329,0,-1.9962910413742065,3.4679996967315674,0.471086710691452,3.499849319458008,0.13583816587924957,0.9818822741508484,0.06203746423125267,3.395954132080078,1.6825165748596191,10.07555103302002,16.77953338623047,6.83090877532959,72.19277334213257
330,0,-2.0062239170074463,3.4671218395233154,0.46631255745887756,3.4983394145965576,0.1344955712556839,0.9822325706481934,0.06202176213264465,3.362389326095581,1.6822856664657593,10.073156356811523,16.7646541595459,6.826141357421875,72.21153831481934
331,0,-2.0180091857910156,3.4661080837249756,0.46071451902389526,3.4965932369232178,0.13291983306407928,0.9826390147209167,0.06200362741947174,3.322995901107788,1.682045578956604,10.06711483001709,16.749343872070312,6.821395397186279,74.57859063148499
332,0,-2.0280354022979736,3.4649410247802734,0.45596471428871155,3.4948132038116455,0.13159379363059998,0.9829779267311096,0.06198275089263916,3.2898447513580322,1.6817916631698608,10.073256492614746,16.733722686767578,6.816673755645752,74.59739351272583
333,0,-2.0358638763427734,3.4636380672454834,0.45223909616470337,3.493036985397339,0.13056765496730804,0.9832379817962646,0.061959441751241684,3.2641913890838623,1.6815237998962402,10.0610933303833,16.717573165893555,6.812002658843994,74.61608004570007
334,0,-2.0431008338928223,3.4621775150299072,0.44878873229026794,3.4911437034606934,0.12962613999843597,0.9834747314453125,0.06193331629037857,3.2406535148620605,1.6812409162521362,10.06693172454834,16.70110321044922,6.807354927062988,74.63483619689941
335,0,-2.0505380630493164,3.4605932235717773,0.4452594518661499,3.4891202449798584,0.12866564095020294,0.9837148785591125,0.06190497428178787,3.2166409492492676,1.6809461116790771,10.059211730957031,16.68480682373047,6.802745342254639,74.65353155136108
336,0,-2.0578536987304688,3.4589462280273438,0.44180363416671753,3.4870474338531494,0.12772780656814575,0.9839473962783813,0.06187551096081734,3.193195104598999,1.6806435585021973,10.056252479553223,16.667736053466797,6.798201084136963,74.67232608795166
337,0,-2.065192461013794,3.457204818725586,0.4383523762226105,3.484884262084961,0.12679387629032135,0.9841775894165039,0.0618443600833416,3.169847011566162,1.6803323030471802,10.055973052978516,16.6512451171875,6.793710708618164,74.69103026390076
338,0,-2.074789047241211,3.4554061889648438,0.43393996357917786,3.4825472831726074,0.12558290362358093,0.9844737648963928,0.06181218475103378,3.1395726203918457,1.6800172328948975,10.046630859375,16.635475158691406,6.789274215698242,74.70975399017334
339,0,-2.0856239795684814,3.4535293579101562,0.42903050780296326,3.480076789855957,0.12422958016395569,0.9848013520240784,0.061778612434864044,3.1057395935058594,1.679694652557373,10.050650596618652,16.618404388427734,6.784853935241699,74.7284529209137
340,0,-2.0935776233673096,3.4515068531036377,0.4253824055194855,3.47762131690979,0.12324541807174683,0.9850378632545471,0.06174243241548538,3.0811355113983154,1.679359793663025,10.037830352783203,16.60084342956543,6.780435562133789,74.74720621109009
341,0,-2.098912477493286,3.449366331100464,0.4228566884994507,3.4751884937286377,0.12258967012166977,0.9851943850517273,0.06170414015650749,3.064741849899292,1.679013967514038,10.0390625,16.583637237548828,6.776065349578857,77.11216497421265
342,0,-2.104991912841797,3.447171926498413,0.42002636194229126,3.4726669788360596,0.12184665352106094,0.9853706955909729,0.0616648867726326,3.04616641998291,1.678661823272705,10.032618522644043,16.56547737121582,6.771725654602051,77.13096618652344
343,0,-2.1123650074005127,3.44492769241333,0.41666945815086365,3.470034599304199,0.1209515854716301,0.985581636428833,0.061624739319086075,3.023789644241333,1.6783068180084229,10.025076866149902,16.546751022338867,6.767414569854736,77.14962410926819
344,0,-2.121175527572632,3.442671060562134,0.4127439558506012,3.46732497215271,0.11989061534404755,0.9858298301696777,0.06158437207341194,2.997265338897705,1.67794930934906,10.02329158782959,16.52889060974121,6.76318359375,77.16838192939758
345,0,-2.1310529708862305,3.4403622150421143,0.4084130525588989,3.464519500732422,0.11871222406625748,0.9861030578613281,0.061543069779872894,2.9678056240081787,1.6775879859924316,10.013981819152832,16.510557174682617,6.758973121643066,77.1870629787445
346,0,-2.1395599842071533,3.4379396438598633,0.40466830134391785,3.4616737365722656,0.11770663410425186,0.9863345623016357,0.06149973347783089,2.9426658153533936,1.6772173643112183,10.01116943359375,16.4909610748291,6.754764556884766,77.20581984519958
347,0,-2.1460182666778564,3.435420036315918,0.4017685353755951,3.4588334560394287,0.11694888025522232,0.9865074753761292,0.061454661190509796,2.9237220287323,1.6768385171890259,10.001166343688965,16.471590042114258,6.7505879402160645,77.22454023361206
348,0,-2.151716470718384,3.4328019618988037,0.3991812467575073,3.455933094024658,0.11628437787294388,0.9866584539413452,0.06140783056616783,2.907109498977661,1.6764507293701172,9.998899459838867,16.45233917236328,6.746424674987793,77.24324893951416
349,0,-2.1570498943328857,3.430121898651123,0.39674797654151917,3.452990770339966,0.11566585302352905,0.9867980480194092,0.06135988608002663,2.891646385192871,1.6760574579238892,9.987682342529297,16.432350158691406,6.74229621887207,77.26191878318787
350,0,-2.1625356674194336,3.4274022579193115,0.3942645788192749,3.4500045776367188,0.11503306031227112,0.9869401454925537,0.06131123751401901,2.875826597213745,1.6756591796875,9.98393440246582,16.412626266479492,6.738239288330078,77.28069519996643
0,1,2.718991756439209,0.6929115056991577,10.508020401000977,10.530840873718262,15.165024757385254,0.004329416900873184,0.012395177967846394,379.1256103515625,1.1360687017440796,3.2744641304016113,3.216900110244751,8.303717613220215,79.6299991607666
1,1,2.188706159591675,1.153471827507019,10.293190956115723,10.357620239257812,8.923660278320312,0.012402065098285675,0.020633932203054428,223.0915069580078,1.1434494256973267,3.577277898788452,3.0802831649780273,8.516656875610352,82.00515389442444
2,1,2.135409355163574,1.2125577926635742,10.258854866027832,10.330265998840332,8.460508346557617,0.013777864165604115,0.021690893918275833,211.51271057128906,1.1446360349655151,3.614858388900757,3.0672781467437744,8.53335952758789,82.02368140220642
3,1,2.091458797454834,1.2631115913391113,10.227058410644531,10.304764747619629,8.096717834472656,0.015024750493466854,0.022595226764678955,202.41793823242188,1.1456836462020874,3.6473653316497803,3.0556890964508057,8.547677993774414,82.0422215461731
4,1,2.0529003143310547,1.308829665184021,10.196389198303223,10.280048370361328,7.790462970733643,0.016209736466407776,0.023413056507706642,194.76158142089844,1.146657943725586,3.676999568939209,3.044837236404419,8.560577392578125,82.06077194213867
5,1,2.017927646636963,1.351401925086975,10.166217803955078,10.255645751953125,7.522719860076904,0.01736373081803322,0.024174613878130913,188.0679931640625,1.1475886106491089,3.7047481536865234,3.034419298171997,8.572488784790039,82.07931971549988
6,1,1.985547661781311,1.3917573690414429,10.13621711730957,10.231318473815918,7.283034801483154,0.01850392483174801,0.024896513670682907,182.07586669921875,1.1484928131103516,3.7311439514160156,3.0242748260498047,8.583642959594727,82.09781980514526
7,1,1.9551489353179932,1.4304640293121338,10.106186866760254,10.206920623779297,7.064970970153809,0.01964103803038597,0.02558891847729683,176.624267578125,1.1493806838989258,3.7565016746520996,3.014308214187622,8.594182968139648,82.116370677948
8,1,1.9263265132904053,1.4678974151611328,10.07601261138916,10.182374000549316,6.864248275756836,0.020782288163900375,0.026258546859025955,171.606201171875,1.1502597332000732,3.781024694442749,3.0044586658477783,8.60420036315918,82.13487100601196
9,1,1.8987960815429688,1.5043178796768188,10.045608520507812,10.157618522644043,6.677849769592285,0.021932868286967278,0.02691005729138851,166.9462432861328,1.1511343717575073,3.8048462867736816,2.9946839809417725,8.613759994506836,82.15337562561035
10,1,1.8723502159118652,1.5399137735366821,10.01492691040039,10.132624626159668,6.503563404083252,0.023096643388271332,0.02754681557416916,162.58908081054688,1.1520086526870728,3.828059673309326,2.9849562644958496,8.622909545898438,82.17189836502075
11,1,1.8468323945999146,1.574825406074524,9.983929634094238,10.107370376586914,6.339705944061279,0.02427663467824459,0.02817133441567421,158.49264526367188,1.1528854370117188,3.850729465484619,2.975254774093628,8.631684303283691,84.53552508354187
12,1,1.8221216201782227,1.6091581583023071,9.952589988708496,10.081836700439453,6.184967041015625,0.025475231930613518,0.028785496950149536,154.62417602539062,1.1537666320800781,3.872898817062378,2.9655649662017822,8.64011287689209,84.55406165122986
13,1,1.798122525215149,1.642994999885559,9.920896530151367,10.056023597717285,6.038300037384033,0.026694385334849358,0.029390787705779076,150.95750427246094,1.1546541452407837,3.8946001529693604,2.963529586791992,8.64822006225586,84.57258939743042
14,1,1.7747575044631958,1.6764001846313477,9.888833999633789,10.029923439025879,5.898850440979004,0.027935737743973732,0.029988357797265053,147.4712677001953,1.155549168586731,3.915853977203369,2.9746038913726807,8.65601921081543,84.59110903739929
15,1,1.7519639730453491,1.709424614906311,9.85639762878418,10.003535270690918,5.765915393829346,0.02920067496597767,0.03057911805808544,144.14788818359375,1.156453013420105,3.936673402786255,2.9858157634735107,8.663531303405762,84.60963296890259
16,1,1.7296899557113647,1.7421091794967651,9.823588371276855,9.976865768432617,5.638905048370361,0.03049035370349884,0.03116379678249359,140.97262573242188,1.1573665142059326,3.9570677280426025,2.9971680641174316,8.67076587677002,84.62815427780151
17,1,1.7078919410705566,1.77448570728302,9.79040241241455,9.949913024902344,5.517318248748779,0.03180580586194992,0.031742967665195465,137.93295288085938,1.1582903861999512,3.9770395755767822,3.008665084838867,8.677736282348633,84.64668774604797
18,1,1.686532974243164,1.806580901145935,9.756844520568848,9.922688484191895,5.400723934173584,0.0331479087471962,0.03231710195541382,135.01809692382812,1.1592252254486084,3.9965903759002686,3.020310640335083,8.684452056884766,84.66517663002014
19,1,1.665582299232483,1.8384146690368652,9.722919464111328,9.895196914672852,5.28875207901001,0.034517399966716766,0.0328865610063076,132.2187957763672,1.160171627998352,4.015718460083008,3.032108783721924,8.690922737121582,84.68368268013
20,1,1.6450127363204956,1.8700041770935059,9.688633918762207,9.867448806762695,5.1810760498046875,0.035914961248636246,0.03345165401697159,129.5269012451172,1.1611298322677612,4.03441858291626,3.0440635681152344,8.697154998779297,84.70218849182129
21,1,1.6248013973236084,1.9013614654541016,9.653992652893066,9.839447975158691,5.077410697937012,0.0373411700129509,0.03401258960366249,126.93526458740234,1.1621001958847046,4.052685260772705,3.0561792850494385,8.703158378601074,87.08932757377625
22,1,1.604927897453308,1.932496190071106,9.619001388549805,9.81120491027832,4.977500915527344,0.038796503096818924,0.03456954285502434,124.4375228881836,1.1630827188491821,4.070509910583496,3.068459987640381,8.708938598632812,87.10786557197571
23,1,1.585375189781189,1.9634164571762085,9.583675384521484,9.782731056213379,4.88112211227417,0.04028140380978584,0.03512266278266907,122.0280532836914,1.1640777587890625,4.087884426116943,3.080909490585327,8.714500427246094,87.12639880180359
24,1,1.5661273002624512,1.9941269159317017,9.548018455505371,9.754034996032715,4.788069725036621,0.04179621860384941,0.03567202761769295,119.70174407958984,1.1650853157043457,4.104798316955566,3.0935304164886475,8.719850540161133,87.14492845535278
25,1,1.5471712350845337,2.0246317386627197,9.512045860290527,9.725130081176758,4.6981611251831055,0.04334123060107231,0.036217715591192245,117.45402526855469,1.1661055088043213,4.121241092681885,3.1063284873962402,8.724994659423828,87.16342806816101
26,1,1.5284945964813232,2.054932117462158,9.475764274597168,9.696022987365723,4.61122989654541,0.044916681945323944,0.036759745329618454,115.28074645996094,1.1671380996704102,4.13720178604126,3.1193060874938965,8.729937553405762,87.1819441318512
27,1,1.5100871324539185,2.0850296020507812,9.439189910888672,9.666728973388672,4.527125358581543,0.04652274772524834,0.03729814291000366,113.17813110351562,1.1681832075119019,4.152668476104736,3.1324679851531982,8.734684944152832,87.2004759311676
28,1,1.491938829421997,2.1149239540100098,9.40233039855957,9.637256622314453,4.445706367492676,0.04815957695245743,0.03783291205763817,111.14266204833984,1.1692405939102173,4.167628765106201,3.145815372467041,8.739241600036621,87.2189679145813
29,1,1.4740413427352905,2.14461350440979,9.36520004272461,9.607619285583496,4.366847515106201,0.049827203154563904,0.03836401179432869,109.17118835449219,1.1703102588653564,4.182069301605225,3.159353494644165,8.743609428405762,87.23752212524414
30,1,1.4563871622085571,2.1740968227386475,9.327812194824219,9.577827453613281,4.290431022644043,0.05152568221092224,0.03889142721891403,107.26077270507812,1.1713919639587402,4.195979595184326,3.173085927963257,8.747797012329102,87.25604605674744
31,1,1.4389694929122925,2.2033708095550537,9.290179252624512,9.547893524169922,4.216348648071289,0.05325496196746826,0.03941509500145912,105.4087142944336,1.1724853515625,4.209346294403076,3.1870148181915283,8.75180435180664,89.6272075176239
32,1,1.4217816591262817,2.2324330806732178,9.252314567565918,9.517828941345215,4.144497871398926,0.05501500144600868,0.039934977889060974,103.6124496459961,1.1735905408859253,4.222157001495361,3.201143264770508,8.755638122558594,89.64576935768127
33,1,1.4048184156417847,2.261279582977295,9.214231491088867,9.48764705657959,4.07478666305542,0.05680564045906067,0.04045100137591362,101.86966705322266,1.1747069358825684,4.234399795532227,3.21547532081604,8.759299278259277,89.66428875923157
34,1,1.3880741596221924,2.289907455444336,9.175946235656738,9.45736026763916,4.007125377655029,0.058626770973205566,0.04096310958266258,100.17813110351562,1.1758345365524292,4.2497944831848145,3.2300126552581787,8.762795448303223,89.68280529975891
35,1,1.371544361114502,2.318311929702759,9.137471199035645,9.426980018615723,3.9414329528808594,0.06047816202044487,0.041471224278211594,98.53582763671875,1.1769729852676392,4.267656326293945,3.2447588443756104,8.766127586364746,89.70133423805237
36,1,1.3552247285842896,2.3464887142181396,9.098820686340332,9.396517753601074,3.8776323795318604,0.062359560281038284,0.041975267231464386,96.94081115722656,1.1781219244003296,4.285287380218506,3.259716272354126,8.769299507141113,89.71986389160156
37,1,1.3391112089157104,2.374433994293213,9.060009956359863,9.365986824035645,3.815650463104248,0.06427071243524551,0.04247516766190529,95.3912582397461,1.179281234741211,4.30268669128418,3.274887800216675,8.772315979003906,89.73838663101196
38,1,1.32319974899292,2.4021434783935547,9.0210542678833,9.33540153503418,3.755418539047241,0.0662112683057785,0.04297085106372833,93.88545989990234,1.180450439453125,4.319851875305176,3.2902750968933105,8.775177955627441,89.75692582130432
39,1,1.3074873685836792,2.4296116828918457,8.981966018676758,9.304769515991211,3.696873188018799,0.0681808590888977,0.04346221685409546,92.42182922363281,1.1816293001174927,4.336779594421387,3.3058810234069824,8.777891159057617,89.77541756629944
40,1,1.2919703722000122,2.4568355083465576,8.94276237487793,9.2741060256958,3.639951705932617,0.07017914205789566,0.04394920915365219,90.99879455566406,1.1828174591064453,4.353470802307129,3.321707010269165,8.780457496643066,89.79395008087158
41,1,1.2766461372375488,2.48380970954895,8.903457641601562,9.243422508239746,3.58459734916687,0.07220562547445297,0.044431738555431366,89.61493682861328,1.1840146780014038,4.369922637939453,3.3377556800842285,8.782879829406738,92.16473817825317
42,1,1.2615114450454712,2.5105299949645996,8.86406421661377,9.212730407714844,3.5307540893554688,0.07425985485315323,0.044909726828336716,88.26885223388672,1.18522047996521,4.386135101318359,3.354029893875122,8.785162925720215,92.18327355384827
43,1,1.2465637922286987,2.5369935035705566,8.824602127075195,9.182044982910156,3.478369951248169,0.07634135335683823,0.04538312181830406,86.9592514038086,1.1864349842071533,4.402108669281006,3.3705296516418457,8.787307739257812,92.20181608200073
44,1,1.2318004369735718,2.563194751739502,8.785079956054688,9.151371002197266,3.4273946285247803,0.07844962924718857,0.045851822942495346,85.68486785888672,1.1876572370529175,4.417842864990234,3.3872570991516113,8.789318084716797,92.22036409378052
45,1,1.2172188758850098,2.5891313552856445,8.74551773071289,9.120728492736816,3.3777806758880615,0.08058405667543411,0.046315789222717285,84.44451904296875,1.1888874769210815,4.4333391189575195,3.404214859008789,8.7911958694458,92.2388973236084
46,1,1.2028168439865112,2.6147994995117188,8.705928802490234,9.090124130249023,3.329482316970825,0.08274412155151367,0.046774957329034805,83.237060546875,1.1901253461837769,4.448598384857178,3.4214026927948,8.792945861816406,92.25742721557617
47,1,1.1885919570922852,2.640195608139038,8.666326522827148,9.059572219848633,3.282456159591675,0.08492916077375412,0.047229256480932236,82.0614013671875,1.1913703680038452,4.463622093200684,3.4388227462768555,8.794568061828613,92.2759644985199
48,1,1.17454195022583,2.6653170585632324,8.626725196838379,9.029081344604492,3.2366600036621094,0.08713861554861069,0.047678641974925995,80.91650390625,1.192622423171997,4.478414058685303,3.4564766883850098,8.796067237854004,92.29443621635437
49,1,1.1606647968292236,2.69016170501709,8.587142944335938,8.998665809631348,3.192054510116577,0.08937180787324905,0.0481230765581131,79.80136108398438,1.1938812732696533,4.492976188659668,3.474365472793579,8.797444343566895,92.31297063827515
50,1,1.1469579935073853,2.714726448059082,8.547588348388672,8.968334197998047,3.1486003398895264,0.09162808209657669,0.04856250435113907,78.71501159667969,1.1951465606689453,4.507311820983887,3.492489814758301,8.798704147338867,92.33152294158936
51,1,1.1334197521209717,2.7390096187591553,8.508078575134277,8.938096046447754,3.1062610149383545,0.09390680491924286,0.04899689555168152,77.65652465820312,1.196418285369873,4.521424770355225,3.5108516216278076,8.799846649169922,94.71027517318726
52,1,1.120047688484192,2.763009786605835,8.468626022338867,8.907965660095215,3.065000295639038,0.09620724618434906,0.04942622408270836,76.62500762939453,1.1976959705352783,4.53532075881958,3.5294511318206787,8.800875663757324,94.728848695755
53,1,1.1068400144577026,2.7867259979248047,8.42924690246582,8.87795352935791,3.024785041809082,0.09852871298789978,0.0498504713177681,75.61962890625,1.1989797353744507,4.549005031585693,3.5482897758483887,8.80179214477539,94.74737620353699
54,1,1.0937944650650024,2.8101563453674316,8.389949798583984,8.848064422607422,2.985581159591675,0.10087055712938309,0.050269607454538345,74.6395263671875,1.200269103050232,4.562481880187988,3.567368507385254,8.802599906921387,94.76592087745667
55,1,1.0809088945388794,2.833301305770874,8.350750923156738,8.818312644958496,2.947357177734375,0.10323205590248108,0.0506836362183094,73.68392944335938,1.2015641927719116,4.575759410858154,3.5866878032684326,8.803299903869629,94.78444337844849
56,1,1.0681812763214111,2.8561604022979736,8.311660766601562,8.78870677947998,2.9100818634033203,0.10561247915029526,0.05109255015850067,72.75204467773438,1.2028647661209106,4.588843822479248,3.6062493324279785,8.80389404296875,94.80300951004028
57,1,1.0556095838546753,2.8787338733673096,8.272693634033203,8.759255409240723,2.8737263679504395,0.1080111637711525,0.05149635672569275,71.8431625366211,1.204170823097229,4.601742267608643,3.626053810119629,8.804386138916016,94.82152390480042
58,1,1.0431914329528809,2.9010226726531982,8.233859062194824,8.729969024658203,2.8382608890533447,0.11042740195989609,0.05189507082104683,70.9565200805664,1.2054821252822876,4.614462852478027,3.646101951599121,8.804776191711426,94.840012550354
59,1,1.0309247970581055,2.923027992248535,8.195169448852539,8.70085620880127,2.8036575317382812,0.11286050081253052,0.0522887147963047,70.09143829345703,1.2067986726760864,4.627015590667725,3.666396379470825,8.80506706237793,94.85853981971741
60,1,1.0188076496124268,2.9447498321533203,8.156633377075195,8.671921730041504,2.769890069961548,0.11530977487564087,0.05267728865146637,69.24725341796875,1.208120346069336,4.639407157897949,3.686936855316162,8.805259704589844,94.87703561782837
61,1,1.006837248802185,2.9661927223205566,8.118265151977539,8.643178939819336,2.736931085586548,0.1177746132016182,0.0530608706176281,68.42327880859375,1.2094473838806152,4.661097526550293,3.7077250480651855,8.805357933044434,97.25651383399963
62,1,0.9950119256973267,2.987356662750244,8.080072402954102,8.614630699157715,2.704756498336792,0.12025436758995056,0.053439460694789886,67.61891174316406,1.2107795476913452,4.6906890869140625,3.7287638187408447,8.8053617477417,97.275057554245
63,1,0.9833289384841919,3.0082454681396484,8.042065620422363,8.586288452148438,2.6733407974243164,0.12274832278490067,0.053813133388757706,66.8335189819336,1.2121169567108154,4.719979763031006,3.7500531673431396,8.805273056030273,97.29358172416687
64,1,0.9717859625816345,3.0288619995117188,8.004252433776855,8.558156967163086,2.642659902572632,0.12525597214698792,0.05418192967772484,66.06649780273438,1.2134597301483154,4.748968124389648,3.771597385406494,8.805094718933105,97.31209111213684
65,1,0.9603807926177979,3.049208641052246,7.966640472412109,8.530242919921875,2.6126911640167236,0.127776637673378,0.05454590171575546,65.31727600097656,1.2148077487945557,4.777651786804199,3.7933969497680664,8.804825782775879,97.3306314945221
66,1,0.9491108059883118,3.0692903995513916,7.929239749908447,8.502552032470703,2.583411455154419,0.13030989468097687,0.054905135184526443,64.58528900146484,1.2161611318588257,4.806032180786133,3.815455913543701,8.804471015930176,97.34915590286255
67,1,0.9379733800888062,3.089111328125,7.892057418823242,8.475091934204102,2.5547986030578613,0.1328551173210144,0.05525970458984375,63.869964599609375,1.2175201177597046,4.834111213684082,3.8377764225006104,8.80402946472168,97.36764144897461
68,1,0.9269660711288452,3.108675718307495,7.855099678039551,8.447866439819336,2.5268313884735107,0.13541188836097717,0.05560968443751335,63.17078399658203,1.2188849449157715,4.8618903160095215,3.8603627681732178,8.803504943847656,97.38618278503418
69,1,0.9160864353179932,3.127987861633301,7.8183722496032715,8.420881271362305,2.4994893074035645,0.137979656457901,0.05595514923334122,62.48723220825195,1.2202553749084473,4.889373779296875,3.883219003677368,8.802895545959473,97.40465593338013
70,1,0.9053314328193665,3.147054433822632,7.781883239746094,8.394144058227539,2.4727513790130615,0.14055803418159485,0.056296221911907196,61.818782806396484,1.2216320037841797,4.916566371917725,3.906348943710327,8.802206039428711,97.42316174507141
71,1,0.8946986198425293,3.165879249572754,7.745635032653809,8.367655754089355,2.4465982913970947,0.14314661920070648,0.05663296952843666,61.16495895385742,1.2230147123336792,4.943471908569336,3.929758310317993,8.801434516906738,99.79208254814148
72,1,0.8841850161552429,3.1844687461853027,7.709632396697998,8.34142017364502,2.4210104942321777,0.14574511349201202,0.05696551129221916,60.52526092529297,1.2244038581848145,4.970098495483398,3.953451633453369,8.800585746765137,99.81062865257263
73,1,0.8737879991531372,3.202829360961914,7.673882007598877,8.315442085266113,2.3959696292877197,0.1483532041311264,0.057293955236673355,59.89924240112305,1.225799560546875,4.996454238891602,3.9774351119995117,8.799657821655273,99.82914972305298
74,1,0.8635045886039734,3.2209668159484863,7.6383843421936035,8.289725303649902,2.371457099914551,0.15097054839134216,0.0576184056699276,59.28642654418945,1.22720205783844,5.022546768188477,4.001716613769531,8.798653602600098,99.84767556190491
75,1,0.8533316850662231,3.2388882637023926,7.603143692016602,8.26427173614502,2.347454786300659,0.15359701216220856,0.05793899670243263,58.686370849609375,1.228611707687378,5.048386573791504,4.026301860809326,8.79757308959961,99.86617136001587
76,1,0.8432663679122925,3.256601095199585,7.568163871765137,8.239087104797363,2.3239455223083496,0.1562323421239853,0.05825585126876831,58.098636627197266,1.2300289869308472,5.0739850997924805,4.051199913024902,8.796420097351074,99.88469982147217
77,1,0.8333059549331665,3.274111032485962,7.533444404602051,8.2141695022583,2.300912857055664,0.158876433968544,0.058569081127643585,57.52281951904297,1.2314536571502686,5.0993547439575195,4.076418876647949,8.795191764831543,99.9032211303711
78,1,0.823447048664093,3.291426420211792,7.498988151550293,8.18952465057373,2.2783398628234863,0.16152915358543396,0.0588788278400898,56.95849609375,1.2328864336013794,5.124507427215576,4.101967811584473,8.793891906738281,99.9217221736908
79,1,0.8136866688728333,3.3085546493530273,7.46479606628418,8.165152549743652,2.2562105655670166,0.16419050097465515,0.059185225516557693,56.40526580810547,1.2343274354934692,5.149458408355713,4.127856254577637,8.792519569396973,99.94025802612305
80,1,0.8040217161178589,3.325502872467041,7.430867671966553,8.1410551071167,2.2345094680786133,0.16686038672924042,0.05948840454220772,55.862735748291016,1.2357769012451172,5.174222946166992,4.15409517288208,8.79107666015625,99.95877408981323
81,1,0.7944491505622864,3.3422787189483643,7.397202968597412,8.117231369018555,2.213221549987793,0.1695389449596405,0.059788499027490616,55.33053970336914,1.237235426902771,5.198816299438477,4.180696964263916,8.78956413269043,102.33912444114685
82,1,0.7849655151367188,3.3588919639587402,7.363803863525391,8.0936861038208,2.192331314086914,0.17222626507282257,0.060085687786340714,54.80828094482422,1.2387032508850098,5.223258018493652,4.20767068862915,8.787982940673828,102.35768508911133
83,1,0.7755677103996277,3.3753485679626465,7.330665588378906,8.070417404174805,2.1718246936798096,0.17492233216762543,0.06038007140159607,54.295616149902344,1.2401807308197021,5.247563362121582,4.2350311279296875,8.786332130432129,102.3762366771698
84,1,0.7662524580955505,3.391658306121826,7.297789096832275,8.0474271774292,2.1516876220703125,0.17762744426727295,0.06067182868719101,53.79219055175781,1.2416681051254272,5.271754264831543,4.263335704803467,8.784614562988281,102.39474558830261
85,1,0.7570167779922485,3.4078288078308105,7.265172958374023,8.024713516235352,2.131906747817993,0.18034183979034424,0.06096109747886658,53.29766845703125,1.2431659698486328,5.295849323272705,4.292399883270264,8.782830238342285,102.41328525543213
86,1,0.7478571534156799,3.423868179321289,7.232813358306885,8.002278327941895,2.1124684810638428,0.18306560814380646,0.061248015612363815,52.811710357666016,1.2446743249893188,5.319869518280029,4.321914196014404,8.780978202819824,102.43179106712341
87,1,0.7387704253196716,3.439785957336426,7.200709819793701,7.980122089385986,2.09335994720459,0.18579916656017303,0.06153276190161705,52.33399963378906,1.2461941242218018,5.343838214874268,4.351895332336426,8.779061317443848,102.45030808448792
88,1,0.7297531962394714,3.455590009689331,7.168858528137207,7.958243370056152,2.074568510055542,0.18854281306266785,0.061815474182367325,51.86421203613281,1.247725486755371,5.367776870727539,4.382358074188232,8.777078628540039,102.46882557868958
89,1,0.720802366733551,3.471290111541748,7.1372575759887695,7.936642646789551,2.056082248687744,0.1912970095872879,0.06209632754325867,51.40205764770508,1.2492687702178955,5.391708850860596,4.413318157196045,8.775031089782715,102.48733234405518
90,1,0.711914598941803,3.4868929386138916,7.105901718139648,7.915318012237549,2.037889242172241,0.1940619945526123,0.06237543746829033,50.94723129272461,1.2508244514465332,5.415657997131348,4.444793701171875,8.772918701171875,102.5058183670044
91,1,0.7030866742134094,3.502408266067505,7.074787616729736,7.894268989562988,2.0199780464172363,0.19683833420276642,0.06265298277139664,50.49945068359375,1.2523928880691528,5.4396491050720215,4.476800918579102,8.77074146270752,104.88600969314575
92,1,0.6943152546882629,3.517845630645752,7.043913841247559,7.873497486114502,2.0023374557495117,0.19962649047374725,0.06292913854122162,50.05843734741211,1.2539747953414917,5.463707447052002,4.50935697555542,8.768501281738281,104.90457344055176
93,1,0.6855970621109009,3.533212184906006,7.013272762298584,7.85299825668335,1.9849566221237183,0.2024269998073578,0.06320402026176453,49.62391662597656,1.2555702924728394,5.487856864929199,4.542479515075684,8.766196250915527,104.92311429977417
94,1,0.6769288778305054,3.548518657684326,6.982863903045654,7.832775592803955,1.9678250551223755,0.2052403837442398,0.06347782909870148,49.19562530517578,1.257180094718933,5.512124061584473,4.576186180114746,8.763827323913574,104.9416491985321
95,1,0.6683076024055481,3.5637712478637695,6.952678203582764,7.8128228187561035,1.9509327411651611,0.20806722342967987,0.06375067681074142,48.773319244384766,1.2588043212890625,5.536531448364258,4.6104960441589355,8.761395454406738,104.9601879119873
96,1,0.659730076789856,3.5789809226989746,6.92271614074707,7.793144702911377,1.9342701435089111,0.21090811491012573,0.06402275711297989,48.356754302978516,1.2604438066482544,5.561106204986572,4.645427227020264,8.758898735046387,104.9787118434906
97,1,0.6511929035186768,3.594155788421631,6.892970085144043,7.773736953735352,1.9178272485733032,0.2137637734413147,0.06429421156644821,47.945682525634766,1.2620989084243774,5.585872173309326,4.680996894836426,8.756340980529785,104.99722504615784
98,1,0.642693042755127,3.609304904937744,6.863436698913574,7.75460147857666,1.901595115661621,0.21663478016853333,0.06456521153450012,47.539878845214844,1.263770341873169,5.61085319519043,4.717225551605225,8.753717422485352,105.01574230194092
99,1,0.6342275142669678,3.6244356632232666,6.834109306335449,7.735733985900879,1.8855650424957275,0.21952183544635773,0.06483587622642517,47.13912582397461,1.265458106994629,5.636071681976318,4.754129886627197,8.751030921936035,105.0342538356781
100,1,0.6257930994033813,3.639557361602783,6.804983139038086,7.717134952545166,1.8697282075881958,0.2224256843328476,0.06510638445615768,46.74320602416992,1.2671630382537842,5.6615495681762695,4.791728973388672,8.748279571533203,105.05275011062622
101,1,0.6173867583274841,3.654679536819458,6.776055335998535,7.698805809020996,1.8540765047073364,0.22534705698490143,0.0653768926858902,46.35191345214844,1.2688857316970825,5.68731164932251,4.83004093170166,8.745464324951172,107.41448020935059
102,1,0.6090053915977478,3.6698110103607178,6.747321128845215,7.680745601654053,1.83860182762146,0.2282867133617401,0.06564757972955704,45.96504592895508,1.2706267833709717,5.713376045227051,4.869084358215332,8.742586135864258,107.43304324150085
103,1,0.6006461977958679,3.6849582195281982,6.718771934509277,7.6629509925842285,1.8232966661453247,0.23124536871910095,0.06591853499412537,45.58241653442383,1.2723864316940308,5.739762306213379,4.908877372741699,8.739642143249512,107.45166420936584
104,1,0.5923063158988953,3.700132131576538,6.690407752990723,7.645425319671631,1.808153748512268,0.234223872423172,0.0661899745464325,45.20384216308594,1.2741656303405762,5.766490459442139,4.949437141418457,8.73663330078125,107.47023940086365
105,1,0.583982527256012,3.7153406143188477,6.6622209548950195,7.628167629241943,1.7931655645370483,0.23722299933433533,0.06646203249692917,44.829139709472656,1.2759647369384766,5.793577671051025,4.990781784057617,8.733558654785156,107.48878574371338
106,1,0.5756722688674927,3.730590581893921,6.634204864501953,7.611174583435059,1.7783256769180298,0.240243598818779,0.06673483550548553,44.4581413269043,1.2777842283248901,5.821039199829102,5.032928943634033,8.73041820526123,107.5073413848877
107,1,0.5673724412918091,3.745893716812134,6.606359004974365,7.594451904296875,1.7636269330978394,0.24328650534152985,0.06700858473777771,44.09067153930664,1.2796251773834229,5.848891735076904,5.075894832611084,8.727211952209473,107.52587985992432
108,1,0.5590807199478149,3.7612557411193848,6.578676223754883,7.577996253967285,1.7490638494491577,0.24635250866413116,0.06728339195251465,43.72659683227539,1.2814877033233643,5.877147674560547,5.119698524475098,8.72393798828125,107.54442548751831
109,1,0.5507937073707581,3.7766873836517334,6.55115270614624,7.56181001663208,1.7346292734146118,0.24944256246089935,0.06755943596363068,43.36573028564453,1.2833728790283203,5.905821800231934,5.164353847503662,8.720597267150879,107.56298899650574
110,1,0.5425095558166504,3.7921955585479736,6.523784637451172,7.545893669128418,1.7203186750411987,0.2525573968887329,0.06783685833215714,43.007965087890625,1.2852810621261597,5.934926509857178,5.209879398345947,8.717187881469727,107.5815737247467
111,1,0.5342251062393188,3.8077890872955322,6.496566295623779,7.530248165130615,1.7061256170272827,0.25569793581962585,0.06811580061912537,42.653141021728516,1.2872132062911987,5.964471340179443,5.256290912628174,8.71371078491211,109.9542944431305
112,1,0.5259378552436829,3.823476791381836,6.469494819641113,7.514874458312988,1.692044973373413,0.2588650584220886,0.0683964341878891,42.301124572753906,1.2891697883605957,5.994468688964844,5.30360221862793,8.710162162780762,109.97288918495178
113,1,0.5176452994346619,3.8392672538757324,6.442565441131592,7.499774932861328,1.6780716180801392,0.26205968856811523,0.06867890059947968,41.95178985595703,1.2911516427993774,6.024926662445068,5.35183048248291,8.706544876098633,109.99146223068237
114,1,0.5093449950218201,3.855168581008911,6.415774345397949,7.484950542449951,1.664200782775879,0.26528269052505493,0.06896335631608963,41.605018615722656,1.2931596040725708,6.055854797363281,5.400990009307861,8.702856063842773,110.01004266738892
115,1,0.5010344982147217,3.8711891174316406,6.38911771774292,7.47040319442749,1.6504276990890503,0.2685348689556122,0.06924993544816971,41.26069259643555,1.295194149017334,6.08726167678833,5.4510955810546875,8.699094772338867,110.02858448028564
116,1,0.4927111864089966,3.887338161468506,6.362591743469238,7.456136703491211,1.6367477178573608,0.2718171775341034,0.06953881680965424,40.91869354248047,1.297256350517273,6.119154930114746,5.502159595489502,8.695262908935547,110.04713010787964
117,1,0.4843730330467224,3.903623580932617,6.336194038391113,7.44215202331543,1.623157024383545,0.2751305401325226,0.06983014196157455,40.57892608642578,1.2993468046188354,6.151543140411377,5.554198265075684,8.691354751586914,110.0656886100769
118,1,0.47601744532585144,3.9200546741485596,6.309920310974121,7.42845344543457,1.6096510887145996,0.2784757912158966,0.0701240673661232,40.241275787353516,1.3014665842056274,6.184433460235596,5.607224464416504,8.687373161315918,110.08420419692993
119,1,0.4676423668861389,3.9366395473480225,6.283768177032471,7.415043830871582,1.596226453781128,0.2818537652492523,0.0704207494854927,39.905662536621094,1.3036165237426758,6.217831611633301,5.661249160766602,8.683316230773926,110.10277199745178
120,1,0.45924562215805054,3.953385829925537,6.25773286819458,7.401924133300781,1.5828794240951538,0.28526541590690613,0.07072031497955322,39.57198715209961,1.3057972192764282,6.251746654510498,5.716287612915039,8.679183006286621,110.12134575843811
121,1,0.4508246183395386,3.970303535461426,6.231812000274658,7.389099597930908,1.5696059465408325,0.28871169686317444,0.07102295011281967,39.240150451660156,1.3080096244812012,6.2861857414245605,5.7723493576049805,8.674972534179688,112.52069091796875
122,1,0.44237765669822693,3.987401247024536,6.206004619598389,7.376574993133545,1.556403398513794,0.29219335317611694,0.07132880389690399,38.91008377075195,1.3102549314498901,6.321156024932861,5.829446792602539,8.670682907104492,112.53925561904907
123,1,0.433902382850647,4.004685878753662,6.180304527282715,7.364351272583008,1.5432682037353516,0.29571130871772766,0.07163800299167633,38.581703186035156,1.3125338554382324,6.3566670417785645,5.887591361999512,8.666313171386719,112.55781865119934
124,1,0.42539674043655396,4.0221686363220215,6.154711723327637,7.35243558883667,1.5301973819732666,0.299266517162323,0.07195074111223221,38.25493621826172,1.3148473501205444,6.392725944519043,5.946793079376221,8.661863327026367,112.57638478279114
125,1,0.41685882210731506,4.039856433868408,6.129222869873047,7.340831279754639,1.517188310623169,0.3028596341609955,0.07226715236902237,37.92970657348633,1.3171964883804321,6.429342746734619,6.007063388824463,8.657331466674805,112.59498333930969
126,1,0.40828654170036316,4.05775785446167,6.10383415222168,7.32954216003418,1.5042381286621094,0.30649158358573914,0.07258737832307816,37.605953216552734,1.3195821046829224,6.466526031494141,6.0684099197387695,8.652715682983398,112.61350107192993
127,1,0.399678111076355,4.075883388519287,6.078546524047852,7.318575859069824,1.4913445711135864,0.3101632595062256,0.07291162014007568,37.28361511230469,1.3220056295394897,6.504286289215088,6.130843639373779,8.648015975952148,112.63205361366272
128,1,0.39103153347969055,4.094239234924316,6.053353786468506,7.3079328536987305,1.4785051345825195,0.3138754367828369,0.07323998212814331,36.96262741088867,1.3244675397872925,6.542635440826416,6.196970462799072,8.643229484558105,112.6506097316742
129,1,0.3823449909687042,4.112835884094238,6.028256416320801,7.2976226806640625,1.4657176733016968,0.3176288306713104,0.07357264310121536,36.642940521240234,1.3269693851470947,6.5815839767456055,6.264738082885742,8.638357162475586,112.66913056373596
130,1,0.3736165761947632,4.131682395935059,6.003251552581787,7.287649154663086,1.4529799222946167,0.3214244842529297,0.07390978187322617,36.32449722290039,1.3295120000839233,6.621142864227295,6.3337273597717285,8.63339614868164,112.68771266937256
131,1,0.3648447096347809,4.15078592300415,5.978336811065674,7.278017044067383,1.4402903318405151,0.3252628743648529,0.07425151765346527,36.007259368896484,1.3320964574813843,6.661324501037598,6.403948783874512,8.62834644317627,115.06406760215759
132,1,0.35602763295173645,4.170156478881836,5.9535112380981445,7.268734455108643,1.4276469945907593,0.3291448950767517,0.074598029255867,35.6911735534668,1.3347240686416626,6.702141761779785,6.475409507751465,8.62320327758789,115.08266568183899
133,1,0.34716352820396423,4.1898016929626465,5.928771018981934,7.259804725646973,1.4150481224060059,0.33307117223739624,0.07494945079088211,35.37620162963867,1.3373957872390747,6.74360466003418,6.548116683959961,8.617968559265137,115.10126996040344
134,1,0.3382510244846344,4.209731101989746,5.904116153717041,7.2512359619140625,1.4024925231933594,0.3370424807071686,0.07530596107244492,35.062313079833984,1.3401129245758057,6.785727024078369,6.622076988220215,8.612640380859375,115.11985635757446
135,1,0.3292884826660156,4.229952335357666,5.879543781280518,7.243032932281494,1.3899787664413452,0.3410593867301941,0.07566768676042557,34.74946975708008,1.3428764343261719,6.828519821166992,6.6974101066589355,8.607216835021973,115.13840675354004
136,1,0.32027411460876465,4.250474452972412,5.855051040649414,7.235202789306641,1.3775053024291992,0.3451225757598877,0.0760347992181778,34.4376335144043,1.3456876277923584,6.871993541717529,6.774062156677246,8.601696014404297,115.15695452690125
137,1,0.3112069368362427,4.271306037902832,5.830638885498047,7.227752685546875,1.3650716543197632,0.34923261404037476,0.07640744745731354,34.126792907714844,1.3485476970672607,6.916159152984619,6.852025508880615,8.596076965332031,115.17552876472473
138,1,0.3020853102207184,4.292454719543457,5.806303024291992,7.220686912536621,1.3526766300201416,0.353390097618103,0.07678576558828354,33.816917419433594,1.3514578342437744,6.961024284362793,6.931301116943359,8.590357780456543,115.1940565109253
139,1,0.2929077446460724,4.313930034637451,5.782042980194092,7.214015007019043,1.3403191566467285,0.3575955629348755,0.07716992497444153,33.50798034667969,1.3544191122055054,7.00659704208374,7.011890888214111,8.5845365524292,115.21261548995972
140,1,0.2836731970310211,4.335738182067871,5.757855415344238,7.207740783691406,1.3279988765716553,0.3618493378162384,0.07756004482507706,33.19997024536133,1.3574327230453491,7.052882194519043,7.0937933921813965,8.57861328125,115.23117709159851
141,1,0.27438047528266907,4.357889175415039,5.733741283416748,7.201873779296875,1.3157153129577637,0.36615195870399475,0.07795629650354385,32.89288330078125,1.3605002164840698,7.099884986877441,7.177006721496582,8.57258415222168,117.6230697631836
142,1,0.2650284767150879,4.380390167236328,5.709698677062988,7.196421146392822,1.303468108177185,0.37050360441207886,0.07835879921913147,32.58670425415039,1.3636225461959839,7.147606372833252,7.261524200439453,8.566450119018555,117.64163255691528
143,1,0.25561609864234924,4.403246879577637,5.685722827911377,7.191385746002197,1.2912569046020508,0.37490469217300415,0.07876767963171005,32.28142166137695,1.3668007850646973,7.196045398712158,7.347339153289795,8.560208320617676,117.66022682189941
144,1,0.24614211916923523,4.426470756530762,5.661816120147705,7.186779975891113,1.2790813446044922,0.3793555796146393,0.07918311655521393,31.977033615112305,1.3700364828109741,7.2451982498168945,7.4344401359558105,8.55385684967041,117.67880940437317
145,1,0.2366059571504593,4.4500651359558105,5.637973308563232,7.182605266571045,1.266941785812378,0.3838563561439514,0.07960518449544907,31.67354393005371,1.3733304738998413,7.295060157775879,7.5228166580200195,8.547394752502441,117.6973774433136
146,1,0.22700685262680054,4.474039077758789,5.614196300506592,7.178873062133789,1.254838466644287,0.3884069621562958,0.0800340473651886,31.370962142944336,1.3766841888427734,7.345623016357422,7.612452030181885,8.540820121765137,117.71594262123108
147,1,0.2173437774181366,4.49839973449707,5.590481758117676,7.1755900382995605,1.2427712678909302,0.3930074870586395,0.08046982437372208,31.06928253173828,1.3800989389419556,7.396874904632568,7.703330993652344,8.53413200378418,117.734539270401
148,1,0.20761635899543762,4.5231523513793945,5.566828727722168,7.172760009765625,1.2307409048080444,0.397658109664917,0.08091261237859726,30.768522262573242,1.383575439453125,7.4488019943237305,7.7954325675964355,8.527327537536621,117.75308632850647
149,1,0.19782398641109467,4.548303604125977,5.5432353019714355,7.170392036437988,1.218747854232788,0.40235841274261475,0.0813625305891037,30.46869659423828,1.3871153593063354,7.501388072967529,7.888735294342041,8.520405769348145,117.7716908454895
150,1,0.18796609342098236,4.573861122131348,5.519701957702637,7.16849422454834,1.2067925930023193,0.4071083962917328,0.08181971311569214,30.169815063476562,1.3907195329666138,7.554615497589111,7.983212947845459,8.51336669921875,117.79026579856873
151,1,0.17804257571697235,4.599827766418457,5.496224880218506,7.1670708656311035,1.1948761940002441,0.41190752387046814,0.08228421956300735,29.871904373168945,1.3943891525268555,7.608462333679199,8.081050872802734,8.506206512451172,120.1667251586914
152,1,0.16805295646190643,4.626211643218994,5.472805023193359,7.166130542755127,1.1829992532730103,0.41675570607185364,0.08275619149208069,29.574981689453125,1.398125410079956,7.662907600402832,8.183530807495117,8.49892520904541,120.1853256225586
153,1,0.15799733996391296,4.653014659881592,5.44943904876709,7.165677547454834,1.1711630821228027,0.4216521382331848,0.08323565870523453,29.279077529907227,1.4019290208816528,7.7179274559021,8.287178993225098,8.491520881652832,120.20388269424438
154,1,0.14787547290325165,4.6802449226379395,5.426128387451172,7.165721416473389,1.1593685150146484,0.4265964925289154,0.08372277021408081,28.98421287536621,1.40580153465271,7.773499011993408,8.391959190368652,8.483991622924805,120.22245478630066
155,1,0.13768719136714935,4.707904815673828,5.40286922454834,7.166265964508057,1.1476165056228638,0.4315881133079529,0.08421756327152252,28.690412521362305,1.4097436666488647,7.8295979499816895,8.497827529907227,8.476336479187012,120.24103856086731
156,1,0.12743297219276428,4.73599910736084,5.37966251373291,7.167318820953369,1.1359087228775024,0.4366261661052704,0.08472012728452682,28.39771842956543,1.4137564897537231,7.886200428009033,8.60473918914795,8.468554496765137,120.25957703590393
157,1,0.11711269617080688,4.764529705047607,5.356503963470459,7.168882369995117,1.1242461204528809,0.4417099058628082,0.0852304995059967,28.10615348815918,1.417840838432312,7.943282127380371,8.712646484375,8.460644721984863,120.27814483642578
158,1,0.10672680288553238,4.793502330780029,5.333395481109619,7.170967102050781,1.1126302480697632,0.4468383491039276,0.08574877679347992,27.81575584411621,1.4219977855682373,8.000823974609375,8.821499824523926,8.452604293823242,120.29672336578369
159,1,0.09627565741539001,4.822917461395264,5.310333728790283,7.173574924468994,1.101062536239624,0.4520103335380554,0.08627497404813766,27.52656364440918,1.4262280464172363,8.058802604675293,8.931244850158691,8.44443416595459,120.31525325775146
160,1,0.08575952798128128,4.852777481079102,5.287315845489502,7.176709175109863,1.0895442962646484,0.45722511410713196,0.08680912107229233,27.23860740661621,1.430532455444336,8.11720085144043,9.041824340820312,8.436131477355957,120.33376860618591
161,1,0.0751790776848793,4.883086204528809,5.264343738555908,7.180379390716553,1.0780771970748901,0.4624810814857483,0.08735129982233047,26.951929092407227,1.4349119663238525,8.176002502441406,9.153180122375488,8.427696228027344,122.71709775924683
162,1,0.06453466415405273,4.913841724395752,5.241410732269287,7.184582710266113,1.0666625499725342,0.4677773714065552,0.08790147304534912,26.666563034057617,1.4393666982650757,8.235193252563477,9.26524829864502,8.419127464294434,122.73567605018616
163,1,0.05382700264453888,4.945047855377197,5.2185187339782715,7.189327716827393,1.0553020238876343,0.4731125235557556,0.08845970779657364,26.382551193237305,1.44389808177948,8.294760704040527,9.37796688079834,8.41042423248291,122.75423240661621
164,1,0.0430564358830452,4.97670316696167,5.195662021636963,7.194614410400391,1.043996810913086,0.478485107421875,0.08902597427368164,26.09992027282715,1.4485058784484863,8.354698181152344,9.491266250610352,8.401585578918457,122.77281522750854
165,1,0.032223887741565704,5.00880765914917,5.172839641571045,7.200446128845215,1.0327486991882324,0.48389363288879395,0.08960027992725372,25.81871795654297,1.4531912803649902,8.414998054504395,9.60507869720459,8.392610549926758,122.7913601398468
166,1,0.021329890936613083,5.041360378265381,5.150047302246094,7.206823825836182,1.0215590000152588,0.4893365800380707,0.0901825949549675,25.53897476196289,1.4579542875289917,8.475654602050781,9.71933364868164,8.383499145507812,122.80993223190308
167,1,0.0103753712028265,5.074361324310303,5.127283573150635,7.213749408721924,1.0104293823242188,0.4948125183582306,0.09077293425798416,25.26073455810547,1.4627954959869385,8.53666877746582,9.83395767211914,8.374249458312988,122.82847714424133
168,1,-0.0006392853101715446,5.1078081130981445,5.104543685913086,7.2212233543396,0.9993609189987183,0.5003196597099304,0.09137125313282013,24.98402214050293,1.4677151441574097,8.598038673400879,9.94887638092041,8.364863395690918,122.84705209732056
169,1,-0.011713232845067978,5.141698837280273,5.08182430267334,7.229246616363525,0.9883551001548767,0.5058563351631165,0.09197750687599182,24.708877563476562,1.472713589668274,8.659768104553223,10.06401538848877,8.355338096618652,122.86559128761292
170,1,-0.02284587360918522,5.176030158996582,5.059119701385498,7.237815856933594,0.9774131178855896,0.5114209651947021,0.09259164333343506,24.435327529907227,1.4777905941009521,8.721858024597168,10.179295539855957,8.345674514770508,122.88416266441345
171,1,-0.03403625637292862,5.210798263549805,5.036426544189453,7.2469305992126465,0.9665364623069763,0.5170116424560547,0.09321359544992447,24.16341209411621,1.482946515083313,8.784313201904297,10.294644355773926,8.335872650146484,125.26242637634277
172,1,-0.04528380185365677,5.246000289916992,5.013740062713623,7.256590843200684,0.9557262063026428,0.5226263999938965,0.09384331107139587,23.893156051635742,1.4881813526153564,8.847139358520508,10.409981727600098,8.325932502746582,125.28103876113892
173,1,-0.05658770352602005,5.281632900238037,4.991056442260742,7.266793727874756,0.9449836015701294,0.5282636880874634,0.0944807231426239,23.624589920043945,1.4934951066970825,8.910341262817383,10.52523136138916,8.315853118896484,125.2996129989624
174,1,-0.06794747710227966,5.317690372467041,4.968369007110596,7.2775349617004395,0.9343095421791077,0.5339215993881226,0.09512574225664139,23.357738494873047,1.4988876581192017,8.97392463684082,10.640313148498535,8.305636405944824,125.31816864013672
175,1,-0.07936247438192368,5.35416841506958,4.945672512054443,7.288812637329102,0.9237050414085388,0.5395982265472412,0.09577827900648117,23.092626571655273,1.5043586492538452,9.037897109985352,10.75515079498291,8.295280456542969,125.33675336837769
176,1,-0.09083167463541031,5.391059875488281,4.922961711883545,7.30062198638916,0.9131714105606079,0.5452913045883179,0.0964382141828537,22.82928466796875,1.5099079608917236,9.10226058959961,10.869668006896973,8.284786224365234,125.35534358024597
177,1,-0.10235483199357986,5.428361415863037,4.900231838226318,7.312960147857666,0.9027091860771179,0.5509993433952332,0.0971054807305336,22.567729949951172,1.5155352354049683,9.167021751403809,10.983785629272461,8.274154663085938,125.37389135360718
178,1,-0.1139310896396637,5.466065883636475,4.877476692199707,7.325821399688721,0.8923194408416748,0.5567203164100647,0.09777995944023132,22.307985305786133,1.521240234375,9.232187271118164,11.097432136535645,8.263385772705078,125.39246106147766
179,1,-0.12556014955043793,5.504166126251221,4.854689598083496,7.339200019836426,0.8820027112960815,0.5624521970748901,0.09846151620149612,22.050067901611328,1.5270222425460815,9.297755241394043,11.210527420043945,8.252481460571289,125.41104245185852
180,1,-0.13724124431610107,5.542654991149902,4.831864356994629,7.353090763092041,0.8717598915100098,0.5681929588317871,0.09915003180503845,21.793996810913086,1.5328809022903442,9.363728523254395,11.322999000549316,8.241440773010254,125.42961573600769
181,1,-0.14897379279136658,5.58152961730957,4.808999538421631,7.36749267578125,0.8615916967391968,0.5739406943321228,0.09984543919563293,21.539793014526367,1.5388160943984985,9.430109977722168,11.434771537780762,8.230264663696289,127.77401447296143
182,1,-0.1607571393251419,5.620777606964111,4.786085605621338,7.382394790649414,0.8514988422393799,0.5796933174133301,0.10054752975702286,21.287471771240234,1.5448267459869385,9.496895790100098,11.545777320861816,8.218955039978027,127.79261755943298
183,1,-0.1725911647081375,5.660394668579102,4.763117790222168,7.397793769836426,0.8414815664291382,0.5854489207267761,0.10125622153282166,21.037038803100586,1.5509124994277954,9.564080238342285,11.655940055847168,8.207511901855469,127.81116390228271
184,1,-0.18447503447532654,5.70037317276001,4.7400922775268555,7.413685321807861,0.8315407037734985,0.5912052392959595,0.10197138041257858,20.788516998291016,1.5570729970932007,9.631659507751465,11.769969940185547,8.19593620300293,127.82973217964172
185,1,-0.19640830159187317,5.740705490112305,4.71700382232666,7.430062770843506,0.8216766715049744,0.5969604849815369,0.1026928648352623,20.541915893554688,1.5633074045181274,9.699625015258789,11.883981704711914,8.18423080444336,127.84829568862915
186,1,-0.20839054882526398,5.781383514404297,4.693846702575684,7.446918487548828,0.8118898868560791,0.6027127504348755,0.10342053323984146,20.2972469329834,1.5696148872375488,9.767965316772461,11.9969482421875,8.172393798828125,127.86684155464172
187,1,-0.22042152285575867,5.822399139404297,4.6706156730651855,7.4642462730407715,0.8021805882453918,0.608460009098053,0.10415424406528473,20.054513931274414,1.575994610786438,9.836662292480469,12.10879898071289,8.160430908203125,127.88539123535156
188,1,-0.2325003296136856,5.863746643066406,4.647309303283691,7.482045650482178,0.7925494909286499,0.6141998767852783,0.10489389300346375,19.813737869262695,1.582446575164795,9.905708312988281,12.219474792480469,8.14833927154541,127.90393447875977
189,1,-0.24462686479091644,5.905416965484619,4.623921871185303,7.500307083129883,0.782996654510498,0.6199305653572083,0.10563930869102478,19.57491683959961,1.5889694690704346,9.975078582763672,12.328906059265137,8.136124610900879,127.9225025177002
190,1,-0.2568003833293915,5.947402000427246,4.600450038909912,7.51902437210083,0.7735226154327393,0.6256502270698547,0.10639036446809769,19.33806610107422,1.5955626964569092,10.044751167297363,12.437030792236328,8.123785018920898,127.94108319282532
191,1,-0.26902055740356445,5.989695072174072,4.57689094543457,7.53819465637207,0.7641275525093079,0.6313565969467163,0.10714692622423172,19.10318946838379,1.602225422859192,10.114706993103027,12.54378604888916,8.111324310302734,130.3090307712555
192,1,-0.2812870442867279,6.032288074493408,4.55324125289917,7.5578107833862305,0.7548116445541382,0.6370479464530945,0.10790885239839554,18.870290756225586,1.6089569330215454,10.184916496276855,12.649115562438965,8.098743438720703,130.32762670516968
193,1,-0.2935992181301117,6.07517147064209,4.5294976234436035,7.577866077423096,0.7455752491950989,0.6427220702171326,0.10867597162723541,18.639381408691406,1.6157562732696533,10.255352973937988,12.75296688079834,8.086044311523438,130.34621000289917
194,1,-0.30595657229423523,6.118342399597168,4.5056610107421875,7.598361492156982,0.736418604850769,0.6483770608901978,0.10944823920726776,18.410465240478516,1.6226232051849365,10.3259916305542,12.855280876159668,8.073229789733887,130.36475777626038
195,1,-0.31835857033729553,6.161787033081055,4.481726169586182,7.619284152984619,0.7273419499397278,0.6540110111236572,0.11022540181875229,18.183547973632812,1.6295558214187622,10.39680004119873,12.956010818481445,8.060300827026367,130.38331985473633
196,1,-0.33080458641052246,6.205502510070801,4.457695007324219,7.640635013580322,0.7183455228805542,0.6596218347549438,0.11100740730762482,17.958637237548828,1.63655424118042,10.467752456665039,13.055106163024902,8.047261238098145,130.40189409255981
197,1,-0.34329408407211304,6.249478816986084,4.433565139770508,7.662407875061035,0.7094295620918274,0.6652073860168457,0.11179407685995102,17.73573875427246,1.6436171531677246,10.53882122039795,13.1525239944458,8.034111976623535,130.42045068740845
198,1,-0.35582637786865234,6.293707847595215,4.409335613250732,7.684594631195068,0.7005942463874817,0.6707663536071777,0.11258526891469955,17.514856338500977,1.6507437229156494,10.609977722167969,13.24821949005127,8.020854949951172,130.43901896476746
199,1,-0.36840084195137024,6.3381829261779785,4.385007381439209,7.707194805145264,0.6918398141860962,0.676296055316925,0.11338086426258087,17.295995712280273,1.6579331159591675,10.69345760345459,13.345107078552246,8.007493019104004,130.45758628845215
200,1,-0.38101649284362793,6.382894515991211,4.3605804443359375,7.730201244354248,0.6831666231155396,0.6817948222160339,0.11418069154024124,17.079166412353516,1.6651842594146729,10.776846885681152,13.448746681213379,7.994029521942139,130.4761471748352
201,1,-0.39367300271987915,6.427835941314697,4.336054801940918,7.753608226776123,0.674574613571167,0.6872612833976746,0.11498462408781052,16.864364624023438,1.6724961996078491,10.85955810546875,13.55130386352539,7.980465888977051,132.84876251220703
202,1,-0.4063691198825836,6.472999095916748,4.3114333152771,7.777414798736572,0.6660642623901367,0.6926925778388977,0.11579252779483795,16.651607513427734,1.6798683404922485,10.941557884216309,13.652750015258789,7.966805458068848,132.86735820770264
203,1,-0.41910406947135925,6.518374443054199,4.286715984344482,7.801611423492432,0.6576357483863831,0.6980876922607422,0.11660423129796982,16.440893173217773,1.6872992515563965,11.02281379699707,13.753042221069336,7.953049182891846,132.8859601020813
204,1,-0.431877076625824,6.5639543533325195,4.261904716491699,7.826195240020752,0.6492891907691956,0.7034443020820618,0.11741958558559418,16.232229232788086,1.6947880983352661,11.103301048278809,13.852149963378906,7.939200401306152,132.90451741218567
205,1,-0.4446867108345032,6.609728813171387,4.237001895904541,7.85115909576416,0.6410250663757324,0.7087608575820923,0.1182384267449379,16.02562713623047,1.702333688735962,11.182995796203613,13.950032234191895,7.925261974334717,132.92307567596436
206,1,-0.4575323164463043,6.655693054199219,4.212011337280273,7.876502513885498,0.6328433752059937,0.7140353918075562,0.11906065791845322,15.821084022521973,1.7099356651306152,11.26188850402832,14.04665470123291,7.911235809326172,132.9416139125824
207,1,-0.4704124629497528,6.701834201812744,4.186934471130371,7.902215003967285,0.6247445344924927,0.7192662358283997,0.11988605558872223,15.618613243103027,1.7175922393798828,11.339964866638184,14.141976356506348,7.897124290466309,132.96015548706055
208,1,-0.4833261966705322,6.7481465339660645,4.1617751121521,7.9282941818237305,0.6167286038398743,0.7244518399238586,0.12071451544761658,15.418214797973633,1.7253029346466064,11.417220115661621,14.235960006713867,7.882930755615234,132.9787278175354
209,1,-0.49627184867858887,6.794619083404541,4.136537551879883,7.954733848571777,0.6087961196899414,0.7295900583267212,0.12154584378004074,15.219902992248535,1.733066439628601,11.49365520477295,14.328570365905762,7.868656635284424,132.99728536605835
210,1,-0.5092486143112183,6.841245651245117,4.111225605010986,7.98153018951416,0.6009469628334045,0.7346797585487366,0.12237992137670517,15.023674011230469,1.7408816814422607,11.569276809692383,14.41976261138916,7.854305267333984,133.01584672927856
211,1,-0.5222545862197876,6.8880133628845215,4.085843086242676,8.008672714233398,0.5931816697120667,0.7397191524505615,0.12321653217077255,14.82954216003418,1.7487475872039795,11.644092559814453,14.511533737182617,7.839878559112549,135.39520049095154
212,1,-0.5352888107299805,6.934917449951172,4.060395240783691,8.036161422729492,0.585500180721283,0.7447067499160767,0.12405557930469513,14.637504577636719,1.75666344165802,11.718117713928223,14.606832504272461,7.825379371643066,135.41381812095642
213,1,-0.5483493804931641,6.981945037841797,4.034886360168457,8.063985824584961,0.5779029130935669,0.749640941619873,0.1248968318104744,14.447572708129883,1.7646276950836182,11.791365623474121,14.700596809387207,7.810810089111328,135.43239164352417
214,1,-0.5614345669746399,7.029087543487549,4.009322643280029,8.092141151428223,0.5703902244567871,0.7545204162597656,0.1257401406764984,14.259756088256836,1.7726391553878784,11.863856315612793,14.792787551879883,7.796173095703125,135.45097041130066
215,1,-0.5745431780815125,7.0763397216796875,3.983710289001465,8.120623588562012,0.562961995601654,0.7593440413475037,0.12658540904521942,14.074049949645996,1.7806973457336426,11.935609817504883,14.883359909057617,7.78147029876709,135.4695417881012
216,1,-0.587673008441925,7.123687744140625,3.958054304122925,8.14942455291748,0.5556187033653259,0.7641099095344543,0.12743240594863892,13.890467643737793,1.7888007164001465,12.00664234161377,14.972275733947754,7.766705513000488,135.4880714416504
217,1,-0.6008223295211792,7.171123027801514,3.932360887527466,8.178537368774414,0.5483605265617371,0.7688171863555908,0.12828095257282257,13.709012985229492,1.796947956085205,12.076974868774414,15.059488296508789,7.751880168914795,135.50663471221924
218,1,-0.6139891147613525,7.218638896942139,3.9066386222839355,8.207958221435547,0.5411877036094666,0.7734645009040833,0.12913094460964203,13.529692649841309,1.8051382303237915,12.146625518798828,15.14495849609375,7.736996650695801,135.5252161026001
219,1,-0.6271713972091675,7.266223430633545,3.880892753601074,8.237676620483398,0.5341004133224487,0.77805095911026,0.12998215854167938,13.352510452270508,1.8133702278137207,12.215605735778809,15.22864818572998,7.72205924987793,135.5437479019165
220,1,-0.6403670907020569,7.313868999481201,3.8551321029663086,8.267691612243652,0.5270988941192627,0.7825747728347778,0.13083447515964508,13.177472114562988,1.8216427564620972,12.283934593200684,15.310518264770508,7.707067966461182,135.56228280067444
221,1,-0.6535739898681641,7.361564636230469,3.8293633460998535,8.297990798950195,0.5201833248138428,0.7870355844497681,0.13168767094612122,13.004583358764648,1.8299545049667358,12.35162353515625,15.390531539916992,7.692028045654297,137.930655002594
222,1,-0.666789710521698,7.409302711486816,3.8035948276519775,8.328571319580078,0.5133539438247681,0.7914321422576904,0.13254164159297943,12.83384895324707,1.8383045196533203,12.418683052062988,15.468658447265625,7.676940441131592,137.94925236701965
223,1,-0.6800121068954468,7.457070827484131,3.7778332233428955,8.359421730041504,0.5066108703613281,0.7957636117935181,0.13339613378047943,12.665271759033203,1.8466908931732178,12.48512077331543,15.544864654541016,7.661808490753174,137.9678738117218
224,1,-0.6932386159896851,7.504859924316406,3.752086877822876,8.390535354614258,0.4999542832374573,0.8000291585922241,0.13425101339817047,12.498857498168945,1.8551126718521118,12.550943374633789,15.619123458862305,7.646636009216309,137.98643493652344
225,1,-0.7064670920372009,7.552663326263428,3.726364850997925,8.421907424926758,0.4933842122554779,0.8042282462120056,0.1351061463356018,12.33460521697998,1.8635687828063965,12.616159439086914,15.691411018371582,7.631424903869629,138.00497436523438
226,1,-0.719694972038269,7.600465297698975,3.700672149658203,8.453522682189941,0.4869007468223572,0.80836021900177,0.13596126437187195,12.172518730163574,1.8720568418502808,12.680764198303223,15.761702537536621,7.616178512573242,138.0235152244568
227,1,-0.7329199314117432,7.648260116577148,3.6750190258026123,8.485379219055176,0.4805039167404175,0.8124240636825562,0.13681623339653015,12.012598037719727,1.8805763721466064,12.744766235351562,15.829985618591309,7.600899696350098,138.04207062721252
228,1,-0.7461394667625427,7.6960368156433105,3.649411916732788,8.517463684082031,0.47419366240501404,0.8164200782775879,0.13767088949680328,11.854841232299805,1.8891255855560303,12.808161735534668,15.896240234375,7.585591793060303,138.06063961982727
229,1,-0.7593514919281006,7.743782997131348,3.623856544494629,8.54976749420166,0.4679698050022125,0.820347249507904,0.13852500915527344,11.69924545288086,1.897702693939209,12.870949745178223,15.960455894470215,7.570258617401123,138.07918119430542
230,1,-0.772553563117981,7.791486740112305,3.5983598232269287,8.582275390625,0.4618322551250458,0.8242059946060181,0.1393783539533615,11.545805931091309,1.9063060283660889,12.933124542236328,16.022626876831055,7.55490255355835,138.0977463722229
231,1,-0.7857434153556824,7.839139938354492,3.5729291439056396,8.614983558654785,0.4557807445526123,0.8279954195022583,0.14023080468177795,11.394518852233887,1.9149342775344849,12.994690895080566,16.08274269104004,7.539527416229248,140.47884035110474
232,1,-0.7989188432693481,7.886726379394531,3.5475680828094482,8.647871971130371,0.449815034866333,0.831716001033783,0.1410820484161377,11.245375633239746,1.923585295677185,13.05563735961914,16.140798568725586,7.524136543273926,140.49744486808777
233,1,-0.8120776414871216,7.934237003326416,3.5222835540771484,8.680932998657227,0.44393476843833923,0.8353674411773682,0.14193195104599,11.098369598388672,1.9322575330734253,13.11596393585205,16.196796417236328,7.50873327255249,140.5160448551178
234,1,-0.8252177834510803,7.981657028198242,3.497079610824585,8.714149475097656,0.43813955783843994,0.8389500379562378,0.14278022944927216,10.953489303588867,1.9409489631652832,13.175663948059082,16.250730514526367,7.493322372436523,140.53456711769104
235,1,-0.8383369445800781,8.028974533081055,3.4719619750976562,8.747511863708496,0.43242907524108887,0.8424634337425232,0.14362666010856628,10.8107271194458,1.9496580362319946,13.234734535217285,16.302602767944336,7.477905750274658,140.55309653282166
236,1,-0.8514332175254822,8.076176643371582,3.446934700012207,8.781002044677734,0.42680278420448303,0.8459087014198303,0.14447104930877686,10.670069694519043,1.958382487297058,13.293172836303711,16.352407455444336,7.462488651275635,140.57165622711182
237,1,-0.8645046949386597,8.123248100280762,3.4220006465911865,8.814603805541992,0.42126014828681946,0.8492857217788696,0.1453130841255188,10.531503677368164,1.9671204090118408,13.350974082946777,16.400146484375,7.447073936462402,140.5901792049408
238,1,-0.8775487542152405,8.170173645019531,3.397165536880493,8.84830379486084,0.41580089926719666,0.8525944948196411,0.14615251123905182,10.39502239227295,1.97586989402771,13.40814208984375,16.44582176208496,7.431665420532227,140.60873317718506
239,1,-0.8905637860298157,8.216940879821777,3.372432231903076,8.882083892822266,0.41042429208755493,0.8558361530303955,0.146989107131958,10.260607719421387,1.9846289157867432,13.464678764343262,16.48943519592285,7.416266918182373,140.62729144096375
240,1,-0.9035473465919495,8.263531684875488,3.347804307937622,8.915926933288574,0.40512996912002563,0.8590103983879089,0.1478225439786911,10.128249168395996,1.9933950901031494,13.520588874816895,16.530988693237305,7.400883674621582,140.64584302902222
241,1,-0.9164974093437195,8.309932708740234,3.3232860565185547,8.94981575012207,0.399917334318161,0.8621182441711426,0.1486525982618332,9.997933387756348,2.002166509628296,13.575883865356445,16.570486068725586,7.3855180740356445,143.0187063217163
242,1,-0.9294118881225586,8.35612678527832,3.2988803386688232,8.983734130859375,0.3947858214378357,0.8651595711708069,0.149478942155838,9.869645118713379,2.0109407901763916,13.630566596984863,16.607934951782227,7.370174407958984,143.03731608390808
243,1,-0.9422886967658997,8.402099609375,3.2745909690856934,9.017662048339844,0.38973483443260193,0.868135929107666,0.15030132234096527,9.74337100982666,2.019716262817383,13.684652328491211,16.643341064453125,7.354856014251709,143.05591225624084
244,1,-0.9551258087158203,8.447836875915527,3.2504212856292725,9.051584243774414,0.3847637474536896,0.8710475564002991,0.15111950039863586,9.619093894958496,2.0284903049468994,13.738147735595703,16.676712036132812,7.339567184448242,143.07445335388184
245,1,-0.9679208993911743,8.493315696716309,3.2263729572296143,9.085476875305176,0.37987202405929565,0.8738946914672852,0.15193305909633636,9.496800422668457,2.037260055541992,13.791057586669922,16.708065032958984,7.32431173324585,143.09300827980042
246,1,-0.9806721210479736,8.538525581359863,3.2024502754211426,9.119325637817383,0.3750589191913605,0.8766784071922302,0.15274178981781006,9.376473426818848,2.0460245609283447,13.843384742736816,16.737403869628906,7.309092998504639,143.11155486106873
247,1,-0.9933775067329407,8.583450317382812,3.1786561012268066,9.153112411499023,0.3703238070011139,0.8793995380401611,0.15354542434215546,9.258094787597656,2.0547807216644287,13.895125389099121,16.764741897583008,7.293914318084717,143.13010358810425
248,1,-1.0060349702835083,8.628068923950195,3.1549911499023438,9.186813354492188,0.3656659722328186,0.8820586204528809,0.1543435901403427,9.14164924621582,2.063525915145874,13.946264266967773,16.790082931518555,7.27877950668335,143.14868330955505
249,1,-1.0186430215835571,8.672371864318848,3.1314597129821777,9.220416069030762,0.36108458042144775,0.8846566677093506,0.1551361083984375,9.027114868164062,2.072258710861206,13.99679183959961,16.813432693481445,7.2636919021606445,143.167222738266
250,1,-1.0311999320983887,8.716336250305176,3.1080613136291504,9.253893852233887,0.35657885670661926,0.8871946930885315,0.1559225618839264,8.914471626281738,2.0809760093688965,14.046679496765137,16.834793090820312,7.248654842376709,143.185786485672
251,1,-1.0437034368515015,8.75994873046875,3.0847995281219482,9.287233352661133,0.3521481156349182,0.8896730542182922,0.15670272707939148,8.803703308105469,2.0896754264831543,14.095904350280762,16.854171752929688,7.233671188354492,145.55544137954712
252,1,-1.05615234375,8.803194999694824,3.061675548553467,9.320412635803223,0.3477914035320282,0.8920934200286865,0.15747633576393127,8.694785118103027,2.0983548164367676,14.144431114196777,16.871562957763672,7.218743801116943,145.57406449317932
253,1,-1.0685452222824097,8.846053123474121,3.038689136505127,9.353410720825195,0.34350788593292236,0.8944562077522278,0.15824301540851593,8.58769702911377,2.107011318206787,14.192219734191895,16.88697052001953,7.2038774490356445,145.59266257286072
254,1,-1.0808802843093872,8.88851261138916,3.015843152999878,9.386211395263672,0.33929672837257385,0.8967626094818115,0.15900255739688873,8.482418060302734,2.11564302444458,14.239237785339355,16.900394439697266,7.1890740394592285,145.6112766265869
255,1,-1.093156337738037,8.930550575256348,2.993136405944824,9.418789863586426,0.33515697717666626,0.8990135788917542,0.15975454449653625,8.378924369812012,2.124246597290039,14.28543758392334,16.911840438842773,7.174335479736328,145.6298553943634
256,1,-1.1053714752197266,8.972153663635254,2.970571517944336,9.451128959655762,0.3310878872871399,0.9012100696563721,0.16049876809120178,8.277196884155273,2.1328201293945312,14.330780982971191,16.921314239501953,7.159666538238525,145.6484146118164
257,1,-1.1175243854522705,9.013304710388184,2.948148727416992,9.483207702636719,0.32708853483200073,0.903353214263916,0.16123490035533905,8.177213668823242,2.1413605213165283,14.375228881835938,16.928821563720703,7.145068168640137,145.66694808006287
258,1,-1.1296132802963257,9.053987503051758,2.925870418548584,9.515009880065918,0.3231582045555115,0.9054433703422546,0.16196265816688538,8.078954696655273,2.1498653888702393,14.418745994567871,16.934389114379883,7.130544185638428,145.6854908466339
259,1,-1.1416363716125488,9.094184875488281,2.903738021850586,9.546512603759766,0.31929612159729004,0.9074820876121521,0.1626817286014557,7.982402801513672,2.158332347869873,14.46130084991455,16.938024520874023,7.116095542907715,145.70403718948364
260,1,-1.153591513633728,9.133882522583008,2.8817546367645264,9.577699661254883,0.3155016005039215,0.9094700813293457,0.1633918583393097,7.887539863586426,2.1667587757110596,14.5028715133667,16.939754486083984,7.101726055145264,145.72262859344482
261,1,-1.1654770374298096,9.173065185546875,2.859922409057617,9.608552932739258,0.3117738962173462,0.9114083647727966,0.1640927791595459,7.794347286224365,2.1751418113708496,14.543436050415039,16.939598083496094,7.087436199188232,148.09625363349915
262,1,-1.177290439605713,9.211721420288086,2.8382463455200195,9.639059066772461,0.3081124722957611,0.9132975935935974,0.1647842824459076,7.7028117179870605,2.1834800243377686,14.582984924316406,16.937576293945312,7.0732293128967285,148.1148705482483
263,1,-1.1890294551849365,9.249837875366211,2.816729784011841,9.66920280456543,0.30451667308807373,0.9151386618614197,0.16546612977981567,7.612916946411133,2.191770315170288,14.621500968933105,16.9337100982666,7.05910587310791,148.13345003128052
264,1,-1.200691819190979,9.287405014038086,2.7953779697418213,9.698970794677734,0.3009859025478363,0.9169326424598694,0.166138157248497,7.5246477127075195,2.2000110149383545,14.658978462219238,16.928020477294922,7.045069217681885,148.15203380584717
265,1,-1.2122749090194702,9.32441520690918,2.7741971015930176,9.728354454040527,0.2975196838378906,0.9186803698539734,0.16680021584033966,7.437992095947266,2.208200216293335,14.695402145385742,16.920520782470703,7.031120300292969,148.17058038711548
266,1,-1.2237759828567505,9.36085319519043,2.753190517425537,9.75733757019043,0.2941174805164337,0.9203822016716003,0.16745203733444214,7.3529372215271,2.2163350582122803,14.730753898620605,16.911231994628906,7.017261981964111,148.18914985656738
267,1,-1.2351925373077393,9.396717071533203,2.732365846633911,9.785914421081543,0.290778785943985,0.9220393896102905,0.16809359192848206,7.269469738006592,2.224414348602295,14.765020370483398,16.900156021118164,7.003493785858154,148.20766639709473
268,1,-1.2465217113494873,9.431999206542969,2.711729049682617,9.814075469970703,0.28750309348106384,0.923652708530426,0.16872473061084747,7.187577247619629,2.232436180114746,14.79818058013916,16.887310028076172,6.989818572998047,148.22615909576416
269,1,-1.2577601671218872,9.466693878173828,2.691287040710449,9.841814041137695,0.284290075302124,0.9252228736877441,0.16934536397457123,7.10725212097168,2.24039888381958,14.830218315124512,16.87270164489746,6.9762372970581055,148.2447304725647
270,1,-1.268905520439148,9.5007963180542,2.671046018600464,9.869124412536621,0.28113916516304016,0.9267503023147583,0.16995541751384735,7.028479099273682,2.248300552368164,14.861115455627441,16.856340408325195,6.9627532958984375,148.26323652267456
271,1,-1.2799545526504517,9.534310340881348,2.651014566421509,9.89600658416748,0.27804994583129883,0.9282364845275879,0.17055493593215942,6.951248645782471,2.2561402320861816,14.895896911621094,16.838232040405273,6.949365139007568,150.6275463104248
272,1,-1.29090416431427,9.567228317260742,2.6311984062194824,9.922452926635742,0.2750220000743866,0.9296815395355225,0.1711437851190567,6.875549793243408,2.263916254043579,14.931828498840332,16.81838607788086,6.936077117919922,150.64613890647888
273,1,-1.301751732826233,9.599557876586914,2.6116061210632324,9.948467254638672,0.2720548212528229,0.9310867190361023,0.17172211408615112,6.801370620727539,2.2716281414031982,14.966606140136719,16.796817779541016,6.9228901863098145,150.66473627090454
274,1,-1.312493920326233,9.631299018859863,2.592244863510132,9.97404956817627,0.26914799213409424,0.932452380657196,0.1722899228334427,6.728699684143066,2.2792742252349854,15.000232696533203,16.773550033569336,6.909806251525879,150.68331694602966
275,1,-1.3231281042099,9.662460327148438,2.573122501373291,9.999204635620117,0.2663009762763977,0.9337798953056335,0.17284734547138214,6.657524585723877,2.2868540287017822,15.032719612121582,16.748598098754883,6.896828651428223,150.70191836357117
276,1,-1.3336516618728638,9.693044662475586,2.554245710372925,10.023935317993164,0.2635132372379303,0.9350695610046387,0.17339445650577545,6.587831020355225,2.2943665981292725,15.06407356262207,16.721986770629883,6.883958339691162,150.72046756744385
277,1,-1.3440611362457275,9.72305965423584,2.5356225967407227,10.048247337341309,0.26078444719314575,0.936322033405304,0.17393137514591217,6.519611358642578,2.301811456680298,15.094308853149414,16.693758010864258,6.8711981773376465,150.73902368545532
278,1,-1.3543545007705688,9.752517700195312,2.5172600746154785,10.072150230407715,0.2581138610839844,0.9375385046005249,0.1744583398103714,6.452846527099609,2.3091883659362793,15.123433113098145,16.663942337036133,6.858551979064941,150.75756669044495
279,1,-1.3645288944244385,9.781425476074219,2.499164342880249,10.095647811889648,0.25550103187561035,0.9387196898460388,0.1749754548072815,6.38752555847168,2.3164963722229004,15.15145492553711,16.63258171081543,6.846020698547363,150.7761607170105
280,1,-1.3745815753936768,9.809789657592773,2.4813413619995117,10.118746757507324,0.2529454231262207,0.9398659467697144,0.1754828542470932,6.323635578155518,2.3237345218658447,15.183951377868652,16.599721908569336,6.8336076736450195,150.79472947120667
281,1,-1.3845102787017822,9.837621688842773,2.463797092437744,10.141454696655273,0.2504464089870453,0.9409785270690918,0.17598073184490204,6.261160373687744,2.3309030532836914,15.240479469299316,16.565418243408203,6.821315765380859,153.157710313797
282,1,-1.394313097000122,9.864934921264648,2.4465367794036865,10.163783073425293,0.24800333380699158,0.9420580863952637,0.1764693260192871,6.200083255767822,2.338001251220703,15.296316146850586,16.53302764892578,6.809146881103516,153.17635822296143
283,1,-1.4039876461029053,9.891736030578613,2.4295644760131836,10.185735702514648,0.24561558663845062,0.9431053996086121,0.17694875597953796,6.140389442443848,2.3450286388397217,15.35142993927002,16.499401092529297,6.797103404998779,153.19493889808655
284,1,-1.4135321378707886,9.918031692504883,2.4128830432891846,10.207318305969238,0.24328245222568512,0.9441210627555847,0.17741914093494415,6.082061290740967,2.3519842624664307,15.405805587768555,16.464370727539062,6.785188674926758,153.21354460716248
285,1,-1.4229450225830078,9.943833351135254,2.396495819091797,10.22853946685791,0.24100321531295776,0.9451058506965637,0.17788070440292358,6.02508020401001,2.3588674068450928,15.459389686584473,16.427997589111328,6.773406028747559,153.2321057319641
286,1,-1.4322248697280884,9.96915340423584,2.3804054260253906,10.249406814575195,0.23877708613872528,0.9460608959197998,0.17833364009857178,5.969427108764648,2.365678071975708,15.512228012084961,16.390335083007812,6.761756896972656,153.25062656402588
287,1,-1.4413695335388184,9.993998527526855,2.364614963531494,10.269927978515625,0.2366034984588623,0.9469864368438721,0.17877808213233948,5.915087699890137,2.37241530418396,15.564105033874512,16.35143280029297,6.750245094299316,153.26918005943298
288,1,-1.4503729343414307,10.018370628356934,2.3491358757019043,10.290102005004883,0.23448282480239868,0.9478832483291626,0.17921406030654907,5.862070560455322,2.379077434539795,15.615470886230469,16.31137466430664,6.738873481750488,153.2877116203308
289,1,-1.4591971635818481,10.042274475097656,2.3340535163879395,10.309950828552246,0.23242279887199402,0.9487481713294983,0.17964166402816772,5.810569763183594,2.385662078857422,15.664929389953613,16.270231246948242,6.727649211883545,153.3062083721161
290,1,-1.4677512645721436,10.065630912780762,2.3195552825927734,10.329437255859375,0.2304431051015854,0.9495736956596375,0.18005947768688202,5.761077404022217,2.392155647277832,15.714409828186035,16.228389739990234,6.716578960418701,153.32474184036255
291,1,-1.4762673377990723,10.088423728942871,2.30509352684021,10.348418235778809,0.2284889668226242,0.9503830075263977,0.18046721816062927,5.712224006652832,2.398545026779175,15.760889053344727,16.185970306396484,6.705689907073975,155.6653070449829
292,1,-1.4849238395690918,10.110698699951172,2.290271282196045,10.366848945617676,0.22651958465576172,0.9511933326721191,0.18086567521095276,5.662989616394043,2.4048357009887695,15.805441856384277,16.143083572387695,6.694979667663574,155.68390274047852
293,1,-1.4931519031524658,10.132529258728027,2.2764086723327637,10.385093688964844,0.22466342151165009,0.9519516825675964,0.18125618994235992,5.616585731506348,2.411041736602783,15.849249839782715,16.099472045898438,6.684438228607178,155.7025122642517
294,1,-1.5012574195861816,10.153922080993652,2.2627992630004883,10.402998924255371,0.2228497713804245,0.952687680721283,0.18163888156414032,5.571244239807129,2.417161464691162,15.892306327819824,16.05514144897461,6.674069404602051,155.72105741500854
295,1,-1.5092600584030151,10.174837112426758,2.249386787414551,10.420510292053223,0.22107349336147308,0.9534040093421936,0.18201301991939545,5.526837348937988,2.4231820106506348,15.932787895202637,16.010461807250977,6.663887977600098,155.73961687088013
296,1,-1.5169384479522705,10.195255279541016,2.2366607189178467,10.437714576721191,0.21938250958919525,0.9540812969207764,0.18237827718257904,5.484562873840332,2.429091453552246,15.973064422607422,15.965767860412598,6.653911113739014,155.75815224647522
297,1,-1.524733543395996,10.215210914611816,2.223637342453003,10.454429626464844,0.21767903864383698,0.9547594785690308,0.18273524940013885,5.441976070404053,2.434887170791626,16.012975692749023,15.921019554138184,6.644145488739014,155.77670788764954
298,1,-1.5323219299316406,10.234735488891602,2.211045503616333,10.470842361450195,0.216033473610878,0.9554104804992676,0.18308451771736145,5.400836944580078,2.440580129623413,16.051315307617188,15.876049995422363,6.634579181671143,155.79527878761292
299,1,-1.5396771430969238,10.253889083862305,2.1989498138427734,10.487021446228027,0.21445031464099884,0.9560331106185913,0.1834271401166916,5.361258029937744,2.4461796283721924,16.087779998779297,15.830958366394043,6.625208854675293,155.81384682655334
300,1,-1.5470232963562012,10.272662162780762,2.186851739883423,10.502852439880371,0.2128807157278061,0.9566465020179749,0.18376296758651733,5.322017669677734,2.4516854286193848,16.123998641967773,15.785640716552734,6.616038799285889,155.83240246772766
301,1,-1.5542383193969727,10.29100513458252,2.1750071048736572,10.518338203430176,0.21135030686855316,0.9572410583496094,0.18409110605716705,5.28375768661499,2.4570958614349365,16.158172607421875,15.740140914916992,6.607049465179443,158.1728584766388
302,1,-1.5612423419952393,10.308940887451172,2.163590669631958,10.533535957336426,0.2098751664161682,0.9578107595443726,0.1844119429588318,5.2468791007995605,2.4624195098876953,16.191423416137695,15.694540977478027,6.598233699798584,158.1914186477661
303,1,-1.5680265426635742,10.326468467712402,2.152616024017334,10.548445701599121,0.2084561586380005,0.9583556056022644,0.18472549319267273,5.211403846740723,2.467655897140503,16.223308563232422,15.648725509643555,6.58959436416626,158.20996522903442
304,1,-1.5747449398040771,10.343639373779297,2.1417577266693115,10.56304931640625,0.20706036686897278,0.9588885307312012,0.1850326508283615,5.176509380340576,2.4728031158447266,16.254003524780273,15.602898597717285,6.5811543464660645,158.22849035263062
305,1,-1.581459641456604,10.360447883605957,2.1308817863464355,10.577312469482422,0.2056746780872345,0.9594147801399231,0.18533332645893097,5.141867160797119,2.4778621196746826,16.284446716308594,15.55700969696045,6.572903156280518,158.2470498085022
306,1,-1.5880311727523804,10.37687873840332,2.12028169631958,10.591279983520508,0.20432749390602112,0.9599234461784363,0.18562725186347961,5.108187198638916,2.482832193374634,16.312612533569336,15.511027336120605,6.56483268737793,158.26555943489075
307,1,-1.5943377017974854,10.392890930175781,2.110203504562378,10.604958534240723,0.20304296910762787,0.9604058265686035,0.18591368198394775,5.076074123382568,2.487711191177368,16.340961456298828,15.46493148803711,6.556931018829346,158.28410935401917
308,1,-1.600533366203308,10.408491134643555,2.1003174781799316,10.618287086486816,0.20178885757923126,0.9608743786811829,0.18619275093078613,5.044721603393555,2.492497205734253,16.367345809936523,15.418869018554688,6.549203872680664,158.30267643928528
309,1,-1.606706142425537,10.423699378967285,2.0904428958892822,10.63124942779541,0.20054711401462555,0.9613358378410339,0.1864648014307022,5.013678073883057,2.497188091278076,16.392763137817383,15.373034477233887,6.541660308837891,158.32122564315796
310,1,-1.6127829551696777,10.438555717468262,2.0807392597198486,10.643915176391602,0.1993321031332016,0.961785078048706,0.18673056364059448,4.983302593231201,2.5017895698547363,16.41753578186035,15.32719898223877,6.534294128417969,158.3397889137268
311,1,-1.618664026260376,10.453047752380371,2.0714101791381836,10.656310081481934,0.19816327095031738,0.9622150659561157,0.18698979914188385,4.9540815353393555,2.506303548812866,16.441486358642578,15.281388282775879,6.527094841003418,160.67377495765686
312,1,-1.6243398189544678,10.467232704162598,2.06248140335083,10.668495178222656,0.19704170525074005,0.9626256227493286,0.18724355101585388,4.926042556762695,2.510732650756836,16.461729049682617,15.23564338684082,6.520068168640137,160.69239926338196
313,1,-1.630031943321228,10.481097221374512,2.0534913539886475,10.680366516113281,0.195923313498497,0.9630330801010132,0.18749156594276428,4.898082733154297,2.5150716304779053,16.485267639160156,15.190768241882324,6.513226509094238,160.71098732948303
314,1,-1.6358006000518799,10.494668960571289,2.044323444366455,10.691927909851074,0.1947963684797287,0.9634417295455933,0.18773435056209564,4.869909286499023,2.5193240642547607,16.50322151184082,15.149859428405762,6.506563186645508,160.72955012321472
315,1,-1.641457200050354,10.5078763961792,2.0353503227233887,10.703182220458984,0.19369758665561676,0.9638380408287048,0.1879706084728241,4.842439651489258,2.523489236831665,16.52104949951172,15.109199523925781,6.500058174133301,160.7480902671814
316,1,-1.6468374729156494,10.520753860473633,2.026909828186035,10.714225769042969,0.1926582306623459,0.9642111659049988,0.1882009655237198,4.816455841064453,2.5275752544403076,16.539762496948242,15.068816184997559,6.4937028884887695,160.76664924621582
317,1,-1.652045488357544,10.533297538757324,2.018785238265991,10.725010871887207,0.19165748357772827,0.9645688533782959,0.18842536211013794,4.791437149047852,2.5315792560577393,16.554677963256836,15.028814315795898,6.4874982833862305,160.7852110862732
318,1,-1.6573419570922852,10.545494079589844,2.010446071624756,10.735424041748047,0.1906450390815735,0.9649292230606079,0.18864353001117706,4.7661261558532715,2.5354957580566406,16.569459915161133,14.989150047302246,6.481451511383057,160.8037233352661
319,1,-1.6625354290008545,10.557344436645508,2.00227952003479,10.745540618896484,0.18965749442577362,0.9652789235115051,0.18885552883148193,4.7414374351501465,2.5393245220184326,16.583486557006836,14.952842712402344,6.475564479827881,160.82226419448853
320,1,-1.667396903038025,10.568848609924316,1.994740605354309,10.755443572998047,0.18873773515224457,0.965603232383728,0.18906131386756897,4.718443393707275,2.543063163757324,16.59608268737793,14.946200370788574,6.469839572906494,160.84082460403442
321,1,-1.6721757650375366,10.5800142288208,1.9873279333114624,10.765044212341309,0.18783792853355408,0.9659193158149719,0.1892610490322113,4.695948123931885,2.5467042922973633,16.608173370361328,14.938573837280273,6.464301109313965,163.1684217453003
322,1,-1.677168369293213,10.590895652770996,1.9794645309448242,10.774291038513184,0.1869024634361267,0.9662465453147888,0.18945570290088654,4.6725616455078125,2.5502495765686035,16.61834144592285,14.93000316619873,6.458953380584717,163.18702125549316
323,1,-1.68233323097229,10.601462364196777,1.9712320566177368,10.783169746398926,0.18593963980674744,0.9665819406509399,0.1896447241306305,4.648490905761719,2.553701877593994,16.628978729248047,14.920401573181152,6.4537811279296875,163.20559287071228
324,1,-1.6871980428695679,10.61168098449707,1.9635565280914307,10.791817665100098,0.1850372701883316,0.9668946862220764,0.18982751667499542,4.625931739807129,2.557070255279541,16.63802719116211,14.9096040725708,6.448742389678955,163.22415232658386
325,1,-1.6916557550430298,10.621562957763672,1.9566434621810913,10.80027961730957,0.1842142641544342,0.9671789407730103,0.19000430405139923,4.605356693267822,2.560359239578247,16.64466667175293,14.897536277770996,6.443829536437988,163.24275469779968
326,1,-1.696275234222412,10.631099700927734,1.9493740797042847,10.808345794677734,0.18336524069309235,0.9674709439277649,0.1901748925447464,4.584131240844727,2.563560962677002,16.652414321899414,14.884378433227539,6.439061164855957,163.26132559776306
327,1,-1.7011058330535889,10.6403169631958,1.9416621923446655,10.816024780273438,0.18248161673545837,0.9677736759185791,0.19033977389335632,4.562040328979492,2.566680431365967,16.657880783081055,14.87009048461914,6.4344258308410645,163.27987694740295
328,1,-1.705643892288208,10.64920425415039,1.9344851970672607,10.82348346710205,0.1816553771495819,0.9680553078651428,0.19049875438213348,4.541384220123291,2.5697219371795654,16.66160774230957,14.854555130004883,6.429917812347412,163.29840087890625
329,1,-1.709989309310913,10.65775203704834,1.9276434183120728,10.830674171447754,0.1808677315711975,0.9683229327201843,0.19065167009830475,4.521693229675293,2.572683811187744,16.666004180908203,14.837836265563965,6.425536155700684,163.3169994354248
330,1,-1.714461088180542,10.66594409942627,1.9205178022384644,10.837469100952148,0.1800607442855835,0.9685964584350586,0.19079820811748505,4.501518726348877,2.575563430786133,16.66762924194336,14.819999694824219,6.421278476715088,163.33555579185486
331,1,-1.7189127206802368,10.673830032348633,1.9134010076522827,10.843972206115723,0.1792609542608261,0.9688661098480225,0.1909392774105072,4.4815239906311035,2.57836651802063,16.668867111206055,14.800963401794434,6.417149543762207,165.68124675750732
332,1,-1.7232168912887573,10.681396484375,1.9065335988998413,10.850212097167969,0.1784910410642624,0.9691246151924133,0.19107463955879211,4.462275981903076,2.5810935497283936,16.669586181640625,14.780652046203613,6.413145065307617,165.6998372077942
333,1,-1.7275036573410034,10.688626289367676,1.899662971496582,10.856124877929688,0.17772752046585083,0.9693801999092102,0.19120396673679352,4.443188190460205,2.58374285697937,16.66744041442871,14.759099006652832,6.409259796142578,165.7184193134308
334,1,-1.7317557334899902,10.695540428161621,1.8928263187408447,10.861739158630371,0.17697341740131378,0.9696314930915833,0.19132764637470245,4.424335479736328,2.5863168239593506,16.666057586669922,14.736383438110352,6.405496597290039,165.73702239990234
335,1,-1.7358754873275757,10.702127456665039,1.8862054347991943,10.867074966430664,0.17624583840370178,0.9698731303215027,0.1914454847574234,4.406146049499512,2.588815689086914,16.662689208984375,14.712413787841797,6.401847839355469,165.75562024116516
336,1,-1.7399555444717407,10.708413124084473,1.8796285390853882,10.872125625610352,0.17552819848060608,0.9701107144355774,0.19155791401863098,4.388205051422119,2.591240167617798,16.657573699951172,14.687350273132324,6.398321151733398,165.77413988113403
337,1,-1.744123101234436,10.714391708374023,1.8728563785552979,10.876845359802246,0.17479820549488068,0.9703515768051147,0.19166487455368042,4.369955062866211,2.5935912132263184,16.653263092041016,14.66123104095459,6.394911766052246,165.7927029132843
338,1,-1.74836266040802,10.720065116882324,1.8659206628799438,10.881242752075195,0.1740587055683136,0.970594584941864,0.19176635146141052,4.351467609405518,2.595869541168213,16.646041870117188,14.6339750289917,6.3916168212890625,165.81129145622253
339,1,-1.7525241374969482,10.725396156311035,1.859095811843872,10.885327339172363,0.17333586513996124,0.9708312153816223,0.19186171889305115,4.3333964347839355,2.5980725288391113,16.638566970825195,14.605499267578125,6.388426780700684,165.82984161376953
340,1,-1.7565362453460693,10.730360984802246,1.8525090217590332,10.8890962600708,0.1726418137550354,0.9710575938224792,0.19195052981376648,4.31604528427124,2.60019850730896,16.673601150512695,14.57581901550293,6.385340213775635,165.84833526611328
341,1,-1.7604708671569824,10.734986305236816,1.8460298776626587,10.892555236816406,0.1719638854265213,0.9712777733802795,0.19203327596187592,4.299097061157227,2.6022496223449707,16.71320915222168,14.54485034942627,6.382359504699707,168.18653440475464
342,1,-1.7644233703613281,10.739275932312012,1.8394825458526611,10.895676612854004,0.17128552496433258,0.9714972972869873,0.19211001694202423,4.282138347625732,2.6042258739471436,16.753644943237305,14.512788772583008,6.379485130310059,168.20514798164368
343,1,-1.7683451175689697,10.743185997009277,1.8329497575759888,10.898427963256836,0.17061510682106018,0.9717140197753906,0.19217996299266815,4.265377521514893,2.606119155883789,16.799097061157227,14.479697227478027,6.376716613769531,168.2237207889557
344,1,-1.772112488746643,10.746747970581055,1.8266627788543701,10.900884628295898,0.16997353732585907,0.9719203114509583,0.19224368035793304,4.249338626861572,2.607931137084961,16.833438873291016,14.445683479309082,6.374063491821289,168.24227619171143
345,1,-1.775896430015564,10.749937057495117,1.820304036140442,10.902965545654297,0.1693315953016281,0.9721260666847229,0.1923007220029831,4.23328971862793,2.6096577644348145,16.880977630615234,14.410694122314453,6.371517658233643,168.26082158088684
346,1,-1.7799932956695557,10.7528076171875,1.8133457899093628,10.90463638305664,0.16863928735256195,0.9723471999168396,0.1923520714044571,4.215981960296631,2.6113061904907227,16.914657592773438,14.398628234863281,6.369084358215332,168.2793526649475
347,1,-1.784172534942627,10.755294799804688,1.8062008619308472,10.905902862548828,0.16793596744537354,0.9725711345672607,0.19239656627178192,4.198399066925049,2.6128740310668945,16.9528751373291,14.454989433288574,6.3667497634887695,168.29793310165405
348,1,-1.787954330444336,10.757397651672363,1.7997349500656128,10.90690803527832,0.16730207204818726,0.9727721810340881,0.1924341768026352,4.182551860809326,2.6143667697906494,16.99558448791504,14.510844230651855,6.36449670791626,168.3164734840393
349,1,-1.7914750576019287,10.759151458740234,1.7937021255493164,10.907644271850586,0.16671408712863922,0.9729580283164978,0.19246555864810944,4.167852401733398,2.6157891750335693,17.024242401123047,14.56612777709961,6.362330913543701,168.3350169658661
350,1,-1.7952519655227661,10.760546684265137,1.7871718406677246,10.907949447631836,0.1660856008529663,0.9731559753417969,0.19249051809310913,4.152140140533447,2.617138147354126,17.066593170166016,14.62060832977295,6.360252380371094,168.35357761383057
0,2,2.7057414054870605,0.7020597457885742,10.506610870361328,10.530040740966797,14.965408325195312,0.004445166327059269,0.012558827176690102,374.13519287109375,1.1364595890045166,3.4201343059539795,3.025876998901367,8.296878814697266,170.68695878982544
1,2,2.180009365081787,1.162716031074524,10.28583812713623,10.351346969604492,8.846388816833496,0.012616926804184914,0.020799297839403152,221.1597137451172,1.143772006034851,3.66029953956604,2.961014986038208,8.512019157409668,173.04817080497742
2,2,2.1272032260894775,1.2215996980667114,10.25088882446289,10.323420524597168,8.391365051269531,0.014002662152051926,0.021852640435099602,209.78411865234375,1.1449452638626099,3.6898181438446045,2.9541685581207275,8.52907943725586,173.0667381286621
3,2,2.083618402481079,1.271997332572937,10.218570709228516,10.297435760498047,8.03348445892334,0.01525858324021101,0.022754181176424026,200.8371124267578,1.1459810733795166,3.7154266834259033,2.9484007358551025,8.543769836425781,173.08535814285278
4,2,2.0453500747680664,1.3175901174545288,10.187427520751953,10.272279739379883,7.731863975524902,0.01645231433212757,0.02356976829469204,193.29660034179688,1.1469438076019287,3.7388365268707275,2.9459431171417236,8.557048797607422,173.104022026062
5,2,2.0106146335601807,1.360062599182129,10.156819343566895,10.247474670410156,7.4679059982299805,0.0176150593906641,0.024329539388418198,186.69764709472656,1.1478638648986816,3.7608203887939453,2.9462602138519287,8.569343566894531,173.12263917922974
6,2,1.9784317016601562,1.4003384113311768,10.126398086547852,10.222763061523438,7.231393337249756,0.01876417174935341,0.02505001612007618,180.7848358154297,1.148757815361023,3.781790256500244,2.9469211101531982,8.58088493347168,173.14125728607178
7,2,1.9481985569000244,1.438984751701355,10.09597110748291,10.198004722595215,7.016037464141846,0.01991049014031887,0.025741342455148697,175.40093994140625,1.1496365070343018,3.8019957542419434,2.947993278503418,8.591813087463379,173.15982389450073
8,2,1.919514775276184,1.4763747453689575,10.06540584564209,10.17310619354248,6.817649841308594,0.02106134407222271,0.026410194113850594,170.44125366210938,1.150506615638733,3.8215932846069336,2.949049711227417,8.602217674255371,173.17844986915588
9,2,1.89210045337677,1.5127683877944946,10.034626960754395,10.148015022277832,6.633286952972412,0.022221975028514862,0.02706122398376465,165.83216857910156,1.1513733863830566,3.8406898975372314,2.9500746726989746,8.612164497375488,173.1970555782318
10,2,1.8657506704330444,1.5483534336090088,10.00357723236084,10.122695922851562,6.460783958435059,0.023396335542201996,0.027697788551449776,161.51959228515625,1.1522406339645386,3.8593575954437256,2.9510574340820312,8.621697425842285,173.21564888954163
11,2,1.8403116464614868,1.5832685232162476,9.972217559814453,10.097121238708496,6.2985005378723145,0.0245874784886837,0.02832236886024475,157.46250915527344,1.1531109809875488,3.8776462078094482,2.9519877433776855,8.630853652954102,175.55967020988464
12,2,1.8156636953353882,1.6176198720932007,9.940522193908691,10.071279525756836,6.145153522491455,0.025797856971621513,0.02893686480820179,153.62884521484375,1.1539868116378784,3.8955907821655273,2.95285964012146,8.63965892791748,175.57833671569824
13,2,1.791712760925293,1.6514899730682373,9.908476829528809,10.045165061950684,5.999719619750977,0.027029482647776604,0.029542751610279083,149.9929962158203,1.1548700332641602,3.9132161140441895,2.9536683559417725,8.648136138916016,175.59699630737305
14,2,1.7683830261230469,1.6849422454833984,9.876066207885742,10.018768310546875,5.861367702484131,0.02828403376042843,0.030141163617372513,146.53419494628906,1.1557618379592896,3.9305365085601807,2.95440936088562,8.656302452087402,175.61559963226318
15,2,1.7456125020980835,1.7180283069610596,9.84328842163086,9.992094039916992,5.729409694671631,0.02956293895840645,0.030733024701476097,143.23524475097656,1.1566637754440308,3.9475619792938232,2.9550797939300537,8.664173126220703,175.6341609954834
16,2,1.7233500480651855,1.750788688659668,9.810138702392578,9.965143203735352,5.603268146514893,0.030867423862218857,0.03131905943155289,140.0817108154297,1.1575766801834106,3.9642977714538574,2.955677032470703,8.671761512756348,175.6528458595276
17,2,1.701553225517273,1.7832549810409546,9.776617050170898,9.937919616699219,5.482456207275391,0.03219852223992348,0.0318998359143734,137.0614013671875,1.158501148223877,3.980743408203125,2.9561996459960938,8.679078102111816,175.6714220046997
18,2,1.6801855564117432,1.815453290939331,9.74272346496582,9.910426139831543,5.366551399230957,0.03355718404054642,0.03247581794857979,134.16378784179688,1.1594380140304565,3.996896982192993,2.9566454887390137,8.686131477355957,175.69006514549255
19,2,1.6592166423797607,1.8474045991897583,9.708467483520508,9.882673263549805,5.255192756652832,0.03494420647621155,0.033047378063201904,131.37982177734375,1.1603878736495972,4.012753486633301,2.9570140838623047,8.692931175231934,175.7086534500122
20,2,1.6386202573776245,1.879124641418457,9.673850059509277,9.854668617248535,5.148061752319336,0.03636027127504349,0.03361480310559273,128.7015380859375,1.161351203918457,4.028306484222412,2.9573047161102295,8.699485778808594,175.72725915908813
21,2,1.6183737516403198,1.9106264114379883,9.638879776000977,9.82641887664795,5.04487943649292,0.03780602291226387,0.03417832404375076,126.12198638916016,1.1623282432556152,4.043546676635742,2.95751690864563,8.70580005645752,178.06527733802795
22,2,1.5984575748443604,1.9419196844100952,9.60356616973877,9.797935485839844,4.945398330688477,0.03928197920322418,0.03473811596632004,123.63495635986328,1.1633193492889404,4.058464050292969,2.9576501846313477,8.711880683898926,178.08401823043823
23,2,1.5788542032241821,1.9730111360549927,9.567913055419922,9.769224166870117,4.849396228790283,0.04078860953450203,0.0352942980825901,121.23490905761719,1.1643246412277222,4.073047637939453,2.9577057361602783,8.717735290527344,178.10258841514587
24,2,1.5595489740371704,2.0039069652557373,9.53193473815918,9.740300178527832,4.7566752433776855,0.04232630878686905,0.035846978425979614,118.91687774658203,1.1653443574905396,4.08728551864624,2.9576823711395264,8.723367691040039,178.1212408542633
25,2,1.5405288934707642,2.0346100330352783,9.49564266204834,9.711172103881836,4.667057991027832,0.043895404785871506,0.03639621287584305,116.67645263671875,1.1663786172866821,4.1011643409729,2.9575817584991455,8.728782653808594,178.13984870910645
26,2,1.5217818021774292,2.0651228427886963,9.45904541015625,9.681853294372559,4.580379009246826,0.04549616575241089,0.03694204241037369,114.50947570800781,1.16742742061615,4.114671230316162,2.957404136657715,8.733986854553223,178.15842485427856
27,2,1.5032975673675537,2.095445156097412,9.42215347290039,9.652350425720215,4.496492385864258,0.04712880775332451,0.037484463304281235,112.41230773925781,1.1684907674789429,4.127790451049805,2.9571499824523926,8.738983154296875,178.17702078819275
28,2,1.4850671291351318,2.125576972961426,9.384978294372559,9.622675895690918,4.415261745452881,0.0487934947013855,0.03802347928285599,110.38154602050781,1.169568419456482,4.140509128570557,2.956820249557495,8.743778228759766,178.1956536769867
29,2,1.467082142829895,2.155517339706421,9.34753704071045,9.592846870422363,4.3365631103515625,0.05049030855298042,0.038559067994356155,108.41407775878906,1.1706607341766357,4.152811527252197,2.956416368484497,8.748373031616211,178.21421313285828
30,2,1.4493350982666016,2.1852638721466064,9.30983829498291,9.56286907196045,4.260281085968018,0.05221933871507645,0.039091188460588455,106.50702667236328,1.171767234802246,4.1646833419799805,2.955939292907715,8.752775192260742,178.23283624649048
31,2,1.4318194389343262,2.2148144245147705,9.271897315979004,9.532758712768555,4.186308860778809,0.05398057401180267,0.0396198071539402,104.65772247314453,1.172887921333313,4.176109790802002,2.9553897380828857,8.756985664367676,180.54596638679504
32,2,1.4145294427871704,2.2441649436950684,9.233728408813477,9.50252628326416,4.11454963684082,0.05577395111322403,0.040144842118024826,102.86373901367188,1.1740226745605469,4.187075614929199,2.9547693729400635,8.76101016998291,180.56461787223816
33,2,1.3974591493606567,2.2733120918273926,9.195342063903809,9.472183227539062,4.044909477233887,0.057599399238824844,0.04066624492406845,101.12273406982422,1.175171136856079,4.197566509246826,2.9540789127349854,8.764851570129395,180.58325791358948
34,2,1.3806040287017822,2.3022520542144775,9.156754493713379,9.441743850708008,3.9773032665252686,0.05945676565170288,0.04118393734097481,99.43257904052734,1.1763331890106201,4.207568168640137,2.959911584854126,8.768513679504395,180.60194087028503
35,2,1.363959550857544,2.3309805393218994,9.117981910705566,9.411219596862793,3.9116508960723877,0.061345893889665604,0.041697848588228226,97.79127502441406,1.1775085926055908,4.217067718505859,2.9709770679473877,8.772001266479492,180.6205666065216
36,2,1.347521185874939,2.3594932556152344,9.079036712646484,9.380624771118164,3.8478755950927734,0.06326651573181152,0.04220790043473244,96.19689178466797,1.178697109222412,4.226051330566406,2.982158899307251,8.775315284729004,180.63919949531555
37,2,1.3312855958938599,2.387784719467163,9.039931297302246,9.349967002868652,3.78590726852417,0.06521840393543243,0.042713992297649384,94.6476821899414,1.1798983812332153,4.2345051765441895,2.993464231491089,8.778461456298828,180.657794713974
38,2,1.315248966217041,2.41585111618042,9.000683784484863,9.319262504577637,3.7256782054901123,0.06720123440027237,0.04321606084704399,93.14195251464844,1.1811121702194214,4.242419242858887,3.0048983097076416,8.781441688537598,180.67640376091003
39,2,1.2994080781936646,2.443687677383423,8.961309432983398,9.28852367401123,3.6671254634857178,0.06921464949846268,0.0437140166759491,91.67813873291016,1.1823383569717407,4.249781608581543,3.016467571258545,8.784259796142578,180.69498300552368
40,2,1.2837599515914917,2.47128963470459,8.921821594238281,9.25776195526123,3.6101884841918945,0.07125827670097351,0.044207774102687836,90.25471496582031,1.1835764646530151,4.2565813064575195,3.028179168701172,8.786919593811035,180.71361637115479
41,2,1.2683018445968628,2.498652219772339,8.882235527038574,9.226991653442383,3.5548107624053955,0.07333163172006607,0.04469725117087364,88.87026977539062,1.184826374053955,4.2628092765808105,3.040039300918579,8.789422988891602,183.04382705688477
42,2,1.2530306577682495,2.525771379470825,8.84256649017334,9.196222305297852,3.500936985015869,0.07543434947729111,0.045182373374700546,87.52342224121094,1.1860874891281128,4.268455982208252,3.052053689956665,8.79177474975586,183.06252360343933
43,2,1.2379441261291504,2.5526418685913086,8.802827835083008,9.16546630859375,3.448516607284546,0.07756586372852325,0.04566304758191109,86.2129135131836,1.1873596906661987,4.278729438781738,3.0642313957214355,8.793975830078125,183.08112907409668
44,2,1.223039984703064,2.5792598724365234,8.763036727905273,9.134736061096191,3.397500514984131,0.07972567528486252,0.046139203011989594,84.93751525878906,1.1886427402496338,4.3093438148498535,3.076577663421631,8.796029090881348,183.09973645210266
45,2,1.2083156108856201,2.6056220531463623,8.723207473754883,9.104043960571289,3.3478407859802246,0.08191324770450592,0.04661078378558159,83.6960220336914,1.1899361610412598,4.3397536277771,3.089099645614624,8.79793930053711,183.11833691596985
46,2,1.1937687397003174,2.6317238807678223,8.683354377746582,9.07340145111084,3.299492835998535,0.08412796258926392,0.04707770794630051,82.48731994628906,1.191239833831787,4.369946479797363,3.1018056869506836,8.799708366394043,183.13696312904358
47,2,1.179397463798523,2.657562494277954,8.643492698669434,9.042820930480957,3.252413749694824,0.08636923879384995,0.04753992334008217,81.31034088134766,1.1925535202026367,4.399907112121582,3.1147024631500244,8.801339149475098,183.15550684928894
48,2,1.1651995182037354,2.6831347942352295,8.603639602661133,9.01231575012207,3.2065625190734863,0.08863642066717148,0.0479973740875721,80.1640625,1.19387686252594,4.429624557495117,3.127798318862915,8.802833557128906,183.17413115501404
49,2,1.1511727571487427,2.7084367275238037,8.563802719116211,8.981889724731445,3.1618988513946533,0.09092890471220016,0.04844998940825462,79.04747009277344,1.1952093839645386,4.459082126617432,3.141101121902466,8.804195404052734,183.19272994995117
50,2,1.1373151540756226,2.733466863632202,8.524001121520996,8.951560974121094,3.118384599685669,0.0932459682226181,0.048897743225097656,77.9596176147461,1.1965510845184326,4.488266944885254,3.154618263244629,8.805425643920898,183.21132111549377
51,2,1.1236249208450317,2.7582223415374756,8.484248161315918,8.92133617401123,3.075984239578247,0.09558697789907455,0.04934058338403702,76.89960479736328,1.197901725769043,4.5171661376953125,3.168358325958252,8.80652904510498,185.53375363349915
52,2,1.1100994348526,2.7827019691467285,8.444554328918457,8.891228675842285,3.0346601009368896,0.09795121103525162,0.04977848753333092,75.86650085449219,1.199260950088501,4.5457658767700195,3.1823291778564453,8.80750560760498,185.55244135856628
53,2,1.096737265586853,2.806903600692749,8.404936790466309,8.861245155334473,2.994380235671997,0.10033801198005676,0.05021141842007637,74.85950469970703,1.2006285190582275,4.574052333831787,3.1965408325195312,8.808359146118164,185.57101821899414
54,2,1.083536148071289,2.830826759338379,8.36540699005127,8.831398963928223,2.955110788345337,0.1027466282248497,0.05063936859369278,73.87776947021484,1.2020045518875122,4.602014064788818,3.211000680923462,8.80909252166748,185.58966422080994
55,2,1.0704939365386963,2.85447096824646,8.32597827911377,8.8016996383667,2.9168200492858887,0.10517636686563492,0.05106233060359955,72.92050170898438,1.2033886909484863,4.629635810852051,3.230700731277466,8.80970573425293,185.60826992988586
56,2,1.0576088428497314,2.877835273742676,8.286661148071289,8.772153854370117,2.8794772624969482,0.1076265349984169,0.051480282098054886,71.98693084716797,1.2047805786132812,4.6569061279296875,3.2522995471954346,8.810203552246094,185.62688541412354
57,2,1.044878363609314,2.9009199142456055,8.247467994689941,8.742772102355957,2.843052625656128,0.11009640991687775,0.05189323425292969,71.0763168334961,1.2061803340911865,4.683812618255615,3.2740318775177,8.810585975646973,185.64546608924866
58,2,1.032300591468811,2.9237260818481445,8.20841121673584,8.713562965393066,2.8075172901153564,0.11258532851934433,0.05230120196938515,70.18793487548828,1.2075878381729126,4.710342884063721,3.2958948612213135,8.810855865478516,185.66406106948853
59,2,1.0198731422424316,2.946254253387451,8.169500350952148,8.68453598022461,2.7728428840637207,0.11509254574775696,0.05270420014858246,69.32107543945312,1.2090028524398804,4.736485481262207,3.317885398864746,8.811015129089355,185.68268632888794
60,2,1.0075939893722534,2.968506336212158,8.13074779510498,8.655696868896484,2.7390029430389404,0.11761748045682907,0.05310225486755371,68.4750747680664,1.2104254961013794,4.7622294425964355,3.3399972915649414,8.811066627502441,185.70134091377258
61,2,0.9954605102539062,2.9904839992523193,8.092161178588867,8.627054214477539,2.705970287322998,0.12015943974256516,0.05349540337920189,67.64925384521484,1.2118556499481201,4.787561893463135,3.3622303009033203,8.81101131439209,188.02691340446472
62,2,0.9834706783294678,3.012190103530884,8.053752899169922,8.598617553710938,2.673719882965088,0.12271777540445328,0.05388369411230087,66.8429946899414,1.213293433189392,4.812474250793457,3.384575605392456,8.810851097106934,188.04555678367615
63,2,0.9716219305992126,3.0336265563964844,8.015528678894043,8.570389747619629,2.642226457595825,0.12529192864894867,0.05426716431975365,66.0556640625,1.2147386074066162,4.836956024169922,3.407029867172241,8.810586929321289,188.06413173675537
64,2,0.9599117040634155,3.0547971725463867,7.977499008178711,8.542381286621094,2.6114659309387207,0.12788125872612,0.05464587360620499,65.28665161132812,1.216191291809082,4.860997676849365,3.4295883178710938,8.810221672058105,188.08275651931763
65,2,0.9483374953269958,3.0757057666778564,7.939671516418457,8.514595985412598,2.5814144611358643,0.13048526644706726,0.05501989647746086,64.53536224365234,1.2176517248153687,4.884589672088623,3.452242851257324,8.8097562789917,188.10133576393127
66,2,0.9368967413902283,3.096356153488159,7.9020538330078125,8.487041473388672,2.552049398422241,0.1331034004688263,0.05538930371403694,63.80123519897461,1.2191197872161865,4.907724380493164,3.4749889373779297,8.80919361114502,188.11995434761047
67,2,0.9255865216255188,3.1167521476745605,7.864649772644043,8.45971965789795,2.523347854614258,0.13573522865772247,0.0557541586458683,63.08369445800781,1.2205955982208252,4.930391788482666,3.497819185256958,8.80853271484375,188.13853430747986
68,2,0.9144042730331421,3.13689923286438,7.827467918395996,8.432638168334961,2.495288372039795,0.1383802741765976,0.056114561855793,62.38220977783203,1.2220792770385742,4.952587127685547,3.520726203918457,8.807777404785156,188.15715432167053
69,2,0.9033472537994385,3.1568031311035156,7.790515422821045,8.405803680419922,2.4678497314453125,0.14103813469409943,0.056470613926649094,61.69624328613281,1.2235713005065918,4.974302291870117,3.543703079223633,8.806928634643555,188.17574524879456
70,2,0.8924120664596558,3.176469326019287,7.753795146942139,8.379218101501465,2.4410104751586914,0.1437084674835205,0.056822411715984344,61.02526092529297,1.225071668624878,5.0001540184021,3.566742181777954,8.805986404418945,188.19435620307922
71,2,0.8815963864326477,3.195903778076172,7.717313289642334,8.352887153625488,2.4147515296936035,0.14639094471931458,0.057170066982507706,60.36878967285156,1.2265806198120117,5.038424491882324,3.5898358821868896,8.804952621459961,190.5197515487671
72,2,0.8708966970443726,3.2151131629943848,7.68107271194458,8.326813697814941,2.389052152633667,0.14908529818058014,0.05751369521021843,59.72630310058594,1.2280982732772827,5.076486587524414,3.612973928451538,8.803829193115234,190.5384132862091
73,2,0.8603100776672363,3.2341041564941406,7.645077705383301,8.301002502441406,2.363893508911133,0.15179131925106049,0.05785341560840607,59.09733581542969,1.2296252250671387,5.114330291748047,3.6361494064331055,8.802616119384766,190.5570514202118
74,2,0.8498333692550659,3.252883195877075,7.609330177307129,8.2754545211792,2.339257001876831,0.1545087993144989,0.05818934366106987,58.48142623901367,1.23116135597229,5.151940822601318,3.659353017807007,8.801316261291504,190.57570600509644
75,2,0.8394632339477539,3.271458864212036,7.573832988739014,8.250175476074219,2.315124034881592,0.15723764896392822,0.058521635830402374,57.87810134887695,1.2327073812484741,5.189304828643799,3.6825742721557617,8.799927711486816,190.59429907798767
76,2,0.829196572303772,3.2898387908935547,7.5385894775390625,8.225167274475098,2.2914769649505615,0.15997782349586487,0.058850426226854324,57.286922454833984,1.23426353931427,5.22641134262085,3.7058050632476807,8.798454284667969,190.61291980743408
77,2,0.8190299272537231,3.308030605316162,7.503600120544434,8.200431823730469,2.268298387527466,0.16272923350334167,0.05917585268616676,56.70745849609375,1.2358301877975464,5.263244152069092,3.729203939437866,8.796895980834961,190.63147807121277
78,2,0.8089597821235657,3.3260433673858643,7.468866348266602,8.175972938537598,2.2455708980560303,0.1654919683933258,0.059498075395822525,56.1392707824707,1.2374078035354614,5.299790382385254,3.753295660018921,8.79525375366211,190.65010571479797
79,2,0.7989829182624817,3.3438854217529297,7.434388637542725,8.1517915725708,2.223278522491455,0.16826610267162323,0.05981724336743355,55.58196258544922,1.2389968633651733,5.3360371589660645,3.7773685455322266,8.793526649475098,190.6686806678772
80,2,0.789095938205719,3.361565351486206,7.400167465209961,8.127890586853027,2.2014052867889404,0.17105169594287872,0.06013350933790207,55.035133361816406,1.2405978441238403,5.371970176696777,3.8014118671417236,8.791718482971191,190.68726634979248
81,2,0.779295027256012,3.3790931701660156,7.366203308105469,8.10427188873291,2.1799349784851074,0.17384906113147736,0.06044705584645271,54.498374938964844,1.242211103439331,5.407575607299805,3.8254129886627197,8.789827346801758,193.0211639404297
82,2,0.7695767879486084,3.3964781761169434,7.332494735717773,8.080936431884766,2.1588523387908936,0.17665839195251465,0.06075805053114891,53.971309661865234,1.2438374757766724,5.4428391456604,3.849363327026367,8.787854194641113,193.03982424736023
83,2,0.7599376440048218,3.413728713989258,7.299039840698242,8.057886123657227,2.1381428241729736,0.17947988212108612,0.061066634953022,53.45357131958008,1.2454770803451538,5.477746963500977,3.8732504844665527,8.785801887512207,193.0583975315094
84,2,0.7503740787506104,3.430856227874756,7.26584005355835,8.035123825073242,2.1177921295166016,0.1823139488697052,0.061373021453619,52.944801330566406,1.2471309900283813,5.5122857093811035,3.8970630168914795,8.783668518066406,193.07702493667603
85,2,0.740882396697998,3.447869062423706,7.232890605926514,8.01264762878418,2.097785711288452,0.18516096472740173,0.06167735904455185,52.44464111328125,1.2487993240356445,5.54644250869751,3.920789957046509,8.781454086303711,193.09563326835632
86,2,0.7314590215682983,3.4647793769836426,7.200193881988525,7.990462303161621,2.078110456466675,0.18802142143249512,0.061979860067367554,51.952762603759766,1.2504830360412598,5.580203056335449,3.9444189071655273,8.77916145324707,193.11424493789673
87,2,0.7221003770828247,3.481595993041992,7.167745113372803,7.968568325042725,2.0587527751922607,0.1908956915140152,0.06228068470954895,51.46881866455078,1.2521828413009644,5.613553524017334,3.967938184738159,8.776788711547852,193.13278985023499
88,2,0.712802529335022,3.498330593109131,7.135543346405029,7.946968078613281,2.0396995544433594,0.19378437101840973,0.06258004158735275,50.992488861083984,1.253899335861206,5.646483421325684,3.991335391998291,8.774336814880371,193.15142941474915
89,2,0.703562319278717,3.5149924755096436,7.103585720062256,7.925660610198975,2.0209391117095947,0.1966879963874817,0.0628780946135521,50.52347946166992,1.2556331157684326,5.678978443145752,4.014598846435547,8.771807670593262,193.1699697971344
90,2,0.6943755745887756,3.531593084335327,7.071868419647217,7.904648780822754,2.002458333969116,0.19960719347000122,0.06317505985498428,50.061458587646484,1.257385015487671,5.711026191711426,4.037715435028076,8.769198417663574,193.18861269950867
91,2,0.6852392554283142,3.548142910003662,7.0403900146484375,7.8839335441589355,1.9842464923858643,0.20254257321357727,0.06347110867500305,49.606163024902344,1.2591558694839478,5.74261474609375,4.060672760009766,8.766510963439941,195.53468656539917
92,2,0.6761493682861328,3.564652919769287,7.0091471672058105,7.863516330718994,1.9662916660308838,0.20549485087394714,0.06376644968986511,49.157291412353516,1.260946273803711,5.773734092712402,4.083457946777344,8.763745307922363,195.55337190628052
93,2,0.6671023368835449,3.5811338424682617,6.978135585784912,7.843398094177246,1.9485827684402466,0.20846472680568695,0.06406126916408539,48.714569091796875,1.2627570629119873,5.8043718338012695,4.106057643890381,8.760900497436523,195.57198476791382
94,2,0.658094584941864,3.5975985527038574,6.947356224060059,7.823585033416748,1.9311093091964722,0.21145296096801758,0.06435579806566238,48.277732849121094,1.264589548110962,5.8345208168029785,4.128458499908447,8.757977485656738,195.59061670303345
95,2,0.6491228938102722,3.6140549182891846,6.916800022125244,7.804070472717285,1.9138613939285278,0.21446041762828827,0.06465017795562744,47.846534729003906,1.2664438486099243,5.864167213439941,4.1506476402282715,8.754975318908691,195.60920405387878
96,2,0.6401833295822144,3.63051700592041,6.886468410491943,7.7848639488220215,1.896828532218933,0.21748779714107513,0.06494466215372086,47.420711517333984,1.2683213949203491,5.893304347991943,4.175680160522461,8.7518949508667,195.62782502174377
97,2,0.6312724947929382,3.6469953060150146,6.856356143951416,7.765964031219482,1.8800013065338135,0.22053608298301697,0.06523943692445755,47.00003433227539,1.2702230215072632,5.921924591064453,4.210139274597168,8.748733520507812,195.64638566970825
98,2,0.6223870515823364,3.6635000705718994,6.82645845413208,7.747371673583984,1.863370656967163,0.22360609471797943,0.06553468108177185,46.584266662597656,1.2721494436264038,5.950018405914307,4.2452311515808105,8.745494842529297,195.6650252342224
99,2,0.6135234832763672,3.6800436973571777,6.796773910522461,7.729091167449951,1.846927523612976,0.22669874131679535,0.06583062559366226,46.173187255859375,1.274101734161377,5.97758150100708,4.28095817565918,8.74217414855957,195.68360924720764
100,2,0.6046782732009888,3.69663667678833,6.767296314239502,7.711122989654541,1.8306630849838257,0.22981494665145874,0.06612744927406311,45.766578674316406,1.2760807275772095,6.004605293273926,4.317321300506592,8.738773345947266,195.70222783088684
101,2,0.5958482623100281,3.7132906913757324,6.73802375793457,7.693470478057861,1.8145694732666016,0.2329556792974472,0.06642536073923111,45.364234924316406,1.2780876159667969,6.031085968017578,4.354321479797363,8.735292434692383,198.07360887527466
102,2,0.5870298147201538,3.73001766204834,6.7089524269104,7.6761369705200195,1.7986382246017456,0.23612193763256073,0.06672458350658417,44.9659538269043,1.2801233530044556,6.057018280029297,4.391960620880127,8.731730461120605,198.09230971336365
103,2,0.578220009803772,3.746828556060791,6.680078506469727,7.659123420715332,1.7828620672225952,0.23931476473808289,0.0670253112912178,44.57155227661133,1.282188892364502,6.082398891448975,4.430235862731934,8.7280855178833,198.1109278202057
104,2,0.569415271282196,3.763735294342041,6.651398658752441,7.642435073852539,1.7672333717346191,0.24253511428833008,0.06732774525880814,44.18083572387695,1.2842854261398315,6.107224941253662,4.4691481590271,8.724358558654785,198.12956619262695
105,2,0.5606125593185425,3.780748128890991,6.622907638549805,7.626071453094482,1.7517452239990234,0.24578407406806946,0.06763207912445068,43.79363250732422,1.2864139080047607,6.131491661071777,4.508695602416992,8.720547676086426,198.14814114570618
106,2,0.5518085956573486,3.797879457473755,6.594602108001709,7.610037326812744,1.7363905906677246,0.24906276166439056,0.06793853640556335,43.40976333618164,1.2885754108428955,6.155198574066162,4.54887580871582,8.716654777526855,198.16673159599304
107,2,0.5430002212524414,3.815140962600708,6.566479682922363,7.59433650970459,1.721163034439087,0.25237220525741577,0.06824731826782227,43.029075622558594,1.2907710075378418,6.178342819213867,4.589686393737793,8.712675094604492,198.18532466888428
108,2,0.5341843962669373,3.832542896270752,6.538533687591553,7.5789713859558105,1.7060562372207642,0.25571340322494507,0.06855861097574234,42.651405334472656,1.2930018901824951,6.200922966003418,4.631124973297119,8.708611488342285,198.2039556503296
109,2,0.5253578424453735,3.8500986099243164,6.510762691497803,7.5639472007751465,1.6910638809204102,0.2590876519680023,0.06887266039848328,42.27659606933594,1.2952693700790405,6.222937107086182,4.673187255859375,8.704461097717285,198.22256135940552
110,2,0.5165178775787354,3.8678176403045654,6.483161926269531,7.549264907836914,1.6761808395385742,0.2624959647655487,0.06918962299823761,41.90452194213867,1.2975742816925049,6.244383335113525,4.715867042541504,8.700224876403809,198.24118280410767
111,2,0.5076613426208496,3.885711908340454,6.455726146697998,7.534928798675537,1.6614011526107788,0.26593953371047974,0.06950972974300385,41.535030364990234,1.2999176979064941,6.265260696411133,4.759854793548584,8.69589900970459,200.6164300441742
112,2,0.4987850785255432,3.9037938117980957,6.42845344543457,7.5209455490112305,1.6467194557189941,0.269419401884079,0.0698331892490387,41.16798782348633,1.3023011684417725,6.285567283630371,4.804527282714844,8.691485404968262,200.6350965499878
113,2,0.4898865222930908,3.92207407951355,6.401338577270508,7.5073161125183105,1.6321309804916382,0.2729368507862091,0.07016019523143768,40.80327606201172,1.3047256469726562,6.305301189422607,4.849833965301514,8.686983108520508,200.65372014045715
114,2,0.48096248507499695,3.9405641555786133,6.374377250671387,7.494046211242676,1.6176306009292603,0.2764929533004761,0.07049095630645752,40.440765380859375,1.3071922063827515,6.324458599090576,4.8957695960998535,8.682388305664062,200.67236638069153
115,2,0.4720103144645691,3.959275484085083,6.347565650939941,7.481139659881592,1.603213906288147,0.2800889313220978,0.07082567363977432,40.08034896850586,1.3097023963928223,6.343038082122803,4.94232177734375,8.677702903747559,200.69099712371826
116,2,0.46302729845046997,3.978219509124756,6.3209004402160645,7.468601703643799,1.588876724243164,0.2837258279323578,0.0711645558476448,39.72191619873047,1.3122570514678955,6.3655877113342285,4.989483833312988,8.672924995422363,200.70960450172424
117,2,0.4540104866027832,3.9974076747894287,6.294376373291016,7.4564361572265625,1.5746145248413086,0.28740498423576355,0.07150780409574509,39.36536407470703,1.3148576021194458,6.406627655029297,5.0372419357299805,8.668052673339844,200.72822761535645
118,2,0.44495731592178345,4.016850471496582,6.267988204956055,7.444646835327148,1.5604236125946045,0.29112744331359863,0.07185560464859009,39.010589599609375,1.3175050020217896,6.447413444519043,5.0855841636657715,8.6630859375,200.74684643745422
119,2,0.43586501479148865,4.03656005859375,6.241733074188232,7.433239459991455,1.5463000535964966,0.2948944568634033,0.07220818102359772,38.657501220703125,1.3202006816864014,6.487909317016602,5.134495735168457,8.658024787902832,200.7654070854187
120,2,0.4267311990261078,4.056545734405518,6.215604782104492,7.42221736907959,1.5322407484054565,0.2987070083618164,0.07256569713354111,38.3060188293457,1.3229457139968872,6.528079509735107,5.183963298797607,8.652865409851074,200.78403735160828
121,2,0.4175531566143036,4.076821327209473,6.189601898193359,7.411588668823242,1.5182421207427979,0.30256640911102295,0.07292839884757996,37.9560546875,1.3257414102554321,6.567888259887695,5.233968734741211,8.64760971069336,203.17104840278625
122,2,0.4083286225795746,4.097396373748779,6.163719177246094,7.401357650756836,1.5043014287948608,0.30647367238998413,0.073296457529068,37.60753631591797,1.3285889625549316,6.607298851013184,5.284493446350098,8.642253875732422,203.1897234916687
123,2,0.39905473589897156,4.11828088760376,6.137948513031006,7.391525745391846,1.4904152154922485,0.31043004989624023,0.07367005199193954,37.260379791259766,1.3314894437789917,6.6462721824646,5.3355183601379395,8.636799812316895,203.2083613872528
124,2,0.38972949981689453,4.139487266540527,6.1122894287109375,7.3821024894714355,1.476581335067749,0.31443649530410767,0.07404939830303192,36.91453170776367,1.3344441652297974,6.684776782989502,5.387022495269775,8.631243705749512,203.22704482078552
125,2,0.3803504705429077,4.1610236167907715,6.086733341217041,7.373088836669922,1.4627971649169922,0.31849414110183716,0.07443465292453766,36.56993103027344,1.3374539613723755,6.722772598266602,5.43898344039917,8.625585556030273,203.24557828903198
126,2,0.37091538310050964,4.182902812957764,6.061278820037842,7.364494323730469,1.4490604400634766,0.3226039409637451,0.07482603937387466,36.22650909423828,1.3405205011367798,6.760225772857666,5.491374492645264,8.619826316833496,203.26419258117676
127,2,0.36142221093177795,4.205133438110352,6.035919666290283,7.356321811676025,1.4353693723678589,0.3267669379711151,0.07522371411323547,35.88423538208008,1.3436444997787476,6.797101020812988,5.5441718101501465,8.613961219787598,203.28274536132812
128,2,0.3518686890602112,4.227725505828857,6.010649681091309,7.348576545715332,1.4217218160629272,0.33098411560058594,0.07562785595655441,35.54304504394531,1.3468272686004639,6.8333635330200195,5.597344875335693,8.607993125915527,203.3013768196106
129,2,0.3422528803348541,4.250689506530762,5.9854655265808105,7.341264247894287,1.408116340637207,0.3352563679218292,0.07603864371776581,35.20290756225586,1.3500698804855347,6.8689775466918945,5.65086555480957,8.601919174194336,203.31993627548218
130,2,0.33257296681404114,4.27403450012207,5.960361957550049,7.334390640258789,1.3945516347885132,0.3395845890045166,0.07645625621080399,34.863792419433594,1.353373408317566,6.9039106369018555,5.704702377319336,8.595738410949707,203.33859777450562
131,2,0.32282698154449463,4.297770023345947,5.935333728790283,7.327960968017578,1.3810263872146606,0.34396958351135254,0.07688084989786148,34.52566146850586,1.3567390441894531,6.938130855560303,5.758819103240967,8.589449882507324,205.71192860603333
132,2,0.31301334500312805,4.321904182434082,5.910375595092773,7.321979999542236,1.3675397634506226,0.34841206669807434,0.07731257379055023,34.18849563598633,1.3601675033569336,6.971602916717529,5.81318473815918,8.583053588867188,205.7306182384491
133,2,0.3031303286552429,4.346445083618164,5.885481834411621,7.316452980041504,1.354090929031372,0.35291263461112976,0.07775157690048218,33.852272033691406,1.3636598587036133,7.004299163818359,5.867758750915527,8.57654857635498,205.74923706054688
134,2,0.2931763231754303,4.371401309967041,5.860646724700928,7.3113837242126465,1.3406791687011719,0.35747215151786804,0.07819800823926926,33.5169792175293,1.3672171831130981,7.036188125610352,5.92250394821167,8.569933891296387,205.7679386138916
135,2,0.2831500768661499,4.396780490875244,5.8358659744262695,7.306778430938721,1.3273043632507324,0.36209094524383545,0.07865200191736221,33.18260955810547,1.3708404302597046,7.0672407150268555,5.97737979888916,8.56320858001709,205.786616563797
136,2,0.2730502486228943,4.422590732574463,5.8111348152160645,7.302643299102783,1.3139662742614746,0.36676961183547974,0.07911370694637299,32.84915542602539,1.37453031539917,7.0974297523498535,6.032344341278076,8.55637264251709,205.80534029006958
137,2,0.26287540793418884,4.448837757110596,5.7864460945129395,7.298980236053467,1.3006646633148193,0.37150850892066956,0.07958322763442993,32.51661682128906,1.378287672996521,7.1267290115356445,6.0873517990112305,8.549424171447754,205.8239324092865
138,2,0.2526249587535858,4.475526332855225,5.761794090270996,7.295793533325195,1.2874003648757935,0.37630775570869446,0.08006065338850021,32.18500900268555,1.3821132183074951,7.155110836029053,6.142361640930176,8.542364120483398,205.84258699417114
139,2,0.24229754507541656,4.5026631355285645,5.737173080444336,7.293087959289551,1.2741732597351074,0.38116762042045593,0.08054608851671219,31.854331970214844,1.3860076665878296,7.182553291320801,6.197323322296143,8.535191535949707,205.86124444007874
140,2,0.2318924218416214,4.530254364013672,5.712578773498535,7.290868282318115,1.2609840631484985,0.3860883116722107,0.08103965222835541,31.524600982666016,1.3899718523025513,7.20903205871582,6.252190113067627,8.527905464172363,205.87989592552185
141,2,0.2214091271162033,4.558303356170654,5.688005447387695,7.289138317108154,1.2478338479995728,0.39106959104537964,0.08154141157865524,31.195846557617188,1.3940061330795288,7.23452615737915,6.306912899017334,8.520505905151367,208.26559734344482
142,2,0.2108469158411026,4.586813926696777,5.663446426391602,7.287899971008301,1.2347233295440674,0.39611148834228516,0.08205142617225647,30.868083953857422,1.39811110496521,7.2590155601501465,6.3614420890808105,8.512992858886719,208.28428411483765
143,2,0.20020543038845062,4.615787506103516,5.638894081115723,7.287154197692871,1.221653699874878,0.4012136459350586,0.08256971836090088,30.54134178161621,1.402287244796753,7.282478332519531,6.415727138519287,8.505365371704102,208.30287313461304
144,2,0.18948429822921753,4.645228385925293,5.614344596862793,7.286906719207764,1.2086261510849,0.4063756763935089,0.08309637010097504,30.215654373168945,1.4065346717834473,7.304897308349609,6.469712734222412,8.497623443603516,208.32150292396545
145,2,0.17868347465991974,4.675136566162109,5.5897908210754395,7.28715705871582,1.1956422328948975,0.4115971326828003,0.08363138884305954,29.891056060791016,1.4108539819717407,7.326253890991211,6.523350715637207,8.489767074584961,208.34010457992554
146,2,0.16780272126197815,4.705513000488281,5.565225601196289,7.287907123565674,1.1827032566070557,0.4168773591518402,0.08417477458715439,29.567581176757812,1.4152451753616333,7.346531867980957,6.576585292816162,8.481796264648438,208.3586986064911
147,2,0.15684251487255096,4.73635721206665,5.540644645690918,7.289157867431641,1.1698113679885864,0.4222155213356018,0.08472653478384018,29.245285034179688,1.4197083711624146,7.3657145500183105,6.629364967346191,8.473711013793945,208.37725687026978
148,2,0.14580288529396057,4.767667770385742,5.5160393714904785,7.2909088134765625,1.156968116760254,0.42761075496673584,0.08528663218021393,28.92420196533203,1.4242435693740845,7.383786201477051,6.681633472442627,8.465509414672852,208.39584040641785
149,2,0.13468420505523682,4.799442291259766,5.491404056549072,7.293159008026123,1.144175410270691,0.4330621361732483,0.08585503697395325,28.604385375976562,1.428850531578064,7.400731086730957,6.733341217041016,8.457194328308105,208.41442799568176
150,2,0.12348708510398865,4.831676959991455,5.46673059463501,7.295906066894531,1.1314353942871094,0.4385683834552765,0.08643166720867157,28.285884857177734,1.433529257774353,7.416534423828125,6.784430980682373,8.448763847351074,208.43303418159485
151,2,0.1122121810913086,4.864368915557861,5.442013740539551,7.299150466918945,1.1187502145767212,0.44412821531295776,0.08701647818088531,27.9687557220459,1.4382792711257935,7.431180477142334,6.834854602813721,8.440220832824707,210.8048837184906
152,2,0.1008601114153862,4.897513389587402,5.4172468185424805,7.302889823913574,1.1061218976974487,0.4497402608394623,0.08760938793420792,27.653047561645508,1.4431004524230957,7.444657802581787,6.884555816650391,8.431561470031738,210.82354307174683
153,2,0.08943209052085876,4.931101322174072,5.392420768737793,7.307117462158203,1.093553066253662,0.45540276169776917,0.08821022510528564,27.33882713317871,1.4479917287826538,7.461498737335205,6.9334869384765625,8.4227876663208,210.84220910072327
154,2,0.07792874425649643,4.965126037597656,5.367527961730957,7.311828136444092,1.0810456275939941,0.4611143469810486,0.08881887793540955,27.026140213012695,1.4529526233673096,7.505275726318359,6.9816412925720215,8.413900375366211,210.860844373703
155,2,0.06635144352912903,4.9995808601379395,5.342563152313232,7.317020893096924,1.068602204322815,0.46687284111976624,0.08943521976470947,26.715055465698242,1.4579827785491943,7.549195766448975,7.043246269226074,8.404898643493652,210.87944078445435
156,2,0.05470140278339386,5.034454345703125,5.317517280578613,7.3226847648620605,1.0562251806259155,0.4726766347885132,0.0900590568780899,26.405630111694336,1.463080883026123,7.5932745933532715,7.127481460571289,8.395785331726074,210.89807534217834
157,2,0.04297958314418793,5.069737434387207,5.292383193969727,7.328816890716553,1.0439165830612183,0.4785234332084656,0.09069022536277771,26.09791374206543,1.4682462215423584,7.6375274658203125,7.211910247802734,8.386556625366211,210.91669344902039
158,2,0.031187836080789566,5.105417728424072,5.267153739929199,7.335407257080078,1.0316792726516724,0.4844111204147339,0.09132848680019379,25.791982650756836,1.4734776020050049,7.6819748878479,7.2964935302734375,8.377216339111328,210.93533277511597
159,2,0.019327528774738312,5.141479969024658,5.241818428039551,7.342443943023682,1.0195155143737793,0.49033740162849426,0.09197358787059784,25.48788833618164,1.4787734746932983,7.7266316413879395,7.381195068359375,8.367761611938477,210.95397925376892
160,2,0.007399887777864933,5.177913188934326,5.216371059417725,7.349919319152832,1.0074273347854614,0.4963001310825348,0.09262532740831375,25.185684204101562,1.4841327667236328,7.771522045135498,7.465975284576416,8.358195304870605,210.97261571884155
161,2,-0.00459335558116436,5.2147016525268555,5.190803527832031,7.357822895050049,0.9954171776771545,0.5022966265678406,0.09328342229127884,24.88542938232422,1.4895542860031128,7.816664695739746,7.550797939300537,8.348516464233398,213.35484433174133
162,2,-0.016650546342134476,5.251829147338867,5.165107250213623,7.366141319274902,0.9834873080253601,0.5083245635032654,0.09394757449626923,24.587182998657227,1.4950361251831055,7.8620805740356445,7.635622501373291,8.338726997375488,213.37349128723145
163,2,-0.02876998484134674,5.28927755355835,5.139273166656494,7.374861717224121,0.9716399312019348,0.5143810510635376,0.09461747854948044,24.290998458862305,1.5005768537521362,7.907784938812256,7.720411777496338,8.328824996948242,213.39214253425598
164,2,-0.040950361639261246,5.327029705047607,5.113292217254639,7.383969783782959,0.9598767757415771,0.5204636454582214,0.09529280662536621,23.996919631958008,1.5061746835708618,7.953793048858643,7.805126667022705,8.318811416625977,213.41079187393188
165,2,-0.05318959057331085,5.365066051483154,5.087156772613525,7.393449783325195,0.9482002258300781,0.5265697240829468,0.09597322344779968,23.705005645751953,1.5118274688720703,8.000117301940918,7.889729022979736,8.308688163757324,213.42936038970947
166,2,-0.06548641622066498,5.403367519378662,5.060857772827148,7.403287410736084,0.9366117715835571,0.5326964259147644,0.0966583788394928,23.415294647216797,1.517533779144287,8.046767234802246,7.974179744720459,8.298452377319336,213.44798040390015
167,2,-0.07783884555101395,5.441911220550537,5.034385681152344,7.413463115692139,0.9251134991645813,0.5388410091400146,0.09734787046909332,23.127838134765625,1.523290991783142,8.093745231628418,8.058443069458008,8.288108825683594,213.46653819084167
168,2,-0.09024537354707718,5.480678081512451,5.0077338218688965,7.4239630699157715,0.9137069582939148,0.5450006127357483,0.0980413481593132,22.842674255371094,1.5290976762771606,8.141054153442383,8.143088340759277,8.277652740478516,213.48514461517334
169,2,-0.10270457714796066,5.5196452140808105,4.980892181396484,7.434767723083496,0.9023935198783875,0.5511724948883057,0.0987384170293808,22.559837341308594,1.5349513292312622,8.188691139221191,8.22841739654541,8.267087936401367,213.503746509552
170,2,-0.11521469056606293,5.558786869049072,4.953850746154785,7.445854663848877,0.8911747932434082,0.5573537945747375,0.0994386076927185,22.279369354248047,1.5408495664596558,8.249484062194824,8.313514709472656,8.256413459777832,213.52237939834595
171,2,-0.12777438759803772,5.598083019256592,4.9266037940979,7.457208633422852,0.8800519108772278,0.5635417103767395,0.10014155507087708,22.001296997070312,1.5467904806137085,8.310585021972656,8.39834213256836,8.245628356933594,215.89932012557983
172,2,-0.14038175344467163,5.637505054473877,4.89914083480835,7.468804836273193,0.8690264225006104,0.5697333812713623,0.10084675997495651,21.72566032409668,1.5527712106704712,8.371255874633789,8.482863426208496,8.234734535217285,215.91797423362732
173,2,-0.15303581953048706,5.677033424377441,4.871456623077393,7.48062801361084,0.8580989837646484,0.5759261250495911,0.10155386477708817,21.45247459411621,1.5587900876998901,8.431475639343262,8.567042350769043,8.223732948303223,215.93661308288574
174,2,-0.16573500633239746,5.716638565063477,4.843540668487549,7.492652416229248,0.8472707271575928,0.5821170806884766,0.10226234048604965,21.1817684173584,1.564844012260437,8.49122142791748,8.650847434997559,8.212620735168457,215.95524644851685
175,2,-0.17847797274589539,5.756298542022705,4.815388202667236,7.5048604011535645,0.8365424871444702,0.5883033871650696,0.10297179967164993,20.913562774658203,1.5709311962127686,8.5504732131958,8.73424243927002,8.201399803161621,215.9738278388977
176,2,-0.19126322865486145,5.795985221862793,4.786992073059082,7.517229080200195,0.8259151577949524,0.5944823622703552,0.10368173569440842,20.647878646850586,1.5770487785339355,8.609209060668945,8.81719970703125,8.190070152282715,215.99241638183594
177,2,-0.20408986508846283,5.835672378540039,4.758343696594238,7.5297346115112305,0.815389096736908,0.6006513833999634,0.1043916791677475,20.384727478027344,1.583194375038147,8.667409896850586,8.899688720703125,8.178632736206055,216.01099705696106
178,2,-0.21695630252361298,5.875336647033691,4.729441165924072,7.542359828948975,0.8049651384353638,0.6068075895309448,0.10510122030973434,20.124128341674805,1.5893657207489014,8.725061416625977,8.981682777404785,8.167086601257324,216.02965354919434
179,2,-0.22986158728599548,5.914949893951416,4.700276851654053,7.555079936981201,0.7946435809135437,0.6129485964775085,0.10580984503030777,19.8660888671875,1.5955601930618286,8.782147407531738,9.063158988952637,8.155431747436523,216.04820489883423
180,2,-0.24280473589897156,5.9544901847839355,4.670848846435547,7.567878723144531,0.7844246625900269,0.6190714836120605,0.10651715844869614,19.61061668395996,1.601775884628296,8.838661193847656,9.144095420837402,8.143668174743652,216.0667963027954
181,2,-0.2557845115661621,5.993929386138916,4.641152381896973,7.580731391906738,0.7743088006973267,0.6251741647720337,0.10722266882658005,19.35771942138672,1.6080100536346436,8.894594192504883,9.224472045898438,8.131796836853027,218.44453120231628
182,2,-0.26879966259002686,6.033243656158447,4.6111860275268555,7.593620300292969,0.7642963528633118,0.631253719329834,0.10792594403028488,19.10740852355957,1.6142606735229492,8.949946403503418,9.304276466369629,8.119817733764648,218.46316170692444
183,2,-0.28184959292411804,6.072409629821777,4.5809478759765625,7.6065263748168945,0.7543871402740479,0.6373079419136047,0.10862656682729721,18.859678268432617,1.6205254793167114,9.004722595214844,9.383495330810547,8.1077299118042,218.48177695274353
184,2,-0.29493269324302673,6.111401557922363,4.550437927246094,7.619430065155029,0.7445816993713379,0.6433342099189758,0.10932407528162003,18.61454200744629,1.6268023252487183,9.058926582336426,9.462121963500977,8.095535278320312,218.50044345855713
185,2,-0.3080483376979828,6.150197505950928,4.519655704498291,7.6323137283325195,0.7348797917366028,0.6493303179740906,0.11001808196306229,18.371994018554688,1.6330891847610474,9.112571716308594,9.540148735046387,8.083232879638672,218.51903200149536
186,2,-0.3211953639984131,6.188774585723877,4.4886040687561035,7.645162105560303,0.7252815365791321,0.6552935838699341,0.11070816963911057,18.132038116455078,1.6393840312957764,9.165670394897461,9.617576599121094,8.070822715759277,218.53767490386963
187,2,-0.33437272906303406,6.22711181640625,4.457285404205322,7.657957553863525,0.7157869338989258,0.6612221598625183,0.11139396578073502,17.894672393798828,1.645685076713562,9.218236923217773,9.694404602050781,8.058304786682129,218.5562767982483
188,2,-0.3475792407989502,6.265186786651611,4.425703048706055,7.670685768127441,0.7063960433006287,0.6671134233474731,0.1120750680565834,17.659900665283203,1.6519904136657715,9.270292282104492,9.771739959716797,8.04568099975586,218.57486820220947
189,2,-0.36081385612487793,6.302980899810791,4.393863201141357,7.683332443237305,0.6971087455749512,0.672965407371521,0.11275114864110947,17.427719116210938,1.6582982540130615,9.32185173034668,9.849312782287598,8.032949447631836,218.5934865474701
190,2,-0.374075323343277,6.34047269821167,4.361770153045654,7.695884704589844,0.6879251003265381,0.6787755489349365,0.11342182755470276,17.19812774658203,1.6646071672439575,9.37293529510498,9.926386833190918,8.020112037658691,218.6121072769165
191,2,-0.38736292719841003,6.377647399902344,4.329432010650635,7.7083306312561035,0.678844690322876,0.6845423579216003,0.1140868291258812,16.97111701965332,1.6709154844284058,9.423562049865723,10.00297737121582,8.007168769836426,220.99490571022034
192,2,-0.40067505836486816,6.414484024047852,4.296855449676514,7.720658779144287,0.6698676943778992,0.6902632713317871,0.11474578082561493,16.746692657470703,1.6772218942642212,9.47375202178955,10.0791015625,7.994119167327881,221.01360154151917
193,2,-0.41401079297065735,6.450968265533447,4.264050006866455,7.7328596115112305,0.6609938144683838,0.695936381816864,0.11539842933416367,16.524845123291016,1.6835249662399292,9.52352523803711,10.154777526855469,7.980964183807373,221.03222489356995
194,2,-0.4273689389228821,6.487084865570068,4.231025218963623,7.7449235916137695,0.6522228717803955,0.7015601396560669,0.11604450643062592,16.305572509765625,1.6898235082626343,9.572901725769043,10.230029106140137,7.967704772949219,221.05085587501526
195,2,-0.44074827432632446,6.522818088531494,4.197790145874023,7.756842136383057,0.6435546875,0.7071322798728943,0.1166837215423584,16.0888671875,1.6961164474487305,9.62190055847168,10.304879188537598,7.954340934753418,221.06941318511963
196,2,-0.4541477560997009,6.558154582977295,4.164355278015137,7.768606662750244,0.6349889039993286,0.7126511931419373,0.11731583625078201,15.874722480773926,1.7024023532867432,9.670541763305664,10.379349708557129,7.940873146057129,221.08802819252014
197,2,-0.46756625175476074,6.59308385848999,4.130733489990234,7.780212879180908,0.6265252232551575,0.7181153893470764,0.11794067174196243,15.663130760192871,1.7086811065673828,9.718844413757324,10.453470230102539,7.927302360534668,221.1066346168518
198,2,-0.4810026288032532,6.627593040466309,4.096934795379639,7.791653156280518,0.6181632876396179,0.7235231399536133,0.11855798959732056,15.454082489013672,1.7149510383605957,9.766827583312988,10.527263641357422,7.913628578186035,221.1252670288086
199,2,-0.4944556951522827,6.661670207977295,4.062971115112305,7.802921772003174,0.6099027991294861,0.7288727760314941,0.11916758120059967,15.247570037841797,1.7212116718292236,9.814510345458984,10.600760459899902,7.899853229522705,221.14381313323975
200,2,-0.5079246759414673,6.695308685302734,4.028855800628662,7.8140153884887695,0.6017431020736694,0.7341633439064026,0.11976932734251022,15.043577194213867,1.7274625301361084,9.861915588378906,10.673981666564941,7.885976314544678,221.16242265701294
201,2,-0.5214083790779114,6.72849702835083,3.9946000576019287,7.824928283691406,0.5936838388442993,0.7393930554389954,0.1203630194067955,14.842096328735352,1.7337026596069336,9.90906047821045,10.746955871582031,7.871999263763428,223.53876614570618
202,2,-0.5349059700965881,6.76123046875,3.9602174758911133,7.835659980773926,0.5857243537902832,0.7445610165596008,0.12094856798648834,14.643108367919922,1.7399319410324097,9.955975532531738,10.819706916809082,7.85792350769043,223.55749130249023
203,2,-0.5484165549278259,6.793499946594238,3.925719976425171,7.8462042808532715,0.5778641104698181,0.749666154384613,0.1215258240699768,14.446602821350098,1.7461497783660889,10.002684593200684,10.892257690429688,7.843748569488525,223.5760476589203
204,2,-0.5619391798973083,6.8253021240234375,3.8911213874816895,7.856563091278076,0.5701024532318115,0.7547072768211365,0.12209472060203552,14.252561569213867,1.7523558139801025,10.04922103881836,10.964630126953125,7.829476356506348,223.59471535682678
205,2,-0.575473427772522,6.856627941131592,3.8564319610595703,7.866727828979492,0.5624385476112366,0.7596839070320129,0.12265509366989136,14.06096363067627,1.7585495710372925,10.095613479614258,11.036844253540039,7.815107822418213,223.6133131980896
206,2,-0.5890178680419922,6.88747501373291,3.821666717529297,7.876702785491943,0.5548719763755798,0.7645944952964783,0.12320689857006073,13.87179946899414,1.7647310495376587,10.141901969909668,11.108916282653809,7.800644397735596,223.6319134235382
207,2,-0.6025725603103638,6.917839050292969,3.7868361473083496,7.886483669281006,0.5474016070365906,0.7694388628005981,0.12375006824731827,13.685040473937988,1.7708998918533325,10.188118934631348,11.18086051940918,7.786087512969971,223.65052914619446
208,2,-0.6161364316940308,6.947715759277344,3.751952886581421,7.896069049835205,0.540026843547821,0.7742161154747009,0.1242845207452774,13.50067138671875,1.7770558595657349,10.234305381774902,11.252687454223633,7.771437168121338,223.66914200782776
209,2,-0.6297091245651245,6.977102756500244,3.717028856277466,7.905457973480225,0.5327467322349548,0.7789259552955627,0.12481021136045456,13.318668365478516,1.7831989526748657,10.280499458312988,11.324408531188965,7.756695747375488,223.68768525123596
210,2,-0.6432899832725525,7.0059990882873535,3.6820764541625977,7.914651393890381,0.5255604982376099,0.7835677266120911,0.12532712519168854,13.139012336730957,1.789328932762146,10.326744079589844,11.396023750305176,7.7418646812438965,223.706298828125
211,2,-0.6568784117698669,7.034400463104248,3.647106409072876,7.923646926879883,0.5184672474861145,0.7881410121917725,0.12583518028259277,12.961681365966797,1.7954456806182861,10.373083114624023,11.467540740966797,7.726945400238037,226.07545471191406
212,2,-0.6704743504524231,7.062307357788086,3.6121294498443604,7.932444095611572,0.5114659070968628,0.7926458716392517,0.12633439898490906,12.78664779663086,1.8015493154525757,10.419563293457031,11.538952827453613,7.711939811706543,226.0941138267517
213,2,-0.6840771436691284,7.089720249176025,3.577158212661743,7.94104528427124,0.5045556426048279,0.797081708908081,0.1268247663974762,12.613890647888184,1.8076395988464355,10.46623420715332,11.610258102416992,7.6968488693237305,226.11273789405823
214,2,-0.6976866126060486,7.116635322570801,3.542201519012451,7.949446201324463,0.4977354407310486,0.80144864320755,0.1273062378168106,12.44338607788086,1.8137164115905762,10.515182495117188,11.681443214416504,7.681674003601074,226.13136219978333
215,2,-0.7113023400306702,7.143056869506836,3.5072717666625977,7.957651138305664,0.4910043179988861,0.8057464957237244,0.12777888774871826,12.275108337402344,1.8197799921035767,10.565671920776367,11.752500534057617,7.666418075561523,226.14992356300354
216,2,-0.7249239683151245,7.168981075286865,3.4723777770996094,7.9656572341918945,0.4843614101409912,0.8099750876426697,0.1282426416873932,12.10903549194336,1.8258296251296997,10.616373062133789,11.823415756225586,7.651082992553711,226.16855144500732
217,2,-0.7385512590408325,7.1944146156311035,3.4375319480895996,7.973470211029053,0.47780564427375793,0.8141344785690308,0.12869760394096375,11.945140838623047,1.8318660259246826,10.66732120513916,11.89417552947998,7.635669708251953,226.1871440410614
218,2,-0.7521836757659912,7.219356060028076,3.4027438163757324,7.981088161468506,0.4713361859321594,0.8182249069213867,0.12914377450942993,11.783404350280762,1.8378887176513672,10.718534469604492,11.964761734008789,7.620181560516357,226.20571517944336
219,2,-0.7658208608627319,7.243809700012207,3.3680245876312256,7.9885149002075195,0.46495211124420166,0.8222463130950928,0.12958121299743652,11.62380313873291,1.8438979387283325,10.770034790039062,12.035161972045898,7.604620456695557,226.22433137893677
220,2,-0.7794625759124756,7.267778396606445,3.3333842754364014,7.995752334594727,0.45865243673324585,0.8261989951133728,0.1300099790096283,11.466310501098633,1.84989333152771,10.821844100952148,12.105360984802246,7.5889892578125,226.24292373657227
221,2,-0.7931080460548401,7.291267395019531,3.298834800720215,8.00280475616455,0.4524364173412323,0.8300831317901611,0.1304301619529724,11.31091022491455,1.8558751344680786,10.873978614807129,12.175345420837402,7.57328987121582,228.62009000778198
222,2,-0.8067565560340881,7.314279556274414,3.2643868923187256,8.009675025939941,0.44630327820777893,0.8338987231254578,0.13084180653095245,11.15758228302002,1.8618431091308594,10.926451683044434,12.245113372802734,7.557525634765625,228.63874650001526
223,2,-0.8204074501991272,7.336817741394043,3.230050563812256,8.016366004943848,0.44025224447250366,0.8376457691192627,0.1312449872493744,11.006305694580078,1.8677970170974731,10.97927474975586,12.314659118652344,7.541699409484863,228.6573851108551
224,2,-0.8340598940849304,7.358889579772949,3.1958374977111816,8.022882461547852,0.4342825710773468,0.8413248062133789,0.13163982331752777,10.857064247131348,1.8737369775772095,11.032447814941406,12.383975982666016,7.525815010070801,228.67601013183594
225,2,-0.8477125763893127,7.3805012702941895,3.1617603302001953,8.029230117797852,0.42839372158050537,0.844936192035675,0.13202641904354095,10.709842681884766,1.8796628713607788,11.085970878601074,12.453067779541016,7.5098748207092285,228.69461154937744
226,2,-0.8613648414611816,7.401655673980713,3.1278281211853027,8.035409927368164,0.4225849211215973,0.8484801650047302,0.1324048489332199,10.56462287902832,1.885574221611023,11.1398344039917,12.521944046020508,7.493882656097412,228.71325635910034
227,2,-0.8750149011611938,7.422358989715576,3.0940535068511963,8.04142951965332,0.4168558120727539,0.8519564270973206,0.1327752023935318,10.421395301818848,1.8914711475372314,11.194026947021484,12.590600967407227,7.477842807769775,228.73183226585388
228,2,-0.8886615037918091,7.442618370056152,3.0604476928710938,8.04729175567627,0.4112057685852051,0.855366051197052,0.13313761353492737,10.280143737792969,1.897353172302246,11.24853801727295,12.659041404724121,7.461757659912109,228.7504484653473
229,2,-0.9023025631904602,7.462434768676758,3.027021646499634,8.052999496459961,0.4056345820426941,0.8587085008621216,0.1334920972585678,10.140864372253418,1.9032196998596191,11.30335521697998,12.727273941040039,7.4456329345703125,228.76905059814453
230,2,-0.9159364700317383,7.481817245483398,2.9937872886657715,8.058557510375977,0.40014171600341797,0.8619847893714905,0.13383881747722626,10.00354290008545,1.9090708494186401,11.35847282409668,12.7952880859375,7.429471015930176,228.7876992225647
231,2,-0.9295608997344971,7.500770092010498,2.960756301879883,8.063970565795898,0.3947269916534424,0.8651946783065796,0.13417786359786987,9.86817455291748,1.9149059057235718,11.413883209228516,12.863078117370605,7.413276672363281,231.1411633491516
232,2,-0.9431735277175903,7.519296169281006,2.9279398918151855,8.06924057006836,0.38939014077186584,0.8683385252952576,0.13450926542282104,9.734753608703613,1.9207243919372559,11.469586372375488,12.930631637573242,7.397053241729736,231.15983057022095
233,2,-0.9567714929580688,7.537403106689453,2.895350694656372,8.074373245239258,0.3841310739517212,0.8714166283607483,0.1348331719636917,9.603277206420898,1.9265259504318237,11.525581359863281,12.99793529510498,7.3808064460754395,231.17841839790344
234,2,-0.9703518152236938,7.5550947189331055,2.8630008697509766,8.079370498657227,0.37894970178604126,0.8744294047355652,0.13514964282512665,9.473742485046387,1.9323102235794067,11.581857681274414,13.064963340759277,7.364540100097656,231.1971025466919
235,2,-0.9839115142822266,7.572375774383545,2.830901861190796,8.084236145019531,0.3738459348678589,0.8773771524429321,0.1354587823152542,9.346148490905762,1.938076376914978,11.638408660888672,13.131697654724121,7.348259449005127,231.2156982421875
236,2,-0.9974470138549805,7.589254379272461,2.799067497253418,8.088977813720703,0.36881983280181885,0.8802599310874939,0.13576070964336395,9.22049617767334,1.9438245296478271,11.69521427154541,13.198111534118652,7.331967353820801,231.23432397842407
237,2,-1.0109549760818481,7.605734348297119,2.7675087451934814,8.093596458435059,0.36387133598327637,0.8830783367156982,0.13605551421642303,9.096783638000488,1.9495536088943481,11.752254486083984,13.264178276062012,7.315669059753418,231.25292491912842
238,2,-1.0244312286376953,7.621821403503418,2.736238718032837,8.098095893859863,0.35900062322616577,0.8858327269554138,0.13634328544139862,8.975015640258789,1.955263376235962,11.809499740600586,13.329878807067871,7.299370288848877,231.27156615257263
239,2,-1.0378715991973877,7.637521743774414,2.7052693367004395,8.102482795715332,0.35420775413513184,0.8885229825973511,0.13662414252758026,8.855194091796875,1.9609534740447998,11.866920471191406,13.39518928527832,7.283074855804443,231.29013586044312
240,2,-1.0512725114822388,7.6528425216674805,2.6746127605438232,8.106760025024414,0.34949272871017456,0.891150176525116,0.1368982046842575,8.73731803894043,1.9666231870651245,11.924481391906738,13.460092544555664,7.266788005828857,231.3087432384491
241,2,-1.064629316329956,7.667789936065674,2.6442809104919434,8.110932350158691,0.3448556661605835,0.8937146067619324,0.1371656060218811,8.621391296386719,1.9722721576690674,11.982146263122559,13.524575233459473,7.250514030456543,233.68491578102112
242,2,-1.0779376029968262,7.682371616363525,2.614285469055176,8.115006446838379,0.3402966558933258,0.8962163329124451,0.1374264508485794,8.507416725158691,1.9779001474380493,12.044262886047363,13.588631629943848,7.234257221221924,233.70361948013306
243,2,-1.0911928415298462,7.696590900421143,2.5846357345581055,8.11898136138916,0.3358156681060791,0.89865642786026,0.1376807987689972,8.395391464233398,1.9835058450698853,12.106826782226562,13.652260780334473,7.218023777008057,233.72224736213684
244,2,-1.1043906211853027,7.710457801818848,2.5553441047668457,8.122865676879883,0.33141276240348816,0.9010352492332458,0.13792885839939117,8.285319328308105,1.9890893697738647,12.169699668884277,13.715799331665039,7.201817989349365,233.74088096618652
245,2,-1.1175261735916138,7.723978519439697,2.5264203548431396,8.126662254333496,0.32708796858787537,0.9033533930778503,0.1381707340478897,8.177199363708496,1.99465012550354,12.23285961151123,13.783273696899414,7.185644149780273,233.7594769001007
246,2,-1.1305947303771973,7.7371649742126465,2.497875690460205,8.13038158416748,0.32284119725227356,0.9056113362312317,0.13840661942958832,8.071029663085938,2.000187873840332,12.29629135131836,13.850442886352539,7.16950798034668,233.77815103530884
247,2,-1.1435916423797607,7.750025272369385,2.469719409942627,8.134027481079102,0.31867241859436035,0.9078100919723511,0.13863666355609894,7.96681022644043,2.005702257156372,12.35997486114502,13.917325019836426,7.153415203094482,233.796701669693
248,2,-1.156511664390564,7.762567520141602,2.4419610500335693,8.137605667114258,0.31458163261413574,0.9099498987197876,0.1388610303401947,7.864541053771973,2.011193037033081,12.423887252807617,13.983945846557617,7.1373701095581055,233.81531643867493
249,2,-1.169350504875183,7.774806499481201,2.4146108627319336,8.141127586364746,0.31056860089302063,0.912031888961792,0.1390799731016159,7.764214992523193,2.016660213470459,12.48801040649414,14.050333976745605,7.1213788986206055,233.83392357826233
250,2,-1.1821026802062988,7.786753177642822,2.3876776695251465,8.144600868225098,0.3066332936286926,0.9140568375587463,0.13929367065429688,7.66583251953125,2.0221035480499268,12.552323341369629,14.116515159606934,7.105447769165039,233.8525631427765
251,2,-1.1947638988494873,7.798421859741211,2.361170530319214,8.14803695678711,0.30277544260025024,0.9160253405570984,0.1395024061203003,7.569386005401611,2.0275235176086426,12.61680793762207,14.182525634765625,7.089580535888672,236.21927499771118
252,2,-1.2073290348052979,7.809826374053955,2.335097551345825,8.151445388793945,0.2989948093891144,0.9179384112358093,0.13970641791820526,7.474870204925537,2.0329198837280273,12.681443214416504,14.248398780822754,7.073784828186035,236.23799347877502
253,2,-1.219793438911438,7.820981979370117,2.30946683883667,8.154838562011719,0.29529115557670593,0.9197967052459717,0.13990597426891327,7.382278919219971,2.0382931232452393,12.74620532989502,14.314180374145508,7.058066368103027,236.25661706924438
254,2,-1.2321524620056152,7.831905841827393,2.2842860221862793,8.15822982788086,0.29166412353515625,0.9216011762619019,0.1401013880968094,7.291603088378906,2.0436434745788574,12.811080932617188,14.379910469055176,7.042431354522705,236.275230884552
255,2,-1.2444013357162476,7.842611312866211,2.259561061859131,8.161626815795898,0.2881133556365967,0.923353374004364,0.14029289782047272,7.202834129333496,2.0489706993103027,12.876046180725098,14.445638656616211,7.026885509490967,236.29382801055908
256,2,-1.256535291671753,7.8531174659729,2.235299825668335,8.165048599243164,0.28463852405548096,0.9250530004501343,0.14048083126544952,7.115962982177734,2.0542755126953125,12.941082954406738,14.511408805847168,7.011434078216553,236.31244611740112
257,2,-1.2685497999191284,7.863436698913574,2.2115066051483154,8.168499946594238,0.28123918175697327,0.9267022013664246,0.1406654417514801,7.030979633331299,2.0595579147338867,13.006160736083984,14.577275276184082,6.996083736419678,236.33102989196777
258,2,-1.280440330505371,7.873581886291504,2.188185930252075,8.171991348266602,0.2779149115085602,0.9283011555671692,0.14084692299365997,6.947872638702393,2.064817190170288,13.07126235961914,14.643277168273926,6.980839729309082,236.34964299201965
259,2,-1.2922018766403198,7.883567810058594,2.1653428077697754,8.175533294677734,0.27466532588005066,0.9298511147499084,0.14102554321289062,6.86663293838501,2.0700535774230957,13.136362075805664,14.709458351135254,6.965706825256348,236.36822867393494
260,2,-1.3038303852081299,7.893407344818115,2.1429803371429443,8.179134368896484,0.2714898884296417,0.9313530325889587,0.14120157063007355,6.787247180938721,2.0752670764923096,13.201441764831543,14.775853157043457,6.950691223144531,236.38683915138245
261,2,-1.3153210878372192,7.903112411499023,2.1211016178131104,8.182802200317383,0.26838812232017517,0.9328079223632812,0.14137516915798187,6.709702968597412,2.0804567337036133,13.266488075256348,14.842489242553711,6.935795783996582,238.75330138206482
262,2,-1.3266692161560059,7.912694454193115,2.0997097492218018,8.186544418334961,0.26535964012145996,0.9342165589332581,0.1415465772151947,6.633991241455078,2.085622549057007,13.3314790725708,14.909394264221191,6.921027183532715,238.77202105522156
263,2,-1.337870717048645,7.922163963317871,2.078806161880493,8.190367698669434,0.26240381598472595,0.9355798363685608,0.14171597361564636,6.560095310211182,2.090763807296753,13.39639663696289,14.976573944091797,6.906389236450195,238.79066133499146
264,2,-1.348921298980713,7.931530475616455,2.0583913326263428,8.19427490234375,0.2595200538635254,0.9368993639945984,0.14188353717327118,6.488001346588135,2.0958797931671143,13.461226463317871,15.04404067993164,6.891887664794922,238.80929732322693
265,2,-1.3598170280456543,7.9408111572265625,2.0384678840637207,8.198282241821289,0.2567077577114105,0.9381753206253052,0.14204955101013184,6.417694091796875,2.100970506668091,13.525959968566895,15.111795425415039,6.877526760101318,238.82786560058594
266,2,-1.3705543279647827,7.950012683868408,2.0190341472625732,8.202390670776367,0.25396615266799927,0.939409077167511,0.14221414923667908,6.349153995513916,2.106034994125366,13.590587615966797,15.17983627319336,6.863312244415283,238.84648966789246
267,2,-1.3811297416687012,7.959152698516846,2.000091314315796,8.206611633300781,0.25129449367523193,0.9406020045280457,0.14237765967845917,6.282362461090088,2.1110734939575195,13.655102729797363,15.24815845489502,6.849248886108398,238.86508989334106
268,2,-1.39154052734375,7.968240261077881,1.981636881828308,8.210952758789062,0.24869190156459808,0.9417545199394226,0.14254021644592285,6.217297554016113,2.1160850524902344,13.719505310058594,15.31674861907959,6.835341930389404,238.8837251663208
269,2,-1.4017835855484009,7.977295398712158,1.963671326637268,8.215428352355957,0.24615752696990967,0.9428680539131165,0.14270220696926117,6.153938293457031,2.121070146560669,13.783760070800781,15.385594367980957,6.821598529815674,238.90232181549072
270,2,-1.4118545055389404,7.986327171325684,1.9461957216262817,8.22004222869873,0.24369095265865326,0.9439437389373779,0.14286376535892487,6.092273712158203,2.1260273456573486,13.847965240478516,15.454656600952148,6.808023452758789,238.9209189414978
271,2,-1.421724557876587,7.995347023010254,1.9292573928833008,8.22481632232666,0.24129751324653625,0.9449791312217712,0.14302511513233185,6.032437801361084,2.130955457687378,13.911666870117188,15.525514602661133,6.794626235961914,241.2938003540039
272,2,-1.4312342405319214,8.004279136657715,1.9131327867507935,8.229737281799316,0.23901374638080597,0.9459593892097473,0.14318490028381348,5.975343704223633,2.135834217071533,13.975086212158203,15.596062660217285,6.781423568725586,241.31244158744812
273,2,-1.4403889179229736,8.012998580932617,1.897763729095459,8.234662055969238,0.23683564364910126,0.9468878507614136,0.14334088563919067,5.920891284942627,2.140622615814209,14.037001609802246,15.664643287658691,6.768475532531738,241.3310625553131
274,2,-1.4499659538269043,8.021452903747559,1.8816585540771484,8.239195823669434,0.23457826673984528,0.9478430151939392,0.14349211752414703,5.864456653594971,2.145303964614868,14.09284782409668,15.73043441772461,6.755801677703857,241.34972047805786
275,2,-1.459197759628296,8.02977466583252,1.8663016557693481,8.243807792663574,0.23242266476154327,0.9487482905387878,0.14364098012447357,5.810566425323486,2.1499176025390625,14.15388298034668,15.794900894165039,6.7433576583862305,241.3682897090912
276,2,-1.4679319858551025,8.038007736206055,1.8519686460494995,8.248597145080566,0.23040145635604858,0.9495911598205566,0.14378826320171356,5.760036468505859,2.1544766426086426,14.207908630371094,15.858619689941406,6.731128692626953,241.38696956634521
277,2,-1.4768675565719604,8.046181678771973,1.8373607397079468,8.25329875946045,0.2283518761396408,0.9504396319389343,0.1439344733953476,5.708796977996826,2.1589815616607666,14.26378345489502,15.921745300292969,6.719118118286133,241.40550351142883
278,2,-1.485170841217041,8.054337501525879,1.824014663696289,8.258291244506836,0.22646364569664001,0.9512162804603577,0.14408037066459656,5.661591053009033,2.1634411811828613,14.322148323059082,15.984630584716797,6.707324981689453,241.4241156578064
279,2,-1.4936983585357666,8.062457084655762,1.8103495836257935,8.263206481933594,0.22454068064689636,0.9520014524459839,0.144225612282753,5.613516807556152,2.1678459644317627,14.374645233154297,16.047212600708008,6.695769786834717,241.44270253181458
280,2,-1.5019530057907104,8.070587158203125,1.7972779273986816,8.268287658691406,0.22269481420516968,0.9527503848075867,0.14437104761600494,5.567370414733887,2.172206163406372,14.43028450012207,16.10961151123047,6.684437274932861,241.46134448051453
281,2,-1.5097181797027588,8.078709602355957,1.785170555114746,8.273595809936523,0.2209722399711609,0.9534444808959961,0.14451634883880615,5.524305820465088,2.17651629447937,14.485312461853027,16.171993255615234,6.673340320587158,243.84863924980164
282,2,-1.5175083875656128,8.086759567260742,1.7730828523635864,8.27885913848877,0.21925751864910126,0.9541312456130981,0.1446603536605835,5.481438159942627,2.180755615234375,14.538543701171875,16.233816146850586,6.66251802444458,243.86725974082947
283,2,-1.5247735977172852,8.09464168548584,1.7619633674621582,8.284186363220215,0.21767033636569977,0.954762876033783,0.14480134844779968,5.441758632659912,2.184906482696533,14.59185791015625,16.29483985900879,6.6519856452941895,243.8858518600464
284,2,-1.5324745178222656,8.10234546661377,1.7501106262207031,8.289203643798828,0.216000497341156,0.9554234147071838,0.14493916928768158,5.400012493133545,2.1889584064483643,14.639774322509766,16.355064392089844,6.641756057739258,243.90448594093323
285,2,-1.5400141477584839,8.109949111938477,1.7385951280593872,8.294214248657227,0.21437805891036987,0.9560613632202148,0.14507518708705902,5.3594512939453125,2.1929357051849365,14.69132137298584,16.41469383239746,6.631783485412598,243.9230785369873
286,2,-1.5469108819961548,8.117488861083984,1.7282510995864868,8.29942512512207,0.2129046469926834,0.956637442111969,0.14521005749702454,5.322616100311279,2.196852922439575,14.743380546569824,16.473907470703125,6.622032165527344,243.94172883033752
287,2,-1.5539003610610962,8.124969482421875,1.7177952527999878,8.304574012756348,0.21142174303531647,0.9572133421897888,0.1453438699245453,5.285543441772461,2.2007083892822266,14.790788650512695,16.532665252685547,6.612505912780762,243.96028780937195
288,2,-1.560747742652893,8.132328033447266,1.707618236541748,8.309676170349121,0.20997901260852814,0.9577707052230835,0.14547550678253174,5.249475479125977,2.204493522644043,14.83804702758789,16.59093475341797,6.603209972381592,243.97893452644348
289,2,-1.567457675933838,8.13961410522461,1.6977182626724243,8.314780235290527,0.2085747867822647,0.9583101868629456,0.14560584723949432,5.214369773864746,2.2082161903381348,14.889739990234375,16.648828506469727,6.594143867492676,243.9975130558014
290,2,-1.5739563703536987,8.146876335144043,1.6882259845733643,8.319958686828613,0.20722371339797974,0.9588263034820557,0.1457357555627823,5.180593013763428,2.211883544921875,14.938228607177734,16.706735610961914,6.585294246673584,244.01615047454834
291,2,-1.5802890062332153,8.1541109085083,1.67905855178833,8.325188636779785,0.20591558516025543,0.9593234062194824,0.14586517214775085,5.147889614105225,2.215494394302368,14.981910705566406,16.76445198059082,6.576673984527588,246.3764340877533
292,2,-1.586551547050476,8.16126537322998,1.6700401306152344,8.330384254455566,0.204630047082901,0.9598093032836914,0.1459931582212448,5.115751266479492,2.2190423011779785,15.032689094543457,16.821842193603516,6.568272113800049,246.39512372016907
293,2,-1.5926235914230347,8.168383598327637,1.6613781452178955,8.335626602172852,0.20339129865169525,0.9602751731872559,0.14612048864364624,5.084782600402832,2.222532033920288,15.081101417541504,16.87885284423828,6.560088157653809,246.4137101173401
294,2,-1.598618507385254,8.175459861755371,1.6528786420822144,8.340871810913086,0.20217561721801758,0.960730254650116,0.14624707400798798,5.0543904304504395,2.2259633541107178,15.121098518371582,16.935516357421875,6.55212926864624,246.43231344223022
295,2,-1.6044247150421143,8.182416915893555,1.6447080373764038,8.346076965332031,0.20100516080856323,0.9611662030220032,0.146371528506279,5.0251288414001465,2.2293262481689453,15.16976547241211,16.99137306213379,6.544387340545654,246.45090746879578
296,2,-1.6099903583526611,8.189188957214355,1.6369333267211914,8.351189613342285,0.19988955557346344,0.9615792036056519,0.14649267494678497,4.997239112854004,2.2326104640960693,15.216636657714844,17.046070098876953,6.536858558654785,246.46955037117004
297,2,-1.6156806945800781,8.195769309997559,1.6289528608322144,8.35608196258545,0.19875533878803253,0.9619977474212646,0.14661037921905518,4.968883514404297,2.235812187194824,15.251458168029785,17.099411010742188,6.529555797576904,246.4881534576416
298,2,-1.6213781833648682,8.20216178894043,1.6209615468978882,8.360799789428711,0.19762614369392395,0.9624120593070984,0.14672473073005676,4.9406538009643555,2.2389345169067383,15.296419143676758,17.15163230895996,6.522463798522949,246.506774187088
299,2,-1.626796841621399,8.2084379196167,1.6134356260299683,8.36550235748291,0.1965581774711609,0.9628020524978638,0.1468370109796524,4.913954257965088,2.241990089416504,15.339408874511719,17.203020095825195,6.515566349029541,246.52535557746887
300,2,-1.6321178674697876,8.214630126953125,1.606083869934082,8.370165824890137,0.19551505148410797,0.9631809592247009,0.14694777131080627,4.887876510620117,2.244983434677124,15.374412536621094,17.253826141357422,6.508869171142578,246.54394435882568
301,2,-1.637272596359253,8.220648765563965,1.598996877670288,8.374714851379395,0.194509819149971,0.9635452628135681,0.14705543220043182,4.86274528503418,2.24790358543396,15.4154691696167,17.303983688354492,6.502354621887207,248.8994917869568
302,2,-1.6422510147094727,8.226496696472168,1.5921882390975952,8.379158973693848,0.19354389607906342,0.9638933539390564,0.14716005325317383,4.838597297668457,2.250750780105591,15.457953453063965,17.353233337402344,6.496020793914795,248.9181683063507
303,2,-1.6471669673919678,8.232202529907227,1.5854790210723877,8.383490562438965,0.1925947517156601,0.9642337560653687,0.1472621113061905,4.814868927001953,2.2535245418548584,15.491555213928223,17.402132034301758,6.489885330200195,248.93677639961243
304,2,-1.652044653892517,8.237744331359863,1.5788265466690063,8.387676239013672,0.1916576325893402,0.9645689725875854,0.14736124873161316,4.791440963745117,2.2562201023101807,15.52835750579834,17.45264434814453,6.483940601348877,248.95539927482605
305,2,-1.6571907997131348,8.243110656738281,1.571745753288269,8.391618728637695,0.1906738579273224,0.964918851852417,0.14745724201202393,4.766846656799316,2.2588376998901367,15.56801700592041,17.50224494934082,6.478185653686523,248.97397828102112
306,2,-1.6623362302780151,8.248278617858887,1.564659595489502,8.395371437072754,0.18969528377056122,0.9652656316757202,0.14754968881607056,4.742382049560547,2.2613823413848877,15.600377082824707,17.551088333129883,6.472598075866699,248.9926040172577
307,2,-1.667006254196167,8.253239631652832,1.5583064556121826,8.399064064025879,0.18881148099899292,0.9655775427818298,0.1476384401321411,4.720286846160889,2.2638604640960693,15.633769035339355,17.599227905273438,6.467158317565918,249.01120591163635
308,2,-1.6715734004974365,8.257955551147461,1.5520919561386108,8.402548789978027,0.18795111775398254,0.9658796191215515,0.14772279560565948,4.69877815246582,2.2662672996520996,15.668980598449707,17.646535873413086,6.461857795715332,249.02980947494507
309,2,-1.6763242483139038,8.262463569641113,1.5455788373947144,8.405779838562012,0.18706029653549194,0.9661912322044373,0.1478034406900406,4.676507472991943,2.2686054706573486,15.700509071350098,17.692989349365234,6.4567084312438965,249.04841017723083
310,2,-1.6810182332992554,8.26673698425293,1.5391366481781006,8.408798217773438,0.18618430197238922,0.9664967656135559,0.14787988364696503,4.654607772827148,2.270874500274658,15.730687141418457,17.738597869873047,6.451696872711182,249.0670349597931
311,2,-1.685513973236084,8.270774841308594,1.5329809188842773,8.411643028259277,0.18534913659095764,0.9667868614196777,0.1479521244764328,4.633728504180908,2.273075580596924,15.762260437011719,17.783336639404297,6.446820259094238,251.44958472251892
312,2,-1.6899135112762451,8.274589538574219,1.5269553661346436,8.414299011230469,0.18453548848628998,0.967068076133728,0.14802035689353943,4.613387107849121,2.275212287902832,15.793364524841309,17.827306747436523,6.442073345184326,251.4682400226593
313,2,-1.6943544149398804,8.278164863586426,1.5208462476730347,8.416707992553711,0.18371780216693878,0.9673500061035156,0.14808431267738342,4.592945098876953,2.2772796154022217,15.819639205932617,17.87066650390625,6.437460899353027,251.4868302345276
314,2,-1.6988544464111328,8.281503677368164,1.5146284103393555,8.418871879577637,0.18289291858673096,0.9676328897476196,0.14814403653144836,4.572322845458984,2.279280185699463,15.848959922790527,17.913084030151367,6.432976245880127,251.5054428577423
315,2,-1.7032997608184814,8.284563064575195,1.508467435836792,8.420775413513184,0.18208171427249908,0.9679101705551147,0.14819876849651337,4.5520429611206055,2.2812111377716064,15.878225326538086,17.95492172241211,6.4286065101623535,251.52403593063354
316,2,-1.7076153755187988,8.287385940551758,1.5024831295013428,8.422483444213867,0.18129760026931763,0.968177080154419,0.14824926853179932,4.532440185546875,2.283078670501709,15.901693344116211,17.995981216430664,6.4243550300598145,251.54263758659363
317,2,-1.7118816375732422,8.289912223815918,1.4965429306030273,8.423912048339844,0.1805257946252823,0.9684388041496277,0.14829446375370026,4.5131449699401855,2.2848775386810303,15.929617881774902,18.036191940307617,6.420200347900391,251.56118631362915
318,2,-1.7161920070648193,8.292147636413574,1.4905080795288086,8.425041198730469,0.17974933981895447,0.9687016010284424,0.14833444356918335,4.4937334060668945,2.2866079807281494,15.954498291015625,18.075721740722656,6.416152477264404,251.57980608940125
319,2,-1.7204817533493042,8.294108390808105,1.4844787120819092,8.425907135009766,0.17897990345954895,0.9689605236053467,0.14836952090263367,4.4744977951049805,2.2882726192474365,15.976459503173828,18.114543914794922,6.412203311920166,251.59842252731323
320,2,-1.7246882915496826,8.295744895935059,1.4785388708114624,8.426473617553711,0.17822858691215515,0.9692125916481018,0.14839880168437958,4.455714702606201,2.289867877960205,16.002592086791992,18.152618408203125,6.408339500427246,251.61705780029297
321,2,-1.728858232498169,8.29708194732666,1.4726238250732422,8.426753997802734,0.17748695611953735,0.9694604873657227,0.1484227180480957,4.437173843383789,2.291396141052246,16.02220344543457,18.189973831176758,6.404571533203125,253.98524951934814
322,2,-1.733016848564148,8.29809284210205,1.466691017150879,8.426715850830078,0.17675037682056427,0.9697055816650391,0.14844079315662384,4.418759346008301,2.2928545475006104,16.04509162902832,18.22648048400879,6.400886058807373,254.00389218330383
323,2,-1.737134575843811,8.2987642288208,1.4607821702957153,8.426350593566895,0.17602406442165375,0.9699464440345764,0.14845280349254608,4.400601387023926,2.2942423820495605,16.06570816040039,18.262128829956055,6.397283554077148,254.02247667312622
324,2,-1.7412292957305908,8.299115180969238,1.4548745155334473,8.425673484802246,0.17530477046966553,0.9701845049858093,0.14845909178256989,4.382619380950928,2.295560836791992,16.083255767822266,18.29707908630371,6.393767833709717,254.041090965271
325,2,-1.7453103065490723,8.299118995666504,1.448949933052063,8.42465591430664,0.1745908111333847,0.970419704914093,0.14845915138721466,4.364770412445068,2.2968082427978516,16.105344772338867,18.331228256225586,6.390328407287598,254.05971598625183
326,2,-1.7493058443069458,8.29879379272461,1.4431155920028687,8.423334121704102,0.17389461398124695,0.9706482887268066,0.14845333993434906,4.347365379333496,2.297985792160034,16.119850158691406,18.364572525024414,6.386972427368164,254.07833909988403
327,2,-1.753171682357788,8.298116683959961,1.4374302625656128,8.421695709228516,0.17322367429733276,0.9708675742149353,0.14844122529029846,4.330591678619385,2.2990915775299072,16.138286590576172,18.39711570739746,6.383694648742676,254.0969364643097
328,2,-1.7569409608840942,8.297089576721191,1.43184494972229,8.419731140136719,0.17257195711135864,0.9710801839828491,0.14842285215854645,4.3142991065979,2.3001224994659424,16.156143188476562,18.428874969482422,6.380502223968506,254.11555433273315
329,2,-1.7607094049453735,8.295709609985352,1.4262220859527588,8.4174165725708,0.17192286252975464,0.9712910652160645,0.14839816093444824,4.298071384429932,2.301077365875244,16.16604232788086,18.45977020263672,6.377396583557129,254.13412809371948
330,2,-1.7645318508148193,8.293946266174316,1.4204789400100708,8.414708137512207,0.17126695811748505,0.9715033769607544,0.14836663007736206,4.281673908233643,2.3019516468048096,16.188379287719727,18.489852905273438,6.374379634857178,254.15273451805115
331,2,-1.76838219165802,8.291786193847656,1.4146515130996704,8.411596298217773,0.1706087738275528,0.9717159867286682,0.14832797646522522,4.265219211578369,2.302743434906006,16.19135093688965,18.518888473510742,6.3714447021484375,256.5312268733978
332,2,-1.7723047733306885,8.289225578308105,1.4086782932281494,8.408069610595703,0.16994087398052216,0.971930742263794,0.14828217029571533,4.24852180480957,2.3034543991088867,16.214025497436523,18.54686164855957,6.368589878082275,256.5499041080475
333,2,-1.7760310173034668,8.286271095275879,1.402938723564148,8.404196739196777,0.16930881142616272,0.9721333384513855,0.14822933077812195,4.232720375061035,2.3040854930877686,16.214616775512695,18.573951721191406,6.365805149078369,256.5684895515442
334,2,-1.7794338464736938,8.282976150512695,1.3976168632507324,8.40006160736084,0.1687336564064026,0.9723170399665833,0.1481703817844391,4.21834135055542,2.304643392562866,16.233530044555664,18.59987449645996,6.363096714019775,256.5871148109436
335,2,-1.7835077047348022,8.279248237609863,1.3913081884384155,8.395336151123047,0.16804765164852142,0.9725359082221985,0.14810369908809662,4.201191425323486,2.305117607116699,16.23724937438965,18.624645233154297,6.360450744628906,256.60566449165344
336,2,-1.788365125656128,8.275136947631836,1.3838788270950317,8.390054702758789,0.16723334789276123,0.9727937579154968,0.1480301469564438,4.18083381652832,2.3055174350738525,16.24485206604004,18.64826202392578,6.357860565185547,256.62430357933044
337,2,-1.7923939228057861,8.270583152770996,1.377556324005127,8.384522438049316,0.16656096279621124,0.9730061292648315,0.14794869720935822,4.1640238761901855,2.3058419227600098,16.25627326965332,18.67083168029785,6.355313301086426,256.6429190635681
338,2,-1.7956879138946533,8.265606880187988,1.3721998929977417,8.378734588623047,0.1660132110118866,0.9731788039207458,0.14785967767238617,4.150330066680908,2.306094169616699,16.256616592407227,18.692493438720703,6.352805137634277,256.661541223526
339,2,-1.7998106479644775,8.26024341583252,1.3656675815582275,8.37237548828125,0.1653301864862442,0.9733931422233582,0.14776372909545898,4.133254528045654,2.3062777519226074,16.266374588012695,18.71312141418457,6.350335597991943,256.6801207065582
340,2,-1.8042852878570557,8.254446983337402,1.3586162328720093,8.365509033203125,0.16459204256534576,0.9736238718032837,0.147660031914711,4.114800930023193,2.3063864707946777,16.268497467041016,18.732784271240234,6.347909450531006,256.69875931739807
341,2,-1.8078961372375488,8.248250007629395,1.3527032136917114,8.35843563079834,0.1639988124370575,0.9738086462020874,0.14754918217658997,4.09997034072876,2.3064286708831787,16.270030975341797,18.75162124633789,6.345508575439453,259.05008912086487
342,2,-1.8114776611328125,8.24165153503418,1.3467888832092285,8.350967407226562,0.16341249644756317,0.9739909768104553,0.1474311500787735,4.085312366485596,2.306403875350952,16.27743148803711,18.76952362060547,6.343135833740234,259.0687458515167
343,2,-1.8157457113265991,8.23466682434082,1.3399163484573364,8.34296703338623,0.16271652281284332,0.9742064476013184,0.14730620384216309,4.067913055419922,2.3063111305236816,16.273494720458984,18.786588668823242,6.340799808502197,259.08734798431396
344,2,-1.8197948932647705,8.227277755737305,1.3333044052124023,8.334614753723145,0.1620589941740036,0.9744089841842651,0.14717401564121246,4.0514750480651855,2.306151866912842,16.277246475219727,18.802719116210938,6.338484764099121,259.10600304603577
345,2,-1.8233721256256104,8.219482421875,1.327284574508667,8.325958251953125,0.16148030757904053,0.9745867252349854,0.14703457057476044,4.037007808685303,2.305926561355591,16.27811622619629,18.817996978759766,6.336192607879639,259.1246087551117
346,2,-1.8272126913070679,8.21130657196045,1.3208816051483154,8.316865921020508,0.1608613133430481,0.9747766852378845,0.14688831567764282,4.021533012390137,2.305636167526245,16.273155212402344,18.832483291625977,6.333927631378174,259.1432294845581
347,2,-1.8312798738479614,8.202735900878906,1.3141471147537231,8.307337760925293,0.16020838916301727,0.9749754667282104,0.14673499763011932,4.005209922790527,2.3052804470062256,16.27603530883789,18.846036911010742,6.331685543060303,259.16181206703186
348,2,-1.8350400924682617,8.193777084350586,1.307785153388977,8.297487258911133,0.15960711240768433,0.9751582741737366,0.1465747356414795,3.990177869796753,2.304861068725586,16.271570205688477,18.85889434814453,6.329464912414551,259.1804549694061
349,2,-1.8386495113372803,8.184444427490234,1.301589012145996,8.287294387817383,0.15903206169605255,0.9753329157829285,0.14640779793262482,3.975801467895508,2.304380178451538,16.26654815673828,18.87101173400879,6.327261924743652,259.19907331466675
350,2,-1.8425030708312988,8.17473316192627,1.2950444221496582,8.276678085327148,0.1584203839302063,0.9755174517631531,0.14623408019542694,3.9605095386505127,2.303835391998291,16.267208099365234,18.88252067565918,6.32508659362793,259.217689037323
