tau,total_energy_fraction,total_critical_fraction,C0_fraction,E0_fraction,N0,minority0,scale0,Rinf0,concentration0,Q3_0,Q8_0,Q16_0,C1_fraction,E1_fraction,N1,minority1,scale1,Rinf1,concentration1,Q3_1,Q8_1,Q16_1
0.0,1.0,1.0,1.0,1.0,6.465486640239154,0.36812104467476636,1.0000000000000002,0.9999999999999997,12.225505060972354,1.0,0.9999999999999998,0.9999999999999998,0.0,0.0,0.0,0.0,0.0,0.0,0.0,0.0,0.0,0.0
0.0025,0.9999999947715718,0.9999864079233058,0.9999685973925845,0.9999883483198523,6.465358939394842,0.3681185083013284,0.9999802488425982,1.0004840656688931,12.231252681025758,1.0003663941672336,1.0010061858420836,1.0009191330252172,1.7726624539395405e-05,1.1471253724829245e-05,9.991170702459776,0.4095027385129447,1.5453083825551315,0.004985357803627036,27.808198882363097,0.0047108200287786445,0.004933256564616921,0.005007774149239117
0.005,0.9999999895431995,0.9999835415171595,0.9999122238467784,0.9999533424763535,6.465220775884398,0.3681159093065416,0.999958879451842,1.0009928686817753,12.237425650780658,1.000717737097578,1.0019923275205485,1.0018159489378193,7.098117096236963e-05,4.594593606083999e-05,9.988431010699971,0.40928771989392304,1.5448846415573922,0.009972024727225352,27.78578431652192,0.009428546234897547,0.009872840130821769,0.01001985102023911
0.0075,0.9999999843147395,0.9999914273608898,0.9998307981991901,0.9998948949457569,6.46507218001868,0.3681132695171056,0.9999358965158333,1.00162663010642,12.245249999057565,1.0010539417772644,1.0029583309949692,1.0026905660595642,0.000159868793023386,0.00010351056152951998,9.985739911082232,0.40907350507000945,1.5444684161798636,0.01495766472626238,27.759862037074424,0.014152743788788103,0.01481818527029503,0.01503573574092315
0.01,0.9999999790860477,1.0000100908894667,0.9997242456021891,0.999812924048732,6.464913183647816,0.36811061083989144,0.9999113049607484,1.0022184873058824,12.252686586614626,1.00137492467259,1.0039041082226359,1.0035431126023937,0.00028448554106226217,0.00018424515410608012,9.983098193292266,0.40886011806280803,1.54405982856118,0.01993994471569494,27.73044550096754,0.018882980580072584,0.01976873306307709,0.020054950235688897
0.0125,0.9999999738569796,1.000039556390097,0.9995924975442703,0.999707353975392,6.46474382013484,0.3681079552524765,0.9998851099467612,1.0027683808982921,12.259735450974155,1.0016806057462468,1.0048295771213978,1.0043737264252963,0.00044491841054374785,0.0002882232488641634,9.980506606261867,0.40864758121301953,1.5436589945366739,0.024916536916951816,27.697549913998365,0.02361882735400203,0.02472393132240956,0.025077033366999502
0.015,0.9999999686273909,1.0000798469992405,0.9994354918662424,0.9995781148064222,6.464564124329026,0.36810532479363534,0.9998573168639179,1.0032762612352295,12.266396699397646,1.0019709084715183,1.0057346615285196,1.0051825547754134,0.000641245392827958,0.0004155118968817888,9.977965857433869,0.40843591517726513,1.5432660235246876,0.029885121207643684,27.661192228319745,0.028359857842189456,0.029683234813046716,0.03010154102926362
0.0175,0.9999999633971367,1.0001309847000444,0.9992531727732508,0.9994251425303184,6.464374132538946,0.36810274155379435,0.9998279313279711,1.0037420884207717,12.272670508780578,1.002245759844388,1.006619291155644,1.0059697540134538,0.000873535527913734,0.000566171673306229,9.975476612101227,0.4082251389313724,1.5428810184243522,0.034843387470764646,27.62139113870049,0.03310564888683912,0.034646105462802466,0.0351280461936869
0.02,0.9999999581660725,1.0001929903201812,0.9990454908426444,0.9992483790567311,6.4641738825053086,0.36810022766546113,0.9997969591761781,1.0041658323257827,12.27855712552918,1.0025050903935462,1.0074834015399645,1.0067354893235196,0.001141848958914054,0.0007402566884793297,9.973039492821751,0.4080152697800858,1.5425040755250647,0.03978903794014712,27.578167077543853,0.03785578055706128,0.03961201256707045,0.040156138902988664
0.0225,0.9999999529340529,1.0002658835300806,0.9988124030277065,0.9990477722259333,6.463963413373567,0.36809780529363734,0.9997644064630641,1.0045474725973942,12.284056865418696,1.0027488341880288,1.0083269339917265,1.007479934407509,0.0014462369880405776,0.00093781460202901,9.97065507890953,0.4078063233731344,1.5421352844278284,0.044719789538936634,27.53154220866977,0.04260983625718455,0.04458043298602986,0.045185426215116814
0.025,0.9999999477009324,1.0003496828415486,0.9985538726572658,0.9988232758144185,6.463742765666358,0.3680954966262254,0.9997302794561601,1.004886998663642,12.289170113432773,1.0029769288424892,1.0091498355381494,1.0082032711642994,0.0017867421338931735,0.001158886639837285,9.968323906004048,0.407598313727566,1.5417747279786087,0.049633376207865725,27.481540419868367,0.047367402828252816,0.0495508513342256,0.05021553209535947
0.0275,0.999999942466566,1.0004444056067607,0.9982698694312186,0.9985748495366507,6.463511981255779,0.3680933238644377,0.9996945846317146,1.0051844097332225,12.29389732358363,1.0031893155203997,1.0099520588638955,1.008905689353986,0.0021633981898696577,0.0014035076138000611,9.9660464657176,0.40739125325622333,1.5414224822138005,0.05452755122012608,27.428187314233856,0.0521280706435603,0.05452276016219085,0.05524609725654257
0.03,0.9999999372308078,1.000550068017621,0.9979603694119866,0.9983024590429844,6.463271103335537,0.3680913092132169,0.9996573286703855,1.0054397147903307,12.29823901871258,1.0033859389352247,1.010733562248193,1.0095873862474924,0.002576230283530871,0.001671705944299133,9.963823205361448,0.40718515280221396,1.5410786163178731,0.05940008947966506,27.37151020028988,0.05689143369844671,0.05949566012976179,0.0602767789473151
0.0325,0.9999999319935122,1.000666685105474,0.9976253550119432,0.9980060759137818,6.463020176392986,0.368089474871678,0.9996185184529164,1.0056529325845678,12.302195790270616,1.0035667473495176,1.0114943094987323,1.0102485662619465,0.0030252549367764617,0.001963503685312184,9.961654527750934,0.40698002167919994,1.5407431925932278,0.0642487897997674,27.311538080919,0.061657089695896734,0.0644690601707189,0.06530725068885655
0.035,0.999999926754533,1.0007942707411632,0.9972648149768484,0.9976856776497534,6.4627592461810845,0.36808784302357844,0.9995781610557984,1.005824091615882,12.305768298078677,1.0037316925719368,1.0122342698824547,1.0108894405822653,0.003510480126707171,0.0022789165520921114,9.959540791089433,0.4067758677173045,1.5404162664422485,0.06907147715882352,27.248301641110476,0.066424640126344,0.06944247764837788,0.07033720196068943
0.0375,0.9999999215137242,1.0009328376354203,0.9968787443653317,0.9973412476585581,6.462488359690303,0.3680864358278267,0.9995362637469252,1.0059532301145375,12.30895727006725,1.0038807299521912,1.012953418053349,1.0115102267694551,0.004031905347069921,0.0026179539513526227,9.957482308930862,0.4065726973144099,1.5400978863615042,0.07386600493023475,27.181833234542324,0.07119369033942276,0.07441543850174442,0.07536633783664057
0.04,0.9999999162709392,1.0010823973395777,0.9964671445244665,0.9969727752376947,6.462207565120486,0.3680852754090363,0.9994928339812414,1.0060403960160975,12.311763501995124,1.0040138183739316,1.0136517339773838,1.012111148356216,0.004589521670202439,0.0029806190139026844,9.95547935022023,0.40637051549260017,1.5397880939480195,0.0788330414383504,27.18208808601399,0.0759638496118749,0.07938747738184275,0.08039437857236252
0.0425,0.999999911026032,1.001242960246594,0.9960300230614825,0.9965802555537274,6.461916911852694,0.36808438384813336,0.9994478793963874,1.0060856469314157,12.314187857146806,1.0041309202456092,1.0143292028546997,1.0126924344304804,0.005183311809414265,0.0033669086296780446,9.95353213941133,0.4061693259594731,1.539486923917479,0.08387417926833743,27.20541983499472,0.08073473121229932,0.08435813777782757,0.0854210591461981
0.045,0.9999999057788554,1.0014145355923794,0.9955673938116749,0.9961636896178897,6.4616164504210625,0.36808378317302565,0.9994014078083461,1.006089050111639,12.316231266008561,1.0042320014893282,1.0149858150391788,1.0132543192076102,0.005813250181760908,0.0037768134851235875,9.9516408566607,0.40596913117403427,1.5391944041342258,0.08891995931383351,27.22681069941433,0.08550595246264155,0.08932697213249047,0.09044612875553744
0.0475,0.9999999005292634,1.0015971314574117,0.9950792768025585,0.9957230842581083,6.461306232484678,0.3680834953493398,0.9993534272070942,1.0060506824082251,12.317894725922647,1.0043170315277177,1.0156215659555274,1.0137970415920163,0.006479302971187122,0.004210318102885744,9.949805638096468,0.40576993241685727,1.538910555652843,0.09396890752889912,27.246260932409992,0.09027713479463026,0.09429354194678166,0.09546935027117764
0.05,0.9999998952771084,1.0017907547686333,0.9945656982143284,0.995258452087505,6.4609863107994965,0.36808354227123485,0.9993039457522582,1.005970630227991,12.3191793007197,1.004385983268856,1.0162364560139912,1.0143208447290601,0.007181428192034063,0.00466740088377938,9.948026576160668,0.4055717298641848,1.5386353927711,0.09901955207017406,27.263771502674555,0.09504790379855124,0.0992574178729766,0.10049049965253977
0.0525,0.9999998900222437,1.0019954113016152,0.9940266903366897,0.9947698114694219,6.460656739190326,0.368083945752297,0.9992529717687813,1.0058489894832061,12.320086120328924,1.0044388330892706,1.0168304905228396,1.0148259755481372,0.007919575752922972,0.00514803415099867,9.94630372002337,0.4053745226656244,1.538368923094003,0.1040704244206072,27.279344093089982,0.0998178892644156,0.10421817979613335,0.10550936532692315
0.055,0.9999998847645223,1.0022111056829823,0.9934622915221225,0.9942571864790342,6.460317572522877,0.36808472751652405,0.9992005137425998,1.0056858655367604,12.320616380366094,1.0044755608150597,1.0174036795987382,1.0153126842979319,0.008693687521045164,0.0056521841965462075,9.944637076066643,0.4051783090250793,1.5381111476086509,0.10912006050470699,27.292981098419865,0.1045867252178378,0.1091754169035056,0.11052574753627763
0.0575,0.9999998795037965,1.0024378413930866,0.9928725461356492,0.9937206068616043,6.459968866675928,0.36808590918940365,0.9991465803163394,1.0054813731424281,12.320771341699105,1.004496149701156,1.0179560380751487,1.0157812240748696,0.009503697386904233,0.006179811329859039,9.943026608436387,0.40498308628454527,1.5378620607695825,0.11416700179337107,27.30468562207729,0.10935404995280798,0.11412872774159848,0.11553945765524276
0.06,0.9999998742399192,1.0026756207689178,0.9922575045011751,0.9931601079874466,6.45961067851356,0.3680875122890928,0.9990911802850194,1.0052356363802768,12.320552329991086,1.0045005864087846,1.018487585408879,1.0162318503458887,0.010349531329571445,0.00673086992861448,9.941472239659646,0.40478885101039014,1.5376216505942575,0.11920979639640736,27.314461471987663,0.11411950606296327,0.11907772026058139,0.12055031748443655
0.0625,0.9999998689727427,1.0029244450072445,0.9916172228444815,0.9925757308036612,6.459243065857558,0.3680895582177029,0.999034322591785,1.0049487885872495,12.319960735220972,1.004488860981145,1.0189983455849183,1.016664820466668,0.0112311074825293,0.007305308491702246,9.939973851325053,0.4045955990817272,1.537389898768298,0.12432253891327888,27.33892437347799,0.11888274047252317,0.12402201184580178,0.12555815852316943
0.065,0.9999998637021199,1.0031843141679733,0.9909517632329428,0.9919675217827142,6.458866087459913,0.36809206825269536,0.9989760163236537,1.0046209722829806,12.318998011181506,1.0044609668173556,1.0194883470196847,1.0170803931965522,0.012148336200190901,0.0079030696943528,9.938531284823773,0.40440332578048627,1.5371667807600875,0.12945598050422705,27.3660434874496,0.12364340446754724,0.12896122933617643,0.13056282122590818
0.0675,0.9999998584279023,1.0034552271777173,0.9902611935120534,0.9913355328679281,6.458479802975493,0.36809506353839383,0.9989162707072888,1.0042523390908933,12.317665674954734,1.0044169006446961,1.0199576224628153,1.017478828211413,0.013101120125194297,0.008524090445414698,9.937144342148182,0.40421202588278166,1.5369522659443027,0.1345885767850248,27.39121932775977,0.1284011537279337,0.1338950090292751,0.1355641542469163
0.07,0.9999998531499424,1.003737181833567,0.9895455872388427,0.9906798214159646,6.458084272934849,0.36809856507761507,0.9988550951047933,1.0038430496546442,12.315965306364987,1.0043566624891709,1.0204062088976318,1.0178603856157848,0.014089354256581088,0.009168301946776149,9.935812786745451,0.4040216937511757,1.5367463177339322,0.13971889740693721,27.414459434189506,0.13315564835995047,0.1388229966729473,0.1405620136775499
0.0725,0.9999998478680924,1.0040301748070495,0.9888050236122683,0.9900004501363674,6.457679558717237,0.3681025937234258,0.9987924990095367,1.003393273549972,12.313898547409494,1.0042802556444228,1.0208341474404052,1.0182253254556013,0.015112926018977286,0.009835629754928,9.934536344422984,0.4038323234274322,1.5365488937203209,0.14484552328516928,27.435771999495575,0.1379065529269636,0.14374484744338822,0.1455562622806901
0.075,0.9999998425822043,1.004334201648275,0.9880395874006711,0.9892974870282548,6.457265722523761,0.36810717017102557,0.9987284920420024,1.0029031891920421,12.311467101666716,1.004187686639028,1.021241483238553,1.0185739072329423,0.016171715332901872,0.010525993844666784,9.93331470430265,0.40364390872536204,1.5363599458207564,0.1499670475627821,27.45516585711454,0.14265353647502643,0.14866022590957967,0.15054676872674544
0.0775,0.9999998372921299,1.0046492567902552,0.9872493688663845,0.9885710053142358,6.456842827350751,0.36811231494976193,0.9986630839456686,1.0023729837383437,12.308672733682572,1.004078965202228,1.021628265367894,1.018906389424189,0.017265594686334314,0.011239308674937543,9.932147519820562,0.4034564433233597,1.5361794204331045,0.15508207654743206,27.472650468104586,0.14739627254482063,0.1535688059840923,0.15553340683555666
0.08,0.9999998319977211,1.0049753335533884,0.9864344636875912,0.9878210833716365,6.456410936963327,0.36811804841527945,0.9985962845829205,1.0018028529872403,12.305517268334802,1.0039541042281592,1.0219945467290883,1.0192230290030309,0.018394429207676907,0.01197548325681651,9.931034409769222,0.40326992085624214,1.5360072585969926,0.16018923061958468,27.488235907364043,0.15213443916526959,0.15847027086027685,0.1605160548283898
0.0825,0.9999998266988299,1.0053124241501084,0.9855949728775208,0.9870478046611235,6.455970115869169,0.36812439074180603,0.9985281039309932,1.001193001272257,12.30200259017566,1.0038131197386402,1.0223403839433831,1.0195240809697725,0.0195580767402508,0.01273442122363389,9.929974959378582,0.40308433500600316,1.5358433961610167,0.16528714511096068,27.501932849167854,0.15686771885222137,0.16336431293592613,0.16549459459401086
0.085,0.9999998213953075,1.00566051968968,0.9847310027010807,0.9862512576528129,6.4555204292924895,0.36813136191457774,0.9984585520779462,1.0005436413522033,12.298130642753257,1.0036560308445688,1.0226658372477997,1.0198097978883987,0.020756387918466138,0.013516020903236302,9.92896872143273,0.40289967959110906,1.5356877639554547,0.1703744711520737,27.51375255206426,0.16159579860930542,0.1682506337235348,0.17046891097259742
0.08750000000000001,0.999999816087006,1.0060196101831447,0.983842664589027,0.98543153574995,6.455061943148259,0.36813898172240583,0.9983876392186763,0.9998549942972301,12.29390342791186,1.0034828597059773,1.0229709703898686,1.020080429432844,0.021989206245807212,0.014320175392387616,9.928015217418759,0.4027159486539722,1.5355402879699602,0.17544987648782975,27.523706843176022,0.16631836992460142,0.1731289437473349,0.17543889106096916
0.09,0.9999998107737771,1.0063896845484033,0.982930075049767,0.9845887372102604,6.454594724016625,0.36814726975038686,0.9983153756509618,0.9991272893709303,12.289323005071504,1.0032936314907923,1.023255850522045,1.0203362219439203,0.023256368174772026,0.015146772633305378,9.927113938704363,0.4025331365462487,1.5354008895356974,0.18058490153872742,27.542920033743943,0.17103512876314814,0.17799896242733623,0.18040442354231295
0.0925,0.999999805455472,1.0067707306154334,0.9819933555788991,0.983722965065055,6.454118839117593,0.36815624537275643,0.9982417717715463,0.9983607639085919,12.284391490487343,1.0030883743323464,1.0235205480959186,1.0205774179983116,0.024557703188903532,0.01599569549232812,9.926264347740764,0.4023512380116263,1.5352694855113953,0.1858251943183931,27.577472458911313,0.17574577555712687,0.1828604179506475,0.1853653980432399
0.095,0.9999998001319423,1.0071627351316332,0.9810326325665891,0.9828343270361929,6.453634356285923,0.36816592774588985,0.998166838072255,0.9975556631917278,12.279111056489139,1.0028671192856873,1.0237651367563334,1.0208042559910475,0.025893033887045797,0.01686682184070655,9.925465879287515,0.40217024826577713,1.5351459884727843,0.19105825148131653,27.60995265395619,0.18045001519542192,0.1877130471304059,0.190321704520658
0.0975,0.9999997948030397,1.0075656837672888,0.9800480372028919,0.9819229354509912,6.453141343946298,0.3681763358014484,0.9980905851361563,0.9967122403189882,12.273483930701392,1.0026299002827306,1.0239896932355335,1.0210169697327962,0.027262176069953535,0.01776002463750881,9.924717941655768,0.40199016307317426,1.5350303069048892,0.19628258248012742,27.640363206010715,0.18514755701351418,0.19255659525268926,0.19527323268056906
0.1,0.9999997894686157,1.0079795611211588,0.9790397053811174,0.980988907155186,6.452639871088707,0.3681874882396731,0.9980130236337523,0.9958307560736042,12.267512395244598,1.0023767540862905,1.024194297247447,1.021215788063306,0.028664938829377113,0.01867517201462683,9.924019917966662,0.4018109788204827,1.5349223453966616,0.20149670942948672,27.6687074358735,0.18983811478371723,0.19739081591183233,0.20021987143051775
0.10250000000000001,0.9999997841285216,1.008404350726175,0.9780077775993508,0.980032363424035,6.452130007244117,0.36819940352282604,0.9979341643192163,0.994911478787469,12.261198785918173,1.002107720243049,1.0243790313822152,1.0214009344822355,0.03010112463973808,0.01961212736386744,9.923371167421488,0.4016326925862604,1.534822004837432,0.20669916808847158,27.694989388483037,0.1945214067052767,0.20221547083461358,0.2051615083670367
0.105,0.9999997787826087,1.0088400350552482,0.9769523988602329,0.9790534298716673,6.451611822460375,0.36821209986877873,0.9978540180266672,0.9939546842020063,12.254545491365636,1.0018228410355194,1.0245439810010732,1.0215726267985807,0.031570529452501696,0.020570749426107773,9.922771026580344,0.4014553022067188,1.5347291826146763,0.21188850881525,27.719213822726676,0.19919715539495642,0.2070303296938241,0.21009802929904903
0.1075,0.9999997734307287,1.0092865955271846,0.9758737185691062,0.978052236358779,6.45108538727838,0.3682255952447482,0.9977725956664818,0.9929606553259613,12.24755495222263,1.00152216143306,1.0246892341316927,1.0217310767998125,0.033072942793344114,0.021550892382490746,9.922218810646136,0.40127880633732244,1.5346437728126094,0.21706329749305858,27.741386200626117,0.20386508787935725,0.21183516991176857,0.2150293178078193
0.11,0.9999997680727329,1.0097440125127044,0.9747718904306357,0.9770289168987727,6.450550772708513,0.36823990736117973,0.9976899082216513,0.9919296822902495,12.240229660248445,1.0012057290419958,1.024814881364076,1.0218764899417716,0.03460814786220143,0.02255240594763169,9.921713814750762,0.40110320451001824,1.5345656664111158,0.222222116426595,27.76151267594085,0.20852493558898808,0.2166297764542906,0.21995525484368578
0.1125,0.999999762708473,1.010212265340559,0.9736470723440146,0.9759836095624447,6.450008050207346,0.3682550536657759,0.9976059667441779,0.9908620622000107,12.23257215744164,1.0008735940549032,1.024921015747109,1.0220090650602724,0.03617592163627709,0.023575135464802725,9.921255315240469,0.400928497185917,1.534494751484552,0.22736356520804446,27.779600082231916,0.21317643435290196,0.2214139416159484,0.22487571835947015
0.115,0.9999997573378,1.0106913323037494,0.9724994262968583,0.9749164563813216,6.449457291654601,0.3682710513376712,0.9975207823515108,0.989758098984019,12.22458503514055,1.0005258091991154,1.0250077326858629,1.0221289941052847,0.037776034976072695,0.024618922003056685,9.920842570957419,0.4007546858032666,1.5344309133999627,0.23248626155205523,27.795655920428228,0.21781932439214313,0.2261874647970027,0.22979058298014843
0.11750000000000001,0.9999997519605658,1.0111811906658394,0.9713291182578998,0.9738276032497476,6.448898569330378,0.36828791728175075,0.9974343662230256,0.9886181032415933,12.216270933109255,1.0001624296845006,1.0250751298397378,1.022236461898453,0.039408252734495094,0.02568360245624731,9.92047482451473,0.4005817728205822,1.5343740350142896,0.23758884209908074,27.80968834593859,0.22245335031067537,0.23095015227290727,0.23469971970807782
0.12,0.9999997465766216,1.0116818166673656,0.970136318068594,0.9727171998258223,6.448331955892682,0.36830566812311294,0.9973467295965465,0.987442392087157,12.207632538609875,0.9997835131505686,1.0251233070215344,1.0223316459146041,0.04107233386907985,0.026769009643897525,9.920151303562154,0.40040976175482096,1.5343239968701283,0.24266996318660564,27.821706155351727,0.22707826108475745,0.23570181695702183,0.2396029956628236
0.1225,0.9999997411858189,1.0121931855323387,0.9689211993337375,0.9715853994312963,6.447757524355184,0.3683243202016733,0.9972578837649083,0.986231288992612,12.19867258546183,0.9993891196129595,1.0251523660975403,1.0224147160878063,0.04276803155735852,0.027874972413862328,9.919871222039868,0.40023865721451307,1.5342806773896513,0.24772830158786782,27.831718772767207,0.23169381004819167,0.24044227815729013,0.24450027385440504
0.125,0.9999997357880095,1.012715271474844,0.9676839393112127,0.9704323589505206,6.447175348065288,0.36834388956690983,0.997167840072563,0.9849851236276662,12.18939385308889,0.9989793114093553,1.0251624108887092,1.022485834642394,0.044495093315383545,0.029001315746727586,9.919633781417932,0.4000684649277838,1.53424395306631,0.2527625552177823,27.83973623579918,0.23629975487332272,0.24517136132764744,0.2493914129885905
0.1275,0.9999997303830447,1.0132480477057277,0.9664247188009635,0.9692582387285544,6.4465855006824535,0.36836439197274606,0.9970766099122277,0.9837042316982835,12.179799165554774,0.9985541531448399,1.0251535470730142,1.022545155949293,0.04625326111941128,0.030147860861881107,9.919438171919015,0.3998991917652247,1.5342136986539507,0.2577714438058661,27.845769181294735,0.24089585755294862,0.24988889781493778,0.2542762673027197
0.13,0.9999997249707765,1.0137914864393835,0.9651437220333108,0.9680632024685323,6.445988056156802,0.36838584287257325,0.9969842047215753,0.9823889547834052,12.169891390588074,0.9981137116367508,1.025125882089044,1.0225928264078348,0.048042271530729756,0.031314425325186766,9.919283573722184,0.3997308457575937,1.5341897873530026,0.2627537095360497,27.84982883080758,0.24548188438267654,0.2545947246021379,0.2591546864304123
0.1325,0.9999997195510565,1.0143455589006283,0.9638411365567117,0.96684741712839,6.445383088708008,0.3684082574144063,0.9968906359799699,0.9810396401701001,12.159673438597338,0.9976580558590918,1.0250795250409181,1.0226289843531335,0.04986185582360446,0.03250082315818778,9.919169158145753,0.39956343610834844,1.5341720909934247,0.2677547034579577,27.85677368892016,0.2500576059429392,0.2592886840486908,0.26402651529343424
0.135,0.9999997141237361,1.014910235331676,0.9625171531250685,0.9656110528170491,6.444770672804458,0.36843165043617493,0.9967959152052429,0.9796566406873054,12.149148261677079,0.997187256886579,1.0250145866045777,1.0226537599890009,0.05171174011630149,0.03370686494876001,9.919094088807151,0.3993969732010382,1.5341604802141007,0.27300643546655634,27.89017922323949,0.25462279708013413,0.26397062362876317,0.26889159401894425
0.1375,0.9999997086886677,1.0154854849992034,0.9611719655846912,0.9643542826901601,6.444150883142688,0.3684560364611465,0.9967000539505136,0.9782403145383094,12.138318852605519,0.9967013878383659,1.0249311789355284,1.02266727534622,0.053591645505134115,0.034932357963131294,9.91905752275813,0.3992314686015994,1.5341548246384178,0.2782393376195251,27.92161791302207,0.25917723688584693,0.2686403956682386,0.27374975788031725
0.14,0.9999997032457029,1.0160712762015174,0.9598057707610177,0.9630772828455003,6.44352379462711,0.36848142969347825,0.996603063801052,0.9779303732726452,12.141333633196348,0.9962005238214912,1.0248294155780804,1.0226696442659111,0.05550128820146535,0.03617710625917835,9.919058611593528,0.39906693505562346,1.5341549930457563,0.2834521586723496,27.95109997946717,0.2637207086751081,0.2732978570812643,0.27860083725975254
0.14250000000000002,0.9999996977946934,1.016667576275817,0.958418768345193,0.9617802322181247,6.442889482350014,0.3685078440138992,0.9965049563711877,0.9785756327502148,12.156337440032496,0.995684741874094,1.0247094113761468,1.0226609724075904,0.05744037967158648,0.03744091080090795,9.919096502532225,0.39890338648068197,1.534160853538679,0.2886436693111942,27.978636175444947,0.2682529999656365,0.2779428691071576,0.2834446576309007
0.145,0.999999692335492,1.0172743516055585,0.9570111607806037,0.9604633124753653,6.4422480215718405,0.3685352929755169,0.9964057433012571,0.9791897353354235,12.171090561628123,0.9951541209084653,1.0245712823856539,1.0226413572814246,0.05940862677937854,0.038723569574025216,9.919170339468764,0.39874083795381676,1.5341722737055818,0.29381266266273826,28.004237770019095,0.27277390245814453,0.2825752970484778,0.2882810395598056
0.1475,0.9999996868679504,1.0178915676279225,0.9555831531494752,0.9591267079117713,6.4415994877017555,0.36856378979975024,0.9963054362545998,0.9797727838513112,12.185593572492674,0.9946087416539896,1.0244151457886044,1.022610888304061,0.061405731931651567,0.04002487770248739,9.919279263994527,0.39857930569431693,1.5341891207786367,0.29895795477123216,28.027916532862818,0.2772832120172004,0.28719501001105285,0.2931097987225262
0.15,0.9999996813919206,1.0185191888413867,0.95413495305962,0.957770605344087,6.440943956278487,0.3685933473723839,0.9962040469145943,0.9803248850621767,12.19984706562425,0.9940486866000323,1.024241119808841,1.0225696468773322,0.0634313932260452,0.04134462756593815,9.91942241638731,0.3984188070419239,1.5342112617868466,0.3040783850430716,28.049684718603785,0.28178072865276893,0.29180188064673857,0.2979307459378986
0.1525,0.9999996759072556,1.0191571788134066,0.9526667705314353,0.956395194006352,6.4402815029514535,0.3686239782397439,0.9961015869817392,0.9809263718347387,12.214850608560115,0.9934740399388219,1.0240493236295511,1.0225177064890199,0.06548530460136226,0.042682608917913846,9.919598936568311,0.398259360430621,1.5342385637040608,0.30917281665924673,28.069555051131864,0.28626625650321746,0.29639578489967044,0.3027436872140007
0.155,0.9999996704138074,1.0198055001882056,0.9511788178852486,0.9550006654452219,6.439612203462173,0.36865569460499314,0.9959980681707784,0.981611681764011,12.231034378060231,0.9928848875083716,1.0238398773125437,1.022455132834783,0.06756715599019725,0.04403860900470971,9.919807965025775,0.39810098535817795,1.5342708935918319,0.31424013695608227,28.08754070790235,0.2907396038209596,0.30097660175674684,0.307548423806998
0.1575,0.9999996649114288,1.0204641146946813,0.949671309629093,0.9535872134155896,6.438936133625951,0.3686885083245438,0.995893502207868,0.9822665923581979,12.24697616619629,0.9922813167354836,1.0236129017193385,1.0223819839602806,0.06967663347371102,0.04541241268479163,9.920048643704558,0.3979437023516357,1.5343081187370027,0.3192792577747376,28.10365530426573,0.2952005829613413,0.30554421300305806,0.3123447522911686
0.16,0.9999996593999726,1.0211329831544276,0.948144462347009,0.9521550337765973,6.438253369313853,0.36872243090458573,0.9957879008277879,0.9828911939296641,12.262676324299674,0.9916634165788757,1.0233685184340884,1.022298310422425,0.07181341943839417,0.046803802548636586,9.920320116860971,0.3977875329289272,1.534350106783923,0.3242891157799924,28.11791287785345,0.29964901037116615,0.31009850298295427,0.3171324646390336
0.1625,0.9999996538792916,1.0218120654898752,0.9465984945879599,0.9507043243881209,6.437563986434962,0.3687574734977304,0.9956812757711989,0.9834855806333401,12.278135223087789,0.9910312774724701,1.023106849688365,1.0222041554686618,0.07397719273465286,0.048212559038882066,9.920621531882613,0.397632499556844,1.5343967258612505,0.3292686727488742,28.130327873047484,0.30408470656792924,0.3146393583674079,0.321911348310641
0.165,0.9999996483492388,1.0225013207325577,0.9450336267554412,0.9492352850078137,6.436868060918917,0.36879364689976724,0.9955736387819406,0.984049850385461,12.293353252282984,0.9903849912688898,1.0228280182878295,1.0220995552330938,0.07616762883704313,0.04963846057066406,9.920952040072681,0.3974786256055639,1.5344478447032586,0.33421691582974067,28.14091512555979,0.3085074961074242,0.3191666679283046,0.32668118635118104
0.1675,0.9999996428096672,1.0232007070315055,0.9434500809978709,0.9477481171887789,6.436165668698732,0.36883096154653205,0.9954650016043748,0.9845841047829109,12.308330820244937,0.9897246511832034,1.022532147540804,1.021984538948233,0.07838440000597262,0.051081283652020915,9.921310797398643,0.3973259352999687,1.5345033327656312,0.33913285777245544,28.14968984714626,0.3129172075494268,0.32368032232025684,0.33144175749622856
0.17,0.9999996372604303,1.023910181661768,0.9418480810998388,0.9462430241779615,6.43545688569391,0.36886942751088725,0.9953553759807735,0.9850884490232261,12.32306835361631,0.9890503517369728,1.0222193611887602,1.0218591291711128,0.08062717545068245,0.052540803004239606,9.92169696520515,0.3971744536679843,1.5345630603357268,0.34401553713032973,28.156667610477573,0.3173136734332939,0.32818021387049884,0.33619283628402474
0.17250000000000001,0.9999996317013815,1.0246297010330707,0.9402278523742944,0.9447202108153238,6.434741787793822,0.36890905449981076,0.9952447736487484,0.9855629918252988,12.33756629698185,0.9883621887026828,1.0218897833387417,1.0217233420224776,0.08289562149331656,0.05401679168202056,9.922109710891139,0.3970242064861841,1.5346268986373048,0.34886401843453413,28.161864334188234,0.3216967302791017,0.33266623637738946,0.3409341931743185
0.17500000000000002,0.9999996261323743,1.0253592206986117,0.9385896215557473,0.9431798834338846,6.434020450841387,0.3689498518515957,0.9951332063387263,0.9860078453508254,12.351825112540594,0.9876602590489807,1.0215435383977178,1.0215771874377264,0.08518940173388113,0.0555090211933366,9.922548208551236,0.39687522022289917,1.5346947199297298,0.35367739234170176,28.165296268122578,0.3260662185858875,0.33713828491800424,0.34566559467338936
0.1775,0.9999996205532625,1.0260986953639983,0.9369336166945531,0.9416222497606884,6.43329295061703,0.36899182853315704,0.9950206857714686,0.9864231251265361,12.365845279791325,0.9869446608863451,1.0211807510088873,1.0214206694282892,0.08750817721589292,0.05701726161886142,9.923011639581686,0.3967275219790857,1.534766397601688,0.3584603595501243,28.167418747206284,0.3304219827831928,0.3415962556652595,0.3503868034649581
0.18,0.9999996149639002,1.0268480788963283,0.9352600670523538,0.9400475188187748,6.432559362822925,0.3690349931374471,0.9949072236556334,0.9868089499672419,12.379627295230915,0.9862154934120025,1.020801545989925,1.0212537863521043,0.08985160659251189,0.05854128173084409,9.923499193250985,0.39658113942719947,1.534841806259447,0.3635092308497597,28.191277729659735,0.3347638711915878,0.3460400457149725,0.3550975785467785
0.1825,0.9999996093641416,1.027607324333422,0.9335692029987449,0.9384559008302126,6.4318197630675265,0.3690793538809788,0.994792831685384,0.9871654418997327,12.393171672065565,0.9854728568556723,1.0204060482731778,1.021076531191869,0.09221934629295223,0.06008084911130639,9.92401006723565,0.39643610074833,1.5349208218097208,0.36852346083029563,28.213040829012233,0.33909173600216447,0.3504695529232143,0.35979767537276364
0.185,0.9999996037538406,1.0283763838932043,0.9318612559092243,0.9368476071202625,6.431074226850378,0.36912491860145547,0.9946775215380382,0.9876975799346458,12.409052644907407,0.9847168524261046,1.019994382847803,1.0208888918397456,0.09461105068896342,0.06163573026944094,9.92454346812156,0.39629243456784735,1.5350033215372105,0.37350194469353637,28.232720177926417,0.3434054332608995,0.3548846757542678,0.36448684600056136
0.1875,0.9999995981328523,1.029155208983244,0.9301364580644954,0.9352228500227278,6.43032282954722,0.369171694755509,0.9945613048717656,0.9882060123867614,12.424768488787661,0.9839475822582118,1.0195666747038483,1.0206908513872335,0.09702637226117271,0.06320569075808988,9.925098611871277,0.39615016988981266,1.5350891841768861,0.3784436057895223,28.250328505712957,0.34770482285232607,0.35928531313946677,0.3691648392445406
0.19,0.9999995925010307,1.0299437502104518,0.928395042551176,0.9335818427865511,6.429565646395368,0.36921968941654437,0.9944441933233263,0.9888105414958606,12.441825770721396,0.9831651493608221,1.0191230487782579,1.0204823884189265,0.09946496176508071,0.06479049528918543,9.925674724258043,0.3960093360304035,1.5351782899811082,0.3833473959732046,28.265879125017303,0.35198976847895763,0.36367136434713454,0.3738314008341783
0.1925,0.9999995868582315,1.0307419573909404,0.9266372431639708,0.9319247994837121,6.428802752479392,0.36926890927269285,0.9943261985058554,0.9894755751456078,12.459778904233442,0.9823696575650755,1.0186636299028056,1.020263477308928,0.10192646839650238,0.06638990784803593,9.926271041267011,0.3958699625505999,1.5352705207816881,0.3882122959311707,28.27938591843214,0.3562601376360498,0.3680427288638065,0.3784862735778674
0.195,0.9999995812043091,1.0315497795600512,0.9248632943093636,0.9302519349184781,6.428034222717085,0.36931936062487253,0.994207332006693,0.9901119451645396,12.47750580098857,0.9815612114734847,1.0181885427539294,1.0200340885187207,0.10441053995624701,0.06800369180634337,9.926886809464387,0.39573207918837416,1.5353657600469808,0.39303731547879117,28.290863325049003,0.36051580158474794,0.3723993062868698,0.38312919753217445
0.1975,0.9999995755391194,1.0323671649825465,0.9230734309108745,0.9285634645380593,6.42726013184569,0.3693710493849575,0.994087605385254,0.9907197383064603,12.495006557353125,0.9807399164096854,1.0176979118044702,1.0197941888953355,0.10691682301383411,0.06963161003384129,9.927521286335308,0.395595715790624,1.535463892934144,0.39782149382817383,28.30032632696146,0.3647566353263369,0.3767409962287087,0.3877599101765827
0.2,0.9999995698625178,1.0331940611629777,0.921267888315935,0.9268596043447117,6.426480554408466,0.369423981074057,0.9939670301709503,0.9912990447036499,12.512281290422546,0.9799058783688999,1.0171918612772761,1.0195437419687163,0.10944496307004309,0.0712734250084447,9.92817374059112,0.3954609022450806,1.5355648063366636,0.4025638998273397,28.30779043573125,0.36898251757809825,0.3810676982324035,0.39237814659375003
0.2025,0.9999995641743599,1.0340304148562214,0.9194469022044205,0.9251405708093359,6.425695564741487,0.36947816082090384,0.9938456178611492,0.9918499577942205,12.529330137737162,0.9790592039691388,1.016670515100676,1.0192827082472335,0.11199460471810092,0.07292889892480756,9.928843452447026,0.39532766841241906,1.5356683889272977,0.40726363217103845,28.313271678827626,0.3731933307500026,0.3853793116989785,0.3969836396552987
0.20500000000000002,0.999999558474502,1.0348761720781965,0.9176107084988852,0.9234065807866101,6.424905236960767,0.3695335933603544,0.993723379919182,0.9923725742503399,12.546153257008626,0.9782000004031551,1.0161339968657872,1.0190110455103367,0.11456539180331334,0.07459779380118602,9.929529713870842,0.3951960440587899,1.53577453119655,0.41191981958364726,28.316786586049034,0.3773889609212012,0.3896757358261624,0.40157612021313605
0.20750000000000002,0.9999995527628002,1.0357312781167567,0.9157595432765371,0.9216578514316977,6.424109644949671,0.3695902830320004,0.9936003277723963,0.9928669939073582,12.562750825856806,0.9773283753911685,1.0155824297856404,1.018728709097428,0.1171569675809519,0.0762798715845104,9.930231828803858,0.3950660587889841,1.5358831254868308,0.4165316209746004,28.318352175935598,0.3815692978157425,0.39395686955857034,0.4061553172962771
0.21,0.9999995470391109,1.0365956775427632,0.9138936426829896,0.9198946001185656,6.4233088623466,0.36964823377889505,0.993476472810252,0.9933333196938603,12.579123041557128,0.9764444371343776,1.0150159366561007,1.0184356521920694,0.11976897487221397,0.07797489425357217,9.930949113354691,0.3949377419804356,1.5359940660224385,0.42116811520433894,28.322685875954704,0.3857342347776202,0.3982226115491828,0.41072095831311356
0.2125,0.9999995413032912,1.0374693142213403,0.9120132428478204,0.9181170443599451,6.422502962532978,0.36970744914639214,0.9933518263824632,0.9937716575626738,12.595270120798208,0.9755482942692906,1.0144346398185566,1.0181318261007264,0.12240105621807797,0.07968262392023676,9.93168089596708,0.3948111227182547,1.5361072489355134,0.4260719276977602,28.345848137111254,0.3898836687454032,0.40247286013195555,0.4152727692590354
0.215,0.9999995355551977,1.0383521313233113,0.9101185798019713,0.9163254017289678,6.4216920186215285,0.3697679322811031,0.9932263997971846,0.9941821164228508,12.61119229944958,0.9746400558228894,1.013838661124351,1.0178171805252927,0.12505285403088334,0.08140282292859727,9.932426517562613,0.3946862297314795,1.5362225722881118,0.4309366513076461,28.367081176591697,0.39401750022474424,0.4067075133053519,0.4198104749292793
0.2175,0.9999995297946881,1.0392440713368203,0.9082098893970152,0.9145198897825031,6.420876103444838,0.36982968592997034,0.993100204319243,0.9946574788531115,12.62806637078742,0.9737198311686511,1.013228121900932,1.0174916638287264,0.12772401074347126,0.08313525395198887,9.933185331659407,0.3945630913307201,1.5363399360905627,0.4357614602630317,28.386400991118784,0.39813563325624274,0.41092646872655564,0.4243337991368326
0.22,0.9999995240216194,1.0401450760791366,0.9062874072263123,0.9127007259862233,6.420055289544221,0.3698927124394603,0.9929732511684146,0.9951148222968584,12.644840526078976,0.9727877299834347,1.0126031429196858,1.017155223293184,0.13041416895572847,0.08487968008778811,9.933956704467677,0.3944417353473622,1.5364592423162489,0.4405455557022968,28.40382389409037,0.402237975381126,0.41512962371608636,0.4288424649351882
0.2225,0.9999995182358501,1.0410550867086439,0.9043513685480816,0.9108681276414192,6.419229649158862,0.3699570137548777,0.9928455515177463,0.9955454763114637,12.661403648431925,0.9718438622052512,1.0119638443654324,1.0168078053701028,0.13312297157838576,0.08663586494992659,9.934740014963273,0.39432218907448635,1.53658039491298,0.4452881656286916,28.419366501838645,0.4063244376091141,0.41931687527250383,0.4333361948457003
0.225,0.9999995124372376,1.0419740437370146,0.9024020082104057,0.9090223118135856,6.418399254215273,0.37002259141980165,0.9927171164919245,0.9959495325076132,12.677755750875129,0.9708883379919315,1.011310345807547,1.0164493559217564,0.1358500619739287,0.08840357275905279,9.93553465494021,0.39420447920964624,1.5367032998111188,0.4499885448457079,28.433045720133666,0.4103949343876931,0.42348812009685594,0.43781471108925113
0.2275,0.9999995066256407,1.0429018870415665,0.9004395605781822,0.9071634952627964,6.417564176317015,0.37008944657564635,0.9925879571656859,0.9963270853843165,12.693896867010329,0.9699212676807105,1.01064276617268,1.016079820453862,0.13859508409448748,0.09018256843028173,9.936340029043144,0.3940886317996428,1.5368278649286031,0.45464597487305897,28.444878730935926,0.4144493835707506,0.4276432546265004,0.442277735821906
0.23,0.999999500800918,1.0438385558778034,0.8984642594620417,0.9052918943758815,6.416724486734736,0.37015757996134835,0.9924580845622762,0.9966782322651491,12.709827050790121,0.9689427617487393,1.0099612237190414,1.0156991443388896,0.14135768261658094,0.09197261765847617,9.937155554780947,0.3939746721874175,1.536954000173045,0.45925976384402206,28.45488297940173,0.4184877063874939,0.43178217507789396,0.44672499137418376
0.2325,0.9999994949629282,1.0447839888921353,0.8964763380492387,0.9034077251004212,6.415880256396503,0.37022699191318154,0.9923275096519548,0.9970030732353866,12.725546376303221,0.967952930774546,1.0092658360122175,1.0153072730297736,0.1441375030725985,0.09377348700100938,9.937980662522282,0.3938626249611766,1.5370816174410478,0.46403316256412375,28.475589562973017,0.42250982741206927,0.43590477749792544,0.45115620049355126
0.23500000000000001,0.9999994891115306,1.045738124134781,0.8944760288365274,0.9015112028805672,6.415031555878409,0.37029768236470134,0.9921962433505427,0.9973017110800515,12.741054937566952,0.9669518854004456,1.0085567199024903,1.0149041522637987,0.14693419197891183,0.09558494395796348,9.938814795474304,0.3937525139058511,1.53721063061491,0.4689513008762994,28.505797059452366,0.4265156745336927,0.44001095782334243,0.4555710865897023
0.23750000000000002,0.9999994832465847,1.0467008990728461,0.8924635635650285,0.8996025425946977,6.414178455395496,0.37036965084682155,0.9920642965180176,0.9975742512228878,12.756352848326827,0.965939736295914,1.0078339915036236,1.0144897282564755,0.14974739696051842,0.09740675704972408,9.93965740964542,0.393644361956983,1.5373409555568676,0.473824605209797,28.533830300002673,0.43050517892619167,0.44410061194780115,0.45996937398216375
0.24,0.9999994773679505,1.047672250603577,0.8904391731570909,0.8976819584949159,6.413321024792965,0.3704428964880239,0.991931679957155,0.9978208016662743,12.771440241863118,0.9649165941219289,1.0070977661730791,1.0140639478852818,0.15257676687212682,0.09923869589193528,9.940507973793189,0.39353819115711763,1.5374725101010336,0.4786522077047946,28.559704608359365,0.434478275014864,0.44817363579605046,0.46435078814974
0.2425,0.9999994714754877,1.0486521150677852,0.8884030876551491,0.8957496641483899,6.412459333537676,0.3705174180147035,0.9917984044122137,0.9980414729320877,12.78631727080425,0.9638825694962864,1.0063481584936385,1.0136267588631966,0.15542195191560365,0.10108053126778613,9.94136596935831,0.39343402261477634,1.5376052140431904,0.483433271249408,28.583435831628755,0.438434900440998,0.4522299254047468,0.4687150559812825
0.245,0.9999994655690572,1.0496404282634415,0.8863555361625808,0.893805872380541,6.41159345070996,0.37059321375165033,0.9916644805676685,0.9982363780035213,12.800984106946904,0.9628377729598986,1.0055852822563862,1.0131781099019992,0.15828260375371095,0.10293203519760384,9.942230890385709,0.3933318764660656,1.5377389891285824,0.48816698951849846,28.60504032576695,0.4423749960262048,0.4562693770093829,0.4730619060272604
0.2475,0.9999994596485196,1.050637125459434,0.8842967467865562,0.8918507952200779,6.410723444995715,0.3706702816226707,0.9915299190469888,0.998405632267863,12.815440941082544,0.9617823149440745,1.0048092504450257,1.012717950865347,0.16115837562007165,0.10479298100573431,9.94310224343365,0.3932317718389757,1.53787375903786,0.4928525869866499,28.62453494101997,0.446298505736865,0.4602918871368012,0.4773910687515851
0.25,0.9999994537137359,1.051642141409485,0.8822269465828783,0.8898846438458736,6.409849384678795,0.37074861915134794,0.9913947304114606,0.998549353460239,12.829687982830272,0.9607163057387818,1.0040201752214934,1.0122462329116981,0.16404892242531097,0.10666314338469565,9.943979547471912,0.393133726820409,1.5380094493713303,0.497489318915848,28.641937007332583,0.4502053766475294,0.4642973527027552,0.4817022767831322
0.2525,0.9999994477645673,1.0526554103662238,0.8801463615028081,0.8879076285356811,6.4089713376337185,0.37082822346194616,0.9912589251590591,0.9986676616083089,12.843725460475689,0.9596398554618895,1.0032181679128354,1.0117629086271727,0.1669539008593293,0.10854229845659584,9.944862333769855,0.3930377584259675,1.5381459876316446,0.5020764713184047,28.65726431973252,0.4540955589026706,0.4682856711139793,0.4859952651664032
0.255,0.9999994418008756,1.0536768660954088,0.8780552163418643,0.8859199586166826,6.408089371318653,0.37090909128045635,0.9911225137233635,0.9987606789779271,12.857553620815587,0.9585530740293811,1.0024033389993114,1.011267932148486,0.16987296948967262,0.11043022383181009,9.94575014577537,0.3929438825725221,1.5382833032050758,0.5066133608956841,28.67053512369745,0.4579690056774186,0.47225674037421644,0.4902697716107563
0.2575,0.9999994358225228,1.054706441890293,0.8759537346905888,0.8839218424178634,6.4072035527687055,0.3709912189357884,0.9909855064725196,0.9988285300197502,12.871172729008208,0.9574560711265299,1.0015757981036975,1.0107612592761215,0.1728057888559741,0.11232669866491811,9.946642538985575,0.3928521140535764,1.538421327341519,0.5110993349531964,28.681768100511306,0.46182567313812156,0.47621045919366223,0.4945255367376434
0.26,0.9999994298293714,1.0557440705861272,0.8738421388872649,0.8819134872241998,6.406313948589522,0.37107460236110856,0.9908479137082493,0.998871341316789,12.884583068428737,0.9563489561800089,1.0007356539817442,1.010242847577935,0.17575202156045072,0.11423150370790769,9.94753908081012,0.3927624665174279,1.5385599931333505,0.5155337712926361,28.69098235261687,0.4656655204021533,0.4801467271012751,0.49876230432528873
0.2625,0.9999994238212842,1.0567896845747948,0.8717206499725766,0.8798950992326526,6.405420624951166,0.3711592370953242,0.990709745664904,0.9988892415328938,12.897784940529831,0.9552318383309242,0.9998830145137669,1.0097126564834205,0.178711332354446,0.11614442136065313,9.948439350427982,0.3926749524481246,1.5386992354932774,0.5199160780814541,28.698197388971582,0.4694885094957176,0.48406544455941386,0.5029798215502542
0.265,0.9999994177981235,1.057843215819568,0.8695894876461909,0.8778668835099495,6.404523647582312,0.37124511828471807,0.9905710125085673,0.9988823613621642,12.910778664706854,0.9541048264087937,0.9990179866973266,1.0091706473688624,0.18168338822101926,0.11806523571868453,9.949342938638498,0.39258958314920145,1.5388389911312972,0.5242456937005648,28.703433110413304,0.47329460531156986,0.48796651308026523,0.5071778392253492
0.2675,0.9999994117597533,1.0589045958699828,0.867448870225249,0.8758290439521428,6.40362308176475,0.3713322406847304,0.9904317243362034,0.9988508334792631,12.923564578167468,0.9529680289064933,0.9981406766409688,1.008616783633664,0.18466785845359035,0.11999373261826574,9.95024944770753,0.3925063687301811,1.5389791985309056,0.5285220865707907,28.706709795043075,0.4770837755741648,0.49184983534353055,0.5113561120333446
0.27,0.9999994057060371,1.059973755876821,0.8652990146047458,0.8737817832459315,6.402718992328156,0.37142059866189253,0.9902918911748497,0.9987947924906295,12.936143035805362,0.9518215539561667,0.997251189558997,1.0080510307681132,0.18766441473065518,0.12192969967880422,9.951158491209451,0.3924253180958084,1.5391197979246565,0.5327447549586719,28.70804808363191,0.4808559908119802,0.49571531531485613,0.515514398755982
0.2725,0.9999993996368387,1.0610506266071928,0.8631401362197797,0.8717253028317213,6.401811443645198,0.37151018619591036,0.9901515229808596,0.9987143748865683,12.948514410077689,0.950665509306095,0.996349629767232,1.0074733564128917,0.19067273118659733,0.12387292634262083,9.952069693865715,0.39234643893798826,1.5392607312691928,0.5369132267622655,28.707468965058727,0.48461122431033327,0.49956285836449804,0.5196524624977724
0.275,0.9999993935520229,1.0621351384597113,0.86097244900965,0.8696598028684123,6.400900499626932,0.3716009968818997,0.9900106296391896,0.9986097189941966,12.960679090885973,0.949500002298525,0.9954361006797388,1.0068837304106402,0.1936924844786268,0.12582320391210916,9.952982691380736,0.3922697377303857,1.5394019422198642,0.5410270592775752,28.70499376178683,0.48834945205894664,0.5033923713857271,0.523770070904108
0.2775,0.9999993874514538,1.0632272214797496,0.8587961653837828,0.8675854821998895,6.399986223718497,0.37169302393277326,0.9898692209627344,0.9984809649312352,12.972637485460092,0.9483251398484521,0.9945107048064812,1.0062821248498863,0.19672335384988454,0.12778032558432073,9.953897130275728,0.3921952197256422,1.5395433761050261,0.545085838946261,28.70064411538628,0.4920706527115187,0.5072037629124962,0.5278669963732296
0.28,0.9999993813349968,1.0643268053747723,0.856611496189456,0.8655025383231995,6.3990686788951106,0.3717862601817791,0.989727306691707,0.9983282545606227,12.98439001824504,0.9471410284233437,0.9935735437518795,1.0056685141016812,0.19976502118875897,0.12974408648301297,9.954812667721201,0.392122888955159,1.5396849799001335,0.5490891810852828,28.69444197210976,0.49577480754922226,0.5109969432359064,0.5319430162616133
0.28250000000000003,0.9999993752025175,1.0654338195297326,0.8544186506813068,0.8634111673583836,6.39814792765839,0.37188069808519136,0.9895848964930701,0.9981517314459227,12.995937130790054,0.9459477740237906,0.992624718214228,1.0050428748492553,0.202817171084466,0.13171428368820295,9.95572897136867,0.3920527482313895,1.5398267022017103,0.5530367295991524,28.686409568529847,0.49946190044199296,0.5147718245190305,0.5359979130823697
0.28500000000000003,0.9999993690538811,1.066548193022524,0.8522178364925889,0.8613115640199569,6.397224032032943,0.37197632972515243,0.9894419999600085,0.9979515408075202,13.00727928163988,0.9447454821650598,0.9916643279859582,1.004405186111048,0.20587949087895135,0.1336907162632707,9.95664571918222,0.3919847991525814,1.5399684932012994,0.5569281566754596,28.67656941724542,0.5031319178043159,0.5185283209096633,0.5400314746962709
0.28750000000000003,0.9999993628889539,1.06766985463948,0.850009259608157,0.8592039215899948,6.3962970535632975,0.37207314681266646,0.989298626611454,0.9977278294795673,13.018416946227719,0.9435342578595437,0.9906924719547047,1.0037554292574407,0.20895167071517878,0.13567318527966066,9.957562599270451,0.3919190421099024,1.5401103046594695,0.5607631624643624,28.66494429266544,0.5067848485475893,0.5222663486506017,0.5440434944950507
0.29,0.9999993567076022,1.0687987328909114,0.8477931243391499,0.8570884318928133,6.395367053311115,0.3721711406907438,0.989154785891655,0.9975766546634344,13.030603402181734,0.9423142056001257,0.9897092481051482,1.0030935880215317,0.2120334035818743,0.13766149383923149,9.958479309719355,0.3918554762968826,1.540252089879966,0.5645414747427275,28.65155721687832,0.5104206840331771,0.5259858261870644,0.5480337715766471
0.2925,0.9999993505096934,1.06993475602667,0.8455696332993438,0.8549652852712133,6.394434091852714,0.37227030233769515,0.9890104871697932,0.9974587600790734,13.04332797545003,0.9410854293444533,0.9887147535216082,1.0024196485042884,0.21512438535480014,0.13965544709430744,9.959395558426552,0.3917940997210982,1.5403938036840739,0.5682628485636201,28.636431445615212,0.5140394180266628,0.5296866742708954,0.5520021109120897
0.295,0.9999993442950936,1.071077852051734,0.8433389873831473,0.8528346705642601,6.393498229276911,0.37237062237057517,0.9888657397396496,0.9973171395816204,13.055845416757942,0.9398480324999757,0.9877090843913562,1.0017335991744185,0.2182243148346386,0.14165485226548696,9.960311062937443,0.3917349092180248,1.540535402385275,0.572084444082723,28.627465758070528,0.5176410466513176,0.5333688160612109,0.5559483235037558
0.2975,0.9999993380636711,1.072227948741803,0.8411013857452097,0.8506967750865762,6.392559525183165,0.37247209104877377,0.9887205528193173,0.9971519277412351,13.068156048429366,0.9386021179097305,0.9866923360086173,1.0010354308632763,0.2213328937815684,0.143659518657266,9.961225550283602,0.3916779004669791,1.540676843764253,0.5766193973388736,28.654999773531,0.5212255683392637,0.5370321772211761,0.5598722265347561
0.3,0.9999993318152933,1.0733849736588947,0.8388570257816064,0.8485517846091144,6.391618038680007,0.37257469827775413,0.988574935550959,0.9969632606108775,13.080260208410538,0.9373477878391863,0.9856646027792402,1.0003251367551451,0.2244498269466211,0.14566925767153582,9.962138756823864,0.39162306800907004,1.5408180870443144,0.581100944253359,28.68043969850769,0.5247929837800972,0.5406766860106244,0.5637736435092312
0.3025,0.9999993255498285,1.074548854166936,0.8366061031125809,0.8463998833413874,6.3906738283838305,0.37267843361293573,0.9884288970006201,0.9967512756875272,13.092158250160198,0.9360851439642871,0.9846259782259983,0.9996027123731961,0.22757482209990812,0.14768388281901612,9.963050428088417,0.391570405267076,1.540959092867276,0.5855285666696407,28.703804063471285,0.5283432958679304,0.5443022733742489,0.5676524043833725
0.305,0.9999993192671452,1.0757195174473364,0.8343488115668012,0.8442412539151223,6.389726952417933,0.372783286263721,0.9882824461580796,0.9965161118740556,13.103850542540146,0.934814287359745,0.9835765549945072,0.9988681555614517,0.23070759005581226,0.1497032097286871,9.96396031862628,0.3915199045671633,1.5410998232698725,0.5899017740928556,28.725111736463933,0.5318765096472466,0.5479088730251316,0.5715083456870091
0.3075,0.9999993129671121,1.0768968905145446,0.8320853431671068,0.8420760773693101,6.38877746841192,0.3728892450976628,0.9881355919367587,0.99625790944172,13.115337469705981,0.9335353184876188,0.9825164248597231,0.9981214664630422,0.23384784469523973,0.15172705615528348,9.964868191856393,0.39147155716236115,1.541240241660727,0.5942201033971283,28.744381908043554,0.5353926322582959,0.5514964215233894,0.5753413106356264
0.31,0.9999993066495989,1.0780809002315679,0.8298158881177095,0.839904533136625,6.3878254335013835,0.372996298644772,0.9879883431736708,0.9959768099932657,13.126619430997675,0.9322483371869851,0.9814456787329994,0.9973626474950614,0.23699530298503135,0.15375524198491672,9.965773819922623,0.39142535325770295,1.5413803127979238,0.5984831185178773,28.76163407634215,0.5388916728834096,0.5550648583497486,0.5791511492327106
0.3125,0.9999993003144746,1.0792714733254594,0.8275406347928168,0.837726799031178,6.386870904327911,0.3731044351019613,0.9878407086294229,0.9956729564266081,13.137696840829738,0.9309534426645352,0.9803644066696804,0.9965917033202976,0.24014968499463296,0.15578758923889058,9.966676983552876,0.39138128203694833,1.541520002767219,0.6026904101299086,28.77688803224998,0.5423736426944848,0.5586141259738818,0.5829377183623431
0.315,0.9999992939616094,1.080468536402757,0.825259769726647,0.8355430512375777,6.385913937039406,0.37321364233762383,0.9876926969882651,0.9953464928990773,13.148570128580708,0.9296507334859273,0.9792726978772023,0.9958086408161219,0.24331071391012699,0.15782392207577767,9.967577471922523,0.3913393316907938,1.5416592789609154,0.6068415953120931,28.790163844737233,0.5458385548000592,0.5621441699173666,0.5867008818719832
0.3175,0.9999992875908733,1.0816720159648736,0.8229734776048004,0.8333534643012679,6.3849545872907205,0.3733239078963438,0.9875443168581889,0.994997564792197,13.159239738481661,0.92834030756783,0.9781706407236801,0.995013469040797,0.24647811604572767,0.15986406679182322,9.968475082522286,0.391299489446484,1.5417981100574296,0.6109363171994241,28.801481846324613,0.5492864241906993,0.5656549388111457,0.5904405106454167
0.32,0.9999992812021373,1.0828818384234247,0.8206819412569529,0.8311582111201085,6.383992910244609,0.3734352190037358,0.9873955767710736,0.994626318676987,13.169706129503547,0.9270222621706977,0.977058322746958,0.9942061991974588,0.2496516208528436,0.16190785181974454,9.96936962103076,0.3912617415987305,1.5419364660015755,0.6149742446232661,28.81086261871472,0.5527172676864733,0.5691463844473976,0.5941564826658536
0.3225,0.999999274795272,1.084097930115496,0.8183853416508431,0.8289574629371725,6.383028960572989,0.3735475625714101,0.9872464851828827,0.994232902279756,13.179969775243023,0.9256966938921664,0.9759358306640993,0.9933868445960228,0.25283096092681073,0.1639551077259935,9.970260901191553,0.39122607354184924,1.5420743179855618,0.6189550717405999,28.81832697859552,0.556131103892963,0.5726184618257482,0.5978486830692024
0.325,0.999999268370149,1.0853202173188359,0.8160838578875133,0.8267513893347258,6.382062792458526,0.3736609252020613,0.9870970504739082,0.9938174644483735,13.190031163806577,0.9243636986610815,0.9748032503812927,0.992555420613242,0.2560158720114006,0.16600566720654972,9.971148744695261,0.39119246980302336,1.5422116384307365,0.6228785176530671,28.823895963627418,0.559527953149412,0.5760711291937742,0.6015170041875457
0.3275,0.9999992619266396,1.0865486262669726,0.8137776671977763,0.8245401582293586,6.381094459596531,0.37377529319467634,0.9869472809490639,0.9933801551189946,13.19989079769279,0.9230233717322531,0.9736606670041568,0.9917119446511443,0.2592060930012051,0.16805936508131142,9.972032981066182,0.3911609140766014,1.542348400970066,0.626744326016629,28.827590818625065,0.5629078374706389,0.5795043480817736,0.6051613455828848
0.33,0.9999992554646161,1.0877830831642483,0.8114669449398703,0.8223239358682374,6.380124015197187,0.3738906525498586,0.9867971848382308,0.9929211252832203,13.20954919367233,0.921675807681913,0.9725081648484168,0.990856436094059,0.2624013659420032,0.1701160382871526,9.972913447553832,0.3911313892593386,1.542484580431357,0.6305522646426411,28.829432981945086,0.5662707805000825,0.5829180833318028,0.6087816140712256
0.3325,0.9999992489839505,1.0890235142007643,0.8091518645982708,0.8201028868264475,6.379151511988079,0.3740069889752655,0.9866467702966469,0.9924405269556734,13.219006882665662,0.9203211004038481,0.9713458274509389,0.9899889162644379,0.265601436029208,0.17217552586971063,9.97378998902932,0.39110387748649045,1.5426201528212267,0.6343021250911438,28.8294440720905,0.5696168074663195,0.5863123031209908,0.6123777237370978
0.335,0.999999242484516,1.0902698455672322,0.8068325977836255,0.8178771740053943,6.378177002217054,0.37412428789115454,0.9864960454053511,0.9919385131419713,13.228264409618115,0.9189593431061914,0.9701737375810947,0.9891094083776588,0.2688060516044968,0.17423766897397278,9.97466245788632,0.39107836016866815,1.5427550953097886,0.6379937222571784,28.827645874542608,0.5729459451354383,0.5896869789791754,0.6159495959386354
0.3375,0.9999992359661848,1.0915220034697284,0.804509314233777,0.8156469586322288,6.377200537655409,0.3742425344360357,0.9863450181716751,0.9914152378070766,13.237322333372255,0.9175906283088487,0.968991977252444,0.988217937495992,0.2720149641507215,0.17630231083372458,9.975530713946842,0.39105481802936565,1.5428893862160786,0.6416268939509053,28.824060328830384,0.5762582217594054,0.5930420858009109,0.6194971593033279
0.34,0.999999229428831,1.0927799141443444,0.8021821818158427,0.8134124002602731,6.376222169601382,0.3743617134724251,0.9861936965297837,0.9908708558440088,13.24618122653722,0.9162150478415416,0.9678006277347108,0.9873145304819045,0.2752279282851971,0.17836929675992558,9.976394624371475,0.3910332311430685,1.5430230049941696,0.6452015004723236,28.81870951584774,0.5795536670239299,0.596377601851925,0.6230203497146071
0.3425,0.9999992228723279,1.0940435038717307,0.7998513665293151,0.8111736567704081,6.375241948883977,0.37448180959269634,0.986042088341267,0.9903055230429,13.254841675355022,0.9148326928424618,0.9665997695660383,0.9863992159508574,0.2784447017514606,0.18043847412807462,9.977254063574108,0.3910135789738571,1.543155932219985,0.6487174241813601,28.81161564542808,0.582832311998547,0.5996935087701137,0.6265191102894155
0.34500000000000003,0.9999992162965493,1.0953126989915314,0.7975170325101536,0.8089308843733949,6.374259925867112,0.37460280712502675,0.9858902013957814,0.9897193960603791,13.26330427956354,0.9134436537575131,0.9653894825655013,0.9854720242237489,0.2816650454095957,0.1825096923646264,9.978108913140971,0.39099584041441604,1.5432881495787747,0.6521745690640924,28.802801044185458,0.5860941890899856,0.6029897915611816,0.6299933913469393
0.34750000000000003,0.9999992097013701,1.0965874259167068,0.7951793420358286,0.8066842376131014,6.373276150454079,0.374724690139432,0.9857380434117388,0.9891126323892662,13.271569652256085,0.9120480203401219,0.9641698458458619,0.9845329872791438,0.2848887232252096,0.18458280293252047,9.978959061753754,0.39097999382536425,1.5434196398532254,0.6555728602958654,28.792288143631126,0.5893393319980927,0.6062664385890497,0.6334431503686848
0.35000000000000003,0.9999992030866643,1.0978676111477408,0.7928384555312917,0.8044338693705977,6.372290672092345,0.37484744245388707,0.9855856220370505,0.9884853903285641,13.279638419737413,0.9106458816516136,0.9629409378265467,0.9835821387054192,0.28811550225715016,0.18665765931588052,9.979804405116708,0.3909660170748209,1.5435503869121852,0.6589122438020332,28.78009946857392,0.5925677756752254,0.6095234415611676,0.6368683519501032
0.3525,0.9999991964523076,1.09915318128673,0.7904945315758344,0.8021799308690967,6.371303539778647,0.3749710476405282,0.9854329448499143,0.9878378289537357,13.28751122137609,0.9092373260621949,0.9617028362468361,0.9826195136529509,0.2913451526440455,0.18873411700394152,9.980644845887477,0.39095388757812405,1.5436803756999646,0.6621926858170509,28.766257625812017,0.595779556293944,0.6127607955088729,0.6402689677439634
0.355,0.9999991897981747,1.1004440630513586,0.7881477269108046,0.7999225716797019,6.370314802064448,0.37509548903193085,0.9852800193596589,0.9871701080872435,13.29518870945299,0.9078224412524318,0.9604556181792386,0.9816451487864485,0.2945774475897473,0.1908120334742606,9.981480293611451,0.39094358233762166,1.5438095922261847,0.6654141724426248,28.750785293123617,0.598974711222707,0.6159784987629634,0.6436449763956954
0.3575,0.9999991831241415,1.1017401832887517,0.7857981964481474,0.7976619397279402,6.3693245070616715,0.3752207497274599,0.98512685300763,0.986482388269351,13.302671549005964,0.906401314214968,0.9591993600430476,0.9806590822375536,0.29781216334775257,0.1928912681752648,9.98231066465936,0.3909350779824548,1.5439380235561238,0.6685767092056011,28.733705208562892,0.6021532789935985,0.6191765529246508,0.6469963634709294
0.36,0.999999176430084,1.1030414689892103,0.7834460932797406,0.7953981813010413,6.368332702448799,0.3753468125996866,0.9849734531681347,0.9857748307291592,13.309960417670418,0.9049740312565724,0.9579341376180514,0.9796613535577814,0.3010490792046777,0.19497168250818772,9.983135882167932,0.3909283508082557,1.5440656578015395,0.671680320616265,28.7150401600675,0.6053152992553977,0.6223549628320673,0.6503231213754599
0.3625,0.9999991697158784,1.1043478472998263,0.7810915686874894,0.7931314410559416,6.3673394354772626,0.3754736603008674,0.9848198271494286,0.9850475973558792,13.317056005515871,0.9035406780007091,0.9566600260583901,0.9786520036719111,0.3042879774628526,0.1970531398084447,9.98395587598323,0.3909233768166856,1.5441924841119048,0.6747250497276879,28.69481297538259,0.6084608127189012,0.6255137365225253,0.6536252492678792
0.365,0.9999991629814012,1.105659245537973,0.7787347721541518,0.7908618620279763,6.366344752978167,0.3756012752694788,0.9846659821947573,0.9843008506703168,13.323959014878238,0.9021013393905896,0.9553770999065422,0.9776310748318916,0.3075286434221007,0.19913550532649446,9.984770582606503,0.3909201317547394,1.5443184926660332,0.6777109576967426,28.673046512306353,0.6115898610978703,0.6286528851907107,0.6569027529651226
0.3675,0.9999991562265297,1.1069755912046775,0.7763758513748613,0.7885895856402375,6.3653487013693315,0.3757296397368042,0.984511925483444,0.9835347537965623,13.330670160187893,0.9006560996926637,0.9540854331074244,0.9765986105713431,0.3107708653607645,0.2012186462082325,9.985579945142169,0.39091859115374505,1.5444436746640329,0.6806381233473816,28.64976364926072,0.614702487050382,0.6317724231430173,0.6601556448411746
0.37,0.9999991494511407,1.1082968119978647,0.774014952269317,0.7863147517135614,6.36435132666265,0.37585873573356493,0.9843576641320286,0.9827494704338758,13.337190167793345,0.8992050425005205,0.9527850990225916,0.9755546556607179,0.314014434516034,0.20330243147495972,9.986383913247652,0.39091873036798963,1.5445680223195488,0.6835066427367429,28.62498727619043,0.6177987341240568,0.6348723677482232,0.6633839437191948
0.3725,0.9999991426551117,1.109622835825473,0.7716522189946107,0.7840374984771221,6.363352674471773,0.3759885450965924,0.9842032051954559,0.9819451648287486,13.343519775780457,0.8977482507391882,0.9514761704445209,0.9744992560631749,0.3172591450636305,0.20538673200296778,9.98718244308478,0.39092052461290455,1.5446915288522447,0.6863166287246243,28.59874028579301,0.6208786467051574,0.6379527393847173,0.6665876747573181
0.375,0.9999991358383208,1.110953590818438,0.7692877939586579,0.7817579625796017,6.362352790020094,0.3761190494755322,0.9840485556683103,0.9811220017471378,13.349659733787197,0.8962858066698125,0.9501587196109689,0.97343245889123,0.32050479409689353,0.20747142050278025,9.98797549727239,0.3909239490027452,1.5448141884804736,0.6892917107655191,28.58031262287605,0.6239422699729066,0.6410135613844865,0.6697668693283911
0.3775,0.9999991290006457,1.1122890053435426,0.7669218178342068,0.7794762791009059,6.361351718149068,0.3762502303395771,0.9838937224861032,0.9802801464468536,13.355610802813722,0.8948177918947021,0.9488328182193838,0.9723543123642144,0.323751181605316,0.20955637149808595,9.988763044839846,0.39092897858770187,1.5449359964140874,0.6929826634627152,28.592309540555892,0.6269896498613102,0.644054859974075,0.6729215648939134
0.38,0.9999991221419654,1.1136290080161182,0.7645544295733928,0.777192581564403,6.360349503326819,0.3763820689842203,0.9837387125266034,0.9794197646500978,13.361373755027882,0.8933442873627407,0.9474985374413641,0.9712648657665965,0.32699811045256805,0.2116414613044003,9.989545061181113,0.39093558839038106,1.5450569488473351,0.6966160374059425,28.60252633430528,0.6300208330322471,0.6470766642127314,0.6760518048724448
0.3825,0.9999991152621583,1.1149735277126014,0.7621857664228101,0.7749070019496525,6.359346189657088,0.3765145465380236,0.9835835326112221,0.9785410225161284,13.366949373565898,0.8918653733751668,0.9461559479371433,0.9701641694071856,0.33024538635404443,0.21372656800748635,9.990321528009101,0.39094375344159893,1.5451770429518,0.7001916815389517,28.610980925841712,0.6330358668650046,0.6500790059279512,0.6791576385027526
0.385,0.9999991083611034,1.116322493582927,0.7598159639390701,0.7726196707056009,6.358341820888461,0.37664764396939504,0.9834281895064393,0.9776440866140544,13.37233845232831,0.8903811295917105,0.9448051198700953,0.9690522745792607,0.3334928178539705,0.21581157144156635,9.991092433309918,0.39095344881542815,1.5452962768693241,0.7037094615686103,28.61769130844726,0.6360347994406007,0.6530619196486355,0.68223912070197
0.3875,0.99999910143868,1.1176758350627622,0.7574451560048221,0.7703307167642184,6.357336440423914,0.37678134209336667,0.9832726899252803,0.976729123895738,13.377541795770982,0.8888916350370085,0.9434461229212404,0.96792923352164,0.33674021630209366,0.21789635316735284,9.991857771296722,0.39096464966344485,1.5454146497048724,0.7071692596191489,28.62267553899277,0.6390176794918846,0.6560254425360715,0.6852963119190371
0.39,0.9999990944947676,1.1190334818855587,0.7550734748452022,0.768040267554544,6.3563300913306735,0.37691562157836933,0.9831170405288407,0.9757963016687964,13.38256021869124,0.8873969681072043,0.9420790263037441,0.966795099380713,0.3399873958299861,0.21998079644992571,9.992617542362838,0.3909773312481209,1.545532161519279,0.7105709738916394,28.625951730341846,0.641984556351118,0.6589696143129464,0.6883292779837065
0.3925,0.9999990875292464,1.1203953640944269,0.752701051044689,0.7657484490171217,6.355322816350351,0.3770504629529951,0.9829612479278549,0.9748457875696984,13.38739454600897,0.8858972065767153,0.9407038987773928,0.965649926173453,0.34323417332698225,0.22206478623647877,9.993371753033882,0.3909914689753106,1.545648813321844,0.7139145183291874,28.62753804413529,0.6449354799100854,0.661894477190603,0.6913380899513835
0.395,0.999999080541996,1.121761412053814,0.7503280135643347,0.7634553856187967,6.354314657909394,0.3771858466127434,0.9828053186843108,0.9738777495369376,13.392045612542708,0.8843924276052528,0.9393208086630388,0.9644937687514203,0.3464803684157668,0.2241482091339606,9.994120415918477,0.39100703842578255,1.5457646070627102,0.7171998222883205,28.627452683956175,0.6478705005911602,0.6648000757947435,0.6943228239440923
0.3975,0.9999990735328974,1.1231315564609872,0.7479544897593454,0.761161200367848,6.353305658129829,0.3773217528267423,0.9826492593131126,0.9728923557842767,13.396514262780604,0.8828827077451255,0.9379298238569965,0.9633266827657629,0.34972580342763254,0.22623095338662938,9.994863549657394,0.39102401538574866,1.5458795456249976,0.720426830216993,28.62571388887484,0.6507896693232174,0.6676864570897786,0.697283560987841
0.4,0.9999990665018306,1.1245057283573074,0.7455806053969866,0.7588660148294342,6.352295858840276,0.37745816174443997,0.9824930762837846,0.9718897747740581,13.400801350646354,0.8813681229488131,0.9365310118453842,0.9621487246332241,0.3529703033774178,0.2283129088535407,9.995601178870727,0.39104237587634555,1.5459936328166317,0.723595501339617,28.62233992737222,0.6536930375097714,0.6705536703020251,0.700220386846678
0.4025,0.999999059448677,1.1258838591392948,0.7432064846747855,0.7565699491413256,6.351285301587272,0.3775950534022605,0.9823367760222212,0.9708701751905644,13.40490773925986,0.8798487485767628,0.9351244397183982,0.9609599515031539,0.35621369593813557,0.230393966985988,9.99633333410287,0.3910620961820237,1.5461068733618346,0.7267058093494884,28.61734909163945,0.6565806569920947,0.6734017668419409,0.7031333918537238
0.405,0.9999990523733173,1.127265880569474,0.740832250239006,0.7542731220299017,6.35027402764687,0.3777324077302168,0.9821803649124823,0.9698337259134261,13.408834300692869,0.8783246594053805,0.9337101741845059,0.9597604212255286,0.35945581141530186,0.2324740208049098,9.997060051765043,0.39108315287780526,1.5462192728922353,0.7297577421089377,28.61075969225052,0.6594525800188953,0.676230800225592,0.7060226707394678
0.40750000000000003,0.9999990452756335,1.1286517247870034,0.7384580232033711,0.7519756508263903,6.349262078036493,0.3778702045584761,0.982023849298626,0.9687805959910744,13.412581915719331,0.8767959296352057,0.9322882815845557,0.9585501923199754,0.36269648272096844,0.23455296487827954,9.997781374075094,0.39110552285536904,1.5463308379375578,0.7327513013575162,28.60259005320437,0.662308859220887,0.6790408259955307,0.7088883224576206
0.41000000000000003,0.9999990381555072,1.1300413243180785,0.7360839231680075,0.7496776514833219,6.34824949352709,0.37800842362387127,0.9818672354865888,0.9678003748767952,13.417391178228423,0.8752626328992515,0.9308588279057847,0.957329323945795,0.3659355453474646,0.23663069529849173,9.99849734899436,0.39112918334792796,1.5464415759158576,0.7356865024284772,28.59285850733173,0.6651495475881275,0.6818319016412663,0.7117304500088169
0.41250000000000003,0.9999990310128198,1.1314346120861094,0.7337100682385906,0.7473792385911834,6.3472363146555395,0.37814704457635473,0.9817105297461044,0.9668406521299625,13.422538146833803,0.8737248422714938,0.9294218787957202,0.9560978758729763,0.36917283734084905,0.23870710965975633,9.999208030161352,0.39115411195386396,1.5465514951232642,0.7385633739737896,28.581583392061393,0.6679746984531787,0.684604086519502,0.7145491602624573
0.41500000000000004,0.9999990238474536,1.1328315214216698,0.7313365750456629,0.7450805253952436,6.346222581737307,0.37828604698538626,0.981553738312661,0.9658637375153524,13.427499544499522,0.872182630275488,0.927977499575968,0.9548559084542029,0.3724081992740738,0.24078210703551312,9.999913476822083,0.39118028665908827,1.5466606047232039,0.7413819576978791,28.568783045539835,0.6707843654789164,0.6873574417743072,0.7173445637769903
0.4175,0.9999990166592911,1.1342319860722094,0.7289635587641061,0.7427816238125308,6.3452083348793895,0.3784254103462537,0.9813968673895034,0.9648697838267725,13.432276028510884,0.8706360688931111,0.9265257552558719,0.9536034825978256,0.37564147421985844,0.24285558795587486,10.000613753756879,0.39120768585809856,1.546768914735081,0.7441423081002496,28.554475803097038,0.673578602645512,0.6900920302573784,0.7201167746189195
0.42,0.999999009448215,1.1356359402115328,0.7265911331327426,0.7404826444489437,6.344193613993457,0.3785651140863185,0.9812399231496658,0.9638589441755623,13.436868265482618,0.8690852295734353,0.9250667105460472,0.9523406597418109,0.37887250772327363,0.24492745438511096,10.001308931203432,0.39123628837370483,1.546876436022377,0.7468444922271164,28.538679994050984,0.6763574642305534,0.6928079164485537,0.7228659101808368
0.4225,0.9999990022141076,1.1370433184490267,0.7242194104740428,0.7381836966164717,6.343178458809269,0.3787051375711835,0.9810829117380467,0.9628313719630145,13.441276931077466,0.8675301832416829,0.923600429871771,0.9510675018286384,0.3821011477740321,0.24699760969917775,10.001999084776065,0.391266073475402,1.5469831802801621,0.7494885894321245,28.521413938842006,0.6791210047820325,0.6955051663767187,0.7255920909987714
0.425,0.9999989949568526,1.1384540558386367,0.7218485017139212,0.7358848883505066,6.342162908888323,0.3788454601107784,0.9809258392735202,0.9617872208527803,13.445502709719559,0.8659710003081773,0.9221269773862271,0.949784071281139,0.38532724477848246,0.2490659586633044,10.00268429538097,0.3912970208963642,1.5470891600219872,0.7520746911462055,28.502695946487723,0.6818692790873869,0.698183847541251,0.7282954405691449
0.4275,0.9999989876763326,1.1398680878875784,0.7194785164015953,0.733586326427227,6.341147003637705,0.3789860609653576,0.9807687118510775,0.9607266447432662,13.44954629430279,0.8644077506773643,0.9206464169836017,0.9484904309792647,0.3885506515313047,0.2511324074096411,10.003364649127423,0.39132911084904665,1.5471943885661494,0.7546029006565669,28.482544312348264,0.6846023421429642,0.7008440288341293,0.7309760851656211
0.43,0.9999989803724313,1.1412853505647709,0.7171095627294898,0.7312881163810337,6.340130782324178,0.379126919351408,0.980611535544007,0.9596497977400189,13.453408385894203,0.8628405037569523,0.9191588123120165,0.9471866442377709,0.3917712231869015,0.25319686341497566,10.004040237234811,0.39136232403937443,1.5472988800213143,0.7570733328947886,28.46097731619057,0.6873202491268264,0.703485780462837,0.7336341536561365
0.4325,0.9999989730450324,1.1427057803089804,0.7147417475531644,0.7289903625220223,6.339114284088453,0.37926801444746217,0.9804543164061004,0.9585568341281069,13.457089693432573,0.8612693284671338,0.917664226786303,0.9458727747848001,0.39498881723048174,0.2552592354785241,10.004711155935453,0.39139664167950844,1.5474026492714843,0.759486114233947,28.43801322054024,0.6900230553751145,0.7061091738741734,0.7362697773203927
0.435,0.999998965694019,1.1441293140366617,0.7123751764112494,0.7266931679534685,6.3380975479596975,0.3794093253998134,0.9802970604738975,0.9574479083444914,13.460590933422207,0.8596942932498468,0.9161627236006026,0.9445488867413451,0.3982032934488322,0.2573194336998001,10.005377506373147,0.39143204549917654,1.5475057119603075,0.7618413822946518,28.413670269307808,0.6927108163614082,0.7087142816790833,0.7388830896680912
0.4375,0.9999989583192755,1.1455558891494788,0.7100099535453632,0.7243966345893171,6.337080612870184,0.37955083132812983,0.9801397737689519,0.9563231749504084,13.463912829622151,0.8581154660780507,0.9146543657407991,0.9432150446015869,0.4014145139007716,0.25937736945656753,10.006039394497444,0.3914685177555637,1.5476080844747255,0.764139285759842,28.38796668667641,0.6953835876778234,0.7113011775786034,0.7414742262581802
0.44,0.9999989509206861,1.1469854435415012,0.7076461819200037,0.7221008631716503,6.336063517670166,0.3796925113309637,0.979982462300131,0.9551827886037386,13.467056112730823,0.8565329144649984,0.9131392159967668,0.9418713132140786,0.40462234288728083,0.2614329553828789,10.006696930953586,0.3915060412417557,1.54770978392795,0.7663799841981502,28.36092067623648,0.698041425017095,0.7138699362910217,0.7440433245193859
0.4425,0.9999989434981349,1.1484179156060585,0.705283963242384,0.7198059532881234,6.335046301142888,0.37983434449115305,0.9798251320659384,0.9540269040313962,13.470021520066277,0.8549467054735033,0.9116173369744408,0.9405177577637688,0.4078266469213064,0.26348610534720257,10.007350230968191,0.39154459929373814,1.5478108281417822,0.7685636478955993,28.33255042035265,0.7006843841553468,0.7164206334803253,0.7465905235722888
0.445,0.9999989360515062,1.1498532442422538,0.7029233979822066,0.7175120033893517,6.334029002019778,0.3799763098811135,0.9796677890568634,0.9528556760017157,13.47280979524211,0.8533569057252031,0.9100887911076998,0.9391544437548404,0.4110272946972273,0.26553673443064013,10.007999414230646,0.39158417579594984,1.547911235628268,0.7706904576953681,28.302874079747546,0.7033125209352097,0.7189533456860231,0.7491159640532061
0.4475,0.9999989285806846,1.1512913688611321,0.7005645853913507,0.7152191108062307,6.333011658995789,0.3801183865680166,0.9795104392577535,0.9516692592968552,13.475421687839148,0.8517635814098223,0.9085536406700546,0.9377814369943479,0.4142241570599805,0.267584758905234,10.00864460477029,0.3916247551853998,1.548011025570703,0.7727606048453214,28.27190979328633,0.7059258912508284,0.7214681502544024,0.7516197879401268
0.45,0.9999989210855547,1.1527322293915085,0.6982076235234621,0.7129273717671787,6.331994310744877,0.3802605536188528,0.979353088650209,0.9504678086852095,13.477857953073034,0.8501667982944372,0.907011947786149,0.9363988035766392,0.41741710697383627,0.2696300962123664,10.009285930829401,0.39166632245435423,1.5481102178039867,0.7747742908529663,28.239675677945517,0.7085245510380749,0.7239651252712822,0.7541021383809525
0.4525,0.9999989135660015,1.1541757662854655,0.6958526092534254,0.7106368814152825,6.330976995935615,0.3804027901053756,0.9791957432149976,0.9492514788938381,13.48011935145775,0.8485666217327335,0.9054637744430571,0.9350066098685377,0.4206060194908178,0.27167266494124637,10.009923524732129,0.3917088631516083,1.548208832794351,0.7767317273474672,28.206189828949157,0.7111085562703193,0.7264443494963156,0.7565631595242743
0.455,0.9999989060219097,1.1556219205235354,0.6934996382967072,0.7083477338253358,6.329959753246932,0.3805450751089253,0.9790384089344886,0.9480204245809074,13.482206648465162,0.8469631166742472,0.9039091825013794,0.9336049224952692,0.42379077171875257,0.27371238480748417,10.010557522749387,0.39175236338235786,1.5483068916184637,0.7786331359483208,28.171470320055107,0.7136779629560549,0.7289059022988833,0.7590029963529284
0.4575,0.9999988984531643,1.1570706336195844,0.6911488052285527,0.7060600220207549,6.3289426213839715,0.38068738772513033,0.9788810917951057,0.94677480030815,13.484120614180718,0.8453563476735787,0.9023482337061355,0.9321938083271102,0.426971242788952,0.27574917663174964,10.01118806495985,0.39179680980669085,1.548404415941929,0.7804787481402681,28.13553520397374,0.7162328271363567,0.7313498635956163,0.7614217945205457
0.46,0.9999988908596505,1.1585218476254222,0.6888002035030212,0.7037738379903579,6.327925639094031,0.3808297070684813,0.9787237977897927,0.9455147605133397,13.485862022955306,0.8437463788995678,0.9007809896974429,0.9307733344667437,0.430147313823507,0.2777829623185101,10.01181529510719,0.3918421896367218,1.5485014279972067,0.7826120863518522,28.110732869435168,0.7187732048819483,0.7337763137895795,0.7638197001913214
0.4625,0.9999988832412537,1.1599755051351608,0.686453925471848,0.7014892727049937,6.326908845182634,0.38097201227677846,0.9785665329204991,0.9442404594827796,13.487431653053335,0.8421332741444275,0.8992075120209837,0.9293435682372934,0.43331886790219387,0.2798136648348451,10.012439360453653,0.39188849063239567,1.5485979505609653,0.7854063465552892,28.11029714562731,0.7212991522902059,0.7361853337111365,0.7661968598832163
0.465,0.9999988755978589,1.1614315492893492,0.6841100624031177,0.6992064161340114,6.32589227852965,0.3811142825154481,0.978409303200673,0.942952051323808,13.488830286297162,0.840517096832839,0.8976278621382525,0.9279045771710256,0.43648579002898086,0.28184120818933167,10.01306041163015,0.39193570109599,1.548694006930896,0.7881433337424233,28.10835229606395,0.7238107254829806,0.7385770045605166,0.7685534203147868
0.4675,0.9999988679293518,1.1628899237788983,0.681768704499735,0.6969253572615526,6.324875978105507,0.38125649698172587,0.9782521146577693,0.9416496899373187,13.490058707707837,0.8388979100310313,0.896042101436579,0.9264564289986892,0.43964796709813253,0.2838655174109964,10.013678602483067,0.3919838098653495,1.548789620902019,0.7908229902744237,28.104910447604997,0.7263079806026967,0.7409514078520945,0.770889528255847
0.47000000000000003,0.9999988602356176,1.1643505728488242,0.6794299409176827,0.6946461841026602,6.3238599829874635,0.3813986349087038,0.9780949733357657,0.9403335289902915,13.491117705142248,0.8372757764558967,0.8944502912389283,0.9249991916394793,0.44280528785990214,0.2858865185283293,10.014294089917893,0.3920328063058854,1.5488848167424987,0.79344526947883,28.09998380155159,0.7287909738020841,0.7433086253603904,0.7732053303821504
0.47250000000000003,0.9999988525165417,1.1658134413018135,0.6770938597840529,0.6923689837191881,6.322844332375939,0.38154067556924015,0.9779378852976893,0.93900372188834,13.492008068926776,0.8356507584841146,0.8928524928134632,0.9235329331916025,0.44595764288581413,0.28790413854835434,10.01490703374002,0.39208268030138155,1.5489796191690186,0.7960101356766118,28.093584636583966,0.731259761229501,0.7456487390677928,0.7755009731342662
0.47500000000000003,0.9999988447720102,1.1672784745016185,0.6747605482148421,0.6900938422355056,6.321829065610881,0.38168259827972767,0.9777808566281474,0.9376604217482694,13.492730591487415,0.8340229181610094,0.8912487673828781,0.9220577219234225,0.44910492453353035,0.28991830543575314,10.015517596492781,0.39213342224364356,1.5490740533217335,0.7985175642157272,28.08572531182624,0.7337143990148611,0.7479718311140016,0.7777766025808288
0.47750000000000004,0.9999988370019081,1.1687456183762803,0.6724300923324981,0.6878208448539849,6.320814222188166,0.3818243824037185,0.9776238934358643,0.9363037813706545,13.493286066976532,0.8323923172090848,0.8896391761334923,0.9205736262651733,0.45224702691130536,0.29192894809203784,10.016125943293089,0.392185023021036,1.549168144738847,0.8009675415106107,28.076418270017943,0.736154943259302,0.7502779837471865,0.7800323642863163
0.48,0.9999988292061215,1.1702148194211612,0.6701025772832123,0.6855500758702637,6.319799841776024,0.3819660073554031,0.9774670018562223,0.9349339532124314,13.49367529089625,0.8307590170365233,0.8880237802241038,0.9190807148012142,0.4553838458420315,0.2939359963347697,10.016732241664892,0.3922374740059501,1.549261919330852,0.8033600650869994,28.065676040771745,0.7385814500297166,0.7525672792768511,0.7822684031835153
0.4825,0.999998821384536,1.1716860247017742,0.6677780872539482,0.683281618688279,6.3187859642314725,0.3821074526029417,0.9773101880538023,0.9335510893595174,13.493899059718684,0.8291230787457239,0.8864026407946053,0.9175790562628231,0.45851527882687865,0.29593938087682087,10.017336661370665,0.39229076704124793,1.5493554033544694,0.8056951436314996,28.053511243897034,0.7409939753540614,0.7548398000283898,0.7844848634508165
0.485,0.9999988135370371,1.1731591818563714,0.6654567054892011,0.6810155558350618,6.31777262961675,0.38224869767164527,0.9771534582249265,0.9321553414994581,13.493958170503017,0.8274845631418131,0.8847758189743572,0.9160687195215044,0.4616412250085395,0.2979390333056777,10.017939374241333,0.3923448944257311,1.549448623386341,0.8079727970452503,28.039936592768615,0.743392575212409,0.7570956282993194,0.7866818883944638
0.4875,0.9999988056635111,1.174634239098268,0.6631385143074833,0.6787519689752934,6.316759878215749,0.38238972214700545,0.9769968186002002,0.9307468608941197,13.49385342050967,0.8258435307410896,0.8831433758903274,0.914549773582806,0.46476158513408555,0.2999348860627831,10.018540554004801,0.3923998488986797,1.5495416062965097,0.8101930565010507,28.02496489772006,0.7457773055245593,0.7593348463171696,0.7888596203358916
0.49,0.9999987977638432,1.1761111452178603,0.6608235951175334,0.67649093892562,6.315747750550412,0.3825305056775718,0.9768402754470463,0.9293257983524356,13.493585606811747,0.8242000417793918,0.881505372674998,0.913022287580642,0.46787626151744766,0.30192687242291705,10.019140376113437,0.39245562362351266,1.5496343792217377,0.8123559645032852,28.00860906944121,0.7481482221381256,0.7615575361990065,0.7910182005042479
0.4925,0.9999987898379195,1.1775898495843,0.6585120284342485,0.674232545668724,6.314736287397109,0.38267102797767644,0.9766838350722401,0.9278923042032257,13.493155525903958,0.8225541562203679,0.8798618704740446,0.9114863307721105,0.4709851580015323,0.3039149264736125,10.01973901757086,0.39251221217061893,1.5497269695387135,0.8144615749499673,27.99088212235935,0.750505380819496,0.7637637799125607,0.7931577689342051
0.495,0.9999987818856255,1.1790703021468025,0.6562038938943401,0.6719768683671541,6.313725529802994,0.38281126883000655,0.9765275038244383,0.926446528268108,13.492563973309299,0.8209059337636307,0.8782129304538019,0.9099419725328052,0.474088179919984,0.30589898309460795,10.020336656758186,0.3925696084994086,1.5498194048371805,0.8165099531962223,27.97179717798383,0.7528488372533496,0.7659536592389387,0.7952784643691421
0.4975,0.9999987739068474,1.1805524534355554,0.653899270271714,0.6697239853769189,6.312715519102271,0.3829512080880249,0.9763712880966945,0.9249886198345365,13.491811743183877,0.819255433852795,0.8765586138085258,0.9083892823526365,0.4771852340586094,0.3078789779373294,10.020933473260234,0.39262780693963784,1.549911712893056,0.8185011761184984,27.951367468193887,0.7551786470507579,0.7681272557368704,0.7973804241697625
0.5,0.9999987659014707,1.1820362545622207,0.6515982354925842,0.6674739742608453,6.311706296932456,0.3830908256782424,0.9762151943289751,0.9235187276289757,13.490899627920127,0.8176027156834113,0.8748989817674642,0.9068283298321506,0.4802762286164715,0.30985484740440367,10.021529647691775,0.39268680217205887,1.550003921641556,0.8204353321788078,27.929606338449798,0.7574948657365065,0.7702846507084699,0.7994637842282086
0.5025000000000001,0.9999987578693811,1.1835216572200276,0.6493008666503207,0.6652269118017131,6.310697905250534,0.38323010160234344,0.9760592290106576,0.9220369997902701,13.489828417748988,0.8159478382108366,0.8732340956017568,0.9052591846793733,0.48336107316666777,0.3118265286291963,10.022125361524298,0.3927465892084479,1.5500960591504043,0.822312521488268,27.90652725090751,0.7597975487175433,0.7724259251664541,0.8015286788877048
0.505,0.9999987498104642,1.185008613683475,0.6470072400200405,0.6629828740151662,6.309690386349083,0.3833690159391703,0.9759033986830252,0.9205435838432207,13.488598900341392,0.8142908601580533,0.8715640166311817,0.9036819167071809,0.4864396786167983,0.31379395945536925,10.022720796913426,0.3928071633710659,1.5501881535931368,0.8241328558692267,27.88214378741727,0.7620867512598262,0.7745511598027844,0.8035752408677593
0.5075000000000001,0.9999987417246059,1.1864970768076772,0.644717431072952,0.6607419361624162,6.3086837828723,0.3835075488465698,0.975747709941745,0.9190386266724284,13.487211860409648,0.8126318400234492,0.8698888062307721,0.9020965958312234,0.4895119571691373,0.3157570784164533,10.023316136527383,0.39286852027160785,1.550280233222573,0.8258964589152291,27.856469652386977,0.7643625284739648,0.7766604349586719,0.8056036011949239
0.51,0.9999987336116918,1.1879870000274049,0.6424315144904577,0.6585041727627422,6.307678137831947,0.38364568056310977,0.9755921694393341,0.9175222744964372,13.485668079309258,0.8109708360885585,0.8682085258373271,0.9005032920684166,0.4925778222805094,0.31771582471542803,10.023911563376657,0.39293065578969494,1.5503723263444686,0.8276034660480991,27.829518675491176,0.7666249353045453,0.7787538305958995,0.8076138891391101
0.5125,0.9999987254716073,1.1894783373558888,0.6401495641780286,0.6562696576058009,6.30667349462322,0.38378339140967144,0.9754367838876149,0.9159946728422249,13.483968334641748,0.8093079064257681,0.8665232369558385,0.8989020755360259,0.49563718862188133,0.31967013820429996,10.024507260645226,0.3929935660509698,1.5504644612914131,0.8292698243731561,27.801834513300463,0.7688740265207196,0.7808314262693989,0.8096062321554292
0.515,0.9999987173042381,1.190971043383472,0.6378716532788578,0.6540384637637522,6.3056698970405165,0.3839206617909266,0.9752815600601528,0.9144559665200913,13.48211339985922,0.8076431089059939,0.8648330011658686,0.8972930164513652,0.49868997203767207,0.32161995936367294,10.025103411523496,0.3930572474048504,1.55055666639699,0.8309429737918785,27.775006921672706,0.771109856710162,0.7828933011010201,0.8115807558315159
0.5175,0.9999987091094694,1.1924650732762023,0.6355978541873019,0.651810663603213,6.304667389293103,0.38405747219670744,0.9751265047946799,0.9129062995989927,13.480104043871178,0.8059765012063381,0.8631378801278976,0.8956761851321416,0.5017360895047871,0.3235652292823,10.025700199043273,0.3931216964020038,1.5506489699702528,0.8325670092250794,27.74716263892739,0.773332480290034,0.7849395337544339,0.8135375838402773
0.52,0.9999987008871872,1.1939603827744714,0.6333282385621215,0.6495863287970496,6.3036660160206734,0.3841938032032794,0.9749716249955017,0.9113458153823711,13.477941030654431,0.8043081408177368,0.8614379355896767,0.8940516519974678,0.5047754590913847,0.32550588963660954,10.026297805914954,0.3931869097715985,1.5507414002705433,0.8341421013153943,27.71831381912649,0.7755419514869026,0.7869702024110949,0.8154768378979891
0.5225,0.9999986926372764,1.1954569281918002,0.6310628773395279,0.6473655303360131,6.302665822308796,0.384329635474527,0.9748169276358858,0.9097746563845295,13.475625118866667,0.8026380850526265,0.8597332293926107,0.8924194875695726,0.5078079999153776,0.32744188267019747,10.026896414367174,0.3932528843983964,1.5508339854826902,0.8356684319004913,27.688472770646918,0.7777383242931318,0.7889853847472028,0.8173986377276524
0.525,0.9999986843596226,1.19695466641387,0.6288018407460418,0.6451483385402297,6.301666853704232,0.3844649497630632,0.974662419760431,0.9081929643076042,13.473157061464525,0.800966391052665,0.8580238234782015,0.8907797624762372,0.5108336321026864,0.3293731511732797,10.027496205989177,0.3933196172997441,1.55092675369263,0.8371461940459486,27.65765195717029,0.7799216524413505,0.7909851579115855,0.8193031010274974
0.5275,0.9999986760541111,1.1984535548978965,0.6265451983111745,0.6429348230705502,6.300669156230129,0.38459972691127353,0.9745081084874182,0.9066008800191796,13.470537605326777,0.7992931157964333,0.8563097798945775,0.889132547453981,0.5138522767452509,0.3312996384620994,10.02809736157609,0.39338710560252454,1.551019732863474,0.8385755920662873,27.625863998285002,0.7820919893872929,0.7929695985044432,0.8211903434445221
0.53,0.9999986677206268,1.1999535516724147,0.6242930188799335,0.6407250529397658,6.299672776401076,0.38473394785230564,0.9743540010111376,0.9049985435305979,13.467767490883421,0.7976183161070904,0.854591160803138,0.8874779133520281,0.5168638558588204,0.33322128835828696,10.028700060977338,0.39345534652012853,1.5511129508120651,0.8399568415334753,27.593121669687466,0.7842493882950665,0.7949387825568797,0.8230604785529257
0.5325,0.9999986593590551,1.2014546153375283,0.6220453706251575,0.6385190965236953,6.298677761237984,0.38486759361101625,0.9742001046041914,0.9033860939760066,13.464847451751352,0.7959420486600975,0.8528680284853366,0.8858159311370779,0.5198682923405433,0.3351380451681725,10.02930448294843,0.3935243373295026,1.5512064351860535,0.8416419734081859,27.57096249293069,0.7863939020214742,0.7968927855111557,0.8249136178372901
0.535,0.9999986509692812,1.202956705065659,0.6198023210596871,0.6363170215721456,6.297684158282847,0.385000645304886,0.9740464266197758,0.9017636695921847,13.461778214377293,0.7942643699910108,0.8511404453496275,0.8841466718988992,0.5228655099263798,0.33704985366205265,10.02991080500638,0.3935940753483335,1.5513002134415335,0.8439007472982776,27.568108034200304,0.7885255830985499,0.7988316822015976,0.8267498706803473
0.5375,0.99999864255119,1.2044597806027884,0.6175639370483718,0.6341188952197528,6.296692015613296,0.3851330841449139,0.9738929744939333,0.9001314076991956,13.458560497688712,0.7925853365033297,0.8494084739386011,0.8824702068567768,0.5258554331483717,0.3389566590534182,10.030519203288932,0.3936645579124215,1.5513943128212715,0.8461071773376904,27.564003648725386,0.7906444837148806,0.8007555468360998,0.8285693443551626
0.54,0.9999986341046664,1.2059638022701644,0.6153302848199161,0.6319247839967019,6.295701381856998,0.3852648914365016,0.9737397557477785,0.8984894446819022,13.455195012753377,0.7909050044763989,0.847672176936322,0.8807866073668262,0.5288379872918015,0.34085840697814973,10.03112985241784,0.39373578235329654,1.5514887603335603,0.8482612152399576,27.558656957263494,0.7927506556964667,0.8026644529781587,0.8303721440215441
0.5425,0.9999986256295953,1.2074687309664103,0.6131014299785689,0.6297347538393328,6.294712306205849,0.3853960485803372,0.9735867779896941,0.8968379159723785,13.451682462448108,0.7892234300733619,0.8459316171758994,0.8790959449301986,0.531813098352283,0.342755043473692,10.03174292536644,0.3938077459761262,1.5515835827317364,0.8503628274408149,27.55207587566827,0.7948441504891506,0.8045584735293797,0.8321583727264878
0.545,0.9999986171258617,1.2089745281699422,0.6108774375156582,0.627548870100632,6.29372483842998,0.38552653707329043,0.9734340489174965,0.895176956033257,13.448023541137465,0.7875406693491707,0.8441868576472992,0.8773982912021897,0.5347806929928245,0.3446465149582202,10.032358593331761,0.39388044603796574,1.5516788064943976,0.8524119952650685,27.54426861778723,0.7969250191516833,0.8064376807123995,0.8339281314084439
0.5475,0.9999986085933501,1.2104811559415813,0.6086583718209723,0.6253671975606134,6.292739028891561,0.3856563385093263,0.973281576320572,0.893506698342035,13.444218934362762,0.7858567782586455,0.8424379615054183,0.8756937180022693,0.5377406985009143,0.3465327682098112,10.032977025611332,0.39395387972639023,1.5517744578063535,0.85440871507811,27.53524369787772,0.7989933123524624,0.8083021460541677,0.8356815189051894
0.55,0.9999986000319454,1.2119885769272134,0.6064442966939944,0.6231898004365943,6.291754928558372,0.38578543458044906,0.9731293680819739,0.8918272753763801,13.44026931854215,0.7841718126646002,0.8406849920784387,0.873982297325048,0.5406930427456735,0.3484137503456378,10.03359838948497,0.3940280441385557,1.5518705625403375,0.8563529984212455,27.52500993252439,0.8010490803357091,0.8101519403695329,0.8374186319650784
0.5525,0.9999985914415322,1.2134967543603477,0.604235275354994,0.6210167423933675,6.290772589017182,0.3859138070776825,0.9729774321804943,0.8901388186004456,13.436175360682043,0.7824858283460331,0.8389280128764673,0.8722641013521867,0.5436376541351275,0.35028940880119913,10.034222850101738,0.39410293626072446,1.551967146239526,0.8582448721300394,27.513576442043064,0.8030923728925397,0.8119871337450756,0.8391395652614255
0.555,0.9999985828219953,1.2150056520643997,0.6020313704559808,0.6188480865532777,6.2897920624868995,0.38604143789209744,0.9728257766926954,0.8884414584522332,13.431937718100531,0.7807988810063852,0.837167087600485,0.870539202465265,0.5465744615736453,0.35215969130960595,10.034850570372244,0.3941785529482932,1.5520642341008788,0.8600843784349174,27.50095265135689,0.8051232393474017,0.8138077955231338,0.8408444114097806
0.5575,0.9999985741732186,1.2165152344545453,0.5998326440915264,0.6166838955062092,6.2888134018314785,0.3861683090158927,0.9726744097949077,0.8867353243320136,13.427557038163064,0.7791110262818716,0.8354022801516089,0.8688076732596163,0.5495033944195922,0.3540245458809342,10.035481710866518,0.39425489090635807,1.5521618509593447,0.8618715750433034,27.487148290332232,0.8071417285388391,0.815613994285963,0.8425332609878262
0.56,0.9999985654950869,1.2180254665389758,0.5976391578094686,0.6145242313194886,6.287836660572635,0.38629440254353997,0.9725233397651957,0.8850205445918283,13.423033958030826,0.7774223197498865,0.833633654640684,0.8670695865591327,0.5524243824432423,0.355883920781662,10.03611642971758,0.3943319466708492,1.5522600212729467,0.8636065352026115,27.47217339356273,0.8091478887910862,0.8174057978399666,0.8442062025576381
0.5625,0.9999985567874842,1.2195363139194249,0.5954509726214999,0.612369155547718,6.286861892902315,0.38641970067299775,0.9723725749852867,0.8832972465260861,13.418369104422146,0.7757328169374922,0.8318612753982108,0.865325015432052,0.5553373557849922,0.3577377645142012,10.036754882530921,0.3944097165902652,1.5523587691087815,0.8652893477434591,27.456038299591945,0.8111417678869943,0.8191832731999373,0.8458633226900284
0.5650000000000001,0.999998548050295,1.2210477427908413,0.5932681490136572,0.610218729242543,6.285889153694944,0.38654418570700483,0.9722221239424654,0.8815655563632685,13.413563093387182,0.7740425733299919,0.8300852069846246,0.863574033207729,0.558242244913911,0.3595860257965329,10.037397222299969,0.394488196808039,1.552458118129944,0.866920117102514,27.438753649566177,0.8131234130453986,0.8209464865732431,0.8475047059906918
0.5675,0.9999985392834032,1.2225597199401326,0.5910907469567215,0.6080730129623695,6.2849184985194695,0.38666784005446136,0.9720719952314364,0.8798255992587559,13.408616530096193,0.772351644379602,0.8283055142009301,0.8618167134943927,0.5611389805866589,0.3614286535419565,10.038043599327688,0.3945673832455632,1.5525580915834032,0.8684989633244488,27.420330385310812,0.8150928709001822,0.8226955033438859,0.849130435127867
0.5700000000000001,0.9999985304866927,1.2240722127439294,0.5889188259165423,0.6059320667820428,6.283949983651162,0.3867906462319038,0.9719221975561494,0.8780774992887866,13.403530008641583,0.7706600855142328,0.8265222620997099,0.8600531301978999,0.5640274938068027,0.36326559683895343,10.038694161154359,0.39464727158590396,1.5526587122888302,0.8700260220425212,27.40077974682528,0.8170501874795235,0.8244303880563686,0.8507405908612286
0.5725,0.9999985216600479,1.2255851891653682,0.5867524448642987,0.6037959503024961,6.282983666083228,0.386912586865086,0.9717727397315953,0.8763213794455535,13.39830411185395,0.7689679521464,0.8247355159965049,0.8582833575414796,0.5669077157845445,0.36509680493117,10.039349052491643,0.3947278572582324,1.5527600026284016,0.8715014444373654,27.38011326919336,0.8189954081855174,0.826151204399294,0.8523352520717133
0.5750000000000001,0.9999985128033522,1.2270986177499368,0.5845916622867111,0.6016647226603874,6.282019603538204,0.38703364469067264,0.9716236306855687,0.8745573616334485,13.39293941113232,0.7672752996822614,0.8229453414815897,0.8565074700864749,0.5697795778968815,0.366922227197518,10.040008415162893,0.3948091354230004,1.5528619845375664,0.8729253971736446,27.35834277890743,0.8209285777750648,0.8278580151886266,0.853914495792005
0.5775,0.9999985039164894,1.2286124676204715,0.582436536196218,0.599538442537733,6.281057854479136,0.38715380255805565,0.9714748794603967,0.8727855666664647,13.38743646628874,0.76558218353074,0.8211518044321444,0.8547255427540861,0.5726430116482063,0.3687418131323896,10.04067238804977,0.3948911009578899,1.5529646794967895,0.8742980623142738,27.33548038960717,0.8228497403459273,0.8295508823505522,0.8554783972373864
0.58,0.9999984949993429,1.2301267084714365,0.5802871241411273,0.597417168171552,6.280098478120558,0.3872730434313036,0.9713264952146375,0.8710061142667603,13.381795825407446,0.7638886591127616,0.8193549710248342,0.8529376508481127,0.5754979486313497,0.37055551232598366,10.04134110704503,0.3949737484445636,1.5530681085242501,0.8756196372120089,27.311538497235038,0.8247589393271746,0.8312298669038647,0.8570270298366998
0.5825,0.9999984860517968,1.231641310562661,0.5781434832157588,0.5953009573635317,6.279141534439279,0.3873913503912539,0.971178487224748,0.8692191230643905,13.376018024718741,0.7621947818706636,0.8175549077488129,0.8511438700786991,0.5783443204890701,0.372363274444736,10.042014705011509,0.3950570721562418,1.5531722921694977,0.8768903343782518,27.286529774613005,0.8266562174592837,0.832895028941829,0.8585604652631491
0.585,0.9999984770737341,1.233156244712744,0.5760056700705852,0.5931898674897252,6.278187084184943,0.38750870663775766,0.9710308648867177,0.8674247105982185,13.370103588487861,0.76050060727778,0.815751681419154,0.8493442765870856,0.5811820588759844,0.3741650492118492,10.042693311747101,0.3951410660461335,1.5532772505080346,0.8781103813290239,27.26046716544692,0.8285416167771098,0.8345464276134676,0.8600787734647115
0.5875,0.9999984680650383,1.2346714822923555,0.5738737409223805,0.5910839555102895,6.2772351888904,0.3876250954920887,0.9708836377176724,0.8656229933180106,13.36405302891899,0.7588061908482038,0.8139453591907234,0.8475389469713682,0.5840110954209362,0.3759607863879151,10.04337705395562,0.3952257237367445,1.55338300313681,0.8792800204081254,27.233363877767058,0.8304151785917099,0.8361841211042352,0.8615820226939317
0.59,0.9999984590255925,1.2361869952176892,0.5717477515643858,0.5889832779792712,6.276285910881856,0.38774050039952546,0.970736815357444,0.8638140865877263,13.357866846074732,0.7571115881467213,0.8121360085725062,0.8457279583132675,0.5868313616897967,0.3777504357516254,10.044066055223354,0.3953110385100858,1.553489569170594,0.8803995085875974,27.20523337681557,0.8322769434606695,0.8378081666160551,0.8630702795369112
0.5925,0.9999984499552795,1.2377027559443212,0.5696277573764955,0.5868878910544463,6.275339313288803,0.38785490493211694,0.9705904075701073,0.8619981046900063,13.351545527811261,0.7554168547989297,0.8103236974423904,0.843911388205911,0.5896427891486914,0.37953394708056615,10.044760436001127,0.3953970032988035,1.5535969672392023,0.8814691172456777,27.17608937739362,0.834126951154614,0.8394186203467103,0.8645436089413163
0.595,0.999998440853983,1.2392187374617223,0.5675138133354672,0.5847978505072142,6.274395460053723,0.3879682927916422,0.9704444242454794,0.8601751608318748,13.345089549729469,0.7537220465015395,0.8085084940624254,0.84208931478263,0.5924453091276488,0.3813112701320965,10.045460313591569,0.39548361067824556,1.553705215485527,0.8824891319225494,27.145945835683147,0.8359652406268763,0.8410155374685941,0.866002074243273
0.5975,0.999998431721586,1.2407349132886556,0.5654059740251585,0.5827132117325534,6.273454415941545,0.38808064781277163,0.9702988754005832,0.8583453671516581,13.338499375142417,0.7520272190328716,0.8066904670945559,0.8402618167467715,0.5952388527846708,0.3830823546243123,10.046165802141399,0.39557085285948274,1.5538143315643445,0.883459852054257,27.114816940560523,0.8377918499847035,0.842598972106846,0.8674457371930351
0.6,0.9999984225579708,1.2422512574696507,0.563304293646786,0.5806340297590301,6.272516246548856,0.38819195396643835,0.9701537711810726,0.8565088347271231,13.331775455059361,0.7503324282635534,0.8048696856168367,0.838428973402524,0.5980233510702263,0.38484715021710075,10.04687701263843,0.3956587216832947,1.553924332641851,0.8843815906852612,27.082717104421096,0.8396068164601326,0.8441689773169097,0.8688746579793512
0.6025,0.9999984133630205,1.2437677445727158,0.561208826029208,0.5785603592588644,6.271581018312828,0.3883021953634248,0.9700091218626117,0.8546656735848497,13.324918228186684,0.74863773016741,0.803046219140139,0.836590864686757,0.6007987346921753,0.38660560649329473,10.047594052912988,0.3957472086151293,1.5540352353958828,0.8852546741601949,27.049660953535984,0.8414101763812594,0.8457256050615778,0.8702888952524898
0.605,0.9999984041366177,1.245284349688376,0.5591196246392212,0.5764922545580461,6.270648798519856,0.38841135625817186,0.9698649378522125,0.8528159927108306,13.317928120946027,0.7469431808325536,0.8012201376253376,0.8347475712018672,0.6035649340811371,0.3883576729399406,10.048317027643519,0.39583630474104153,1.5541470560167827,0.8860794417954555,27.015663317963945,0.8432019651451865,0.8472689061875862,0.8716885061459008
0.6075,0.9999983948786455,1.2468010484300844,0.5570367425918683,0.5744297696464956,6.269719655313886,0.3885194210528095,0.9697212296895218,0.8509599000622989,13.310805547509775,0.7452488364726637,0.799391511500987,0.8328991742496196,0.606321879356323,0.3901032989296975,10.049046038366047,0.39592600076461526,1.5542598102088634,0.8868562455313621,26.98073922104316,0.8449822171931738,0.8487989304018507,0.8730735462965326
0.61,0.9999983855889859,1.248317816935964,0.5549602326607491,0.5723729581882616,6.2687936577044105,0.3886263743014134,0.9695780080480583,0.8490975025807778,13.303550909854184,0.7435547534384542,0.7975604116814701,0.8310457558659774,0.6090695002918572,0.39184243370238975,10.049781183487285,0.3960162870048659,1.554373513192435,0.8875854495656624,26.94490386848901,0.8467509659877522,0.8503157262474381,0.8744440698638406
0.6125,0.9999983762675217,1.2498346318717866,0.5528901472883238,0.5703218735317502,6.267870875574105,0.38873220071448095,0.9694352837363935,0.8472289062063402,13.29616459783022,0.7418609882293168,0.7957269095856156,0.8291873988568975,0.6118077262836217,0.3935750263467385,10.05052255830111,0.39610715339512387,1.5544881797063537,0.8882674299692487,26.90817263712525,0.8485082439905557,0.851819341079372,0.8758001295475432
0.615,0.9999983669141357,1.2513514704350093,0.5508265385962038,0.5682765687199751,6.266951379686103,0.3888368851636252,0.9692930676992775,0.8453542158930618,13.288646989252133,0.7401675975051345,0.7938910771557647,0.8273241868350688,0.6145364863166619,0.39530102578230375,10.051270255008175,0.39619858948289166,1.5546038240110551,0.889633207691409,26.892647318992623,0.8502540826389982,0.8533098210403888,0.877141776604202
0.6175,0.9999983575287096,1.2528683103596385,0.5487694583954187,0.5662370965008217,6.266035241690859,0.38894041268647617,0.9691513710186993,0.843473535625643,13.280998450003766,0.738474638098252,0.7920529868772695,0.825456204257572,0.6172557089332021,0.3970203807416671,10.052024362738536,0.39629058443067006,1.5547204598920523,0.8912524600010626,26.885211941140224,0.85198851232081,0.8547872110367373,0.8784690608627042
0.62,0.9999983481111261,1.2543851299216253,0.5467189581966516,0.5642035093373157,6.265122534132618,0.38904276849177927,0.9690102049148889,0.8415869684371732,13.273219334162446,0.7367821670255912,0.7902127117983981,0.8235835364644202,0.6199653222013166,0.3987330397528928,10.052784967577029,0.39638312701774275,1.5548381006638636,0.8928408312107482,26.877255226026083,0.8537115623475032,0.8562515547141378,0.8797820307387348
0.6225,0.9999983386612677,1.2559019079444567,0.544675089220438,0.5621758594178909,6.264213330455467,0.3891439379646761,0.968869580747252,0.8396946164279976,13.265309984140234,0.7350902415009015,0.7883703255506196,0.8217062697179454,0.6226652536843115,0.4004389511223027,10.053552152591328,0.396476205642909,1.5549567591743498,0.8943803943816621,26.868241253195787,0.855423260930427,0.8577028944339936,0.8810807332483306
0.625,0.9999983291790162,1.2574186238045835,0.5426379024073187,0.5601541986666458,6.263307705008949,0.38924390667215103,0.9687295100152391,0.8377965807856516,13.257270730842192,0.7333989189471524,0.7865259023692336,0.8198244912429897,0.6253554304108742,0.4021380629176009,10.05432599786253,0.39656980832815203,1.5550764478094459,0.8958713579081503,26.85818214266733,0.8571236351637521,0.8591412712499392,0.8823652140205824
0.6275000000000001,0.9999983196642538,1.2589352574363095,0.5406074484279454,0.5581385787535872,6.262405733053251,0.3893426603686238,0.9685900043591475,0.8358929618058135,13.249101893841322,0.7317082570091336,0.7846795171143154,0.8179382892678504,0.628035778846041,0.40383032295138516,10.055106580518219,0.39666392272322687,1.5551971784982745,0.8973139460294473,26.84709032123148,0.8588127110033478,0.860566724884809,0.8836355173095684
0.63,0.9999983101168628,1.2604517893357827,0.5385837776931338,0.5561290511048523,6.26150749076397,0.38944018500166655,0.9684510755608586,0.8339838589142254,13.240803781569644,0.7300183135660224,0.7828312452919343,0.8160477530659321,0.6307062248630373,0.4055156787650781,10.055893974767839,0.3967585361111481,1.5553189627186177,0.8987083984262092,26.834978509252306,0.8604905132315233,0.8619792937080883,0.884891686005564
0.6325000000000001,0.9999983005367247,1.2619682005637607,0.536566940363865,0.5541256669129104,6.260613055236443,0.38953646671782377,0.9683127355445078,0.8320693706895376,13.232376691525003,0.7283291467439248,0.7809811630756078,0.8141529729980512,0.6333666937160362,0.4071940776133081,10.05668825194043,0.3968536354145566,1.5554418115027522,0.9000549697977523,26.821859707096834,0.8621570654254826,0.8633790147138943,0.8861337616455737
0.635,0.9999982909237217,1.2634844727468781,0.5345569863612337,0.5521284771467365,6.259722504489711,0.38963149186851037,0.9681749963770971,0.8301495948870111,13.223820910492941,0.726640814928584,0.7791293473279535,0.8122540405553386,0.6360171100138725,0.40886546644876504,10.057489480524529,0.3969492072029365,1.5555657354436219,0.9013539294209467,26.807747181222748,0.8638123899325816,0.8647659234995279,0.8873617844232092
0.6375000000000001,0.9999982812777355,1.2650005880772135,0.5325539653763471,0.5501375325619615,6.258835917470058,0.3897252470159683,0.9680378702690428,0.8282246284630396,13.215136714783203,0.7249533767781599,0.7772758756224982,0.81035104840269,0.6386573976947456,0.4105297919075517,10.05829772621022,0.3970452377006512,1.5556907447013413,0.902605560691711,26.792654449952206,0.8654565078441858,0.866140054244616,0.8885757931979181
0.64,0.9999982715986481,1.2665165293100462,0.5305579268801773,0.5481528837109946,6.257953374054219,0.3898177189392583,0.9679013695746718,0.826294567600428,13.206324370480262,0.7232668912360509,0.7754208262656063,0.8084440904227066,0.641287480001926,0.4121870002950419,10.05911305193329,0.3971417127957591,1.5558168490100246,0.9038101606500567,26.77659526896033,0.8670894389668948,0.8675014396908566,0.8897758255035573
0.6425,0.9999982618863404,1.268032279759803,0.5285689201333704,0.5461745809531215,6.257074955052266,0.38990889464027056,0.9677655067926677,0.8243595077343816,13.19738413370735,0.7215814175437515,0.7735642783184906,0.8065332617600764,0.6439072794604721,0.4138370375722534,10.059935517921248,0.3972386180495649,1.5559440576849046,0.9049680394896399,26.75958361650577,0.8687112017946395,0.8688501111223607,0.8909619175562913
0.645,0.9999982521406947,1.2695478232942907,0.5265869941960188,0.5442026744645772,6.256200742210181,0.3899987613497391,0.967630294566469,0.8224195435791651,13.188316250903647,0.719897015253734,0.7717063116192739,0.8046186588663502,0.6465167178549477,0.4154798493427328,10.060765181741164,0.3973359387068544,1.5560723796297298,0.9060795200527714,26.741633678431196,0.8703218134837992,0.8701860983465877,0.8921341042617893
0.6475,0.9999982423615916,1.271063144327451,0.5246121979374018,0.5422372142485952,6.255330818212202,0.3900873065332499,0.9674957456846315,0.820474769155376,13.17912095911402,0.7182137442423551,0.7698470068050645,0.8027003795450584,0.649115716208123,0.4171153808399426,10.061602098349194,0.39743365970675354,1.5562018233444257,0.9071449373118351,26.72275983296083,0.8719212898316273,0.8715094296758398,0.8932924192216719
0.65,0.9999982325489128,1.2725782278109583,0.5226445800456954,0.5402782501454347,6.254465266682918,0.39017451789723745,0.9673618730811531,0.8185252778178106,13.169798486291207,0.7165316647227781,0.7679864453340226,0.8007785229971341,0.6517041947606194,0.41874357691513775,10.06244632014146,0.3975317656941465,1.5563323969329645,0.908164637838088,26.70297663532199,0.8735096452578158,0.8728201319093057,0.8944368947391779
0.6525,0.9999982227025397,1.274093059225104,0.5206841890376589,0.5383258318423828,6.253604172189191,0.3902603833949711,0.9672286898357702,0.8165711622838767,13.160349051609968,0.7148508372578997,0.7661247095073886,0.798853189866594,0.6542820729514583,0.4203643820257074,10.063297897006251,0.39763024103158195,1.556464108111438,0.9091389792587898,26.682298802217517,0.8750868927890723,0.874118230315602,0.8955675618240013
0.655,0.9999982128223528,1.2756076245694865,0.5187310732682956,0.5363800088837307,6.252747620241912,0.39034489123253646,0.9670962091742299,0.8146125146625223,13.150772865793115,0.7131713227732802,0.7642618824914468,0.7969244822864403,0.6568492693994608,0.4219777402239596,10.06415687637717,0.39772906981159045,1.5565969642162785,0.9100683297036404,26.66074119617549,0.8766530440465499,0.8754037486157888,0.8966844501962575
0.6575,0.9999982029082332,1.2771219103540878,0.5167852809404869,0.5344408306807196,6.251895697297619,0.3904280298748236,0.9669644444685399,0.8126494264836558,13.141070131449153,0.7114931825700636,0.7623980483394005,0.794992503924741,0.6594057018854388,0.423583595146321,10.065023303287047,0.39782823586933347,1.556730972212596,0.9109530672414834,26.6383188098022,0.8782081092356051,0.8766767089668176,0.8977875882895455
0.66,0.9999981929600615,1.2786359035913617,0.5148468601145954,0.5325083465214484,6.251048490759982,0.3905097880515391,0.9668334092371987,0.8106819887280263,13.13124104342143,0.7098164783378796,0.7605332920131366,0.7930573600308496,0.6619512873351286,0.4251818900029261,10.06589722042237,0.3979277227955038,1.556866138702599,0.9117935793082523,26.615046749964133,0.8797520971368099,0.8779371319453686,0.8988770032530683
0.6625,0.999998182977719,1.2801495917899577,0.5129158587180257,0.5305826055807329,6.250206088981166,0.39059015476326153,0.9667031171454058,0.8087102918575322,13.121285789148583,0.7081412721677196,0.7586676994048503,0.791119157481716,0.6644859418028101,0.42677256756757453,10.06677866817797,0.39802751394939706,1.557002469934051,0.9125902621271217,26.590940221923955,0.8812850150981318,0.8791850365320477,0.8999527209527969
0.665,0.9999981729610858,1.2816629629506837,0.5109923245547314,0.5286636569299024,6.249368581263061,0.39066911928756426,0.9665735820052522,0.8067344258459269,13.111204549036142,0.7064676265647685,0.7568013573584965,0.7891780048282391,0.6670095804555765,0.4283555701680407,10.067667684711733,0.39812759247207746,1.5571399718087329,0.9133435201218274,26.566014513454927,0.8828068690295267,0.8804204400959107,0.9010147659716652
0.6675,0.9999981629100423,1.2831760055652435,0.5090763053146474,0.5267515495465139,6.248536057858368,0.3907466711852298,0.9664448177758883,0.8047544802098808,13.100997496838986,0.7047956044611773,0.7549343536910371,0.7872340123415998,0.669522117558232,0.4299308396767299,10.068564305999177,0.3982279412995683,1.5572786498908842,0.9140537653241179,26.540284978957406,0.8843176633951297,0.8816433583792893,0.902063161608792
0.67,0.999998152824469,1.2846887086182102,0.5071678485830221,0.5248463323239629,6.247708609971457,0.39082280030658023,0.9663168385636568,0.8027705440403636,13.090664800054391,0.7031252692287586,0.7530667772134378,0.7852872920595109,0.6720234664588152,0.43149831750169043,10.069468565887636,0.39832854317600436,1.5574185094155844,0.9147214167762906,26.513767023600348,0.8858174011937019,0.8828538054829186,0.903097929877763
0.6725,0.9999981427042461,1.2862010615925665,0.505267001849622,0.5229480540809595,6.246886329759013,0.39089749679794616,0.9661896586221924,0.8007827060342801,13.080206620325173,0.7014566846915627,0.7511987177513623,0.7833379578322965,0.6745135395747769,0.4330579445780033,10.070380496150028,0.39842938066669603,1.5575595552970678,0.9153468999297585,26.486476087509725,0.8873060839308791,0.8840517938513628,0.9041190915040016
0.675,0.9999981325492537,1.2877130544790087,0.5033738125177686,0.5210567635708381,6.246069310330374,0.39097075110829416,0.9660632923524745,0.7987910545263078,13.06962311385241,0.6997899151382871,0.7493302661655031,0.7813861253687123,0.676992248379867,0.4346096613595917,10.07130012653801,0.3985304361710665,1.5577017921369458,0.9159306460406031,26.458427630025458,0.8887837115958562,0.8852373342587806,0.9051266659213
0.6775,0.9999981223593717,1.289224677789066,0.5014883279131678,0.5191725094906634,6.245257645747455,0.391042553996025,0.9659377543028144,0.7967956775208628,13.058914431817078,0.6981250253344788,0.7474615143714802,0.779431912281397,0.6794595033918246,0.43615340781151224,10.072227484834565,0.3986316919354393,1.5578452242323406,0.9164730915630585,26.42963711404716,0.8902502826440496,0.8864104357950792,0.9061206712676025
0.68,0.9999981121344799,1.2907359225719073,0.499610595292484,0.5172953404900867,6.244451431024226,0.39111289653595194,0.9658130591687758,0.7947966627241052,13.048080720809725,0.6964620805344997,0.7455925553592191,0.7774754381318318,0.6819152141609929,0.4376891234028088,10.073162596905938,0.39873313006566863,1.5579898555839164,0.9169746775418901,26.400119990489223,0.8917057939830852,0.887571105852551,0.9071011243801776
0.6825,0.9999981018744578,1.2922467804345705,0.49774066185160437,0.5154253051799066,6.243650762125598,0.391181770126459,0.9656892217930019,0.7927940975758987,13.037122123267311,0.6948011464932108,0.7437234832117204,0.7755168244746723,0.6843592892600228,0.43921674710003217,10.074105486753004,0.39883473253961954,1.5581356899038261,0.9174358490046445,26.36989168286506,0.8931502409615036,0.8887193501131222,0.9080680407903384
0.685,0.9999980915791852,1.293757243565168,0.4958785747335379,0.5135624521402803,6.2428557359656285,0.3912491664968315,0.9655662571649379,0.7907880692816194,13.026038777916096,0.693142289477315,0.7418543931231163,0.773556194901301,0.6867916362748592,0.44073621736154855,10.07505617656211,0.3989364812195232,1.5582827306235751,0.9181722767366265,26.348013242099906,0.8945836173605035,0.8898551725363745,0.9090214347179363
0.6875,0.9999980812485411,1.295267304758515,0.49402438103588836,0.5117068299285309,6.242066450404948,0.3913150777147441,0.9654441804204331,0.7887786648437038,13.014830820219471,0.6914855762762926,0.7399853814159003,0.7715936750824326,0.6892121617972304,0.44224747213277615,10.076014686755485,0.3990383578642424,1.5584309809018153,0.919432955900576,26.341576899754287,0.8960059153889071,0.8909785753485647,0.9099613190658913
0.6900000000000001,0.9999980708824047,1.296776957443486,0.4921781278178356,0.5098584870864901,6.241283004247267,0.3913794961938821,0.9653230068412,0.7867659710928231,13.00349838282946,0.6898310742128534,0.738116545557214,0.7696293928096045,0.6916207714188958,0.4437504488425072,10.07698103604132,0.3991403441414998,1.5585804436320945,0.9206448715237557,26.334117436425135,0.8974171256812985,0.892089559032884,0.9108877054150686
0.6925,0.9999980604806552,1.2982861957113352,0.4903398621065627,0.5080174721473159,6.240505497234876,0.39144241470166696,0.9652027518541195,0.7847500747185656,12.992041596040735,0.6881788511528417,0.736247984174064,0.7676634780353593,0.6940173697279142,0.4452450844004823,10.077955241463606,0.39924242164012513,1.5587311214505628,0.9218083606102008,26.32564935327717,0.8988172372993379,0.8931881223212784,0.9118006040198798
0.6950000000000001,0.9999980500431705,1.2997950143441575,0.4885096309030609,0.506183833641723,6.239734030043032,0.3915038263670478,0.9650834310303718,0.7827310622995023,12.980460588245723,0.6865289755145239,0.7343797970673426,0.7656960629119339,0.6964018603072185,0.44673131519639137,10.078937318451919,0.3993445718823884,1.558883016743672,0.9229237711284187,26.316187311099647,0.9002062377364666,0.8942742621881569,0.9127000238050207
0.6975,0.9999980395698296,1.301303408842643,0.4866874811872473,0.5043576201035606,6.238968704273132,0.3915637246883208,0.9649650600843803,0.7807090203325191,12.96875548638972,0.6848815162771855,0.7325120852245204,0.7637272818282557,0.6987741457357781,0.448209077100481,10.079927280871111,0.3994467763364847,1.559036131655863,0.9239914613952195,26.305746113187595,0.9015841129265322,0.8953479738463809,0.9135859723638166
0.7000000000000001,0.9999980290605104,1.3028113754522959,0.48487345992233166,0.5025388800746767,6.238209622444578,0.3916221035409299,0.9648476548725545,0.7786840352613004,12.956926416424746,0.683236542988965,0.7306449508308879,0.7617572714450506,0.7011341275926296,0.449678305465941,10.080925141071159,0.399549016429237,1.5591904680972746,0.9250117994543213,26.294340688213488,0.9029508472565664,0.8964092507459361,0.9144584559586774
0.7025,0.9999980185150903,1.3043189111873328,0.4830676140583715,0.5007276621090072,6.237456887985304,0.39167895718520634,0.9647312313918238,0.7766561935038448,12.944973503761064,0.681594125773851,0.7287784972792163,0.7597861707278601,0.703481706464044,0.4511389351332382,10.081930909937135,0.3996512735590766,1.5593460277514724,0.9259851624510935,26.28198607311934,0.9043064235831825,0.897458084575716,0.9153174795241975
0.705,0.9999980079334471,1.3058260138515636,0.4812699905349564,0.4989240147758298,6.236710605220856,0.391734280274002,0.9646158057779493,0.7746255814789139,12.932896873715352,0.6799543353377774,0.7269128291777216,0.7578141209777806,0.7058167819540735,0.4525909004365506,10.082944596939397,0.39975352910934975,1.559502812083212,0.926911936004853,26.268697396061725,0.9056508232497175,0.8984944652688539,0.9161630466734513
0.7075,0.9999979973154576,1.3073326820556481,0.47948063628297083,0.497127986662128,6.2359708793620525,0.39178806786017734,0.9645013943036141,0.7725922856313142,12.920696651954696,0.6783172429737353,0.7250480523562219,0.7558412658597259,0.7081392526986958,0.4540341352124367,10.08396621018407,0.3998557644619905,1.559660822346247,0.9277925135801763,26.25448985944308,0.9069840260992121,0.8995183810120269,0.916995159708038
0.71,0.9999979866609983,1.3088389152302675,0.4776995982253887,0.49533962637401446,6.235237816491171,0.3918403154039081,0.9643880133762887,0.7705563924559224,12.90837296493565,0.6766829205658327,0.7231842738703799,0.7538677514280361,0.7104490163837318,0.45546857281085107,10.084995756463822,0.3999579610115778,1.5598200595911813,0.9286272958587304,26.23937872306462,0.9083060104843208,0.9005298182591346,0.9178138196324123
0.7125,0.9999979759699453,1.3103447136348838,0.47592692327705766,0.49355898253716773,6.234511523546669,0.39189101877978083,0.9642756795358655,0.7685179885203861,12.895925940337804,0.675051440592236,0.7213216020039496,0.7518937261492583,0.7127459697666749,0.45689414610858925,10.086033241309034,0.40006010017978244,1.5599805246733849,0.9294166901131248,26.223379287436465,0.9096167532805826,0.901528761749724,0.9186190261730064
0.715,0.9999979652421745,1.3118500783619227,0.47416265834344407,0.49178610379624316,6.233792108306496,0.39194017428365857,0.9641644094520802,0.7664771604864283,12.883355707491468,0.6734228761269555,0.7194601462689374,0.7499193409219322,0.7150300087025163,0.4583107875252126,10.087078669039366,0.4001621634301867,1.560142218260968,0.9301611095842878,26.206506877281143,0.9109162299034007,0.9025151945324645,0.919410777802595
0.7175,0.9999979544775609,1.3133550113363712,0.4724068503183123,0.490021038813227,6.233079679370006,0.39198777863930395,0.9640542199217118,0.7644339951297164,12.870662397799261,0.6717973008404393,0.7176000174036213,0.7479447490932373,0.717301028173601,0.4597184290414726,10.08813204281581,0.4002641322834425,1.5603051408428334,0.9308609728638275,26.188776825266235,0.9122044143216704,0.903489097993925,0.9201890717702943
0.72,0.999997943675979,1.3148595153109432,0.47065954608032473,0.48826383626470876,6.232374346138549,0.3920338290047599,0.9639451278655831,0.7623885793582561,12.8578461451515,0.6701747889989456,0.7157413273683726,0.7459701064723571,0.7195589223234954,0.46111700222021357,10.089193364693296,0.4003659883327129,1.5604692927368118,0.9315167032827661,26.17020445600068,0.9134812790681177,0.9044504518928015,0.9209539041374855
0.7225,0.9999979328373032,1.3163635938571183,0.468920792488556,0.48651454483805956,6.231676218794807,0.3920783229784966,0.9638371503253625,0.7603410002293061,12.844907086335706,0.6685554154626661,0.7138841893392469,0.7439955713404506,0.7218035844947895,0.4625064382296987,10.090262635674003,0.4004677132593255,1.5606346740979073,0.9321287283079539,26.150805070327547,0.9147467952547588,0.905399234399665,0.9217052698198627
0.725,0.9999979219614065,1.3178672513524903,0.4671906363769262,0.4847732132265078,6.230985408280961,0.39212125860534586,0.9637303044601886,0.7582913449648078,12.831845361440461,0.6669392556825757,0.7120287176993283,0.7420213044571207,0.7240349072706994,0.4638866678692669,10.091339855761438,0.4005692888485508,1.5608012849266624,0.9326974789473393,26.130593929943533,0.9160009325967086,0.9063354221421802,0.9224431626356843
0.7275,0.9999979110481625,1.3193704929649785,0.46546912454756606,0.48303989012312026,6.230302026275773,0.3921626343822535,0.9636246075431252,0.7562397009653625,12.818661114254253,0.6653263856960004,0.7101750280278193,0.7400474690632997,0.7262527825202858,0.4652576215971904,10.092425024015501,0.40067069700540636,1.560969125077674,0.9332233891651279,26.10958624237186,0.917243659442102,0.9072589902556365,0.9231675753601772
0.73,0.999997900097443,1.3208733246345612,0.4637563037631376,0.481314624213701,6.2296261851706785,0.39220244926388936,0.9635200769574632,0.7541861558228007,12.80535449266021,0.6637168821209155,0.708323237086899,0.7380742308804887,0.7284571014470527,0.4666192295605726,10.093518138608701,0.40077191977037807,1.5611381942682896,0.9337068953076835,26.087797146311367,0.9184749428054935,0.908169912438509,0.923878499785908
0.7325,0.9999978891091202,1.3223757530532378,0.4620522207381436,0.4795974641686325,6.228957998044992,0.392240702668164,0.9634167301928859,0.7521307973314052,12.791925649027656,0.6621108221489215,0.7064734628063742,0.7361017581063034,0.7306477546406404,0.4679714216270903,10.09461919688373,0.40087293933494483,1.5613084920875095,0.9341484355408404,26.065241697379854,0.9196947484037454,0.9090681610126543,0.9245759267887971
0.735,0.9999978780830651,1.3238777856439856,0.4603569221292637,0.47788845863369434,6.228297578640274,0.39227739448170595,0.9633145848415047,0.7500737134978883,12.778374740601857,0.6605082835368766,0.7046258242661785,0.7341302214063037,0.7328246321312897,0.46931412741836304,10.095728195412592,0.400973738056791,1.5614800180051351,0.9345484492990854,26.04193485426437,0.9209030406942756,0.9099537069876179,0.9252598463993045
0.7375,0.9999978670191483,1.3253794305394755,0.45867045452476884,0.47618765621990117,6.227645041333972,0.39231252506535846,0.9632136585937817,0.7480149925502256,12.764701929893471,0.6589093445972938,0.7027804416767782,0.7321597939021023,0.7349876234467201,0.47064727634470677,10.096845130057533,0.40107429847459486,1.56165277138119,0.9349073767468378,26.017891465285693,0.9220997829160434,0.9108265201284288,0.9259302478781759
0.74,0.9999978559172392,1.3268806965613054,0.4569928644330674,0.47449510549241053,6.227000501112397,0.39234609525975755,0.9631139692343508,0.7459547229454746,12.750907385069372,0.657314084187539,0.7009374363575638,0.7301906511557592,0.7371366176710363,0.4719707976410128,10.09796999603396,0.4011746033222852,1.5618267514756545,0.9352256582518489,25.99312625537819,0.923284937133721,0.9116865690261514,0.9265871197960085
0.7425,0.9999978447772081,1.328381593200466,0.4553241982704418,0.4728108549585584,6.226364073543057,0.3923781063910502,0.9630155346377376,0.7438929933767334,12.736991280346787,0.6557225816978945,0.6990969307133166,0.728222971150488,0.7392715035052597,0.4732846204034838,10.099102787975543,0.4012746355426702,1.5620019574585318,0.9355037338705139,25.96765381348062,0.9244584642847284,0.9125338211703871,0.9272304501157718
0.745,0.9999978335989228,1.3298821305996984,0.45366450234804145,0.4711349530550848,6.225735874746409,0.39240856027680976,0.9629183727639911,0.7418298927793944,12.722953796392815,0.65413491703854,0.6972590482088473,0.7262569342677134,0.7413921693290738,0.4745886736269537,10.100243500001666,0.40137437830035444,1.5621783884202824,0.9357420428446797,25.941488580327388,0.925620324228519,0.9133682430228444,0.9278602262773109
0.7475,0.9999978223822518,1.3313823195383332,0.45201382285819597,0.4694674481346154,6.225116021367039,0.3924374592321983,0.9628225016542261,0.7397655103368631,12.708795120731386,0.6525511706255008,0.6954239133419096,0.7242927232605142,0.7434985032633709,0.47588288624251873,10.101392125787342,0.40147381499387663,1.5623560433826371,0.9359410231093532,25.914644836624895,0.9267704757987334,0.9141898000910645,0.9284764352827812
0.75,0.9999978111270624,1.3328821714201111,0.4503722058601154,0.467808388451466,6.224504630544295,0.39246480607641643,0.9627279394260809,0.7376999354859199,12.694515448160013,0.6509714233656223,0.6935916516144949,0.7223305232234976,0.7455903932331986,0.47716718715521805,10.10254865863567,0.40157292926701804,1.5625349213098034,0.9361011108105466,25.88713669159258,0.9279088768586419,0.9149984570013701,0.9290790637818905
0.7525000000000001,0.9999977998332215,1.3343816982644152,0.44873969726504237,0.4661578221468402,6.223901819882312,0.39249060413947,0.9626347042690812,0.7356332579219037,12.680114981178352,0.6493957566406339,0.6917623895026144,0.7203705215591466,0.7476677270307198,0.47844150528151547,10.103713091552837,0.4016717050192528,1.5627150211200669,0.9362227398323776,25.8589780718447,0.9290354843602551,0.915794177570112,0.9296680981558114
0.755,0.9999977885005953,1.3358809127012399,0.4471163428209177,0.4645157972334828,6.22330770741947,0.39251485726926666,0.9625428144399159,0.7335655676038775,12.665593930430747,0.6478242522903592,0.6899362544246663,0.7184129079406651,0.7497303923778359,0.4797057695863551,10.10488541732569,0.4017701264153315,1.5628963416977875,0.9363063413324589,25.83018271058597,0.930150254405854,0.9165769248723397,0.9302435245986049
0.7575000000000001,0.9999977771290492,1.337379827970163,0.4455021880966184,0.46288236157985463,6.222722411597193,0.39253756983904364,0.9624522882576121,0.7314969547599441,12.650952515164683,0.646256992595126,0.6881133747084782,0.7164578742713344,0.7517782769881514,0.48095990911959047,10.106065628601726,0.4018681778940118,1.5630788819057728,0.9363523432845806,25.800764137092916,0.9312531423054163,0.9173466613070881,0.9308053291950479
0.76,0.9999977657184483,1.3388784579234956,0.44389727846581933,0.4612575628938836,6.2221460512280995,0.3925587467551057,0.9623631440986085,0.7294275098928442,12.636190963706763,0.6446940602574205,0.686293879557107,0.7145056146403787,0.7538112686280075,0.4822038530516175,10.107253717971432,0.40196584417597137,1.5632626405980128,0.9370236879061559,25.788969627520114,0.9323441026121173,0.9181033486585731,0.9313534979938161
0.7625000000000001,0.9999977542686567,1.340376817033738,0.4423016590905272,0.45964144870634605,6.221578745463419,0.39257839346484036,0.9622754003917157,0.727357323785958,12.621309513957671,0.6431355383828378,0.684477899013453,0.7125563252753024,0.755829255176365,0.4834375307080773,10.108449678052787,0.4020631102709587,1.5634476166327498,0.937896227150198,25.783077373001888,0.9334230891476493,0.9188469481527162,0.9318880170750824
0.765,0.9999977427795383,1.3418749204053897,0.4407153749043244,0.4580340663539211,6.221020613759652,0.392596515964956,0.96218907561296,0.7252864875098001,12.60630841390704,0.6415815104603805,0.6826655639237424,0.7106102044906449,0.7578321246833662,0.4846608716035307,10.109653501577748,0.4021599614842579,1.5636338088858537,0.9387227673680845,25.776279579622127,0.9344900550372047,0.9195774205085662,0.9324088726117249
0.7675000000000001,0.9999977312509559,1.343372783791134,0.4391384705953577,0.4564354629619572,6.220471775844429,0.39261312080987515,0.9621041882803023,0.7232150924290625,12.591187922168796,0.6400320603421523,0.6808570058998915,0.7086674526330528,0.7598197654274734,0.48587380547404774,10.110865181480497,0.40225638342255754,1.5638212162644736,0.9395036940716895,25.76859024791388,0.935544952747404,0.9202947259843534,0.9329160509235034
0.77,0.9999977196827722,1.3448704236123414,0.4375709905890973,0.4548456854269805,6.219932351681497,0.39262821512020046,0.9620207569482236,0.7211432302102377,12.575948308537052,0.6384872722224939,0.6790523572807704,0.7067282720225565,0.7617920659711369,0.48707626230869244,10.112084710987304,0.40235236199933094,1.564009837720934,0.9402393956799195,25.760023322928152,0.9365877341232403,0.9209988244180835,0.9334095385237584
0.7725,0.9999977080748484,1.3463678569838011,0.4360129790308871,0.4532647803989685,6.219402461434858,0.39264180659115805,0.9619388002021775,0.7190709928298036,12.560589854562114,0.6369472306165876,0.6772517510923389,0.7047928668898819,0.7637489152150049,0.48826817237992337,10.113312083707715,0.40244788343984295,1.56419967226684,0.9409302629212066,25.75059267935289,0.937618350423372,0.9216896752627669,0.9338893221583846
0.775,0.9999976964270458,1.3478651017425178,0.434464479768302,0.4516927942634087,6.218882225431967,0.39265390350091584,0.9618583366528983,0.716998472582928,12.545112854145529,0.6354120203385296,0.6754553210066263,0.7028614433096231,0.765690202450747,0.4894494662729613,10.114547293727027,0.40254293428590693,1.5643907189873798,0.9415766882305722,25.7403121066147,0.938636752354292,0.9223672376165365,0.9343553888370436
0.7775,0.9999976847392249,1.349362176480347,0.432925536333324,0.45012977312315455,6.218371764126022,0.39266451471866815,0.9617793849305688,0.7149257620926143,12.52951761415269,0.633881726478872,0.6736632012994945,0.7009342091290496,0.767615817412609,0.49062007491421017,10.115790335699804,0.40263750140051663,1.564582977055789,0.9421790651413257,25.72919529395775,0.9396428901043706,0.9230314702480915,0.9348077258567956
0.78,0.9999976730112452,1.350859100580158,0.4313961919243477,0.4485757627800905,6.217871198057317,0.3926736497123759,0.9617019636788428,0.7128529543191691,12.513804455040889,0.6323564343816345,0.6718755268071174,0.6990113738923203,0.7695256503278578,0.49177992959883765,10.117041204944432,0.40273157197247833,1.564776445747974,0.9427377876717258,25.71725581550157,0.9406367133785657,0.9236823316180228,0.9352463208185149
0.7825,0.9999976612429656,1.3523558942551148,0.429876489388025,0.44703080871661693,6.217380647813659,0.3926813185560538,0.9616260915487227,0.7107801425698618,12.497973711500268,0.6308362296207606,0.6700924328810947,0.697093148759846,0.7714195919663098,0.492928962017642,10.1182998975386,0.40282513352116245,1.564971124457282,0.943253249707196,25.704507115286003,0.9416181714342158,0.9243197798966958,0.9356711616366326
0.785,0.9999976494342442,1.3538525785905604,0.4283664712009608,0.4454949560769664,6.216900233989877,0.39268753193650124,0.9615517871922971,0.7087074205085998,12.482025733104514,0.6293211979759981,0.6683140553421052,0.6951797464225385,0.773297533689148,0.49406710428333916,10.119566410415787,0.4029181739014864,1.5651670127094213,0.9437258443789386,25.690962492318363,0.942587213118069,0.9249437729794417,0.936082236542876
0.7875,0.9999976375849385,1.3553491755878724,0.42686617945127736,0.44396824964836534,6.216430077146453,0.3926923011593797,0.9614790692563417,0.7066348821654472,12.465960884968046,0.6278114254081868,0.6665405304320074,0.693271381010679,0.775159367497241,0.4951942889564054,10.120840741462708,0.4030106813092295,1.565364110177536,0.9441559634400116,25.6766350856437,0.9435437869046425,0.9255542684998388,0.9364795340847767
0.79,0.999997625694905,1.356845708209534,0.4253756558200666,0.44245073384206407,6.215970297767286,0.39269563815455294,0.9614079563757884,0.704562621945789,12.449779548405791,0.626306998033983,0.6647719947642918,0.6913682679971527,0.7770049860791695,0.496310449070603,10.12212288961788,0.40310264428676884,1.5655624166974496,0.944543996640107,25.661537859464094,0.9444878409361543,0.9261512238418561,0.9368630431197414
0.7925,0.9999976137639993,1.3583422004245536,0.4238949415627613,0.44094245267425897,6.215521016216691,0.39269755548061397,0.9613384671670723,0.7024907346389412,12.433482121591691,0.6248080021000499,0.6630085852727969,0.6894706240947989,0.7788342828591331,0.4974155181582984,10.123412854971379,0.4031940517293104,1.5657619322830931,0.9448903311004025,25.64568358833673,0.9454193230642078,0.9267345961515854,0.9372327528054888
0.795,0.9999976017920763,1.3598386772532667,0.4224240774904615,0.4394434497469448,6.215082352695635,0.3926980663285398,0.9612706202213643,0.7004193154260191,12.417069020211855,0.6233145239567417,0.6612504391586101,0.6875786671476639,0.7806471520448832,0.4985094302756583,10.124710638865901,0.4032848928916788,1.5659626571421386,0.9451953506899299,25.629084842482953,0.9463381808933392,0.9273043423491903,0.937588652587568
0.7975,0.9999975897789901,1.3613351648104783,0.42096310395126385,0.4379537682287396,6.214654427197359,0.3926971845244238,0.9612044340977068,0.6983484598868643,12.400540678108257,0.6218266500313098,0.6594976938350877,0.6856926160159607,0.7824434886757686,0.4995921200277789,10.12601624399922,0.40337515739571395,1.5661645916918434,0.945459435404935,25.611753973241854,0.9472443618265122,0.9278604191415778,0.937930732184575
0.8,0.9999975777245931,1.3628316903458775,0.41951206081164866,0.43647345083573547,6.214237359462417,0.3926949245312516,0.9611399273160601,0.6962782640058732,12.383897547909129,0.620344466800662,0.6577504868709504,0.6838126904545893,0.7842231886709303,0.5006635225937626,10.127329674528236,0.40346483523831406,1.5663677365751443,0.9456829607526712,25.59370309870197,0.9481378131126815,0.9284027830361329,0.9382589815715032
0.8025,0.9999975656287372,1.3643282822806575,0.4180709874379912,0.43500253981243847,6.213831268933278,0.39269130144969283,0.96107711835028,0.6942088241765688,12.367140101642171,0.6188680607637274,0.6560089559314259,0.6819391109851075,0.7859861488776044,0.5017235737517198,10.128650936174504,0.4035539168001561,1.5665720926769797,0.9458662971410183,25.57494408954369,0.949018481896523,0.9289313903556999,0.9385733909614898
0.805,0.9999975534912733,1.3658249702393666,0.416639922678269,0.43354107691286425,6.2134362747086005,0.3926863310178941,0.961016025621046,0.6921402372047988,12.350268831327389,0.6173975184134827,0.6542732387174387,0.6800720987610929,0.7877322671194347,0.5027722099036298,10.12998003633143,0.40364239285512044,1.5667776611408684,0.9460098092752222,25.555488555123432,0.949886315268912,0.9294461972547888,0.9388739507859891
0.8075,0.99999754131205,1.3673217850761323,0.4152189048440445,0.43208910338186773,6.213052495497296,0.392680029610261,0.960956667488757,0.6900726003104692,12.333284249546505,0.6159329262087055,0.6525434729028662,0.6782118754268861,0.7894614422446106,0.5038093680999502,10.131316984172944,0.40373025458044126,1.5669844433857179,0.9461138555629727,25.535347829829114,0.9507412603173383,0.9299471597368163,0.9391606516732037
0.81,0.9999975290909162,1.36881875889461,0.4138079716928081,0.430646659936783,6.212680049572565,0.3926724142352228,0.9608990622464211,0.6880060111277553,12.31618688998655,0.6144743705454996,0.6508197960699074,0.6763586629697635,0.7911735741735882,0.5048349860638276,10.132661790763551,0.4038174935676119,1.5671924411228468,0.9461787875289362,25.514532959734154,0.9515832641739699,0.9304342336720328,0.9394334844243765
0.8125,0.9999975168277183,1.3703159250612618,0.4124071604107643,0.42921378674945726,6.2123190547260165,0.39266350253197346,0.9608432281125598,0.6859405677037724,12.298977307955921,0.6130219377285712,0.6491023456426341,0.6745126835656339,0.7928685639460814,0.5058490022147261,10.134014469169509,0.40390410183407,1.5674016563731792,0.9462049492398206,25.49305468957703,0.9524122740603223,0.9309073748156255,0.939692439987396
0.8150000000000001,0.9999975045223016,1.3718133182118788,0.41101650759615016,0.42779052342875695,6.211969628222079,0.39265331276617904,0.9607891832241576,0.6838763684957221,12.281656080871665,0.6115757139423039,0.647391258818816,0.6726741594184065,0.7945463137669568,0.5068513556912574,10.135375034570782,0.4039900718357004,1.5676120914845604,0.9461926767410204,25.47092345009272,0.9532282373294754,0.9313665388253998,0.9399375094270044
0.8175,0.9999974921745095,1.3733109742516059,0.409636049243164,0.4263769090036243,6.211631886752836,0.392641863824641,0.9607369456296755,0.6818135123665693,12.264223808717649,0.610135785221792,0.6456866725001306,0.6708433125932399,0.7962067270506198,0.5078419863729788,10.136743504373296,0.4040753964801958,1.56782374914912,0.9461422975059496,25.448149345723937,0.9540311015064785,0.9318116812783667,0.940168683890833
0.8200000000000001,0.9999974797841845,1.3748089303490874,0.4082658207265825,0.4249729819067551,6.211305946393471,0.3926291752088925,0.9606865332821598,0.679752098579338,12.246681114473747,0.6087022374239732,0.6439887232208927,0.6690203648439167,0.7978497084634465,0.5088208349009052,10.138119898320893,0.40416006914132385,1.5680366324205866,0.9460541298992674,25.424742142742893,0.9548208143265662,0.9322427576855468,0.9403859545704637
0.8225,0.9999974673511666,1.3763072249257062,0.4069058567871347,0.4235787799589604,6.210991922558496,0.39261526702770366,0.9606379640324734,0.6776922267901497,12.229028644517177,0.607275156198954,0.6422975470754478,0.6672055374346373,0.7994751639637993,0.5097878426964826,10.139504238606309,0.40424408367415354,1.5682507447314527,0.9459284826553822,25.400711257818614,0.9555973237711911,0.9326597235043269,0.94058931265676
0.8250000000000001,0.9999974548752945,1.3778058976412302,0.4055561915176922,0.42219434035427017,6.21068992995891,0.39260015998845865,0.9605912556226676,0.6756339970401519,12.211267068997378,0.6058546269616074,0.6406132796443945,0.6653990509565838,0.8010830008391575,0.5107429519787704,10.140896549980294,0.40432743443129515,1.5684660899098526,0.9457656543738666,25.376065747070776,0.9563605781023605,0.9330625341477853,0.9407787492888199
0.8275,0.9999974423564048,1.3793049893774505,0.40421685835032134,0.42081969964581845,6.210400082560428,0.39258387538736195,0.9605464256795233,0.6735775097465256,12.193397082186964,0.6044407348635132,0.6389360559198101,0.6636011251396278,0.8026731277399118,0.5116861057795968,10.142296859858007,0.40441011628020646,1.5686826721960179,0.945565933033709,25.350814295658488,0.9571105258954032,0.9334511449905061,0.940954255496075
0.8300000000000001,0.999997429794332,1.3808045422216135,0.40288789004423636,0.4194548937325483,6.210122493542916,0.3925664350984239,0.960503491708276,0.671522865692763,12.175419402811258,0.6030335647651803,0.6372660102296684,0.6618119786596094,0.8042454547093962,0.5126172479564729,10.143705198421632,0.40449212462160883,1.5689004962581479,0.9453295955286717,25.32496520796008,0.9578471160691525,0.9338255113705637,0.9411158221332765
0.8325,0.9999974171889094,1.3823045994515695,0.4015693186746751,0.41809995784675547,6.209857275261142,0.39254786156117105,0.9604624710865454,0.6694701660184434,12.157334774359974,0.60163320120863,0.6356032761616431,0.6600318289416461,0.8057998932097759,0.5135363232030878,10.145121598718134,0.4045734554090413,1.5691195672075313,0.9450569072263921,25.29852639840912,0.9585702979116602,0.9341855885875269,0.9412634398083671
0.835,0.9999974045399672,1.383805205524572,0.40026117562270946,0.4167549265424848,6.209604539206886,0.3925281777670234,0.9604233810584748,0.6674195122087432,12.139143965384601,0.6002397283904842,0.6339479864865095,0.6582608919599771,0.8073363561434765,0.514443277057244,10.146546096751067,0.40465410516956085,1.5693398906127436,0.9453888716626823,25.288645104690954,0.9592800211006222,0.9345313318965275,0.9413970988035084
0.8375,0.9999973918473342,1.3853064060715707,0.398963491565991,0.41541983368478114,6.209364395972461,0.392507407244285,0.96038623872909,0.665371006083929,12.120847769785696,0.5988532301356051,0.6323002730813543,0.6564993820348685,0.8088547578699022,0.5153380559061449,10.147978731565225,0.40473407102556425,1.5695614725127418,0.9459671656539953,25.28570660683675,0.9599762357195958,0.9348626964986412,0.9415167889898298
0.84,0.9999973791108367,1.3868082478986212,0.3976762964704197,0.414094712439788,6.209136955215645,0.39248557404169615,0.9603510610588741,0.6633247497890872,12.10244700709421,0.5974737898713272,0.6306602668528253,0.6547475116271688,0.8103550142172914,0.5162206069889985,10.149419545323124,0.404813350717675,1.5697843194286927,0.9465013401442819,25.281937945669327,0.960658892271614,0.9351796375280146,0.9416224997367224
0.8425,0.9999973663302992,1.3883107789966955,0.3963996195827143,0.41277959526567903,6.208922325625959,0.39246270271050643,0.9603178648585525,0.6612808457843556,12.083942522751556,0.5961014906022966,0.6290280976606506,0.6530054911311117,0.8118370424896467,0.5170908783969642,10.150868583372198,0.4048919426285913,1.570008438374366,0.946991635800721,25.27734763003769,0.9613279416910884,0.9354821100363612,0.9417142198167576
0.845,0.9999973535055431,1.3898140485607493,0.3951334894238553,0.4114745139044023,6.208720614892214,0.3924388182850406,0.9602866667840735,0.6592393968359125,12.065335188392758,0.5947364148859088,0.6274038942416728,0.6512735286660246,0.8133007614687885,0.5179488190705335,10.15232589430174,0.4049698458077487,1.5702338368649407,0.9474382845105833,25.271943839416853,0.9619833353539538,0.9357700689756112,0.9417919373075283
0.8475,0.9999973406363885,1.3913181070183502,0.3938779337833604,0.4101794993742115,6.208531929671148,0.3924139462617463,0.9602574833317573,0.6572005060079844,12.046625902137299,0.5933786448083469,0.6257877841346511,0.6495518298676258,0.8147460914116939,0.5187943787945001,10.15379152998876,0.40504705999659757,1.5704605229240998,0.947841508775135,25.26573441021554,0.9626250250860513,0.9360434691796246,0.9418556394918611
0.85,0.9999973277226519,1.3928230060675835,0.3926329797143491,0.40889458196295314,6.208356375557002,0.39238811257673184,0.9602303308335906,0.655164276656121,12.027815588892095,0.5920282619612806,0.6241798936060906,0.6478405976796309,0.816172954043397,0.5196275081907441,10.155265545632066,0.40512358565424583,1.5706885050892985,0.9482015211385841,25.258726823027523,0.9632529631702423,0.9363022653459849,0.9419053127579777
0.8525,0.999997314764149,1.3943287987232849,0.3913986535293473,0.40761979122207886,6.208194057051757,0.39236134358182684,0.9602052254526229,0.6531308124219712,12.008905200670727,0.5906853474192503,0.6225803475773671,0.6461400321464259,0.8175812725458371,0.5204481587091161,10.156747999773923,0.4051994239831689,1.5709177924151172,0.9485185236569016,25.25092819093787,0.9638671023527382,0.9365464120189555,0.9419409425012414
0.855,0.9999973017606916,1.3958355393700117,0.39017498079677526,0.40635515596134747,6.208045077535759,0.39233366601922054,0.9601821831784234,0.651100217229788,11.989895716932914,0.5893499817177417,0.6209892695534238,0.6444503302075902,0.818970971543154,0.5212562826167683,10.158238954308974,0.4052745769546416,1.5711483944746392,0.9487927074112718,25.242345248992045,0.9644673958493976,0.9367758635746979,0.9419625130291241
0.8575,0.9999972887120888,1.3973432838195172,0.3889619863380669,0.40510070424418243,6.207909539238405,0.3923051069947574,0.9601612198225469,0.6490725952848538,11.970788144947642,0.588022244831982,0.6194067815533164,0.6427716854950855,0.8203419770840151,0.5220518329863296,10.159738474480104,0.4053490473335104,1.5713803213588118,0.9490242520707394,25.232984344929935,0.9650537973523904,0.936990574209846,0.941970007470992
0.86,0.9999972756181486,1.3988520893699554,0.3877596942253585,0.4038564633836508,6.20778754320852,0.3922756939499948,0.9601423510139523,0.6470622604252942,11.9518459802096,0.5867022161564895,0.6178330040428914,0.6411042881339443,0.8216942166216396,0.5228347636833626,10.161246628861157,0.40542283870189305,1.571613583673773,0.949213325508313,25.222851431278016,0.9656262610367276,0.9371904979344764,0.9419634076942027
0.8625,0.9999972624786744,1.400362014863585,0.3865681277796949,0.4026224599390298,6.207679189284083,0.3922454546331471,0.9601255921943204,0.6451777973192798,11.9350782372892,0.5853899744853702,0.616268055869876,0.6394483245473056,0.8230276189922346,0.5236050293535681,10.162763489326426,0.4054959554813735,1.571848192536133,0.9493600834743512,25.211952058881405,0.966184741565574,0.9373755885704126,0.9419426942278727
0.865,0.999997249293468,1.4018731207394688,0.3853873095696936,0.40139871971293034,6.207584576060866,0.39221441706905924,0.9601109586132024,0.6433858250630282,11.91987588618149,0.5840855979932392,0.6147120542016626,0.6378039772666559,0.8243421143925874,0.5243625854102123,10.164289131007038,0.4055684029532584,1.5720841595662272,0.9494646693305229,25.200291371943276,0.9667291940945627,0.9375457997556838,0.9419078461954697
0.8675,0.9999972360623277,1.4033854690775573,0.38421726141061807,0.40018526774894764,6.207503800859642,0.39218260952836875,0.9600984653229493,0.6416194831381135,11.905004941486009,0.5827891642166373,0.6131651144660523,0.6361714247481296,0.8256376343575405,0.5251073880222432,10.165823632234282,0.40564018727646395,1.5723214968793529,0.9495272138469902,25.18787410462311,0.9672595742771217,0.9377010849557716,0.94185884125717
0.87,0.9999972227850491,1.404899123630672,0.38305800436381265,0.3989821283298147,6.2074369596915835,0.39215006049602147,0.9600881271733593,0.6398575871605319,11.890072739250312,0.5815007500360447,0.6116273502952221,0.6345508411957086,0.8269141117380413,0.5258393941035389,10.16736707446992,0.405711315502631,1.5725602170749886,0.9495478350647608,25.174704579227278,0.9677758382727415,0.9378413974820968,0.9417956555626446
0.8725,0.9999972094614242,1.4064141498412526,0.38190955873645716,0.3977893249760351,6.207384147221531,0.39211679863931354,0.9600799588059973,0.6381002169184254,11.875079998298936,0.5802204316586782,0.6100988734731554,0.6329423963921409,0.82817148068038,0.5265585613036743,10.168919542223598,0.405781795588101,1.5728003332240215,0.9495266382243539,25.160786706006633,0.9682779427589782,0.9379666905179401,0.941718263714634
0.875,0.9999971960912423,1.4079306148403132,0.38077194408160775,0.39660688044497555,6.20734545672886,0.39208285277562827,0.9600739746481413,0.6364500034223296,11.861938771544331,0.5789482846021234,0.6085797938867542,0.6313462555383573,0.8294096766071093,0.5272648480005324,10.17048112295726,0.405851636402442,1.5730418588539627,0.9494637157611224,25.146123984555974,0.968765844947324,0.9380769171517519,0.9416266387433517
0.8775000000000001,0.9999971826742893,1.4094485874268572,0.379645179198496,0.3954348167304037,6.207320980065714,0.3920482518400312,0.9600701889063235,0.6348290428605218,11.849202706862533,0.5776843836787824,0.6070702194808282,0.62976257910212,0.8306286361999996,0.527958213294995,10.172051906976321,0.4059208477332765,1.5732848079321167,0.9493591473667525,25.130719506791234,0.9692395026028933,0.9381720304175265,0.9415207520914063
0.88,0.9999971692103472,1.4109681380269605,0.378529282133067,0.3942731550624571,6.207310807612483,0.39201302485287726,0.9600686155594438,0.6332126991033377,11.836412574013154,0.5764288029811018,0.6055702562171134,0.6281915226765764,0.831828297385227,0.5286386170078475,10.173631987307559,0.40598944028724604,1.573529194846692,0.9492130001156226,25.114575961461668,0.9696988740678517,0.9382519833416235,0.9414005736085557
0.8825000000000001,0.9999971556991958,1.4124893386328419,0.37742427017874164,0.3931219159080285,6.207315028230487,0.3919772008875647,0.9600692683514513,0.6316010380162543,11.82356886549052,0.5751816158675743,0.6040800080374398,0.6266332368493114,0.8330085993207853,0.5293060196789249,10.175221459562993,0.40605742568702824,1.573775034385752,0.9490253286540044,25.09769564013766,0.9701439182884148,0.9383167289951744,0.9412660715552931
0.885,0.9999971421406102,1.4140122627233966,0.3763301598773952,0.3919811189715603,6.207333729211836,0.3919408090385599,0.9600721607835898,0.6299941260487645,11.810672102191644,0.5739428949495058,0.6025995768311168,0.625087867082418,0.8341694823859526,0.52996038256841,10.176820421789529,0.4061248164644208,1.574022341713956,0.9487961754493766,25.080080444600693,0.9705745948450992,0.9383662205509263,0.9411172126138828
0.8875000000000001,0.9999971285343633,1.4155369851688,0.37524696702054616,0.3908507831962277,6.207366996226655,0.3919038783897932,0.9600773061062347,0.628392030282982,11.797722834597685,0.5727127120785382,0.6011290624065548,0.6235555536040017,0.8353108881724431,0.5306016676600888,10.178428974303555,0.4061916260495942,1.574271132346979,0.9485255710966269,25.061731895550967,0.9709908639857563,0.9384004113431957,0.9409539619052245
0.89,0.9999971148802235,1.4170635821228301,0.37417470665074953,0.38973092676549614,6.207414913267811,0.3918664379835131,0.9600847173103437,0.6267948184842727,11.78472164398812,0.571491138334914,0.5996685624670876,0.6220364313114397,0.8364327594767357,0.5312298376662682,10.180047219509929,0.40625786875671493,1.5745214221235135,0.9482135346774959,25.042651142540837,0.9713926866609169,0.9384192549294181,0.9407762830096489
0.8925000000000001,0.999997101177957,1.4185921309074137,0.3731133930631869,0.38862156710502593,6.207477562593404,0.39182851678966496,0.9600944071185638,0.62520255915315,11.771669143674224,0.5702782440164388,0.5982181725908996,0.6205306296866108,0.8375350402929259,0.531844856033983,10.181675261704646,0.40632355976621926,1.5747732271747505,0.9478600741694135,25.022838975039235,0.9717800245617207,0.9384227051516992,0.9405841379896336
0.895,0.9999970874273256,1.4201227098944904,0.37206303980743727,0.3875227208848896,6.207555024667337,0.39179014367585135,0.9601063879760371,0.6236153215775797,11.758565980236657,0.5690740986280686,0.5967779862149102,0.6190382727232046,0.8386176758053959,0.5324466869520668,10.183313206860683,0.406388715104101,1.5750265638912544,0.9474651868998246,25.002295834533015,0.9721528401569408,0.9384107161967506,0.9403774874123436
0.8975,0.9999970736280892,1.4216553983905882,0.37102365968940715,0.3864344040220569,6.207647378098299,0.39175134737791917,0.9601206720409654,0.6220331758847728,11.745412834750852,0.5678787708720243,0.5953480946224017,0.6175594788661187,0.839680612380547,0.5330352953586396,10.184961162396439,0.40645335161863494,1.5752814488871492,0.9470288600422333,24.981021827576136,0.972511096729222,0.9383832426526669,0.9401562903699846
0.9,0.9999970597800032,1.423190276529421,0.3699952647733813,0.38535663168308915,6.207754699577481,0.39171215647121366,0.9601372711749755,0.6204561930914901,11.73221042398265,0.5666923286383329,0.5939285869341389,0.6160943609628589,0.8407237975568999,0.5336106469485759,10.186619236926697,0.40651748695500683,1.5755378989616013,0.9465510711504768,24.959016739706215,0.972854758411488,0.9383402395611403,0.939920504496089
0.9025,0.999997045882821,1.424727425177404,0.36897786638414476,0.3842894182869717,6.207877063815352,0.39167259934253845,0.9601561969333414,0.6188844451518624,11.718959501536427,0.5655148389957007,0.5925195501026769,0.614643026226774,0.8417471800329484,0.5341727081805655,10.188287539996065,0.4065811395283477,1.57579593105759,0.9460317887281581,24.936280050158732,0.9731837902217858,0.9382816624639575,0.9396700859761713
0.905,0.9999970319362925,1.4262669258561893,0.3679714751091107,0.3832327775079998,6.208014543477788,0.3916327041628662,0.960177460555105,0.6173180050017315,11.705660858937808,0.5643463681826234,0.5911210689095259,0.6132055762119006,0.8427507096523214,0.5347214462834595,10.189966181795347,0.4066443284956786,1.5760555622180403,0.9454709728306583,24.912810947321862,0.9734981580956418,0.938207467442912,0.9394049895515383
0.9075,0.9999970179401647,1.4278088606852335,0.36697610080037424,0.38218672227862127,6.208167209121801,0.3915924988608502,0.9602010729531361,0.6157569465985494,11.692315326633624,0.563186981598586,0.5897332259648226,0.6117821067991265,0.8437343373860057,0.5352568292616996,10.191655272861736,0.4067070737272614,1.5763168095394526,0.9448685756976997,24.888608344888453,0.9737978289149175,0.9381176111526222,0.939125168515516
0.91,0.999997003894182,1.4293533123460573,0.36599175257659883,0.3811512647921322,6.2083351291310205,0.39155201109720034,0.9602270447041523,0.6142013449559489,11.678923774892958,0.5620367437952039,0.5883561017091582,0.6103727081933816,0.8446980153116291,0.5357788258997641,10.193354923764021,0.40676939577781485,1.5765796901232136,0.9442245424149407,24.863670898673135,0.9740827705327154,0.9380120508461294,0.9388305747018745
0.9125,0.9999969897980854,1.4309003640683626,0.3650184388246356,0.3801264165051161,6.208518369651037,0.3915112682399979,0.9602553860387204,0.6126512761721915,11.665487114594715,0.5608957184671556,0.5869897744172263,0.6089774649315487,0.8456416965900649,0.536287405765698,10.195065244774668,0.40683131585801136,1.5768442210248788,0.9435388116035547,24.837997024073758,0.974352951794802,0.9378907443935263,0.9385211584657648
0.915,0.9999969756516134,1.4324500996365894,0.36405616720077133,0.3791121881395168,6.208716994524687,0.3914702973410409,0.9602861068312458,0.6111068174518248,11.652006297889374,0.5597639684426916,0.5856343202029869,0.6075964559008021,0.8465653354398817,0.5367825392139406,10.196786345530933,0.4068928558065969,1.5771104192017575,0.942811316137077,24.811584914162857,0.974608342558536,0.9377536502942357,0.9381968686580238
0.9175,0.9999969614545015,1.4340026034139948,0.36310494463150356,0.37810858968424527,6.208931065227223,0.39142912511332195,0.9603192165899457,0.6095680471200461,11.638482318725213,0.5586415556735922,0.5842898130260956,0.6062297543671387,0.8474688871104047,0.537264197387796,10.19851833468762,0.4069540380633995,1.5773783014592055,0.942665011290717,24.80082395175796,0.9748489137102572,0.9376007276838694,0.9378576525941947
0.92,0.9999969472064818,1.435557960379973,0.36216477731375146,0.37711563039622864,6.20916064080134,0.39138777790975543,0.9603547244468003,0.6080350446294321,11.624916213232325,0.5575285412245171,0.5829563246994124,0.6048774280138995,0.848352307854367,0.5377323522219991,10.200261319564449,0.4070148856434029,1.5776478843960848,0.942788128622699,24.797500712085082,0.975074637181923,0.9374319363368308,0.9375034560200285
0.9225,0.9999969329072832,1.4371162561752693,0.3612356707144275,0.37613331880083195,6.2094057777919875,0.39134628170327557,0.9603926391474699,0.6065078905588841,11.611309059960773,0.5564249852615537,0.5816339248974715,0.6035395389901597,0.8492155549012754,0.5381869764459197,10.202015405791233,0.4070754221119623,1.5779191843498837,0.9428621882203232,24.79323481404499,0.9752854859677794,0.9372472366659949,0.9371342230755506
0.925,0.9999969185566319,1.4386775771490294,0.36031762956931546,0.375161662691602,6.209666530180879,0.39130466206843445,0.9604329690411655,0.604987603912858,11.597679948272367,0.5553309470398673,0.5803226811658839,0.6022161439689078,0.8500585864327078,0.5386280435879869,10.2037806969541,0.4071356715611457,1.578192217341999,0.9428870902690704,24.788024466004074,0.9754814341419189,0.9370465897208418,0.9367498962600055
0.9275,0.9999969041542498,1.440242010401378,0.35941065788122567,0.374200669129312,6.209942949320622,0.3912629441646234,0.9604757220704615,0.6036523719031701,11.587448928298041,0.554246484890482,0.5790226589317123,0.6009072942150101,0.8508813615607757,0.5390555279819358,10.205557294246043,0.40719565858708595,1.5784669990236881,0.9428627303411474,24.78186766276325,0.9756624568776007,0.9368299571854012,0.9363504164000795
0.93,0.9999968896998559,1.4418096438154475,0.35851475891742585,0.37325034444030725,6.210235083868446,0.39122115272103475,0.960520905761045,0.6023234864986969,11.577194268547089,0.5531716562062827,0.5777339215149255,0.5996130356629663,0.8516838403109305,0.5394694047754436,10.207345296124855,0.407255408268141,1.5787435446231615,0.9427889999703768,24.774762199523277,0.9758285304691001,0.9365973013772345,0.9359357226238074
0.9325,0.9999968751931648,1.4433805660735293,0.35762993520636865,0.37231069421417906,6.21054297971952,0.39117931202346096,0.9605685272114022,0.6010010249668294,11.566917017409477,0.5521065174273457,0.576456530141086,0.5983334090044764,0.8524659836101732,0.5398696499416717,10.209144797981118,0.40731494614358527,1.5790218688942323,0.9426657872748927,24.766705687013403,0.9759796323563313,0.936348585248508,0.9355057523424847
0.935,0.9999968606338876,1.4449548666532477,0.3567561885337584,0.37138172330080993,6.210866679939889,0.39113744590300653,0.9606185930824465,0.5996850656028939,11.55661826242687,0.5510511240256937,0.575190543955441,0.5970684497858013,0.853227753281558,0.5402562402941384,10.210955891818571,0.40737429819249305,1.5793019860668798,0.9424929776279453,24.757695567791174,0.9761157411516596,0.9360837723899796,0.9350604412427602
0.9375,0.9999968460217309,1.4465326358013064,0.35589351993801055,0.37046343580684604,6.211206224699091,0.3910955777267497,0.9606711095870959,0.5983756876925511,11.546299129834257,0.5500055304895803,0.573936020038577,0.595818188514817,0.8539691120456728,0.540629153505249,10.212778665948475,0.4074334908124342,1.5795839097999766,0.9422704543762209,24.74772913369893,0.9762368366681231,0.9358028270384929,0.9345997232909271
0.9400000000000001,0.9999968313563972,1.4481139644843153,0.3550419297051619,0.3695558350916523,6.211561651202583,0.3910537303903507,0.9607260824798214,0.5970729714690907,11.53596078399781,0.5489697903074171,0.5726930134237301,0.594582650777524,0.8546900235295549,0.5409883681287017,10.214613204699049,0.4074925507975879,1.5798676531363491,0.9419980996042785,24.736803544442786,0.9763428999491843,0.935505714088354,0.9341235307512854
0.9425,0.9999968166375847,1.4496989443183417,0.35420141736327915,0.36865892376279913,6.21193299362402,0.3910119263125502,0.9607835170461734,0.5957769980659046,11.525604426752778,0.5479439559514455,0.5714615771157702,0.5933618573636079,0.8553904522832741,0.5413338636258772,10.216459588140319,0.4075515053158873,1.5801532284602202,0.9416757949430973,24.724915847245462,0.9764339133004124,0.9351923991068132,0.9336317942203611
0.9450000000000001,0.9999968018649875,1.4512876674809647,0.3533719816763954,0.3677727036711071,6.21232028303753,0.3909701874314397,0.9608434180923066,0.5944878494642084,11.515231296641673,0.5469280788612014,0.5702417621117222,0.5921558244004121,0.8560703638042207,0.5416656203962347,10.218317891824128,0.4076103818848449,1.5804406474569965,0.9413034224203839,24.712062997516398,0.9765098603220326,0.934862848353779,0.9331244426787509
0.9475,0.9999967870382945,1.4528802266115595,0.3525536206379744,0.3668971759052494,6.2127235473500235,0.39092853520232046,0.9609057899345099,0.5932056084358358,11.504842668048541,0.5459222094267531,0.5690336174225421,0.5909645634944318,0.8567297245689693,0.5419836198116542,10.220188186538499,0.40766920834577164,1.5807299210752779,0.9408808653502541,24.698241880482307,0.9765707259403758,0.9345170288058938,0.932601403562441
0.9500000000000001,0.9999967721571913,1.454476714707114,0.3517463314638655,0.36603234078587393,6.213142811233589,0.39088699059689547,0.9609706363887515,0.5919303584806501,11.494439850220251,0.5449263969716082,0.5678371900956632,0.5897880818791652,0.8573685020724737,0.5422878442546245,10.22207053807506,0.4077280128361865,1.581021059490884,0.9404080092601946,24.683449333729786,0.9766164964381857,0.9341549081851984,0.932062602855637
0.9525,0.9999967572213575,1.4560772250219238,0.35095011058467335,0.3651781978591697,6.213578096057966,0.3908455741034616,0.9610379607602331,0.5906621837578323,11.484024186160639,0.5439406897351331,0.5666525252376403,0.5886263825678834,0.8579866648742946,0.5425782771601461,10.223965007008147,0.4077868237603186,1.5813140720726895,0.939884742853786,24.667682170627085,0.9766471594859983,0.9337764549927846,0.9315079652073736
0.9550000000000001,0.9999967422304697,1.457681850979868,0.35016495363742567,0.3643347458897623,6.214029419823052,0.39080430572769737,0.9611077658329521,0.5894011690100359,11.473597051378515,0.5429651348542658,0.5654796660360336,0.5874794645096229,0.8585841826515626,0.5428549030612239,10.225871648484059,0.40784566975771563,1.5816089673500298,0.939310959008503,24.650937204614294,0.9766627041763575,0.9333816385480797,0.9309374140744783
0.9575,0.999996727184199,1.459290686107607,0.3493908554563956,0.3635019828527903,6.214496797091447,0.3907632049935717,0.9611800538592681,0.5881473994791842,11.46315985246692,0.5419997783442293,0.5643186537794964,0.5863473227464956,0.8591610262584315,0.5431177076378444,10.22779051201936,0.4079045796700883,1.5819057529815024,0.9386865558088673,24.633211274377203,0.9766631210611176,0.9329704290346768,0.9303508718937309
0.96,0.9999967120822125,1.460903823995917,0.348627810062909,0.3626799059249968,6.214980238920969,0.390722290943838,0.9612548265494648,0.5869009608125509,11.452714025488266,0.5410446650778499,0.5631695278749299,0.5852299485702659,0.8597171677918798,0.5433666777693626,10.229721641307563,0.4079635825066203,1.5822044357250693,0.9380114376162247,24.61450126994703,0.9766484021914719,0.9325427975538785,0.9297482602862512
0.9625,0.999996696924173,1.4625213582946013,0.3478758106539709,0.361868511474659,6.215479752797228,0.3906815821395278,0.9613320850613224,0.5856619389577317,11.442261034139666,0.5400998387630429,0.5620323258604819,0.5841273296760757,0.8602525806638418,0.5436018015902666,10.23166507403443,0.4080227074080556,1.5825050214094896,0.9372855161772927,24.5948041597926,0.9766185411605551,0.9320987161873318,0.9291295002971846
0.965,0.9999966817097383,1.4641433827441168,0.3471348495895569,0.3610677950501925,6.215995342566379,0.3906410966578319,0.9614118299897152,0.5844728953850405,11.432633210275602,0.5391653419180771,0.5609070834131955,0.5830394503112345,0.860767239679796,0.5438230685493117,10.233620841703257,0.4080819836099198,1.5828075149072962,0.9365087117742124,24.57411701898974,0.9765735331490425,0.9316381580702171,0.9284945126735421
0.9675,0.9999966664385619,1.465769991244441,0.346404918378459,0.36027775136730084,6.2165270083684,0.3906008520877422,0.9614940613562936,0.5833709932743325,11.424561115894667,0.5382412158443145,0.5597938343501794,0.5819662914171178,0.8612611211240556,0.5440304694720314,10.235588969472698,0.4081414404052349,1.5831119201097124,0.9356809544190283,24.552437058560326,0.9765133749744248,0.9311610974763987,0.9278432181825433
0.97,0.9999966511102927,1.4674012779590333,0.3456860076626313,0.35949837429458703,6.217074746571408,0.3905608655228457,0.9615787785993234,0.5824590734396168,11.420066413793304,0.5373275005961841,0.5586926106223461,0.5809078307624618,0.8617342028521101,0.5442239966266118,10.23756947601126,0.4082011071070412,1.5834182399041474,0.9348021850951228,24.529761656067695,0.976438065144148,0.9306675099166967,0.9271755379719017
0.9725,0.9999966357245748,1.4690373374492172,0.34497810720006716,0.3587296568376186,6.217638549707792,0.39052115355070277,0.961665980563809,0.5816378601298948,11.417212639720397,0.536424234948198,0.5576034423000018,0.5798640430666682,0.8621864643903869,0.5444036437930624,10.23956237337388,0.4082610130109473,1.5837264761551078,0.9338723570470825,24.506088387532387,0.9763476039107845,0.9301573722509768,0.926491393972207
0.975,0.9999966202810469,1.470678264832177,0.3442812058463281,0.3579715911215179,6.21821840641325,0.390481732238309,0.9617556654920631,0.5808229428691961,11.414346313157257,0.5355314563589739,0.5565263575498691,0.5788349001121385,0.8626178870437695,0.5445694063355074,10.241567666907637,0.40832118735779144,1.5840366296896113,0.9328914371186594,24.481415060691067,0.976241993326154,0.9296306628140641,0.925790709339804
0.9775,0.9999966047793434,1.4723241559541214,0.3435952915349564,0.3572241683722463,6.2188143013700214,0.39044261711323824,0.9618478310149278,0.5800143907935597,11.411468396693065,0.5346492009324004,0.5554613826034833,0.5778203708451356,0.8630284540110508,0.5447212812772703,10.243585355194629,0.40838165929632664,1.5843487002883556,0.931859407135938,24.45573974956059,0.976121237293641,0.9290873615545865,0.9250734089364415
0.98,0.9999965892190927,1.4739751075690903,0.3429203512571059,0.3564873788968418,6.219426215256055,0.3904038231401836,0.9619424741439113,0.5792122730894895,11.408579874254794,0.5337775033761849,0.5544085417172674,0.5768204214651421,0.86341815050824,0.5448592673782092,10.245615430041017,0.4084424578456581,1.5846626866840205,0.9307762653295172,24.42906083018987,0.9759853416215026,0.9285274501847629,0.9243394198394955
0.9825,0.999996573599918,1.4756312175133526,0.3422563710408299,0.3557612120629691,6.220054124701906,0.39036536469275934,0.9620395912645227,0.5784166587753667,11.405681747233123,0.5329163969581738,0.553367857124986,0.5758350155032019,0.8637869638992718,0.5449833652135045,10.24765787652172,0.40850361185697887,1.5849785865681825,0.9296420277855952,24.401377017385904,0.9758343140790109,0.9279509123379291,0.9235886718738419
0.985,0.9999965579214366,1.477292584865213,0.3416033359305531,0.3550456562782191,6.220698002257495,0.39032725552058584,0.9621391781311294,0.5776276164718948,11.40277503038011,0.5320659134609843,0.5523393489836272,0.5748641138901727,0.864134883833155,0.5450935772527913,10.249712673089961,0.40856514997399795,1.585296396608258,0.9284567299114874,24.37268740209187,0.9756681644548811,0.9273577337293109,0.922821098153667
0.9875,0.9999965421832598,1.4789593100802314,0.3409612299673237,0.35434069896966264,6.221357816370907,0.3902895087118573,0.9622412298636789,0.5768452141647847,11.399860747536687,0.5312260831356383,0.5513230353140897,0.5739076750162339,0.8644619023860151,0.5451899079381999,10.251779791760315,0.40862710059135005,1.5856161124758137,0.9272204278965005,24.342991488979614,0.975486904616055,0.9267479023142837,0.9220366356197858
0.99,0.9999965263849925,1.4806314950921815,0.3403300361704834,0.35364632656420997,6.222033531381392,0.39025213665177305,0.9623457409466156,0.5760695189633482,11.39693992725687,0.5303969346549906,0.5503189319383092,0.572965654783308,0.8647680142058034,0.5452723637595235,10.253859198372243,0.4086894918102402,1.5859377288873282,0.9265472335182453,24.328411948578484,0.9752905485642782,0.9261214084372295,0.9212352255556198
0.9925,0.9999965105262335,1.4823092433704785,0.3397097365214047,0.3529625244703466,6.222725107528604,0.39021515097739695,0.9624527052303106,0.5753005968589854,11.394013598402017,0.5295784950678117,0.5493270524146447,0.5720380066522844,0.8650532166567495,0.5453409533244045,10.255950852939232,0.40875235139062915,1.5862612396581912,0.9261019264696034,24.320150225761886,0.9750791124875005,0.9254782449631763,0.9204168140630999
0.995,0.9999964946065746,1.4839926599253037,0.3391003119499254,0.3522892770618092,6.223432500979889,0.39017856252969063,0.962562115935281,0.5745385124877315,11.39108278578207,0.5287707897543915,0.5483474079734528,0.5711246816870491,0.8653175099599287,0.5453956874211466,10.258054710085716,0.40881570669939715,1.5865866377702822,0.9256045807735925,24.310855815546603,0.9748526148027471,0.9248184073838374,0.919581352478594
0.9975,0.9999964786256013,1.4856818512523635,0.33850174232405145,0.35162656766373424,6.2241556638769175,0.3901423813036307,0.9626739656594034,0.5737833289010345,11.388148505921356,0.5279738423844824,0.5473800074547998,0.5702256285973372,0.865560897325718,0.5454365790715526,10.260170719570866,0.4088795846541552,1.586913915452983,0.9250551056330927,24.300524790852993,0.9746110761868484,0.924141893889509,0.918728797708747
1.0,0.9999964625828921,1.4873769252103932,0.3379140064434165,0.3509743785417509,6.224894544402483,0.3901066163974766,0.9627882463882456,0.573035107348786,11.385211763023962,0.5271876748784005,0.5464248572502055,0.5693407937823385,0.8657833850734113,0.5454636435710817,10.262298826894611,0.4089440116626723,1.587243064276909,0.9244534310522738,24.289153633100064,0.9743545195913583,0.9234487053986234,0.9178591124670058
1.0025,0.9999964464780187,1.4890779908264205,0.337337082036867,0.3503326908944057,6.225649086867592,0.3900712759623774,0.9629049495085354,0.5722939070783086,11.38227354520822,0.52641230737207,0.5454819612501829,0.5684701213767965,0.8659849827329996,0.5454768985136597,10.264438973977438,0.40900901355825076,1.5875740752590535,0.9237995085664537,24.276739252765605,0.974082970238037,0.9227388455376597,0.9169722653936705
1.0050000000000001,0.9999964303105455,1.4907851580267448,0.33677094576440314,0.34970148484920643,6.226419231818124,0.3900363671536087,0.963024065824659,0.571559785152558,11.379334821071518,0.5256477581866691,0.5445513207991436,0.5676135533010987,0.866165703124082,0.5454763637986616,10.266591099901746,0.409074615531779,1.5879069389774492,0.9230933117993616,24.263279006085217,0.9737964555915248,0.9220123205655559,0.9160682310456417
1.0075,0.9999964140800309,1.4924985372957882,0.3362155732235473,0.34908073946244944,6.227204916159601,0.3900018960847928,0.9631455855779577,0.5708327962902094,11.376396536636005,0.5248940438033693,0.5436329346589983,0.5667710293165281,0.8663255624071533,0.5454620616179577,10.268755141698966,0.4091408420616,1.5882416456929116,0.9223348368297645,24.24877070742013,0.9734950053064388,0.921269139238754,0.9151469897464768
1.01,0.9999963977860252,1.4942182392704104,0.3356709389600397,0.34847043272286604,6.2280060732976485,0.38996786778647524,0.9632694984684524,0.5701129927296188,11.373459612712898,0.5241511788435108,0.5427267989824878,0.5659424870864913,0.8664645801031053,0.5454340164214578,10.27093103516355,0.40920771684272195,1.5885781854749355,0.92152410235518,24.233212636953326,0.973178651147035,0.9205093126154829,0.914208527292887
1.0125,0.9999963814280729,1.49594437428382,0.3351370164825884,0.347870541558987,6.228822633290911,0.38993428617040654,0.963395793678496,0.5694004241178835,11.37052494270897,0.5234191760543833,0.5418329072969681,0.5651278622441495,0.8665827790777074,0.5453922548603023,10.27311871567257,0.40927526271724834,1.5889165483284606,0.9206611496475393,24.216603543536344,0.9728474268786664,0.9197328538006899,0.9132528345200416
1.0150000000000001,0.9999963650057113,1.4976770518803284,0.33461377828122413,0.3472810418499782,6.229654523012474,0.3899011540008023,0.9635244598977386,0.5686951374253926,11.367593390883098,0.5226980463005773,0.5409512504990145,0.5643270884664601,0.866680185489071,0.5453368057077088,10.275318118988222,0.40934350160819527,1.5892567243179931,0.9197460423037246,24.198942642697016,0.9725013681311196,0.9189397776360969,0.9122799067347738
1.0175,0.999996348518471,1.4994163803291791,0.3341011958486491,0.34670190843956944,6.230501666315109,0.3898684728737169,0.9636554853486865,0.5679971768854006,11.364665791044697,0.5219877985606689,0.5400818168598426,0.5635400975542157,0.8667568286975943,0.5452676997584497,10.277529182019938,0.40941245445908087,1.5895987036854786,0.9187788658024828,24.180229610019207,0.9721405122349016,0.9181301003429623,0.9112897430325715
1.02,0.9999963319658762,1.5011624661716239,0.33359923970382,0.34613311515256157,6.231363984195274,0.3898362432054815,0.9637888578120674,0.5673065839572643,11.361742945669333,0.521288439928836,0.5392245920411557,0.5627668195172327,0.8668127411395795,0.5451849697089621,10.279751843523544,0.40948214118181303,1.5899424769584405,0.917759726887688,24.160464570306406,0.9717648980331616,0.9173038391281164,0.9102823455206762
1.0225,0.9999963153474446,1.5029154138392977,0.33310787941687325,0.34557463481327666,6.232241394950454,0.3898044642309016,0.9639245646511658,0.5666233973111012,11.358825625390304,0.5205999756208511,0.5383795591206071,0.5620071826633964,0.8668479581674882,0.545088650021116,10.281986044716524,0.4095525806154617,1.5902880350451396,0.9166887528057053,24.139648083127433,0.9713745656737302,0.9164610117664971,0.9092577184752925
1.025,0.9999962986626879,1.5046753253828258,0.3326270836344052,0.34502643926521254,6.233133814324453,0.3897731340116141,0.9640625928342951,0.5659476528307638,11.355914568809192,0.5199224089837157,0.5375466986256598,0.5612611136898333,0.8668625178615746,0.5449787767736162,10.284231729791324,0.4096237904984854,1.590635369313967,0.9155660904310939,24.117781125499473,0.970969556386925,0.9156016361755692,0.9082158674653961
1.0275,0.9999962819111115,1.506442300346778,0.3321568201040432,0.34448849939107035,6.234041155635396,0.3897422494546557,0.9642029289545951,0.5652793836312127,11.35301048255328,0.5192557415079984,0.5367259885741907,0.5605285377740323,0.8668564608192695,0.5448553875058415,10.28648884631226,0.4096957874568966,1.5909844716548314,0.9143919053195279,24.094865072578404,0.9705499122552992,0.9147257299984805,0.9071567984785952
1.03,0.9999962650922154,1.5082164358201935,0.33169705569720914,0.3439607851322655,6.234963329881625,0.38971180634091207,0.964345559246411,0.5646186200856398,11.350114041494564,0.5185999728417328,0.5359174045197743,0.5598093786623273,0.8668298299300664,0.5447185210595301,10.288757345486205,0.4097685870106907,1.5913353345210273,0.9131663807291606,24.070901677288358,0.970115675982416,0.9138333102134598,0.906080517085631
1.0325,0.9999962482054927,1.5099978266810166,0.33124775642897747,0.34344326550699183,6.235900245821378,0.38968179936272984,0.9644904695976169,0.5639653898570656,11.347225889033535,0.5179551008045941,0.5351209195991917,0.5591035587527388,0.8667826701446839,0.5445682174240952,10.291037182301984,0.40984220360064005,1.591687950950793,0.9118897166514702,24.045893049823963,0.969666890668856,0.9129243927867068,0.9049870276792944
1.035,0.9999962312504326,1.5117865660386387,0.3308088874739663,0.3429359086259056,6.2368518100228405,0.3896522221695792,0.9646376455573566,0.5635199881173819,11.348379754539677,0.5173211214011005,0.5343365045793697,0.558410999168851,0.8667150282478494,0.5444045175914166,10.293328315538805,0.40991665063726473,1.592042314568616,0.910562128889734,24.019841637898082,0.9692035996044688,0.9119989923848013,0.9038763328206701
1.0375,0.999996214226517,1.51358274586234,0.3303804131772815,0.34243868170452496,6.237817926882235,0.3896230674202995,0.9647870723388431,0.5630987981979569,11.349885426578972,0.5166980288315777,0.5335641279006751,0.557731619821112,0.8666269526441132,0.5442274634257108,10.295630707649023,0.4099919405734169,1.5923984195670995,0.9091838482179022,23.992750208487077,0.968725846085356,0.9110571221605286,0.9027484327208923
1.04,0.9999961971332231,1.51538645776643,0.3299622970596512,0.3419515510715085,6.238798498608567,0.3895943268401592,0.9649387348169973,0.5626841775621265,11.351387888978547,0.5160858154995567,0.532803755713339,0.5570653394518043,0.8665184931656276,0.5440370975535296,10.297944324525192,0.41006808500146746,1.5927562606709338,0.9077551196450748,23.964621831653798,0.9682336732626341,0.9100987936230581,0.9016033248801815
1.0425,0.9999961799700221,1.5171977939069778,0.3295545018160406,0.34147448217207976,6.239793425174707,0.38956599128073727,0.9650926175208835,0.562276142140785,11.352887443403361,0.5154844720143537,0.5320553519037324,0.5564120756599151,0.8663897009098523,0.5438334632780857,10.30026913516554,0.41014509477553834,1.5931158330851554,0.9062762018015939,23.935459866817627,0.9677271240286371,0.909124016599773,0.900441003898276
1.045,0.9999961627363791,1.5190168479320503,0.32915698930723475,0.3410074395660129,6.240802604235545,0.3895380507805217,0.9652487046210496,0.5618747047528574,11.354384350498622,0.5148939871878032,0.5313188781073499,0.555771744902297,0.8662406281136951,0.5436166045210404,10.302605111254834,0.41022298015857495,1.5934771324303207,0.9052062287484625,23.91739202794212,0.9672062409450037,0.908132799293016,0.8992614614619473
1.0475,0.9999961454317533,1.5208437159188664,0.32876972054408704,0.34055038691976974,6.241825931014837,0.3895104946241174,0.9654069799120267,0.561479875019268,11.355878827900122,0.5143143480243388,0.5305942937056533,0.5551442624678968,0.8660713280688038,0.543386565793632,10.304952226679902,0.410301750993306,1.5938401546675736,0.9046352152019859,23.912810104440616,0.9666710662157587,0.907125148430785,0.8980646865066948
1.05,0.9999961280555972,1.5226784972283516,0.32839265566438874,0.3401032869925979,6.24286329816322,0.3894833113980901,0.965567426790368,0.5610916592492319,11.357371047725877,0.5137455397033727,0.5298815558044302,0.5545295424224334,0.865881855080681,0.543143392197708,10.30731045699954,0.4103814168952803,1.5942048960166564,0.9040075346568531,23.907036708464474,0.9661216417059945,0.9061010695063654,0.8968506655415854
1.0525,0.9999961106073576,1.5245212952107134,0.32802575390256755,0.3396661016166332,6.243914595590516,0.38945648904172525,0.9657300282287118,0.5607100602959487,11.358861133493196,0.5131875455534375,0.529180619192017,0.5539274975217651,0.8656722644721634,0.5428871294558992,10.309679778888574,0.41046198746522744,1.5945713528699255,0.9033233228389329,23.90007247231947,0.9655580090020236,0.9050605670982415,0.8956193831190596
1.055,0.9999960930864743,1.5263722177046808,0.327668973552707,0.3392387916713145,6.244979710275994,0.3894300148913494,0.9658947667464359,0.5603350773804904,11.360349156436055,0.5126403470186994,0.5284914362766171,0.5533380390932829,0.8654426126297261,0.5426178239689547,10.31206016957398,0.4105434725169689,1.5949395217051359,0.9025827297640453,23.89191831141463,0.9649802095063167,0.9040036452587086,0.8943708224259986
1.0575,0.9999960754923813,1.5282313772870244,0.32732227192564795,0.3388213170526833,6.246058526060629,0.3894038757173114,0.9660616243775261,0.5599667058846973,11.36183513123506,0.5121039236184174,0.5278139570029928,0.5527610768859873,0.865192957089197,0.5423355228972073,10.314451606278906,0.41062588231604746,1.5953093989994516,0.9017859203047183,23.882575437450996,0.9643882845643401,0.9029303079575716,0.8931049659686566
1.06,0.9999960578245063,1.5300988912465772,0.3269856053012088,0.3384136366384095,6.247150923425669,0.3893780577532326,0.9662305826363277,0.5596049371161876,11.363319011214767,0.5115782529002202,0.5271481287499723,0.5521965188913847,0.8649233566558838,0.5420402742623206,10.31685406568719,0.41070922782318986,1.5956809811466224,0.9009330747168071,23.872045370257947,0.9637822756223129,0.9018405595662965,0.8918217963225537
1.0625,0.9999960400822715,1.5319748812764276,0.326658928876813,0.33801570824963845,6.24825677926205,0.38935254671764813,0.9664016224818821,0.5592497580509657,11.364800683108129,0.5110633103886824,0.52649389621143,0.551644271138939,0.8646338715529542,0.5417321270649285,10.319267523437588,0.41079352093571503,1.596054264378758,0.9000243890890065,23.860329947417334,0.9631622244116359,0.9007344053679843,0.8905212969189773
1.065,0.9999960222650941,1.533859472897605,0.3263421967140368,0.33762748861098135,6.2493759666353075,0.38932732782865803,0.966574724281566,0.5589011510614853,11.366279961532861,0.5105590695310821,0.5258512012646247,0.5511042374714147,0.8643245635911633,0.5414111314135119,10.321691953653351,0.41087877471912376,1.596429244693569,0.899060075685047,23.847431330988016,0.9625281731516495,0.8996118520794956,0.8892034528422392
1.0675000000000001,0.9999960043723877,1.5357527946459057,0.32603536168478225,0.33724893331016226,6.250508354550757,0.3893023858126239,0.9667498677747721,0.558559093640156,11.367756583366043,0.5100655016424803,0.525219982830902,0.5505763193069734,0.8639954963527365,0.5410773386598665,10.324127328509311,0.4109650036204173,1.596805917787409,0.8980403631574025,23.83335201087124,0.9618801647605179,0.8984729083737841,0.8878682516158731
1.07,0.9999959864035615,1.5376549770694015,0.32573837541891637,0.3368799967589682,6.251653807723874,0.38927770490826713,0.9669270320373952,0.5582235581300429,11.36923020223782,0.5095825758525003,0.5246001767347251,0.5500604153962187,0.8636467353823332,0.5407308015367531,10.326573617835788,0.4110522236542693,1.5971842789940118,0.8969654966217987,23.818094804619268,0.9612182430676718,0.8973175853927793,0.8865156839610403
1.0725,0.9999959683580224,1.539566151597095,0.3254511882552989,0.33652063215722766,6.252812186360918,0.38925326886771733,0.9671061954479009,0.5578945114756982,11.370700383389668,0.5091102590563598,0.5239917155677222,0.5495564215833953,0.8632783483784776,0.5403715742937517,10.329030788756107,0.41114045255309095,1.5975643232284285,0.8958357375928302,23.80166285376494,0.9605424530259302,0.8961458972437123,0.8851457445159894
1.075,0.9999959502351752,1.5414864493488702,0.32517374919812553,0.3361707914615418,6.253983345954894,0.3892290609561147,0.9672873356557682,0.5575719150075845,11.372166599154289,0.5086485158729284,0.5233945285648404,0.5490642305815887,0.8628904053795833,0.539999712827886,10.331498805352958,0.4112297098723463,1.597946044935421,0.894651363791521,23.784059617012506,0.9598528409212403,0.8949578614743459,0.88375843251089
1.0775000000000001,0.9999959320344225,1.5434159999634125,0.32490600588044843,0.33583042536041813,6.255167137102089,0.38920506395129045,0.9674704295531134,0.5572557242732548,11.373628225311158,0.5081973086124104,0.5228085414997473,0.5485837317719126,0.8624829789396039,0.5396152748062113,10.333977628358065,0.4113200170432448,1.598329438041468,0.8934126688447952,23.765288860857414,0.9591494545765671,0.8937534995248662,0.8823537523971882
1.08,0.9999959137551653,1.545354930524199,0.3246479045365854,0.3354994832573002,6.256363405344399,0.38918126014485704,0.9676554532503036,0.5569458889273703,11.375084538552992,0.5077565972548468,0.5222336766062866,0.5481148110363016,0.8620561442893571,0.5392183197781879,10.336467214859592,0.4114113973661845,1.5987144959095074,0.892119961903751,23.745354648374306,0.9584323435467262,0.8925328371560737,0.880931714434414
1.0825,0.9999958953968034,1.5473033646638448,0.32439938998489826,0.33517791326275476,6.2575719910425125,0.3891576313457428,0.9678423820563413,0.5566423526907573,11.37653471526478,0.5073263394422838,0.5216698525320856,0.547657350632637,0.8616099794806074,0.5388089092762739,10.338967518022631,0.411503875940047,1.5991012112957057,0.8907735672116761,23.7242613270113,0.9577015593021406,0.8912959048547561,0.8794923352397443
1.085,0.9999958769587344,1.5492614219236416,0.3241604056221269,0.33486566219678215,6.258792729284819,0.38913415888686437,0.968031190464777,0.5563450533861358,11.377977831769638,0.5069064904862292,0.5211169843293524,0.5472112291195428,0.8611445655110019,0.5383871069037185,10.341478486819758,0.41159747952461484,1.5994895763077837,0.88937382365358,23.702013516245636,0.956957155400396,0.8900427382177379,0.8780356383064594
1.0875000000000001,0.9999958584403531,1.5512292174373872,0.32393089343010506,0.334562675601861,6.260025449836604,0.3891108236352451,0.9682218521458504,0.5560539230550507,11.379412866138102,0.5064970033910713,0.5205749834865396,0.546776321336373,0.860659986428891,0.5379529784089984,10.344000065771041,0.411692236335929,1.5998795823648049,0.8879210843164302,23.678616095886177,0.9561991876438736,0.8887733783159759,0.876561654496656
1.09,0.9999958398410516,1.5532068619958626,0.32371079399529473,0.33426889776696483,6.261269977133449,0.389087606005534,0.9684143399454693,0.5557688881571413,11.380838701593149,0.5060978288937646,0.5200437580029982,0.546352498441804,0.8601563294179064,0.5375065917467177,10.346532194695794,0.4117881757772273,1.600271220158779,0.8864157160834554,23.65407419565434,0.9554277142220275,0.8874878720393233,0.8750704225113373
1.0925,0.9999958211602177,1.555194462530108,0.3235000465411678,0.3339842717623927,6.2625261303223505,0.38906448597655097,0.9686086258915702,0.5554898698493335,11.382254131476245,0.5057089155195128,0.5195232125070314,0.5459396280121184,0.8596336848618791,0.5370480171250546,10.349074808481856,0.4118853281110726,1.6006644796189777,0.884858099277027,23.62839318644446,0.9546427958387459,0.8861862724211911,0.8735619893374019
1.095,0.9999958023972334,1.557192123028084,0.32329858897306846,0.3337087394848868,6.2637937233532055,0.3890414431102406,0.9688046812082676,0.5552167843392123,11.383657865675431,0.505330209652702,0.5190132484160672,0.5455375741979304,0.8590921463912543,0.5365773270400038,10.35162783688199,0.4119837240812436,1.6010593498804435,0.8832486273533823,23.601578673370735,0.9538444958241071,0.8848686389404639,0.8720364106664502
1.0975,0.9999957835514748,1.5591999458712864,0.3231063579348297,0.33344224171217446,6.265072565122747,0.3890184565722575,0.9690024763381163,0.5549495433037971,11.385048538358156,0.5049616556216803,0.5185137641360043,0.5451461979358432,0.8585318109125646,0.5360945962967179,10.354191204350883,0.4120833944957548,1.6014558192587791,0.8815877066393546,23.5736364903662,0.9530328802295039,0.8835350377957085,0.870493751274968
1.1,0.9999957646223091,1.5612180335472055,0.3229232888761061,0.3331847181657933,6.266362459672092,0.38899550515335785,0.9692019809726659,0.5546880543625112,11.386424716803607,0.5046031957952929,0.5180246552953238,0.5447653572095174,0.8579527786227648,0.5355999020182098,10.356764829940076,0.4121843697848216,1.601853875233897,0.8798757560872377,23.544572695730917,0.9522080179039404,0.882185542144141,0.8689340853497467
1.1025,0.9999957456090945,1.5632464906627919,0.32274931612914093,0.33293610758084674,6.267663206438381,0.38897256729083307,0.96940316409138,0.5544322215913522,11.387784911093702,0.5042547706893012,0.5175458150083138,0.5443949073529366,0.8573551530102835,0.5350933236415396,10.359348627271604,0.4122866795495306,1.6022535044459423,0.8781132070097573,23.514393567655098,0.9513699805496919,0.8808202322950902,0.8673574967367648
1.105,0.9999957265111781,1.5652854261562572,0.3225843729935103,0.3326963477812039,6.268974600560065,0.38894962108939823,0.9696059940088564,0.5541819460642556,11.389127584400482,0.5039163190802444,0.5170771341608011,0.5440347013873967,0.8567390408445431,0.5345749429014169,10.361942504613825,0.4123903521182559,1.6026546927070204,0.8763005027439984,23.483105598393944,0.9505188427577869,0.8794391958450591,0.865764079086657
1.1075,0.9999957073278944,1.5673349555826053,0.3224283918272693,0.33246537575858665,6.270296433234415,0.3889266443412246,0.9698104384301197,0.5539371264073852,11.390451163600279,0.5035877781241185,0.5166185017111767,0.5436845903829164,0.8561045521554443,0.5340448438009254,10.364546365084403,0.41249541412835106,1.6030574250325924,0.8744380981821469,23.450715485475705,0.9496546820208369,0.8780425277391748,0.8641539358659198
1.11,0.9999956880585635,1.5693952033346135,0.3222813041428682,0.33224312775398734,6.271628492124798,0.3889036145451627,0.9700164645136156,0.5537183172012198,11.392179063724683,0.5032690834773134,0.5161698049992123,0.5433444238344177,0.8554518002039708,0.5335031125688751,10.367160107005503,0.41260189015025234,1.6034616856964121,0.8725264590993761,23.417230118114333,0.9487775787199266,0.876630330242138,0.8625271802007074
1.1125,0.9999956687024893,1.571466304657024,0.32214304070617494,0.3320295393398979,6.272970561813848,0.3888805089256144,0.9702240389413002,0.5536102606959574,11.396056925187171,0.5029601694173299,0.5157309300552241,0.5430140500430963,0.8547809014446974,0.5329498376031756,10.369783624434191,0.4127098023698017,1.6038674583125614,0.8705660612064634,23.38265655690841,0.9478876160821448,0.87520271280118,0.8608839345201873
1.115,0.9999956492589586,1.5735484073176675,0.3220135316369363,0.331824545501907,6.2743224242971944,0.3888573044519397,0.9704331279950047,0.5535070917405741,11.399908329011438,0.5026609689610806,0.5153017619024889,0.5426933164938526,0.8540919754806362,0.5323851093996543,10.3724168078866,0.41281917034235077,1.6042747259474552,0.8685573888580925,23.34700200497212,0.946984880104654,0.873759791784295,0.8592243299695618
1.1175,0.9999956297272373,1.5756416728141966,0.3218927065089982,0.3316280807183051,6.275683859510616,0.3888339778596792,0.9706436976379684,0.5534086952767622,11.403731377242297,0.5023714139781755,0.5148821848464334,0.5423820702204084,0.8533851450106004,0.5318090204659552,10.375059545267353,0.41293001082911945,1.6046834712635938,0.8665009333583855,23.310273768892657,0.9460694594407997,0.8723016900796204,0.8575485055695833
1.12,0.9999956101065706,1.5777462770171868,0.32178049444859,0.33144007903642053,6.277054645881539,0.3888105056751987,0.9708557136001377,0.5533149564356777,11.40752418763408,0.5020914352966991,0.5144720827449166,0.5420801581506972,0.8526605357691288,0.531221665220595,10.37771172300586,0.41304233772251386,1.6050936766953086,0.8643971908237738,23.272479208361833,0.9451414452459863,0.870828536546479,0.8558566071100885
1.1225,0.9999955903961786,1.5798624101772167,0.3216768242289358,0.3312604741444798,6.2784345608937215,0.38878686424556713,0.9710691414655043,0.5532257609880316,11.411284902813641,0.5018209628006299,0.5140713392548544,0.5417874274261809,0.8519182764589619,0.5306231398778812,10.380373227388128,0.4131561620628737,1.6055053246547528,0.8622466595900371,23.23362567399529,0.9442009309829416,0.8693404653153969,0.8541487857797188
1.125,0.9999955705952558,1.5819902762528473,0.32158162435940574,0.3310891994378297,6.279823381652057,0.3887630297755392,0.9712839467594618,0.5531409957359776,11.41501169835323,0.501559925517543,0.5136798380513946,0.541503725689828,0.8511584986760814,0.5300135423201753,10.38304394605794,0.4132714921447178,1.6059183977640823,0.8600498371845058,23.19372043371698,0.9432480121867508,0.8678376149432104,0.8524251965521836
1.1275,0.9999955507029689,1.5841300915462588,0.32149482316735367,0.33092618807838875,6.2812208854326075,0.38873897837340354,0.9715000950338784,0.5530605488431405,11.418702789665382,0.5013082516953107,0.5132974630167877,0.5412289013384882,0.8503813368272923,0.5293929719598117,10.385723769644141,0.4133883337062935,1.6063328791071452,0.8578072169245013,23.152770589112606,0.9422827861920461,0.8663201274397128,0.8506859963701778
1.1300000000000001,0.9999955307184537,1.5862820826625454,0.3214163488707257,0.3307713730461997,6.28262685020166,0.38871468610718457,0.9717175519473769,0.5529843101006505,11.422356437661046,0.5010658688668465,0.5129240983969094,0.540962803736241,0.8495869280401445,0.5287615295937438,10.38841259345349,0.4135066901924443,1.60674875249131,0.8555192842464961,23.110782984281183,0.941305351827341,0.8647881471934145,0.8489313421899082
1.1325,0.9999955106408155,1.5884464838368955,0.3213461296394883,0.3306246871819549,6.284041055086908,0.3886901290722704,0.9719362833382124,0.5529121711282422,11.42597095313583,0.5008327039021183,0.5125596289240566,0.540705283385951,0.8487754120645797,0.5281193172545389,10.391110319151764,0.41362656307776435,1.6071660027074786,0.8531865129137335,23.067764110853236,0.9403158090838029,0.8632418198348926,0.847161388970168
1.135,0.9999954904691277,1.590623533701426,0.32128409364392335,0.3304860632193624,6.285463280783908,0.3886652834710226,0.9721562552871371,0.5528440255102804,11.429544699866295,0.500608683046805,0.5122039399050993,0.5404561920566956,0.8479469311649602,0.5274664380615818,10.393816856341425,0.4137479522349112,1.6075846157740985,0.8508093612892328,23.023720013895964,0.9393142587679816,0.8616812910857499,0.8453762877078423
1.1375,0.9999954702024326,1.5928134715908309,0.321230169087901,0.3303554338062423,6.2868933098818705,0.3886401257043529,0.9723774341677897,0.5527797688670428,11.433076096409682,0.5003937319470639,0.5118569172743694,0.540215382864979,0.8471016300001437,0.5268029960761922,10.39653212393387,0.41387085633187476,1.6080045791494066,0.8483882688919735,22.978656204282064,0.9383008021497751,0.8601067056482048,0.8435761836344243
1.1400000000000001,0.9999954498397432,1.5950165335137962,0.3211842842253842,0.3302327315132908,6.28833092709473,0.3886146324747006,0.9725997866824345,0.5527192988617493,11.436563616606678,0.5001877756599473,0.5115184476107922,0.5399827103077813,0.8462396554880987,0.52612909616381,10.3992560512095,0.41399527324189817,1.6084258818953867,0.8459236534729142,22.932577583659604,0.9372755406174006,0.8585182061938741,0.8417612146937169
1.1425,0.999995429380045,1.5972329479452618,0.3211463673586579,0.3301178888295574,6.289775919386132,0.38858878089934745,0.9728232798812927,0.5526625151438482,11.440005788790687,0.49999073864906185,0.5111884181188517,0.5397580302455696,0.8453611566504216,0.5254448438655157,10.401988578461193,0.414121200450398,1.6088485147772933,0.8434159088514406,22.88548838834713,0.9362385753507559,0.856915932509697,0.8399315104181355
1.145,0.9999954088223012,1.599462931622117,0.32111634681712137,0.33001083814385834,6.291228075980508,0.38856254863261924,0.9730478811642554,0.552609319229034,11.443401193710066,0.49980254476517144,0.5108667165730624,0.5395411998335912,0.8444662844313119,0.5247503452800719,10.404729657126708,0.4142486354443285,1.609272470284131,0.8414504895526536,22.853282732504425,0.935190007023542,0.8553000208540663,0.8380871913095354
1.1475,0.9999953881654567,1.6017066855498008,0.3210941509159513,0.3299115117116194,6.292687188256427,0.38853591399525317,0.9732735582643887,0.552559614316589,11.446748461175204,0.49962311721161873,0.5105532312258637,0.5393320774001555,0.8435551914853808,0.5240457069565847,10.407479249333791,0.41437757607058723,1.6096977425582968,0.8397018493551947,22.827148845885876,0.9341299355429541,0.8536706035673867,0.836228368810897
1.1500000000000001,0.9999953674084453,1.6039643914463375,0.32107970789452756,0.32981984160701455,6.294153049522923,0.3885088561090545,0.9735002792133383,0.5525133050450417,11.45004626545256,0.49945237849468954,0.5102478506793243,0.5391305222713415,0.8426280319294255,0.5233310357970075,10.410237326807257,0.4145080208508799,1.6101243272265413,0.8379056563646995,22.799908190021895,0.9330584598339638,0.8520278089693607,0.8343551459290991
1.1525,0.9999953465501948,1.6062362088595992,0.3210729458352151,0.32973575966075236,6.2956254546840436,0.38848135503488485,0.9737280122894467,0.5524702971879659,11.45329331944525,0.4992902503595034,0.5099504637218333,0.5389363945427075,0.8416849610551976,0.5226064389672349,10.413003869119523,0.4146399692406732,1.6105522211293835,0.8360620545645129,22.771558538240722,0.9319756776735937,0.8503717615615007,0.8324676185387394
1.155,0.9999953255896344,1.6085222731886724,0.32107379256389806,0.32965919738445804,6.2971041998013115,0.38845339191197203,0.9739567259500805,0.5524304972930829,11.456488367725477,0.499136653712562,0.5096609591321195,0.538749554800189,0.8407261350033209,0.5218720238156194,10.415778861302476,0.41477342181932286,1.6109814219517442,0.8341711697400715,22.742097112226556,0.9308816855794143,0.848702582539129,0.8305658773653677
1.1575,0.9999953045257006,1.6108226948172153,0.32108217553453544,0.32959008588327954,6.2985890815679335,0.3884249490964354,0.9741863887503067,0.5523938122696972,11.459630178518903,0.49899150853278024,0.5093792254544216,0.5385698637943981,0.8397517104027384,0.5211278977984249,10.418562290877404,0.4149083803972703,1.6114119277635737,0.8322331143724269,22.711520708511642,0.9297765787557474,0.8470203906038218,0.8286500106163213
1.16,0.9999952833573428,1.613137559522925,0.3210980217009105,0.3295283557590888,6.300079896712194,0.38839601029673937,0.9744169692506176,0.5523601489318092,11.462717534783042,0.4988547337736561,0.5091051507503666,0.5383971820748963,0.8387618439851269,0.5203741684129813,10.421354144397826,0.4150448480246748,1.6118437364851395,0.8302479937823658,22.67982585866399,0.9286604511004531,0.8453253030560766,0.8267201072010636
1.1625,0.999995262083526,1.6154669302624212,0.3211212573796193,0.32947393700738614,6.301576441350452,0.3883665607034682,0.9746484359168612,0.5523294135068623,11.465749224569082,0.49872624726009857,0.5088386223349511,0.5382313695935327,0.8377566921891249,0.5196109431409491,10.424154403635137,0.4151828288845146,1.6122768452970706,0.8282159134332788,22.64700902118137,0.927533395274441,0.8436174371395774,0.8247762604620493
1.165,0.9999952407032331,1.6178108503474973,0.3211518081091146,0.3294267589116911,6.303078510312354,0.3883365871103767,0.9748807570158724,0.5523015111227518,11.468724030904651,0.4986059655842599,0.5085795265057425,0.538072285288382,0.8367364107743475,0.5188383294059131,10.426963041565813,0.4153223280527079,1.612711250019709,0.8261369872602413,22.613066802000205,0.9263955028363079,0.8418969116030881,0.822818572322319
1.1675,0.9999952192154653,1.6201693479327381,0.3211895985102162,0.3293867499397276,6.304585896462359,0.3883060780231343,0.9751139005105357,0.5522763452881418,11.471640721479458,0.49849380400537247,0.5083277482758117,0.5379197866619144,0.8357011544694104,0.5180564345511751,10.429780018340194,0.4154633511088379,1.6131469444896116,0.8240113468572585,22.577996199541722,0.9252468644465786,0.8401638484432401,0.8208471577466869
1.17,0.9999951976192383,1.6225424416348995,0.3212345521538295,0.3293538376460168,6.306098390042278,0.38827502375164313,0.975347833958098,0.5522538173830256,11.47449803845135,0.49838967635894826,0.5080831711217733,0.5377737293685428,0.8346510766808314,0.5172653658448053,10.43260527742394,0.4156059035841563,1.613583919962759,0.8218391513237241,22.541794869334076,0.9240875701455823,0.838418374790555,0.8188621494081963
1.1725,0.9999951759135786,1.6249301470120436,0.3212865914416326,0.329327948585507,6.307615778059315,0.3882434164813735,0.9755825244155174,0.5522338261775278,11.477294688712343,0.49829349498068315,0.5078456767584456,0.5376339668273962,0.8335863292902297,0.5164652305194234,10.43543874210383,0.4157499902389884,1.6140221645741166,0.8196205975435693,22.50446140244029,0.9229177097053451,0.836660624900764,0.8168637024483855
1.175,0.9999951540975162,1.6273324835566616,0.32134563750515405,0.32930900824256676,6.309137843743165,0.3882112503189659,0.9758179383554948,0.5522162673970171,11.480029334959937,0.49820517065005737,0.5076151449510228,0.5375003498759483,0.8325070625653049,0.5156561358535972,10.438280312539353,0.4158956141694163,1.6144616628816126,0.8174150714508909,22.467621166236487,0.9217373730575985,0.834890742212614,0.8148519992167157
1.1775,0.9999951321700775,1.6297494818115363,0.32141161012798364,0.32929694097905177,6.310664366093918,0.38817852130751096,0.9760540415965491,0.5522010333506588,11.482700587907345,0.49812461255792356,0.5073914533742744,0.5373727264790323,0.8314134252054642,0.5148381893000171,10.441129863520839,0.41604277575273413,1.6149023955193929,0.815184765378164,22.43023202957124,0.9205466508020698,0.8331088814308422,0.812827253869373
1.18,0.9999951101302752,1.6321811902060834,0.32148442769489344,0.32929167000428394,6.312195119540141,0.38814522740755686,0.9762907992501333,0.5521880126386961,11.48530699993952,0.4980517283010466,0.5071744775263584,0.5372509415059189,0.8303055645357779,0.514011498662724,10.443987243065173,0.4161914714518477,1.6153443389806246,0.8129079692930622,22.3916907616764,0.9193456347927335,0.8313152105880834,0.8107897166995034
1.1825,0.9999950879771008,1.6346276812355152,0.3215640071705029,0.32929311736875533,6.3137298737235135,0.38811136844103195,0.9765281756873252,0.5521770899513556,11.487847060484702,0.49798642390528397,0.5069640907026381,0.5371348365858839,0.8291836268534869,0.5131761723217191,10.446852271943202,0.41634169250944464,1.6157874655444004,0.8105854238301218,22.35201050416179,0.918134418790948,0.8295099130320744,0.8087396780597911
1.185,0.9999950657095151,1.6370890566609335,0.32165026410894004,0.3293012039823284,6.315268393423025,0.3880769459969279,0.9767661345271033,0.5521681459697112,11.490319193330281,0.49792860387827215,0.5067601640327923,0.5370242500504119,0.828047757920124,0.5123323194985369,10.449724744190839,0.4164934235721862,1.6162317433547915,0.8082179466642835,22.31120646429366,0.9169130991671788,0.8276931892750781,0.8066774717254136
1.1875,0.999995043326443,1.6395654514863238,0.3217431126948816,0.329315849656796,6.3168104386280595,0.3880419632996544,0.9770046386476496,0.5521610573766216,11.492721756074777,0.49787817129125134,0.5065625665828997,0.536919016968306,0.8268981035802117,0.5114800505511224,10.452604428611215,0.41664664129221485,1.616677136653179,0.8058064345864367,22.269295983950375,0.9156817756259575,0.8258652586322272,0.80460347753329
1.19,0.9999950208267677,1.6420570365562195,0.32184246581554005,0.3293369731720174,6.3183557647659985,0.38800642504331573,0.9772436502215537,0.5521556969843253,11.495053041880414,0.49783502788886436,0.5063711655233559,0.5368189692788298,0.8257348104754197,0.5106194772811438,10.455491071230211,0.4168013129570468,1.6171236061580465,0.8033518638530426,22.226298563336833,0.9144405519214359,0.8240263605661946,0.8025181231256249
1.1925000000000001,0.9999949982093298,1.6445640197033429,0.3219482351626738,0.32936449236453946,6.319904123086183,0.3879703371975431,0.977483130775198,0.5521519339846755,11.497311283676531,0.4977990742256569,0.5061858263635906,0.5367239360277624,0.8245580268120537,0.5097507132321791,10.45838439862481,0.4169573951989341,1.6175711095797676,0.801332906351777,22.195464977135376,0.9131895365245764,0.822176755649427,0.800421884625908
1.195,0.9999949754729276,1.6470866454490716,0.3220603313635479,0.3293983242376483,6.321455261198386,0.38793370679270656,0.9777230412720427,0.5521496343281935,11.499494660960787,0.4977702098283418,0.50600641325549,0.5366337437117645,0.8233679031309296,0.5088738739536787,10.461284122004919,0.41711483283107437,1.6180196022519298,0.8000591224155577,22.185416828914644,0.9119288431990672,0.8203167260542953,0.7983152860875268
1.1975,0.999994952616319,1.6496251933162822,0.322178664139873,0.32943838509209383,6.323008923760163,0.3878965416940568,0.9779633422189363,0.5521486612387506,11.501601309345764,0.4977483333835648,0.5058327893688819,0.5365482167373531,0.8221645930230779,0.5079890772037429,10.46418994189587,0.41727355785118353,1.618469037855565,0.7987378823358651,22.174217381717725,0.9106585914415299,0.8184465754878535,0.7961988975818833
1.2,0.9999949296382271,1.6521799748548687,0.32230314249394515,0.3294845906771279,6.324564853303639,0.3878588503753757,0.9782039937939921,0.5521488758710358,11.503629332991867,0.49773334295162175,0.5056648173437784,0.536467178001405,0.8209482537331912,0.5070964430640458,10.467101553242877,0.41743348864393476,1.618919369208643,0.7973699525491498,22.161880704648045,0.9093789067431862,0.8165666285026194,0.7940733318356737
1.2025000000000001,0.9999949065373438,1.654751329510887,0.3224336749212932,0.32953685636178953,6.32612279118822,0.3878206417028916,0.9784449559939423,0.552150138117207,11.505576820038653,0.4977251362070708,0.5055023598246602,0.5363904495996641,0.8197190465957223,0.5061960939429426,10.47001865073975,0.41759452940390623,1.6193705490902497,0.7959561472361605,22.148422160875096,0.9080899206355096,0.8146772291381031,0.7919392393851936
1.205,0.9999948833123341,1.6573396194995587,0.3225701696488917,0.3295950973263504,6.3276824786612185,0.3877819247394357,0.9786861887981819,0.5521523075664275,11.50744186108256,0.49772361070727017,0.5053452800811683,0.536317853667458,0.818477137256163,0.5052881544479061,10.472940934174396,0.4177565697913249,1.6198225310673615,0.7944973193024736,22.133858180646417,0.9067917704915768,0.8127787388786208,0.7897973022860614
1.2075,0.9999948599618395,1.6599452238784742,0.32271253489726676,0.32965922877331877,6.329243658003917,0.38774270857714455,0.9789276523460273,0.5521552446157085,11.509222570639176,0.4977286641890061,0.5051934427166261,0.5362492133521409,0.8172226956416977,0.504372751115647,10.475868113581186,0.4179194848252224,1.6202752702917491,0.7929943495070247,22.118205983738612,0.9054845990673229,0.8108715339489502,0.7876482264945485
1.21,0.9999948364844767,1.6625685320646493,0.3228606791635307,0.3297291661563335,6.33080607373577,0.3877030022045783,0.9791693071229669,0.5521588117224204,11.51091711136974,0.49774019489160976,0.5050467144606064,0.5361843539094938,0.8159558956601842,0.5034500119969252,10.47879991399725,0.41808313501341704,1.6207287242356205,0.7914481340503957,22.101483259211122,0.9041685537812044,0.8089560020072699,0.7854927331148218
1.2125000000000001,0.9999948128788372,1.6652099370958158,0.3230145115205792,0.32980482542366657,6.33236947384523,0.3876628144111832,0.9794111141510302,0.552162874778194,11.512523720649368,0.49775810190234404,0.5049049650344081,0.5361231039066361,0.8146769146227633,0.502520066102327,10.481736079633814,0.4182473667162777,1.6211828533367914,0.789859571035864,22.08370781305619,0.902843785745608,0.8070325383307019,0.7833315487772979
1.215,0.9999947891434807,1.667869828993608,0.3231739419255509,0.3298861232710638,6.333933611012104,0.3876221537288857,0.9796530351778466,0.5521673045715163,11.514040738823013,0.4977822855165458,0.5047680680693906,0.5360652965026855,0.8133859324017196,0.5015830427241176,10.48467637729596,0.4184120127412165,1.6216376215276103,0.7882295462938357,22.064897196465484,0.9015104485772557,0.8051015416186629,0.7811653954694912
1.2175,0.9999947652769287,1.6705485886296951,0.32333888152843876,0.3299729773965327,6.3354982437842455,0.3875810284075989,0.9798950328586404,0.5521719782932772,11.51546663825516,0.4978126476014366,0.5046359020485176,0.5360107707665074,0.8120831303498482,0.5006390706567742,10.487620598912782,0.4185768931665333,1.6220929966262918,0.7865589191060812,22.045068328739863,0.9001686970251063,0.8031634095599255,0.7789949801762668
1.22,0.999994741277656,1.6732465825086091,0.3235092429697976,0.3300653067477205,6.337063137671176,0.38753944641884625,0.9801370709253796,0.552176781027289,11.516800052056954,0.4978490919491822,0.5045083512323172,0.5359593729797858,0.8107686900192265,0.4996882773441574,10.490568563074579,0.4187418163955058,1.6225489505746689,0.7848485083749591,22.024237129213486,0.8988186854618779,0.8012185343186008,0.7768209846974197
1.2225,0.9999947171440823,1.6759641588481076,0.3236849406551092,0.33016303175104833,6.338628066119238,0.387497415479811,0.9803791143375988,0.5521816071579174,11.518039801196482,0.4978915246021535,0.5043853065229842,0.5359109578647323,0.8094427917250724,0.49873078798407466,10.493520115512604,0.4189065804432696,1.6230054595123962,0.7830990797532468,22.002418171904136,0.8974605662893592,0.7992672980916019,0.7746440559960894
1.225,0.999994692874565,1.6787016452510861,0.32386589099283175,0.33026607451101997,6.340192811337136,0.387454943089051,0.9806211294100854,0.5521863616208028,11.519184918589014,0.49793985413166336,0.5042666662156318,0.5358653896702853,0.8081056130040827,0.4977667246211512,10.496475128498687,0.41907097445896546,1.6234625036840895,0.781311334185115,21.979624375002484,0.8960944883071875,0.797310068876504,0.7724647973936213
1.2275,0.9999946684673953,1.6814593481235394,0.3240520125836304,0.330374358968298,6.3417571649472935,0.3874120365649312,0.9808630839136213,0.5521909609213053,11.520234668743907,0.49799399185158194,0.5041523365846019,0.5358225430496332,0.8067573270166126,0.4967962052567969,10.499433499184514,0.41923478048302176,1.623920067182468,0.7794858982149311,21.955866734939956,0.8947205950905666,0.7953471965664664,0.770283760869657
1.23,0.9999946439207966,1.6842375538132697,0.3242432263498057,0.33048781100630314,6.343320928446362,0.3873687030785056,0.9811049471462102,0.5521953338495049,11.521188561625705,0.49805385194978974,0.504042232255822,0.5357823036659297,0.805398100939109,0.4958193430012394,10.502395146941208,0.41939777543388584,1.6243781375368727,0.7776233163077734,21.931154111874807,0.8933390234158853,0.7933790094613571,0.7681014406570037
1.2325,0.9999946192329319,1.6870365312458284,0.32443945559644105,0.33060635849820164,6.344883913467334,0.38732494967402126,0.981346689973617,0.5521994218305255,11.522046359573764,0.4981193515235095,0.5039362763235602,0.5357445684723039,0.8040280943883986,0.49483624528787684,10.505360009796549,0.4195597333100617,1.624836705162222,0.7757240453055201,21.9054930703101,0.8919499017655186,0.7914058112552597,0.7659182682466196
1.235,0.9999945944019116,1.6898565356456965,0.32464062599908194,0.33072993128905126,6.346445941844592,0.3872807832722803,0.981588284839429,0.5522031788644101,11.522808076412716,0.49819041050922314,0.5038344001813574,0.5357092456264095,0.8026474579138883,0.4938470131653829,10.50832804009744,0.41972042758245776,1.625295762688135,0.7737884510273487,21.87888777552408,0.890553348936013,0.7894278785337329,0.7637346088463894
1.2375,0.9999945694258103,1.6926978127811614,0.32484666551658103,0.33085846111136036,6.348006845491479,0.3872362106546196,0.9818297057461203,0.5522731315089321,11.524862955621224,0.4982669515036476,0.5037365430517494,0.5356762540180934,0.8012563315884023,0.4928517406787577,10.51129919954675,0.41987963373964726,1.6257553041912938,0.7718168069246947,21.851339943852107,0.8891494727689903,0.7874454587925478,0.7615507592748212
1.24,0.9999945443026848,1.6955606030858739,0.325057504231775,0.3309918814360781,6.349566466106509,0.3871912384280351,0.9820709282096118,0.5523501082877852,11.526977289331006,0.4983488994787197,0.5036426512166949,0.5356455224101914,0.7998548437239731,0.4918505143473337,10.514273453775354,0.4200371319358123,1.6262153243559159,0.7698092946270669,21.8228488428532,0.887738369021497,0.7854587689750709,0.7593669472223448
1.2425,0.9999945190305938,1.6984451450053908,0.32527307412657275,0.33113012726478586,6.351124654728829,0.3871458729747979,0.9823119291905159,0.5524257536683084,11.52897763663263,0.49843618140021306,0.5035526769691677,0.5356169882155525,0.7984431097357644,0.4908434127458644,10.517250766611381,0.4201927096791188,1.6266758175873917,0.767766006172218,21.79341133618474,0.8863201203917738,0.7834679945187676,0.7571833317814347
1.245,0.9999944936076192,1.7013516769987884,0.3254933088015146,0.33127313487227295,6.352681271165678,0.38710012039253605,0.9825526870055828,0.552500055987402,11.530864667405801,0.49852872576552526,0.5034665773247522,0.5355905959564697,0.7970212311755906,0.489830506194244,10.520231094200678,0.4203461644882934,1.6271367771029133,0.7656869477035338,21.763021967652314,0.884894795717557,0.7814732889019569,0.7550000051328265
1.2475,0.9999944680318812,1.7042804377876128,0.32571814315262676,0.33142084151149254,6.354236183314338,0.3870539864329474,0.9827931812228291,0.5525730093806931,11.53263917573239,0.49862646208175404,0.5033843125487715,0.5355662954739381,0.7955892949561102,0.4888118565619898,10.523214379117023,0.42049730643838773,1.6275981940205169,0.7635720444366138,21.731673079344286,0.8834624493672374,0.7794747736885411,0.7528169952771002
1.25,0.999994442301551,1.7072316646699037,0.3259475130202389,0.3315731850948486,6.355789266398893,0.387007476448827,0.9830333925434881,0.5526446117045206,11.534302040469258,0.4987293203094636,0.5033058445680076,0.5355440399716805,0.7941473727875668,0.4877875171950875,10.526200544581599,0.4206459605140698,1.6280600564650218,0.761421146739346,21.69935495984316,0.8820231208484456,0.7774725390786351,0.750634269715237
1.2525,0.9999944164148555,1.7102055899797914,0.326181354825194,0.3317301038667033,6.357340402138514,0.38696059535970173,0.9832733026733719,0.5527148623763898,11.535854184128668,0.4988372302994568,0.5032311353450264,0.5355237839919412,0.792695520850788,0.4867575329748561,10.529189488892683,0.42079196869099683,1.6285223487064877,0.7592340372258469,21.666056019980772,0.880576834661454,0.7754666449842393,0.7484517400035394
1.2550000000000001,0.999994390370076,1.713202436040817,0.32641960520751356,0.3318915360818184,6.358889477859549,0.38691334764590213,0.9835128941855394,0.5527837602416805,11.537296532086529,0.49895012125000787,0.5031601452964735,0.5355054814252294,0.7912337797328126,0.48572194052080203,10.532181080153078,0.42093519167331844,1.628985050344718,0.7570104388231083,21.631762995171687,0.879123600429375,0.7734571226585292,0.7462692671318554
1.2575,0.9999943641655397,1.7162224091982514,0.3266622006811129,0.3320574197031493,6.360436385559333,0.38686573737928104,0.9837521503754999,0.5528513015725054,11.538629974114574,0.49906792120992227,0.5030928318337438,0.5354890836535459,0.7897621746547437,0.48468076855165937,10.535175151378482,0.421075510228236,1.629448135552685,0.7547500238183942,21.596461174701556,0.8776634133429939,0.7714439769124654,0.7440866676936733
1.26,0.999994337799606,1.719265693688189,0.32690907731571833,0.33222769213009123,6.361981020925997,0.38681776829606107,0.9839910551096078,0.5529174782941949,11.539855330049337,0.4991905566486114,0.5030291480950847,0.5354745379159231,0.788280716024713,0.4836340384205361,10.53817149607707,0.42121282607650373,1.6299115723928357,0.7524524239250598,21.560134659180825,0.8761962549546989,0.7694271889511233,0.7419037208273829
1.2625,0.9999943112706504,1.722332446181163,0.3271601704539351,0.3324022899651205,6.363523282316251,0.38676944391363766,0.9842295926669598,0.5529822765164347,11.540973321076011,0.4993179521086673,0.5029690419229726,0.5354617859669066,0.7867894003513183,0.4825817648408004,10.54116986440914,0.4213470623200432,1.6303753222231128,0.7501172414070539,21.522766647489014,0.8747220943496388,0.7674067198528658,0.7397201759061133
1.2650000000000001,0.9999942845770465,1.7254227918093799,0.3274154144677553,0.3325811488230577,6.365063069692763,0.3867207676889365,0.9844677475750417,0.5530456754209955,11.54198454764522,0.4994500299493725,0.5029124551207357,0.5354507630743173,0.7852882115532395,0.48152395681838245,10.54416996006239,0.42147816341317523,1.6308393392136638,0.747744061274456,21.48433975382802,0.8732408897192228,0.7653825146963764,0.7375357609371318
1.2675,0.9999942577171498,1.7285368223492072,0.32767474255502665,0.3327642031832567,6.366600283524508,0.386671743211568,0.9847055044396492,0.5531076465285283,11.542889474495956,0.49958671018177203,0.5028593229996416,0.5354413973744523,0.7837771226972062,0.48046061880277524,10.547171438007148,0.42160609471045735,1.631303569999646,0.7453324645051265,21.44483635400064,0.8717525903540274,0.763354507313522,0.7353501916008223
1.27,0.9999942306892885,1.731674597001552,0.32793808657292384,0.3329513862812761,6.368134823657488,0.38662237442106206,0.9849428477702239,0.5531681533359274,11.543688422682834,0.49972791038838155,0.5028095742042975,0.5354336095735909,0.7822560981871292,0.47939175206240525,10.550173903317605,0.42173084164938207,1.631767953498913,0.7428820421665087,21.404238957879258,0.8702571390583886,0.7613226256107679,0.7331631808157488
1.2725,0.9999942034917598,1.7348361459244879,0.3282053769026612,0.33314263003344013,6.369666588169188,0.3865726658344208,0.9851797618026753,0.553227151286517,11.544381567959523,0.49987354571402626,0.5027631307826396,0.5354273129573054,0.7807250964102602,0.4783173562796037,10.55317691124981,0.4218524086474512,1.6322324209240742,0.7403924102160726,21.36253060248152,0.8687544749687326,0.7592867973601055,0.7309744486639875
1.2750000000000001,0.9999941761228335,1.7380214763655513,0.32847654233789675,0.333337864985502,6.371195472227531,0.3865226227684857,0.9854162303228989,0.5532845880109165,11.544968944411368,0.5000235289094503,0.5027199084493728,0.535422413646655,0.7791840728207212,0.47723743134592833,10.556179968745626,0.42197081780762663,1.6326968960151098,0.7378632246603517,21.319695257435527,0.8672445367294617,0.7572469563148656,0.728783732454872
1.2775,0.999994148580765,1.74123058095602,0.3287515099887538,0.33353702027568094,6.372721366983187,0.3864722515414432,0.9856522364954521,0.5533404037595283,11.54545045190712,0.5001777704067544,0.5026798169803881,0.5354188110252739,0.7776329834069371,0.4761519793205282,10.559182537477916,0.42208610753146514,1.6331612955103627,0.7352941966630986,21.27571823222388,0.865727265946764,0.7552030484601834,0.7265907966515673
1.28,0.9999941208638109,1.7444634474983425,0.32903020519424114,0.33374002360282123,6.374244158531697,0.386421559639192,0.9858877627030282,0.5533945319399538,11.545825865785314,0.5003361784057417,0.502642760671668,0.5354163982553389,0.7760717884495436,0.47506100649388683,10.562184038465384,0.42219833113395216,1.633625529860301,0.7326851071237565,21.230586572734747,0.8642026108077365,0.7531550381669075,0.7243954423398345
1.2825,0.9999940929702438,1.7477200694200812,0.3293125514380132,0.3339468011922978,6.375763726988056,0.38637055583509644,0.9861227904033256,0.5534468996748928,11.546094847215942,0.5004986589529281,0.5026086387998112,0.5354150628038663,0.7745004564341786,0.47396452547877227,10.565183858171647,0.42230755553807175,1.6340895041708492,0.730035820206697,21.184289433537902,0.8626705297224582,0.7511029139866915,0.7221975158881413
1.285,0.9999940648983647,1.7510004559898988,0.3295984702656339,0.33415727775537646,6.377279945719904,0.38631925025545216,0.9863573000104465,0.5534974283076025,11.546256952871664,0.5006651159998726,0.5025773460319258,0.5354146869130744,0.7729189679448547,0.472862557232422,10.568181355874652,0.4224138601020952,1.6345531193431937,0.7273462952947117,21.1368184120679,0.8611309948231335,0.7490466938102106,0.7199969164384369
1.2875,0.9999940366465024,1.7543046413915475,0.32988788120534535,0.3343713764416285,6.378792680785287,0.3862676543873053,0.9865912708079373,0.5535460338009652,11.54631164287138,0.5008354514337451,0.5025487727486733,0.5354151479677378,0.7713273193347945,0.47175513290201354,10.571175871967514,0.422517335601648,1.6350162733576532,0.7246165968686761,21.088167831562085,0.8595839951400868,0.7469864291143635,0.7177936018816069
1.29,0.9999940082130021,1.7576326918257454,0.3301807016982227,0.3345890187881431,6.380301790616623,0.38621578102953796,0.9868246808999085,0.5535926269998585,11.546258286373478,0.5010095650807292,0.5025228052633832,0.5354163187358058,0.7697255259589537,0.47064229538224284,10.574166736750193,0.42261808335627676,1.635478862633465,0.7218469018776934,21.038334961115183,0.858029539271336,0.7449222080509337,0.7155875930133129
1.2925,0.9999939795962,1.7609847099538432,0.33047684704688113,0.3348101246730502,6.381807125983716,0.38616364419187266,0.9870575072053136,0.553637113751522,11.54609616463752,0.5011873546895392,0.5024993259397598,0.5354180674827402,0.768113624760642,0.4695241004814041,10.577153279211263,0.42271621446151686,1.6359407833870372,0.7190375042565499,20.987320163467075,0.8564676573772413,0.742854157179069,0.7133789756348831
1.295,0.9999939507943846,1.7643608362091319,0.3307762303939858,0.3350346122836289,6.383308530255653,0.38611125894925935,0.9872897254984568,0.5536793949016321,11.545824471783085,0.5013687159078355,0.5024782132280701,0.5354202579818137,0.7664916760357727,0.4684006176114233,10.580134835293919,0.42281184906699965,1.6364019329104311,0.7166816505221277,20.949533144920643,0.8548984023722247,0.7407824417149084,0.7111679004578526
1.2975,0.999993921805755,1.7677612467771455,0.33107876274225195,0.33526239811053926,6.3848058399652885,0.3860586412607915,0.9875213104963001,0.5537193662019418,11.545442313802866,0.501553542267747,0.5024593416526698,0.5354227494591842,0.7648597642510718,0.4672719299469104,10.583110755194788,0.42290511563235245,1.6368622107002495,0.7145517537738122,20.91836686557163,0.8533218502420572,0.7387072642588467,0.7089545807848933
1.3,0.999993892628376,1.7711861483724696,0.3313843530262001,0.33549339697918995,6.386298885662097,0.3860058077628272,0.9877522359903713,0.5537569181766498,11.544948706600334,0.5017417251974832,0.5024425817908104,0.5354253965221296,0.7632179978623945,0.46613813403584675,10.586080409353315,0.4229961500968907,1.6373215193839987,0.7123756549482049,20.88586815727806,0.8517380994721454,0.7366288620571299,0.7067392880669745
