tau,total_energy_fraction,total_critical_fraction,C0_fraction,E0_fraction,N0,minority0,scale0,Rinf0,concentration0,Q3_0,Q8_0,Q16_0,C1_fraction,E1_fraction,N1,minority1,scale1,Rinf1,concentration1,Q3_1,Q8_1,Q16_1
0.0,1.0,1.0,1.0,1.0,6.465486640239153,0.3681210446747663,1.0,1.0,12.225505060972356,1.0,1.0,1.0,0.0,0.0,0.0,0.0,0.0,0.0,0.0,0.0,0.0,0.0
0.0025,0.9999918307353999,0.9999775777674004,0.9999597675667173,0.9999801844927061,6.465354632261132,0.3681184975549814,0.9999795826694314,1.0004805445263873,12.231251413209899,1.000362370897511,1.0010025352615977,1.0009155747236793,1.7726295207439375e-05,1.147104615899325e-05,9.991165867184794,0.40950280462274846,1.545307634695728,0.004985310760503923,27.80817460695517,0.0047107757819566925,0.004933210677095377,0.005007727692520609
0.005,0.9999836616334976,0.9999658810245445,0.999894565996518,0.9999370162407066,6.4652121614647715,0.3681158880743705,0.999957547081967,1.000985839621727,12.23742331376435,1.0007096869524172,1.00198501586952,1.001808823480481,7.097853432723235e-05,4.5944273706258314e-05,9.988421372606574,0.4092878533264304,1.5448831508585579,0.00997183665313736,27.78573611894792,0.009428369165773703,0.009872656537235543,0.010019665232168136
0.0075,0.9999754924694974,0.9999649354927295,0.9998043152555803,0.9998704087564257,6.465059258207461,0.3681132380519543,0.9999338979329054,1.0016160816734232,12.245246502556382,1.001041861627123,1.0029473483893212,1.0026798652407314,0.0001598598881602939,0.00010350494524620403,9.985725500863552,0.40907370699494777,1.5444661873888257,0.014957241896688825,27.759790357570704,0.014152345218248893,0.014817772112901511,0.015035317829330937
0.01,0.9999673230182861,0.9999747657476422,0.9996889416297752,0.9997802814010871,6.464895954383343,0.36811056938622383,0.9999086401552308,1.0022044177273313,12.252681943653089,1.001358811867288,1.0038894453865832,1.0035288288560384,0.00028446441958102835,0.00018423182838546917,9.983079039829938,0.40886038960611065,1.5440568661449856,0.019939193823252297,27.73035086609716,0.018882271750525023,0.019767998479048973,0.020054207521808455
0.0125,0.9999591530544389,0.9999953952159836,0.9995483777443722,0.9996665594091367,6.464722283396899,0.3681079040456728,0.9998817789155272,1.0027507894938241,12.259729679800051,1.0016604581178752,1.0048112253893209,1.0043558528154841,0.00044487713307782295,0.0002881971981094418,9.980482736581907,0.40864792345644035,1.5436553026753663,0.02491536522433626,27.69743293584232,0.02361771945408287,0.02472278347714673,0.025075873314604126
0.015,0.999950982352227,1.0000268461725175,0.9993825625795683,0.9995291739087677,6.4645382801362254,0.3681052640592836,0.9998533196098458,1.003255148416101,12.266389823451537,1.0019467243370617,1.005712612846398,1.0051610849860926,0.0006411740265081426,0.00041546684241457443,9.977937296666727,0.4084363291582075,1.5432616061051287,0.029883436699381812,27.661053603542804,0.02835826203101742,0.029681581932656912,0.030099871271976972
0.0175,0.9999428106856225,1.0000691397375354,0.9991914414818522,0.9993680619385484,6.464343980946092,0.36810267150697973,0.9998232678595376,1.0037174556885553,12.27266255666231,1.0022175380080622,1.0065935380820554,1.005944682337629,0.0008734221448103846,0.0005661000710937484,9.97544338344622,0.4082256256429285,1.54287587903472,0.03484109900345487,27.62123164749214,0.03310347631779926,0.03464385586572296,0.03512577456044112
0.02,0.9999346378283058,1.0001222958747276,0.9989749661712147,0.9991831664601643,6.46413942360072,0.3681001485100525,0.9997916295070431,1.0041376822703882,12.278548130961289,1.002472830148855,1.007453937246665,1.0067068106518526,0.0011416796354317812,0.0007401497275757931,9.973001617515832,0.40801583017128307,1.5424982174500232,0.03978605539087614,27.577987582435167,0.03785294240111292,0.03960907469480496,0.04015317344161486
0.0225,0.9999264635536723,1.0001863333894476,0.9987330947442222,0.9989744363672776,6.463924647276377,0.3680977172215728,0.9997584106116538,1.004515808894413,12.284046867206824,1.0027125353195336,1.008293752263806,1.0074476442163727,0.0014459958052496806,0.0009376622037245245,9.97061257620055,0.40780695834938396,1.5421287106443924,0.044716023951557445,27.53134365322701,0.042606243725685215,0.04457671543297513,0.04518167521405981
0.025,0.9999182876348399,1.0002612699273665,0.998465791672978,0.9987418264905253,6.463699692523781,0.3680953998167967,0.9997236174452437,1.0048518260710175,12.289159155423055,1.002936591627299,1.0091129307737838,1.0081673655033287,0.0017864111787823547,0.0011586774575073064,9.968276793128478,0.4075990241513063,1.5417674411526987,0.04962873993682716,27.48132382726448,0.04736296719529152,0.04954626287656446,0.05021090410351741
0.0275,0.9999101098446541,1.0003471219735003,0.9981730277999931,0.9984852975986667,6.463464601240351,0.36809321848357435,0.9996872564879777,1.0051457340872447,12.293885454617076,1.0031449407293798,1.0099114260736943,1.0088661648331638,0.002162957557504926,0.0014032290334480713,9.965994757882786,0.4073920399477504,1.5414144846974973,0.054521958071547416,27.427953785699085,0.052122703267794446,0.05451720978582918,0.055240501101240326
0.03,0.9999019299556979,1.0004439048516038,0.9978547803289987,0.9982048163959054,6.463219416642337,0.36809119541277147,0.9996493344240006,1.005397543000966,12.298226292576478,1.0033375278339245,1.0106891970541554,1.0095442400238097,0.0025756580801059464,0.0016713440857849407,9.963766915732407,0.4071860165406916,1.5410699101473755,0.05939345484935381,27.371260913442907,0.056885046044438746,0.059489057057288845,0.06027012375042923
0.0325,0.9998937477402969,1.0005516327239214,0.9975110328117348,0.9979003555154141,6.462964183236839,0.36808935278871174,0.99960985813711,1.0056072726301173,12.30218226564696,1.0035143016988235,1.0114462081328186,1.0102017960256786,0.003024527283540429,0.0019630434042579845,9.961593667441662,0.40698096320383653,1.5407337794875082,0.06424103080788367,27.311274287980176,0.061649593354949045,0.06446131388737192,0.06529944588111883
0.035,0.9998855629705272,1.0006703185912775,0.9971417751307492,0.9975718935090855,6.462698946793749,0.36808771277964974,0.9995688347064158,1.0057749525369797,12.305754038489663,1.003675214628446,1.0121824291847834,1.010839044542911,0.003509571164755605,0.0022783414424581926,9.959475369158723,0.40677688772868764,1.5404061478024074,0.06906251278090049,27.24802466699896,0.06641594683683258,0.0694334979269938,0.07032815729420498
0.0375,0.9998773754182239,1.0007999742935052,0.9967470034782511,0.9972194148335464,6.462423754317633,0.3680862975282812,0.999526271401992,1.005900622007492,12.30894234381785,1.0038202224683155,1.0128978354700302,1.011456203641387,0.004030787242986185,0.0026172463486743734,9.957412332382617,0.40657379647598635,1.5400870632708168,0.07385575612427069,27.181544474858853,0.07118371200662688,0.07440513542668316,0.07535596339566551
0.04,0.9998691848549878,1.0009406105101968,0.9963267203310636,0.9968429098324725,6.462138654019586,0.3680851291423005,0.9994821756805236,1.005984330025578,12.311747982112715,1.003949284597729,1.0135924075579985,1.012053497344082,0.0045881646225363285,0.0029797599991803377,9.95540482400818,0.4063716944322861,1.5397765671726666,0.07882169844721293,27.181890696868347,0.07595249832730443,0.0793757613718691,0.08038258478239564
0.0425,0.999860991052193,1.0010922367617643,0.9958809344217254,0.9964423747152414,6.461843695289067,0.368084229685012,0.9994365551809491,1.0060261352424964,12.314171821318011,1.0040623639203494,1.0142661312494319,1.0126311552144145,0.005181684055985698,0.0033658780339103876,9.95345306644813,0.4061705852713836,1.539474693907953,0.0838613665732528,27.205211833881446,0.08072191927252019,0.08434491960793991,0.08540775678144923
0.045,0.9998527937809952,1.0012548614108057,0.9954096607057905,0.9960178115319692,6.461538928665741,0.36808362116600335,0.9993894177201075,1.0060261059412012,12.316214796513151,1.0041594268527927,1.0149189974956165,1.013189411928293,0.005811318007776774,0.003775589894476663,9.951557237831297,0.4059704714203145,1.5391814710273994,0.08890558891914342,27.22659254141745,0.08549159238759879,0.08931216295468819,0.09043122894484411
0.0475,0.99984459281234,1.001428491663756,0.9949129203253858,0.9955692281449781,6.461224405811352,0.3680833255318878,0.9993407712883863,1.0059843199957268,12.317877909564707,1.0042404433112408,1.0155510023151397,1.013728506835645,0.006477030718159927,0.004208878864487352,9.949717472275678,0.4057713541296023,1.5388969192746869,0.09395289211127295,27.246033112378093,0.09026113934547089,0.09427705330976392,0.09545276450244972
0.05,0.9998363879169698,1.0016131335728238,0.9943907405690854,0.9950966381967462,6.460900179481644,0.36808336465712294,0.999290624045379,1.0059008648256138,12.319162228755955,1.0043053866961067,1.0161621467082942,1.0142486835122737,0.007178778267491368,0.0046657221121300186,9.947933860234835,0.4055732335474309,1.538621052640033,0.09900180506340894,27.263534554540026,0.0950301859949544,0.09923916174076884,0.10047213977581905
0.0525,0.9998281788654333,1.0018087920381942,0.9938431548281603,0.9946000610743942,6.46056630349832,0.368083760334912,0.9992389843155486,1.0057758373453891,12.320068888394356,1.0043542338747842,1.0167524365692595,1.0147501893029525,0.007916508640897066,0.005146090734989333,9.946206448916001,0.4053761087973956,1.5383538784248574,0.10405086009895591,27.279098589140613,0.09979836240143862,0.10419806856564001,0.10548914355615238
0.055,0.9998199654280931,1.0020154708104922,0.993270202549278,0.9940795218707628,6.460222832721119,0.3680845342681946,0.9991858605839081,1.005609343909122,12.32059908839682,1.0043869651625177,1.017321882596188,1.0152332748567379,0.008690161793332735,0.005649949807073237,9.9445352427679,0.40517997805947364,1.5380953973172329,0.10909859406460183,27.29272764852421,0.10456530288228318,0.10915336342098983,0.11050357644987878
0.0575,0.9998117473751332,1.002233172493493,0.99267192918371,0.9935350513421451,6.459869823019952,0.3680857080607321,0.9991312614917115,1.0054015002500991,12.320754093852601,1.0044035643014246,1.0178705001993253,1.015698193655543,0.009499669715086092,0.00617725842802607,9.942920204036247,0.4049848386538424,1.537845603477802,0.11414354943341742,27.304424872865475,0.10933064603911404,0.11410464531809328,0.1155152501956111
0.06,0.9998035244765695,1.0024618985470741,0.9920483861331308,0.9929666858627392,6.45950733124717,0.36808730320829514,0.9990751958321638,1.0051524314156417,12.320535234563788,1.0044040184377119,1.0183983094072953,1.01614520153707,0.010344956497782661,0.006727969774511221,9.941361253384665,0.4047906871271644,1.5376044846358143,0.11918427539552304,27.31419410598917,0.11409403478862082,0.1190515226862383,0.12052398695646015
0.0625,0.9997952965022556,1.0027016492903915,0.991399630692076,0.9923744673758785,6.459135415209949,0.3680893410899562,0.9990176725461506,1.0048622716971165,12.319943904563255,1.0043883180971234,1.0189053347716803,1.0165745562132635,0.011225938400970217,0.0073020311537496845,9.93985827057849,0.40459751934094923,1.5373720221948868,0.12429439077841171,27.338549741965654,0.11885511639302111,0.1239936134031869,0.12552961859188874
0.065,0.9997870632218945,1.00295242390528,0.990725725987139,0.9917584433421225,6.4587541336428,0.3680918429594949,0.9989587007179859,1.0045311645551904,12.318981561610169,1.0043564571586556,1.0193916052700278,1.0169865167855003,0.012142523919369678,0.007899384059204121,9.938411095228957,0.40440533056159594,1.5371481913481062,0.12942553605837415,27.36565868579715,0.12361354249084967,0.1289305448125264,0.13053198591343185
0.0675,0.9997788244050445,1.0032142204398604,0.9900267409129896,0.9911186666842665,6.458363546180252,0.3680948299369176,0.9988982895711873,1.0041592625403744,12.31764972666297,1.004308432826575,1.0198571542074104,1.01738134325778,0.013094613850891716,0.008519964228401006,9.937019527594916,0.40421411555171644,1.5369329612020286,0.13455575141579867,27.390825085608867,0.12836896912848933,0.13386195372772772,0.13553093792871151
0.07,0.9997705798211294,1.0034870358123456,0.9893027500652961,0.9904551957293561,6.4579637133296774,0.3680983230001001,0.9988364484642726,1.0037467272089309,12.315949983329908,1.0042442456007625,1.0203020191166725,1.0177592960492245,0.014082101365528262,0.009163701702885753,9.9356833294393,0.40402386866233714,1.5367262949091467,0.1396836076706551,27.41405651482971,0.13312105679223957,0.1387874864227654,0.14052633107822593
0.0725,0.9997623292394469,1.003770865815042,0.9885538336706362,0.9897680941477767,6.457554696444296,0.36810234297655253,0.9987731868865848,1.0032937290342026,12.313883977297289,1.0041638992454147,1.0207262416574894,1.0181206355072407,0.015104872075236931,0.009830520890307814,9.934402224937225,0.4038345839255767,1.536528149808343,0.14480768697653615,27.435361198741724,0.13786947043859973,0.14370679860919774,0.14551802846939393
0.075,0.9997540724291779,1.0040657051185318,0.987780077513487,0.9890574308895019,6.45713655769636,0.3681069105353136,0.9987085144541442,1.0028004473134413,12.311453415735459,1.0040674007561305,1.0211298675143714,1.0184656214227286,0.016162804104943602,0.010520340628634078,9.933175901632696,0.40364625514739816,1.5363384775728617,0.14992658378210943,27.454748002156304,0.1426138795194121,0.14861955539964614,0.15050589911228543
0.0775,0.9997458091593947,1.00437154727603,0.9869815728603804,0.9883232801175793,6.456709360050528,0.3681120461789761,0.998642440905531,1.002267070070214,12.30866006668277,1.0039547603254422,1.0215129462937373,1.0187945125487465,0.01725576816479424,0.011233074252489926,9.932004011440704,0.4034588760000402,1.5361572243652997,0.15503890576531856,27.472226416330912,0.14735395799338077,0.15352543125766127,0.1554898171613688
0.08,0.9997375391990713,1.0046883847279078,0.9861584163813253,0.9875657211389424,6.456273167237453,0.3681177702358477,0.9985749760977993,1.0016937939524695,12.305505758407735,1.0038259913068497,1.021875531420183,1.0191075661240732,0.0183836276237915,0.011968629661627816,9.930886171691414,0.40327244011373486,1.5359843309991092,0.16014327473899356,27.48780654516518,0.15208938431925956,0.15842410993400918,0.160469661167458
0.0825,0.999729262317091,1.005016208806378,0.9853107100685795,0.9867848383326303,6.455828043727553,0.368124102852248,0.9985061300024212,1.0010808241263633,12.301992378749555,1.0036811101774177,1.0222176800320726,1.0194050374031025,0.01954623858495462,0.012726909391523215,9.92982196621311,0.40308694116732874,1.5358197331060937,0.1652383275266355,27.50149909071764,0.15681984145411487,0.163315284389459,0.1654453133438474
0.085,0.9997209782822566,1.00535500974033,0.9844385611528772,0.9859807210755073,6.455374054705025,0.3681310639849459,0.9984359127012667,1.0004283741659292,12.2981218744374,1.0035201364989923,1.0225394528765779,1.019687179193538,0.020743449962142745,0.013507810686097148,9.928810946450563,0.4029023729774335,1.5356633613093824,0.17032271680724181,27.513315338085526,0.16154501685379083,0.1681986567042032,0.17041665885038568
0.08750000000000001,0.9997126868632995,1.0057047766603109,0.9835420820172074,0.9851534636655708,6.454911266042065,0.3681386733937388,0.9983643343826171,0.999736665938703,12.293896250388663,1.0033430928780773,1.0228409142042807,1.0199542414033254,0.02197510355868179,0.014311225572563752,9.927852632615338,0.40271872958574195,1.5355151414013462,0.17539511192815171,27.523267139691843,0.1662646024691948,0.173073937974091,0.17538358509896476
0.09,0.9997043878288886,1.0060654976036463,0.9826213901082412,0.984303165242939,6.454439744273324,0.36814695063417446,0.9982914053372136,0.9990059294874074,12.289317568986649,1.0031500049244273,1.0231221316634669,1.0202064705982667,0.023241034147934134,0.015137040938399635,9.92694651486467,0.40253600534416045,1.535374994525931,0.1805261389894031,27.542342467271833,0.17097829473842518,0.17794084819390477,0.18034598108359248
0.0925,0.9996960809476402,1.006437159519692,0.9816766078455128,0.9834299297086134,6.453959556570593,0.3681559150504191,0.9982171359543428,0.9982364029078066,12.28438794933803,1.002940901208393,1.0233831761942251,1.02044410957174,0.024541069555947363,0.01598513861043006,9.92609205450541,0.4023541949974196,1.535242837364869,0.18576313949049447,27.57688630867765,0.17568579457657452,0.1827991161279591,0.18530373673788159
0.095,0.9996877659881264,1.0068197482752184,0.9807078625284538,0.9825338656411088,6.453470770717747,0.36816558576826997,0.9981415367179598,0.9974283322228497,12.279109566510549,1.0027158132170777,1.023624121922469,1.02066739692791,0.02587503074631505,0.016855395436024465,9.925288685219693,0.40217329376284466,1.5351185823272484,0.19099282644473867,27.60935884720594,0.18038680736491475,0.1876484791683514,0.19025674232242965
0.0975,0.9996794427188866,1.0072132486599106,0.9797152862413873,0.9816150862110511,6.452973455085896,0.3681759816883155,0.9980646182028468,0.9965819712532277,12.273484650751405,1.002474775309339,1.0238450460539956,1.0208765666797854,0.027242731907377016,0.017747683366391234,9.924535814308834,0.4019932974069813,1.5350021377419063,0.19621371101383975,27.639762703813624,0.18508104294042135,0.19248868318123907,0.19520488784419246
0.1,0.9996711109084343,1.0076176443919913,0.9786990157565857,0.980673709093834,6.452467678608841,0.36818712147924315,0.997986391070815,0.9956975814844584,12.267515486686847,1.002217824669677,1.0240460287686923,1.0210718478634322,0.028643980541880654,0.018661869541958365,9.923832823952166,0.40181420231879117,1.5348934080521266,0.20142431708416134,27.668101232023343,0.18976821558564777,0.19731948234156804,0.20014806250957184
0.10250000000000001,0.999662770325269,1.0080329181239536,0.9776591924354963,0.9797098563804401,6.451953510758718,0.36819902357129414,0.9979068660669393,0.9947754319306517,12.26120441250356,1.0019450012610684,1.0242271531150027,1.021253464169597,0.030078577559217428,0.01959781637982323,9.923179072477442,0.40163600557915224,1.5347922940121321,0.20662318224633505,27.69437850837047,0.19444804401846488,0.20214063895671902,0.20508615421255252
0.105,0.9996544207378844,1.0084590514484058,0.9765959621282473,0.9787236544865202,6.451431021521968,0.3682117061498666,0.9978260540158405,0.9938157989950598,12.2545538191123,1.0016563477768028,1.0243885049047523,1.021421633593925,0.03154631737034047,0.0205553816632508,9.922573895639568,0.401458705026418,1.5346986928848623,0.21180885874710434,27.718599322188034,0.19912025138228515,0.20695192327958417,0.2100190490588447
0.1075,0.9996460619147786,1.0088960249040204,0.975509475071533,0.9777152340598334,6.450900281375513,0.368225187149266,0.9977439658180006,0.9928189663275813,12.247566149294558,1.0013519095913723,1.024530172608446,1.0215765681068956,0.033046987985459714,0.021534418633195558,9.922016607904457,0.4012822993178107,1.5346124986405432,0.21697991441242673,27.740769164770622,0.20378456523801988,0.21175311331162597,0.2149466309266146
0.11,0.9996376936244644,1.0093438179815872,0.9743998857849938,0.97668472988615,6.4503613612632265,0.36823948424660274,0.9976606124461241,0.9917852246793345,12.240243896832684,1.0010317347104818,1.0246522472511312,1.0217184733445128,0.03458037111460134,0.022534776081817923,9.92150650373493,0.40110678798644644,1.5345336021555744,0.22213493354095237,27.760894217958644,0.20844071755779686,0.2165439945965099,0.21986878106402902
0.1125,0.9996293156354775,1.0098024091301654,0.973267352966193,0.9756322807937158,6.449814332572642,0.3682546148558359,0.9975760049415351,0.9907148717544649,12.232589605624332,1.0006958737202243,1.024754822308927,1.0218475483207037,0.03614624227110696,0.02355629844796148,9.921042858875563,0.4009321714938124,1.5344618914112538,0.2272725177671044,27.778981342185148,0.21308844471925317,0.22132436000493866,0.2247853777235054
0.115,0.9996209277163878,1.010271775763334,0.9721120393843066,0.9745580295563797,6.4492592671119775,0.36827059612196344,0.9974901544106237,0.9896082120593124,12.224605868781715,1.000344379735488,1.0248379936063112,1.0219639851622753,0.03774437087813673,0.024598825914552383,9.920624931633668,0.40075845127753706,1.5343972516919024,0.23239128689308275,27.795038064027814,0.2177274874986435,0.2260940095113484,0.22969629583224097
0.11750000000000001,0.9996125296358085,1.0107518942655398,0.9709341117726235,0.9734621227954907,6.448696237087371,0.36828744491535637,0.9974030720213257,0.9884655567491127,12.216295327716582,0.9999773083476394,1.0249018592142625,1.022067968867203,0.03937452037822849,0.025662194507877524,9.920251964153477,0.40058562979432194,1.5343395657819403,0.23748987968921784,27.80907256330854,0.22235759106142383,0.23085274996315838,0.23460140669831597
0.12,0.9996041211624063,1.0112427399985389,0.9697337407199759,0.972344710880659,6.448125315080433,0.36830517782623673,0.9973147689996499,0.9872872234723611,12.20766067121145,0.999594717571545,1.024946519349335,1.0221596770868886,0.04103644834595219,0.026746236198692815,9.91992318368089,0.400413710557921,1.5342887141615005,0.2425669546621953,27.821093659783717,0.226978504951301,0.2356003948432935,0.23950057775140438
0.1225,0.9995957020649106,1.01174428730793,0.9685111005611998,0.9712059478294902,6.447546574026053,0.36832381115929785,0.997225256626246,0.986073536213006,12.198704634477979,0.9991966677919811,1.024972076273761,1.0222392799329436,0.04272990660368613,0.02785077900510791,9.919637803816215,0.40024269817208324,1.534244575200189,0.2476211907907694,27.83111079946718,0.23158998307519227,0.24033676402672025,0.24439367231690784
0.125,0.9995872721121243,1.0122565095297864,0.967266369266738,0.9700459912063892,6.446960087190487,0.36834336092846515,0.9971345462330148,0.9848248251306242,12.189429998203213,0.9987832217094721,1.024978634196653,1.0223069398089184,0.04445464134052814,0.028975647097188605,9.919395025752337,0.40007259835839126,1.5342070253485864,0.2526512882286818,27.839134040628334,0.2361917836839062,0.24506168353176191,0.24928054942214137
0.1275,0.9995788310729332,1.0127793789973738,0.9659997283314902,0.9688650020205389,6.446365928149708,0.3683638428517963,0.9970426491997613,0.9835414263987301,12.17983958758442,0.9983544442855871,1.0249662991763875,1.0223628112672996,0.046210393234341285,0.030120660903212696,9.919194039496123,0.39990341797895795,1.5341759393271626,0.25765596897458387,27.845174039506823,0.24078366935374276,0.24977498526697042,0.25416106363304086
0.13,0.9995703787163166,1.0133128670479663,0.9647113626630187,0.9676631446231507,6.445764170768059,0.36838527234651913,0.9969495769508907,0.9822236820413772,12.169936271353379,0.9979104026877311,1.0249351790242436,1.0224070408919608,0.047996897576920196,0.031285637217510244,9.91903402507077,0.3997351650539601,1.5341511903122382,0.26263397750885786,27.849242035784513,0.24536540696854858,0.25447650677435013,0.2590350649197499
0.1325,0.9995619148113567,1.0138569440297527,0.9634014604692146,0.9664405866040904,6.445154889177159,0.3684076645242048,0.9968553409521481,0.980871939768212,12.159722960790907,0.9974511662335089,1.0248853832093616,1.0224397672061525,0.049813884402250416,0.032470389309814066,9.918914153697031,0.3995678487740156,1.534132650118683,0.2676273413712341,27.85585252972431,0.24993676770143713,0.25916609096973786,0.2639023985493551
0.135,0.9995534391272479,1.0144115793088366,0.9620702131455299,0.9651974986879777,6.444538157755107,0.36843103418607565,0.9967599527074005,0.9794865528081298,12.149202608732379,0.996976806334724,1.0248170227650935,1.0224611206059768,0.051661078617819406,0.033674727036041095,9.91883358895145,0.39940147950742827,1.5341201893790568,0.2728744044507158,27.889257619931747,0.25449752699564365,0.2638435858811469,0.2687629050039871
0.1375,0.9995449514333095,1.0149767412763355,0.960717815161878,0.9639340546298584,6.443914051105945,0.36845539581844505,0.9966634237554607,0.9780678797416985,12.138378208565115,0.9964873964410684,1.0247302101968048,1.0224712233191928,0.05353820013892499,0.0348984569504207,9.918791487899773,0.39923606880234835,1.534113677718911,0.2781025796283792,27.92069706603104,0.25904746454347194,0.2685088443858905,0.27361641992248437
0.14,0.9995364514989924,1.015552397355569,0.959344463949308,0.9626504311105453,6.44328264403942,0.36848076358828724,0.9965657656669582,0.9777462982811846,12.141284880370172,0.9959830119835367,1.0246250593911828,1.0224701893890646,0.05544496402591301,0.036141382418881346,9.918787002203903,0.3990716293839177,1.5341129839279994,0.28331061779789696,27.950181105425468,0.26358636426425985,0.2731617239472942,0.2784627740638224
0.14250000000000002,0.9995279390938914,1.0161385140093515,0.9579503597865521,0.9613468076317281,6.442644011551018,0.36850715133893625,0.9964669900412494,0.9783884472538859,12.156288483838894,0.9954637303176188,1.0245016855271152,1.0224581246828612,0.057381080624263635,0.037403303733602386,9.918819279200896,0.3989081751464838,1.5341179761271624,0.28849729180520034,27.97772050597287,0.26811401428331916,0.27780208635180736,0.2833017932905435
0.145,0.9995194139877551,1.0167350567473823,0.9565357056865458,0.9600233664109419,6.441998228802282,0.368534572585911,0.9963671085033745,0.9789994588479877,12.171041468056197,0.9949296306663302,1.0243602049881757,1.0224351269245027,0.059346255707433127,0.03868401822863358,9.91888746295265,0.3987457211409925,1.5341285219306802,0.29366139695557447,28.00332655051645,0.27263020691194273,0.28242979744731145,0.28813329857047837
0.1475,0.9995108759504945,1.0173419901337364,0.9551007072830222,0.9586802922764958,6.441345371101402,0.36856304051286515,0.9962661327010557,0.979579436439837,12.185544409020885,0.9943807940631433,1.0242007352767786,1.02240128575074,0.06134019062234531,0.03998332039648119,9.918990695265007,0.3985842835576811,1.5341444886038946,0.2988017514880142,28.027011021310578,0.27713473862797317,0.2870447268834153,0.2929571059951253
0.15,0.9995023247521949,1.0179592777944608,0.9536455727172732,0.9573177725624458,6.440685513884107,0.36859256796766027,0.9961640743017407,0.9801284873361426,12.199797901172849,0.9938173032948667,1.0240233949300332,1.022356682790158,0.06336258243741624,0.04130100200555549,9.919128116675257,0.3984238797042135,1.5341657432159441,0.30391719701713904,28.048786184376986,0.281627410057054,0.2916467478545112,0.2977730268131436
0.1525,0.9994937601631251,1.018586882425278,0.9521705125251752,0.9559359970037108,6.440018732694809,0.3686231674585593,0.9960609449896873,0.9807265114373476,12.214796313431057,0.9932392428445281,1.0238283034373477,1.022301391764187,0.06541312409298326,0.04263685221837113,9.919298867407017,0.3982645279794141,1.5341921527874522,0.3090065989430293,28.068664773825322,0.28610802595534196,0.2962357368463484,0.30258086747752366
0.155,0.9994851819537469,1.019224765799398,0.9506757395245735,0.9545351576314152,6.43934510316806,0.36865485115054075,0.995956756463095,0.9814087454371622,12.230979861978582,0.9926466988343008,1.0236155811598084,1.0222354786092394,0.06749150455400048,0.04399065771038902,9.919502088291717,0.398106247842771,1.534223584433051,0.3140688468294032,28.08665997617051,0.2905763951948432,0.3008115733868606,0.3073804297051091
0.1575,0.9994765898947269,1.0198728887754445,0.9491614687031122,0.9531154486685475,6.438664701010272,0.36868763086172934,0.9958515204312774,0.9820606006352833,12.246921496112098,0.9920397589685199,1.0233853492513758,1.0221590016189772,0.06959740896485174,0.04536220278938511,9.919736921655984,0.3979490597798951,1.534259905498631,0.3191028547506061,28.10278541467779,0.29503233075197083,0.305374139801959,0.31217151054726927
0.16,0.9994679837569445,1.020531211305494,0.9476279171066041,0.9516770664260223,6.437977601981722,0.36872151805994385,0.9957452486118797,0.9826821678720447,12.262621568608711,0.9914185124768242,1.0231377295819182,1.0220720116056825,0.07173051880612366,0.046751269515229496,9.92000251217433,0.3977929852641289,1.534300983693224,0.32410756160793747,28.11705513376497,0.29947564969578044,0.30992332097697906,0.316953902470644
0.1625,0.999459363311503,1.0211996924432374,0.946075303728024,0.9502202091992267,6.437283881878856,0.36875652385935936,0.9956379527281409,0.9832735418197729,12.278080451586646,0.9907830500574687,1.022872844662113,1.0219745520795855,0.07389051205317251,0.048157637819956745,9.92029800768675,0.39763804671451547,1.5343466872154587,0.32908193141588116,28.12948358348951,0.30390617316703655,0.31445900412443667,0.32172739344701035
0.165,0.9994507283297404,1.0218782903522594,0.944503849397209,0.9487450771651329,6.436583616516848,0.3687926590172831,0.9955296445061967,0.9838348209014792,12.293298536124274,0.9901334638208478,1.0225908175702343,1.0218666594450094,0.07607706333631133,0.04958108562800693,9.920622559980867,0.39748426745034554,1.534396884874533,0.3340249535588465,28.140085604146442,0.30832372634568117,0.3189810785587205,0.3264917670514441
0.1675,0.9994420785832373,1.0225669623144478,0.9429137766713538,0.9472518722800587,6.435876881712469,0.36882993393104246,0.9954203356724299,0.9843661072101679,12.308276231892588,0.9894698472332734,1.0222917718808484,1.0217483632120854,0.07828984410243615,0.05102138897651538,9.920975325538418,0.39733167164250655,1.5344514462056718,0.3389356430190647,28.148876411001535,0.3127281384162679,0.32348943547831366,0.3312468025680722
0.17,0.9994334138438291,1.0232656647385279,0.9413053097263746,0.945740798178151,6.435163753267226,0.36886835863498396,0.9953100379508625,0.9848675064288045,12.323013966801,0.9887922950610585,1.0219758315954286,1.021619686222796,0.08052852277790479,0.05247832213552801,9.92135546624597,0.3971802842618699,1.5345102415800502,0.34381304057631457,28.155871579182225,0.31711924254311386,0.3279839677561022,0.3359922751028254
0.17250000000000001,0.999424733883614,1.0239743531687333,0.9396786742492215,0.9442120600706678,6.434444306950784,0.36890794279758293,0.9951987630605914,0.9853391277509943,12.337512186656488,0.9881009033149908,1.021643121074897,1.021480644890044,0.08279276493247552,0.053951657728018666,9.921762150069885,0.3970301310249544,1.5345731423091902,0.3486562129801802,28.161087028747207,0.32149687587083126,0.3324645697382881,0.34072795570271086
0.17500000000000002,0.9994160384749639,1.0246929822936086,0.9380340973312166,0.94266586464613,6.433718618484688,0.36894869571866223,0.995086522713271,0.9857810838024039,12.351771354835916,0.9873957691956092,1.0212937649741178,1.0213312494484434,0.08508223344410895,0.05544116684958458,9.922194551695606,0.39688123833711186,1.5346400207438358,0.35346425309556695,28.16453900995374,0.3258608795227809,0.3369311370523901,0.3454536114812207
0.1775,0.9994073273905343,1.0254215059549563,0.9363718073624849,0.9411024199714169,6.432986763526344,0.36899062632671914,0.9949733286106355,0.9861934905629784,12.365791951971532,0.9866769910389386,1.020927888178324,1.0211715042155052,0.08739658866443237,0.05694661918769616,9.922651853131445,0.3967336332334815,1.5347107503673405,0.3582362800222217,28.1662440887402,0.33021109855268777,0.3413835664247719,0.3501690057495874
0.18,0.999398600403274,1.026159877156922,0.9346920339275532,0.9395219353938676,6.432248817653311,0.36903374317636145,0.9948591924420692,0.9865764672899724,12.379574475649392,0.9859446682614605,1.0205456157415027,1.0210014078618872,0.08973548858466279,0.058467783140377594,9.92313324427719,0.39658734331796475,1.534785205883612,0.36327844884485516,28.190042773388775,0.3345473819046182,0.3458217555080931,0.3548738981536701
0.1825,0.9993898572864337,1.0269080480752313,0.9329950077021789,0.9379246214444592,6.431504856347855,0.3690780544458503,0.9947441258822182,0.986930136441843,12.393119440120637,0.9851989013059148,1.0201470728267232,1.0208209536893882,0.09209858900178312,0.06000442593419606,9.923637923457843,0.3964423967004722,1.5348632632996635,0.36828688247599595,28.21182032143961,0.3388695823920928,0.3502456027190438,0.3595680448163284
0.185,0.9993810978135776,1.027665970066572,0.9312809603514779,0.9363106897421177,6.430754954981818,0.3691235679347513,0.9946281405886488,0.9874531541567034,12.408922228758712,0.9844397915879,1.0197323846484099,1.0206301299153668,0.09448554368476385,0.06155631374143801,9.924165097922941,0.39629882193269445,1.5349448000028432,0.3732595478136797,28.231515683984306,0.3431775566821664,0.35465500708667014,0.36425119848519627
0.1875,0.9993723217585916,1.0284335936781344,0.929550124429406,0.9346803528992303,6.429999188801729,0.3691702910616927,0.9945112481995461,0.9879586692244289,12.424637560989497,0.9836674414430716,1.0193016764165608,1.0204289199622987,0.09689600454062298,0.06312321179635275,9.924713984311998,0.3961566479426483,1.5350296948328226,0.37819537075632886,28.249141596295924,0.3474711652788819,0.35904986811155876,0.36892310868580985
0.19,0.999363528895693,1.0292108686573045,0.9278027332796606,0.9330338244284053,6.429237632914255,0.36921823086223093,0.9943934603314628,0.9885479695240347,12.441539525455262,0.9828819540749663,1.0188550732828883,1.0202173027511967,0.09932962178011613,0.06470488451034542,9.925283809086585,0.3960159039682474,1.535117828148425,0.38309330569333744,28.264711375608176,0.3517502725025326,0.3634300856361056,0.37358352188008703
0.1925,0.9993547189994405,1.0299977439615187,0.9260390209380519,0.9313713186505448,6.428470362271894,0.36926739398682457,0.9942747885771072,0.9892098700964407,12.45948949296737,0.9820834335034708,1.0183927002888908,1.0199952529976684,0.10178604408285012,0.06630109558600368,9.925873808929735,0.3958766194901431,1.5352090818894006,0.38795233582911093,28.278238907735002,0.35601474646425596,0.36779555972604333,0.37823218163016853
0.195,0.9993458918447428,1.0307941677682828,0.9242592220363978,0.929693050604276,6.4276974516589735,0.36931778669891574,0.9941552445031762,0.9898431311895323,12.47721328856792,0.9812719845139604,1.017914682315827,1.0197627415094075,0.10426491876161503,0.06791160812984462,9.926483231113332,0.3957388241640793,1.53530333963325,0.3927714734775862,28.28973863363033,0.36026445903895815,0.37214619056336107,0.38286882876765416
0.1975,0.9993370472068686,1.0316000874853528,0.9224635717079962,0.9279992359567912,6.42691897567795,0.369369414873121,0.9940348396482378,0.9904478399929206,12.494711009725785,0.9804477126071275,1.0174211440365841,1.0195197354839716,0.10676589192573181,0.06953618476367153,9.927111333834251,0.39560254775299725,1.5354004866472133,0.3975497603276255,28.299225535900376,0.36449928583930613,0.37648187835070485,0.3874932015682645
0.2,0.9993281848614545,1.0324154497610891,0.9206523054947149,0.9262900909161449,6.42613500873596,0.3694222839935308,0.9939135855206505,0.9910240870645448,12.511982774595722,0.9796107239495294,1.0169122098694288,1.0192661988057437,0.10928860864321566,0.07117458773443323,9.927757386520009,0.3954678200591239,1.535500409935545,0.40228626767969417,28.306715125279883,0.36871910619132636,0.38080252322729985,0.39210503593196017
0.2025,0.9993193045845167,1.0332402004949763,0.9188256592557497,0.9245658321450484,6.425345625031701,0.36947639915211944,0.9937914935965335,0.9915719662580178,12.52902872173408,0.9787611253248725,1.0163880039336093,1.0190020923410243,0.11183271310155869,0.07282657902248142,9.928420670104806,0.3953346708562677,1.5356029982822086,0.4069800966542473,28.312223427082316,0.37292380311085654,0.38510802519639525,0.3967040655685313
0.20500000000000002,0.9993104061524563,1.0340742848483206,0.9169838690780882,0.9228266766762074,6.424550898542575,0.3695317650472663,0.9936685753177795,0.992091574650845,12.545849009825028,0.9778990240860552,1.0158486500068016,1.0187273742302683,0.11439784876694038,0.07449192044812596,9.929100477276789,0.3952031298225434,1.5357081422891194,0.4116303783722667,28.31576696763343,0.3771132632798116,0.3893982840641852,0.4012900221886584
0.20750000000000002,0.9993014893420709,1.034917647255119,0.9151271711887179,0.9210728418292371,6.423750903012122,0.36958838598238947,0.9935448420901096,0.9925830124735502,12.5624438174173,0.9770245281079812,1.015294271484369,1.0184420001765284,0.11698365854167793,0.07617037377639098,9.92979611269743,0.3950732264737334,1.535815734410076,0.4162362741084021,28.317362760696337,0.38128737702167825,0.393673199390122,0.40586263570041553
0.21,0.9992925539305627,1.0357702314331048,0.9132558018686165,0.9193045451291912,6.422945711937762,0.3696462658646922,0.9934203052811789,0.9930463830397283,12.57881334267135,0.9761377457411641,1.0147249913404135,1.0181459237292332,0.11958978491973521,0.07786170081987949,9.930506893193993,0.3949449900974912,1.535925668980529,0.4208579599265288,28.321132173385358,0.38544603827633117,0.39793267044849073,0.4104216344111582
0.2125,0.999283599695546,1.0366319803949757,0.9113699973685534,0.9175220042267404,6.422135398558808,0.3697054082040242,0.9932949762187211,0.9934817926770588,12.594957803116776,0.9752387857661494,1.0141409320905996,1.0178390965624986,0.12221587014011406,0.07956566353965737,9.931232147926021,0.39481844968858015,1.5360378422433294,0.4257553610357465,28.344317606723276,0.38958914457445354,0.4021765962010786,0.4149667452347051
0.215,0.9992746264150572,1.037502836459795,0.9094699938267357,0.9157254368200267,6.421320035844772,0.3697658161118596,0.9931688661887411,0.9938893506592933,12.610877435419853,0.9743277573487755,1.0135422157567153,1.0175214687472283,0.1248615563379583,0.08128202414407326,9.931971218526819,0.3946936338853312,1.5361521523706132,0.43061366646755483,28.365575377413936,0.39371659700996225,0.4064048752807333,0.4194976939036857
0.2175,0.9992656338675617,1.0383827412645754,0.9075560271883225,0.9139150605782234,6.4204996964839784,0.36982749230039164,0.9930419864337527,0.9943462499829858,12.62755137179908,0.9734047699962894,1.0129289638329475,1.017192989016323,0.1275264856932074,0.08301054518543441,9.932723459220911,0.39457057090749587,1.5362684994819675,0.43543205271924595,28.384921478873895,0.3978283002078548,0.4106174059855646,0.42401420518688765
0.22,0.9992566218319628,1.039271635776047,0.9056283331268357,0.9120910930668255,6.41967445287245,0.3698904390817472,0.9929143481510608,0.9948004855599837,12.644319976376714,0.9724699335143325,1.012301297253845,1.016853605022398,0.1302103005766442,0.08475098965446362,9.93348823691852,0.39444928849566013,1.5363867856590434,0.44020972317107715,28.40237222028792,0.4019241622897476,0.41481408628351235,0.4285160031113963
0.2225,0.9992475900876101,1.0401694603025982,0.9036871469674842,0.9102537516746939,6.418844377103094,0.36995465836732183,0.9927859624910873,0.9952280585680628,12.660877605752846,0.9715233579648088,1.0116593363639381,1.0165032635874565,0.13291264369318861,0.08650312107246744,9.93426493128805,0.3943298138523725,1.5365069149567665,0.44494590804038314,28.417944212890983,0.406004094841501,0.4189948138269666,0.43300281118927975
0.225,0.9992385384143057,1.041076154506402,0.9017327036124246,0.9084032535428697,6.418009540955177,0.37002015166723695,0.9926568405557452,0.9956290609763861,12.677224273824553,0.9705651536246515,1.011003200888982,1.016141910944042,0.13563315822229627,0.08826670358115021,9.93505293480761,0.39421217358513166,1.5366287934113063,0.4496398643156029,28.43165435649451,0.41006801288226624,0.4231594859770979,0.43747435264853335
0.2275,0.9992294665923137,1.0419916574157235,0.8997652374679722,0.9065398154951804,6.417170015884108,0.3700869200899221,0.9925269933968562,0.9960035876329703,12.693360015020888,0.9695954309455064,1.0103330099087937,1.0157694929674588,0.1383714879553308,0.09004150203001413,9.935851652796599,0.39409639365136906,1.5367523290449612,0.45429087567098275,28.443519826261642,0.41411583483291975,0.42730799983752243,0.44193035066795705
0.23,0.9992203744023669,1.0429159074373988,0.8977849823737765,0.9046636539706505,6.416325873011486,0.37015496434182243,0.9923964320146135,0.9963517362009418,12.709284884080622,0.9686143005143477,1.009648881831659,1.0153859553987004,0.1411272774297851,0.09182728206129014,9.936660503428389,0.39398249930554613,1.53687743186812,0.4588982523627111,28.453558059735236,0.41814748248479766,0.43144025229690214,0.44637052861560467
0.2325,0.999211261625673,1.0438488423695,0.8957921715339728,0.9027749849577288,6.4154771831154696,0.3702242847272342,0.9922651673560904,0.996673607095683,12.7249989558372,0.967621873015036,1.0089509343702603,1.0149912440577995,0.14390017206023673,0.09362381019234979,9.937478917725137,0.3938705150484829,1.5370040138784602,0.4636513050712367,28.473453302014292,0.42216288096912796,0.4355561400800534,0.4507946102904046
0.23500000000000001,0.999202128043924,1.0447903994141687,0.8937870374503194,0.9008740239303437,6.4146240166214294,0.37029488114827,0.992133210313796,0.9969693034228934,12.740502325010956,0.9666182591908314,1.0082392845191088,1.0145853050473619,0.14668981826593092,0.09543085389555359,9.938306339535702,0.3937604645790165,1.537131989057531,0.46856248100758924,28.50368934885903,0.4261619587269807,0.4396555598071177,0.45520232016652745
0.23750000000000002,0.9991929734393015,1.0457405151906256,0.8917698118573236,0.8989609857857941,6.413766443592887,0.37036675310495576,0.9920005717242727,0.9972389309175834,12.755795106008403,0.9656035698078668,1.0075140485334408,1.014168084946108,0.149495863594894,0.09724818167549595,9.939142225497786,0.3936523707480818,1.5372612733648996,0.47342883362689514,28.531753027461875,0.43014464747872766,0.44373840806032105,0.4595933836400344
0.24,0.999183797594483,1.046699125748351,0.8897407256593649,0.8970360847844809,6.41290453372276,0.3704398996954598,0.9918672623667432,0.9974825978840038,12.770877432728469,0.9645779156195906,1.0067753419095404,1.0137395309922965,0.15231795684448787,0.09907556314361307,9.93998604498516,0.39354625551529593,1.5373917847299872,0.4782494975426034,28.55765965525922,0.43411088219090765,0.44780458145784013,0.4639675272773305
0.2425,0.9991746002926498,1.04766616658043,0.887700008869813,0.8950995344914818,6.41203835632491,0.3705143196164585,0.9917332929618016,0.9977004151365311,12.785749458375644,0.9635414073321842,1.0060232793664632,1.0132995912569533,0.15515574817832717,0.10091276909012387,9.94083728004112,0.3934421399081138,1.537523443041778,0.48302363807344356,28.581425071692312,0.4380606010407,0.4518539767342676,0.46832447906490715
0.245,0.9991653813174924,1.0486415726370648,0.8856478905521438,0.8931515477199751,6.411167980325954,0.37059001116363727,0.9915986741701488,0.9978924959415079,12.800411355279694,0.962494155570958,1.0052579748291213,1.012848214806887,0.15800888923948855,0.10275957155328108,9.941695425299013,0.39334004398361805,1.5376561701365263,0.4877504512804186,28.603065623705213,0.44199374538013775,0.4558864908271662,0.47266396865985544
0.2475,0.9991561404532167,1.0496252783392421,0.8835845987630471,0.8911923364765039,6.410293474257417,0.37066697223233114,0.9914634165913775,0.9980589559600455,12.814863314721926,0.9614362708477323,1.0044795414126964,1.012385351857497,0.1608770332599508,0.1046157438859126,9.942559987890949,0.39323998679298977,1.5377898897836377,0.49242916397805375,28.62259815120522,0.4459102597004306,0.4599020209691793,0.4769857276406045
0.25,0.99914687748455,1.0506172175925614,0.881510360497525,0.8892221119080868,6.409414906248144,0.3707452003183042,0.9913275307627989,0.9981999131917905,12.829105546767694,0.9603678635291995,1.003688091408348,1.0119109539154478,0.1637598351662144,0.10648106081924055,9.94343048734548,0.39314198634870245,1.5379245276698432,0.4970590337204403,28.640039972492644,0.44981009159525853,0.4639004647851685,0.48128948975733715
0.2525,0.999137592196746,1.0516173238012083,0.8794254016359709,0.8872410842511631,6.408532344017034,0.3708246925186721,0.9911910271583189,0.9983154879196503,12.843138280104933,0.9592890438062622,1.0028837362701786,1.0114249739112922,0.16665695168105718,0.10835529852396843,9.944306455475342,0.39304605959446837,1.5380600113818363,0.5016393487626127,28.655408869667273,0.4536931917224206,0.4678817203938353,0.4855749911815213
0.255,0.9991282843755909,1.0526255298820755,0.8773299468932234,0.8852494627823718,6.407645854866049,0.37090544553296595,0.9910539161873568,0.998405802655481,12.856961761888538,0.9581999216643465,1.0020665866034304,1.0109273663221932,0.1695680414213929,0.11023823466863288,9.94518743625606,0.3929522223779585,1.538196270387498,0.5061694279978176,28.668723074018185,0.45755951376447046,0.47184568651328307,0.48984197075399666
0.2575,0.9991189538074086,1.053641768279022,0.8752242197695821,0.8832474557711509,6.406755505673542,0.37098745566434216,0.9909162081938138,0.9984709820867239,12.870576257590269,0.9571006068546737,1.001236752153866,1.0104180872848951,0.17249276499220723,0.11212964847522176,9.946072985696318,0.39286048942630863,1.5383332360158464,0.5106486208712447,28.680001251404047,0.46140901438921406,0.47579226256997736,0.4940901702310548
0.26,0.9991096002790641,1.054665970977266,0.8731084425037757,0.8812352704341514,6.4058613628878724,0.37107071882093734,0.9907779134550845,0.9985111530239894,12.883982050853936,0.9559912088664663,1.0003943417983132,1.0098970946991523,0.17543078507655568,0.11402932077206311,9.94696267170105,0.39277087432441565,1.5384708414358614,0.5150763072707898,28.689262487630423,0.46524165320955674,0.4797213488105555,0.4983193345279505
0.2625,0.9991002235779708,1.0556980695179026,0.8709828360278664,0.8792131128914513,6.404963492521327,0.3711552305173702,0.9906390421811178,0.9985264443495736,12.897179443355592,0.9548718369000735,0.9995394635363261,1.0093643483218193,0.17838176652161514,0.11593703404399656,9.947856073927946,0.392683389496018,1.5386090216342916,0.5194518973954452,28.6965262738311,0.46905739274137653,0.48363284641595417,0.5025292119592986
0.265,0.9990908234920919,1.0567379950125422,0.8688476199240758,0.87718118812456,6.4040619601443245,0.3712409858763912,0.9904996045135195,0.9985169869669028,12.910168754668433,0.9537425998410459,0.9986722244829452,1.0088198098518688,0.18134537642079063,0.11785257247984127,9.948752783638357,0.39259804618755006,1.5387477133925933,0.523774831601913,28.701812491860256,0.47285619836112835,0.4875266576173112,0.5067195544758067
0.2675,0.9990813998099469,1.05778567815806,0.8667030123835159,0.8751396999361915,6.403156830879945,0.3713279796306819,0.9903596105247072,0.9984829137508817,12.922950322132099,0.9526036062351693,0.9977927308625056,1.0082634430065776,0.18432128419188568,0.11977572201718002,9.94965240354323,0.39251485445474854,1.538886855263102,0.5280445802300517,28.705141399702352,0.4766380382704182,0.49140268581312396,0.5108901178968227
0.27,0.9990719523206143,1.0588410492514488,0.8645492301668048,0.873088850911801,6.402248169398732,0.37141620612480275,0.9902190702171056,0.9984243594991438,12.935524500726034,0.9514549642644655,0.9969010880034748,1.0076952135891826,0.18730916165135383,0.12170627038448284,9.95055454764497,0.39243382315198544,1.5390263875445742,0.5322606434077727,28.706533616906707,0.48040288346829524,0.4952608356871407,0.5150406621381757
0.2725,0.9990624808137357,1.0599040382047702,0.8623864885665515,0.8710288423828558,6.401336039913826,0.37150565931729207,0.9900779935223941,0.9983414608841741,12.947891662946667,0.9502967817241488,0.9959974003342766,1.007115089548287,0.19030868308465548,0.12364400714059734,9.95145884107588,0.39235495992429315,1.539166252257198,0.5364225508360188,28.70601011005406,0.4841507077050602,0.49910101332648554,0.5191709514348198
0.275,0.9990529850795188,1.0609745745601913,0.8602150013716813,0.8689598743918305,6.4004205061763635,0.37159633278291576,0.9899363903007953,0.9982343564063006,12.960052198687997,0.9491291660005415,0.9950817713800787,1.006523041029337,0.19331952531275234,0.12558872371163737,9.952364919933935,0.39227827120204256,1.539306393117194,0.5405298615544607,28.703592178262106,0.48788148742939125,0.5029231263395206,0.5232807545578023
0.2775,0.9990434649087409,1.0620525875050997,0.8580349808335868,0.8668821456589026,6.399501631471212,0.3716882197150676,0.9897942703404148,0.9981031863475224,12.972006515125276,0.9479522240499382,0.9941543037605035,1.005919040418484,0.19634136775477865,0.1275402134253049,9.953272431116515,0.39220376219822745,1.5394467555110982,0.5445821636885624,28.69930143873775,0.49159520174743365,0.5067270839729733,0.5273698450251013
0.28,0.9990339200927523,1.0631380058872941,0.8558466376340769,0.8647958535503274,6.398579478612983,0.37178131292832134,0.9896516433566253,0.9979480927261621,12.983755036601492,0.9467660623784139,0.9932150991882346,1.0053030623791528,0.19937389248693535,0.1294982715426835,9.954181032152837,0.3921314369083059,1.5395872864698459,0.5485790741786656,28.69315981238327,0.4952918323861572,0.5105127972278636,0.5314380013059022
0.28250000000000003,0.9990243504234774,1.064230758230229,0.8536501808550998,0.8627011940484709,6.397654109942363,0.3718756048611334,0.9895085189914984,0.9977692192523231,12.995298204516256,0.9455707870225539,0.9922642584684895,1.004675083881659,0.20241678429765883,0.1314626952875456,9.95509039103558,0.3920612981125404,1.5397279346427277,0.5525202384917676,28.685189509464394,0.4989713636547877,0.514280178973795,0.5354850070179096
0.28500000000000003,0.999014755693419,1.0653307727483183,0.851445817950214,0.8605983617234795,6.3967255873227336,0.3719710875786979,0.9893649068132827,0.997566711284124,13.006636477216794,0.944366503531085,0.9913018814993237,1.0040350842262014,0.2054697307391237,0.13343328387321804,9.95600018605239,0.39199334738077785,1.5398686502713317,0.5564053303166591,28.675413015348074,0.5026337824008913,0.5180291440611813,0.5395106511173079
0.28750000000000003,0.9990051356956594,1.0664379773622787,0.8492337547177823,0.8584875497065562,6.395793972137116,0.3720677527759505,0.9892208163159303,0.9973407157846915,13.017770329890654,0.9431533169473992,0.9903280672727397,1.0033830450595704,0.20853242217514345,0.13540983852705468,9.956910105617766,0.39192758507960296,1.540009385163538,0.5602340512431057,28.663853076317906,0.5062790779628662,0.5217596094310102,0.543514728081025
0.29,0.9989954902238626,1.0675522997145086,0.8470141952758578,0.8563689496648266,6.3948593252853945,0.372165591780724,0.9890762569186679,0.9971920163504729,13.03001522337276,0.9419313317929925,0.9893429138765696,1.002718950385912,0.21160455182553858,0.1373921625125656,9.95781984810587,0.39186401038179774,1.5401500926676635,0.5640061304257614,28.650532685475632,0.5099072421229595,0.5254714942217587,0.5474970380809653
0.2925,0.9989858190722757,1.0686736671844947,0.8447873420387378,0.8542427517777613,6.393921707181871,0.3722645955570529,0.9889312379656182,0.9970719284944997,13.042737186983965,0.9407006520518113,0.9883465184971015,1.0020427865718788,0.2146858158070467,0.13938006114925697,9.958729121684732,0.39180262127803334,1.5402907276468158,0.567721324233509,28.635475068736724,0.5135182690615204,0.5291647198731079,0.5514573871499204
0.295,0.9989761220357307,1.0698020069042309,0.8425533956951542,0.8521091447151349,6.392981177753102,0.37236475470862535,0.9887857687254661,0.9969281492615661,13.055252105506474,0.9394613811553636,0.9873389774224248,1.0013545423465038,0.2177759131708542,0.141373341830237,9.959637644152298,0.39174341459072015,1.5404312464535383,0.571493611437902,28.624423388161013,0.5171121553105646,0.5328392102261134,0.5553955873388834
0.2975,0.9989663989096468,1.0709372457736501,0.8403125551880687,0.8499683156164876,6.392037796436061,0.3724660594823841,0.9886398583911737,0.9967608133663611,13.067560301318824,0.9382136219685706,0.9863203860464602,1.0006542087961272,0.2208745459368324,0.14337181403764518,9.960545142774802,0.39168638598993755,1.5405716069048083,0.5760209995458503,28.652012076392165,0.5206888997050816,0.5364948916195253,0.5593114568655249
0.3,0.9989566494900293,1.0720793104760533,0.8380650176960481,0.8478204500720673,6.391091622176604,0.3725684997722723,0.9884935160797429,0.9965700569983924,13.079662112381278,0.9369574767766627,0.985290838873652,0.9999417793546956,0.2239814191245661,0.1453752893559648,9.961451354127744,0.39163153001136225,1.5407117682574438,0.5804950300208017,28.67750864290492,0.5242485033318093,0.5401316929819661,0.5632048202536212
0.3025,0.9989468735734718,1.0732281274935307,0.8358109786161819,0.8456657321052223,6.39014271342823,0.3726720651231237,0.9883467508320247,0.9963560177832637,13.091557892125994,0.9356930472732808,0.9842504295242942,0.9992172497897567,0.2270962407812639,0.14738358148328004,9.962356023939924,0.3915788400761136,1.5408516911839794,0.5849151865531619,28.700931595566466,0.5277909694764494,0.543749545919704,0.5670755084632463
0.305,0.9989370709571576,1.0743836231223665,0.8335506315485167,0.8435043441562128,6.389191128151166,0.3727767447346959,0.9881995716125764,0.9961188347445971,13.103248009347588,0.9344204345488601,0.9831992507404639,0.9984806181844548,0.2302187220066452,0.14939650624053943,9.96325890694083,0.39152830851243103,1.5409913377490634,0.5892809804391494,28.72229977890474,0.5313163035697138,0.547348384799782,0.570923359011566
0.3075,0.9989272414388579,1.0755457234884198,0.8312841682819707,0.8413364670674147,6.388236923811762,0.37288252746584444,0.9880519873095689,0.9958586482665817,13.114732848093862,0.9331397390792606,0.9821373943925329,0.9977318849158328,0.23334857697489889,0.15141388157889138,9.964159766711614,0.39147992657909714,1.5411306713864075,0.5935919502879863,28.74163235908877,0.5348245131328876,0.5509281468282885,0.5747482160841122
0.31,0.9989173848169344,1.0767143545624744,0.8290117787817007,0.839162280069888,6.387280157382178,0.37298940183883483,0.987904006734738,0.9955756000571306,13.126012807556455,0.9318510607154878,0.9810649514862385,0.9969710526297333,0.2364855229538127,0.15343552758515505,9.965058375539984,0.39143368449051946,1.5412696568763438,0.5978476617141548,28.758948809023277,0.5383156077242587,0.5544887721235797,0.578549930636425
0.3125,0.9989075008903385,1.077889442175548,0.8267336511778851,0.8369819607712735,6.38632088534041,0.37309735604379174,0.9877556386233884,0.9952698331116205,13.137088301961066,0.93055449867434,0.9799820121702832,0.9961981262125831,0.2396292803211728,0.15546126648549363,9.965954514279192,0.39138957144338277,1.541408260324015,0.6020477070155162,28.774268893569204,0.5417895988866702,0.5580302037842879,0.5823283604859856
0.315,0.9988975894586104,1.0790709120341586,0.8244499717558921,0.8347956851449945,6.385359163670599,0.37320637794328143,0.9876068916344417,0.994941491677193,13.147959760457047,0.9292501515298134,0.9788886657444414,0.995413112760337,0.24277957257853552,0.1574909226473564,9.966847972211315,0.39134757564478256,1.5415464491382276,0.6061917048380794,28.787612654901626,0.5452465000946772,0.561552387951977,0.5860833703943887
0.3175,0.9988876503218799,1.0802586897355355,0.8221609249477998,0.8326036275207263,6.384395047863683,0.3733164550770252,0.9874577743505367,0.9945907212175944,13.158627627006036,0.9279381172051896,0.9777850006681471,0.9946160215448452,0.24593612636247306,0.15952432257975627,9.967738546914989,0.39130768434174834,1.5416841920109963,0.610279299828222,28.79900039801664,0.5486863267000205,0.5650552738683261,0.5898148321397232
0.32,0.9988776832808659,1.081452700782773,0.8198666933252347,0.8304059605761098,6.383428592918334,0.37342757466674203,0.9873082952781752,0.9942176683785384,13.169092360269445,0.9266184929658607,0.9766711045695444,0.9938068639778997,0.24909867145339692,0.16156129493195065,9.968626044137727,0.3912698838520689,1.5418214588977939,0.6143101622731622,28.808452676398808,0.5521090958787963,0.5685388139267501,0.5935226245791525
0.3225,0.9988676881368757,1.0826528705999203,0.8175674575934954,0.8282028553296719,6.3824598533422305,0.3735397236211155,0.9871584628479179,0.9938224809535614,13.179354433494474,0.9252913754127664,0.975547064254972,0.9929856535732045,0.25226694078206197,0.16360167049059315,9.969510277672896,0.391234159596326,1.5419582209985252,0.6182839877304843,28.815990277860386,0.5555148265871817,0.5720029637183877,0.5972066337017174
0.325,0.9988576646918035,1.0838591245469957,0.8152633965869281,0.825994481134924,6.381488883153641,0.3736528885408837,0.9870082854146297,0.9934053078503573,13.189414334398496,0.9239568604764603,0.974412965718862,0.992152405906499,0.2554406704338549,0.16564528217542313,9.970391069241463,0.39120049613104746,1.5420944507392358,0.6222004966475253,28.82163421056391,0.5589035395110569,0.5754476820724084,0.6008667526713883
0.3275,0.9988476127481305,1.085071387934927,0.8129546872655196,0.8237810056756114,6.380515735883307,0.373767055724048,0.9868577712577715,0.9929662990575696,13.19927256505149,0.9226150434119028,0.9732688941540346,0.9913071385740658,0.25861959965096903,0.16769196503356074,9.97126824837848,0.39116887718288673,1.5422301217545555,0.6260594339714235,28.825405689239027,0.5622752570076268,0.5788729310906152,0.6045028818604367
0.33,0.9988375321089242,1.086289586040409,0.8106415047126749,0.821562594962073,6.379540464576677,0.3738822111711974,0.9867069285817446,0.9925056056120168,13.208929641756404,0.9212660187939502,0.9721149339623616,0.990449871149826,0.26180347083256966,0.16974155623247436,9.972141652324387,0.3911392856837397,1.5423652088708866,0.6298605687506318,28.827326121604806,0.5656300030579994,0.582278676176339,0.6081149288731933
0.3325,0.9988274225778362,1.0875136441206708,0.8083240221341468,0.8193394133286904,6.378563121796424,0.37399834059094494,0.9865557655162809,0.9920233795663386,13.218386094927121,0.9199098805135194,0.9709511687657828,0.9895806251412284,0.2649920295330482,0.17179389505168635,9.973011125921053,0.3911117038067069,1.5424996880903246,0.6336036937286961,28.82741709500816,0.5689678032238381,0.5856648860576406,0.6117028085602965
0.335,0.9988172839591011,1.088743487428151,0.8060024108580804,0.8171116234323897,6.377583759625294,0.374115429405473,0.9864042901168832,0.9915197739570362,13.22764246896391,0.9185467217744072,0.9697776814176545,0.9886994239441256,0.26818502445846776,0.1738488228732832,9.973876521512551,0.39108611300281154,1.5426335365753112,0.6372886249310914,28.825700363288973,0.5722886846001247,0.5890315328048584,0.615266443023537
0.3375,0.9988071160575355,1.0899790412250743,0.8036768403361452,0.8148793862521628,6.37660242966929,0.3742334627561835,0.9862525103653179,0.9909949427728976,13.236699322126189,0.9171766350907411,0.9685945540144082,0.9878062927968088,0.27138220746129715,0.17590618317129467,9.97473769885057,0.39106249403838267,1.5427667326340053,0.6409152012459062,28.82219783388217,0.5755926757638844,0.5923785918425577,0.6188057616114374
0.34,0.998796918678537,1.0912202307979257,0.8013474781457126,0.8126428610895837,6.375619183061143,0.3743524255094488,0.9861004341701515,0.9904490409237806,13.245557226402278,0.9157997122850458,0.9674018679075034,0.9869012587333823,0.27458333353352893,0.17796582150000556,9.97559452500438,0.39104082703301635,1.5428992557063566,0.6444832839991524,28.816931555166725,0.5788798067222334,0.5957060419559522,0.6223207009057038
0.3425,0.9987866916280818,1.0924669814718186,0.7990144899930556,0.8104022055702831,6.374634070464128,0.3744723022624603,0.9859480693673409,0.9898822242097461,13.254216767376187,0.9144160444869163,0.9661997037156554,0.9859843505366293,0.27778816079827734,0.1800275854812635,9.97644687427523,0.39102109149802444,1.5430310863508658,0.6479927565254783,28.80992370407109,0.582150108862468,0.5990138652918924,0.6258112046987123
0.34500000000000003,0.998776434712722,1.0937192186247546,0.7966780397175272,0.8081575756463508,6.3736471420761935,0.37459307734917024,0.9857954237208721,0.9892946492905162,13.262678544091091,0.9130257221322795,0.9649881413373185,0.9850555986905223,0.2809964504999461,0.1820913247908431,9.977294628115006,0.39100326637528704,1.5431622062320052,0.6514435237350389,28.8011965739443,0.5854036149053949,0.6023020473545224,0.6292772239622072
0.34750000000000003,0.9987661477395859,1.094976867701767,0.7943382892966945,0.805909125599639,6.372658447634411,0.37471473484632223,0.9856425049234487,0.9886864736552479,13.270943168909454,0.9116288349632183,0.9637672599634071,0.9841150353325185,0.28420796699305617,0.18415689114392803,9.978137675049048,0.39098733007642,1.5432925981082788,0.6548355116772794,28.79077256270151,0.5886403588611979,0.6055705769957299,0.6327187168073884
0.35000000000000003,0.998755830516375,1.0962398542289533,0.7919953988523865,0.8036570080459318,6.371668036419738,0.37483725857956673,0.9854893205972282,0.9880578555926065,13.27901126736963,0.9102254720283577,0.9625371380902431,0.9831626942057711,0.2874224777298192,0.186224138279768,9.978975910602864,0.390973260522176,1.5434222458208886,0.6581686671023589,28.778674161252088,0.5918603759885137,0.6088194464005222,0.6361356484365931
0.3525,0.9987454828513609,1.0975081038273888,0.7896495266576287,0.801401373939951,6.37067595726211,0.37496063212965725,0.9853358782946096,0.9874089541611236,13.286883478038845,0.9088157216838519,0.9612978535327036,0.9821986106113775,0.2906397532465394,0.1882929219455689,9.979809237232596,0.39096103518199526,1.5435511342829797,0.6614429570209402,28.7649239422182,0.5950637027613893,0.6120486510674746,0.6395279910867715
0.355,0.9987351045533841,1.0987815422269231,0.7873008291444309,0.7991423725811702,6.3696822585458595,0.3750848388387222,0.9851821854990718,0.986739929159819,13.294560452362369,0.9073996715948771,0.960049483437559,0.9812228213607752,0.2938595671489236,0.19036309987967082,9.980637564258974,0.3909506311136251,1.5436792494694256,0.6646583682630433,28.749544548950944,0.5982503768448773,0.6152581897844125,0.6428957239649792
0.3575,0.9987246954318518,1.1000600952798543,0.784949460912394,0.7968801516204039,6.368686988215434,0.37520986181660765,0.9850282496260578,0.9860509410990881,13.302042854508857,0.9059774087373662,0.958792104296986,0.9802353647283975,0.29708169609637536,0.1924345317940673,9.981460807804558,0.3909420250027305,1.5438065784071209,0.667814907036643,28.732558684850606,0.601420437064182,0.618448064599492,0.6462388331761043
0.36,0.9987142552967349,1.1013436889744865,0.7825955747381056,0.7946148570671436,6.3676901937814545,0.37533568394728684,0.9848740780239118,0.9853421511718281,13.309331361211747,0.9045490194000604,0.9575257919622353,0.9792362804046736,0.3003059197853459,0.19450707935631753,9.982278890733964,0.3909351932024174,1.543933109165736,0.6709125984866796,28.713989102997118,0.604573923358806,0.6216182807878601,0.6495573116430696
0.3625,0.9987037839585646,1.102632249448561,0.780239321585291,0.792346633297611,6.366691922327082,0.3754622878953307,0.9847196779748637,0.9846137212247953,13.31642666160653,0.9031145891870741,0.9562506216574432,0.9782256094494696,0.30353202093180925,0.19658060617090103,9.983091742596839,0.39093011177259446,1.5440588308488985,0.6739514862551138,28.693858596095854,0.6077108767284559,0.6247688468140802,0.6528511590197394
0.365,0.9986932812284315,1.1039257030025662,0.7778808506156912,0.7900756230634973,6.365692220514712,0.37558965611243406,0.9845650566960651,0.9838658137301813,13.323329457063917,0.9016742030209441,0.954966667993569,0.9772033942460465,0.3067597852529277,0.1986549777600621,9.983899299573308,0.39092675651910125,1.544183733585754,0.6769316320426452,28.672189986743476,0.6108313391743851,0.6278997742905109,0.6561203815967827
0.3675,0.9986827469179801,1.1052239761129237,0.7755203092006325,0.7878019675013623,6.364691134592977,0.37571777084399327,0.9844102213406712,0.983098591757397,13.330040461018763,0.9002279451461153,0.953674004982445,0.9761696784556098,0.3099890014479669,0.2007300615441898,9.984701504421565,0.39092510303253003,1.5443078085228616,0.6798531151726849,28.649006118017695,0.6139353536407951,0.6310110779318422,0.6593649922007357
0.37,0.9986721808394081,1.1065269954450427,0.7731578429332588,0.785525806142661,6.363688710404067,0.37584661413572756,0.9842551789989747,0.9823122189450509,13.336560398794669,0.8987758991328368,0.9523727060509259,0.9751245069725147,0.31321946117851757,0.20280572682177603,9.985498306427344,0.39092512672667484,1.5444310478163774,0.6827160321581455,28.624329844394,0.6170229639600133,0.634102775505989,0.6625850100865249
0.3725,0.9986615828054612,1.1078346878662477,0.7707935956413978,0.783247276924372,6.36268499339137,0.37597616784034066,0.9840999366995861,0.9815068594731075,13.342890007424177,0.8973181478814526,0.9510628440551199,0.9740679258801864,0.3164509590480757,0.204881844748994,9.98628966135491,0.3909268028765395,1.5445534446244755,0.6855204962715858,28.598184022991937,0.6200942148014992,0.6371748877815476,0.6657804608237007
0.375,0.9986509526294302,1.1091469804585674,0.7684277094010266,0.7809665162001967,6.361680028607427,0.3761064136242149,0.9839445014106648,0.9806826780352199,13.349030035464535,0.8958547736270676,0.9497444912946895,0.9729999824078058,0.3196832925810307,0.20695828831893479,9.987075531399315,0.39093010665584077,1.5446749930999628,0.6884219214957508,28.57703750478363,0.6231491516259235,0.6402274384720269,0.6689513761766455
0.3775,0.9986402901251475,1.1104638005313863,0.7660603245503109,0.7786836587523045,6.360673860722195,0.37623733297413325,0.9837888800411966,0.97983983981122,13.354981242808869,0.8943858579445823,0.94841771952721,0.9719207248878093,0.32291626220110464,0.2090349323405392,9.987855885139565,0.3909350131739452,1.544795688383036,0.6921057403874785,28.58912579749989,0.6261878206466048,0.6432604541770622,0.6720977939790203
0.38,0.9986295951069829,1.1117850756339478,0.7636915797041864,0.7763988378035923,6.359666534031621,0.3763689072040209,0.9836330794423207,0.978978510439758,13.360744400492782,0.8929114817540859,0.9470825999825675,0.9708302027142419,0.32614967120928323,0.21111165341726004,9.988630697492367,0.39094149751217594,1.5449155265941275,0.695732063739093,28.599435627185482,0.6292102688018093,0.6462739643208264,0.6752197580027144
0.3825,0.9986188673898391,1.1131107335677062,0.7613216117694518,0.7741121850304366,6.358658092466525,0.3765011174617034,0.9834771064087025,0.9780988559910754,13.366320290496247,0.8914317253266191,0.9457392033773879,0.9697284663019973,0.329383325761275,0.21318832992548695,9.989399949666122,0.39094953475943567,1.5450345048267895,0.6993007416370909,28.607984889977953,0.6322165437435054,0.6492680010878509,0.6783173178215698
0.385,0.998608106789147,1.1144407023985141,0.7589505559603481,0.7718238305759041,6.357648579601788,0.37663394473567124,0.9833209676799556,0.9772010429399076,13.37170970554077,0.8899466682902898,0.9443875999294801,0.968615567046971,0.3326170348445315,0.21526484199276397,9.990163629114912,0.39095910004708406,1.5451526211405775,0.702811640899146,28.614791553512234,0.6352066938235341,0.6522425993564639,0.6813905286701432
0.3875,0.998597313120863,1.1157749104686443,0.7565785458145932,0.7695339030634015,6.356638038665851,0.37676736986184745,0.9831646699421105,0.976285238138497,13.376913448881709,0.8884563896366707,0.9430278593722835,0.9674915572871612,0.3358506102548568,0.21734107147582865,9.990921729492058,0.3909701685830189,1.5452698745538669,0.7062646447287451,28.619873648953586,0.6381807680454731,0.6551977966300616,0.6844394512977888
0.39,0.9985864862014611,1.1171132864086302,0.7542057132098443,0.7672425296107337,6.355626512550499,0.37690137353034997,0.983008219829128,0.9753516087897136,13.381932334095756,0.8869609677273778,0.9416600509693038,0.9663564902647241,0.33908386657263273,0.21941690193849994,9.991674250602994,0.39098271568490567,1.545386265036565,0.7096596523750011,28.62324926340821,0.6411388160117467,0.6581336329664196,0.6874641518183303
0.3925,0.9985756258479301,1.1184557591489224,0.7518321883805612,0.764949835844546,6.354614043820953,0.3770359362922431,0.9828516239244601,0.9744003224202672,13.386767184863498,0.8854604803008173,0.940284243528529,0.9652104200890123,0.34231662113868094,0.2214922186294372,9.992421198357171,0.39099671681250536,1.5455017935026714,0.7129965787981432,28.624936532712514,0.6440808878829788,0.6610501509052483,0.6904647015555978
0.395,0.9985647318777671,1.1198022579313482,0.7494580999352438,0.7626559459151258,6.353600674726262,0.37717103856627204,0.9826948887626574,0.9734315468540025,13.391418834746952,0.883955004479179,0.9389005054168091,0.9640534017005944,0.34554869402978106,0.22356690845979588,9.993162584718581,0.39101214759905206,1.5456164618026251,0.7162753543411509,28.624953634601088,0.6470070343482924,0.6639473953942014,0.693441176885116
0.3975,0.9985538041089718,1.1211527123203708,0.7470835748740152,0.7603609825115379,6.352586447209968,0.3773066606455728,0.9825380208310185,0.9724454501852724,13.395888126962157,0.8824446167757107,0.9375089045741928,0.9628854908362808,0.3487799080338606,0.22564085998079852,9.99389842765474,0.3910289838816319,1.5457302727154154,0.7194959244079532,28.62331878225256,0.649917306601447,0.6668254137135329,0.6963936590722176
0.4,0.9985428423600416,1.1225070522141367,0.7447087386065273,0.7580650668770698,6.351571402921081,0.37744278270435316,0.9823810265712871,0.9714422007523741,13.400175914146681,0.8809293931022615,0.9361095085282038,0.9617067439951434,0.3520100886248705,0.22771396336124208,9.994628751083741,0.3910472017305199,1.5458432299403915,0.7226582491486008,28.620050218212008,0.6528117563101085,0.6696842553996023,0.6993222341068677
0.4025,0.9985318464499636,1.1238652078553115,0.742333714970159,0.7557683188249609,6.350555583225311,0.3775793848045371,0.9822239123813903,0.970421967111045,13.404283058122045,0.8794094087770472,0.934702384408055,0.9605172184055486,0.35523906393735494,0.22978611036495789,9.99535358481915,0.39106677747743046,1.5459553380887396,0.7257623031517763,28.6151662086876,0.6556904355791952,0.6725239721674209,0.7022269925354874
0.405,0.9985208161982101,1.125227109841693,0.7399586262484877,0.7534708567543964,6.349539029216605,0.37771644690236805,0.9820666846172218,0.96938491800801,13.408210429651128,0.8778847385326113,0.9332875989587769,0.9593169719931892,0.3584666647407254,0.2318571943282415,9.996072964512464,0.39108768774264185,1.546066602674585,0.7288080751449749,28.608685038218546,0.6585533969199994,0.6753446178324253,0.7051080292900594
0.40750000000000003,0.9985097514247309,1.126592689136603,0.7375835931900022,0.7511727976667381,6.348521781728936,0.3778539488549638,0.981909349594466,0.9683312223545737,13.4119589081904,0.876355456523966,0.9318652185552664,0.9581060633501238,0.361692724413244,0.2339271101372667,9.996786931592943,0.3911099094609552,1.546177030105683,0.7317955677026553,28.600625004710473,0.6614006932243107,0.6781462482316621,0.7079654435148062
0.41000000000000003,0.9984986519499462,1.1279618770790496,0.735208735027038,0.7488742571819709,6.347503881348375,0.3779918704268189,0.9817519135904651,0.9673418335526329,13.416649828753114,0.8748216363369005,0.9304353092162322,0.9568845517048111,0.36491707891571856,0.23599575420549698,9.997495533204464,0.39113341990645234,1.5462866276736542,0.7347247969626303,28.591004414833787,0.664232377741453,0.6809289211445654,0.7107993383907306
0.41250000000000003,0.9984875175947404,1.129334605393661,0.73283416949491,0.7465753495553451,6.346485368425426,0.3781301912962487,0.9815943828461263,0.9663815637954565,13.421797655658555,0.8732833509964351,0.9289979366180353,0.9556524968931388,0.3681395667649151,0.238063024451108,9.998198822139303,0.3911581967160189,1.5463954035437428,0.7375957923509231,28.579841579779643,0.6670485040611669,0.6836926962134913,0.713609820958312
0.41500000000000004,0.9984763481804542,1.130710806200387,0.7304600128512166,0.7442761876941897,6.345466283087603,0.3782688910617693,0.9814367635678681,0.9654041387544368,13.426759998954518,0.8717406729754041,0.9275531661084156,0.9544099593304368,0.37136002900668513,0.24012882027442972,9.998896856768598,0.39118421791160046,1.546503366744061,0.740408596315288,28.56715481136749,0.6698491261014121,0.6864376348641849,0.716397001938643
0.4175,0.9984651435288764,1.1320904120239592,0.7280863798952958,0.741976883174876,6.34444666525228,0.3784079492484096,0.9812790619296067,0.9644097111325891,13.431537515358976,0.8701936742031601,0.9261010627200936,0.9531569999844652,0.3745783091888087,0.24219304253542145,9.99958970096927,0.39121146192116335,1.5466105271542863,0.7431632640675517,28.552962418497085,0.672634298096009,0.6891638002263322,0.7191609955533076
0.42,0.9984539034622375,1.1334733558031127,0.7257133839878076,0.7396775462599123,6.343426554639772,0.37854734531394946,0.9811212840747799,0.9633984339469119,13.43613087092689,0.8686424260744128,0.9246416911842427,0.9518936803493687,0.37779425333355227,0.24425559353118614,10.000277424047356,0.3912399075983336,1.5467168954938022,0.7458598633348944,28.53728270393755,0.6754040745757741,0.6918712570543558,0.7219019193432811
0.4225,0.9984426278032001,1.1348595708995584,0.723341137070425,0.737378285915148,6.342405990786657,0.37868705865508107,0.9809634361184074,0.9623704605009741,13.440540740771207,0.8670869994581469,0.9231751159438207,0.9506200624205813,0.3810077099099387,0.24631637697353467,10.000960100657464,0.39126953424069055,1.5468224833092434,0.7484984741201601,28.52013396144468,0.6781585103420843,0.6945600716485965,0.7246198939871518
0.425,0.9984313163748527,1.1362489911066973,0.7209697496856062,0.7350792098270675,6.34138501305932,0.3788270686134869,0.9808055241491856,0.9613259443574935,13.444767808778787,0.8655274647065357,0.9217014011667618,0.9493362086706773,0.38421852980572435,0.24837529796660585,10.001637810718341,0.391300321606693,1.5469273029614348,0.7510791884712353,28.501534473197335,0.6808976604360328,0.697230311777022,0.7273150431189447
0.4275,0.9984199690006988,1.1376415506580695,0.718599330996433,0.7327804244201547,6.340363660667737,0.37896735448183266,0.9806475542316198,0.9602650393109069,13.44881276732138,0.8639638916639211,0.9202206107590108,0.9480421820261452,0.38742656629908434,0.2504322629845502,10.00231063932442,0.3913322499312209,1.5470313676117107,0.7536021102595025,28.48150250754269,0.683621580107855,0.6998820465975948,0.7299874931458369
0.43,0.9984085855046505,1.1390371842355265,0.716229988806492,0.7304820348743086,6.339341972679468,0.37910789550966933,0.9804895324081871,0.9591878993599329,13.45267631696172,0.8623963496759134,0.918732808377405,0.9467380458450771,0.390631675029997,0.25248717984928315,10.002978676653228,0.3913652999397157,1.5471346912075943,0.7560673549673376,28.460056317039356,0.6863303247896557,0.702515346581421,0.7326373730660467
0.4325,0.9983971657110181,1.1404358269771133,0.7138618295797785,0.728184145142295,6.338319988033831,0.3792486709092419,0.9803314647015313,0.9580946786801393,13.456359166154865,0.8608249075985741,0.9172380574423928,0.9454238638957587,0.39383371397132705,0.2545399577083127,10.003642017868636,0.39139945286090755,1.5472372884678345,0.7584750494845774,28.437214136786753,0.6890239500716324,0.7051302834367988,0.7352648142871767
0.435,0.9983857094445031,1.1418374144846473,0.7114949584606057,0.725886857967211,6.337297745556306,0.37938965986120005,0.980173357116688,0.9569855315965029,13.459862030944862,0.8592496338076359,0.9157364211505835,0.9440997003361413,0.3970325433996,0.25659050701264763,10.004300763019865,0.3914346904381184,1.5473391748667837,0.7608253319138456,28.412994183027966,0.6917025116812006,0.7077269300342727,0.7378699504452857
0.4375,0.9983742165301865,1.143241882830986,0.7091294792934992,0.7235902748999501,6.336275283973115,0.37953084152020905,0.9800152156433413,0.955860612555976,13.463185634656867,0.8576705962077389,0.9142279624871253,0.9427656196941792,0.40022802586546513,0.25863873949478794,10.004955016936282,0.39147099493913545,1.547440366618128,0.7631183513845833,28.387414652013096,0.6943660654638801,0.710305360332793,0.7404529172249587
0.44,0.9983626867935224,1.144649168566967,0.7067654946430596,0.7212944963166501,6.335252641925969,0.37967219502045524,0.979857046258104,0.9547200761000602,13.466330707584804,0.8560878622416626,0.9127127442379075,0.9414216868490248,0.4034200261638398,0.2606845681468032,10.005604889117873,0.3915083491646499,1.5475408806579445,0.7653542678756022,28.36049371910885,0.6970146673652757,0.7128656493070765,0.7430138521806479
0.4425,0.9983511200603264,1.1460592087280157,0.704403105813774,0.7189996214361041,6.334229857987001,0.37981369948104604,0.9796988549268278,0.9535640768373881,13.469297986674697,0.8545014988995521,0.9111908290015794,0.9400679670130523,0.4066084113037304,0.2627279071984993,10.006250493621529,0.3915467364552614,1.5476407346271164,0.7675332520459245,28.332249538139884,0.6996483734139178,0.7154078728762447,0.7455528945595363
0.445,0.9983395161567682,1.147471940840415,0.7020424128697611,0.716705748337125,6.333206970673851,0.37995533401129916,0.9795406476069358,0.9523927694163167,13.472088215203746,0.8529115727281387,0.9096622792013875,0.9387045257147006,0.40979305047772246,0.26476867209567606,10.00689194894305,0.39158614069704967,1.5477399468530808,0.7696554850736557,28.302700240946596,0.7022672397044846,0.7179321078338218,0.7480701851261901
0.4475,0.9983278749093598,1.1488873029272353,0.6996835146544333,0.7144129739758421,6.332184018464908,0.3800970777159193,0.9793824302497802,0.9512063084975358,13.474702142455266,0.8513181498399615,0.90812715709682,0.937331428782116,0.4129738150311355,0.266806779478476,10.007529377895,0.39162654632572086,1.5478385363309375,0.7717211585025848,28.271863937143532,0.7048713223826483,0.720438431779157,0.750565865989237
0.45,0.9983161961449479,1.150305233513929,0.6973265088100583,0.7121213942029208,6.331161039814677,0.38023890970005975,0.9792242088030194,0.9500048487266938,13.477140523389567,0.849721295922589,0.9065855247950608,0.9359487423275752,0.41615057843083153,0.2688421471598239,10.008162907480399,0.39166793832933605,1.547936522703913,0.7737304740961879,28.23975871406202,0.7074606776348864,0.7229269230503294,0.7530400804303291
0.4525,0.9983044796907042,1.151725671633599,0.6949714917972042,0.7098311037806841,6.3301380731693,0.3803808090742662,0.9790659892130182,0.9487885447070376,13.479404118310878,0.8481210762478337,0.9050374442622471,0.9345565327326717,0.4193232162336742,0.2708746941039565,10.008792668762387,0.3917103022496359,1.5480339262432026,0.7756836436986653,28.20640263686044,0.7100353616839846,0.7253976606585895,0.7554929727356124
0.455,0.9982927253741137,1.1531485568319528,0.6926185589140572,0.70754219640013,6.329115156982188,0.38052275495929994,0.9789077774272656,0.9475575509720761,13.481493692530394,0.8465175556809518,0.9034829773345245,0.9331548666342423,0.4224916060546267,0.27290434040503936,10.009418796729886,0.3917536241819768,1.5481307678271912,0.777580889102628,28.171813748784913,0.7125954307866793,0.7278507242243808,0.7579246880299451
0.4575,0.9982809330229675,1.1545738291719638,0.6902678043155902,0.705254764697823,6.3280923297297615,0.38066472649083827,0.9787495793968095,0.9463120219582623,13.4834100160255,0.844910798689812,0.9019221857289011,0.9317438109110219,0.4256556275344828,0.27493100726586933,10.010041430159417,0.39179789077389837,1.5482270689200828,0.7794224419230081,28.13601007156307,0.7151409412311366,0.7302861939149785,0.7603353721140808
0.46,0.9982691024653518,1.1560014292382528,0.6879193210325738,0.7029689002726521,6.327069629927307,0.3808067028240501,0.9785914010787089,0.9450521119776921,13.485153863095263,0.8433008693540318,0.9003551310538895,0.9303234326709977,0.42881516230722255,0.2769546169766578,10.01066071147318,0.3918430892223449,1.5483228515499485,0.7814651177122938,28.108238232468036,0.7176719493339513,0.732704150383775,0.7627251713050381
0.4625,0.998257233529638,1.1574312981412223,0.6855732009904129,0.7006846937024402,6.326047096144907,0.38094866313804376,0.9784332484384984,0.9437779751908303,13.486726012012292,0.841687831374067,0.8987818748199412,0.9288937992394495,0.43197009396698405,0.27897509289389205,10.0112767865935,0.39188920726956655,1.5484181382862143,0.7842422041545745,28.107521699115157,0.7201885114369121,0.7351046747112399,0.7650942322798645
0.465,0.9982453260444742,1.158863377520957,0.6832295350277953,0.6984022345603919,6.325024767023477,0.38109058664018386,0.9782751274526676,0.942489765579248,13.4881272446709,0.8400717480802664,0.8972024784496601,0.9274549781476525,0.4351203080346462,0.2809923594192694,10.01188980479384,0.3919362331977297,1.5485129522166192,0.7869734161830573,28.10570339636001,0.7226906839045686,0.7374878483475665,0.7674427019229954
0.4675,0.9982333798387741,1.1602976095509172,0.6808884129151415,0.6961216114313685,6.324002681290857,0.38123245257027694,0.978117044111151,0.9411876369183863,13.489358346231823,0.8384526824419093,0.8956170032877986,0.9260070371222234,0.43826569192401515,0.28300634197870006,10.012499918546538,0.3919841558222687,1.5486073169236623,0.7896474184862121,28.102389748050506,0.725178523120553,0.7398537530570237,0.7697707271774049
0.47000000000000003,0.9982213947417086,1.16173393694144,0.6785499233728399,0.693842911927979,6.322980877777973,0.3813742402046207,0.9779590044198269,0.9398717427503349,13.490420104763349,0.8368306970762799,0.8940255106110302,0.9245500440750876,0.44140613490761044,0.28501696700137424,10.013107283367434,0.3920329644840129,1.5487012564605744,0.7922641655640699,28.097592937973996,0.7276520854778284,0.742202470864016,0.7720784548997343
0.47250000000000003,0.998209370582695,1.1631723029430578,0.6762141540892599,0.6915662227064752,6.3219593954350515,0.38151592885991653,0.9778010144030254,0.9385422363566319,13.491313310879049,0.8352058542577514,0.8924280616374913,0.9230840670940524,0.44454152808204817,0.28702416189888846,10.01371205765765,0.3920826490401283,1.548794795326845,0.7948236228635649,28.0913252264189,0.7301114273641595,0.7445340840008574,0.7743660317195736
0.47500000000000003,0.9981973071913882,1.1646126513496453,0.6738811917385283,0.689291629482442,6.3209382733478785,0.3816574978970411,0.9776430801060433,0.9371992707310812,13.492038757372141,0.8335782159266111,0.8908247175360937,0.9216091744339606,0.4476717643330196,0.2890278550444283,10.014314402542652,0.39213319985391054,1.548887958443331,0.7973257668097133,28.083598953185682,0.7325566051478792,0.7468486748572567,0.7766336039030762
0.47750000000000004,0.9981852043976712,1.1660549265013875,0.671551121998061,0.6870192170462743,6.319917550754082,0.381798926724676,0.9774852075976626,0.9358429985525956,13.492597238846544,0.8319478436975601,0.8892155394356035,0.9201254345084148,0.4507967382998669,0.29102797575200273,10.014914481708956,0.3921846077834744,1.5489807711269996,0.7997705848426969,28.074426540705094,0.7349876751672263,0.7491463259315082,0.7788813172210497
0.48,0.9981730620316454,1.167499073287559,0.6692240295658421,0.6847490692784298,6.318897267059438,0.3819401948027922,0.9773274029726722,0.934473572158062,13.49298955134471,0.8303147988681776,0.8876005884334857,0.9186329158820453,0.4539163463397595,0.29302445425572754,10.015512461238613,0.3922368641693808,1.5490732590653298,0.8021580754602752,28.063820497243515,0.7374046937246885,0.7514271197833794,0.7811093168216939
0.4825,0.998160879923621,1.1689450371491001,0.6668999981774414,0.6824812691644554,6.3178774618541995,0.38208128164598754,0.9771696723543932,0.9330911435152373,13.493216491972365,0.8286791424274252,0.8859799256045098,0.917131687263319,0.4570304864914753,0.2950172216891554,10.016108509441823,0.39228996082124756,1.5491654482904222,0.8044882482649236,28.051793420175052,0.7398077170827406,0.7536911389886838,0.7833177471081147
0.485,0.9981486579041084,1.1703927640809644,0.6645791106227642,0.6802158988097778,6.316858174929407,0.38222216682667587,0.9770120218972027,0.9316958641956831,13.493278858520263,0.8270409350641239,0.8843536120091234,0.915621817497863,0.4601390584387961,0.2970062100646501,10.016702796687914,0.39234389000339026,1.549257365152858,0.8067611240150824,28.03835799930011,0.7421968014557743,0.7559384660955211,0.7855067516207489
0.4875,0.9981363958038095,1.1718422006342026,0.6622614487625313,0.6779530394542584,6.315839446293195,0.3823628299781256,0.9768544577890548,0.9302878853477505,13.493177449083143,0.8254002371753718,0.8827217087015926,0.9141033755623068,0.4632419634735245,0.29899135225280377,10.017295495234979,0.39239864441954125,1.5493490362953481,0.808976734679875,28.023527020190134,0.744572002998259,0.758169183582168,0.7876764729248226
0.49,0.9981240934536078,1.1732932939177643,0.6599470935444834,0.6756927714865045,6.314821316187097,0.3825032507973475,0.9766969862540026,0.9288673576696221,13.492913061676026,0.8237571088748806,0.8810842767379128,0.9125764305586231,0.4663391044581343,0.3009725819618947,10.017886779058475,0.3924542171966946,1.5494404886262239,0.8111351234966464,28.007313367538075,0.7469333777926415,0.7603833738165954,0.7898270525029473
0.4925,0.9981117506845605,1.1747459915999716,0.6576361250193102,0.6734351744579441,6.31380382510229,0.3826434090478314,0.9765396135547111,0.927434431382436,13.492486493848125,0.8221116100012196,0.8794413771835015,0.9110410517089707,0.4694303857880665,0.30294983371738554,10.01847682367907,0.39251060186812764,1.5495317492928105,0.8132363450306579,27.98973002849468,0.7492809818394407,0.7625811190175864,0.7919586306529529
0.495,0.998099367327891,1.176200241909651,0.6553286223563041,0.6711803270966585,6.3127870137958135,0.3827832845621311,0.9763823459949659,0.9259892562035105,13.49189854229467,0.8204638001259454,0.8777930711206763,0.9094973083510361,0.4725157133536811,0.3049230428414588,10.019065805990046,0.39256779235564887,1.5496228456547316,0.8152804652362501,27.970790095970166,0.7516148710549656,0.7647625012174277,0.7940713463910389
0.4975,0.9980869432149797,1.1776559936368902,0.6530246638587429,0.6689283073209787,6.311770923306765,0.3829228572443011,0.9762251899221771,0.9245319813196841,13.491150002466835,0.8188137385616138,0.8761394196559317,0.9079452699338761,0.47559499450188003,0.30689214543258925,10.019653904084524,0.392625782951124,1.5497138052571873,0.8172675615187992,27.95050677188164,0.7539351012795311,0.766927602226139,0.7961653373603157
0.5,0.9980744781773584,1.1791131961334216,0.650724326979002,0.6666791922528491,6.310755594972405,0.3830621070721838,0.9760681517298713,0.9230627553608162,13.490241668180298,0.8171614843696922,0.8744804839270313,0.9063850060142642,0.4786681379974109,0.3088570783451481,10.020241297082865,0.39268456829733156,1.5498046558042575,0.8191977227967531,27.92889337032639,0.756241728268781,0.7690765035972055,0.798240739744785
0.5025000000000001,0.9980619720467011,1.1805717993126212,0.6484276883334026,0.6644330582309651,6.309741070444212,0.38320101409955354,0.9759112378601745,0.9215817263734642,13.489174331222694,0.8155070963684027,0.8728163251099268,0.9048165862535608,0.4817350539838637,0.3108177791690384,10.02082816496045,0.3927441433682019,1.5498954251322665,0.8210710495630474,27.90596332066152,0.7585348076625638,0.7712092865947724,0.8002976881888082
0.505,0.9980494246548199,1.1820317536491503,0.6461348237168044,0.6621899808236897,6.30872739170388,0.38333955845811896,0.975754454806286,0.9200890417947821,13.48794878096052,0.8138506331405175,0.8711470044255275,0.903240080415103,0.4847956539443718,0.3127741862093546,10.0214146883762,0.3928045034484924,1.5499861411832594,0.8228876539451823,27.881730170470597,0.7608143949606007,0.7733260321622571,0.8023363157220775
0.5075000000000001,0.9980368358336582,1.1834930101782648,0.6438458081169481,0.6599500348417581,6.307714601079238,0.3834777203593896,0.975597809114941,0.9185848484266714,13.486565803945904,0.8121921530411126,0.8694725831463355,0.9016555583621466,0.48784985066202574,0.314726238466062,10.022001048502093,0.3928656441129545,1.5500768319786347,0.8246476597632346,27.85620758839823,0.7630805455078001,0.7754268208923272,0.8043567536901025
0.51,0.9980242054152857,1.184955520494843,0.6415607157285552,0.6577132943507794,6.306702741260056,0.3836154800964133,0.9754413073888551,0.9170692924102384,13.48502618352384,0.8105317142052773,0.8677931226029771,0.9000630900563706,0.49089755818000674,0.3166738756136904,10.022587426853855,0.39292756120504796,1.5501675255929581,0.8263512025850942,27.82940936683391,0.7653333144836016,0.7775117329981989,0.8063591316902085
0.5125,0.9980115332318927,1.186419236752195,0.6392796199671974,0.6554798326835432,6.305691855313811,0.3837528180453892,0.9752849562891633,0.915542519200585,13.483330699440453,0.808869374555791,0.8661086841906469,0.8984627455569622,0.4939386917614502,0.31861703798103347,10.023174005123249,0.39299025081525835,1.5502582501280213,0.8280211094021523,27.80211092846847,0.7675727568924657,0.7795808482861915,0.8083435775130106
0.515,0.9979988191157887,1.1878841116607308,0.6370025934829419,0.6532497224521411,6.304681986701323,0.3838897146671664,0.9751287625378371,0.9140046735419942,13.481480127452874,0.8072051918107637,0.864419329375495,0.8968545950203148,0.496973167849044,0.32055566653084755,10.023760965012034,0.3930537092590766,1.5503490336871633,0.8296900675821548,27.775408475453684,0.7697989275562791,0.7816342461294845,0.8103102170893375
0.5175,0.9979860628993967,1.1893500984865724,0.6347297081737816,0.6510230355599134,6.303673179292296,0.38402615050863553,0.9749727329200899,0.9124558994435482,13.479475238941427,0.8055392234912531,0.8627251197009858,0.8952387087003544,0.5000009040243685,0.3224897028395415,10.02434848806799,0.39311793305469767,1.5504399043499064,0.8313100193619484,27.74769014068358,0.7720118811243233,0.7836720054430096,0.8122591744425334
0.52,0.9979732644152516,1.1908171510502064,0.6324610351988598,0.6487998432132267,6.302665477380758,0.3841621062040224,0.9748168742867633,0.9108963401552317,13.477316800524706,0.8038715269288704,0.861026116794249,0.8936151569495272,0.5030218189669863,0.32441908907685063,10.024936755523113,0.39318291890049795,1.5505308901469324,0.8328811350872619,27.718968035886306,0.7742116720591181,0.7856942046594177,0.8141905716460778
0.5225,0.9979604234959972,1.192285223725271,0.630196644991498,0.6465802159330949,6.301658925700379,0.3842975624760945,0.9746611935566982,0.9093261381445651,13.47500557367829,0.8022021592733968,0.8593223823724578,0.8919840102204667,0.5060358324132916,0.32634376798548714,10.025525948134346,0.3932486636523505,1.5506220190354474,0.8344035962132591,27.689254425481366,0.7763983545925239,0.787700921706051,0.8161045287864237
0.525,0.9979475399743865,1.1937542714375688,0.6279366072720304,0.6443642235666468,6.300653569439666,0.3844325001372892,0.974505697719083,0.9077454350738207,13.472542314357776,0.8005311775004504,0.857613978249257,0.8903453390683754,0.509042865115128,0.3282636828607621,10.026116246026938,0.3933151643008377,1.550713318874955,0.8358775953370322,27.658561727589156,0.7785719826991119,0.7896922339828537,0.818001163930961
0.5275,0.9979346136832777,1.1952242496643903,0.6256809910604583,0.6421519352984522,6.299649454257023,0.38456690009077665,0.9743503938357847,0.9061543717778654,13.469927772626793,0.7988586384191323,0.8559009663412692,0.8886992141541399,0.5120428387981893,0.3301787775301742,10.026707828540783,0.3933824179484197,1.5508048174034899,0.8373033362184716,27.626902514658475,0.78073261007871,0.7916682183411542,0.8198805931009757
0.53,0.9979216444556362,1.1966951144342144,0.623429864688922,0.6399434196617066,6.298646626295677,0.38470074333146503,0.9741952890436559,0.9045530882426762,13.467162692290737,0.7971845986796152,0.854183408674705,0.887045706248207,0.5150356761202226,0.3320889963329637,10.027300874079884,0.3934504217866193,1.5508965422143357,0.8386810337888415,27.594289513699373,0.7828802901419001,0.7936289510632514,0.8217429302494839
0.5325,0.9979086321245313,1.198166822326839,0.6211832958140018,0.6377387445492846,6.297645132198452,0.38483401094696246,0.9740403905568209,0.9029417235845741,13.464247810536849,0.7955091147807974,0.8524613673921031,0.8853848862352451,0.5180213006290517,0.3339942840996305,10.027895559965208,0.39351917307327783,1.5509885207332645,0.8402552582218495,27.568752528682975,0.7850150759948514,0.7955745078427355,0.8235882872437875
0.535,0.9978955765231373,1.1996393304739665,0.6189413514288482,0.6355379772246637,6.296645019122369,0.38496668411850327,0.9738857056689335,0.9013204160302206,13.4611838575814,0.7938322430780195,0.8507349047592215,0.8837168251196162,0.5209996367204487,0.33589458613142026,10.028492062291132,0.3935886691099416,1.551080780196336,0.8425089419604777,27.566031185344645,0.7871370204223016,0.797504963765487,0.8254167738525975
0.5375,0.9978824774847337,1.2011125965602432,0.6167040978751464,0.6333411843327225,6.295646334753108,0.385098744121852,0.9737312417554138,0.8996893028974113,13.457971556324559,0.7921540397908305,0.8490040831721054,0.8820415940316726,0.5239706095958832,0.33778984817978164,10.029090555785741,0.3936589072194302,1.5511733476282883,0.8447104209675151,27.562061610117354,0.7892461758691554,0.7994203932912807,0.8272284977375521
0.54,0.997869334842703,1.2025865788247259,0.6144716008549168,0.6311484319104178,6.294649127319258,0.3852301723281938,0.973577006275652,0.8980485205767148,13.454611622013655,0.7904745610108045,0.84726896516435,0.8803592642349087,0.5269341452201828,0.3396800164258043,10.029691213675177,0.3937298847236424,1.5512662498215584,0.8468596472503177,27.556851380465734,0.791342594421558,0.801320870235942,0.8290235644489522
0.5425,0.9978561484305317,1.2040612360627185,0.612243925442158,0.6289597853973427,6.2936534456064015,0.38536095020502187,0.9734230067751876,0.8963982045139831,13.45110476191542,0.788793862709403,0.8455296134145798,0.878669907133977,0.529890170279145,0.34156503745964617,10.030294207552267,0.39380159892164684,1.5513595133159621,0.8489565874163084,27.550408366254487,0.7934263277893799,0.8032064677539924,0.8308020774255166
0.545,0.9978429180818094,1.2055365276278969,0.6100211360943297,0.6267753096461678,6.292659338971001,0.38549105931703187,0.973269250887856,0.8947384891937714,13.447451674997774,0.7871120007458899,0.8437860907541602,0.8769735942835898,0.53283861213714,0.3434448582599618,10.030899707249656,0.393874047068107,1.5514531643790732,0.851001222838267,27.542740732649136,0.7954974272983693,0.8050772583217296,0.832564137997956
0.5475,0.9978296436302273,1.207012413434609,0.6078032966636846,0.6245950689329723,6.291666857354076,0.385620481327032,0.9731157463379049,0.8930695081236963,13.443653051621737,0.785429030875293,0.8420384601751593,0.875270397398322,0.5357793987947513,0.34531942617334604,10.031507880717685,0.3939472263520853,1.551547228987334,0.8529935498045389,27.53385694254233,0.7975559438880326,0.8069333137206824,0.8343098453961513
0.55,0.9978163249095776,1.208488853960227,0.6055904704084504,0.6224191269674657,6.290676051294681,0.38574919799687885,0.9729625009420783,0.8913913938197653,13.439709573244034,0.7837450087564249,0.8402867848385763,0.8735603883633248,0.5387124588465002,0.34718868889380744,10.032118893907192,0.39402113387626786,1.5516417328079288,0.8549335796533426,27.523765758489272,0.7996019280802564,0.8087747050213911,0.8360392967597085
0.5525,0.9978029617537525,1.209965810247403,0.603382720003867,0.6202475469031052,6.289686971943156,0.3858771911884459,0.9728095226116662,0.8897042777926941,13.43562191213078,0.7820599899599656,0.8385311280828487,0.8718436392459675,0.5416377214386988,0.34905259444228565,10.032732910657437,0.39409576663665036,1.5517367011814496,0.8568213388903985,27.51247624413752,0.8016354299490238,0.8106015025674538,0.837752587151665
0.555,0.997789553996741,1.2114432439060852,0.6011801075530867,0.6180803913471177,6.288699671074179,0.38600444286463476,0.9726568193545235,0.8880082905352451,13.431390731082779,0.7803740299766115,0.8367715534326514,0.8701202223084105,0.5445551162274832,0.35091109114622937,10.03335009258941,0.39417112150272315,1.551832159105395,0.8586568692891209,27.499997765137092,0.8036564991068668,0.8124137759597823,0.8394498095750882
0.5575,0.9977761014726291,1.212921117115132,0.5989826945979427,0.6159177223704276,6.287714201099581,0.38613093509043656,0.9725043992770518,0.8863035615105981,13.427016683172806,0.7786871842252917,0.8350081246080017,0.8683902100211255,0.5474645733370688,0.35276412761924775,10.03397059900462,0.3942471951981898,1.5519281312185145,0.860440227972673,27.48633998951853,0.805665184687699,0.8142115940410154,0.8411310549923297
0.56,0.997762604015596,1.2143993926233918,0.5967905421295937,0.6137596015175034,6.286730615080944,0.38625665003405013,0.9723522705861477,0.8845902191417815,13.422500411495255,0.7769995080614553,0.8332409055336816,0.8666536750773692,0.550366023318271,0.3546116527408494,10.034594586789574,0.3943239842822524,1.5520246417860362,0.8621714874772098,27.47151288752771,0.8076615353195895,0.8159950248800252,0.8427964123466635
0.5625,0.9977490614599125,1.2158780337501132,0.5946037105990575,0.6116060898161272,6.285748966741995,0.3863815699680678,0.9722004415911206,0.8828683908021665,13.417842548928459,0.7753110567854382,0.831469960348984,0.8649106904086094,0.5532593971073348,0.35645361563627986,10.035222210326108,0.39440148513149725,1.5521217146857973,0.8638507357956848,27.455526730907636,0.8096455990975089,0.8177641357564573,0.8444459685860444
0.5650000000000001,0.9977354736399388,1.2173570043845816,0.5924222599276394,0.6094572477871014,6.284769310480754,0.38650567727073404,0.9720489207055706,0.8811382028070573,13.413043717910053,0.7736218856509132,0.8296953534177999,0.8631613292009197,0.5561446259851032,0.35828996565646776,10.03585362140765,0.39447969392240856,1.552219373395292,0.8654780764016485,27.43839209161911,0.8116174235604798,0.8195189931452427,0.8460798086887119
0.5675,0.9977218403901227,1.2188362689849082,0.5902462495172717,0.6073131354538994,6.283791701381489,0.3866289544272868,0.9718977164492381,0.8793997804063669,13.408104530225495,0.7719320498734303,0.8279171493390508,0.8614056649123403,0.5590216415365606,0.360120652358085,10.036488969161583,0.39455860661454256,1.5523176409796653,0.8670536282525106,27.420119839993635,0.8135770556707221,0.8212596627010109,0.8476980156903586
0.5700000000000001,0.9977081615449962,1.2203157925759294,0.5880757382607711,0.605173812352274,6.282816195226436,0.386751384031389,0.9717468374498165,0.8776532477784118,13.403025586810202,0.7702416046390652,0.8261354129574815,0.8596437712912095,0.5618903756107756,0.3619456254837279,10.037128399977732,0.39463821893438816,1.55241654008065,0.8685775257717986,27.400721142313586,0.81552454179319,0.8229862092423439,0.8493006707125884
0.5725,0.9976944369391758,1.2217955407462167,0.5859107845520324,0.6030393375398344,6.281842848507328,0.38687294878665973,0.9715962924447351,0.8758987280248182,13.397807477565312,0.7685506051131887,0.824350209374817,0.8578757223954694,0.5647507602812603,0.36376483494221934,10.03777205744305,0.3947185263599441,1.552516092906467,0.870049918810001,27.380207457816415,0.8174599276756087,0.8246986967357945,0.8508878529923732
0.5750000000000001,0.99768066640736,1.223275479644234,0.5837514462961667,0.6009097696056038,6.280871718436697,0.3869936315083132,0.9714460902829076,0.8741363431665554,13.39245078118737,0.7668591064493562,0.8225616039612996,0.8561015926129509,0.5676027278067658,0.3655782307890325,10.038420082282537,0.39479952410603814,1.552616321222686,0.8714709725836485,27.358590535121458,0.8193832584298022,0.8263971882796078,0.8524596399122404
0.5775,0.9976668497843288,1.224755575973731,0.5815977809195995,0.5987851666795704,6.279902862958986,0.38711341512491554,0.9712962399264501,0.8723662141411066,13.386956065012162,0.7651671637982821,0.8207696623676134,0.8543214566826347,0.5704462105925234,0.3673857632068345,10.039072612306382,0.39488120711041746,1.5527172463440504,0.8728408675923452,27.335882408079616,0.8212945785181756,0.8280817460870745,0.8540161070309078
0.58,0.9976529869049442,1.2262357969884885,0.579449845380139,0.5966655864422421,6.278936340761441,0.3872322826802686,0.9711467504523664,0.8705884608007791,13.381323884872824,0.7634748323169238,0.8189744505372041,0.8525353897168965,0.5732811411519335,0.3691873824861451,10.039729782363247,0.39496357002063376,1.5528188891272516,0.8741597995135426,27.312095391048217,0.8231939317444463,0.8297524314694604,0.8555573281141096
0.5825,0.9976390776041498,1.2277161104865806,0.5773076961770285,0.5945510861342173,6.2779722112848155,0.38735021733543157,0.970997631054203,0.8688032019121668,13.375554784972454,0.7617821671777227,0.8171760347190117,0.8507434672247354,0.5761074520687086,0.3709830390061063,10.040391724299676,0.3950466071817496,1.552921269964652,0.8754279790749118,27.28724207359511,0.8250813612337945,0.8314093048184484,0.8570833751653515
0.585,0.9976251217169732,1.2291964848043428,0.5751713893609899,0.5924417225657795,6.277010534733859,0.38746720237088855,0.9708488910436721,0.867010555156768,13.369649297771485,0.7600892235780176,0.8153744814806171,0.8489457651359892,0.5789250759594666,0.3727726832153575,10.041058566925493,0.3951303126248903,1.553024408778932,0.876645631904251,27.261335314638366,0.8269569094160032,0.8330524255880515,0.8585943184563686
0.5875,0.9976111190785274,1.2306768888102562,0.5730409805442711,0.5903375521265275,6.276051372087601,0.3875832211888752,0.9707005398522416,0.8652106371327736,13.363607943889965,0.7583960567496234,0.8135698577218217,0.8471423598265388,0.5817339454367717,0.3745562656130107,10.041730435985022,0.39521468005666205,1.5531283250186387,0.8778129983569515,27.23438823602953,0.8288206180088163,0.8346818522759589,0.8600902265570588
0.59,0.9975970695240142,1.2321572918989836,0.5709165249107004,0.5882386307950443,6.275094785109434,0.3876982573158716,0.9705525870326945,0.8634035633580259,13.357431232025112,0.7567027219685796,0.8117622306886646,0.8453333281445043,0.5845339930726191,0.37633373672972087,10.042407454134036,0.39529970284945887,1.5532330376546222,0.8789303333211086,27.20641421559087,0.8306725279903681,0.8362976424042805,0.8615711663646977
0.5925,0.9975829728887273,1.2336376639857833,0.5687980772257563,0.5861450141486142,6.274140836356954,0.38781229440527315,0.9704050422606518,0.8615894482741635,13.35111965888425,0.755009274565068,0.8099516679878881,0.8435187474374359,0.58732515136236,0.37810504710885,10.043089740922147,0.39538537403267515,1.5533385651773093,0.8799979060004827,27.177426879618842,0.8325126795663953,0.8378998524996936,0.8630372031322692
0.595,0.9975688290080564,1.2351179755015291,0.5666856918466566,0.5840567573729885,6.273189589191606,0.38792531624024784,0.970257915336063,0.8597684052519541,13.344673709133598,0.7533157699335096,0.8081382376018621,0.8416986955805003,0.5901073526890612,0.37987014728772334,10.043777412780452,0.39547168628484,1.553444925594795,0.8810159996755669,27.14744009486829,0.8343411121400983,0.8394885380729813,0.864488400495764
0.5975,0.997554637717492,1.2365981973885436,0.564579422732465,0.5819739152722039,6.272241107788064,0.3880373067367891,0.9701112161846582,0.8579405465978285,13.33809385536304,0.7516222635428459,0.806322007903972,0.8398732510056627,0.5928805292883036,0.38162898777897886,10.044470583014215,0.3955586319266872,1.5535521364317102,0.8819849114431335,27.116467960033848,0.8361578642838154,0.8410637535979907,0.865924820500332
0.6,0.9975403988526302,1.2380783010974181,0.5624793234542187,0.5798965422784521,6.271295457143374,0.38814824994697106,0.9699649548593614,0.856105983561618,13.331380558067288,0.7499288109470099,0.8045030476744772,0.8380424927318687,0.5956446132134188,0.3833815190520173,10.045169361800285,0.39564620291517044,1.553660214728821,0.8829049519347018,27.084524796747047,0.8379629737105098,0.8426255524900411,0.8673465236252077
0.6025,0.9975261122491783,1.2395582585849618,0.5603854472050727,0.577824692462,6.270352703085831,0.38825813006241355,0.9698191415416638,0.8542648263454982,13.324534265643608,0.7482354677955858,0.802681426116843,0.8362065003962137,0.598399536301174,0.38512769151456017,10.045873856189006,0.3957343908384315,1.553769177043326,0.8837764450144644,27.05162514010956,0.8397564772456169,0.844173987083839,0.8687535688073528
0.605,0.9975117777429591,1.2410380423133596,0.5582978468104568,0.5757584195411554,6.269412912283558,0.3883669314179601,0.9696737865429504,0.8524171841141471,13.317555414406508,0.7465422898446595,0.8008572128745464,0.8343653542861067,0.6011452301379165,0.38686745549432894,10.046584170110336,0.395823186911726,1.553879039449801,0.8845997274572858,27.017783728784867,0.8415384108005036,0.8457091086109582,0.8701460134637937
0.6075,0.9974973951699163,1.2425176252505756,0.5562165747382413,0.5736977768922762,6.2684761522528,0.3884746384955731,0.9695289003057834,0.8505631650061051,13.31044442861945,0.7448493329678514,0.7990304780483529,0.832519135372408,0.603881626026197,0.3886007612208623,10.047300404383929,0.3959125819743096,1.5539898175417601,0.8853751486074635,26.983015494672124,0.843308809348091,0.8472309671769718,0.8715239135126548
0.61,0.9974829643661195,1.2439969808719622,0.554141683108904,0.5716428175598147,6.267542491365888,0.38858123592844634,0.9693844934051332,0.8487028761463405,13.303201720543914,0.7431566531675321,0.7972012922140593,0.8306679253435373,0.6066086549518973,0.3903275588074928,10.048022656732906,0.39600256648728255,1.554101526433784,0.8861030700190201,26.94733555218782,0.8450677069005319,0.8487396117383174,0.8728873233929129
0.6125,0.9974684851677678,1.2454760831629887,0.5520732237056908,0.56959359426639,6.26661199885886,0.388686708505332,0.9692405765495579,0.846836423660002,13.29582769050579,0.7414643065862084,0.7953697264406899,0.8288118066405303,0.6093262475518921,0.39204779823350716,10.048751021801065,0.3960931305323919,1.5542141807641832,0.8867838650783488,26.910759187181547,0.8468151364878782,0.8502350900789962,0.874236296082926
0.615,0.9974539574111929,1.2469549066229244,0.5500112479847638,0.5675501594228842,6.265684744838727,0.38879104117507907,0.9690971605823262,0.8449639126873457,13.28832272697927,0.7397723495180749,0.7935358523091345,0.8269508624930252,0.6120343340822825,0.393761429326518,10.049485591173344,0.39618426381178495,1.5543277946981608,0.888010682603553,26.891252267051783,0.8485511301358647,0.8517174487872067,0.875570883117792
0.6175,0.9974393809328633,1.2484334262692636,0.547955807085328,0.5655125651385517,6.2647608002903645,0.3888942190513758,0.9689542564824845,0.8430854473998116,13.280687206688048,0.7380808384207176,0.7916997419312086,0.825085176956148,0.6147328443872426,0.3954684017450783,10.050226453399308,0.39627595564870877,1.5544423819314486,0.8896448898018184,26.884516642312736,0.8502757188415105,0.8531867332320109,0.876891134605614
0.62,0.9974247555693853,1.2499116176426248,0.5459069518397291,0.5634808632311343,6.263840237083009,0.3889962274176839,0.9688118753658603,0.8412011310172253,13.272921494723855,0.7363898299269613,0.7898614679691135,0.8232148349482734,0.6174217078685269,0.3971686649615721,10.05097369401949,0.39636819498914644,1.554557955694378,0.8912302175785647,26.876712268911586,0.8519889325472759,0.8546429875401379,0.8781970992427557
0.6225,0.9974100811575033,1.2513894568118271,0.5438647327835175,0.5614551052369774,6.2629231279763635,0.3890970517323557,0.9686700284860079,0.8393110658260854,13.265025944682014,0.7346993808568502,0.7880211036552678,0.8213399222896137,0.6201008534556857,0.3988621682454149,10.05172739559443,0.3964609704043803,1.554674528756373,0.8927668553544188,26.867850837364003,0.8536908001172614,0.8560862545730181,0.8794888243281597
0.625,0.9973953575341011,1.2528669203788059,0.5418292001654688,0.5594353424211383,6.262009546626269,0.38919667763391375,0.9685287272350844,0.8374153531989059,13.25700089881375,0.7330095482297609,0.7861787228124857,0.819460525741608,0.6227702095770402,0.4005488606465975,10.052487637736322,0.39655427009446875,1.5547921134308444,0.8942550087073124,26.857944357430238,0.8553813493202452,0.8575165759041323,0.8807663557768106
0.6275000000000001,0.9973805845362015,1.254343985483043,0.5398004039575613,0.5574216257874816,6.261099567589992,0.38929509094648,0.9683879831446685,0.8355140936145636,13.2488466881949,0.7313203892767295,0.7843343998744626,0.8175767330470536,0.6254297041314684,0.40222869097960995,10.05325449714307,0.39664808189262335,1.5549107215804578,0.8956948989968635,26.847005145525777,0.8570606068101908,0.8589339917967574,0.8820297381324109
0.63,0.9973657620009637,1.2558206298051817,0.5377783938649051,0.5554140060887572,6.26019326633109,0.3893922776853319,0.9682478078865121,0.8336073866796057,13.240563632910598,0.7296319614527648,0.7824882099065371,0.8156886329709414,0.6280792644610472,0.4039016078077728,10.05402804763479,0.3967423932704673,1.5550303646227779,0.8970867629686409,26.835045811732105,0.8587285980920847,0.8603385411821698,0.8832790145793222
0.6325000000000001,0.9973508897656823,1.2572968315695336,0.5357632193356178,0.5534125338366579,6.2592907192238645,0.3894882240625656,0.9681082132732299,0.8316953311504705,13.232152042255397,0.7279443224491121,0.7806402286266902,0.8137963153419435,0.6307188173245952,0.40556755942800815,10.05480836019251,0.39683719134415324,1.5551510535362565,0.8984308523392494,26.822079246436143,0.8603853474901602,0.8617302616383614,0.8845142269538228
0.635,0.9973359676677848,1.2587725695452323,0.5337549295706537,0.5514172593118514,6.258392003557443,0.3895829164928464,0.9679692112589302,0.8297780249565689,13.223612214948442,0.7262575302056861,0.7787905324267448,0.8118998710944954,0.6333482888721516,0.40722649385607224,10.05559550299913,0.3969324628813166,1.5552727988665649,0.8997274333631659,26.808118606626977,0.8620308781238648,0.8631091893693084,0.885735415754703
0.6375000000000001,0.997320995544828,1.2602478230458578,0.5317535735335812,0.5494282325739881,6.2574971975394735,0.3896763415992236,0.9678308139397863,0.8278555652241741,13.214944439363041,0.7245716429235816,0.7769391983937293,0.8099993923114295,0.6359676046204185,0.40887835881226886,10.056389541482455,0.39702819430883174,1.5553956107332514,0.9009767863822651,26.793177301878085,0.8636652118832466,0.8644753591848177,0.8869426201532192
0.64,0.9973059732344962,1.2617225719274272,0.5297591999603127,0.547445503471682,6.256606380299475,0.38976848621899296,0.9676930335545553,0.8259280483010725,13.206148993770208,0.7228867190776286,0.7750863043313623,0.8080949722671015,0.6385766894291851,0.41052310170765766,10.057190538360214,0.3971243717213354,1.5555194988367043,0.9021792053589894,26.77726898004322,0.8652883694013641,0.8658288044809666,0.8881358780024005
0.6425,0.9972909005745978,1.2631967965847561,0.527771857368793,0.545469121652464,6.255719631891872,0.3898593374095878,0.9675558824850465,0.8239955697819258,13.197226146595698,0.721202817428977,0.7732319287816313,0.8061867054709637,0.6411754674787391,0.4121606696307623,10.05799855368702,0.3972209808904755,1.5556444724654142,0.9033349973940961,26.760407512693423,0.8669003700268565,0.8671695572211348,0.8893152258456972
0.645,0.9972757774030634,1.2646704779462785,0.5257915940686438,0.5434991365727088,6.254837033298732,0.3899488824544853,0.9674193732565459,0.8220582245342971,13.188176156689988,0.7195199970377093,0.7713761510464204,0.8042746877115333,0.6437638622482567,0.41379100933477936,10.058813644902996,0.3973180072748345,1.5557705405034954,0.9044444822299461,26.74260698032287,0.8685012317992624,0.8684976479176301,0.8904806989249556
0.6475,0.9972606035579414,1.2661435974675324,0.5238184581707734,0.5415355975075351,6.253958666432234,0.390037108869118,0.967283518538197,0.8201161067253043,13.178999273610948,0.7178383172754742,0.7695190512091693,0.8023590161007147,0.6463417964951571,0.4154140672252801,10.059635866884054,0.39741543603047386,1.555897711438463,0.9055079917402773,26.723881657350688,0.8700909714276448,0.8698131056138801,0.8916323311876728
0.65,0.9972453788773992,1.267616137123601,0.5218524975969511,0.5395785535606763,6.253084614136925,0.39012400440678513,0.9671483311433505,0.8181693098488542,13.169695737918724,0.716157837838131,0.7676607101565175,0.8004397891184224,0.6489091922353881,0.41702978934839297,10.060465271993523,0.39751325202203514,1.5560259933692162,0.9065258694074203,26.704245996945506,0.871669604272362,0.8711159578671785,0.8927701552935128
0.6525,0.9972301031997188,1.269088079400907,0.5198937600893494,0.5376280536743242,6.252214960191759,0.39020955706456195,0.9670138240298792,0.8162179267534276,13.160265781482597,0.7144786187584001,0.7658012095999204,0.7985171066574738,0.6514659707246058,0.4186381213794468,10.06130191013503,0.3976114398343328,1.5561553940142194,0.9074984697879129,26.683714615699618,0.8732371443298301,0.872406230731947,0.8938942026200338
0.655,0.9972147763632971,1.270559407288819,0.5179422932200536,0.5356841466389378,6.251349789311969,0.3902937550892124,0.9668800103004678,0.8142620496703791,13.150709627799555,0.7128007204185084,0.763940632097201,0.796591070068699,0.6540120524402014,0.4202390086120573,10.062145828806306,0.39770998378436323,1.5562859207198232,0.9084261579674776,26.662302278178835,0.8747936042201175,0.8736839487434873,0.8950045032675955
0.6575,0.9971993982066453,1.2720301042715987,0.515998144400536,0.5337468811030169,6.250489187150776,0.39037658698311345,0.9667469032028772,0.8123017702427207,13.141027492324381,0.7111242035628208,0.7620790610740171,0.7946617822062342,0.6565473570641259,0.4218323959476283,10.062997073153781,0.3978088679336578,1.5564175804687084,0.9093093090063187,26.64002388137412,0.8763389951768689,0.8749491349021877,0.8961010860634099
0.66,0.9971839685683869,1.2735001543212359,0.5140613608910911,0.5318163055828294,6.249633240300966,0.3904580415102049,0.9666145161301885,0.8103371795543574,13.13121958281103,0.7094491293104491,0.7602165808452125,0.7927293474729488,0.6590718034664623,0.42341822788524947,10.06385568602769,0.39790807610089995,1.5565503798884095,0.9101483073757017,26.616894439080387,0.8778733270385752,0.8762018106581453,0.8971839785647072
0.6625,0.9971684872872584,1.2749695418917417,0.5121319898102203,0.5298924684720842,6.24878203629632,0.3905381077019821,0.9664828626210236,0.8083683681597448,13.121286099665081,0.7077755591678252,0.7583532766360295,0.7907938718659647,0.6615853096896996,0.424996448511969,10.064721708037451,0.3980075918747319,1.5566843252598797,0.9109435463867821,26.592929066227573,0.8793966082410665,0.8774419958961787,0.8982532070609963
0.665,0.9971529542021074,1.276438251915428,0.5102100781439542,0.5279754180515347,6.247935663612893,0.3906167748635508,0.9663519563597439,0.8063954261139306,13.11122723630713,0.7061035550412276,0.7564892346031465,0.7888554630222122,0.664087792933676,0.4265670014934277,10.065595177607149,0.39810739862667555,1.5568194225260716,0.9116954276126285,26.568142963188016,0.8809088458121761,0.878669708921196,0.8993087965754034
0.6675,0.9971373691518906,1.277906269801671,0.5082956727550949,0.5260652024984973,6.247094211670131,0.3906940325797666,0.9662218111766226,0.8044184430029435,13.101043179546691,0.7044331792492401,0.7546245418555056,0.7869142302639672,0.6665791695411681,0.42812983006485184,10.066476131030866,0.3982074795241015,1.556955677300497,0.9124043603044072,26.54255140008414,0.8824100453650512,0.8798849664439056,0.9003507708651005
0.67,0.9971217319756721,1.2793735814385538,0.5063888203923549,0.52416186989626,6.246257770831786,0.3907698707214791,0.9660924410479862,0.8024375079744838,13.09073410996643,0.7027644945351308,0.7527592864748914,0.7849702846442994,0.6690593549841262,0.4296848770224087,10.067364602527762,0.39830781754318245,1.5570930948757447,0.9130707608026668,26.51616970111907,0.8839002110808276,0.8810877835668556,0.9013791524208276
0.6725,0.997106042512619,1.2808401731977057,0.5044895676993655,0.5222654682433577,6.245426432406594,0.3908442794519023,0.9659638600963193,0.8004527097688624,13.080300202316167,0.701097564079108,0.7508935575362038,0.7830237389923522,0.6715282638505773,0.4312320847149481,10.068260624296721,0.39840839548178275,1.5572316802319315,0.9136950519446755,26.489013228952363,0.8853793456814519,0.8822781737708144,0.902393962465557
0.675,0.9970903006019955,1.282306031942509,0.502597961223521,0.5203760454626832,6.244600288648641,0.39091724923312704,0.9658360825903213,0.79846413675013,13.069741625916144,0.6994324515104122,0.7490274451273746,0.7810747079583727,0.6739858098322499,0.43277139503616663,10.069164226570496,0.3985091959722423,1.5573714380450792,0.914277662468752,26.461097369142475,0.8868474504063746,0.8834561489015188,0.9033952209523497
0.6775,0.9970745060831551,1.2837711450397267,0.5007140474246187,0.5184936494103969,6.243779432757368,0.3909887708327888,0.9657091229449073,0.7964718769373249,13.059058545068952,0.6977692209191995,0.7471610403688548,0.7791233080583774,0.6764319057129947,0.4343027494172476,10.070075437669315,0.39861020149403087,1.5575123726954034,0.9148190264165338,26.432437514676547,0.8883045249955086,0.8846217191568375,0.904382946561494
0.68,0.9970586587955309,1.2852355003744473,0.49883787268325486,0.5166183278845978,6.242963958877112,0.39105883533089913,0.9655829957211374,0.7944760180357657,13.048251119479243,0.6961079368681969,0.7452944354325985,0.7771696577183486,0.6788664633581182,0.4358260888200547,10.070994284053846,0.398711394386258,1.5576544882755072,0.9153195825341512,26.403049050608065,0.8897505676755998,0.8857748930744432,0.9053571566970526
0.6825,0.997042758578624,1.2866990863681096,0.4969694833089251,0.5147501286337107,6.242153962096129,0.3911274341268409,0.9654577156260642,0.792476647468295,13.037319504680429,0.6944486644040855,0.7434277235604559,0.7752138773178268,0.6812893937047726,0.43734135373096483,10.071920790377716,0.3988127568600447,1.5577977885985028,0.915779773673254,26.372947338822577,0.8911855751492335,0.886915677520095,0.9063178674829584
0.685,0.9970268052719858,1.2881618919992213,0.4951089255477791,0.5128890993645415,6.241349538444949,0.39119455894652194,0.9653332975124803,0.7904738524063871,13.026263852467322,0.6927914690685556,0.7415609990818798,0.7732560892327597,0.6837006067535714,0.4388484841554582,10.072854979539386,0.3989142710107683,1.5579422772060356,0.9163805656401879,26.34733791218936,0.8926095425867804,0.888044077676697,0.9072650937588788
0.6875,0.997010798715203,1.289623906826277,0.49325624558997266,0.5110352877499497,6.240550784894022,0.3912602018496744,0.965209756378553,0.7884677198010126,13.015084311333673,0.6911364169089806,0.7396943574308428,0.7712964178774537,0.6861000115616386,0.44034741961358587,10.073796872733716,0.3990159188302166,1.5580879573762596,0.9176395980612343,26.341057039862605,0.8940224636214993,0.8891600970343186,0.9081988490760728
0.6900000000000001,0.996994738747874,1.291085121012265,0.4914114895765605,0.5091887414360844,6.2397577993505005,0.3913243552372791,0.9650871073673268,0.7864583364131568,13.003781026913485,0.6894835744886307,0.7378278951618551,0.7693349897454663,0.6884875162373117,0.44183809913646144,10.074746489503074,0.3991176822186858,1.5582348321317416,0.918849951310028,26.333751541121877,0.895424330347774,0.8902637373814167,0.9091191456935503
0.6925,0.9969786252095868,1.2925455253500802,0.4895747036058689,0.5073495080491275,6.2389706806541,0.3913870118590898,0.9649653657660835,0.784445788843878,12.9923541424249,0.6878330088963699,0.7359617099649672,0.7673719334492637,0.6908630279367429,0.44332046126392416,10.075703847788244,0.399219542997077,1.5583829042473363,0.9200119588236233,26.32543580199297,0.8968151333224916,0.8913549987975303,0.910025994574862
0.6950000000000001,0.9969624579398918,1.294005111288111,0.48774593373928643,0.5055176352014839,6.238189528571903,0.3914481648212243,0.964844547005538,0.7824301635638,12.980803799115519,0.6861847877557735,0.7340959006796398,0.7654073797584685,0.6932264528626546,0.44479444404353646,10.076668963979163,0.39932148291904523,1.5585321762580326,0.9211259650624904,26.316124371177278,0.8981948615697433,0.892433879647765,0.910919405385914
0.6975,0.9969462367782733,1.2954638709552453,0.4859252260064156,0.5036931704973651,6.237414443792039,0.39150780759378706,0.9647246666588615,0.7804115469419205,12.969130136708005,0.6845389792335972,0.7322305673073589,0.7634414616365134,0.6955776962655057,0.4462599850310756,10.077641852965565,0.3994234836832604,1.558682650466787,0.9221923249047935,26.30583194317932,0.8995635025893434,0.8935003765794141,0.9117993864942404
0.7000000000000001,0.9969299615641177,1.2969217971845486,0.484112626409522,0.5018761615377035,6.23664552791617,0.39156593401848344,0.9646057404405187,0.7783900252736322,12.957333293844878,0.6828956520475302,0.7303658110228798,0.7614743142755109,0.6979166624473276,0.4477170212926833,10.078622528187623,0.39952552694583837,1.558834328952356,0.9232114030355143,26.294573341426695,0.900921042369378,0.8945544845210895,0.9126659449702021
0.7025,0.9969136321366814,1.298378883534922,0.48230818092722777,0.5000666559243443,6.23588288345068,0.3916225383161866,0.9644877842049056,0.7763656848078494,12.945413408531417,0.6812548754731664,0.7285017341839807,0.7595060751291611,0.7002432547684749,0.44916548940882184,10.07961100168671,0.39962759433299583,1.5589872135771474,0.9241835733317308,26.282363501412167,0.9022674654023471,0.8955961966847535,0.9135190865906039
0.705,0.9968972483350563,1.2998351243100958,0.4805119355173923,0.4982647012634553,6.235126613796549,0.39167761509441634,0.9643708139447825,0.7743386117731418,12.933370618575841,0.6796167193501291,0.7266384403396182,0.7575368839435067,0.7025573756575136,0.45060532548018506,10.08060728415621,0.3997296674539763,1.5591413059950794,0.9251092182454302,26.26921745388863,0.9036027547023314,0.8966255045710548,0.9143588158452539
0.7075,0.9968808099981343,1.3012905145744234,0.4787239361191346,0.49647034516810906,6.234376823237874,0.3917311593546942,0.9642548457894995,0.7723088924027859,12.921205062025878,0.6779812540872813,0.7247760342363717,0.7555668827853561,0.7048589266244539,0.45203646513568474,10.08161138499257,0.39983172791428045,1.5592966076594754,0.925988728185256,26.255150308149858,0.9049268918183643,0.8976423979783531,0.9151851359469766
0.71,0.9968643169645715,1.3027450501650457,0.4769442286539481,0.4946836352599839,6.233633616928978,0.39178316649973915,0.9641398960030024,0.7702766129586505,12.908916877601026,0.676348550666947,0.7229146218230884,0.753596216068205,0.707147808277492,0.4534588435426205,10.082623312346527,0.39993375732922476,1.559453119830989,0.9268225008986368,26.240177235430306,0.9062398568443758,0.8986468650158171,0.9159980488455852
0.7125,0.9968477690727521,1.3041987277001306,0.4751728590258749,0.49290461917014355,6.232897100880178,0.3918336323404803,0.964025980981631,0.768241859753843,12.896506205120017,0.6747186806480857,0.7210543102536331,0.7516250305754831,0.7094239203433905,0.4548723954191132,10.083643073174596,0.4000357373378345,1.5596108435855667,0.9276109408557501,26.224313452458663,0.9075416284318976,0.8996388921209297,0.9167975552462968
0.715,0.9968311661607525,1.3056515445830126,0.4734098731207042,0.4911333445388565,6.232167381942166,0.3918825531028624,0.9639131172517037,0.7662047191740617,12.883973185923043,0.6730917161683757,0.7191952078876698,0.749653475480971,0.7116871616915853,0.4562770550488521,10.084670673290834,0.4001376496170592,1.5597697798224528,0.9283544586367561,26.207574205199272,0.9088321838064585,0.9006184640816981,0.9175836546330178
0.7175,0.996814508066308,1.3071034990022257,0.4716553168041716,0.48936985901442587,6.231444567789048,0.39192992543443445,0.9638013214668947,0.7641652776976008,12.871317963288456,0.671467729945176,0.7173374242894087,0.7476817023662433,0.713937430362058,0.457672756298179,10.085706117418994,0.40023947589628617,1.5599299292722586,0.9290534703237039,26.18997475281595,0.9101114987806032,0.9015855640637986,0.9183563452968707
0.72,0.9967977946267761,1.3085545899275395,0.4699092359191447,0.4876142102510032,6.230728766900138,0.39197574641071725,0.963690610405417,0.7621236219139789,12.85854068284401,0.669846795275337,0.7154810702242657,0.7457098652349954,0.7161746235969637,0.45905943263549737,10.086749409245053,0.4003411979721043,1.560091292505084,0.9297083968984619,26.1715303518909,0.911379547762721,0.9025401736428117,0.9191156243702654
0.7225,0.9967810256791063,1.3100048171022525,0.46817167628178524,0.4858664459053737,6.230020088540495,0.3920200135413556,0.9635810009670133,0.7600798385411712,12.845641492972534,0.6682289860338303,0.7136262576533973,0.7437381205241416,0.7183986378759526,0.4604370171529609,10.087800551470293,0.4004427977232623,1.5602538699387296,0.930319663647921,26.152256240930424,0.9126363037703118,0.9034822728416236,0.9198614878667014
0.725,0.9967642010598082,1.311454181032117,0.4664426836766905,0.4841266136327027,6.229318642740329,0.3920627247760715,0.96347251016977,0.7580340144414482,12.832620545212562,0.6666143766711743,0.7117730997260834,0.7417666271115727,0.7206093689550762,0.46180544259036505,10.08885954586499,0.4005442571257433,1.5604176618469994,0.9308876995776204,26.132167625186128,0.913881738451542,0.9044118401729618,0.920593930726412
0.7275,0.9967473206049231,1.3129026829713815,0.46472230385102214,0.4823947610812468,6.22862454027333,0.3921038785104427,0.9633651551467654,0.755986236635833,12.819477994654184,0.6650030422096386,0.7099217107699562,0.7397955463204872,0.7228067119091142,0.4631646413611279,10.089926393322875,0.40064555826787396,1.560582668368124,0.9314129368348083,26.111279661817687,0.9151158221130963,0.9053288526869425,0.9213129468678223
0.73,0.9967303841499962,1.3143503249065036,0.4630105825076429,0.48067093588603815,6.227937892634016,0.39214347359153967,0.9632589531425666,0.7539365923172155,12.806214000330986,0.6633950582382414,0.7080722062790723,0.7378250419202189,0.7249905611771188,0.4645145455802199,10.09100109391655,0.40074668336537206,1.5607488895133332,0.9318958101417817,26.089607445419194,0.9163385237515307,0.9062332860233849,0.9220185292446785
0.7325,0.9967133915300527,1.3157971095381824,0.4613075652972852,0.47895518566156453,6.227258812014144,0.3921815093234621,0.9631539215095808,0.7518851688621843,12.792828725608835,0.6617905009065105,0.7062247028998573,0.7358552801235136,0.7271608106109236,0.46585508709387186,10.09208364695401,0.400847614776233,1.560916325175596,0.9323367562401866,26.067165993926892,0.9175498110869742,0.9071251144685576,0.9227106699085792
0.735,0.9966963425795746,1.3172430402623685,0.4596132978097898,0.47724755799346874,6.2265874112783255,0.3922179854728211,0.963050077704284,0.7498320538416372,12.779322338572696,0.6601894469169477,0.7043793184149565,0.733886429580208,0.7293173535263303,0.467186197510865,10.093174051036474,0.4009483350153543,1.561084975138567,0.9327362133467602,26.043970234921414,0.918749650599024,0.9080043110158934,0.9233893600765033
0.7375,0.9966792371324803,1.3186881211509474,0.4579278255644526,0.47554810042930795,6.225923803938854,0.39225290227421933,0.9629474392833272,0.7477773350302845,12.765695012412824,0.6585919735162944,0.7025361717250426,0.7319186613672984,0.7314600827566528,0.46850780823518823,10.094272304117736,0.4010488267687963,1.5612548390857641,0.9330946206207967,26.02003499233228,0.9199380075651763,0.9088708474301298,0.9240545902028062
0.74,0.996662075022106,1.3201323569327816,0.4562511939995298,0.4738568604684141,6.225268104129839,0.39228626043577947,0.9628460238995361,0.745721100415139,12.751946925811716,0.6569981584856469,0.7006953828286451,0.7299521489753902,0.733588890708274,0.4698198504998289,10.095378403565203,0.4011490729075835,1.5614259166100115,0.9334124176434144,25.995374973547243,0.9211148461022227,0.9097246943142194,0.924706350055028
0.7425,0.9966448560811894,1.3215757529757672,0.45458344846095344,0.47217388555090534,6.224620426580689,0.3923180611447776,0.9627458492978103,0.7436634382031363,12.738078263333696,0.6554080801294485,0.6988570728000769,0.7279870682915361,0.73570366941785,0.47112225540145597,10.096492346222817,0.40124905650095793,1.56159820722317,0.9336900439084983,25.9700047569235,0.9222801292103853,0.9105658211782993,0.9253446287927488
0.745,0.9966275801418554,1.3230183152705188,0.4529246341903126,0.4704992230459041,6.223980886588978,0.3923483060734285,0.9626469333109253,0.741604436828017,12.724089215818779,0.6538218172634261,0.6970213637655411,0.7260235975784857,0.7378043106107909,0.47241495393574534,10.09761412847601,0.40134876082900645,1.5617717103661835,0.9339279383249974,25.943938779692523,0.9234338188198314,0.911394196509926,0.9259694150486252
0.7475,0.9966102470356037,1.3244600504162378,0.45127479631216194,0.4688329202390196,6.223349599992733,0.392376997384871,0.9625492938552475,0.739544184956634,12.709979980782986,0.6522394492015174,0.6951883788775084,0.7240619174503651,0.7398907057606376,0.4736978770331015,10.098743746318789,0.40144816939459693,1.5619464254194553,0.9341265387300851,25.917191326245458,0.9245758758402202,0.9122097878447547,0.9265806970106579
0.75,0.9965928565932971,1.3259009656092562,0.4496339798207125,0.46717502431915653,6.222726683142105,0.39240413773938826,0.9624529489263521,0.7374827714948362,12.695750762826885,0.6506610557418334,0.6933582422874635,0.7221022108448254,0.7419627461489724,0.47497095559453273,10.099881195423043,0.40154726593457407,1.5621223517135683,0.9342862814125268,25.889776516781268,0.9257062602136363,0.9130125618368126,0.9271784625046832
0.7525000000000001,0.9965754086451526,1.327341068634666,0.4480022295659681,0.46552558236470826,6.222112252870487,0.3924297303008942,0.9623579165945562,0.7354202855930966,12.68140177405461,0.6490867171517123,0.6915310791171094,0.7201446629916779,0.7440203229255029,0.47623412052745173,10.101026471210115,0.401646034430183,1.5622994885403534,0.934407600645492,25.861708296296623,0.9268249309712479,0.9138024843275344,0.9277626990760415
0.755,0.9965579030207335,1.3287803678613728,0.4463795902393607,0.4638846413291977,6.221506426464996,0.39245377874369947,0.9622642150003528,0.7333568166520384,12.666933234505171,0.6475165141519181,0.6897070154281261,0.7181894613780403,0.7460633271679934,0.47748730278118867,10.102179568924589,0.4017444591167037,1.5624778351643023,0.9344909282279454,25.833000423893143,0.9279318462927597,0.9145795204127418,0.9283333940693699
0.7575000000000001,0.9965403395489423,1.3302188722408421,0.4447661063589406,0.46225224802642056,6.220909321636347,0.39247628725956063,0.962171862349752,0.7312924543280074,12.652345372597978,0.6459505279000329,0.6878861781905641,0.7162367957100001,0.7480916499417436,0.4787304333820288,10.103340483710259,0.4018425244923049,1.5626573908343186,0.9345366930337217,25.803666462376366,0.9290269635637336,0.9153436345068178,0.9288905347054827
0.76,0.9965227180580138,1.3316565913097251,0.4431618222541687,0.4606284491151455,6.220321056488032,0.3924972605650007,0.9620808769095142,0.729227288538833,12.637638425594222,0.6443888399730836,0.686068695249953,0.7142868578707892,0.7501051823583521,0.47996344346761105,10.104509210688152,0.4019402153261357,1.5628381547957841,0.9350472521765434,25.787562483237718,0.9301102394118302,0.9160947904034112,0.9294341081543622
0.7625000000000001,0.9965050383755114,1.3330935351964954,0.44156678205035627,0.45901329108341893,6.219741749484826,0.39251670390887394,0.9619912770022774,0.7271614094698857,12.622812640075535,0.6428315323494492,0.6842546952931833,0.7123398418754365,0.7521038156335514,0.4811862643205566,10.105685745036507,0.40203751666570237,1.56302012630293,0.9359188101459845,25.781782780776208,0.9311816297305885,0.9168329513320992,0.9299641016033545
0.765,0.996487300328319,1.3345297146321535,0.4399810296527892,0.45740682023251894,6.219171519420501,0.39253462308013193,0.9619030810015654,0.7250949075805316,12.607868272440957,0.6412786873900944,0.6824443078132135,0.7103959438218492,0.754087441143946,0.4823988274012271,10.106870082072486,0.40213441384358345,1.5632033046314735,0.9367444159728349,25.775094452204605,0.9322410897135472,0.9175580800105754,0.9304805023197905
0.7675000000000001,0.9964695037426389,1.3359651409650064,0.4384046087305712,0.45580908266059134,6.218610485384801,0.39255102441573564,0.9618163073266794,0.7230278736110434,12.592805589422964,0.6397303878191751,0.6806376630726256,0.7084553618382353,0.7560559504825375,0.4836010643795505,10.108062217335485,0.40223089248356336,1.5633876890915046,0.9375244538349321,25.767511465166663,0.9332885738918336,0.9182701386920704,0.93098329770738
0.77,0.9964516484439824,1.3373998261794566,0.43683756270020974,0.45422012424600283,6.218058766729541,0.3925659148086428,0.961730974437454,0.7209603985900112,12.577624868622792,0.6381867167040604,0.6788348920660513,0.7065182960267633,0.7580092355129796,0.4847929071658825,10.109262146671863,0.4023269385062677,1.5635732790405905,0.9382593110645434,25.75904773970806,0.9343240361708556,0.918969089207857,0.931472475355891
0.7725,0.9964337342571647,1.3388337829186845,0.43527993470896986,0.45263999063043214,6.217516483033885,0.3925793017157912,0.9616471008288874,0.7188925738422517,12.562326399064814,0.6366477574348041,0.6770361264814506,0.7045849484033141,0.7599471884225522,0.48597428794091024,10.110469866320875,0.4024225381344012,1.5637600738970667,0.938949377565821,25.749717133710824,0.9353474298653709,0.919654893004867,0.9319480230838127
0.775,0.9964157610062947,1.340267024511033,0.43373176761800836,0.4510687272017211,6.216983754068699,0.39259119316598734,0.961564705025628,0.716824490997192,12.54691048176933,0.6351135937030787,0.6752414986602288,0.7026555228331622,0.7618697017739,0.4871451391846329,10.111685373001716,0.40251767789769327,1.5639480731534996,0.9395950452275582,25.73953342832565,0.9363587077334473,0.920327511178581,0.9324099289738742
0.7775,0.9963977285147632,1.3416995649998344,0.432193103985307,0.4495063790764996,6.216460699760028,0.39260159776760745,0.961483805576325,0.7147562419976636,12.531377430342483,0.6335843094805665,0.6734511415561388,0.7007302249623897,0.7637766685556246,0.4883053937044842,10.112908664001532,0.4026123446376609,1.5641372763902988,0.9401967073312315,25.728510313395187,0.937357822010317,0.9209869045015212,0.9328581814014868
0.78,0.9963796366052274,1.34313141917633,0.430663986048413,0.4479529910826003,6.21594744015163,0.39261052471601066,0.9614044210478343,0.7126879191090203,12.515727571581598,0.6320599889968072,0.6716651886929201,0.6988092621448171,0.7656679822318567,0.48945498466268444,10.114139737264287,0.4027065255122994,1.5643276832894628,0.9407547579545318,25.716661372867115,0.9383447244429346,0.9216330334477908,0.9332927690563569
0.7825,0.9963614850995934,1.3445626026152524,0.429144455707,0.44640860774127056,6.215444095366614,0.39261798380056867,0.9613265700192848,0.7106196149284576,12.49996124609371,0.6305407167164868,0.6698837741205961,0.6968928433642193,0.7675435367909663,0.49059384560292446,10.115378591480479,0.4028002080008104,1.5645192936484544,0.9412695913708495,25.704000070202525,0.939319366325644,0.9222658582142191,0.9337136809576742
0.785,0.9963432738189898,1.3459931317125362,0.42763455450526144,0.44487327324920006,6.214950785568148,0.39262398541121635,0.961250271076001,0.7085514223943945,12.484078808924645,0.6290265773161614,0.6681070323703558,0.6949811791515842,0.7694032267935896,0.4917219104764983,10.116625226177726,0.40289337990846785,1.5647121073942118,0.9417416014453892,25.69053973379085,0.9402816985370535,0.9228853387387407,0.934120906463407
0.7875,0.9963250025837391,1.3474230237245213,0.42613432361415454,0.4433470314603751,6.214467630919305,0.39262854054443375,0.9611755428032928,0.7064834347957527,12.468080630195535,0.6275176556603793,0.666335098407933,0.693074481497159,0.7712469474201541,0.4928391136680007,10.117879641812204,0.4029860293717191,1.5649061245972897,0.9421711810288262,25.676293542388457,0.9412316715781547,0.9234914347166936,0.9345144352743512
0.79,0.9963066712133211,1.3488522968079217,0.4246438038135118,0.44182992586778075,6.213994751542036,0.39263166080857964,0.9611024037801099,0.7044157457809619,12.451967095743402,0.6260140367772303,0.6645681075853933,0.6911729637570457,0.7730745945180814,0.4939453900207018,10.119141839861022,0.4030781448636059,1.5651013454861495,0.9425587213495732,25.661274510602972,0.942169235611871,0.9240841056157103,0.9348942574336141
0.7925,0.9962882795263287,1.3502809700597327,0.4231630354740507,0.44032199958497764,6.213532267475339,0.39263335842850344,0.9610308725725718,0.702348449366506,12.435738607762172,0.6245158058333481,0.6628061955912521,0.6892768405541078,0.7748860646488308,0.49504067486169884,10.120411822915708,0.40316971519957884,1.5652977704616158,0.9429046114058729,25.6454954744494,0.9430943405042048,0.924663310689862,0.9352603633222408
0.795,0.9962698273404167,1.3517090635561835,0.42169205853931296,0.43882329532758235,6.213080298632685,0.39263364624937536,0.9609609677273835,0.7002816399448256,12.419395585440293,0.6230230481083955,0.6610494983988396,0.6873863276729664,0.7766812551349142,0.49612490402692455,10.121689594776807,0.40326072954377157,1.565495400111509,0.943209237359032,25.62896907700688,0.9440069358670886,0.9252290089936397,0.9356127436516448
0.7975,0.9962513144722419,1.3531365983897914,0.4202309125075758,0.43733385539469366,6.212638964758742,0.39263253773968293,0.9608927077651408,0.6982154122914005,12.402938465591111,0.6215358489690577,0.659298152212857,0.6855016419489038,0.7784600641069689,0.4971980138860657,10.122975160549768,0.4033511774157847,1.5656942352254752,0.9434729819291549,25.611707754207103,0.944906971103049,0.9257811593962557,0.935951389453427
0.8,0.996232740737395,1.3545635967035683,0.4187796364137859,0.4358537216503111,6.212208385385504,0.3926300469933547,0.9608261111735465,0.6961498615708418,12.386367703272201,0.6200542938425754,0.6575522934140644,0.6836230011505082,0.7802223905509357,0.4982599413674138,10.124268526742213,0.4034410486980253,1.5658942768100323,0.9436962237947396,25.593723720785817,0.9457943954518078,0.9263197205966348,0.9362762920670411
0.8025,0.9962141059503229,1.355990081721446,0.4173382688115729,0.43438293550480067,6.2117886797879045,0.39262618873098004,0.9607611964005444,0.6940850833418457,12.369683772390053,0.6185784681898565,0.6558120585020772,0.6817506238559393,0.7819681343553181,0.4993106239826348,10.125569701362645,0.40353033364363683,1.5660955261038338,0.9438793369974809,25.575028956428856,0.9466691580390498,0.9268446511392995,0.9365874431256147
0.805,0.9961954099242447,1.3574160777740931,0.41590684775540815,0.43292153789646975,6.211379966939035,0.3926209783001015,0.9606979818473929,0.692021173560878,12.352887166286639,0.617108457478221,0.6540775840362533,0.6798847293227418,0.7836971963584476,0.5003499998514074,10.126878694020588,0.403619022885051,1.5662979845931604,0.944022690353569,25.555635192143438,0.9475312079260976,0.9273559094312175,0.936884834540051
0.8075,0.9961766524710569,1.3588416103194034,0.4144854107829793,0.4314695692733201,6.2109823654650445,0.3926144316745639,0.96063648586169,0.689958228584494,12.335978398305013,0.6156443471538375,0.6523490065746842,0.6780255373511711,0.785409478395609,0.5013780077258414,10.128195516028184,0.40370710744318816,1.566501654027631,0.9441266468727011,25.5355538968843,0.9483804941594086,0.9278534537595063,0.9371684584813619
0.81,0.996157833401235,1.3602667059571414,0.413073994897856,0.4300270695750473,6.210595993599922,0.3926065654529062,0.9605767267303792,0.6878963451702155,12.318958002331271,0.614186222613904,0.6506264626113205,0.6761732681410497,0.787104883345823,0.5023945870145534,10.12952018050305,0.4037945787373348,1.566706536436114,0.9441915631859722,25.514796264462948,0.949216965817955,0.928337242309754,0.937438307360993
0.8125,0.9961389525237244,1.361691392437463,0.4116726365525243,0.4285940782153637,6.210220969140217,0.392597396855785,0.9605187226727463,0.6858356204759354,12.301826533310905,0.6127341691785628,0.6489100885112897,0.6743281421422267,0.788783315178017,0.5033996778062408,10.130852702472255,0.40388142859572757,1.5669126341428066,0.9442177889837673,25.493373200767973,0.9500405720575292,0.9288072331845734,0.9376943738087463
0.8150000000000001,0.9961200096458303,1.3631156986632957,0.4102813716318672,0.42717063406471645,6.2098574093998975,0.3925869437224177,0.9604624918334377,0.6837761520578403,12.28458456773818,0.6112882720625525,0.6472000204444803,0.6724903798987562,0.7904446789962722,0.5043932208925695,10.132193098977096,0.40396764926687706,1.567119949783442,0.9442056664647542,25.4712953113239,0.9508512621529219,0.9292633844219116,0.9379366506477721
0.8175,0.9961010045730997,1.3645396546868853,0.40890023543716697,0.425756775433472,6.209505431165482,0.3925752245060293,0.9604080522755203,0.6817180378668851,12.267232704117708,0.6098486163467193,0.6454963943174896,0.6706602018869663,0.7920888810837801,0.5053751577901696,10.133541389178221,0.40405323343166955,1.567328486321548,0.9441555297971261,25.448572889217427,0.9516489855386292,0.9297056540125691,0.9381651308660186
0.8200000000000001,0.9960819371092037,1.3659632917011149,0.4075292626707007,0.42435254005563466,6.209165150651586,0.39256225826828456,0.9603554219736063,0.6796613762438865,12.249771563398129,0.6084152869495454,0.6437993457040577,0.6688378283476349,0.7937158289451188,0.5063454307615136,10.134897594460657,0.4041381742162905,1.5675382470646906,0.9440677045933166,25.42521590342206,0.9524336918476349,0.9301339999163378,0.9383798075834809
0.8225,0.9960628070558154,1.367386642026524,0.406168487420994,0.4229579650731606,6.208836683457039,0.3925480646726792,0.9603046188070663,0.6776062659133274,12.232201789378426,0.6069883685987862,0.642109009774114,0.6670234791125428,0.7953254313464351,0.5073039828344502,10.13626173853808,0.40422246520601746,1.5677492356806026,0.9439425073995493,25.40123398755534,0.9532053309480385,0.9305483800761922,0.9385806740146159
0.8250000000000001,0.9960436142124917,1.3688097390952387,0.4048179431487891,0.42157308702091933,6.208520144521727,0.3925326639768596,0.9602556605533531,0.6755528059760074,12.2145240490881,0.6055679458032962,0.6404255212215904,0.6652173734257062,0.7969175983531063,0.5082507578201665,10.137633847555552,0.4043061004599298,1.5679614562130733,0.9437802452018,25.376636429108384,0.9539638529779061,0.9309487524300087,0.9387677234253634
0.8275,0.9960243583765518,1.3702326174332666,0.4034776626737777,0.42019794181234965,6.208215648084262,0.3925160770238325,0.9602085648814558,0.673501095900689,12.196739033142952,0.6041541028251327,0.6387490141911688,0.6634197297596518,0.7984922413644742,0.5091857003293581,10.139013950189996,0.4043890745265852,1.568174913097487,0.9435812149499617,25.351432159192516,0.954709208378732,0.931335074919367,0.938940949084328
0.8300000000000001,0.9960050393429617,1.3716553126427742,0.4021476781621336,0.41883256472584374,6.207923307640632,0.3924983252320228,0.9601633493455036,0.6714512355149203,12.178847456078884,0.6027469236518874,0.6370796222041304,0.6616307656271208,0.8000492731452522,0.5101087557864112,10.140402077747412,0.40447138246070274,1.5683896111758615,0.9433457031023239,25.325629742855362,0.9554413479270389,0.931707305495122,0.9391003442078577
0.8325,0.9959856569042209,1.373077861386079,0.4008280211148747,0.4174769903918878,6.207643235903899,0.39247943058413093,0.9601200313785326,0.6694033249952358,12.160850056666552,0.6013464919692528,0.6354174780835034,0.6598506973886406,0.8015886078532531,0.5110198704414239,10.1417982642559,0.40455301984088354,1.5686055557112348,0.9430739851927509,25.299237370025146,0.95616022276251,0.932065402119563,0.9392459018989526
0.835,0.9959662108502525,1.3745003013730874,0.3995187223570704,0.4161312527809741,6.207375544765031,0.39245941561474296,0.9600786282864279,0.6673574648569519,12.142747598210187,0.5999528911340029,0.6337627138787028,0.6580797400564378,0.803110161063128,0.5119189913799274,10.14320254655348,0.40463398278838186,1.5688227524012472,0.9432279900408738,25.28463845842117,0.9568657844113374,0.9324093227651422,0.9393776150801716
0.8375,0.9959467009683006,1.3759226713537995,0.3982198120279014,0.41479538519229403,6.2071203452549275,0.39243830339664243,0.9600391572420497,0.6653137559437818,12.124540868834206,0.5985662041474508,0.6321154607898691,0.6563181070951978,0.8046138497858706,0.5128060665302122,10.144614964369667,0.4047142679869169,1.5690412073907598,0.9438063150419577,25.281769127926577,0.9575579848051614,0.9327390254099233,0.9394954764209316
0.84,0.9959271270428304,1.3773450111173366,0.396931319571568,0.4134694202432141,6.206877747507591,0.39241611752578287,0.9600016352795379,0.6632722994175219,12.106230681761604,0.5971865136294127,0.6304758490921293,0.6545660102202269,0.8060995924839175,0.5136810446682109,10.146035560399817,0.4047938727034851,1.569260927283352,0.9443406584239515,25.278068695014436,0.9582367762971276,0.9330544680300693,0.9395994782598409
0.8425,0.9959074888554356,1.3787673614986136,0.39565327372903747,0.41215338985952543,6.206647860724504,0.39239288210488044,0.9599660792888014,0.6612331967480425,12.087817875588168,0.5958139017927185,0.628844008059996,0.6528236591935951,0.8075673090817564,0.5145438754199376,10.14746438037121,0.4048727948100994,1.5694819191515434,0.9448312702882342,25.273545917311612,0.958902111676288,0.9333556085898501,0.9396896125229125
0.845,0.9958877861847497,1.3801897643934142,0.3943857025306087,0.4108473252664586,6.206430793140069,0.3923686217256023,0.9599325060101739,0.6591965497038399,12.069303314556823,0.5944484504182705,0.6272200658921498,0.6510912616188846,0.809016920972048,0.5153945092615445,10.148901473100096,0.4049510328063418,1.5697041905456164,0.9452783927050199,25.268209241738695,0.9595539441804832,0.9336424050297775,0.9397658706386898
0.8475,0.9958680188063649,1.381612262782148,0.39312863328926845,0.40955125698044464,6.206226651988049,0.39234336144933574,0.9599009320292226,0.6571624603433935,12.05068788883629,0.5930902408306372,0.6256041496368403,0.6493690227351979,0.8104483510173633,0.5162328975171095,10.15034689053877,0.40502858584257434,1.5699277495008974,0.9456822591201738,25.26206679102892,0.9601922275075417,0.9339148152536212,0.9398282434514799
0.85,0.995848186492752,1.3830349007620384,0.3918820925948095,0.4082652148016042,6.2060355434688566,0.3923171267865424,0.9598713737716889,0.6551310310075703,12.03197251480829,0.5917393538742381,0.623996385118158,0.6476571452111188,0.8118615235477395,0.51705899235433,10.151800687812091,0.4051054537436088,1.5701526045434044,0.946043093794027,25.25512635111677,0.9608169158252019,0.9341727971151305,0.9398767211339835
0.8525,0.9958282890131865,1.3844577235869293,0.39064610630867014,0.4069892278069419,6.205857572717481,0.392289943674718,0.9598438474985284,0.6531023643133088,12.013158135367334,0.5903958698901756,0.6223968968634366,0.6459558289393488,0.813256364354354,0.5178727467783478,10.153262923242865,0.4051816370325935,1.5703787646937748,0.9463611112765431,25.24739535949679,0.9614279637800731,0.934416308405354,0.9399112931006736
0.855,0.9958083261336799,1.3858807777133324,0.38942069955945946,0.4057233243442223,6.20569284377186,0.3922618384550003,0.9598183693010179,0.6510765631488031,11.994245720236846,0.5890598686937165,0.6208058080320439,0.6442652708327702,0.8146328006797116,0.5186741146239929,10.154733658365679,0.40525713695483534,1.5706062394694027,0.9466365159231392,25.238880894650737,0.9620253265062412,0.934645306841486,0.9399319479232963
0.8575,0.9957882976169096,1.3873041108507824,0.3882058967391229,0.40446753202650293,6.205541459541415,0.39223283784748886,0.9597949550958901,0.6490537306703844,11.975236266305146,0.5877314295524563,0.6192232403458324,0.6425856646227168,0.8159907612048225,0.5194630505467659,10.156212957928934,0.4053319555012367,1.5708350388847552,0.9468695014552967,25.229589666636045,0.9626089596340219,0.9348597500581521,0.9399386732498256
0.86,0.9957682032221562,1.3887277720140951,0.38700172149970613,0.4032218777273004,6.205403521775459,0.3922029689253575,0.9597736206204467,0.6470339703012823,11.956130797984285,0.586410631165198,0.6176493140215158,0.6409172006602498,0.8173301760339177,0.5202395100129301,10.15770088988487,0.40540609543100214,1.571065173449828,0.9470602505698598,25.219528008921483,0.9631788192986768,0.9350595956020157,0.9399314557281317
0.8625,0.9957480427052392,1.3901518115747264,0.38580819675067246,0.4019863875763652,6.2052791310311814,0.39217225908786313,0.9597543814276065,0.6450743733732258,11.937985001958019,0.5850975516415877,0.6160841477052384,0.639260065721256,0.8186509766773007,0.5210034492891013,10.1591975253676,0.4054795602932455,1.5712966541667497,0.9472089346005309,25.208701871545703,0.9637348621480744,0.9352448009305045,0.9399102809354958
0.865,0.9957278158184585,1.3915762813081767,0.38462534465673126,0.4007610869560424,6.20516838664089,0.3921407360323705,0.9597372528808391,0.6432192992699209,11.921624978986403,0.5837922684824762,0.6145278584096069,0.6376144428161867,0.819953096032961,0.521754825431741,10.160702938659067,0.40555235444711807,1.5715294925245151,0.9473157132346324,25.19711681566214,0.964277045348789,0.9354153234153693,0.9398751333149638
0.8675,0.995707522310535,1.3930012344342835,0.3834531866361349,0.39954600049819644,6.205071386678171,0.3921084277255236,0.9597222501489309,0.6414564207462583,11.906829536921697,0.5824948585608524,0.6129805614534349,0.6359805110052659,0.8212364683675796,0.5224935962769571,10.16221720714309,0.4056244830800818,1.571763700491878,0.9473807342876336,25.18477800951992,0.9648053265919632,0.935571120351619,0.9398259961193202
0.87,0.9956871619265572,1.394426725647326,0.3822917433594062,0.39834115208167986,6.204988227922665,0.39207536237370694,0.9597093882005373,0.6396979854166706,11.891973930330625,0.5812053981032835,0.6114423704044553,0.6343584452199729,0.8225010292975261,0.5232197204309972,10.163740411247426,0.4056959522239618,1.5719992905083906,0.9474041335373462,25.171690225914443,0.9653196641009164,0.9357121489722414,0.9397628513632548
0.8725,0.9956667344079287,1.3958528111331452,0.3811410347484598,0.3971465648303288,6.204919005823176,0.39204156839294635,0.9596986817984766,0.637944072193873,11.877058870984317,0.5799239626720332,0.609913397025224,0.6327484160916031,0.823746715770394,0.5239331572617839,10.165272634373961,0.40576676876843987,1.5722362754736057,0.947386034618984,25.15785784112492,0.9658200166416301,0.9358383664689058,0.9396856797840369
0.875,0.9956462394923227,1.3972795485709484,0.3800010799760866,0.3959622611114656,6.204863814458846,0.39200707437839444,0.9596901454937247,0.6362228996563206,11.862609764018488,0.57865062714801,0.6083937512224331,0.6311505897876585,0.8249734660475339,0.524633866891793,10.166813962816926,0.40583694047168833,1.572474668734427,0.9473265489815916,25.143284835338605,0.9663063435363739,0.9359497300186425,0.939594460810746
0.8775000000000001,0.9956256769136408,1.3987069971181325,0.3788718974657751,0.3947882625348953,6.204822746498214,0.3919719090735504,0.9596837936190837,0.6346046707346722,11.849939109593802,0.577385465714561,0.606883540999814,0.6295651278567979,0.8261812196879321,0.5253218101925051,10.168364485668986,0.4059064759678941,1.5727144840705862,0.9472257759056045,25.127974794544333,0.9667786046804704,0.9360461968162553,0.9394891725418065
0.88,0.9956050464019774,1.4001352173772688,0.3777535048918431,0.3936245899523798,6.204795893155965,0.3919361013393507,0.9596796402824915,0.6329910579429517,11.83721553356003,0.576128551842069,0.6053828724147899,0.627992187083014,0.8273699175336506,0.525996948780581,10.16992429471499,0.4059753847714829,1.5729557356782062,0.9470838025805878,25.111930913861386,0.9672367605621525,0.9361277241120115,0.9393697917302939
0.8825000000000001,0.9955843476835957,1.4015642713453218,0.3766459191798663,0.3924712634575747,6.204783344147337,0.3918996801232585,0.9596776993599708,0.6313821263423116,11.824439522826552,0.5748799582733326,0.6038918495389947,0.6264319193496398,0.8285395016968918,0.5266592450158254,10.171493484312975,0.40604367727792123,1.5731984381513997,0.9469007042415323,25.09515600225439,0.9676807722854156,0.9361942692538918,0.939236293776167
0.885,0.9955635804809086,1.4029942223461709,0.3755491565073833,0.39132830238641236,6.20478518764013,0.39186267442846867,0.9596779844882056,0.6297779415272524,11.811611591489712,0.5736397570097095,0.6024105744227394,0.6248844715137207,0.8296899155485999,0.5273086620009061,10.17307215126196,0.40611136476105164,1.573442606461819,0.9466765443614767,25.077652488571793,0.9681106015956421,0.9362457897335024,0.9390886527243154
0.8875000000000001,0.9955427445124728,1.404425134948493,0.37446323230486583,0.390195725317913,6.20480151020438,0.39182511328332686,0.9596805090567583,0.6281785696688899,11.798732281914114,0.5724080192980173,0.6009391470634623,0.6233499852911993,0.8308211037083547,0.5279451635827046,10.174660394655975,0.4061784593669901,1.5736882559360796,0.946411374897717,25.05942242883474,0.9685262109076564,0.9362822432345361,0.938926841267052
0.89,0.9955218394929913,1.4058570748719992,0.37338816125693874,0.38907355007540084,6.204832396759816,0.39178702571105073,0.9596852861999425,0.6265840775603183,11.785802165847345,0.5711848156181673,0.599477665378146,0.6218285971532787,0.8319330120351776,0.5285687143550886,10.176258315723706,0.40624497410469906,1.5739354022309595,0.9461052365884722,25.04046751469557,0.968927563335824,0.9363035876825363,0.9387508307494822
0.8925000000000001,0.9955008651333261,1.407290108885792,0.37232395730383605,0.3879617937280959,6.204877930521314,0.39174844069982434,0.9596923287883866,0.6249945326634188,11.772821845556823,0.5699702156715057,0.598026225179641,0.6203204382342271,0.833025587618751,0.5291792796628221,10.17786601765314,0.40631092283341763,1.574184061306276,0.9457581592966409,25.020789082981185,0.9693146227264986,0.9363097812946196,0.9385605911760384
0.895,0.9954798211405245,1.4087243047032145,0.37127063364306956,0.38686047259304845,6.204938192942498,0.39170938717332754,0.9597016494203107,0.6234100031563933,11.75979195497582,0.5687642883697961,0.5965849201567851,0.6188256342508094,0.8340987787704786,0.5297768256062816,10.179483605400609,0.40637632024720555,1.5744342493953525,0.9453701623971664,25.000388126235848,0.96968735369037,0.9363007826277668,0.9383560912163991
0.8975,0.9954587072178476,1.4101597308778855,0.37022820273128576,0.3857696022373699,6.205013263657817,0.3916698939617493,0.9597132604125679,0.6218305579812122,11.746713160844491,0.5675671018247616,0.5951538418581538,0.6173443054334213,0.8351525350137632,0.5303613190466054,10.181111185483818,0.4064411818569118,1.5746859829730044,0.9449412552045925,24.97926530418114,0.9700457216335528,0.9362765506243392,0.9381372982090324
0.9,0.9954375230648133,1.411596456705657,0.3691966762862744,0.3846891974807056,6.205103220423365,0.39162998977333363,0.9597271737914911,0.6202562668901329,11.733586163830786,0.5663787233380826,0.5937330796792379,0.615876566468929,0.8361868070729074,0.5309327276109145,10.18274886575852,0.40650552396992923,1.574939278721001,0.9444714374375839,24.957420956016907,0.9703896927892035,0.9362370446535648,0.9379041781607248
0.9025,0.9954162683772402,1.4130345521369658,0.36817606528908264,0.3836192723978888,6.205208139056682,0.3915897031664987,0.9597434012835817,0.6186872004904165,11.720411699615672,0.5651992193917696,0.5923227208528083,0.6144225264551381,0.8372015468600833,0.531491019697257,10.184396755178811,0.4065693636681268,1.5751941534909892,0.9439606997174932,24.934855113495875,0.9707192342480734,0.9361822245479213,0.9376566957406532
0.905,0.9953949428472955,1.4144740877034554,0.3671663799861778,0.3825598403216969,6.205328093375849,0.3915490625225774,0.9597619543060906,0.6171234302863535,11.70719053992678,0.5640286556388272,0.5909228504421878,0.6129822888667461,0.8381967074599451,0.5320361644789923,10.186054963541311,0.4066327187843699,1.5754506242649258,0.9434090240984697,24.911567514715262,0.9710343139872095,0.9361120506335667,0.9373948142678652
0.9075,0.995373546163541,1.415915134461887,0.3661676298915907,0.3815109138456303,6.205463155138072,0.3915080960192274,0.959782843957518,0.6155650287177524,11.693923493505164,0.5628670968941016,0.5895335513371494,0.6115559515325918,0.8391722431116034,0.5325681319084021,10.18772360121384,0.40669560787803866,1.575708708113115,0.9428163846270509,24.887557618580125,0.9713349008958582,0.9360264837542503,0.9371184956913912
0.91,0.9953520780109788,1.4173577639572499,0.3651798237889626,0.3804725048266216,6.205613393977956,0.39146683160457396,0.9598060810080671,0.6140120691940715,11.680611406990401,0.5617146071251813,0.5881549042521342,0.6101436066239775,0.8401281091878745,0.5330868927194227,10.189402778849598,0.4067580502099368,1.5759684221499992,0.942182747929654,24.862824619904536,0.9716209647978661,0.9359254852884575,0.9368277005626655
0.9125,0.9953305380710861,1.4188020482056962,0.3642029697334101,0.37944462438758125,6.205778877345601,0.3914252969721518,0.9598316758900696,0.6124646261234727,11.667255165710802,0.5605712494432098,0.5867869877265091,0.6087453406538312,0.841064262171934,0.5335924184295012,10.191092607088265,0.4068200657169552,1.5762297834879302,0.9415080738268099,24.8373674651268,0.971892476470637,0.9358090171598575,0.9365223880003689
0.915,0.9953089260218422,1.4202480596965652,0.36323707505312053,0.37842728291968436,6.205959670444619,0.3913835195367313,0.9598596386883983,0.6109227749361621,11.653855694367007,0.559437086093491,0.5854298781265939,0.6073612344864782,0.8419806596317255,0.5340846813407036,10.192793196245875,0.4068816749868044,1.5764928091892016,0.9407923159733372,24.811184868622764,0.9721494076613892,0.9356770418414596,0.9362025156482987
0.9175,0.9952872415377422,1.421695871411386,0.36228214635059036,0.37742049008430945,6.206155836170075,0.3913415264111215,0.9598899791308694,0.6093865921015159,11.640413957599483,0.5583121784456913,0.5840836496492327,0.6059913633578149,0.8428772601926906,0.5345636545403092,10.19450465599563,0.40694289923307336,1.5767575162166825,0.940469050434193,24.79570804082307,0.9723917311016089,0.9355295223541495,0.9358680396273129
0.92,0.995265484289795,1.4231455568564997,0.3613381895034255,0.37642425481454644,6.206367435046378,0.39129934438405584,0.9599227065786358,0.6078561551386317,11.626930960432924,0.5571965869835841,0.5827483743267312,0.6046357969057146,0.8437540235095837,0.5350293119012417,10.19622709504224,0.4070037602708054,1.5770239213834474,0.9406029053783924,24.792631124602668,0.9726194205204415,0.9353664222605482,0.9355189144828002
0.9225,0.9952436539455047,1.4245971901048649,0.3604052096646336,0.37543858531620494,6.206594525165076,0.3912569998992717,0.9599578300165661,0.6063315426200949,11.613407748593055,0.5560903712942546,0.581424122033038,0.6032945992105329,0.8446109102382874,0.5354816280827632,10.197960620792506,0.40706428049270493,1.5772920413018272,0.9406883844108549,24.788623744442344,0.9728324506576849,0.9351877056552945,0.9351550931294684
0.925,0.9952217501688335,1.4260508458418428,0.3594832112623523,0.37446348906827315,6.206837162122492,0.3912145190359042,0.959995358043599,0.6048128341689173,11.599845408694227,0.55499359005661,0.5801109604911153,0.601967828845632,0.8454478820086551,0.5359205785319188,10.199705339025126,0.40712448284601277,1.5775618923323378,0.9407254087483692,24.78368463689094,0.9730307972770864,0.9349933371529592,0.9347765267954865
0.9275,0.995199772620148,1.4275065994093459,0.35857219799897894,0.3734989728227935,6.207095398957159,0.39117192749030966,0.9600352988630665,0.6033733135254884,11.587650917182573,0.5539063010291444,0.578808955281506,0.6006555389378828,0.8462649013994537,0.5363461394862514,10.201461353562566,0.4071843908100097,1.5778334905329297,0.9407138946426586,24.777812317856625,0.9732144371807158,0.9347832818748437,0.9343831649681913
0.93,0.9951777209561463,1.4289645268427171,0.3576721728496843,0.3725450426041453,6.207369286086996,0.3911292505594321,0.9600776602729769,0.6020463349572914,11.577470863389925,0.5528285610370153,0.5775181698521623,0.5993577772381231,0.8470619319164787,0.5367582879783005,10.203228765947932,0.4072440283740354,1.578106851609011,0.9406537538722287,24.77100509464698,0.9733833482251746,0.9345575054358461,0.9339749553436236
0.9325,0.9951555948297729,1.4304247048951657,0.3567831380603151,0.37160170370774315,6.207658871246186,0.391086513125811,0.960122449656252,0.6007257547816076,11.567269065991091,0.551760425958518,0.5762386655296428,0.5980745862015695,0.8478389379748431,0.537157001842374,10.205007675129355,0.4073034200158416,1.5783819908646322,0.9405448942778228,24.76326107907221,0.9735375093401827,0.934315973932493,0.9335518437821645
0.935,0.9951333938901173,1.431887211045427,0.35590509514470803,0.3706689606981749,6.207964199421794,0.391043739644313,0.9601696739709243,0.5994116491835191,11.557046578178408,0.5507019507110515,0.5749705015318082,0.5968060030781395,0.8485958848863249,0.5375422597240214,10.206798177154134,0.4073625906800481,1.5786589231551786,0.9403872203423578,24.754578201633212,0.9736769005493336,0.934058653933072,0.93311377427247
0.9375,0.9951111177823057,1.4333521234855837,0.3550380448814466,0.3697468174068183,6.208285312790069,0.3910009541306377,0.9602193397402844,0.5981040953008363,11.546804490738667,0.5496531892366452,0.5737137349821514,0.5955520600125986,0.849332738852511,0.5379140410925654,10.208600364874423,0.4074215657564267,1.5789376628418517,0.9401806338154521,24.744954226797496,0.9738015029921593,0.9337855124706262,0.9326606889057973
0.9400000000000001,0.9950887661473837,1.4348195210875556,0.3541819873101034,0.3688352769289756,6.208622250652533,0.3909581801516205,0.9602714530429964,0.5968031711894701,11.536543931631083,0.5486141944871343,0.5724684209258527,0.594312784154334,0.8500494669642877,0.5382723262569608,10.210414327665692,0.4074803710577197,1.5792182237481227,0.9399250343819584,24.734386769348347,0.9739112989470835,0.9334965170393967,0.9321925278627083
0.9425,0.995066338622199,1.4362894833485522,0.3533369217270032,0.36793434162056804,6.208975049371852,0.39091544081730645,0.9603260195031796,0.5955089557842927,11.526266065472017,0.5475850184090733,0.5712346123476009,0.5930881977764263,0.8507460372080392,0.5386170963851598,10.212240151158579,0.4075390327966969,1.5795006191182597,0.9396203203732914,24.722873311777807,0.9740062718558413,0.9331916355951546,0.9317092294140492
0.9450000000000001,0.9950438348392808,1.4377620903176476,0.3525028466805337,0.3670440130944152,6.209343742307559,0.39087275877472305,0.960383044280466,0.5942215288556202,11.515972092927932,0.5465657119284484,0.5700123601911139,0.5918783184035141,0.851422418478736,0.5389483335270789,10.214077916984206,0.40759757756217424,1.5797848615779362,0.9392663895199341,24.71041122268398,0.9740864063493341,0.9328708365597504,0.9312107299380638
0.9475,0.9950212544267262,1.4392374225074345,0.3516797599660119,0.3661642922161092,6.2097283597516455,0.390830156203226,0.9604425320600389,0.5929409709612581,11.505663250014434,0.545556324935205,0.5688017133801746,0.5906831589477358,0.8520785805999276,0.5392660206411853,10.215927702532543,0.4076560322937624,1.5800709630968575,0.9388631397432858,24.69699777612882,0.9741516882731525,0.9325340888301742,0.9306969639555105
0.9500000000000001,0.9949985970080888,1.4407155607963016,0.3508676586200872,0.36529517909946635,6.2101289288640364,0.39078765481122707,0.9605044870426535,0.5916673633938352,11.495340807295554,0.5445569062675325,0.5676027188408499,0.5895027278518076,0.8527144943505308,0.5395701416246642,10.217789580722838,0.4077144242551709,1.5803589349532539,0.9384104699850945,24.68263017191474,0.9742021047114067,0.9321813617924342,0.9301678641847559
0.9525,0.9949758622022752,1.4421965863280761,0.35006653891463296,0.36443667310151034,6.210545473607932,0.3907452758340558,0.9605689129346355,0.5904007881229092,11.485006068972998,0.543567503695801,0.5664154215243962,0.5883370292380641,0.8533301314982094,0.5398606813470905,10.219663619784978,0.4077727810059747,1.5806487877000641,0.9379082810730055,24.667305556747145,0.9742376440102634,0.9318126253406729,0.9296233616189591
0.9550000000000001,0.9949530496234484,1.4436805804164958,0.3492763963500506,0.36358877281690966,6.210978014685005,0.3907030400326365,0.960635812937859,0.5891413277310897,11.474660371851055,0.5425881639060014,0.5652398644302045,0.5871860630620573,0.8539254648391142,0.5401376256875108,10.22154988305041,0.40783113037183755,1.580940531132599,0.9373564766212978,24.651021046264443,0.9742582958036524,0.9314278499020691,0.9290633856276557
0.9575,0.9949301588809366,1.4451676244621112,0.34849722564787805,0.3627514760717653,6.2114265694703885,0.390660967692607,0.9607051897396904,0.5878890653432368,11.464305084159172,0.541618932482492,0.5640760886279818,0.586049825269112,0.8545004682437497,0.5404009615748383,10.22344842875147,0.40788950041328076,1.5812341742575022,0.9367549639665674,24.633773747935734,0.9742640510421426,0.9310270064682804,0.9284878640852482
0.96,0.9949071895791435,1.446657799888732,0.34772902074258116,0.36192477991662364,6.211891151947447,0.3906190786234444,0.9607770455029004,0.5866440845476228,11.453941604211513,0.5406598538897766,0.5629241332782513,0.5849283079520824,0.8550551167087876,0.5406506770314835,10.225359309828194,0.40794791939317154,1.5815297252628717,0.9361036551388788,24.61556078484758,0.9742549020248072,0.9306100666343592,0.9278967235290639
0.9625,0.9948841413174629,1.4481511881054665,0.3469717747723941,0.36110868061857826,6.212371772642363,0.3905773921571204,0.9608513818555462,0.5854064693078824,11.443571358881348,0.5397109714529662,0.56178403565017,0.5838214995084544,0.8555893864147383,0.5408867612201618,10.227282573742356,0.40800641574318147,1.581827191489496,0.9354024678696474,24.59637932042162,0.974230842433703,0.930177002646257,0.9272898893496929
0.965,0.9948610136901862,1.4496478704987956,0.3462254800690808,0.3603031736523245,6.21286843855861,0.39053592714577146,0.9609281998808371,0.5841763038645882,11.433195801868537,0.5387723273365674,0.5606558311356376,0.5827293847949203,0.8561032547894843,0.5411092044938483,10.2292182622992,0.4080650180295133,1.5821265794032837,0.934651326638105,24.576226584122296,0.9741918673710628,0.9297277874581278,0.926667286016219
0.9675,0.9948378062864032,1.4511479284571664,0.34549012814651653,0.35950825369005085,6.213381153111571,0.3904947019578526,0.9610075001070211,0.5830355338386191,11.424420459632504,0.5378439625213053,0.5595395532586963,0.5816519452776036,0.8565967005778024,0.541317998448858,10.231166411478487,0.40812375491821273,1.582427894569131,0.9338501637585023,24.55509989822433,0.9741379733997031,0.9292623948006488,0.9260288373386225
0.97,0.9948145186898907,1.4526514434283873,0.3447657096880196,0.3587239145900797,6.213909916063636,0.3904537344722433,0.9610892824973479,0.5819656816754795,11.416888355494063,0.5369259167787646,0.5584352336793218,0.5805891591762616,0.8570697039170865,0.5415131359810393,10.233127051277432,0.4081826551403642,1.582731141626629,0.932998920510146,24.53299670571114,0.974069158587213,0.9287807992614424,0.925374466769039
0.9725,0.9947911504789847,1.4541584970078982,0.3440522145324296,0.3579501493842197,6.2144547234603955,0.39041304206979577,0.9611735464401994,0.5811447719036461,11.414100194066382,0.5360182286436735,0.557342902190856,0.5795410016010115,0.8575222464195527,0.5416946113450329,10.235100205569585,0.40824174745740444,1.5830363242682377,0.932097548311785,24.50991459936413,0.9739854225532303,0.9282829763783991,0.924704097742621
0.975,0.9947677012264307,1.4556691710539458,0.34334963165898635,0.3571869502638502,6.215015567568683,0.3903726416218571,0.9612602907395065,0.5803301076384717,11.411299987525263,0.5351209353836968,0.5562625867105504,0.5785074446804236,0.8579543112612151,0.5418624202164951,10.237085891984705,0.4083010606266937,1.5833434452207056,0.9311460099407384,24.485851352077837,0.9738867665172334,0.9277689027462329,0.9240176540575211
0.9775,0.9947441704992105,1.4571835478239132,0.34265794917115305,0.3564343085648286,6.215592436817536,0.3903325494753667,0.9613495136056188,0.5795217555656049,11.408488652291918,0.534234072966788,0.5551943132629455,0.5774884576801737,0.8583658832778596,0.5420165597570835,10.23908412181599,0.40836062336735063,1.583652506230723,0.9301442807953958,24.460804948394834,0.9737731933442797,0.9272385561359674,0.9233150602918893
0.98,0.9947205578583451,1.4587017101247268,0.34197715427960446,0.35569221475138585,6.216185315743324,0.3902927814342131,0.9614412126468168,0.5787197826140997,11.405667128978942,0.5333576760262458,0.5541381059561086,0.5764840071118401,0.8587569490680977,0.5421570286818653,10.241094899961848,0.4084204643262037,1.5839635080559131,0.9290923501973885,24.434773617198516,0.973644707589891,0.9266919156262436,0.9225962422539038
0.9825,0.9946968628586671,1.460223741469324,0.34130723328468693,0.35496065839925073,6.21679418494055,0.3902533527366433,0.9615353848617026,0.5779242557716517,11.402836379134184,0.5324917778237012,0.5530939869510474,0.5754940568318317,0.8591274971033454,0.5422838273286251,10.243118224909987,0.4084806120435516,1.5842764504623743,0.9279902227268002,24.40775586543025,0.9735013155469162,0.9261289617444248,0.921861127458716
0.985,0.9946730850485719,1.4617497262306645,0.34064817155873445,0.3542396281783122,6.217419021020004,0.3902142780286436,0.9616320266327281,0.5771352418883499,11.399997381748591,0.5316364102103812,0.5520619764249338,0.574518568130825,0.8594775178442305,0.5423969577283271,10.245154088771846,0.4085410949182772,1.5845913322300031,0.9268379195804392,24.379750512614923,0.9733430252952664,0.9255496766144498,0.9211096456239056
0.9875,0.9946492239697406,1.4632797497845886,0.33999995352868567,0.353529111835192,6.218059796576062,0.39017557133334224,0.9617311337211365,0.5763528074712686,11.397151129569997,0.5307916035871236,0.5510420925290427,0.5735574998144597,0.8598070038625136,0.5424964236757386,10.247202477375055,0.4086019411717343,1.584908151166796,0.9256354799395173,24.350756725886594,0.9731698467534906,0.924954044107355,0.920341729172756
0.99,0.9946252791568426,1.4648138986328898,0.33936256265949705,0.35282909617614205,6.218716480165011,0.3901372460166377,0.9618327012636108,0.5755770184726532,11.394298625273066,0.5299573868637262,0.5500343513425563,0.5726108082763443,0.8601159499670957,0.5425822307989491,10.249263370420783,0.4086631788097554,1.5852269041331855,0.9243849391750942,24.320826066474908,0.9729817917303797,0.9243420499893967,0.9195573137324964
0.9925,0.9946012501372228,1.4663522604982204,0.33873598143886874,0.35213956705071553,6.219389036296178,0.39009931474939996,0.9619367237709007,0.5748079400748023,11.391440877542388,0.5291337874182858,0.5490387668235808,0.571678447564669,0.860404353332143,0.5426543866262482,10.251336741711503,0.40872483558210926,1.5855475870772684,0.9239693793060373,24.313193728595383,0.9727788739744007,0.9237136820618381,0.91875633861279
0.995,0.9945771364305748,1.467894924382793,0.338120191363799,0.3514605093366618,6.220077425437535,0.39006178946674824,0.9620431951286902,0.5740456364749883,11.38857889713051,0.5283208310572225,0.5480553507588483,0.5707603694438864,0.8606722136247799,0.5427129006485742,10.253422559452645,0.4087869389387933,1.5858701950814609,0.9235027320743618,24.30454856235057,0.9725611092184223,0.9230689302858222,0.9179387472483721
0.9975,0.9945529375486125,1.469441980583391,0.33751517292946037,0.3507919069264903,6.220781604037179,0.39002468132504975,0.96215210860092,0.5732901706738572,11.385713692954988,0.5275185419766628,0.5470841127136501,0.5698565234529989,0.8609195331292623,0.5427577843755309,10.255520786629397,0.4088495159826743,1.5861947224207789,0.9229848916823605,24.29488636077129,0.9723285152169165,0.9224077868853658,0.9171044875889773
1.0,0.9945286529947441,1.4709935206559783,0.3369209056208334,0.35013374271611125,6.221501524561685,0.3899880006574213,0.9622634568357188,0.5725416042707407,11.382846268298556,0.526726942725834,0.5461250599835437,0.5689668569619859,0.8611463168640637,0.5427890513828305,10.257631381456921,0.4089125934181857,1.5865211626324698,0.9224157708764674,24.284203271892075,0.9720811117727062,0.921730246421504,0.9162535124197527
1.0025,0.9945042822637596,1.472549637324454,0.33633736790746066,0.3494859985959079,6.222237135551872,0.3899517569286389,0.962377231874029,0.5717999972691407,11.379977617173783,0.5259460541731313,0.5451781975493184,0.5680913152278171,0.8613525726879593,0.5428067173489574,10.25975429789939,0.40897619749605546,1.586849508596292,0.921795301779579,24.27249582125366,0.9718189207503178,0.9210363058309856,0.9153857795962677
1.0050000000000001,0.9944798248415397,1.4741104243299459,0.3357645372415836,0.3488486554445281,6.222988381695917,0.3899159586904547,0.9624934251609147,0.5710654078953843,11.377108720908673,0.5251758954754686,0.5442435280365902,0.5672298414513511,0.8615383113909977,0.5428108000789128,10.261889486249904,0.4090403539543393,1.5871797526242086,0.9211234365908187,24.259760931473004,0.9715419660730307,0.9203259644237378,0.9145012521801523
1.0075,0.9944552802048006,1.4756759762197422,0.3352023900598104,0.34822169312559326,6.223755203919118,0.3898806135384063,0.9626120275594455,0.5703378924330349,11.374240545002282,0.5244164840514044,0.5433210516812214,0.5663823768361986,0.8617035467662871,0.5428013195130788,10.264036893760505,0.4091050879563737,1.5875118865578302,0.9204001481345389,24.24599593841763,0.9712502737009405,0.91959922383456,0.9135998984642287
1.01,0.9944306478208804,1.4772463880785396,0.33465090178833146,0.3476050904874278,6.2245375394889315,0.3898457280712449,0.962733029366942,0.5696175050751572,11.371374036290304,0.5236678355584171,0.54241076630156,0.5655488606503726,0.8618482956587725,0.5427782977195591,10.266196465308452,0.40917042402660625,1.5878459018714661,0.9196254302440633,24.231198603602298,0.9709438715879417,0.9188560879261498,0.9126816918797857
1.0125,0.9944059271475809,1.4788217552091618,0.3341100468515655,0.3469988253658073,6.225335322133154,0.38981130785412466,0.962856420333255,0.5689042977959525,11.368510120449615,0.5229299638745548,0.5415126672782539,0.564729230291259,0.8619725779877098,0.5427417588688186,10.268368144082787,0.40923638598559486,1.5881817897783126,0.9187992979705353,24.215367122535902,0.9706227896164085,0.9180965626425696,0.9117466107831604
1.0150000000000001,0.9943811176330687,1.4804021727750403,0.333579798683975,0.34640287458960867,6.226148482168528,0.38977735738667196,0.9629821896806561,0.568198320242627,11.365649699858698,0.5222028810845534,0.5406267475421157,0.5639234213541133,0.862076416740313,0.5426917291900214,10.270551872273161,0.4093029968857714,1.5885195413369941,0.9179217876131525,24.198500128882785,0.9702870595089995,0.9173206558145115,0.9107946381239069
1.0175,0.9943562187158482,1.4819877354221274,0.33306012974465765,0.3458172139891401,6.226976946636401,0.38974388007698474,0.9631103261248206,0.5674996196476675,11.362793651817741,0.5214865974703445,0.5397529975702358,0.5631313677039569,0.8621598379350576,0.5426282369091603,10.272747591742155,0.40937027894983,1.5888591475555465,0.9169929565736499,24.180596694456383,0.9699367147174696,0.9165283769201457,0.9098257610022523
1.02,0.9943312298248014,1.4835785369030186,0.33255101153418615,0.3452418184068126,6.2278206394416005,0.3897108782224978,0.9632408178963059,0.5668082407609699,11.359942827118692,0.5207811215057156,0.5388914053902206,0.562353001550402,0.8622228705543283,0.5425513121698411,10.274955244661822,0.4094382535138106,1.5892005994898724,0.9160128830448151,24.161656325226637,0.9695717902894869,0.91571973680776,0.9088399701289798
1.0225,0.9943061503792999,1.4851746697301162,0.3320524146130571,0.3446766617097143,6.228679481490306,0.3896783529984953,0.9633736527618767,0.5661242258005266,11.357098048941575,0.5200864598547549,0.5380419565921162,0.5615882535245703,0.8622655464474327,0.5424609869383834,10.277174774096029,0.4095069409770959,1.5895438883338076,0.9149816655495859,24.14167895368376,0.9691923227159769,0.9148947473887299,0.9078372592060246
1.025,0.9942809797893791,1.486776224887046,0.33156430862100683,0.3441217168035523,6.229553390822562,0.3896463044548401,0.9635088180449997,0.5654476144196539,11.354260112040047,0.5194026173735962,0.5372046343472395,0.5608370527569273,0.8622879002063976,0.5423572948956933,10.2794061245116,0.40957636076163384,1.589889005498181,0.9138994223534683,24.120664928050555,0.968798349762727,0.9140534213114034,0.9068176242505572
1.0275,0.9942557174559645,1.4883832916275193,0.3310866622963775,0.34357695564734514,6.23044228273504,0.38961473152124837,0.9636463006448315,0.5647784436880317,11.351429782165884,0.5187295971148244,0.5363794194328013,0.5600993269544863,0.8622899690183388,0.5422402713190934,10.28164924220373,0.40964653128272027,1.590235942676609,0.912766290778104,24.09861499895962,0.9683899102906149,0.9131957716281339,0.9057810628888805
1.03,0.9942303627711382,1.4899959573879813,0.3306194434946655,0.34304234926818195,6.231346069889839,0.3895836320211514,0.9637860870530461,0.5641167480831888,11.348607795670356,0.5180674003337418,0.5355662902608742,0.5593750024755066,0.8622717924994432,0.5421099529579104,10.283904075624049,0.4097174699336358,1.59058469189624,0.9115824264474449,24.075530304302664,0.9679670440692165,0.9123218114687915,0.904727573648782
1.0325,0.9942049151184204,1.491614307834535,0.33016261920535594,0.3425178677753204,6.232264662405462,0.38955300269388127,0.9639281633679063,0.5634625594884901,11.345794859209805,0.5174160264955314,0.5347652229099342,0.5586640043994827,0.8622334125166534,0.541966377907076,10.28617057560362,0.4097891930863303,1.5909352455522425,0.9103480024997691,24.051412353007283,0.967529791589162,0.9114315537345586,0.9036571552798592
1.035,0.9941793738730496,1.493238427055917,0.32971615556616185,0.34200348037286876,6.233197967926726,0.3895228392246026,0.9640725153050762,0.5628739542734882,11.344161530315327,0.5167754732822755,0.5339761911569189,0.5579662565899264,0.8621748730039096,0.5418095854832534,10.288448695466945,0.40986171611016586,1.5912875964254385,0.9090632087985469,24.026263008496358,0.9670781938798628,0.9105250108255462,0.9025698061306465
1.0375,0.9941537384022355,1.4948683979033281,0.3292800178738169,0.3414991553703059,6.234145891670892,0.3894931362810994,0.9642191282047559,0.5624510571519773,11.34573075165584,0.5161457365988026,0.5331991665074992,0.557281681747214,0.8620962197802126,0.5416396161080289,10.290738391037378,0.40993505341048314,1.5916417376831409,0.9077282511728082,24.000084472536354,0.9666122923401728,0.9096021944148074,0.9014655236090946
1.04,0.9941280080653647,1.4965043024655467,0.32885417059064753,0.3410048601901203,6.235108336448162,0.38946388755624634,0.9643679870348524,0.5620346971330793,11.347297417341887,0.5155268105763509,0.5324341182220881,0.5566102014485991,0.8619975003768078,0.5414565112024972,10.293039620538394,0.4100092184884169,1.5919976628638837,0.9063433507133347,23.97287927008318,0.9661321285886707,0.9086631152795932,0.9003443037491503
1.0425,0.9941021822141387,1.4981462226552116,0.32843857734625,0.3405205613719133,6.236085202655501,0.3894350858147559,0.9645190763900231,0.5616248948110126,11.348861900273493,0.5149186875730063,0.5316810133350118,0.5559517361724151,0.861878763880413,0.5412603130971245,10.295352344399051,0.41008422402296735,1.5923553658473317,0.9049087431449476,23.944650235597145,0.9656377443389632,0.9077077831983797,0.8992061409010967
1.045,0.9940762601926334,1.4997942408707272,0.3280332009337277,0.34004622457240624,6.2370763882435005,0.3894067229426227,0.9646723804865517,0.5612216678397784,11.350424535601011,0.5143213581699627,0.5309398166642938,0.5553062053035361,0.8617400607986606,0.5410510649601232,10.297676524975058,0.4101600819758062,1.5927148408111407,0.9035411414939858,23.918483507698884,0.9651291813044136,0.9067362069193512,0.8980510275572032
1.0475,0.9940502413372707,1.5014484406892477,0.3276380033001064,0.33958181456090886,6.238081788656898,0.3893787899976009,0.9648278831531476,0.560825030847968,11.35198561880373,0.5137348111628569,0.5302104908096339,0.5546735271173537,0.8615814429528382,0.5408288107467418,10.300012126199594,0.4102368037186824,1.593076082176949,0.903013733277771,23.91485614593584,0.9646064811359198,0.9057483942028585,0.8968789543175428
1.05,0.9940241249767061,1.5031089075407142,0.3272529455307199,0.339127295209962,6.2391012967499595,0.38935127725905283,0.9649855678178589,0.5604349953333341,11.353545403385695,0.5131590335476217,0.5294929961364534,0.5540536187398662,0.8614029634016742,0.5405935951709446,10.302359113179666,0.41031440018256876,1.5934390845479482,0.9024303127354594,23.910050984890393,0.9640696853951636,0.9047443519371104,0.8956899099939849
1.0525,0.9939979104316392,1.504775729311702,0.3268779878275629,0.33868262948103806,6.24013480267871,0.38932417427561633,0.9651454174914036,0.5600515695339554,11.355104098128868,0.5125940104999914,0.5287872907442933,0.5534463960820136,0.8612046763984039,0.5403454636999602,10.30471745175451,0.41039288202688573,1.5938038426405823,0.9017910016571546,23.90406834769818,0.9635188355629859,0.9037240863232056,0.8944838818438922
1.055,0.9939715970145658,1.506448996831137,0.3265130894818128,0.33824777940537876,6.241182193772302,0.389297469909335,0.9653074147472752,0.5596747582739448,11.356661863863515,0.5120397253482186,0.5280933304184425,0.5528517737470924,0.8609866373817912,0.5400844625712136,10.307087108032473,0.4104722598262544,1.594170351212917,0.9010959354624762,23.89690882173333,0.9629539730785949,0.9026876031228359,0.893260855919392
1.0575,0.9939451840294962,1.5081288041975087,0.32615820884094576,0.33782270606025516,6.242243354386424,0.3892711523751834,0.9654715416990683,0.5593045627830294,11.358218809741086,0.511496159539717,0.5274110685643733,0.552269664910985,0.8607489030002833,0.5398106388302601,10.30946804792183,0.4105525442712994,1.5945386049920742,0.9003452636338282,23.888573269359696,0.9623751394053918,0.9016349079597444,0.8920208175136315
1.06,0.9939186707716625,1.5098152489183068,0.3258133032710874,0.3374073695411512,6.243318165741731,0.3892452092752649,0.9656377799754909,0.5589409804909986,11.359774989025224,0.5109632926021759,0.5267404561254077,0.5516999811759907,0.8604915311671095,0.5395240403875904,10.31186023666916,0.4106337463790736,1.5949085986028322,0.8995391501447034,23.87906283824639,0.9617823761230988,0.900566006664523,0.8907637516825601
1.0625,0.9938920565272513,1.5115084318459426,0.32547832911545355,0.33700172893058167,6.244406505750607,0.38921962762734724,0.9658061106935691,0.5585840047998492,11.36133039445114,0.5104411020999364,0.5260814414849563,0.5511426324002436,0.8602145811430192,0.5392247160915965,10.314263638416676,0.4107158777077531,1.5952803264991606,0.8986777738493994,23.86837897044516,0.9611757250460227,0.8994809056515933,0.8894896438195425
1.065,0.9938653405731863,1.5132084569090594,0.32515324164994003,0.33660574226445744,6.245508248835722,0.38919439388779403,0.9659765144305836,0.5582336248383861,11.362884953239847,0.5099295635869233,0.5254339703556441,0.5505975265059594,0.8599181136425162,0.538912715814612,10.316678215787231,0.41079895056939386,1.5956537829000335,0.8977613288038794,23.856523409514562,0.9605552283638107,0.8983796123173162,0.8881984802606224
1.0675000000000001,0.9938385221769855,1.5149154306526167,0.32483799503709826,0.3362193664970974,6.246623265743862,0.3891694939693206,0.9661489711952765,0.5578898252059638,11.364438521890674,0.5094286505576913,0.524797985658611,0.5500645692710717,0.8596021909589182,0.5385880905487629,10.319103929502877,0.410882978233821,1.5960289617304324,0.8967900244931784,23.843498205120373,0.959920928797143,0.8972621354489971,0.8868902489003037
1.07,0.9938116005967146,1.516629461613346,0.3245325422798942,0.335842557466134,6.247751423358816,0.38914491325431544,0.9663234603989093,0.5575525857137866,11.365990880909331,0.508938334398351,0.5241734273971809,0.5495436641100341,0.859266877103352,0.5382508925083801,10.321540738040195,0.4109679751161694,1.5964058565680386,0.8957640859483228,23.82930571473302,0.9592728697600432,0.8961284856360059,0.8855649398010375
1.0725,0.9937845750810458,1.5183506595683118,0.32423683517676277,0.3354752698586816,6.248892584517086,0.3891206366047064,0.9664999608267607,0.5572218811336723,11.367541729657967,0.5084585843393569,0.5235602325298846,0.5490347118506799,0.8589122379528421,0.5379011752358914,10.323988597323053,0.4110539569402948,1.5967844605957113,0.8946837537445119,23.81394860226385,0.9586110955256191,0.8949786756760838,0.8842225457838
1.075,0.9937574448694249,1.5200791347029867,0.3239508242795476,0.3351174571801985,6.250046607830481,0.3890966483694941,0.9666784506106871,0.5568976809652063,11.369090681535006,0.5079893674123135,0.5229583348484337,0.5485376105149078,0.858538341402938,0.5375389937084029,10.32644746045147,0.41114094087026004,1.5971647665595523,0.8935492838815325,23.797429833714666,0.9579356513953969,0.8938127209719888,0.8828630629917488
1.0775000000000001,0.9937302091923371,1.5218149967513481,0.32367445885593704,0.33476907172749204,6.25121334751976,0.38907293239111496,0.9668589072033924,0.5565799492327264,11.370637259703818,0.5075306484131893,0.5223676648666106,0.5480522551115334,0.8581452575207544,0.53716440444254,10.328917277463654,0.4112289456024304,1.5975467667321013,0.8923609475562525,23.779752670138542,0.9572465838706584,0.8926306399156781,0.8814864914234749
1.08,0.9937028672716554,1.5235583541641042,0.3234076868579696,0.3344300645672642,6.252392653263647,0.3890494720117387,0.9670413073550759,0.55626864432346,11.372180893589096,0.5070823898738934,0.521788149726151,0.5475785374498623,0.8577330586948563,0.5367774655955154,10.331397995127368,0.4113179914114169,1.5979304528800664,0.8911190308447436,23.76092065840462,0.956543940822901,0.8914324542590616,0.8800928354364002
1.0825,0.9936754183210471,1.525309313362439,0.3231504548980814,0.33410038552148363,6.2535843700677205,0.38902625008046604,0.9672256270931535,0.5559637188773585,11.37372091634694,0.5066445520435001,0.5212197131254788,0.547116345982326,0.8573018197790039,0.5363782370607877,10.333889556756365,0.41140810014419765,1.5983158162359334,0.8898238343174705,23.740937620407937,0.9558277716611261,0.8902181894717938,0.8786821042239957
1.085,0.9936478615464012,1.5270679781335794,0.3229027082339982,0.33377998316069607,6.254788338157584,0.3890032489621769,0.9674118417057351,0.5556651197377539,11.375256563489293,0.5062170928816104,0.520662275276652,0.5466655656838937,0.8568516182273762,0.5359667805570295,10.336391902047968,0.4114992951582354,1.5987028474728444,0.8884756726144813,23.719807641453894,0.9550981274946438,0.888987875087503,0.8772543122724606
1.0875000000000001,0.9936201961462401,1.5288344492209442,0.3226643907635496,0.33346880480615043,6.256004392900736,0.3889804505485322,0.9675999257295398,0.5553727879699383,11.376786972806354,0.5057999680652091,0.5201157528950539,0.5462260779749092,0.8563825342194534,0.53554315970945,10.3389049669386,0.4115916012012469,1.5990915366822525,0.8870748740083492,23.697535058566075,0.9543550612902838,0.8877415450401928,0.8758094798031472
1.09,0.9935924213120718,1.5306088241552025,0.3224354450301989,0.3331667965413385,6.257232364761331,0.388957836271358,0.9677898529428994,0.555086658952274,11.378311185684248,0.5053931310097419,0.5195800592252996,0.5457977606925694,0.8558946507732592,0.5351074401227592,10.34142868347552,0.41168504423243135,1.5994818733540836,0.8856217799805728,23.674124449412812,0.953598628021675,0.8864792379922969,0.874347633206268
1.0925,0.9935645362286372,1.5323911973629416,0.3222158122397639,0.33287390323323046,6.258472079291642,0.38893538711838116,0.967981596364438,0.5548066625416065,11.379828149861849,0.5049965329047877,0.519055104105534,0.5453804881145243,0.8553880538461267,0.5346596894452608,10.343962979704909,0.41177965118734045,1.599873846359428,0.8841167448323298,23.64958062242234,0.9528288848094768,0.8852009976550179,0.8728688054693612
1.095,0.9935365400740084,1.5341816605764909,0.32200543228846146,0.3325900685631615,6.259723357163646,0.3889130836510543,0.9681751282579566,0.554532723311772,11.38133672361411,0.5046101227642112,0.5185407940708786,0.5449741310361425,0.854862832422537,0.534199977423684,10.346507779578705,0.41187544969106926,1.6002674439361297,0.8825601353431337,23.623908608465385,0.9520458910526609,0.88390687310022,0.8713730366007499
1.0975,0.9935084320194981,1.5359803035519006,0.32180424380206685,0.3323152350669968,6.260986014243555,0.3888909060240268,0.9683704201439609,0.5542647608610448,11.382835681292836,0.5042338474902368,0.5180370324952952,0.5445785569009411,0.8543190785888992,0.5337283759484289,10.349063002885314,0.4119724677269553,1.6006626536780706,0.8809523304814435,23.597113654236136,0.9512497085496048,0.8825969190613132,0.8698603740440138
1.1,0.993480211229344,1.5377872150827634,0.32161218418565407,0.33204934418390153,6.26225986171152,0.388868834005706,0.9685674428181766,0.5540026901816586,11.384323720103424,0.50386765195054,0.5175437197696725,0.5441936299816954,0.8537568875953748,0.5332449590888949,10.351628565212275,0.4120707332703414,1.601059462529394,0.8792937211601408,23.569201217171837,0.950440401607369,0.8812711962183809,0.8683308730745602
1.1025,0.9934518768601415,1.5396024842766165,0.32142918968309764,0.331792336312781,6.263544706228074,0.3888468469993144,0.9687661663772907,0.5537464220822076,11.385799467950637,0.5035114790663809,0.517060753512583,0.5438192116078711,0.8531763579049864,0.532749803118501,10.354204377951886,0.4121702738990618,1.6014578567853777,0.8775847100176498,23.54017696143238,0.9496180371358224,0.8799297714603659,0.8667845971640742
1.105,0.9934234280600093,1.5414262020398353,0.3212551954452749,0.3315441508752495,6.26484035014807,0.3888249240638939,0.968966560252043,0.5534958636519564,11.387261492150913,0.503165269910155,0.5165880288089784,0.5434551604334326,0.8525775912303027,0.5322429865288945,10.356790348363841,0.4122711163939978,1.6018578221021198,0.8758257111930249,23.51004675413358,0.9487826847254339,0.8785727181145758,0.8652216182932477
1.1075,0.9933948639674858,1.5432584626981039,0.32109013560573196,0.3313047263838416,6.266146591782183,0.388803043934839,0.9691685932476699,0.5532509187549012,11.388708308784384,0.5028289638104356,0.5161254384711513,0.5431013327378021,0.8519606925579309,0.5317245900326842,10.359386379711365,0.4123732863442005,1.602259343517595,0.8740171500514868,23.47881666071284,0.9479344167080039,0.8772001161312687,0.8636420171882023
1.11,0.9933661837101643,1.545099365664669,0.32093394336244824,0.33107400051409897,6.267463225705073,0.38878118504374204,0.9693722335915684,0.5530114885409132,11.390138392447712,0.5025024984621128,0.5156728733156279,0.5427575827518617,0.8513257701609185,0.5311946965538731,10.361992371489148,0.41247680777157125,1.602662405486908,0.872159462806559,23.446492938028303,0.9470733081972604,0.8758120522088536,0.8620458834518824
1.1125,0.993337386403094,1.5469490170592082,0.32078655106426784,0.33085191017914745,6.2687900431083525,0.38875932553760856,0.9695774489878887,0.5528495528483421,11.393035617617352,0.5021858100393429,0.5152302224493129,0.5424237630004185,0.8506729355989652,0.5306533912050121,10.364608219762154,0.4125817027898593,1.6030669919346978,0.8702530959773095,23.413082023581335,0.9461994371059167,0.8744086198435701,0.8604333155589594
1.115,0.993308471146986,1.5488075311771337,0.3206478903005325,0.33063839160540565,6.270126832195333,0.3887374432978139,0.9697842066785876,0.5527463392230927,11.397015846039492,0.5018788333091737,0.5147973735581556,0.5420997246524852,0.8500023037061305,0.5301007612500231,10.367233817633478,0.4126879913117237,1.6034730863274977,0.8682985056154406,23.37859051913853,0.9453128841349414,0.8729899192866816,0.8588044206820448
1.1175,0.9932794370262731,1.5506750317127036,0.3205178919924485,0.3304333804081375,6.271473378613165,0.38871551595950427,0.9699924735102675,0.5526480702754366,11.40097190490051,0.5015815017437727,0.5143742131918606,0.5417853178710184,0.8493139925655188,0.5295368960516588,10.369869055856766,0.4127956908158377,1.6038806717684584,0.8662961562383049,23.34302516704463,0.94441373272961,0.871556057392612,0.8571593143188885
1.12,0.9932502831070932,1.5525516526487313,0.32039648648472663,0.33023681166564434,6.2728294659164785,0.38869352093246506,0.9702022160058863,0.5525546330884595,11.404901937671914,0.5012937476283049,0.5139606270386624,0.5414803921543658,0.8486081234702803,0.5289618870027547,10.37251382360359,0.4129048161835366,1.6042897311160356,0.8642465194115451,23.30639281769374,0.9435020689988673,0.870107147343379,0.855498119695259
1.1225,0.9932210084352597,1.554437538739843,0.3202836036360391,0.3300486199909886,6.274194876054934,0.38867143542474714,0.970413400440165,0.552465914519976,11.408804095268218,0.5010155021631538,0.5135565001848822,0.5411847966624966,0.8478848208702103,0.5283758274407818,10.375168009388753,0.4130153796114623,1.6047002471271032,0.8621500719397561,23.268700386984705,0.9425779815960595,0.8686433082383603,0.8538209669267781
1.125,0.9931916120343021,1.5563328455336252,0.32017917290682835,0.32986873960022367,6.275569389875331,0.388649236470524,0.9706259929172483,0.5523818016396961,11.412676544882112,0.5007466955595351,0.5131617173548149,0.540898380522044,0.8471442123032592,0.5277788125457399,10.377831502146483,0.4131273906032087,1.605112202623408,0.8600072936457649,23.229954803140284,0.9416415615586972,0.8671646645440694,0.8521279919352047
1.1275,0.9931620929036559,1.5582377388931925,0.3200831234429777,0.32969710437616756,6.276952787627172,0.3886269009637292,0.9708399594488982,0.5523021821164775,11.416517477885629,0.5004872571270776,0.5127761631273636,0.5406209931051986,0.8463864283113592,0.5271709392221257,10.380504192438137,0.4132408560393441,1.6055255806783588,0.8578186647484956,23.190162943013938,0.940692902106232,0.8656713454060447,0.850419335130343
1.1300000000000001,0.9931324500170816,1.5601523940045858,0.3199953841538118,0.3295336479267998,6.27834484945902,0.3886044056989627,0.971055266031265,0.5522269445518077,11.420325116706229,0.5002371153523419,0.5123997221267054,0.5403524842784218,0.8456116023401101,0.5265523059664763,10.383185973758298,0.41335578032163506,1.6059403648190407,0.8555846628847417,23.14933155891478,0.9397320983972571,0.8641634838339408,0.8486951398870859
1.1325,0.9931026823213936,1.5620769938723353,0.3199158837828438,0.32937830363737025,6.279745355891748,0.38858172742096797,0.971271878718083,0.5521559787571707,11.424097720615423,0.4999961979674712,0.5120322791850235,0.5400927046177771,0.8448198706219472,0.5259230127227851,10.385876743891199,0.413472165584058,1.6063565392360064,0.853305759859517,23.1074671980021,0.9387592472497273,0.8626412157808512,0.8469555508670666
1.135,0.9930727887355676,1.5640117273263596,0.31984455096964026,0.3292310047153024,6.281154088254018,0.38855884288366715,0.9714897636880252,0.5520891759741683,11.427833590391671,0.4997644320083081,0.511673719475966,0.5398415055883232,0.844011372042434,0.5252831607287785,10.388576406255444,0.413590011960492,1.6067740889912627,0.8509824182499792,23.064576117361693,0.9377744468299631,0.8611046791479773,0.8452007122542194
1.1375,0.9930427681502944,1.5659567865834192,0.3197813143011486,0.3290916842269518,6.2825708290652305,0.3885357289193372,0.9717088873039329,0.5520264290371255,11.431531071837698,0.49954174386141664,0.5113239286179232,0.539598739685447,0.8431862479891983,0.5246328523565704,10.391284871162268,0.41370931789697607,1.6071930002128818,0.8486150880258126,23.02066419888845,0.9367777963187797,0.8595540127550969,0.8434307659915316
1.1400000000000001,0.9930126194280328,1.5679123644270103,0.3197261023508455,0.3289602751252626,6.283995362351814,0.3885123625180453,0.9719292161617358,0.5519676324784567,11.435188558145262,0.4993280592995024,0.5109827927464837,0.5393642605362753,0.8423446421827985,0.5239721909514731,10.39400205690363,0.4138300804951867,1.6076132602632933,0.8462042033804341,22.975736868962368,0.9357693955649886,0.8579893553248052,0.8416458501202649
1.1425,0.9929823414035981,1.569878651091267,0.3196788437041356,0.32883671026736705,6.285427473884143,0.3884887209169855,0.9721507171270948,0.5519126825772909,11.438804491108106,0.4991233035047368,0.5106501985555383,0.5391379229594083,0.8414867004885174,0.5233012806727283,10.396727890582001,0.41395229587328847,1.608034857867626,0.8437501799888957,22.929799028522858,0.9347493447376121,0.8564108445333377,0.8398460973312467
1.145,0.9929519328853113,1.5718558309570978,0.3196394669685785,0.32872092242121226,6.286866951323538,0.3884647816989138,0.9723733573581388,0.5518614773518745,11.442377361187827,0.4989274010794959,0.5103260333065276,0.5389195829812568,0.8406125707078153,0.5226202263396325,10.39946230859514,0.4140759595304282,1.608457783188687,0.8416207236219903,22.89284618339617,0.9337177439885755,0.8548186161822255,0.8380316338390212
1.1475,0.9929213926567058,1.5738440791917998,0.31960790076776024,0.3286128442603984,6.288313584271733,0.38844052289850134,0.9725971043131153,0.5518139164961755,11.445905706439216,0.4987402760440538,0.5100101848053382,0.5387090978073205,0.8397224023481158,0.5219291332860094,10.402205256697444,0.41420106670164986,1.60888202783645,0.8399247145173889,22.867864014674424,0.9326746931374872,0.8532128035426929,0.8362025786830077
1.1500000000000001,0.99289071947877,1.5758435584853718,0.3195840737179655,0.32851240834658646,6.289767164218534,0.38841592311513706,0.9728219257422951,0.5517699012610425,11.44938811030384,0.49856185182086293,0.5097025413464561,0.5385063257469466,0.8388163463698863,0.521228107225371,10.40495668957419,0.4143276126906472,1.6093075848022045,0.8381813368650979,22.84177982171697,0.9316202913893347,0.8515935369186998,0.8343590435454444
1.1525,0.9928599120926782,1.5778544160555064,0.3195679143872516,0.32841954709909976,6.291227484387234,0.3883909616305132,0.9730477896640626,0.5517293342803723,11.452823198284962,0.49839205120519986,0.5094029916242544,0.5383111260905289,0.8378945549107848,0.5205172541284834,10.407716569886444,0.4144555931682769,1.6097344483108347,0.8363907709182344,22.8145924307987,0.9305546370947866,0.8499609434652549,0.832501133154713
1.155,0.9928289692229298,1.57987678110589,0.31955935123707585,0.3283341927517066,6.292694339481234,0.38836561852920826,0.9732746643257271,0.5516921193431374,11.456209633526537,0.4982307963222861,0.5091114246118223,0.5381233589388678,0.8369571809880715,0.5197966801145826,10.410484866770865,0.41458500442491925,1.6101626135887879,0.8345531769753054,22.786300075559232,0.9294778275614652,0.8483151472869925,0.8306289463163732
1.1575,0.9927978895807948,1.5819107629256535,0.3195583125472682,0.32825627729703366,6.294167525339204,0.38833987482040144,0.9735025181501865,0.551658161112913,11.459546111334248,0.49807800857142837,0.5088277294085635,0.5379428849855311,0.8360043781825818,0.5190664913572495,10.413261553808894,0.4147158435644903,1.6105920765499744,0.8326686985260285,22.756900478326965,0.9283899589232454,0.8466562698290602,0.8287425775851088
1.16,0.9927666718679372,1.5839564498083103,0.31956472632584904,0.32818573241960586,6.295646838509627,0.3883137125587742,0.973731319670124,0.5516273647977854,11.462831352699883,0.49793360855826985,0.5085517950589014,0.5377695652545558,0.8350363003102403,0.518326794006026,10.416046606511761,0.4148481086272382,1.61102283340678,0.8307374666436365,22.726390964582052,0.9272911260732906,0.8449844305593353,0.8268421195612775
1.1625,0.9927353147800639,1.5860139089436107,0.3195785202059435,0.32812248941911293,6.297132075758807,0.38828711496252777,0.9739610374519128,0.5515996357751969,11.466064096920302,0.4977975160169353,0.5082835103457926,0.537603260797646,0.8340531010901924,0.5175776941252398,10.418839999398854,0.4149817986275959,1.611454880218184,0.8287596055881519,22.694768609996824,0.9261814226648941,0.8432997479289693,0.8249276657682039
1.165,0.9927038170104381,1.5880831873940775,0.31959962133278225,0.3280664791261318,6.2986230335289415,0.3882600665262427,0.9741916400117967,0.5515748791782928,11.469243093438342,0.4976696497245923,0.5080227635642308,0.5374438323570484,0.8330549338218857,0.5168192976521311,10.421641702775732,0.41511691349268504,1.6118882123914255,0.8267352395366919,22.662030418216432,0.9250609411821485,0.841602340588093,0.8229993140426178
1.1675,0.9926721772530845,1.5901643142101924,0.3196279562444564,0.3280176318131219,6.3001195073648715,0.3882325531260081,0.9744230957272283,0.5515529994525575,11.47236709307265,0.49754992741168946,0.5077694422814173,0.537291140002342,0.832041951086455,0.5160517103771382,10.424451679341466,0.4152534538870243,1.6123228241572662,0.8246645003129581,22.628173526361845,0.9239297730816044,0.8398923288257678,0.821057170351911
1.17,0.9926403942055251,1.5922573036672552,0.319663450750656,0.3279758771040175,6.301621291329404,0.3882045621138808,0.9746553727464377,0.551533899893709,11.475434838842984,0.49743826567175964,0.5075234330915716,0.5371450427513094,0.8310143044901941,0.5152750379499198,10.427269880772258,0.4153914209100579,1.6127587080415902,0.8225475359499714,22.593195434191195,0.9227880090069139,0.8381698361979203,0.8191013529383866
1.1725,0.9926084665708899,1.5943621595283866,0.3197060298139952,0.32794114388608686,6.303128177427761,0.38817608239833473,0.9748884388994135,0.5515174821797729,11.47844505663351,0.49733457987509455,0.5072846213743226,0.5370053981866073,0.8299721444693163,0.5144893859151827,10.430096244437697,0.41553081565570144,1.6131958543575147,0.8204623233654824,22.55923351753986,0.9216357390769209,0.836434991303788,0.8171319966819542
1.175,0.9925763930592888,1.596478880159521,0.3197556174386787,0.3279133602278732,6.3046399550617265,0.3881471045070226,0.9751222616134775,0.5515036459117081,11.481396445965077,0.4972387840907404,0.5070528910660939,0.536872062081012,0.8289156201752805,0.5136948597824603,10.43293069040715,0.41567163862742484,1.6136342507423767,0.818339429483356,22.524376616852635,0.9204730532444025,0.8346879296695818,0.8151492575674798
1.1775,0.9925441723883476,1.5986074642521702,0.31981213657115093,0.32789245330694283,6.306156410533443,0.3881176206279786,0.9753568078365381,0.5514922881777843,11.484287671165493,0.49715079102118953,0.5068281244538179,0.5367448880444133,0.8278448794584186,0.5128915651334834,10.435773118896574,0.415813889008437,1.6140738817628373,0.8161693207721918,22.488355977384536,0.9193000417248012,0.832928795696824,0.8131533171397102
1.18,0.9925118032828659,1.6007479168566654,0.3198755090169954,0.3278783493508306,6.307677326617733,0.3880876246254506,0.9755920439709419,0.5514833031569908,11.487117353232932,0.49707051195380525,0.5066102019996805,0.536623727205508,0.8267600689643014,0.5120796077695658,10.438623408291054,0.4159575637940326,1.6145147286090344,0.813952577444787,22.451180579757487,0.9181167954957935,0.8311577446311784,0.811144386825704
1.1825,0.9924792844735947,1.6029002553991065,0.3199456553777486,0.32787097359403156,6.309202482220127,0.38805711202696264,0.9758279358205827,0.5514765817761687,11.489884062682334,0.49699785673223557,0.5063990022045242,0.5365084279403254,0.8256613343522141,0.5112590938994624,10.441481413856344,0.41610265680150726,1.614956768895299,0.8116898445087353,22.412861126821834,0.9169234068631613,0.829374944504893,0.8091227120007969
1.185,0.9924466146951707,1.6050645153528662,0.3200224950105278,0.3278702502532012,6.310731652135818,0.388026079979017,0.9760644485536187,0.5514720114344538,11.492586313650316,0.4969327337499972,0.5061944015162029,0.536398835658563,0.8245488206384197,0.5104301303654463,10.444346967225082,0.4162491575814943,1.6153999765806886,0.809381836445041,22.373410178984397,0.9157199700820494,0.8275805780017677,0.8070885756687469
1.1875,0.9924137926832872,1.6072407552598722,0.32010594601254083,0.327876102521986,6.312264606922417,0.38799452717007765,0.9763015466827926,0.5514694758072556,11.495222559514968,0.49687504996782667,0.5059962742878626,0.5362947926574111,0.8234226726588553,0.5095928249020062,10.447219876711586,0.4163970502622011,1.6158443220176775,0.8070293407147465,22.33284225936847,0.914506582017638,0.8257748441879385,0.8050423016201818
1.19,0.9923808171712094,1.6094290608437374,0.3201959252317483,0.32788845258622423,6.313801112896711,0.38796245372108773,0.9765391940649296,0.5514688547407168,11.49779119026732,0.4968247109557363,0.5058044927900709,0.5361961380514704,0.8222830356369969,0.5087472864177904,10.450099928474796,0.4165463123639831,1.6162897721320255,0.8046332198762075,22.29117392278653,0.9132833428239271,0.8239579600453154,0.8029842569271385
1.1925000000000001,0.9923476868857631,1.611629548018854,0.32029234830429526,0.3279072216597175,6.3153409322629885,0.3879298610456605,0.9767773539207854,0.551470024246629,11.500290531855951,0.4967816209599377,0.5056189272801715,0.536102707786671,0.8211300558334126,0.5078936252874907,10.452986888513559,0.416696913625253,1.616736290731383,0.8021944121077846,22.248423782785498,0.9120503566137234,0.8221301617383026,0.8009148536275431
1.195,0.9923144005429404,1.6138423646682376,0.3203951297188709,0.32793233004045597,6.316883823377506,0.3878967516840933,0.9770159888759511,0.5514728566073143,11.50271884771666,0.4967456829945631,0.5054394461323026,0.53601433474597,0.8199638812447391,0.507031953636658,10.455880505443576,0.4168488148814928,1.617183838934794,0.8002366494134681,22.21912616031904,0.9108077320884345,0.8202917055399739,0.7988345494546986
1.1975,0.9922809568432728,1.616067691130113,0.3205041829079112,0.32796369718708324,6.318429541150689,0.38786312911729814,0.9772550610230595,0.5514772205999503,11.505074342694632,0.49671679895826426,0.5052659160321435,0.5359308489549166,0.8187846623122376,0.5061623855993765,10.45878051397231,0.4170019670370405,1.617632375710152,0.7989717170204621,22.209210066982912,0.9095555830927606,0.818442868342827,0.7967438474761968
1.2,0.9922473544671265,1.6183057393935207,0.3206194203654895,0.3280012418154767,6.319977837585372,0.3878289975683925,0.9774945320050343,0.5514829818499566,11.507355169561887,0.49669486977613536,0.5050982022413896,0.5358520778956722,0.8175925525945559,0.5052850375267528,10.461686638958211,0.41715631016472704,1.6180818585020296,0.7976595664144034,22.198143651527573,0.9082940290568101,0.8165839476832094,0.7946432945267371
1.2025000000000001,0.9922135920700698,1.620556751054483,0.3207407537917239,0.3280448820154848,6.321528462445996,0.38779436180086574,0.9777343631185924,0.5514900033228723,11.509559438319602,0.4966797955678073,0.5049361689377975,0.5357778469382717,0.8163877093565423,0.5044000281237042,10.464598599914536,0.41731177276201203,1.6185322439282714,0.7963009329538661,22.185940247026032,0.9070231952882167,0.814715261218749,0.7925334783517761
1.205,0.992179668278468,1.6228209941282765,0.32086809426343893,0.328094535387961,6.3230811640497215,0.3877592269227398,0.977974515436604,0.5514981459630484,11.51168522844275,0.4966714758428184,0.5047796796368704,0.5357079798972205,0.8151702940265465,0.5035074784928574,10.467516115797324,0.417468271184949,1.6189834885205392,0.7948965997970912,22.172614479604675,0.9057432130800915,0.8128371456151253,0.7904150234240015
1.2075,0.9921455816854615,1.6250987588542074,0.321001352430492,0.3281501192021179,6.324635690166316,0.38772359820589264,0.9782149499472746,0.5515072694847756,11.513730604162342,0.49666980972432895,0.5046285977002963,0.5356422997193605,0.8139404724788023,0.5026075120676138,10.470438909901716,0.4176257092740827,1.6194355494816124,0.7934473899370763,22.158182067912975,0.9044542196069852,0.8109499548220228,0.7882885854508453
1.21,0.9921113308474728,1.6273903526717057,0.32114043873649323,0.3282115505727562,6.326191789009165,0.3876874809286736,0.9784556277074242,0.5515172333167191,11.51569363278102,0.4966746962015101,0.5044827869337221,0.535580629304809,0.812698415105184,0.5017002544215184,10.473366714682554,0.4177839781801546,1.6198883854309771,0.7919541565034952,22.142659575294463,0.9031563575902697,0.8090540577466963,0.7861548446552467
1.2125000000000001,0.9920769142813837,1.6296960945933485,0.32128526366155297,0.32827874665604617,6.3277492102951705,0.3876508802481957,0.9786965100064166,0.5515278976934833,11.517572405877214,0.49668603440950304,0.5043421122720696,0.5355227924565289,0.8114442966512899,0.5007858329476153,10.476299276313531,0.41794295639289963,1.620341957109979,0.7904177715839542,22.126064121027298,0.9018497747255737,0.8071498353650672,0.7840144979788174
1.215,0.9920423304625084,1.6320163092504554,0.3214357379832102,0.32835162486124836,6.329307706347,0.3876138011063945,0.9789375585366431,0.5515391248789542,11.519365063075584,0.496703723933734,0.5042064405444845,0.5354686149458227,0.8101782958045826,0.49986437640893605,10.479236358805682,0.4181025099735332,1.6207962280188184,0.7888391139098023,22.10841305950708,0.9005346228772839,0.8052376773416747,0.78186825042039
1.2175,0.992007577823445,1.6343513209343001,0.3215917730499458,0.3284301030741786,6.330867033207461,0.38757624817132263,0.9791787355658798,0.551550780495321,11.52106981785718,0.49672766513272826,0.5040756413035118,0.5354179256713126,0.8089005945360033,0.4989360143689097,10.482177747519865,0.41826249299062535,1.6212511649598178,0.7872190558282288,22.089723638336693,0.8992110570576229,0.803317978257978,0.7797168057774156
1.22,0.9919726547538541,1.6367014479904725,0.32175328105987083,0.32851409988650204,6.332426951733352,0.38753822581247294,0.979420004106469,0.5515627349202638,11.522684984669198,0.49675775947062695,0.5039495876949184,0.5353705578785976,0.807611377209815,0.4980008765175206,10.48512325192965,0.41842274815943375,1.6217067384647499,0.7855584500346606,22.07001264775507,0.8978792342188077,0.8013911335704085,0.7775608570971001
1.2225,0.9919375596011488,1.6390669979331396,0.32192017533553113,0.3286035348233283,6.3339872286351335,0.38749973810644195,0.9796613280761253,0.551574864703869,11.524209006391445,0.4967939098478205,0.5038281573365897,0.5353263503978447,0.8063108294881854,0.497059091914784,10.488072707519782,0.41858310768567997,1.622162923088468,0.7838581165614804,22.049296074515908,0.8965393118956473,0.7994575354329228,0.7754010771642114
1.225,0.9919022906720122,1.641448263618451,0.32209237058454665,0.3286983285602944,6.3355476374299435,0.3874607888672135,0.9799026724453331,0.5515870539476457,11.525640481047965,0.4968360209157812,0.5037112331680957,0.5352851488482183,0.8049991370662402,0.4961107881770172,10.491025976739556,0.41874339431533353,1.6226196975563625,0.7821188305075952,22.027588773125885,0.8951914467417554,0.7975175685223327,0.7732381093509324
1.2275,0.9918668462346012,1.6438455207452318,0.3222697831352066,0.32879840312058106,6.337107959278353,0.3874213816939062,0.9801440033667673,0.5515991955817074,11.526978186537868,0.4968839993605494,0.5035987042277436,0.5352468067523348,0.8036764842794211,0.49515609063319665,10.493982948969109,0.4189034225914329,1.6230770447591467,0.7803413109485747,22.00490416626737,0.8938357930047871,0.7955716059983714,0.7710725591311011
1.23,0.9918312245212274,1.6462590268368258,0.32245233113631444,0.32890368204225356,6.338667983680344,0.38738152002811793,0.9803852882829378,0.551611192473713,11.528221102116847,0.4969377541391505,0.5034904663119668,0.5352111865017211,0.8023430526278034,0.49419512147843425,10.496943539496547,0.41906300031669397,1.6235349515946529,0.7785262113927994,21.981253984352616,0.8924725009850499,0.7936200057155217,0.7689049865191798
1.2325,0.9917954237312772,1.6486890217096897,0.32263993471156266,0.329014090507013,6.340227509012343,0.3873412072130232,0.9806264960092507,0.5516229583051364,11.529368425400882,0.4969971966540587,0.5033864224732164,0.535178160116094,0.8009990192618597,0.49322799894958336,10.499907687543073,0.41922193021633497,1.623993408662382,0.7766741120523386,21.956648051661976,0.8911017155178843,0.7916631067823368,0.7667358996379254
1.235,0.9917594420341143,1.6511357292692188,0.32283251606046925,0.3291295554228755,6.341786342894578,0.3873004465471184,0.9808675967908274,0.5516344181571107,11.53041958379106,0.49706224085280903,0.503286483317302,0.5351476097453631,0.7996445554715438,0.49225483654465985,10.502875353408916,0.41938001178917717,1.6244524098220738,0.7747855140877637,21.931094123654507,0.8897235745142715,0.7897012265392046,0.7645657495538394
1.2375,0.9917232775717296,1.653599360313974,0.32302999950029865,0.3292500054553517,6.343344302385625,0.38725924132686107,0.9811085623325935,0.5516455087593389,11.531374239431285,0.49713280324316456,0.5031905670692499,0.5351194278734446,0.7982798252163,0.4912757423037641,10.505846514842036,0.4195370433269782,1.6249119516320636,0.7728608358747161,21.904597777091297,0.8883382075878529,0.7877346580003858,0.7623949264527359
1.24,0.9916869284609434,1.6560801158999683,0.3232323114462141,0.32937537100423536,6.34490121400803,0.3872175948743004,0.9813493658032426,0.5516852208125268,11.532839411965229,0.4972088028184829,0.5030985993877911,0.5350935171967693,0.796904983728481,0.49029081816506553,10.508821162752936,0.41969282407268194,1.6253720326865022,0.7709004112378728,21.877162351874794,0.8869457347911306,0.7857636677835061,0.7602237571653556
1.2425,0.9916503927950436,1.6585781907379331,0.3234393803299599,0.3295055841259029,6.346456913615,0.3871755105479922,0.9815899818146172,0.5517680808506455,11.535119844997292,0.49729016089278616,0.503010512921864,0.5350697901669702,0.7955201762174126,0.48930015940570826,10.511799296410311,0.41984715647855697,1.6258326528722808,0.7689044895146789,21.848788941244813,0.8855462654793135,0.7837884945317927,0.758052504000363
1.245,0.9916136686448267,1.661093776082756,0.3236511364603876,0.329640578403888,6.348011246112332,0.3871329917378501,0.9818303863787002,0.5518495228972435,11.53728487594373,0.4973768008502398,0.5029262466171961,0.5350481682056693,0.7941255366966009,0.4883038541745454,10.514780918254463,0.419999848515862,1.626293812566834,0.7668732372540291,21.81947642538633,0.8841398973171236,0.7818093478225149,0.7558813648029551
1.2475,0.9915767540591017,1.6636270616304194,0.3238675118319254,0.32978028877318677,6.349564065052337,0.3870900418469292,0.9820705568448088,0.5519295190825596,11.53933484660518,0.4974686478187177,0.5028457447960244,0.5350285806182697,0.7927211869527435,0.4873019831216547,10.517766028458682,0.42015071597954823,1.626755511796965,0.76480674132773,21.78922154270788,0.8827267154422569,0.7798264075497315,0.7537104741336113
1.25,0.9915396470648026,1.6661782360589885,0.32408843988942326,0.3299246513060859,6.351115232117133,0.387046664265258,0.9823104718196758,0.5520080486489959,11.541270247929413,0.4975656282811863,0.5027689560472729,0.5350109632518808,0.7913072356726177,0.48629461912867744,10.520754619355763,0.4202995847253812,1.6272177493768063,0.7627050132348799,21.75801899305091,0.8813067917996952,0.7778398237699644,0.7515399054529892
1.2525,0.9915023456669245,1.6687474860226608,0.3243138552595522,0.33007360296911464,6.352664616507649,0.38700286234252673,0.9825501110729493,0.5520850963107145,11.543091688665104,0.4976676696431618,0.5026958319768066,0.5349952569584858,0.7898837777427343,0.48528182714413026,10.523746669830459,0.4204462927734416,1.627680522040518,0.7605679944072483,21.725861567794666,0.8798801846615957,0.7758497170044688,0.7493696742036201
1.2550000000000001,0.9914648478485327,1.6713349936110622,0.32454369345996065,0.3302270813618613,6.354212094252509,0.38695863936750635,0.9827894554302988,0.5521606504766983,11.544799861313344,0.49777469977654704,0.5026263258766883,0.5349814059368381,0.7884508937369655,0.48426366412882405,10.526742139763087,0.4205906922118612,1.6281438235828931,0.7583955623700376,21.69274030303915,0.8784469383481112,0.7738561789994588,0.7471997416932759
1.2575,0.9914271515711002,1.673940932495048,0.32477789059764556,0.3303850244487802,6.355757547448011,0.3869139985623574,0.9830284866558656,0.5522347014227835,11.546395506993532,0.49788664656116705,0.5025603913776556,0.5349693560340315,0.7870086496091829,0.4832401791182204,10.529740964598057,0.42073265083834044,1.6286076440192863,0.7561875376676034,21.65864465352959,0.8770070831722494,0.7718592739538275,0.745030019704242
1.26,0.9913892547753997,1.676565463169023,0.32501638306745034,0.3305473702947042,6.357300863437296,0.38686894309936987,0.9832671873253063,0.552307239500585,11.547879380893086,0.49800343744473274,0.5024979811496787,0.5349590530893542,0.7855570966111074,0.4822114134106854,10.532743050108042,0.42087205348478474,1.629071968775802,0.7539436915174208,21.623562686449063,0.8755606356348838,0.7698590402304128,0.7428603757723734
1.2625,0.9913511553831104,1.6792087278434458,0.32525910726032053,0.330714056813585,6.358841933934182,0.38682347614615137,0.9835055406902788,0.5523782534669339,11.549252219896994,0.49812499903977026,0.5024390457110617,0.5349504413983279,0.7840962714596843,0.48117740089285604,10.535748267431126,0.4210088029823525,1.6295367779217032,0.751663754198129,21.58748129538447,0.8741075988943218,0.7678554925697523,0.7406906390952667
1.2650000000000001,0.9913128512992063,1.6818708456195035,0.32550599928902385,0.3308850215381098,6.360380654095236,0.3867776009429209,0.9837435305349221,0.5524477290065134,11.550514713793964,0.49825125677253196,0.5023835323973126,0.534943462363914,0.7826261967826037,0.4801381685152297,10.538756448475517,0.42114282074008175,1.6300020454586692,0.7493474242010963,21.550386435448782,0.8726479635326589,0.7658486248229466,0.7385206070364999
1.2675,0.9912743404150989,1.6845519085783787,0.32575699473666186,0.3310602014154295,6.361916921543266,0.3867313209125635,0.9839811410248223,0.5525156475034688,11.551667481143614,0.4983821345941355,0.5023313845275273,0.534938053385442,0.781146881873982,0.47909373693205837,10.541767381811812,0.4212740469293794,1.6304677386854645,0.7469943781749118,21.512263380585296,0.8711817086414898,0.7638384132115974,0.7363500521902351
1.27,0.991235620612393,1.6872519793379521,0.32601202843068516,0.33123953263151684,6.363450635346373,0.38668463980076206,0.984218356549105,0.5525819850963968,11.552711050490798,0.4985175547585942,0.5022825407895144,0.5349341470153254,0.7796583237931313,0.47804412131894636,10.544780809201756,0.4214024402878641,1.6309338176610497,0.7446042816673245,21.473097003450096,0.8697088032473188,0.7618248201071645,0.7341787299566626
1.2725,0.9911966897670248,1.6899710904798493,0.326271034242566,0.33142295046391385,6.364981694959622,0.38663756184020126,0.9844551615567466,0.5526467120272626,11.553645847167,0.4986574376666351,0.5022369348468614,0.5349316703910167,0.7781605088360769,0.4769893323784599,10.547796422938527,0.421527977577691,1.6314002347932117,0.7421768006218045,21.43287207702882,0.8682292080902665,0.759807798299535,0.732006386554225
1.2750000000000001,0.9911575457534864,1.6927092460501216,0.3265339449110529,0.3316103891601436,6.366509999140721,0.3865900919299198,0.9846915403888654,0.5527097922709383,11.55447218547039,0.49880170176883193,0.502194495153508,0.5349305449272599,0.7766534144002794,0.47592937753787845,10.550813864188243,0.42165065275348007,1.6318669345820467,0.7397116135214624,21.391573595439596,0.8667428777572133,0.7577872956957802,0.72983276736127
1.2775,0.9911181864488016,1.695466425115793,0.3268006918853314,0.33180178183712694,6.368035444856963,0.3865422358187372,0.9849274771096603,0.5527711834106983,11.555190265612726,0.4989502635172163,0.5021551449459607,0.5349306862338966,0.7751370112466653,0.47486426233353285,10.553832722518441,0.421770475911011,1.632333853547034,0.737208423999078,21.3491871094083,0.8652497631490328,0.7557632603564816,0.7276576254406782
1.28,0.9910786097359127,1.6982425871472486,0.32707120518365324,0.3319970603958369,6.369557926207307,0.38649400028054653,0.9851629553396931,0.5528308367084281,11.555800174505478,0.49910303735166633,0.5021188023717886,0.5349320042094343,0.773611266139208,0.4737939919630568,10.556852536769924,0.4218874720977363,1.6328009203618794,0.734666973656958,21.305699069905895,0.8637498142363652,0.7537356457410087,0.7254807300600414
1.2825,0.9910388135061805,1.701037678819204,0.3273454132632128,0.33219615544529235,6.3710773333901916,0.38644539326928296,0.9853979580962418,0.5528886973082537,11.556301889261015,0.49925993570641125,0.5020853807066837,0.5349344032518872,0.7720761448119167,0.47271857297100056,10.55987279737161,0.4220016800681665,1.63326805621255,0.7320870547727302,21.261097171633544,0.8622429830321127,0.7517044159979306,0.7233018749815127
1.285,0.990998795660753,1.7038516416980098,0.3276232428982464,0.3323989962309003,6.372593551753703,0.38639642404254193,0.9856324676463931,0.5529447045096563,11.556695282224368,0.49942086902273103,0.5020547886117533,0.5349377825268703,0.7705316151786389,0.47163801501603614,10.56289295011556,0.4221131510604392,1.6337351753811447,0.7294685225143399,21.21537068661965,0.8607292266828855,0.7496695511062867,0.7211208862642599
1.2875,0.9909585541106538,1.7066844202168958,0.32790461906537904,0.3326055105640143,6.374106460968821,0.3863471032449432,0.9858664653791703,0.5529987920509396,11.556980126426428,0.4995857457567668,0.5020269303877332,0.5349420362384978,0.7689776506664678,0.47055233265145585,10.56591240130824,0.42222194765521587,1.6342021860426297,0.7268113062551965,21.168510777295463,0.8592085105582973,0.7476310516520335,0.7189376293031096
1.29,0.9909180867755334,1.7095359693304575,0.3281894648378669,0.33281562475215065,6.375615934368037,0.3862974429451689,0.9860999317032397,0.5530508883551519,11.557156100542501,0.4997544723758179,0.502001706192605,0.534947053860271,0.7674142335236287,0.46946154703725285,10.568930524106733,0.422328142756068,1.634668991244841,0.7241154195722329,21.120510778125087,0.8576808111985844,0.74558894301573,0.7167520148235791
1.2925,0.9908773915811467,1.7124062612769242,0.32847770129319215,0.3330292635322404,6.377121838489727,0.3862474566237862,0.9863328459764389,0.553100916706521,11.55722279271969,0.4999269533413256,0.5019790122022172,0.5349527202991083,0.7658413579326365,0.4683656874942696,10.571946665748554,0.4224318187045376,1.6351354900267039,0.7213809685273219,21.071366435215566,0.856146118969927,0.74354327875572,0.714564003569306
1.295,0.9908364664557224,1.7152952909523258,0.3287692474410076,0.33324635001214914,6.3786240328628345,0.38619715911214264,0.9865651864724748,0.5531487953438139,11.557179702960534,0.5001030910820486,0.5019587407081086,0.5349589159836647,0.7642590327537052,0.46726479281071664,10.574960155307146,0.42253306651672246,1.6356015786177522,0.7187920020935459,21.026453994975572,0.8546044402794873,0.7414941429975199,0.7123736094546665
1.2975,0.9907953093254848,1.7182030795079049,0.329064020180237,0.3334668056280098,6.380122370056984,0.38614656648547924,0.9867969303886751,0.5531944374752787,11.557026244075242,0.5002827859655656,0.5019407801607962,0.5349655168856353,0.7626672837347461,0.4661589122200366,10.577970311563933,0.42263198520546535,1.6360671516556815,0.7167486400509581,20.99751096217844,0.8530557992248702,0.7394416516846153,0.7101809010132721
1.3,0.9907539181096826,1.7211296759177914,0.3293619342948343,0.3336905501262609,6.381616696010204,0.386095695915693,0.9870280538966753,0.553237751235597,11.556761741498223,0.500465936279549,0.5019250151785098,0.5349723944975635,0.7610661550534439,0.4650481059866291,10.580976450590462,0.42272868113653206,1.636532103359057,0.7146596897229284,20.967260232707837,0.8515002385877806,0.7373859526060889,0.7079860010501257
