tau,total_energy_fraction,total_critical_fraction,C0_fraction,E0_fraction,N0,minority0,scale0,Rinf0,concentration0,Q3_0,Q8_0,Q16_0,C1_fraction,E1_fraction,N1,minority1,scale1,Rinf1,concentration1,Q3_1,Q8_1,Q16_1,C2_fraction,E2_fraction,N2,minority2,scale2,Rinf2,concentration2,Q3_2,Q8_2,Q16_2
0.0,1.0,1.0,1.0,1.0,6.809232555951264,0.4027224442593372,1.0,1.0,14.931647945039199,1.0,1.0,1.0,0.0,0.0,0.0,0.0,0.0,0.0,0.0,0.0,0.0,0.0,0.0,0.0,0.0,0.0,0.0,0.0,0.0,0.0,0.0,0.0
0.0025,0.999828791433489,0.999774024901426,0.9997406002412094,0.9998056596235632,6.808789465376481,0.4027195089674458,0.9999349279715236,1.0003537454412357,14.937409512519537,1.0003036115012256,1.0009333912675735,1.000990838237718,3.330247711052575e-05,2.2863193015763292e-05,9.918313298517337,0.4376879723925499,1.456597820241686,0.006126406574585584,27.86665051984976,0.006238897115260072,0.006132620485301569,0.0061373516236834435,1.8393802881576517e-10,7.386725149979543e-11,16.955779302188855,0.4724056100735566,2.4901160538818012,8.075416130955384e-06,34.935444311828114,1.0584956692601054e-05,8.176397962466e-06,7.90098216762833e-06
0.005,0.9996576250469951,0.9995680319143686,0.9994342535480488,0.9995650277808334,6.8083416962887044,0.40271617682614963,0.999869168859304,1.0006499130944466,14.942647596170668,1.0005784024116864,1.0018311520556404,1.0019459619650755,0.00013328810147619918,9.15233855144837e-05,9.916478447456951,0.43740210298293986,1.456328355064031,0.012256593056567856,27.859336927170546,0.012483806210253794,0.012269142677674115,0.012275308870708811,2.911131392750294e-09,1.169460615720206e-09,16.95018232141099,0.4699285817792812,2.489294084484828,3.1914431638697075e-05,34.68792032625385,4.202246684907605e-05,3.2385904760967924e-05,3.1270591364370135e-05
0.0075,0.9994864924198533,0.9993820456509934,0.9990808837667605,0.9992780062536066,6.807889333297966,0.4027125035258081,0.9998027350891219,1.0008885476457412,14.947364244325621,1.0008242692944573,1.0026931631837135,1.0028654582086345,0.0003000521833818377,0.00020606994475543938,9.914716568651569,0.43711642107745863,1.4560696065500236,0.0184031333708278,27.87239734117092,0.01873377436356772,0.018408509248573977,0.018413067855394108,1.4578124033734213e-08,5.858021524483324e-09,16.945283720846998,0.46746521529556717,2.488574678806767,7.091945394657399e-05,34.43089572093477,9.38445289580514e-05,7.215850508254469e-05,6.961584104102383e-05
0.01,0.9993153851258999,0.9992160862654388,0.9986804354223623,0.9989445171677399,6.807432461964908,0.4027085451027474,0.9997356392263643,1.001069712634299,14.951561594448838,1.0010411194173492,1.003519319423409,1.0037494254411876,0.0005336608687902956,0.0003665702104790185,9.913028548761758,0.4368310425940726,1.4558217049141284,0.024558246043357542,27.882691483702278,0.024987855482727774,0.02454968027070899,0.024549857399007,4.557640037617762e-08,1.8318791480723242e-08,16.941090767429035,0.4650183800413405,2.4879589040651187,0.00012499544299086925,34.30810373579015,0.00016559508122506857,0.0001270385636031597,0.00012245523235690124
0.0125,0.9991442947343248,0.9990701694239089,0.9982328737167175,0.9985645030085777,6.806971168766123,0.40270435790171966,0.9996678939709344,1.0011934903659876,14.95524187163234,1.001228870758553,1.0043095293999462,1.0045979731443935,0.0008341513304414925,0.0005730695652610304,9.911415193101542,0.4365460785712789,1.4555847684243024,0.030719249263364043,27.890234753785048,0.03124511082313269,0.03069163357964129,0.030684937978306046,1.1007185031412056e-07,4.4250919602373695e-08,16.937610187258105,0.4625909672093421,2.4874477480512316,0.00019356570089669453,34.176608423785765,0.00025683146099676144,0.00019658688591841074,0.00018932154497916306
0.015,0.9989732128105473,0.9989443062790387,0.9977381845038115,0.9981379266138896,6.806505541059483,0.40269999853834104,0.999599512152159,1.0012599818132843,14.958407387105241,1.0013874520020791,1.005063715483447,1.0054112213666515,0.0012015319753096423,0.0008255915242871757,9.909877224525589,0.436261635070127,1.455358903238569,0.03688659909721023,27.897407835004657,0.03750460948186213,0.036833365094946814,0.03681760057062587,2.2579499667676985e-07,9.078856962582319e-08,16.934848171735677,0.4601858859258073,2.4870421200307855,0.0002761198540384032,34.030860468969216,0.0003671257944232669,0.00028038272438544803,0.0002697648298936379
0.0175,0.9988021309171143,0.9988385034485544,0.9971963742423574,0.9976647711444199,6.806035667049422,0.4026955238615568,0.9995305067236913,1.0012693065017437,14.961060536758554,1.0015168025230738,1.0057818136703078,1.0061893002772866,0.0016357826674147768,0.0011241378440266963,9.90841528252738,0.4359778130969891,1.4551442032725748,0.04309458128378014,27.927152487306234,0.043765428865609704,0.04297388910161789,0.04294716540906596,4.138428870948781e-07,1.6641965534713077e-07,16.932810334076276,0.4578060538718103,2.486742844357256,0.0003721293025820697,33.87116843350149,0.0004960663099307677,0.0003780257086851517,0.00036335561557775435
0.02,0.9986310406146179,0.9987527629982321,0.9966074699259005,0.9971450400321872,6.805561635752218,0.40269099091617894,0.9994608907584104,1.0012216023832679,14.963203799687589,1.0016168723631158,1.0064637734549289,1.0069323497181255,0.002136854965056156,0.0014686886492880115,9.907029922550414,0.43569470854705833,1.4549407500984348,0.049312452281416216,27.954052762587068,0.050026655132948204,0.04911223849246735,0.049072980661977496,6.984934254267766e-07,2.809085849605206e-07,16.931501659881167,0.45545438673827543,2.4865506532131945,0.00048103818549784276,33.697842718402036,0.0006432585642559397,0.000489137677818515,0.000469688324347585
0.0225,0.9984599334626328,0.9986870824291558,0.9959715189906323,0.9965787569067206,6.805083536961265,0.4026864569055425,0.9993906774433231,1.001117025696456,14.964839736753666,1.0016876221956068,1.0071095576920865,1.0076405187535598,0.002704672371610563,0.0018592025781453056,9.905721615513597,0.43541241216844195,1.45474861287503,0.055537497770580625,27.978127551685184,0.05628738361343941,0.05524746497236563,0.055194421051370166,1.1070327877045558e-06,4.452233442559959e-07,16.930926457012323,0.45313378705307444,2.4864661792487475,0.000602266321264592,33.51119480452005,0.0008083265700050793,0.000613364387400916,0.0005883848737864583
0.025,0.9982888010206722,0.9986414546692637,0.9952885892011707,0.9959659654994605,6.804601461212368,0.40268197915432574,0.9993198800744661,1.001074101195816,14.967740526306505,1.0017290232813694,1.007719142450245,1.008313965220194,0.0033391305991168248,0.0022956169442332037,9.904490747551117,0.43513100954660144,1.4545678483098068,0.06176702232794039,27.99939709586102,0.06254671920667228,0.06137863922521318,0.06131088642507097,1.6695964350932759e-06,6.714671966477492e-07,16.931088306166796,0.4508471325431928,2.4864899483230363,0.0007352120494515403,33.311536520202466,0.0009909138119447774,0.0007503770637474038,0.0007190984077836822
0.0275,0.9981176348491583,0.9986158680691538,0.9945587685146041,0.9953067295265973,6.804115499749034,0.4026776150715781,0.9992485120518085,1.001022213945793,14.970851304287272,1.0017410574145829,1.0082925168561114,1.0089528552771854,0.004040097843948162,0.002777847915916499,9.903337619966116,0.4348505811087821,1.4543985006519724,0.06805091151054028,28.039539326000025,0.06880377675342615,0.06750485104462164,0.06742180029745802,2.419024102781195e-06,9.7281522501383e-07,16.93199001285608,0.44859726413371237,2.4866223724518752,0.0008792549610731271,33.09917936905595,0.0011906841519459383,0.0008998737746087066,0.0008615170626474008
0.03,0.9979464265104089,0.9986103064021277,0.9937821649231443,0.994601132550659,6.8036257444878165,0.40267342211399937,0.9991765868741629,1.000915402781969,14.973484880691466,1.0017237168592037,1.008829682930736,1.0095573629583587,0.004807415073955256,0.003305790711853068,9.902262449396689,0.43457120214796585,1.4542406017168732,0.074352902003487,28.08046231132595,0.07505768137622966,0.07362520942934586,0.07352660837336093,3.390729010181253e-06,1.3634558868258192e-06,16.93363356132116,0.4463869736761967,2.486863743039761,0.0010337585079577864,32.874433939177976,0.001407322627233856,0.0010615805857840015,0.00101536762738347
0.0325,0.997775167569637,0.998624748868423,0.9929589062757698,0.9938492778212067,6.803132287983698,0.40266945774951274,0.9991041181341009,1.0007538359092136,14.97564342915246,1.001677004276044,1.0093306554174748,1.0101276697272001,0.005640896326544113,0.0038793198124801587,9.901265368191792,0.43429294286577524,1.4540941709412014,0.08066190423342368,28.118422573120274,0.08130756879670363,0.07973884264457737,0.07962477706927655,4.622581405438078e-06,1.858537700519278e-06,16.93602007085969,0.44421899150149813,2.487214224466107,0.0011984878247829085,32.6489240297158,0.0016405361396736313,0.0012352524734475945,0.0011804189072709855
0.035,0.9976038495959623,0.9986591701035861,0.9920891400792822,0.9930512880950292,6.802635223395525,0.4026657794211724,0.9990311195128776,1.0005376988584025,14.977329198963256,1.0016009326406825,1.0097954616021318,1.0106639640357826,0.006540329017233177,0.004498289186966963,9.900346424993858,0.43401586843366025,1.453959215468557,0.0869751250136486,28.153431829244383,0.087552585630185,0.08584489825027358,0.08571579204540276,6.154806427074717e-06,2.4741211279744583e-06,16.939149755018747,0.4420959738972245,2.487673848092314,0.0013756871022671886,32.48705688493352,0.001890054023107733,0.0014206739640827072,0.0013564845529588684
0.0375,0.9974324641634347,0.9987135401909303,0.9911730332792397,0.992207305436274,6.802134644451515,0.4026624445114453,0.9989576047753655,1.0002671943030557,14.978544513932333,1.0014955251524162,1.010224141125598,1.0111664408886891,0.0075054742583125795,0.0051625325351893295,9.89950558552401,0.4337400390716009,1.4538357302647635,0.09328978993978312,28.18550328975001,0.0937918896575623,0.09194254309776116,0.09179915676116086,8.029896138704566e-06,3.2271356657993315e-06,16.943021884092804,0.4400204906156083,2.488242506754247,0.0015624348400556192,32.31422536744607,0.0021556284741997686,0.001617659477542675,0.0015434250830879885
0.04,0.9972610028520641,0.9987878246780062,0.9902107720212682,0.9913174909969855,6.801630645414848,0.402659510306906,0.9988835877650012,0.999942541865491,14.979291771270134,1.0013608151344595,1.0106167457893214,1.0116353014129507,0.008536067187304227,0.005871863544295367,9.898742733565049,0.4334655101434761,1.4537236982622301,0.09960314637451552,28.214651627509923,0.10002465007513231,0.0980309632959097,0.09787439106588029,1.0292535470045754e-05,4.135342107270804e-06,16.94763475135365,0.43799501252241335,2.488919949802776,0.0017581580511155125,32.13074995752883,0.002437034831956101,0.0018260533539823337,0.0017411488186407581
0.0425,0.9970894572488613,0.9988819845970105,0.9892025613932841,0.990382024778556,6.801123321049367,0.40265703396338154,0.9988090823987484,0.9995639779128499,14.979573440507211,1.0011968459256224,1.0109733393539244,1.012070752434999,0.009631817304993764,0.006626076159443201,9.898057672136616,0.43319233226816173,1.4536230905325331,0.10591246635538983,28.240892946643207,0.10625004772291805,0.1041093641482264,0.1039410298351808,1.2989541679915805e-05,5.2172998877089955e-06,16.952985643424064,0.436021899501342,2.489705778752874,0.0019622778289745653,31.93694465831884,0.002734071742863129,0.0020457295521204865,0.0019496114735009949
0.045,0.9969178189488849,0.9989959764890509,0.988148625149201,0.9894011053746368,6.80061276658536,0.4026550724715799,0.998734102662073,0.9991317553433874,14.979392062445118,1.0010036707636971,1.0112939973313142,1.0124730060655904,0.010792408822873523,0.007424944868304064,9.897450124856146,0.43292055144535474,1.4535338664862874,0.11221504941941945,28.264244748849293,0.11246727529203333,0.11017697006227392,0.10999862166233453,1.6169816845295526e-05,6.492339379121244e-06,16.95907081518871,0.4341033887308976,2.4905994435990433,0.002174211023349864,31.733115668254218,0.003046561231835384,0.0022765910142725767,0.0021688142162685515
0.0475,0.9967460795562902,0.9991297524321735,0.9870492054147234,0.9883749496960786,6.8000990776855055,0.4026536826232387,0.9986586626039411,0.9986461433633892,14.978750248140843,1.000781352660805,1.0115788067706104,1.0128422792936247,0.012017501019898862,0.00826822499893484,9.89691973747868,0.4326502091950499,1.4534559740992807,0.1185082253387159,28.284725897773463,0.11867553751377367,0.11623302443285621,0.11604672761255211,1.9884312775706032e-05,7.980538955515133e-06,16.965885469613056,0.4322415834516073,2.4916002398515356,0.002393371710493072,31.519560134782164,0.00337434863053088,0.00251856870246162,0.002398800133969746
0.05,0.9965742306853879,0.9992832600730541,0.9859045623758615,0.9873037926785145,6.799582350410931,0.40265292097782157,0.9985827763318351,0.9981303438658717,14.977994565748787,1.0005299642709584,1.0118278660382298,1.0131787935897307,0.013306728608518026,0.009155653030634061,9.896466079607873,0.432381342709541,1.453389350163752,0.12478935676175688,28.302356581533783,0.12487405133399153,0.12227678950045748,0.12208492004674408,2.4186007654741402e-05,9.702706608670274e-06,16.973423742812898,0.4304384423407581,2.4927073063436698,0.002627496540386778,31.39602971991906,0.0037173023632765647,0.0027716203191908116,0.002639649179068918
0.0525,0.9964022639616991,0.9994564426622533,0.9847149739508316,0.9861878869732137,6.79906268118747,0.4026528438297967,0.9985064580067976,0.9990995106435946,14.999871343682024,1.0002495877501019,1.0120412845924651,1.013482774520447,0.014659702109987564,0.010086946917403838,9.896088646570039,0.4321139850167723,1.4533339205636124,0.1310558417553702,28.31715827354572,0.1310620460672835,0.12830754618644918,0.12811278151988875,2.9129893621267297e-05,1.1680365855669236e-05,16.981678694683797,0.42869576960922723,2.4939196238556756,0.0028723547118028013,31.296807729271276,0.004075313583551195,0.003035728735579162,0.002891471845973635
0.055,0.9962301710230161,0.9996492390929161,0.9834807354460272,0.9850275026218762,6.798540166772045,0.4026535071765199,0.998429721838495,1.0000181529960472,15.021349398733165,0.9999403146089112,1.012219182752897,1.0137544513737748,0.01607600823903073,0.011061806423647267,9.895786861442492,0.4318481651538261,1.4532896005723261,0.13730511624298225,28.329153691786658,0.13723876352420683,0.13432459390660725,0.13412990375772524,3.477297442207915e-05,1.3935745644376765e-05,16.990642305359838,0.4270152059305147,2.4952360145946297,0.0031244792398347743,31.18400631405554,0.0044482956777455,0.0033109001579286947,0.0031544019727686363
0.0575,0.9960579435204628,0.9998615839428091,0.9822021591967854,0.983822926716053,6.798014904219298,0.4026549666867529,0.9983525820803165,1.00088630170716,15.042428751979335,0.9996022455586573,1.0123616914649762,1.0139940567968115,0.017555210297935005,0.012079913471736202,9.895560077227048,0.43158390834930493,1.4532562951721093,0.14353465633516072,28.338366756647087,0.14340345811897215,0.140327250364498,0.14013588671410648,4.1174272196179187e-05,1.6491773931543033e-05,17.00030547772554,0.42539822030568825,2.4966551425633545,0.0033832953673987864,31.057931494613612,0.004836183703119489,0.003597162070843663,0.0034285891677091405
0.06,0.9958855731195521,1.0000934075195655,0.9808795741936748,0.9825744630419032,6.797486990848395,0.4026572776698364,0.9982750530244991,1.001704001255372,15.063109461711074,0.99923549035044,1.01246895206012,1.0142018264461383,0.019096848580216843,0.01314093250108796,9.89540757915912,0.43132123621334795,1.453233899393044,0.14974198054897467,28.344822547518913,0.14955539696259,0.14631485132629957,0.14613033771002273,4.839484238866036e-05,1.937207458047347e-05,17.010658046152447,0.42384610295962627,2.4981755148434672,0.0036482214493418746,30.918884385895637,0.005238933663378005,0.0038945610002832547,0.0037141913950203523
0.0625,0.9957130515012425,1.0003446359090173,0.9795133256950715,0.981282431711023,6.796956524210086,0.4026604950455414,0.9981971489972905,1.0024713096107256,15.083391622054272,0.9988401676081128,1.0125411160116518,1.0143779986515402,0.02070044078400608,0.014244510838391395,9.8953285871425,0.4310601669340116,1.4532222986706467,0.15592465191319316,28.348547258274415,0.15569385994117768,0.15228675037863,0.1521128706540638,5.6497795739773205e-05,2.260096720139684e-05,17.021688791574007,0.42235995935377874,2.4997954838092675,0.003918670114300622,30.767160214563212,0.005656521686194421,0.0042031601430651665,0.004011368212517607
0.065,0.9955403703629924,1.0006151910264818,0.9781037748267998,0.9799471687780963,6.7964236020540225,0.40266467331461686,0.9981188843541484,1.0031882980274567,15.103275361666403,0.9984164046552154,1.012578344686932,1.0145228140936018,0.022365482435320234,0.015390279078622745,9.895322258299625,0.4308007154787448,1.4532213692204008,0.1620802799568441,28.349568151790773,0.16181813977759846,0.15824231867094465,0.15808310534294284,6.554832625230351e-05,2.6203469537877024e-05,17.033385462948942,0.42094070538876804,2.5015132502798387,0.004194049260377971,30.60304753733963,0.006088943068431028,0.004523036910192238,0.004320275043791916
0.0675,0.9953675214198083,1.0009049906708722,0.9766512981696204,0.9785690258461369,6.795888322296317,0.40266986653005044,0.9980402734749771,1.0038550508324782,15.122760842508265,0.9979643373362019,1.012580809096012,1.0146365154956414,0.024091447321408995,0.016577851476489897,9.895387689627006,0.4305428937996992,1.4532309784277295,0.16820652257915156,28.34791351367641,0.16792754207680244,0.16418094464405214,0.16404066683967955,7.56137440080163e-05,3.020530198691474e-05,17.045734805094728,0.41958906385669403,2.503326867606654,0.004510650125822088,30.677704018816325,0.00653621111662367,0.00485428042998776,0.004641058714159648
0.07,0.9951944964052892,1.0012139485814895,0.9751562873353864,0.9771483696601038,6.795350782987432,0.40267612826905674,0.9979613307594114,1.0044716652101378,15.141848258692129,0.9974841098321658,1.0125486896371416,1.014719347330373,0.025877787934352456,0.017806826347940105,9.89552392074511,0.43028671104163163,1.4532509852518443,0.17448876357469914,28.374131115242264,0.17402138535898998,0.1701020337462757,0.16998518492614106,8.67635116816447e-05,3.463289382879331e-05,17.058722592800947,0.4183055621882173,2.505234246683444,0.004855666856850307,30.864594341688104,0.0069983559055944505,0.005196989053623247,0.004973854313435516
0.0725,0.9950212870726624,1.001541974497365,0.9736191485326716,0.975685581689684,6.7948110822803525,0.40268351160580607,0.9978820706221426,1.0050382509836397,15.160537835407009,0.9969758744715015,1.0124821758394704,1.014771555541629,0.027723935925092848,0.019076786481360707,9.895729936732188,0.4300321737511859,1.4532812406419175,0.18083637991510676,28.411267185474394,0.1800990010850889,0.1760050081387571,0.17591629362587805,9.906928358864127e-05,3.951339073522005e-05,17.072333671057393,0.41709053152363346,2.507233161854075,0.005210018912638524,31.029131169013027,0.0074754230107028285,0.005551267900590453,0.0053187832994249645
0.075,0.9948478851958151,1.0018889742190071,0.9720403021227065,0.9741810577020485,6.794269318399126,0.4026920690849016,0.9978025074882982,1.005554930393485,15.178829827921442,0.9964397915359248,1.0123814661032648,1.0147933872813968,0.029629302568069154,0.020387299558095512,9.896004671031267,0.42977928608637334,1.4533215879640013,0.18716461137525364,28.445485534099944,0.18615973367769023,0.1818893063913632,0.18183363079257298,0.00011260494610049436,4.4874663120842306e-05,17.08655200115587,0.41594410712052743,2.5093212576830313,0.005572984802825545,31.171038068152814,0.007967472000504686,0.005917226475502458,0.0056759526448498
0.0775,0.9946742825703154,1.0022548496724153,0.9704201821664485,0.9726352073253942,6.7937255896077176,0.40270185269561454,0.9977226557888681,1.0060218378733012,15.196724520663894,0.9958760290621804,1.0122467674379743,1.014785090662359,0.031593279236606965,0.02173791858189081,9.89634700841957,0.42952805002511585,1.4533718634371167,0.1934709701704991,28.476808875443695,0.1922029405325618,0.18775438317061216,0.18773683775894054,0.0001274466582685734,5.074531490367951e-05,17.101360712349052,0.4148662300935456,2.5114960565420072,0.005943802331480819,31.290076454331498,0.008474574966535996,0.006294976380855853,0.00604545476655481
0.08,0.9945004710144252,1.0026394989752103,0.968759235963628,0.9710484536040862,6.793179994179284,0.402712913846881,0.9976425299561915,1.006488440221485,15.214967797058675,0.9952847626397417,1.0120782951984613,1.0147469145260466,0.033615237889193385,0.023128182316874954,9.896755788029859,0.4292784655717661,1.4534318965769646,0.19975301670508827,28.5052611595508,0.1982279920128347,0.19359970892098582,0.19362555904058285,0.0001436728915138517,5.715469224427702e-05,17.116742158676075,0.41385665046469766,2.513754966955278,0.006321670711153477,31.386046098982124,0.00899681501281179,0.006684629143590847,0.006427367957772344
0.0825,0.9943264423701033,1.0030428165047516,0.9670579235846047,0.9694212325462226,6.792632630365817,0.40272530334306467,0.9975621444195001,1.007032657026434,15.234738095547414,0.9946661752048388,1.0118762728197224,1.0146791082266582,0.03569453156673767,0.024557615733664277,9.897229806413053,0.4290305309605727,1.4535015106457014,0.20600836141772425,28.530867521736997,0.20423427143340872,0.1994247695409407,0.19949944208909962,0.0001613644672650185,6.413289184128866e-05,17.132677980494726,0.41291493148576924,2.5160952926362867,0.0067057528204426155,31.458785787787807,0.009534284692560967,0.007086294166933689,0.0068217570629407545
0.085,0.9941521885039958,1.003464692968085,0.9653167173958781,0.9677539926644425,6.792083596368229,0.4027390713604854,0.9974815136005236,1.0075279835447717,15.254122463990988,0.9940204568311487,1.0116409315504098,1.0145819214305234,0.037830494900885386,0.02602573046317551,9.897767820631866,0.4287842428551232,1.4535805231062675,0.21223466649667344,28.55365423136979,0.21022117504215126,0.20522906605487012,0.20535813708867823,0.00018060459146091763,7.171076837253606e-05,17.149149170195493,0.41204045517824367,2.518514242138367,0.007095177617044187,31.508174110877064,0.010087084403518926,0.007500076813481621,0.007228674177719741
0.08750000000000001,0.9939777013084196,1.0039050154735902,0.9635361015800812,0.9660471945107957,6.791532990306856,0.40275426742471304,0.9974006519091584,1.007974558073051,15.273120843735335,0.9933478045174785,1.0113725101854645,1.0144556039311206,0.04002244463341471,0.027532025257711822,9.898368551375274,0.42853959654286317,1.4536687460797777,0.21842964746406077,28.573648640051186,0.21618811198601426,0.2110121142822051,0.2112012967904298,0.0002014788848743452,7.991994068515132e-05,17.166136141515462,0.4112324290209521,2.5210089390341457,0.00751459157345956,31.6417089909026,0.010655320669792976,0.007926076621055794,0.007648159212171866
0.09,0.9938029727023283,1.0043636676041807,0.961716571651295,0.9643013102064891,6.790980910192449,0.4027709403886228,0.9973195737392074,1.0083725303511275,15.291733205897726,0.9926484219727858,1.011071254798166,1.0143004054794968,0.04226968014670159,0.029075986458875228,9.89903068608395,0.4282965861238601,1.4537659868045194,0.2245910746295027,28.590879129369952,0.22213450426871498,0.2167734445047786,0.21702857637888623,0.00022407540826236254,8.879279635593694e-05,17.1836188018211,0.4104898937018059,2.523576432530951,0.007951091118351275,31.7952371288817,0.0112391043847473,0.008364385649630515,0.00808024021259661
0.0925,0.9936279946322695,1.0048405294919216,0.959858633966501,0.9625168229673186,6.790427453897632,0.4027891384112075,0.9972382934641882,1.0087220613350487,15.30995955082881,0.9919225193988688,1.0107374184718982,1.0141165756298829,0.044571484005193875,0.03065708847184385,9.899752882077047,0.42805520469305736,1.4538720480951515,0.23071677441370475,28.605375058388205,0.22805978670833668,0.22251260113350305,0.22283963336531143,0.00024848468140273425,9.836249426331011e-05,17.201576626689913,0.4098117318377114,2.526213708423829,0.008420797324687024,32.02700129725759,0.011838549068530617,0.008815086955649644,0.00852493339030763
0.095,0.9934527590733255,1.0053354778939263,0.9579628052339928,0.9606942266255901,6.789872719128872,0.4028089089371388,0.9971568254332168,1.0090233229691772,15.327799907646748,0.9911703132710642,1.010371261031925,1.01390436360022,0.04692712250778569,0.03227479424553738,9.90053376967105,0.4278154445153372,1.4539867288007355,0.23680463054309694,28.617166711022666,0.23396340689271442,0.22822914237534825,0.228634127502799,0.0002747996951361623,0.00010866296483485272,17.219988736093043,0.4091966775563463,2.528917700283681,0.00890101252558746,32.243418097746556,0.012453769236223685,0.009278253189157508,0.00898224284979276
0.0975,0.993277258030044,1.0058483862694,0.9560296120195444,0.9588340251493181,6.789316803398972,0.4028302986770697,0.9970751839669676,1.0092764979578217,15.345254333842053,0.9903920261172884,1.009973048777461,1.0136640181472805,0.04933584625093145,0.033928555758179206,9.901371955281746,0.42757729719279497,1.4541098242602912,0.2428525851170114,28.62628524347588,0.23984482513414807,0.23392263990152953,0.234411720718515,0.00030311591559890915,0.00011972890765927842,17.23883397146419,0.4086433268250892,2.5316853007755564,0.009386761030919974,32.429011692205286,0.013084878794982538,0.009753945309215747,0.009452160042591121
0.1,0.9931014835373493,1.0063791248577005,0.9540595902511283,0.9569367321594829,6.788759804000099,0.4028533535886668,0.9969933833537126,1.0094817795366313,15.362322914951715,0.9895878862957598,1.0095430542143204,1.0133957874559911,0.051796890702285464,0.035617814507748584,9.902266024500829,0.4273407538237026,1.4542411267546231,0.2490658802302094,28.65660698476851,0.2457035144266231,0.23959267851774882,0.24017207705887456,0.00033353127989943276,0.00013159578617825198,17.25809097293604,0.408150148406163,2.534513373001555,0.00987692432233778,32.58389994044046,0.01373198932885638,0.010242211413812173,0.00993466299686317
0.10250000000000001,0.9929254276614423,1.006927560757278,0.9520532847229588,0.9550028704461101,6.788201817977389,0.40287811885836095,0.9969114378454449,1.009639371243996,15.379005764300885,0.9887581277717284,1.0090815557884203,1.013099919042536,0.05430947678459813,0.03734200200680181,9.903214545138882,0.42710580515272245,1.4543804259532125,0.25526299664521973,28.686319218675045,0.2515389603997635,0.24523885583726313,0.24591486264391776,0.0003661461825650512,0.00014429981920166193,17.277738256033153,0.40771549531304346,2.537398761763897,0.010370384527188524,32.708334599771064,0.014395208659075407,0.010743085681634347,0.010429715386962057
0.105,0.9927490825006845,1.0074935580053912,0.9500112485996176,0.9530329714839259,6.787642942103114,0.40290463888380273,0.9968293616540852,1.0097494866926802,15.39530302281019,0.9879029898935648,1.0085888376203958,1.0127766596707601,0.056872811469543955,0.0391005402811268,9.904216070227077,0.4268724417120106,1.4545275093550447,0.26142193594897545,28.713116192058354,0.25735066125874895,0.25086078195748285,0.2516397456276436,0.00040106345215969316,0.00015787796901935709,17.29775428713015,0.40733761664140866,2.5403383046466708,0.010866032965648368,32.802696919648135,0.015074639346029161,0.011256587424427611,0.01093726551374173
0.1075,0.9925724401864637,1.0080769776584535,0.9479340429210028,0.9510275749483152,6.787083272851457,0.4029329572570076,0.9967471689477768,1.0098123493419011,15.411214858866675,0.9870227171686072,1.0080651892416006,1.012426255281356,0.059486088381101164,0.0408928423716824,9.905269140970297,0.42664065395293077,1.4546821627223026,0.26754052611678913,28.737023477040005,0.26313812771510414,0.25645807914074137,0.25734639616156724,0.00043838831755077556,0.00017236792591272628,17.31811755701498,0.4070146696483113,2.543328842819292,0.011395561510920749,32.96231914120001,0.015770377241424997,0.011782720249959973,0.011457245266411733
0.11,0.9923954928840462,1.0086776778729136,0.9458222361088205,0.9489872282323045,6.786522906373894,0.40296311674817664,0.9966648738472704,1.0098281922700454,15.42674146825605,0.986117559038977,1.0075109053317308,1.0120489509332822,0.06214848840804632,0.04271831283926072,9.90637228964477,0.42641043236817106,1.4548441705059123,0.27361665488082315,28.75806778373685,0.26890088291847614,0.26203038149981184,0.2630344863592773,0.00047822836338153534,0.00018780808890055098,17.338806651939095,0.40674473195573807,2.546367231470893,0.011975519849155954,33.22507781249142,0.016482510138062803,0.01232147133669168,0.011989569131993566
0.1125,0.9922182327934108,1.0092955139865505,0.94367640347532,0.9469124859652531,6.785961938475211,0.40299515929017377,0.9965824904224023,1.0099130540223036,15.443653834989853,0.9851877696572278,1.0069262854583267,1.0116449907568221,0.06485918032507332,0.044576348271299346,9.907524042433852,0.4261817676041381,1.4550133162620043,0.2796482708408743,28.77627691296149,0.2746384623900409,0.26757733468868944,0.26870369026026386,0.0005206934743841233,0.00020423754258502852,17.35980032158715,0.40652581375912383,2.549450349792312,0.012559963175834124,33.4560664588213,0.01721111639067265,0.012872810821965923,0.01253413331025497
0.115,0.9920406521500674,1.0099303386000724,0.9414971267349431,0.9448039095339361,6.785400464590138,0.4030291259636426,0.9965000326886623,1.0100485969748503,15.461673132568556,0.9842336076625277,1.006311633818383,1.0112146179176789,0.06761732142199202,0.046466337790259576,9.908722922196034,0.42595465056356896,1.4551893830584208,0.28563338445296826,28.79167970878993,0.28035041395545035,0.27309859559909955,0.2743536837917682,0.0005658957682479017,0.00022169602999550433,17.381077543458055,0.4063558699275141,2.552575110431058,0.013147655461126777,33.65546757423208,0.01795626359125773,0.013436691305820968,0.013090814981640327
0.11750000000000001,0.9918627432258561,1.0105820016589278,0.9392849935195478,0.9426620666066585,6.784838579760668,0.4030650569827462,0.9964175146038629,1.0101374647065502,15.479308570864797,0.9832553359578021,1.005667258982294,1.0107580745914566,0.07042205814041026,0.0483876635629778,9.909967451159662,0.42572907249837155,1.455372153870462,0.2915700688977515,28.804306011113603,0.2860362976774399,0.2785938320631428,0.27998414472785693,0.0006139495168361719,0.00024022392135902734,17.402617583214766,0.40623281188970306,2.555738468354248,0.013737376083639063,33.823598743349855,0.018718007400624292,0.01401304747234875,0.013659471764244542
0.12,0.9916844983297309,1.0112503505352182,0.9370405968978244,0.940487530661034,6.784276378614009,0.40310299168150765,0.9963349500649021,1.0101799034046952,15.496560286743618,0.9822532214879758,1.0049934736403567,1.0102756019478742,0.07327252671725303,0.05033970131038917,9.91125615353936,0.42550502509277144,1.455561411965131,0.2974564608309432,28.81418660828644,0.29169568578933885,0.2840627225624377,0.2855947526453427,0.0006649710556225812,0.0002598621787581534,17.42440005063065,0.40615451920953766,2.5589374290648563,0.014327928497509284,33.96090666360591,0.01949639036321068,0.014601795829910554,0.014239941384174927
0.1225,0.9915059098085252,1.0119352301096314,0.9347645348995133,0.9382808805160221,6.783713955341242,0.40314296850073494,0.9962523529046282,1.0101761680136558,15.51342844532742,0.9812275350195468,1.004290594352038,1.0097674401440428,0.07616785383442541,0.05232182081701662,9.91258755806962,0.4252825005368986,1.4557569412732165,0.30329076101836566,28.82135318997153,0.29732816263215894,0.2895049559440793,0.29118518887655215,0.0007190786812953203,0.00028065231666725887,17.446404950833653,0.40611885076343684,2.5621690561274058,0.01491814855472099,34.067960520137945,0.02029144094829429,0.015202834570524138,0.014832041572403414
0.125,0.991326970047698,1.0126364828533003,0.9324574100449904,0.9360426998688057,6.783151403676624,0.4031850249755088,0.9961697368888003,1.010126522009224,15.529913240078386,0.9801785509217422,1.0035589412982102,1.009233828326116,0.07910715727388137,0.05433338643961316,9.913960200451386,0.4250614915910082,1.455958526748597,0.30907123485829874,28.82583830028464,0.3029333245971294,0.29492023114369137,0.29675513645928264,0.0007763925375526301,0.0003026363583888281,17.468612730624702,0.4061236554437251,2.5654304779702595,0.015506912399843389,34.14544475630048,0.021103172905834532,0.01581604354744102,0.015435570190941517
0.1275,0.9911476714720653,1.0133539489095098,0.9301198288807743,0.9337735768370506,6.782588816877613,0.4032291977232137,0.9960871157131556,1.0100312371748332,15.546014892930256,0.9791065469494881,1.0027988380365431,1.0086750046386264,0.08208954657731926,0.056373757614343246,9.915372625708054,0.424841991640578,1.4561659547142394,0.3150477951980058,28.850714119475096,0.30851078006762583,0.3003082569158132,0.302304280084579,0.0008370344891867854,0.00032585678844058264,17.491004319721164,0.40616678232237524,2.568718893942613,0.016093143859199004,34.19415129165881,0.02193158463848833,0.01644128436843799,0.016050305582215537
0.13,0.9909680065465091,1.0140874661751715,0.9277524015214667,0.9314741035070728,6.782026287705563,0.40327552243209275,0.9960045030005733,1.0098905933797806,15.561733654466495,0.9780118040284241,1.0020106112602414,1.0080912062408165,0.08511412370968661,0.058442289361886474,9.916823390447579,0.4246239947425721,1.4563790131944139,0.321028012936636,28.87762511905369,0.31406014935113,0.30566875157183204,0.3078323060432121,0.0009011279846254244,0.000350356500972783,17.513561166849467,0.4062460902209322,2.5720315796150373,0.016773565817169205,34.415520738909436,0.022776658548499574,0.01707840060075652,0.016676007128073742
0.1325,0.9907879677766728,1.0148368703819948,0.9253557411986217,0.9291448754884052,6.781463908407143,0.40332403385030635,0.9959219122983468,1.009704878359522,15.57706980414196,0.9768946060421941,1.001194590560291,1.0074826693292644,0.08817998372564279,0.060538332789848784,9.918311065027916,0.4244074956632022,1.456597492232707,0.3269922340950044,28.904769461357663,0.3195810646061831,0.3110014427256406,0.3133389021719375,0.0009687979071686013,0.0003761787443224467,17.53626527068042,0.4063594566434957,2.5753658913226185,0.017459564454356195,34.61648448902777,0.023638360475840496,0.017727218082041703,0.017312415998995394
0.135,0.9906075477096332,1.015601995177289,0.9229304638169986,0.9267864914752276,6.780901770696436,0.40337476577547465,0.9958393570755536,1.009474387498135,15.592023650544869,0.9757552396222215,1.000351108191391,1.0068496291661284,0.09128621543809706,0.06266123559186763,9.91983423562339,0.4241924899075531,1.4568211841954881,0.3331072211370984,28.946666667801985,0.3250731697725628,0.31630606704717507,0.3188237578007681,0.0010401704152271532,0.0004033670618374573,17.559099205666378,0.40650478604048323,2.5787192699593935,0.01814468812733779,34.78652918855019,0.024516639139741364,0.018387545330149736,0.017959256069773197
0.1375,0.9904267389345592,1.0163826722043336,0.9204771875186335,0.9243995528151022,6.780339965737745,0.40342775104468515,0.9957568507205312,1.0091994236130037,15.606595531696087,0.9745939939401798,0.9994804988417157,1.0061923201123217,0.0944319020879131,0.06481034254280203,9.921391506189995,0.4239789737414714,1.4570498840605328,0.33917416434793835,28.985631564755796,0.33053612050312586,0.3215823700239653,0.32428656370259945,0.0011153727719326778,0.0004319652291285234,17.5820461428989,0.40668001738125986,2.5820892440414895,0.0188277137469925,34.926267995028695,0.025411425709647887,0.01905917404338926,0.018616234975120396
0.14,0.990245534083348,1.0171787311822593,0.9179965322551294,0.9219846630854159,6.779778584129106,0.4034830215249455,0.9956744065384556,1.0088802967417825,15.620785815382431,0.9734111605033469,0.9985830994066566,1.005510975664955,0.09761612201384842,0.06698499598940484,9.922981500327971,0.42376694420613986,1.4572833896905595,0.3451912325390158,29.02169310099886,0.3359695840948205,0.3268301057308097,0.3297270120465956,0.0011945331645515514,0.00046201718793056326,17.6050898661596,0.4068831310234702,2.585473432064347,0.01950747267463527,35.03642308718139,0.026322633558930147,0.01974187968169619,0.019283045277174945
0.14250000000000002,0.9900639258312448,1.0179899999853872,0.9154891193685368,0.9195424276779124,6.779217715886511,0.403540608104065,0.9955920377490235,1.0085173239316794,15.634594899520893,0.9722070329530225,0.9976592487666776,1.0048058284983936,0.10083794932177831,0.06918453633588136,9.924602863040487,0.42355639912578325,1.4575215020915082,0.3511566594785584,29.054881178148523,0.34137323941957737,0.3320490366076666,0.3351447963567592,0.0012777805141948003,0.0004935669767773047,17.62821478338309,0.407112154875897,2.588869544186157,0.020182857489051437,35.117817253610106,0.027250158179467403,0.0204354221184563,0.019959365716570508
0.145,0.9898819068974433,1.0188163047219798,0.9129555711811684,0.9170734533916673,6.778657450428799,0.40360054068194556,0.9955097574842348,1.0081108290310934,15.648023212550484,0.9709819068661552,0.9967092875694109,1.0040771105082942,0.10409645455224009,0.07140830252374906,9.926254262387419,0.4233473371089666,1.4577640256554139,0.3570687441721811,29.085226600795128,0.3467467768571726,0.3372389332458388,0.34053961147710543,0.0013652442763721852,0.0005266586587136022,17.651405933790855,0.4073651698598188,2.592275383275541,0.020852828054958764,35.17136513285911,0.02819387705143861,0.021139546352205964,0.02064486251942661
0.1475,0.9896994700456674,1.019657469812362,0.9103965105946591,0.9145783480348246,6.778097876563265,0.4036628481622647,0.9954275787862779,1.0076611424836224,15.661071213848453,0.9697360795603376,0.9957335580161112,1.0033250528580069,0.10739070534532216,0.0736556325054236,9.927934391033734,0.4231397575439571,1.4580107683878012,0.3629258510384169,29.112761027132333,0.35208989823255615,0.3423995741825129,0.34591115354480106,0.001457054232992434,0.0005613362462891456,17.67464899098665,0.407640314681068,2.5956888453661375,0.02151641683816339,35.19806416755798,0.029153649628092033,0.02185398326726483,0.02133919073408239
0.15,0.9895166080847363,1.0205133180663692,0.9078125606985588,0.9120577200353898,6.777539082471945,0.40372755844453767,0.9953455146055161,1.0071686011244594,15.673739394167718,0.968469849902322,0.9947324036525698,1.0025498860267483,0.11071976710191829,0.07592586371096961,9.929641967692223,0.4229336605886297,1.4582615421195628,0.3687264099828322,29.137516920160408,0.3574023167587084,0.3475307457036954,0.35125911997255893,0.0015533402764620178,0.0005976436240948137,17.69793026232888,0.4079357899312773,2.599107919564431,0.022172733421331792,35.19898533907367,0.03012931732157538,0.02257845043247215,0.022041995573464628
0.1525,0.9893333138691071,1.021383670760094,0.9052043443887089,0.9095121780613472,6.776981155698575,0.40379469841653837,0.9952635777985727,1.0066335479791788,15.6860282760922,0.9671835181201925,0.9937061691645913,1.0017518398589793,0.11408270364036327,0.07821833350746958,9.931375738460577,0.4227290471553969,1.458516162703323,0.37446891637452384,29.159527499533798,0.3626837569792101,0.3526322416555797,0.3565832094414688,0.001654232186582101,0.0006356244691188524,17.721236684912892,0.40824986154212806,2.6025306874597116,0.022879542723824725,35.265548041337105,0.03112070339221659,0.023312652927589387,0.022752913741466763
0.155,0.9891495802994031,1.0222683477118952,0.9025724839956359,0.9069423306503379,6.776424183136231,0.40386429394706963,0.9951817811265149,1.0060563320649114,15.697938414506947,0.9658773856193209,0.9926552001781178,1.000931143614444,0.11747857784747107,0.08053237965047962,9.933134478053274,0.42252591889164426,1.45877445019435,0.3801519309288585,29.178826694117024,0.3679339547008098,0.357703863264357,0.36188312190531824,0.0017598594009871375,0.0006753221692143142,17.744555818506825,0.4085808636208005,2.605955322086642,0.023643851754297365,35.40278532477864,0.032127613224661976,0.024056284187559025,0.023471574724476325
0.1575,0.9889654003229219,1.0231671673576483,0.8999176009231546,0.904348785849111,6.775868251015606,0.40393636987906634,0.9951001372531332,1.0054373081938957,15.709470397079789,0.9645517548022129,0.9915798430640819,1.0000880260183556,0.12090645232300014,0.08286734072705938,9.934916990928722,0.4223242781561455,1.4590362290160896,0.3857740795003842,29.19544909530694,0.3731526569182835,0.36274541896447254,0.36715855860731567,0.0018703507799088942,0.0007167797399817244,17.76787583578911,0.4089272006983067,2.609380086491538,0.024401789221843048,35.51189894752471,0.03314983526277188,0.024809026855635487,0.02419760203211452
0.16,0.9887807669341238,1.0240799468252093,0.8972403152973587,0.9017321508629315,6.775313444893943,0.4040109500230191,0.9950186587433152,1.0047768367793957,15.720624844751562,0.9632069288923352,0.990480444748053,0.9992227153112462,0.12436539001658355,0.08522255658988173,9.936722112312687,0.4221241279919259,1.4593013281104636,0.3913340527898542,29.209429911172286,0.3783396217415677,0.36775672423531214,0.37240922210996336,0.001985834366086282,0.0007600397403817223,17.79118551023432,0.4092873494250104,2.612803331953296,0.02515231703945646,35.593796327126185,0.0341871416593863,0.02557055363738164,0.024930614374267593
0.1625,0.9885956731751037,1.0250065020080754,0.8945412456261437,0.8990930317151028,6.774759849644619,0.4040880571507101,0.9949373580615166,1.0040752836439546,15.731402412231672,0.9618432117620129,0.9893573525247403,0.9983354392980185,0.12785445485617325,0.0875973687819486,9.938548709118999,0.42192547209602693,1.459569581073085,0.3968306059693391,29.220804921455652,0.38349461832715187,0.37273760144628615,0.377634816338662,0.002106437140674147,0.0008051441874014448,17.814474201987583,0.4096598597494739,2.6162234959089106,0.02589448005891415,35.649459323092756,0.03523928831723872,0.0263405281486086,0.025670226764539488
0.165,0.9884101121360448,1.025946647638225,0.8918210084693813,0.8964320329167412,6.774207549447323,0.40416771298924586,0.9948562475703184,1.0033330198299686,15.741803788496139,0.9604609077644759,0.9882109138774031,0.9974264253957777,0.1313727123670674,0.08999112095146085,9.94039568076894,0.4217283147866169,1.4598408262735927,0.40226255822938795,29.22961043347672,0.38861742680758254,0.37768787971026113,0.3828350466394513,0.002232284776032896,0.0008521344701056391,17.83773184205682,0.4100433556178908,2.619639099631963,0.026634527010334464,35.689472382672555,0.036306015083929055,0.027118605751481936,0.026416051543287338
0.1675,0.9882240769556526,1.0269001973581249,0.8890802181198378,0.893749757146905,6.773656627778829,0.40424993821538263,0.9947753395290718,1.002550421412547,15.751829697285157,0.9590603215701269,0.9870414763022133,0.9964959006800559,0.13491923028060998,0.09240315925641303,9.942261959910804,0.42153266096786945,1.4601149069613246,0.4076287922521944,29.235883238970214,0.39370783821698235,0.3826073947452713,0.38800961985111243,0.002363501386305423,0.0009010512634089088,17.860948915137733,0.41043653523184526,2.6230487457103044,0.027392380050671766,35.74119934064172,0.03738704605259628,0.027904434374179506,0.027167699316353804
0.17,0.9880375608215712,1.0278669637918891,0.8863194862949174,0.8910468049431665,6.773107167404401,0.4043347524501332,0.9946946460926365,1.001727869314622,15.761480897597396,0.9576417580071008,0.9858493871375938,0.9955440919290485,0.13849307913167674,0.09483283275850707,9.944146513041417,0.421338516093019,1.4603916713565965,0.41292825361469004,29.239660571886443,0.39876565441578493,0.38749598874441904,0.39315824439168295,0.0025002092767080304,0.000951934441909115,17.88411644136843,0.4108381709020696,2.6264511153665513,0.0281382442707154,35.76601373046783,0.03848208986554556,0.028697655310628692,0.02792477980840536
0.17250000000000001,0.9878505569707827,1.0288467586155872,0.8835394218392643,0.8883237744026893,6.772559250369718,0.40442217425364846,0.9946141793101935,1.0008657491242814,15.770758184178176,0.9562055219061529,0.9846349933985719,0.9945712256655529,0.14209333284409031,0.09727949380600467,9.94604834103152,0.42114588612597725,1.4606709727278564,0.4181599501254485,29.24098006717728,0.4037906880171366,0.3923535102538553,0.39828063035925665,0.002642528692477881,0.001004822994123751,17.90722595729102,0.4112471085353267,2.6298449656621163,0.028871275885739286,35.76507027969212,0.039590840323543604,0.02949790399793633,0.028686902632330057
0.17500000000000002,0.9876630586899877,1.0298393926266918,0.8807406304382617,0.885581260893847,6.772012957993385,0.404512221120369,0.994533951124147,0.999964450914276,15.779662387999025,0.9547519179499261,0.9833986416161519,0.9935775281962931,0.14571906930313658,0.09974249840516286,9.947966479557085,0.4209547775018784,1.4609526694550283,0.42375994580332943,29.2700639394027,0.40878276231567884,0.39717981405870545,0.40337648964677697,0.002790577568430733,0.0010597549374711226,17.93026949627554,0.4116622667906161,2.6332291266222794,0.029590730243583656,35.73957226131825,0.04071297755447422,0.030304810770128,0.029453677978355533
0.1775,0.9874750593159675,1.0308446758126597,0.8779237143424248,0.8828198567784052,6.771468370859966,0.40460490947444,0.9944539733690999,0.9990243690636726,15.788194376726004,0.9532812505266189,0.9821406776817231,0.9925632256483663,0.14936937091439062,0.10222120657992412,9.949899999438879,0.42076519708689214,1.4612366250793818,0.4295280041882927,29.31225791427839,0.41374171121512016,0.4019747610767838,0.4084455360703689,0.0029444712800893017,0.0011167672343363813,17.953239568639095,0.41208263593965344,2.636602498316492,0.03029596233667643,35.690762097588376,0.04184816917841234,0.03111800158770969,0.030224717228345986
0.18,0.9872865522359298,1.031862417418648,0.8750892721026721,0.8800401511442631,6.7709255688135235,0.4047002546653865,0.9943742577709054,0.9980459020816063,15.796355055174342,0.9517938235880811,0.9808614466965008,0.9915285440025807,0.1530433251480944,0.10471498271955924,9.951848006892606,0.4205771521376253,1.4615227083402662,0.4352349602583979,29.351660088696274,0.41866737914829644,0.4067382182599139,0.41348748551061143,0.003104322397344458,0.0011758957095589328,17.976129141669585,0.41250727646509133,2.6399640479246758,0.031133915989367118,35.789456275359065,0.0429960708286023,0.03193709874333962,0.03099963350209409
0.1825,0.9870975308878347,1.0328924260143604,0.8722378983164428,0.8772427295487332,6.770384630951665,0.4047982709640459,0.9942948159457932,0.9970294524330906,15.80414536574712,0.9502899405123489,0.9795612928259925,0.9904737091234624,0.1567400250683696,0.10722319591398886,9.953809643692193,0.4203906502604066,1.4618107931990911,0.44087959714710245,29.38830464235481,0.423559620988573,0.41147005850264756,0.4185020560660125,0.0032702404416085104,0.001237174969672487,17.998931619740087,0.4129353174282832,2.643312806816832,0.03196862761364768,35.872755058786765,0.04415632664551645,0.0327617215445403,0.031778042143345744
0.185,0.9869079887607066,1.033934509560028,0.8693701833846011,0.874428173772318,6.769845635620061,0.404898971558755,0.9942156593995634,0.9960826425145921,15.813268394331843,0.9487699039706295,0.9782405591594792,0.9893989467857651,0.16045856984658877,0.10974522027653703,9.955784087248896,0.42020569937072466,1.4621007588509438,0.4464607603692582,29.422226298471205,0.42841830195702957,0.4161701605581463,0.42348896821782217,0.0034423316474121125,0.001300638324222076,18.02164082467689,0.4133659546366113,2.646647867669902,0.032789597170221174,35.93037191188561,0.04532857000716215,0.03359148697488583,0.03255956115382367
0.1875,0.9867179193949243,1.0349884754715186,0.866486713279061,0.8715970615829312,6.7693086604074155,0.4050023685517907,0.994136799526849,0.995181107970469,15.823339131425955,0.9472340157987338,0.9768995875744816,0.9883044826973253,0.164198065258272,0.11228043525389958,9.957770550608949,0.42002230765306603,1.4623924897242442,0.4519773571250288,29.453460278464355,0.4332432975287749,0.4208384089609662,0.4284479450052225,0.0036206987293838176,0.0013663177094738117,18.044250976521663,0.4137984486385496,2.64996838164251,0.033596022757798015,35.963375854638144,0.04651242405642934,0.034426010335468396,0.03334381158370929
0.19,0.9865273163824967,1.0360541306845854,0.8635880693210377,0.8687499665104819,6.768773782140868,0.4051084729560646,0.9940582476104396,0.9942423508085714,15.833044509440404,0.9456825768729438,0.9755387186061947,0.9871905425181442,0.1679576241629206,0.11482822592313738,9.959768282372659,0.4198404835213763,1.462685875468863,0.45742835554242717,29.48204225769299,0.43803449333962086,0.4254746939564561,0.43337871220982516,0.0038054406555339754,0.001434243614823006,18.066756674806722,0.41423212257275543,2.6532735556250593,0.03438720644810179,35.97287956248396,0.04770750238520708,0.035264905868685005,0.0341304178869557
0.1925,0.9863361733673217,1.0371312817182496,0.8606748279698268,0.8658874576317405,6.768241076881804,0.4052172946920702,0.9939800148206667,0.993417835551768,15.844794925180445,0.9441158869903048,0.9741582913218447,0.9860573518755978,0.17173636696624686,0.11738798327553436,9.961776566537903,0.4196602355803423,1.4629808109331377,0.46281278386246155,29.508008322272286,0.4427917850912356,0.4300789114364565,0.4382809985483421,0.003996652427742774,0.0015044450121946503,18.0891528804422,0.4146663598956182,2.6565626495796937,0.03516255379426824,35.960030728806906,0.04891340994719713,0.03610778736649964,0.034919008249477884
0.195,0.9861444840454252,1.038219734737329,0.8577475606219918,0.8630100993653753,6.767710619922065,0.4053288425850857,0.9939021122148473,0.9925852166511808,15.856641916370704,0.9425342447533088,0.9727586431999334,0.9849051363757033,0.17553342206430622,0.11995910448718825,9.963794722271054,0.41948157258767244,1.463277196130231,0.46812972957080706,29.5313949269881,0.4475150784486518,0.43465096288095734,0.4431545358722258,0.004194424870325598,0.0015769492887171678,18.111434898294448,0.41510060200986076,2.6598349739817695,0.035921572415442714,35.926003605808056,0.0501297435784509,0.036954268765339686,0.03570921489771499
0.1975,0.9859522421651853,1.0393192956141069,0.8548068334208271,0.8601184512770472,6.767182485780527,0.40544312436263286,0.9938245507367808,0.991716456087481,15.868133675237637,0.940937947458948,0.9713401100143181,0.9837341216103989,0.17934792626908774,0.12254099317623086,9.965822103608495,0.419304503417528,1.463574936194296,0.47337833847984134,29.552238854324127,0.4522042889328701,0.43919075530534896,0.4479990593730281,0.004398844427517905,0.0016517821829359544,18.13359836051767,0.41553434581502363,2.6630898873719504,0.03666386969187476,35.871990772316586,0.051356092624751284,0.037803964729691386,0.036500674394283596
0.2,0.9857594415275406,1.0404297699891514,0.8518532070759559,0.8572130678944307,6.766656748200021,0.4055601466521947,0.9937473412162973,0.9908119260774754,15.879270805785282,0.9393272909920964,0.9699030257230793,0.9825445331608115,0.1831790252151685,0.12513305964660393,9.967858099091838,0.41912903702523924,1.4638739413269028,0.4785578137647979,29.57057717461385,0.45685934181556903,0.44369820121287906,0.45281430779220344,0.004609992970686468,0.0017289677248175145,18.15563921068447,0.4159671411989626,2.6663267940256286,0.03738914961500969,35.79919517538616,0.05259203999087002,0.0386564912262836,0.03729302792644437
0.2025,0.985566075986178,1.0415509633312898,0.8488872366929033,0.8542944985320194,6.766133480144584,0.4056799149791953,0.9936704943688534,0.9898720020410122,15.890053952083594,0.9377025697231908,0.9684477223621124,0.9813365965965083,0.18702587374708943,0.12773472111834333,9.969902131340161,0.41895518241341695,1.4641741267342196,0.4836674149577033,29.586447207326017,0.46148017201469876,0.4481732185519002,0.4576000236340499,0.004827947616034341,0.0018085281797781889,18.17755368874612,0.41639858848788475,2.669545141744197,0.03809720884669294,35.7088224902753,0.05383716317230136,0.03951146609050831,0.03808592159191033
0.20500000000000002,0.9853721394477097,1.0426826809967338,0.845909471612484,0.8513632871255619,6.765612753797022,0.405802433765244,0.9935940207951749,0.9888970624528767,15.900483798579112,0.936064076410156,0.9669745299433814,0.9801105374707522,0.19088763628715935,0.1303454019443547,9.971953656562444,0.4187829485995531,1.4644754125554083,0.4887064569026726,29.599886483489318,0.4660667239839459,0.45261573067747995,0.46235595338049534,0.005052780553523548,0.0018904839969535363,18.19933831684035,0.4168283358709272,2.672744419770792,0.03878793205049652,35.60207384066231,0.05509103500522046,0.04036850958643549,0.03887900668518909
0.20750000000000002,0.9851776258718282,1.0438247282873712,0.8429204552598258,0.8484199720759708,6.765094640556763,0.40592770632664915,0.9935179309809407,0.9878874886962802,15.910561070378327,0.9344121021045434,0.9654837763577664,0.9788665813117986,0.1947634871834481,0.13296453381368847,9.97401216401364,0.4186123445851858,1.4647777237827426,0.49367430867603684,29.610932709259476,0.47061895159100914,0.4570256663169198,0.4670818477064296,0.005284558887692355,0.0019748537619055655,18.220989885952417,0.41725607681386306,2.6759241568313428,0.039616629753245,35.61980993040773,0.056353224395927784,0.04122724496145574,0.039671939986267245
0.21,0.9849825292714484,1.0449769105082167,0.8399207250028469,0.8454650861025267,6.7645792110379634,0.4060557348732045,0.9934422352965058,0.9868436649178777,15.920286533502148,0.9327469360618322,0.9639757872824309,0.9776049536102878,0.19865261103777848,0.13559155594135175,9.976077175397592,0.4184433793266852,1.465080990173923,0.498570392474691,29.61962373062979,0.4751368179872673,0.46140295953871846,0.47177746169431656,0.0055233444909934615,0.0020616541539452853,18.242505443425053,0.4176815474751884,2.6790839193002913,0.0404389264272259,35.62753455765706,0.0576232970646131,0.04208729899624092,0.04046438405212505
0.2125,0.9847868437128344,1.0461390330240312,0.8369108120199938,0.8424991561052054,6.764066535067881,0.406186520507253,0.9933669439966611,0.9857659778842638,15.929660995110089,0.9310688656558027,0.962450886092634,0.9763258798028035,0.20255420301358132,0.13822591524471983,9.97814824422026,0.41827606170770343,1.46538514615709,0.5033941824759379,29.625997499283734,0.47962029547302626,0.46574754972449983,0.47644255504684424,0.00576919387022568,0.0021508999082275743,18.263882281303623,0.41810452413660487,2.682223309488968,0.041243495731545995,35.61623775596218,0.05890081633371432,0.042948302550362465,0.04125600751043186
0.215,0.9845905633157075,1.0473109013151087,0.8338912411770448,0.8395227030359342,6.763556681685472,0.4063200632230326,0.9932920672204283,0.9846548168399041,15.93868530369294,0.9293781762968649,0.9609093937778986,0.9750295852516855,0.2064674691235256,0.14086706650663525,9.980224955096595,0.4181104005133155,1.4656901307290329,0.5081452036720123,29.63009203958689,0.48406936535986944,0.47005938154341487,0.48107689229641654,0.0060221580465751,0.002242603782754259,18.28511792549511,0.41852482065876423,2.6853419640534866,0.0420300861936109,35.58699733372173,0.06018534385222133,0.04380989110356401,0.042046485353908064
0.2175,0.9843936822533413,1.0484923210322359,0.8308625309127692,0.8365362417785911,6.763049719140192,0.4064563619063087,0.9932176149908835,0.9835105733664499,15.947360349232675,0.927675151354305,0.959351628862463,0.9737162952211923,0.21039162649688875,0.14351447252530927,9.982306923014391,0.41794640440586645,1.4659958873470789,0.5128230306823707,29.63194541671356,0.4884840178299291,0.47433840492852286,0.4856802430103415,0.00628228244972247,0.0023367765303997146,18.3062101257129,0.41894228597206523,2.6884395525180422,0.04279853725539245,35.54089441387435,0.06147644015929527,0.04467170529235444,0.04283549923329863
0.22,0.9841961947526411,1.0496830980508216,0.8278251931332395,0.833540281037545,6.762545714891011,0.4065954143342985,0.9931435972150122,0.9823336412434012,15.955687063328607,0.9259600720824098,0.9577779073299147,0.9723862348501314,0.21432590362668105,0.14616760425116315,9.984393792558562,0.41778408190252647,1.4663023638151715,0.5174272865467214,29.63159570590231,0.4928642517937645,0.4785845750546478,0.49025238199062615,0.006549606826412128,0.0024334268760512544,18.327156846173814,0.41935680161129923,2.6915157759086803,0.043548774105134094,35.47900693925539,0.06277366506071055,0.04553339144128115,0.04362273774668434
0.2225,0.9839980950942064,1.0508830385242007,0.824779733114576,0.8305353232345333,6.762044735605594,0.40673721717589173,0.99307002368359,0.9811244163100771,15.963666419288932,0.9242332175503981,0.9561885425519259,0.9710396291210756,0.21826954059658604,0.14882594091077084,9.986485237099126,0.41762344135454565,1.466609512164619,0.5223128043620016,29.64924188836947,0.4972100747484243,0.48279785231720995,0.494793089467355,0.006824165163814394,0.0025325614989343596,18.347956257009272,0.4197682793020106,2.6945703654919484,0.044280801926252555,35.402403533804524,0.06407657826134427,0.04639460208796427,0.04440789672291252
0.225,0.983799377612381,1.0520919489361102,0.8217266494139098,0.827521864413673,6.761546847159649,0.40688176599217235,0.9929969040710854,0.9798832963288678,15.971299432186793,0.9224948645760765,0.9545838452209877,0.9696767028263006,0.22222178928782765,0.15148897011808732,9.988580957946267,0.41746449092819166,1.4669172885300055,0.5275090434312479,29.68607440263887,0.5015215026351153,0.4869782023115354,0.4993021512847009,0.007105985627948432,0.0026341850201703422,18.368606726348823,0.4201766586055661,2.6976030816122845,0.04499469964340661,35.312137749422284,0.06538474037582769,0.047254996500725545,0.04519067949717936
0.2275,0.9836000366952875,1.0533096361523377,0.8186664337883434,0.8245003941543889,6.761052114636438,0.40702905523724725,0.9929242479355891,0.9786106808497305,15.978587158880256,0.920745287663145,0.9529641232870544,0.9682976805305853,0.22618191356612036,0.15415618797316752,9.990680683475752,0.41730723858734253,1.467225653020751,0.5326358910089055,29.720396535789412,0.5057985596989277,0.49112559581214643,0.5037793590786852,0.007395090517366456,0.002738299995591603,18.389106813031677,0.4205819046291154,2.700613712621639,0.04569061325051154,35.20924272497569,0.06669771387798568,0.04811424118743288,0.04597079717715131
0.23,0.9834000667848464,1.054535907471539,0.8155995711216821,0.8214713954920533,6.76056060232638,0.40717907825938526,0.9928520647187552,0.9773069710759162,15.985530697995626,0.9189847589420779,0.9513296818979986,0.966902786531028,0.23014918944890336,0.15682709914860188,9.992784168227976,0.417151692077702,1.467534569588799,0.5376927745135149,29.752244058009286,0.510041278343725,0.49524000875155394,0.5082245104458917,0.007691496232233196,0.002844906913817301,18.40945525989964,0.42098400580585454,2.7036020738944786,0.04636874880911139,35.094726280366665,0.06801506367519,0.048972010394003104,0.04674796889839745
0.2325,0.9831994623767827,1.0557705706752263,0.8125265393587188,0.8184353448461108,6.760072373726854,0.4073318273024722,0.9927803637457727,0.9759725697308927,15.992131189873719,0.9172135481145156,0.949680823343767,0.9654922448140225,0.23412290525310417,0.15950121696391378,9.994891191983871,0.41699785891259744,1.4678440058929025,0.5426791695900376,29.781652827702427,0.514249698977338,0.4993214221980765,0.5126374091024098,0.007995213258867179,0.0029540041995700884,18.429650987623752,0.42138297175028344,2.7065680069211693,0.04702936520791229,34.969566464739266,0.06933635768824399,0.04982798659086172,0.04752192206825881
0.23500000000000001,0.9829982180206189,1.05701343407692,0.8094478094468358,0.8153927119554841,6.759587491542037,0.40748729350778495,0.9927091542253411,0.974607880926465,15.998389816478678,0.9154319224010783,0.9480178470041524,0.9640662790095742,0.2381023617237164,0.16217806344818209,9.997001558820795,0.41684574636031496,1.4681539331599744,0.5475945988969323,29.80865875811702,0.5184238698412278,0.5033698223322381,0.517017865032371,0.008306246169742957,0.003065588222192767,18.449693089016165,0.42177883119245924,2.709511378472622,0.04769185243856931,34.84865355477381,0.07066116718139215,0.05068186094554691,0.048292392597583084
0.23750000000000002,0.9827963283196525,1.0582643065704629,0.8063638452847066,0.812343959821031,6.759106017682883,0.40764546691609027,0.9926384452496675,0.9732133100320661,16.00430780126922,0.9136401464925266,0.9463410493000666,0.9626251123431037,0.24208687214351732,0.1648571693911687,9.999115096151558,0.4166953614329216,1.468464326043959,0.5524386308806866,29.833297785251307,0.5225638468199155,0.507385200421303,0.5213656946255224,0.008624593638886317,0.003179653309302351,18.469580823778607,0.4221716299946001,2.712432079829056,0.04852617002284899,34.85400944192284,0.07198906708264667,0.05153333377956527,0.04905912511999708
0.24,0.9825937879309233,1.0595229976774923,0.8032751036778666,0.8092895446548403,6.758628013267195,0.4078063364700708,0.9925682457944779,0.9717892635452159,16.00988640903215,0.9118384825041757,0.9446507236482121,0.9611689675849185,0.24607576242428902,0.1675380743832484,10.001231653749594,0.4165467108765223,1.4687751624826684,0.5572108785406882,29.855605837032552,0.5266696932517252,0.5113675527915384,0.5256807208033647,0.008950248472528172,0.0032961917654981965,18.489313613639403,0.4225614292527743,2.715330026065824,0.04933872028112491,34.842716680023436,0.07331963670371613,0.052382115007553166,0.04982187319858987
0.2425,0.9823905915651658,1.0607893175940624,0.8001820343009265,0.8062299158361489,6.758153538619759,0.4079698900170826,0.9924985647190354,0.9703361489631452,16.01512694567814,0.9100271899334715,0.9429471604190559,0.9596980669975217,0.25006837117994,0.17022032684444996,10.00335110276327,0.41639980116289554,1.4690864235530257,0.5619109981872064,29.875618803763462,0.5307414797466214,0.515316880797819,0.5299627731334636,0.00928319765481769,0.0034151938960207363,18.508891037831496,0.42294830348581736,2.7182051553893163,0.05012941963184686,34.81568684391687,0.07465246066250858,0.053227924556772485,0.05058039952005026
0.245,0.9821867339867488,1.0620630772364175,0.7970850796662068,0.8031655158736586,6.7576826532725764,0.40813611431224683,0.9924294107661761,0.9688543746555771,16.020030757999873,0.9082065256206439,0.9412306468979905,0.9582126322809289,0.2540640497819601,0.1729034840429343,10.005473334722208,0.416254638482449,1.4693980933251327,0.5665386881951441,29.893372509829092,0.5347792840132737,0.5192331907902078,0.5342116879316274,0.009623422408331408,0.003536648035237934,18.52831282886555,0.4233323389130667,2.7210574285162012,0.05089826085135606,34.77382561914309,0.0759871297828901,0.054070492764964104,0.051334476076451065
0.2475,0.9819822100136065,1.063344088285902,0.793984675098564,0.8000967803740384,6.757215415965143,0.40830499502187884,0.9923607925623485,0.9673443497386757,16.024599233392703,0.9063767437123634,0.9395014672495883,0.9567128845161733,0.2580621623976696,0.17558711210324432,10.00759826053843,0.416111228738436,1.4697101587155803,0.5710936877561144,29.908902686656297,0.538783190677774,0.52311649407719,0.5384273083517157,0.009970898269053409,0.0036605405798181114,18.54757886855339,0.4237136318219609,2.723886828089433,0.05164530657792845,34.71802793292681,0.0773232416284429,0.05490956075460048,0.05208388433500337
0.25,0.9817770145171534,1.0646321632330071,0.790881248716193,0.7970241380163964,6.756751884644809,0.40847651672725654,0.9922927186176675,0.965806483950159,16.028833799538162,0.9045380956283281,0.937759902484834,0.9551990441071684,0.26206208601175474,0.17827078600467416,10.009725809505063,0.4159695775423732,1.4700226093403976,0.5755757756312846,29.922244946916578,0.5427532910850651,0.5269668068852573,0.542609484462932,0.010325595175441954,0.0037868560264301934,18.56668918423924,0.42409228702605284,2.7266933581247668,0.0523706825319204,34.64917344396445,0.0786604007239072,0.05574488078161323,0.052828415396202574
0.2525,0.9815711424221902,1.0659271154205434,0.7877752214171821,0.7939480105325077,6.756292116467192,0.40865066292873076,0.9922251973259744,0.9644103514942306,16.03554866558468,0.9026908300306846,0.9360062304312405,0.953671330721106,0.2660632104316052,0.18095408957011325,10.011855928295196,0.415829690210598,1.4703354373680249,0.5799847689073229,29.93343475996225,0.5466896831121091,0.530784150314581,0.546758073314517,0.010687477571141133,0.003915577013795926,18.58564394519811,0.4244684164135007,2.7294770434818343,0.0530745705360887,34.568122407278395,0.07999821877626073,0.056576216556723596,0.053567870140847976
0.255,0.9813645887068002,1.0672287590859324,0.7846670068716057,0.7908688126925874,6.755836167796646,0.40882741605017797,0.9921582369649059,0.9631571334234008,16.044774013436065,0.900835192796201,0.9342407257057389,0.9521299632275645,0.2700649382769954,0.18363661544573073,10.013988579963442,0.41569157176190497,1.4706486373726835,0.5843205217576751,29.942507428484884,0.5505924710092295,0.5345685502905464,0.5508729389878355,0.011056504520841934,0.004046684368903239,18.604443459163058,0.424842137585655,2.732237929354137,0.05375720142044468,34.47571192727014,0.08133631499025461,0.05740334353757204,0.05430205936642791
0.2575,0.9811573484022328,1.0685369094026111,0.7815570115189377,0.7877869522963996,6.755384094206773,0.40900675744379805,0.9920918456959694,0.9618767014237608,16.053681236846376,0.8989714269910876,0.9324636596902431,0.9505751596364956,0.2740666849546709,0.1863179650718702,10.016123742952662,0.41555522691620256,1.4709622061885046,0.5885829242112917,29.94949806638425,0.5544617652352143,0.5383200375109547,0.5549539526359178,0.011432629838746426,0.004180157157175673,18.623088168945714,0.42521357258493087,2.7349760807727366,0.054418847895149565,34.37275260882063,0.08267431643873835,0.05822604918992474,0.05503080391332135
0.26,0.9809494165927779,1.069851382520539,0.7784456345705779,0.7847028301694955,6.754935950481011,0.4091886673952562,0.9920260315646294,0.9605694148748812,16.06227122470609,0.8970997728483416,0.9306753005097858,0.9490071370352626,0.27806787861841925,0.18899774864553293,10.018261410108057,0.41542066009412904,1.4712761427647383,0.5927719009308237,29.954441577834935,0.558297682231876,0.542038647388742,0.5590009925105833,0.011815802229041375,0.004315972736379901,18.641578649116862,0.4255828467107671,2.7376915821187713,0.05505981747298353,34.2600256128942,0.08401185831748739,0.059044133216332076,0.055753934781185524
0.2625,0.9807407884156324,1.0711719956057992,0.7753332680172822,0.7816168401643794,6.754491790613245,0.4093731251291701,0.9919608025003969,0.9592356337407001,16.070544903843803,0.8952204677476006,0.9288759130131269,0.9474261115248979,0.28206796011522456,0.1916755850748303,10.020401587701013,0.41528787541757173,1.4715904480223971,0.5968874100021884,29.957372637537144,0.5621003441999776,0.545724419990096,0.5630139439773242,0.012205965437744088,0.00445410681404166,18.659915602716755,0.42595008742210416,2.7403845366403297,0.05568044551985729,34.13828011964464,0.08534858428275706,0.05985740775072614,0.056471293235792606
0.265,0.9805314590607545,1.072498566879289,0.7722202966412927,0.778529369166402,6.754051667808494,0.4095601088149418,0.9918961663169307,0.95787571846029,16.078503238643375,0.8933337461974252,0.9270657587557353,0.9458322981557377,0.2860663829181135,0.1943511019257901,10.022544294464616,0.4151568767110306,1.471905124712611,0.6009294417373199,29.958325672137438,0.5658698789162314,0.5493773999678991,0.5669926995182024,0.012603058415243692,0.0045945335081301435,18.678099857967577,0.4263154233244819,2.743055065969649,0.05628108850774182,34.00823119854431,0.08668414692904744,0.06066569751756906,0.05718273090646875
0.2675,0.9803214237707126,1.073830915654486,0.7691070980329654,0.7754407971041836,6.753615634483638,0.40974959557293333,0.9918321307121436,0.9564900298394127,16.086147230625023,0.8914398398199143,0.9252450959850458,0.9442259108626107,0.29006261304631575,0.1970239353619033,10.024689560642969,0.4150276675037726,1.4722201772770116,0.6048980174917937,29.957334842804183,0.5696064195435051,0.5529976364904523,0.5709371587230466,0.013007015488825652,0.004737225410761974,18.6961323649634,0.42667898323955794,2.7457033096370007,0.05686211753934283,33.8705580816054,0.08801820821478173,0.06146883995430615,0.057888109874195466
0.27,0.9801106778405257,1.0751688623742843,0.7659940426117057,0.7723514969643788,6.753183742268197,0.40994156148098504,0.9917687032683176,0.9550789289428694,16.093477917990686,0.8895389773375746,0.9234141796278991,0.9426071623997153,0.2940561289733703,0.19969373007679797,10.026837427056103,0.4149002510327234,1.4725356117104056,0.6087931884989259,29.95443402894187,0.5733101044267784,0.5565851831654879,0.5748472282692979,0.013417766544436162,0.004882153654668324,18.714014192315584,0.42704089535457235,2.7483294245780385,0.05742391220793718,33.725902832385415,0.08935043976228559,0.062266685296034054,0.058587302750372085
0.2725,0.9798992166174941,1.076512228646893,0.76288149365101,0.7692618348105877,6.752756042005178,0.410135981581275,0.9917058914522274,0.9536427769876705,16.10049637513441,0.887631384562368,0.9215732612800683,0.940976264275362,0.2980464215238124,0.20236013922042861,10.028987944182234,0.414774630246043,1.4728514354259945,0.6126150347218446,29.94965681302764,0.5769810768982623,0.5601400979595037,0.5787228218908946,0.013835237216916475,0.005029287982162669,18.73174652373469,0.42740128644905323,2.7509335846318184,0.05810024319646381,33.65212900577488,0.09068052312634999,0.06305909662146653,0.059280192746211297
0.275,0.9796870355010247,1.0778608372807863,0.7597698073074362,0.7661721698062369,6.752332583751986,0.4103328298875165,0.9916437026152752,0.952181935237046,16.10720371211828,0.8857172843868495,0.9197225891977819,0.9393334266867117,0.30203299375908504,0.2050228243191647,10.031141171259064,0.4146508078073376,1.473167657123394,0.6164844392379866,29.948903758550834,0.5806194850828686,0.5636624431124961,0.582563860336621,0.014259349087914961,0.005178596816341968,18.749330654532432,0.4277602811958458,2.7535159800270783,0.05879499988539848,33.5915223889813,0.09200815000901502,0.06384594985946894,0.05996667373274455
0.2775,0.9794741299424515,1.0792145123186998,0.7566593326533126,0.7630828542412431,6.7519134167814,0.41053207939249226,0.9915821439936329,0.9507725236978201,16.11488512931127,0.8837968967773184,0.9178624082911555,0.9376788584546666,0.30601536085331615,0.2076814551901627,10.033297175405554,0.4145287861004587,1.4734842866596558,0.6209140612274247,29.976842523606624,0.5842254817142934,0.5671522850482009,0.5863702713183938,0.014690019890667136,0.00533004733425075,18.76676798803013,0.4281180015333824,2.7560768168547845,0.059469417474675,33.521790778979806,0.0933330224476556,0.06462713375563733,0.06064665029143372
0.28,0.9792604954448481,1.080573079070664,0.7535504117130086,0.7599942335622888,6.751498589582595,0.4107337020759208,0.9915212227083932,0.9494717464002227,16.12451473162257,0.8818704387689063,0.9159929601194468,0.936012766959051,0.30999304995960636,0.21033570985040093,10.035456030765644,0.41440856723484387,1.4738013349235168,0.6252728331760415,30.00265868123713,0.5877992239669833,0.5706096942799892,0.5901419894499781,0.015127163720820843,0.005483605541735751,18.784060031862488,0.4284745661059626,2.7586163165253086,0.060123830656119905,33.44356622769538,0.09465485302431235,0.065402549798618,0.06132003775540039
0.28250000000000003,0.9790461275628332,1.0819363641460702,0.7504433795025945,0.7569066464065336,6.751088149862292,0.4109376689126525,0.9914609457657376,0.948148106715315,16.133863422992114,0.8799381244625366,0.9141144828880448,0.9343353580742105,0.31396560006746643,0.2129852744207517,10.037617817675143,0.4142901530513552,1.4741188137130479,0.6295606659511043,30.026383549484116,0.5913408732786022,0.574034745312594,0.5938789561766675,0.015570691252475245,0.005639236349718182,18.801208394168214,0.428830089768711,2.7611347152089807,0.060758589462014366,33.357452206790654,0.09597336508209858,0.06617211210609804,0.06198676224127073
0.28500000000000003,0.9788310219023777,1.0833041954847558,0.7473385640727203,0.7538204246385999,6.750682144545943,0.41114394988118996,0.9914013200571115,0.9468019205597967,16.14293189446005,0.8780001650236906,0.9122272114471206,0.9326468361051725,0.3179325618520428,0.21562984302546137,10.039782621853007,0.41417354512857346,1.474436735616886,0.6337774983767508,30.048048187463838,0.5948505951316457,0.5774275165398776,0.5975811196964712,0.01602050995859826,0.005796903651611569,18.81821477966118,0.4291846831537969,2.763632263259106,0.06137405367976629,33.2640223300487,0.09728829298329371,0.06693574727064615,0.06264676067156993
0.28750000000000003,0.9786151741206002,1.084676402387114,0.7442362865545489,0.7507358933906639,6.750280619779049,0.41135251397253025,0.9913423523594165,0.9454335036547538,16.151720867794353,0.8760567686829055,0.9103313772918527,0.9309474037244783,0.3218934975157596,0.21826911768740112,10.041950533618001,0.4140587447895085,1.4747551138991932,0.6379232961568936,30.06768338030132,0.5983285588298389,0.5807880901388758,0.6012484348733901,0.016476524334987436,0.005956570401615189,18.835080985578127,0.4295384522944528,2.766109224616845,0.06197058764599661,33.163819406241714,0.09859938231291492,0.0676933941658426,0.06329998078747216
0.29,0.9783985799255643,1.086052815543213,0.741136861208583,0.7476533711055,6.749883620928534,0.4115633291993208,0.9912840493352133,0.9440431714357568,16.160231094912383,0.8741081407379417,0.9084272085641566,0.9292372619098249,0.32584798062300147,0.22090280821944625,10.044121647131682,0.4139457531086868,1.4750739623884819,0.6419980508218013,30.085319625324686,0.6017749372881595,0.5841165519603873,0.6048808631433655,0.01693863612694384,0.006118198693616499,18.851808897500955,0.42989149830331064,2.7685658761976764,0.06254855546248807,33.057354811769805,0.09990639003547583,0.06844500371340662,0.06394638115150722
0.2925,0.9781812350760701,1.0874332670609255,0.7380405954762328,0.7445731695823212,6.749491192584258,0.4117763626053275,0.9912264175329432,0.9426312389634383,16.168463357268724,0.872154483557552,0.9065149300558482,0.9275166098826152,0.32979559592844826,0.22353063211233107,10.046296059668578,0.4138345709195813,1.4753932953704338,0.6460017786995093,30.100987119496082,0.6051899068217655,0.5874129914163909,0.6084783724135007,0.017406744557837233,0.006281749840440514,18.868400485053538,0.43024391710157606,2.771002507259437,0.0631083166694616,32.945108169962666,0.10120908457489243,0.06919053861230606,0.06458593113954879
0.295,0.9779631353814447,1.088817590493063,0.7349477900339724,0.7414955940252682,6.749103378560629,0.41199158027520544,0.991169463387165,0.9411980208345918,16.176418465210133,0.8701959965867772,0.9045947632131615,0.9257856450475359,0.33373593919966443,0.22615231441932168,10.0484738709142,0.41372519882234854,1.475713127484806,0.6499345199131136,30.11471574805465,0.6085736469371449,0.5906775013646064,0.612040936955172,0.017880746558753453,0.0064471844531896845,18.884857797474805,0.4305957991955968,2.773419418752184,0.06365022240442206,32.827527321748214,0.1025072456132464,0.06992997303111322,0.06521861092106607
0.2975,0.9777442767013294,1.0902056208635136,0.7318587388499401,0.7384209430944046,6.748720221898333,0.4122089473445684,0.9911131932188094,0.9397438310938379,16.184097257298696,0.8682328763537067,0.9026669261425663,0.9240445629332684,0.33766861703453044,0.22876758763803676,10.050655182291525,0.4136176371918397,1.476033473626519,0.6537963374048772,30.126535074345693,0.6119263401317205,0.5939101779905271,0.6155685372916428,0.01836053699843127,0.006614462520424647,18.901182959071267,0.43094722949743186,2.7758169226503577,0.06417461206747783,32.70502857043263,0.10380066391528171,0.07066329226515063,0.06584441142623515
0.3,0.9775246549454677,1.091597194692381,0.728773729242844,0.735349508959075,6.74834176486621,0.41242842801035007,0.991057613235454,0.9382689831458868,16.191500599603955,0.8662653164776395,0.9007316336178132,0.9222935571344263,0.3415932466740917,0.23137619158973866,10.052840096316425,0.4135118861858565,1.476354348850995,0.6575873159879726,30.136474330809037,0.6152481716991103,0.5971111206872705,0.6190611600807999,0.01884600891271584,0.006783543486943809,18.917378164553867,0.4312982871861034,2.7781953412679514,0.06468181050671257,32.577997181632604,0.10508914131506039,0.07139049236024703,0.0664633342980975
0.3025,0.9773042660734903,1.0929921500201234,0.7256930419430322,0.7322815773534964,6.747968048963246,0.41264998554144894,0.9910027295316162,0.9367737896684605,16.198629384965255,0.8642935076785844,0.898789097088151,0.9205328192548204,0.345509455811384,0.23397787329640665,10.055028715982486,0.41340794575362094,1.4766757682838132,0.6613075614265731,30.14456241109867,0.6185393295437116,0.6002804319336047,0.6225187979936311,0.019337053732778914,0.006954386331928399,18.93344567426496,0.43164904560630896,2.780555006557551,0.06517212572999508,32.44678811797009,0.10637249069693452,0.07211157970519097,0.06707539182755916
0.305,0.9770831060947011,1.094390326430691,0.7226169511556021,0.7292174276344471,6.747599114920735,0.4128735822896508,0.9909485480890704,0.9352585625259061,16.205484532225206,0.8623176377880519,0.896839524687654,0.9187625388521394,0.34941688239677654,0.23657238685589224,10.057221144175413,0.41330581564443214,1.4769977470347093,0.6649571995449001,30.150827863304,0.6218000040052222,0.6034182171705292,0.6259414495890596,0.019833561511382155,0.0071269496462290005,18.949387809302607,0.43199957220147644,2.782896259394292,0.06564584714266826,32.311726986997975,0.10765053588207646,0.07282657059522683,0.06768060686867597
0.3075,0.9768611710678631,1.0957915650736676,0.7195457246254179,0.7261573328409326,6.747235002704577,0.41309917970082016,0.990895074777186,0.9337236126835579,16.212066985435467,0.860337891761088,0.894883121245611,0.9169829033841281,0.35331517444035987,0.2391594933154479,10.059417483117329,0.41320549541648305,1.477320300115966,0.6685363753657219,30.1552988842428,0.6250303876769796,0.6065245846767792,0.6293291191857386,0.020335421146488755,0.0073011917085797325,18.965206946550193,0.43234992847817233,2.785219448845908,0.06610324430396465,32.17311117997864,0.10892311149035751,0.07353549076917777,0.06827901273140594
0.31,0.9766384571009848,1.0971957086854132,0.7164796237039164,0.7231015597557039,6.746875751517745,0.41332673832635275,0.990842315353289,0.932169250122897,16.21837771303596,0.8583544516894897,0.8929200882979211,0.9151940981563469,0.3572039898118817,0.24173896054390653,10.061617833840971,0.4131069844458133,1.4776434423651936,0.6720452522786997,30.158003314793792,0.6282306752176032,0.6095996454436479,0.6326818167314099,0.020842520601559826,0.007477070560537093,18.98090551362024,0.4327001699990053,2.787524931430186,0.06654456618884907,32.03121117858782,0.11019006275109942,0.07423837492300049,0.06887065304886268
0.3125,0.9764149603511091,1.09860260160921,0.7134189034175834,0.7200503689685119,6.746521399802928,0.41355621783488183,0.990790275463051,0.9305957837575531,16.22441770700865,0.8563674968161453,0.8909506240994483,0.9133963062715853,0.36108299603872024,0.2443105631027793,10.063822295693875,0.41301028193537237,1.4779671883725136,0.6754840112388696,30.158968636236647,0.6314010631686158,0.6126435130495077,0.6359995576704012,0.021354747121905677,0.007654544079951819,18.996485983721968,0.4330503464013123,2.789813070361219,0.06697004093636241,31.886272006360002,0.11145124529844233,0.07493526620277326,0.06945558161610565
0.315,0.9761906770241013,1.100012089814421,0.7103638125379879,0.7170040149409878,6.746171985245348,0.41378757702422747,0.9907389606409019,0.9290035213502121,16.2301879820072,0.8543772035504319,0.8889749236372915,0.9115897085809986,0.3649518701023601,0.24687408211652592,10.066030965872447,0.41291538692417246,1.4782915524121354,0.6788528499954509,30.158221967565474,0.6345417497724973,0.615656303534419,0.639282362809842,0.021871987446497435,0.007833570052794015,19.011950870462698,0.4334005014390665,2.7920842347859405,0.06741101627139878,31.753183039509732,0.11270652513140468,0.07562621568028763,0.07003386219767183
0.3175,0.9759656033744416,1.101424020914658,0.7073145936532639,0.7139627460730374,6.74582754477577,0.41402077383358266,0.9906883763104729,0.9274486973943323,16.236668694734615,0.8523837454846278,0.8869931786449284,0.9097744836370361,0.36881029823381667,0.24942930514224151,10.068243938985747,0.4128222982965076,1.478616548378291,0.6821519823510731,30.155790063741133,0.6376529347918142,0.6186381352752153,0.6425302581851401,0.02239412801468178,0.0080141062431641,19.027302722593696,0.4337506730455986,2.7943387990125035,0.06794373863076691,31.667129291093218,0.11395577877651263,0.0763112818145519,0.07060556830140156
0.32,0.9757397357050198,1.1028382441849696,0.7042714832409385,0.710926804770653,6.745488114573682,0.41425576535592473,0.990638527785063,0.9259578139493085,16.244326597811437,0.8503872934113101,0.8850055776171951,0.9079508076482202,0.3726579757084353,0.2519760260389891,10.070461306648811,0.41273101479121926,1.4789421897255124,0.6853860322214775,30.151892652074174,0.6407348193418646,0.6215891288614355,0.6457432749252588,0.022921055167279884,0.008196110461334684,19.042544118711326,0.43410089341488456,2.796577141732097,0.0684556553598684,31.574754050047254,0.11519889341063559,0.07699052990262037,0.07117078291663646
0.3225,0.9755130703669309,1.1042546105780526,0.7012347117420025,0.7078964275150313,6.745153730070711,0.4144925078506451,0.9905894202681403,0.9244485453059436,16.251719205976663,0.8483880153417032,0.8830123058260622,0.9061188544358332,0.3764946066404665,0.25451404483699724,10.07268315710516,0.4126415350109874,1.4792684894131929,0.6887720459858417,30.15604510764752,0.6437876057396643,0.6245094069724845,0.6489214491182977,0.023452655341591643,0.008379540629681409,19.057677661924735,0.43445118909930885,2.7987996452358406,0.06894707713917617,31.4764181641332,0.11643576675624481,0.07766403152323045,0.07172959821554764
0.325,0.9752856037592763,1.1056729727394978,0.6982045036361311,0.7048718449329157,6.744824425954209,0.41473095675638644,0.99054105885387,0.9229211673049158,16.25884716665669,0.8463860765249338,0.8810135453371816,0.9042787953925642,0.3803199037778001,0.257043167606928,10.074909574878154,0.41255385743162803,1.4795954598543841,0.692083593484238,30.15825808392725,0.6468114973674809,0.627399094256375,0.6520648216778684,0.023988815259866413,0.00856435484637379,19.072705974501336,0.43480158112196965,2.801006694628428,0.06941830760165933,31.37246066470442,0.1176663068695594,0.07833186397676258,0.0722821152171599
0.3275,0.9750573323289685,1.1070931850220698,0.6951810775179593,0.70185328186806,6.744500236171066,0.41497106670407824,0.9904934485276726,0.921375954660542,16.265711147499875,0.8443816394681504,0.8790094750271693,0.9024307994431645,0.3841335882972188,0.25956320632941,10.077140640450756,0.41246798041137916,1.4799231128687684,0.6953208948399268,30.15856060257119,0.6498066985357751,0.6302583172104047,0.6551734382107219,0.02452942211084315,0.00875051144671022,19.087631692501592,0.4351520851017481,2.8031986770401924,0.06986964168324696,31.26319925736054,0.11889043192607715,0.07899410972503092,0.07282844341452174
0.33,0.9748282525705382,1.1085151034990441,0.6921646461743268,0.6988409574537325,6.74418119393174,0.41521279153016266,0.990446594166817,0.9198131808856933,16.272311835460613,0.8423748639574646,0.8770002706015999,0.9005750330071571,0.38793538960050644,0.26207397876501676,10.079376429973198,0.4123839022001551,1.4802514596397256,0.6984841882989294,30.156981389108932,0.6527734143477438,0.6330872040641022,0.6582473488860666,0.025074363724004147,0.008937969061994542,19.102457460414588,0.4355027113895105,2.8053759808392877,0.07030136440156057,31.1489309718913,0.12010807006063558,0.0796508558343686,0.07336870036637963
0.3325,0.9745983610259482,1.1099385859765958,0.6891554166624054,0.6958350851861739,6.743867331714494,0.41545608428999886,0.9904005005410425,0.9182331182177123,16.278649935865246,0.8403659070796748,0.8749861046136888,0.898711659963638,0.39172504511173045,0.2645753083248617,10.081617014998018,0.41230162094875294,1.48058051067542,0.7015737294804385,30.153548868972397,0.655711850576943,0.6358858846647607,0.6612866083069796,0.025623528736228456,0.009126686675864675,19.11718592580581,0.43585346521396,2.8075389948456677,0.07075122466859418,31.046377208502477,0.12131915928128587,0.08030219342538703,0.07390301125558181
0.335,0.9743676542844089,1.1113634920052684,0.6861535903886302,0.69283587299893,6.74355868126985,0.41570089727143855,0.9903551723132124,0.9166360375453986,16.284726171461244,0.8383549232447235,0.8729671464836445,0.8968408416182112,0.39550230007599063,0.2670670239419665,10.08386246224185,0.41222113471799304,1.4809102757738186,0.7045897906556998,30.148291164416886,0.658622213537209,0.6386544903658578,0.6642912753842894,0.026176806750572875,0.009316623677996877,19.131819733988554,0.4362043468357873,2.809688107548531,0.0712703088669488,30.97741821569229,0.12252364730984995,0.08094821713266932,0.07443150841720719
0.3375,0.9741361289822029,1.1127896828905206,0.6831593631883562,0.689843523337981,6.743255273625286,0.4159471820085624,0.9903106140400045,0.915022208337115,16.290541281450935,0.8363420642088634,0.870943562518666,0.8949627366720859,0.3992669073599086,0.2695489599435486,10.08611283337336,0.4121424414877765,1.4812407639915461,0.7075326600552633,30.141236092297525,0.6615047099322265,0.6413931539186467,0.667261413213278,0.02673408848695004,0.009507739915122135,19.146361522730363,0.4365553517089032,2.8118237063289104,0.07176301530294894,30.899956046229825,0.12372149125040012,0.08158902457750074,0.07495433084002535
0.34,0.9739037818025108,1.1142170217023761,0.6801729254061674,0.6868582332375955,6.742957139090141,0.4161948892955675,0.9902668301726311,0.9133918985700853,16.296096020511186,0.834327479098509,0.8689155159335806,0.8930775011933694,0.40301862725410964,0.27202095592436454,10.088368184826574,0.4120655391660433,1.481571983616472,0.7104026412044006,30.132411162664777,0.6643595467025712,0.6441020093671775,0.6701970889535185,0.02729526592451406,0.009699995739303855,19.1608139170056,0.43690647064765475,2.8139461766890403,0.07222962295216331,30.814356589700743,0.12491265693427211,0.08222471585654942,0.07547162364530711
0.3425,0.9736706094752455,1.1156453732841853,0.6771944619767661,0.6838801943968389,6.742664307260733,0.41644396920079874,0.9902238250575902,0.9117453746609339,16.301391157800296,0.832311314434739,0.8668831668721008,0.8911852885905825,0.4067572272779292,0.27448285662123095,10.090628567638966,0.4119904255976141,1.4819039421439297,0.7132651253438873,30.12459192406835,0.6671869308803722,0.6467811919469861,0.6730983737121344,0.0278602324356049,0.00989335205343852,19.175179523805184,0.43725768999904047,2.816055901490116,0.07267044260425154,30.7209815065667,0.126097118370097,0.08285539304919094,0.07598353754718981
0.34500000000000003,0.9734366087768901,1.1170746042605186,0.6742241525063795,0.6809095932566694,6.742376807025728,0.41669437108091223,0.9901816029374553,0.9100829013975326,16.306427475953594,0.8302937141584263,0.8648466724286942,0.8892862495884216,0.41048248198655485,0.27693451178883755,10.092894027313463,0.41191709857290043,1.4822366462564538,0.7165561446267614,30.13609470407926,0.6699870694486209,0.6494308379876677,0.6759653424307318,0.02842888291114235,0.010087770353953045,19.189460927014487,0.43760899181904195,2.8181532602000665,0.07308581526776343,30.620187924008064,0.12727485744073866,0.0834811597459213,0.07649022829874562
0.34750000000000003,0.9732017765303442,1.1185045830442062,0.6712621713546119,0.6779466110775574,6.742094666571702,0.41694604359516446,0.9901401679516902,0.9084047418722153,16.31120577006904,0.8282748196559675,0.8628061866710615,0.8873805322057867,0.41419417278079695,0.2793757760769544,10.095164603703644,0.4118455558364664,1.4825701018069177,0.7197809631257783,30.14594913996175,0.6727601692020359,0.6520510848195255,0.6787980737762318,0.029001113877399454,0.010283212770684494,19.20366068236995,0.43796035405228484,2.820238628152884,0.07347611057893187,30.512328157618487,0.1284458638040944,0.08410212060003316,0.07699185612762321
0.35000000000000003,0.9729661096047717,1.1199351798425403,0.6683086877166896,0.6749914240175687,6.7418179133889335,0.41719893471981706,0.990099524137502,0.9067111574164146,16.315726846684196,0.8262547697855853,0.860761860663212,0.8854682817360987,0.4178920877196576,0.281806508909126,10.097440330921273,0.41177579509542805,1.4829043138049556,0.7229397480017994,30.154175886399155,0.67550643661274,0.6546420706844672,0.6815966500357874,0.029576823604122785,0.010479642103939077,19.21778131250497,0.4383117507143265,2.8223123758210673,0.07385675691760138,30.403937420222,0.12961013481477657,0.08471838090443855,0.07748858516465168
0.3525,0.9727296049154595,1.121366266662662,0.6653638657060355,0.6720442032108531,6.7415465742774145,0.41745299176264944,0.990059675430722,0.9050024075367838,16.31999152274602,0.824233700904185,0.8587138424891398,0.8835496407299154,0.4215760213358576,0.28422657436293425,10.09972123726542,0.41170781402767276,1.4832392864065527,0.7260326771379502,30.160795301916632,0.6782260777055068,0.6572039346512802,0.6843611570159462,0.03015591220400381,0.010677021858738424,19.231825302095356,0.4386631520759404,2.824374868102684,0.07423606992462738,30.298420333800273,0.13076767526281055,0.08533004619521696,0.07798058286816936
0.355,0.9724922594236778,1.1227977173161443,0.6624278644371159,0.6691051148464829,6.741280675353053,0.41770816137757083,0.9900206256667176,0.9032787498528587,16.324000624574797,0.8222117468947392,0.8566622772770955,0.8816247489798652,0.4252457744544513,0.2866358410519056,10.102007345172188,0.4116416102898859,1.4835750229066624,0.7290599387975779,30.165827455841306,0.6809192979440131,0.659736816535414,0.6870916839461884,0.030738281723540692,0.010875316276271665,19.245795093114275,0.439014524848839,2.826426463624519,0.0745875532242931,30.184976714412862,0.1319184969634419,0.08593722188315232,0.0784680194461244
0.3575,0.9722540701365492,1.124229407422794,0.659500838108512,0.6661743202475887,6.741020242054098,0.41796438957932364,0.9899823785813353,0.9015404400363168,16.32775498682367,0.8201890391941766,0.8546073072244581,0.8796937435079081,0.42890115401465395,0.2890341820091245,10.104298671184338,0.4115771815253683,1.483911525734745,0.7320217313083124,30.1692921358132,0.683586302123911,0.6622408568233541,0.6897883233869275,0.03132383622536381,0.01107449036258177,19.259693080206784,0.4393658323723265,2.8284675140627744,0.07491158534164104,30.06395066385518,0.1330626183210899,0.08654001291420155,0.07895106727726141
0.36,0.9720150341069199,1.1256612144136866,0.656582936086161,0.6632519759507447,6.740765299147747,0.41822162175827143,0.9899449378118718,0.8997877317518891,16.331255451435062,0.8181657068217609,0.8525490716232076,0.877756758554927,0.4325419728949804,0.2914214745726106,10.106595225939824,0.41151452537163097,1.4842487964530844,0.7349182627712263,30.17120885579839,0.6862272942719261,0.6647161966016538,0.6924511711420474,0.031912481862130436,0.011274509914524212,19.273521606193285,0.4397170348004296,2.830498363482716,0.07520857220966196,29.935682037268183,0.13420006395581222,0.08713852345951723,0.07942990033204016
0.3625,0.9717751484332392,1.1270930175334506,0.6536743029867196,0.6603382337855522,6.74051587073695,0.4184798026952632,0.9899083068980724,0.8980208765999795,16.334502866595443,0.8161418764079315,0.8504877068860063,0.8758139255726649,0.4361680497417836,0.2937976002725062,10.108897014178421,0.41145363946775115,1.4845868357577614,0.7377497507940137,30.17159686455547,0.6888424775579861,0.6671629774906661,0.6950803261760036,0.032504126942124706,0.011475341543044965,19.287282957711348,0.44006808928908897,2.8325193476986295,0.07547894561902431,29.800506206553056,0.13533086438521952,0.0877328566353317,0.07990469359339727
0.365,0.971534410259441,1.1285246978418186,0.6507750787610035,0.6574332409543788,6.740271980267381,0.4187388765765675,0.9898724892831554,0.896240124061043,16.33749808568978,0.8141176722235937,0.8484233465728921,0.8738653732180038,0.43977920880126253,0.2961624447201135,10.111204034765567,0.4113945214614771,1.4849256434821545,0.7405164222470711,30.170475154506715,0.6914320542066998,0.6695813415829855,0.6976758905354943,0.033098681986728044,0.01167695269383315,19.30097936100508,0.4404189501830303,2.834530793655452,0.0757231616829285,29.65875384416936,0.13645505573831834,0.08832311425270097,0.08037562247713194
0.3675,0.9712928167748307,1.1299561382144594,0.6478853987774627,0.6545371401122089,6.740033650534597,0.41899878700887067,0.9898374883148634,0.8944457214417747,16.34024196625704,0.8120932162098341,0.8463561214185947,0.8719112273495889,0.44337527975499735,0.29851589749881446,10.113516280732478,0.41133716901606626,1.4852652186028323,0.7432185130413248,30.167862470965627,0.6939962254129057,0.6719714313865934,0.7002379692756783,0.03369605977995216,0.011879311665411573,19.31461297787079,0.4407695692019577,2.8365330188333533,0.07603905359691689,29.548582350115396,0.1375726795554104,0.08890939659681629,0.08084286225162368
0.37,0.9710503652139763,1.1313872233431015,0.645005393905643,0.6516500694465647,6.73980090369133,0.41925947703433136,0.9898033072465338,0.89263791382316,16.34273536894804,0.8100686280080489,0.8442861593604821,0.8699516110268005,0.44695609755905313,0.3008578520568974,10.115833739331721,0.4112815798168421,1.4856055592477144,0.7458816897927382,30.164805427947783,0.6965351912712576,0.674333389772669,0.7027666703908853,0.03429617541025203,0.012082387624735508,19.328185901767537,0.44111989562573395,2.8385263306765336,0.07661824504428287,29.54312872173865,0.1386837826904143,0.0894918022353145,0.08130658745680788
0.3725,0.9708070528566006,1.1328178397349682,0.6421351905996033,0.6487721627574585,6.7395737612549445,0.4195208891456879,0.9897699492381945,0.8908169440104322,16.344979156487145,0.8080440249904741,0.8422135855671481,0.8679866445110663,0.4505215022866829,0.3031882056023081,10.118156392107357,0.4112277515774576,1.4859466627063715,0.7486567373107051,30.167376848594525,0.6990491507105897,0.6766673599280061,0.7052621047497379,0.034898946304860026,0.012286150620376763,19.34170015410089,0.44146987647822217,2.8405110260474595,0.0771755625672029,29.53086086582097,0.13978841721653795,0.09007042785476457,0.08176697132284838
0.375,0.9705628770274782,1.1342478757115297,0.6392749109812415,0.6459035495373385,6.739352244115014,0.4197829653014119,0.9897374173576764,0.8889830524849827,16.34697419263882,0.8060195222911042,0.8401385224676531,0.8660164452695124,0.45407133897464463,0.3055068589993382,10.120484214978722,0.4111756820458488,1.4862885254423315,0.7513629879218914,30.168254421036664,0.7015383014319019,0.6789734853119572,0.7077243860345808,0.03550429225690301,0.012490571593375958,19.355157680687867,0.4418194567094744,2.842487390707705,0.07771125807505824,29.512029195755478,0.140886640107934,0.09064536812427999,0.08222418518973983
0.3775,0.970317835096332,1.135677221406586,0.6364246729234995,0.6430443550509928,6.739136372541021,0.4200456469409038,0.9897057145817441,0.8871364773582691,16.348721341180745,0.8039952328369877,0.8380610897814282,0.8640411279809448,0.4576054574731396,0.30781371666725554,10.12281717833707,0.4111253690098667,1.4866311431072707,0.75400070201993,30.16745919812008,0.7040028398646516,0.6812519096177951,0.710153630685083,0.03611213544558445,0.01269562238585131,19.368560348410725,0.4421685793759535,2.8444556988265317,0.07822560321959535,29.48688109196891,0.14197851297131453,0.09121671558500301,0.08267839793009012
0.38,0.9700719244777322,1.137105768763693,0.6335845901334098,0.6401947004153767,6.7389261661901605,0.420308874999727,0.9896748437972417,0.8852774543277635,16.350221464884378,0.8019712673798887,0.8359814045488603,0.8620608045441495,0.46112371229936433,0.31010868648087764,10.12515524715414,0.4110768103025721,1.4869745105569587,0.7565701506796175,30.165012026709633,0.7064429611398547,0.6835027767383699,0.7125499578458623,0.03672240044973045,0.012901275747457001,19.38190994206694,0.44251718581847727,2.8464162125182764,0.07871888822088544,29.455660725051267,0.14306410182728665,0.09178456056403654,0.08312977537850443
0.3825,0.9698251426309947,1.1385334115329382,0.6307547722349495,0.6373547026793338,6.738721644115213,0.42057258992487706,0.9896448078022501,0.8834168470867716,16.35167218967099,0.7999477345282986,0.8338995811625647,0.8600755840885097,0.46462596249466087,0.3123916796730821,10.12749838110188,0.4110300038071808,1.487318621868841,0.7590716154012194,30.160933554520835,0.7088588590729062,0.6857262307359132,0.7149134893179495,0.03733501425501419,0.013107505339788154,19.39520816142242,0.44286521583756655,2.848369181409588,0.0791914207023899,29.41860889090092,0.14414347667546726,0.09234899111125669,0.08357847977221514
0.385,0.9695774870600797,1.1399600452670808,0.6279353248516715,0.6345244749031753,6.738522824772504,0.4208367316900816,0.9896156093072545,0.8816533588301493,16.35490236073953,0.7979247407798085,0.8318157313993673,0.8580855729869143,0.4681120714852395,0.3146626107392454,10.129846534682452,0.4109849474616449,1.487663470361131,0.7615053878727169,30.15524423723716,0.711250726111427,0.6879224158158267,0.7172443495138969,0.03794990625518633,0.013314285738833,19.408456618474446,0.44321260786587774,2.850314842237466,0.0796435245360058,29.3759628569779,0.14521671109170933,0.09291009295732972,0.08402466920877125
0.3875,0.969328955313488,1.1413855673170619,0.6251263496890828,0.6317041262380916,6.7383297260298995,0.4211012398111319,0.9895872509363194,0.8798782488292001,16.35790034898241,0.7959023905538317,0.8297299644530043,0.8560908748709554,0.4715819069464384,0.3169213973435943,10.13219965736773,0.41094163926285643,1.488009048613297,0.7638717697488409,30.147964345867813,0.7136187532484235,0.6900914763042713,0.7195426654163108,0.03856700824765043,0.013521592435575509,19.421656834930694,0.4435592991373883,2.85225341847903,0.08007553869781106,29.327956218791645,0.14628388190516328,0.09346794949117912,0.08446849712760074
0.39,0.9690795449841554,1.142809876826897,0.6223279446167389,0.6288937620053654,6.738142365174838,0.4213660533612414,0.9895597352282683,0.8780917048538311,16.360666365500013,0.7938807862246808,0.827642386967556,0.8540915906483886,0.4750353406704805,0.3191679602274548,10.13455769374746,0.410900077270462,1.4883553484878211,0.766171072445711,30.13911397430144,0.7159631299421066,0.6922335566293581,0.7218085665395776,0.03918625442373108,0.013729401834854042,19.43481023990989,0.4439052258530024,2.8541851200138377,0.08048781613509161,29.274818765786215,0.14734506884940454,0.09402264175510157,0.08491011182299545
0.3925,0.9688292537093453,1.1442328747279626,0.619540203750029,0.6260934837753603,6.73796075892237,0.42163111098643247,0.9895330646378638,0.8762939124921852,16.3632006165943,0.7918600281549684,0.8255531030716342,0.8520878185228461,0.4784722484376747,0.3214022231193735,10.136920583685372,0.4108602596102729,1.4887023611531245,0.7684036169498973,30.128713047012337,0.7182840440438769,0.694348801305731,0.7240421848945238,0.039807581353989915,0.013937691252583024,19.447918167869606,0.44425032334223136,2.856110142819566,0.08088072264511066,29.216776355825377,0.14840035419708913,0.09457424845571324,0.08534965599645017
0.395,0.9685780791705363,1.1456544637326849,0.6167632175316213,0.6233033894462592,6.737784923423173,0.4218963509209511,0.9895072415369855,0.8744850551265796,16.3655033029879,0.7898402147292618,0.8234622144133291,0.850079654015779,0.4818925098910104,0.32362411264708896,10.139288262482474,0.4108221844772613,1.4890500771075506,0.7705697336406969,30.116781326876247,0.7205816817350191,0.696437354922307,0.7262436549557478,0.040430927968949065,0.014146438911445632,19.460981856765752,0.44459452622060164,2.8580286687017127,0.08125463576597951,29.154050797522512,0.1494498222661002,0.09512284598892044,0.08578726635627204
0.3975,0.9683260190933063,1.1470745483276465,0.6139970728125472,0.6205235733225236,6.7376148742715625,0.42216171100270894,0.9894822682158053,0.8726653139113704,16.36757461905627,0.7878214423879689,0.8213698201959384,0.8480671899906078,0.4852960084140798,0.3258335582513268,10.141660661046705,0.4107858501381274,1.4893984862042788,0.7726697621244459,30.103338423054417,0.7228562274697199,0.6984993621329513,0.7284131136313539,0.04105623553558494,0.014355623935165773,19.47400244644817,0.4449377685424401,2.859940865057973,0.08160994367990224,29.08685973970517,0.15049355894060173,0.09566850847714459,0.08622307327193668
0.4,0.9680730712472109,1.1484930347661209,0.6112418529328952,0.6177541261930557,6.737450626513406,0.4224271286887554,0.9894581468839508,0.8708348677527888,16.369414752074107,0.7858038056615005,0.8192760172144887,0.8460505166790613,0.48868263101226617,0.3280304921013861,10.144037706068428,0.4107512549334298,1.4897475776770976,0.7747040510796513,30.08840379890546,0.7251078639246057,0.7005349676498223,0.7305507002347802,0.04168344762995554,0.014565226341467378,19.486980977295826,0.4452799839486853,2.861846884677807,0.08194704412899986,29.01541656735103,0.15153165135027585,0.0962113078170937,0.08665720048982375
0.4025,0.9678192334456566,1.1499098310600488,0.6084976378020932,0.6149951354090331,6.7372921946539925,0.42269254107078164,0.9894348796716605,0.8689938932907714,16.37102388147729,0.7837873972047433,0.817180899893066,0.844029721709677,0.4920522681971271,0.330214849012489,10.146419320200899,0.4107183972792643,1.4900973401669084,0.7766729581117725,30.071996779885854,0.7273367719549381,0.7025443162391474,0.7326565564584482,0.042312510106323586,0.014775227033828182,19.499918389094713,0.44562110580937886,2.8637468655776486,0.08226634334386704,28.93993030338089,0.15256418774454936,0.09675131373645267,0.0870897649157605
0.405,0.9675645035457667,1.1513248469714756,0.6057645039787537,0.6122466849613971,6.737139592665776,0.42295788489065816,0.9894124686309209,0.8671425648828246,16.372402178141506,0.7817723078318426,0.8150845603229657,0.84200489013844,0.4954048138739014,0.33238656636486025,10.148805422245166,0.4106872756684854,1.4904477617488798,0.7785768496164772,30.05413656140184,0.7295431305558108,0.7045275527191595,0.7347308263489157,0.04294337106313434,0.01498560779213372,19.51281552016082,0.44596106736050173,2.8656409308721047,0.08256825498498048,28.860605515744954,0.15359125712159577,0.09728859385796383,0.08752087646831362
0.40750000000000003,0.9673088794482422,1.152737994003457,0.6030425247500616,0.6095088555579722,6.736992833996006,0.4232230965560109,0.9893909157365876,0.865281054589943,16.37354980367866,0.7797586265512895,0.8129870883016788,0.8399761044815334,0.4987401652320658,0.33454558402450213,10.151195927338767,0.4106578886714584,1.4907988299601589,0.7804161006502152,30.03484221657614,0.7317271168266004,0.7064848219599351,0.7367736562832339,0.043575980806201925,0.01519635126233537,19.52567310670982,0.44629980183483353,2.8675291886813876,0.08285319909705818,28.777642229290194,0.15461294882775278,0.09782321376948028,0.08795063800508728
0.41000000000000003,0.967052359097211,1.1541491853904597,0.6003317702106797,0.6067817247001923,6.736851931574198,0.4234881121558397,0.9893702228874816,0.8634095321646105,16.37446690975228,0.7777464406013017,0.810888571372724,0.8379434447501704,0.5020582226388657,0.33669184426563253,10.153590747147614,0.410630234936335,1.491150531828052,0.7821910948069888,30.01413270389562,0.7338889059357546,0.7084162688848613,0.7387851949462012,0.04421029180945106,0.015407440945213798,19.53849178247442,0.44663724258653653,2.869411732075121,0.0831216010764642,28.691235841949208,0.1556293523430906,0.09835523709869595,0.08837914532250846
0.41250000000000003,0.966794940480073,1.1555583360882662,0.5976323073411519,0.6040653667594157,6.736716897819425,0.42375286747618207,0.989350391907461,0.8615281650409085,16.37515363741297,0.7757358354856206,0.8087890948663388,0.8359069884874838,0.5053588895357434,0.33882529169475195,10.155989790060474,0.41060431318884644,1.491502853898586,0.7839022241002237,29.99202687470688,0.7360286710936699,0.7103220384734731,0.7407655933082103,0.04484625867355228,0.015618861184346145,19.55127207856977,0.44697332320919375,2.8712886390525716,0.08337389065176198,28.601577044844078,0.15664055723918957,0.09888472559138575,0.08880648722781435
0.41500000000000004,0.9665366216273336,1.1569653627634033,0.5949442000857829,0.6013598530528047,6.736587744647418,0.42401729801583105,0.989331424546463,0.8596371183267435,16.375610116454986,0.7737268950093392,0.8066887419410405,0.8338668108074379,0.5086420723375904,0.3409458731763041,10.158392961385612,0.41058012223160695,1.4918557822653866,0.7855498888486685,29.96854348052919,0.7381465835357786,0.7122022757653879,0.7427150046033818,0.04548383808277849,0.015830597153372098,19.564014423606217,0.44730797764706504,2.8731599725592103,0.08361050087754227,28.508851745952008,0.15764665315881646,0.09941173919211865,0.08923274568029275
0.4175,0.9662774006124278,1.158370183782117,0.5922675094299718,0.598665251918752,6.736464483477421,0.42428133900211024,0.9893133224815117,0.8577365547982173,16.375836464794954,0.7717197013147313,0.8045875936260651,0.8318229844357315,0.511907680334746,0.34305353775989955,10.160800163548986,0.41055766094292406,1.4922093025987861,0.7872605958620468,29.94849813636666,0.7402428125133919,0.7140571258650773,0.7446335843076917,0.04612298876039879,0.01604263484264997,19.576719144048283,0.4476411402993706,2.8750257805394304,0.08383186714168366,28.413240997032776,0.15864772963812895,0.09993633612653818,0.08965799599734799
0.42,0.9660172755515345,1.159772719198903,0.5896022934769819,0.5959816287918296,6.73634712523883,0.42454492540671385,0.9892960873176916,0.855826634896148,16.37583278787383,0.7697143349175152,0.8024857288646923,0.829775579752664,0.51515562559767,0.34514823660906796,10.163211296293598,0.41053692827511246,1.492563400175099,0.7893975439336304,29.945631151150984,0.7423175252917165,0.7158867339472247,0.7465214901168025,0.04676367142291236,0.016254961045389905,19.589386464817863,0.4479727461174558,2.876886096025132,0.08403842618624807,28.31492092357055,0.15964387595091295,0.10045857298443181,0.09008230711974
0.4225,0.9657562446033794,1.1611728907446177,0.5869486075241237,0.5933090462772449,6.736235680377504,0.4248079919616196,0.9892797205890757,0.8539075167247527,16.375599178082926,0.767710874743358,0.8003832245584678,0.8277246648379244,0.5183858228842174,0.3472299229315081,10.165626256879545,0.4105179232523103,1.4929180599060015,0.791475480803984,29.94143471927479,0.7443708871539814,0.717691245262409,0.7483788819233178,0.04740584873341073,0.016467563343346796,19.602016510138856,0.4483027306947535,2.8787409372597663,0.08426695044527568,28.226233606471155,0.16063518106544286,0.10097850480293219,0.09050574192941763
0.425,0.9654943059690261,1.1625706218141836,0.5843065041383316,0.5906475642247776,6.736130158861823,0.4250704731750793,0.9892642237596145,0.8519793560525016,16.37513571421509,0.7657093981645663,0.7982801556123227,0.8256703055172705,0.5215981895494461,0.3492985519108061,10.168044940284364,0.41050064496779776,1.493273266367955,0.7935186409838682,29.93682734695052,0.7464030614100889,0.7194708051428819,0.7502059217931942,0.0480494852543413,0.016680430092150787,19.614609304619805,0.44863103034951607,2.8805903078573296,0.0844908991542214,28.138150391294463,0.16162173374371044,0.10149618514930576,0.09092835761276588
0.4275,0.9652314578916558,1.1639658374539035,0.5816760332311153,0.5879972398021829,6.736030570188394,0.42533230334769934,0.9892495982239743,0.8500423063151394,16.37444246094184,0.763709981036953,0.7961765949805981,0.8236125654110639,0.5247926454578895,0.35135408063959306,10.170467239403314,0.41048509258082105,1.4936290038316187,0.7956624420368235,29.936900745069092,0.7484142094115228,0.7212255590082024,0.7520027739410546,0.04869454739992895,0.01689355040634818,19.627164774570502,0.4489575822003603,2.882434196995721,0.08470440707814082,28.048696555521403,0.16260362265279676,0.10201166620288683,0.09135020606181912
0.43,0.9649676986563316,1.1653584643484052,0.5790572421328655,0.5853581275680373,6.7359369233874125,0.42559341658861477,0.9892358453083245,0.8480965186208819,16.37351946831736,0.7617126977368893,0.7940726137139756,0.8215515059846178,0.5279691128982311,0.3533964680541147,10.172893045249227,0.4104712653129236,1.4939852562911993,0.7977439393948053,29.93549641389316,0.7504044905870687,0.7229556523705092,0.7537696047041692,0.04934100338849521,0.017106914144220588,19.639682749547735,0.4492823242347383,2.8842725796437465,0.0849078711871526,27.958003658500886,0.16358093604982227,0.10252499883580574,0.09177133430603954
0.4325,0.9647030265897506,1.1667484308072251,0.5764501756664935,0.5827302795440069,6.735849227027662,0.4258537468317696,0.989222966271072,0.8461421417577774,16.372366771310183,0.7597176211985469,0.7919682810073142,0.8194871866003218,0.5311275165003191,0.3554256748701884,10.175322247151644,0.41045916244379366,1.4943420074936962,0.7997633764668983,29.932628874852917,0.7523740624707627,0.7246612308392228,0.7555065825148761,0.04998882319489799,0.017320511892444886,19.652162964124948,0.44960519537052096,2.8861054168210147,0.08510168312914548,27.866198067151878,0.1645537613209574,0.10303623269223655,0.09219178496759375
0.435,0.9644374400599819,1.1681356667510499,0.5738548762203867,0.5801137452865205,6.735767489221109,0.42611322785230976,0.9892109623035349,0.8441793222032268,16.37098438936323,0.7577248229513371,0.7898636642483933,0.817419664571501,0.5342677831544643,0.3574416635205229,10.177754732954941,0.4104487833066324,1.4946992409679989,0.8017210063032695,29.928312659288828,0.7543230806700084,0.7263424401249824,0.7572138778712416,0.05063797850329669,0.017534334950651282,19.66460505988001,0.4499261355109552,2.8879326558898564,0.08529497043824588,27.776247744936224,0.16552218471486976,0.10354541626595441,0.09261159673362362
0.4375,0.9641709374761855,1.1695201036976302,0.5712713838206578,0.577508571957824,6.735691717627073,0.426371793283098,0.9891998345305572,0.8422082041356547,16.369372325983104,0.7557343731575548,0.7877588290675585,0.8153489952179689,0.5373898419329645,0.3594443980933794,10.180190389215152,0.4104401272830556,1.4950569400537912,0.8036170915715494,29.9225623154646,0.7562516988406247,0.7279994260426399,0.7588916633057768,0.0512884426604306,0.017748375315931677,19.67700858759483,0.450245085593332,2.8897542308783595,0.08561227928144509,27.728438124640356,0.166486291214634,0.1040525969760408,0.09303080483973947
0.44,0.9639035172883194,1.1709016747473746,0.5686997362026722,0.5749148043963993,6.735621919455976,0.42662937663136197,0.9891895840110568,0.8402289294483095,16.367530568359154,0.7537463406501967,0.7856538393882628,0.8132752319232278,0.5404936240138062,0.3614338442725533,10.182629101395335,0.4104331937975391,1.4954150879302432,0.8054519045298865,29.91539241523069,0.7581600686708716,0.7296323345131405,0.7605401133520425,0.05194019062958169,0.01796262566734533,19.689373009660407,0.45056198763177163,2.8915700628335728,0.08592124705825238,27.679428783630076,0.16744616435505638,0.10455782124061212,0.09344944155978387
0.4425,0.9636351779868247,1.1722803145686438,0.5661399688818313,0.5723324851867242,6.735558101472625,0.42688591129548215,0.9891802117385097,0.838241637765176,16.36545908701294,0.751760792970872,0.7835487574784967,0.8111984261932715,0.5435790626064921,0.36340996927865626,10.185070754059206,0.41042798231142236,1.4957736676444486,0.807225726995931,29.90681756032086,0.7600483398627631,0.7312413115641421,0.7621594045089968,0.05259319894537581,0.018177079350464014,19.701697702680317,0.4508767847546026,2.893380060203855,0.08622227296822867,27.629348332491446,0.1684018859860686,0.10506113454846808,0.09386753669774509
0.445,0.9633659181022963,1.173655959382755,0.563592115223593,0.569761654728356,6.735500269999011,0.4271413305819307,0.9891717186413598,0.8362464664589816,16.36315783547876,0.749777796407775,0.7814436440030992,0.809118627716946,0.546646092879951,0.3653727418116837,10.187515231062847,0.4104244923164865,1.4961326621395779,0.8089388503110646,29.89685238826668,0.7619166601014711,0.732826503329243,0.7637497152029685,0.053247445669561584,0.01839173036199403,19.7139819602659,0.451189421236868,2.8951841192493704,0.08651575096807948,27.57832059087049,0.1693535362684882,0.1055625815285668,0.0942851180784564
0.4475,0.9630957362051319,1.1750285469487016,0.561056206512712,0.5672023513043174,6.735448430916608,0.4273955677223699,0.989164105583357,0.8342435506712603,16.360626750015605,0.7477974160337706,0.7793385580769356,0.8070358844278175,0.5496946518924848,0.3673221319948486,10.189962415744384,0.4104227233281239,1.4964920542827347,0.8105915752992459,29.885511577917114,0.7637651750316157,0.7343880560456895,0.7653112257471446,0.05390291034789067,0.018606573334508138,19.726224996016015,0.45149984252855024,2.8969821244796976,0.08680206887559186,27.526464494027866,0.17030119375775019,0.10606220601723215,0.09470221203433338
0.45,0.9628246309051609,1.176398016547614,0.5585322720216815,0.5646546111487639,6.735402589668177,0.4276485558909195,0.989157373363822,0.8322330233344483,16.35786574935104,0.7458197157445913,0.7772335573189272,0.8049502425674969,0.5527246785237119,0.36925811131966674,10.192412191111437,0.4104226748781202,1.4968518268924853,0.8121842122199197,29.872809854552585,0.765594028240915,0.7359261160504698,0.766844118298493,0.054559573968210165,0.018821603521316267,19.738425946674425,0.4518079952791399,2.898773949117519,0.08708160748299093,27.473894001337527,0.17124493556341921,0.10656005112298769,0.095118843885814
0.4525,0.9625526008512538,1.1777643089669507,0.5560203390783547,0.5621184685139164,6.73536275125901,0.42790022822160145,0.9891515227178294,0.830215015195977,16.35487473445736,0.7438447582971152,0.7751286979069182,0.8028617467503704,0.5557361134084706,0.3711806525922818,10.194864440026228,0.4104243465070688,1.4972119627660423,0.8137170807144971,29.858761994585468,0.7674033612474371,0.7374408297746996,0.7683485768120578,0.055217418919865195,0.01903681678150025,19.750583875457906,0.45211382735921013,2.9005594555873864,0.08735473968133367,27.420718007155756,0.1721848374215879,0.10705615928889226,0.09553503841334168
0.455,0.9622796447309081,1.1791273664844488,0.553520433132731,0.5595939557362346,6.735328920257645,0.42815051782597247,0.9891465543163117,0.8281896548443193,16.35165358836035,0.7418726053477043,0.7730240346333598,0.8007704400296843,0.558728898872642,0.37308972988101297,10.197319045388207,0.4104277377564428,1.4975724447060863,0.815190509745976,29.843382829840632,0.7691933134923906,0.7389323437362325,0.7698247869925838,0.0558764289544991,0.019252209565134338,19.762697775548457,0.45241728787966967,2.902338496028583,0.0877318523667376,27.401403809396523,0.17312097353166622,0.10755057235222787,0.09595082031865014
0.4575,0.9620057612698121,1.180487132851822,0.5510325778228904,0.557081103301815,6.735301100796016,0.4283993578109505,0.9891424687660825,0.8261570687369498,16.34820217598085,0.739903317490591,0.7709196209617892,0.7986763639649278,0.5617029788708598,0.37498531846511596,10.199775890314152,0.4104328481603476,1.4979332555472136,0.8166048375313304,29.82668725141206,0.7709640223365588,0.7404008045304318,0.7712729362434422,0.0565365891483284,0.01946777889871043,19.774766573743022,0.45271832720936744,2.9041109128311224,0.08822341250006245,27.418682981997122,0.17405341638252997,0.10804333160136138,0.09636621467278811
0.46,0.9617309492313846,1.1818435532782237,0.5485567950400524,0.5545799399109953,6.735279296569006,0.42864668129684474,0.9891392666097704,0.8241173812301733,16.344520344009307,0.7379369542963106,0.7688155090840844,0.7965795586904586,0.5646582989260759,0.37686739478474357,10.202234858315599,0.4104396772369817,1.4982943781819955,0.8179604114663653,29.808690213093506,0.7727156230561103,0.7418463588190652,0.7726932136128546,0.05719788586596218,0.01968352237078437,19.786789134254644,0.45301689699170894,2.9058765391939807,0.0888823437857701,27.48837010090799,0.17498223668857693,0.10853447782957165,0.0967812473477884
0.4625,0.9614552074162913,1.183196574413468,0.5460931049927518,0.5520904925421417,6.735263510833455,0.4288924214355971,0.9891369483256729,0.8220772263901537,16.340737357894703,0.7359735743501605,0.7667117499784613,0.7944800629853161,0.5675948060709437,0.37873593639209474,10.204695833473556,0.41044822447983353,1.4986557955866346,0.8192575880427871,29.789406734382887,0.7744482488443769,0.7432691533172912,0.7740858097374237,0.057860306725827426,0.019899438117857368,19.798764262659066,0.45331295016090856,2.907635199704695,0.08952559566719417,27.5533539925749,0.17590750337922698,0.10902405138560366,0.09719594542819975
0.465,0.9611785346619355,1.1845461443310112,0.543641526270105,0.5496127865146068,6.7352537464065225,0.4291365114292415,0.9891355143275163,0.8200850327226391,16.337816303251135,0.7340132352906747,0.7646083934681944,0.7923779143441629,0.5705124487909965,0.380590921903743,10.207158700610421,0.4104584893486426,1.4990174908462146,0.8204967327572904,29.768851903061844,0.7761620308175818,0.74466933477872,0.7754509167829969,0.05852384056725645,0.02011552481050501,19.810690709981,0.45360644095845865,2.9093867109394687,0.09012528069297923,27.60515175484983,0.1768292835831796,0.10951209222068678,0.0976103375979312
0.4675,0.960900929841923,1.1858922125106959,0.5412020759041589,0.5471468455508345,6.735250005663468,0.42937888454858797,0.9891349649641301,0.8180850728983815,16.334649281920438,0.7320559938480887,0.7625054882810268,0.7902731490492965,0.5734111769695838,0.38243233095413043,10.209623345459077,0.4104704712601576,1.4993794471795319,0.8216782200125256,29.74704087735371,0.7778570980173993,0.7460470499785473,0.7767887283829024,0.059188477419286976,0.020331781639764523,19.8225671769148,0.4538973249503307,2.911130882083017,0.09068152709132853,27.643980617299043,0.17774764249709915,0.10999863993173012,0.0980244544970809
0.47000000000000003,0.9606223918655034,1.1872347298212447,0.5387747694313016,0.5446926918375992,6.7352522905348,0.42961947415213814,0.9891353005190275,0.8160774568514019,16.331235821125247,0.7301019058827783,0.7604030821092356,0.7881658022436755,0.5762909418345432,0.3842601441502207,10.21208965482905,0.4104841695787211,1.499741647963498,0.822802433009863,29.72398888766465,0.7795335774204626,0.7474024456947681,0.778099439573617,0.05985420847122051,0.020548208303789835,19.83439231817402,0.4541855590453493,2.912867515567342,0.09119451489319418,27.670067054777594,0.17866264327848924,0.11048373380039732,0.0984383290427251
0.47250000000000003,0.960342919676983,1.1885736485025031,0.5363596209527224,0.5422503460863567,6.7352606025028185,0.4298582137052376,0.9891365212098984,0.8140622929216741,16.327575434298577,0.7281510264236422,0.7583012216703259,0.7860559080048937,0.579151695906576,0.3860743430272981,10.214557516769785,0.4104995836067155,1.5001040767571185,0.8238697636338991,29.69971123791372,0.7811915939581544,0.7487356686874899,0.779383246727928,0.060521026044980594,0.02076480499478288,19.84616474696469,0.45447110151509496,2.9145964077286735,0.0916644739389852,27.683646110798787,0.17957434706728223,0.11096741282775596,0.09885199670709618
0.47500000000000003,0.9600625122551139,1.1899089221474315,0.5339566431939052,0.5398198275926969,6.735274942597498,0.43009503679946975,0.9891386271880042,0.8120396878912315,16.32366762115941,0.7262034097064122,0.7561999527683133,0.7839434994200504,0.5819933929492987,0.38787491000590385,10.217026820730895,0.41051671257490463,1.5004667173250268,0.8248806123287252,29.674223306459655,0.782831270545755,0.7500468656763767,0.780640347485676,0.061188923569307156,0.020981572386208437,19.857883039576727,0.4547539120155943,2.916317349481764,0.09209168184790914,27.684960730279915,0.18048281323573753,0.11144971576420347,0.09926549574625426
0.47750000000000004,0.9597811686124555,1.1912405056838264,0.531565847563144,0.5374011542948747,6.735295311391756,0.43032987717229554,0.989141618537483,0.8100097470217071,16.31951186781997,0.7242591092118714,0.754099320355562,0.7818286086614544,0.5848159879209466,0.38966182834989965,10.219497457719447,0.4105355556327043,1.500829553660583,0.8258353879659973,29.647540546632605,0.7844527281228056,0.7513361833162632,0.7818709406821642,0.061857895555819095,0.021198511620298847,19.86954574008807,0.4550339516109596,2.9180301270107307,0.0924764619560768,27.67426110252679,0.181388099500881,0.11193068113438635,0.09967886737230426
0.48,0.9594988877947124,1.1925683553557813,0.5291872442090635,0.5349943428314103,6.735321708996076,0.43056266872694327,0.9891454952745606,0.8079725740932405,16.31510764692443,0.7223181777039566,0.7519993685951353,0.7797112670630972,0.5876194369276975,0.3914350821256478,10.221969320454164,0.4105561118384198,1.5011925700085202,0.8267345077049011,29.619678486880773,0.7860560857050228,0.7526037681709903,0.7830752262743415,0.06252793757697027,0.021415624295853856,19.881151365175214,0.4553111827990404,2.9197345224755322,0.09281918122956728,27.65180401533937,0.18229026197666617,0.11241034725686018,0.10009215586246957
0.4825,0.9592156688800453,1.193892428704876,0.5268208420771345,0.5325994085977396,6.735354135052469,0.4307933455525508,0.989150257346663,0.8059282714446916,16.31045441781885,0.7203806672677164,0.7499001409236264,0.7775915051978469,0.5904036971785903,0.39319465616229715,10.224442303516584,0.41057838014948567,1.5015557508871435,0.8275783968441407,29.590652730542445,0.7876414604325597,0.753849766685518,0.7842534052648704,0.06319904624591753,0.021632912456339717,19.89269840902338,0.45558556953904966,2.921430314733072,0.09312024815868239,27.617852221130587,0.183189355463782,0.11288875225827547,0.10050540859892011
0.485,0.9589315109783586,1.1952126845510975,0.5244666489651741,0.5302163658019007,6.735392588727833,0.4310218419445621,0.9891559046314411,0.8038769400150833,16.30555162675201,0.7184466293471055,0.747801680114424,0.7754693529552911,0.5931687269420112,0.3949405360131643,10.226916303499113,0.41060235941274464,1.5019190811100724,0.8283674886661101,29.560478955255185,0.7892089675990039,0.7550743251563852,0.785405679624199,0.06387121919831074,0.021850378578289816,19.904185348328948,0.45585707728104397,2.9231172800718497,0.09379444143938573,27.695014728974172,0.1840854337959035,0.11336593408192677,0.10091867603416985
0.4875,0.9586464132305631,1.1965290829734956,0.5221246715778128,0.5278452275192465,6.735437068706607,0.4312480924253805,0.9891624369356925,0.8018186793862155,16.3003987071068,0.7165161147826041,0.7457040283413713,0.7733448396201836,0.5959144855037147,0.3966727079181993,10.229391219149901,0.41062804835480304,1.5022825458075184,0.8291022242734528,29.529172912014495,0.7907587206538443,0.7562775897005906,0.786532252210771,0.06454445507600388,0.022068025560007802,19.91561064738517,0.45612567299705337,2.924795192958851,0.09443272920251133,27.761568791176362,0.18497854988991477,0.11384193049056317,0.10133201157809589
0.49,0.9583603748078173,1.1978415852905766,0.5197949155799264,0.5254860057461638,6.735487573182843,0.43147203176527815,0.9891698539941968,0.7997535878263681,16.294995079661845,0.7145891738486579,0.7436072272427782,0.7712179939514261,0.5986409331263541,0.39839115876752185,10.231866951514604,0.41065544557249894,1.502646130447103,0.8297830524182316,29.49675042389528,0.7922908311860388,0.7574597062229739,0.7876333266895108,0.06521875351267402,0.022285856710571646,19.926972763241356,0.4563913252136015,2.9264638267972205,0.09502682772603921,27.815217903016375,0.185868755580072,0.11431677906342795,0.10174547140415491
0.4925,0.958073394910745,1.199150154040452,0.5174773856490147,0.5231387114527917,6.735544099851597,0.4316935950035623,0.9891781554684509,0.7976817623350293,16.289340152882858,0.7126658562909228,0.7415113179857381,0.7690888442615356,0.601348031010487,0.4000958760660179,10.234343404074847,0.4106845495235201,1.5030098208541929,0.8304104293239759,29.463227384449898,0.7938054089119093,0.7586208203821927,0.7887091074487296,0.06589411512132026,0.02250387573913462,19.938270150924176,0.4566540040453078,2.9281229546930576,0.09557682963652758,27.8561447714122,0.18675610154437458,0.11479051718756961,0.10215911417414525
0.495,0.9577854727686314,1.2004547529607545,0.5151720855265234,0.5208033546347259,6.73560664589969,0.4319127174699972,0.9891873409453132,0.7956032986885738,16.28343332324337,0.7107462113632945,0.7394163413307123,0.7669574184965396,0.6040357412570246,0.401786847898981,10.236820482883502,0.4107153585172053,1.5033736032317664,0.8314994148013108,29.446843745593416,0.7953025616710239,0.7597610775553798,0.7897597995156082,0.06657054148359755,0.02272208674451632,19.94950126870778,0.45691368122924997,2.9297723502293853,0.09608288017694497,27.884542532570663,0.18764063729220296,0.11526318204354782,0.10257300068283606
0.4975,0.9574966076386022,1.2017553469683353,0.5128790180680973,0.518479944363695,6.735675207995844,0.43212933480647886,0.9891974099355542,0.7935182914868163,16.27727397557431,0.7088302878647006,0.7373223376963243,0.7648237443162442,0.6067040268310925,0.4034640628987869,10.239298096696547,0.41074787070556534,1.5037374641797787,0.8328228461292949,29.43946837129891,0.7967823954247235,0.7608806228015957,0.7907856084704159,0.06724803514092065,0.02294049420507316,19.960664583418083,0.4571703301597621,2.9314117882451343,0.0965451752835085,27.900614092669333,0.1885224112759538,0.1157348105857356,0.1029871934258908
0.5,0.9572067988047811,1.2030519021387798,0.5105981852927572,0.5161684888372025,6.735749782280185,0.43234338298896174,0.9892083618723148,0.7914268342003665,16.27086148344192,0.7069181341756289,0.7352293472243296,0.7626878491748207,0.6093528515272626,0.40512751021258286,10.241776157101619,0.4107820840745543,1.5041013907140408,0.834091350290584,29.43083639505995,0.7982450142526725,0.7619796008241696,0.7917867403596317,0.06792659958725292,0.023159102968834153,19.971758575754208,0.45742392592338244,2.9330410456166467,0.09696395963069353,27.904571476901104,0.18940147096509005,0.11620543951749907,0.10340175609669074
0.5025000000000001,0.9569160455774304,1.2043443856857594,0.5083295884309937,0.5138689954271196,6.735830364353125,0.43255479834963234,0.9892201961094741,0.7893290192187156,16.264195209553534,0.7050097982943696,0.7331374098447034,0.7605497604016608,0.6119821799361246,0.4067771794709801,10.244254578643028,0.41081799643562156,1.504465370284579,0.8353052017859873,29.420959549357125,0.7996905203475768,0.7630581559320506,0.7927634016081424,0.06860623926346991,0.02337791824388359,19.982781745608342,0.4576744453337137,2.9346599020389466,0.09733952464893796,27.89663518737563,0.19027786272542818,0.11667510526160804,0.10381675301983168
0.505,0.9566243472920772,1.2056327659402644,0.5060732279717701,0.5115814707272233,6.735916949263638,0.43276351759932585,0.9892329119199272,0.787224937898968,16.257274506190544,0.7031053278729495,0.7310465653408026,0.758409505282447,0.6145919774121517,0.408413060757728,10.24673327894326,0.4108556054175743,1.5048293907934782,0.8364646850017204,29.40984973293753,0.801119014011828,0.7641164320002799,0.7937157989306941,0.06928695955316418,0.023596945588967456,19.99373261736323,0.45792186696604836,2.936268140803727,0.09767220651969377,27.877033570420537,0.19115163183646536,0.11714384392629537,0.10423224853114611
0.5075000000000001,0.9563317033086239,1.206917012329749,0.5038291037084288,0.5093059205996676,6.736009531496929,0.4329694778501802,0.9892465084937746,0.7851146806151575,16.250098715668106,0.7012047702527356,0.7289568534145492,0.756267111140388,0.6171822100428213,0.41003514458035634,10.249212178820786,0.41089490845877286,1.505193440612185,0.8375700940825568,29.397519009329418,0.8025305936575096,0.7651545724297069,0.7946441392427788,0.06996876677972963,0.02381619090429606,20.00460974514423,0.4581661711917149,2.937865549570666,0.09796238415256948,27.84600219386179,0.19202282263153328,0.11761169126743719,0.10464830631600731
0.51,0.956038113010444,1.2081970953572478,0.5015972147834945,0.5070423502203812,6.736108104961525,0.43317261663852225,0.9892609849364259,0.7829983368080604,16.24266717082088,0.6993081724996865,0.726868313751587,0.7541226054175714,0.619752844618946,0.4116434218417636,10.25169120240411,0.41093590279968295,1.5055575085982547,0.8386217327970079,29.38397960505139,0.803925355809095,0.7661727201060728,0.795548629571145,0.0706516682045389,0.024035660422510353,20.01541171800127,0.45840734021223184,2.9394519211284416,0.09821047714935728,27.803783234887256,0.1928914785992878,0.11807868264736736,0.10506498871930885
0.5125,0.9557435758034679,1.2094729865805027,0.49937755973236886,0.5047907641233826,6.736212662975767,0.4333728719479785,0.9892763402666167,0.7808759950354357,16.234979195514207,0.6974155814392313,0.7247809860863575,0.7519760157563858,0.6223038486061658,0.41323788381273313,10.254170277241904,0.4109785854758014,1.505921584111526,0.8396199143948879,29.36924390753156,0.8053033951077959,0.7671710173585888,0.796429476964115,0.07133567202599811,0.024255360699774547,20.02613716499393,0.458645358093506,2.9410270541415273,0.09841694375975824,27.75062487911186,0.19375764244876828,0.11854485299086467,0.10548235604180443
0.515,0.9554480911152562,1.210744658591168,0.49717013652591224,0.5025511662440048,6.73632319825377,0.4335701822328022,0.989292573414346,0.7787477430226146,16.227034105180046,0.6955270436907558,0.7226949102670428,0.7498273700809642,0.6248351901175524,0.4148185221053549,10.256649334409053,0.4110229533109715,1.506285657029697,0.8405649614576473,29.35332446275269,0.8066648043172892,0.768149605918135,0.7972868884019069,0.07202078737923803,0.024475298606953327,20.036784760151168,0.4588802108004679,2.942590753878575,0.09872736681396507,27.727528613810854,0.19462135618387671,0.11901023673886361,0.10590046583835137
0.5175,0.9551516583940646,1.2120120849941491,0.4949749426119067,0.5003235599610228,6.7364397028908085,0.43376448644140875,0.98930968321873,0.7766136677133652,16.21883120737704,0.6936426057016721,0.7206101263203196,0.7476766966786056,0.6273468378872724,0.41638532864733147,10.25912830860851,0.4110690029110955,1.50664971776328,0.8414572057418653,29.336233972639306,0.8080096743317013,0.7691086268752163,0.798121070707143,0.07270702433617504,0.024695481320827408,20.04735322727602,0.4591118862327144,2.944142832918028,0.0992012622475051,27.750771917254923,0.1954826612029609,0.11947486780043311,0.10631937223396405
0.52,0.9548542771078968,1.2132752403871399,0.49279197495539706,0.49810794813767606,6.736562168348188,0.43395572404011057,0.9893276684257813,0.7744738553209543,16.21036980237404,0.6917623137810477,0.7185266745158752,0.7455240242811264,0.6298387612452517,0.41793829565714424,10.261607138268648,0.4111167306582521,1.5070137572699012,0.8422969880163238,29.31798529220335,0.8093380941867729,0.7700482206378018,0.7989322304557459,0.0733943939056517,0.0249159163152976,20.057841344564068,0.4593403742618897,2.9456831118263875,0.09963547052062338,27.763186522144494,0.19634159836438006,0.11993877950354861,0.10673912527339721
0.5225,0.954555946743554,1.2145341003404273,0.4906212300779041,0.49590433316157856,6.736690585437606,0.43414383503703885,0.9893465276861111,0.7723283913793302,16.20164918375623,0.6898862141327761,0.7164445954306197,0.7433693821461052,0.6323109300927835,0.4194774156200556,10.26408576563604,0.41116613270521735,1.5073777670679254,0.8430846578930826,29.298591426464906,0.8106501510729965,0.770968526889179,0.7997205738883999,0.07408290803334623,0.025136611352524475,20.068247949003787,0.4595656667717119,2.9472114198044466,0.1000437561598621,27.768706920066816,0.19719820802802926,0.1204020045451508,0.10715977031921753
0.525,0.9542566668056713,1.215788641377025,0.4884627040955069,0.4937127169835107,6.73682494430501,0.434328760006244,0.9893662595525584,0.7701773607943567,16.192668639053416,0.6880143528882695,0.7143639300125472,0.7412128001379727,0.6347633148790139,0.4210026812649218,10.266564136863275,0.41121720497038494,1.5077417392493528,0.8438205736530009,29.278065527164582,0.8119459303500038,0.771869684545958,0.8004863068227741,0.07477257960112345,0.02535757447394842,20.07857194052632,0.4597877577016948,2.9487275952967216,0.10047597639989872,27.781185618347248,0.19805253007487786,0.12086457494094045,0.10758134751198331
0.5275,0.9539564368157517,1.2170388409531938,0.4863163927557898,0.4915331011550851,6.7369652344139945,0.43451044011196016,0.9893868624777533,0.7680208478950189,16.183427450389527,0.6861467761386427,0.712284719644181,0.7390543088089099,0.6371958865782437,0.4225140855417885,10.269042202091695,0.41126994313307663,1.508105666491969,0.8445051020661468,29.256420889284268,0.8132255155656472,0.772751831716345,0.8012296345666821,0.07546342242548641,0.02557881399113383,20.088812285872038,0.4600066430957529,2.950231486559294,0.10089869041359104,27.791319240390127,0.1989046038763028,0.12132652197531123,0.1080038913042695
0.53,0.9536552563111895,1.2182846774394103,0.4841822914736495,0.4893654868652797,6.737111444528748,0.43468881713302315,0.9894083348116106,0.7658589364845235,16.17392489515268,0.6842835299663556,0.7102070062055472,0.7368939394795159,0.6396086166679725,0.42401162160024425,10.27151991552866,0.4113243426292263,1.5084695420706933,0.8451386182075507,29.23367094739268,0.81448898848203,0.7736151056588204,0.801950761832355,0.07615545125478106,0.02580033847638098,20.098968022141754,0.4602223211569745,2.9517229521813397,0.10136071330600271,27.81251678176897,0.1997544683044213,0.12178787615176946,0.10842743007791089
0.5325,0.9533531248442911,1.2195261301018214,0.4820603953659582,0.4872098749758319,6.737263562696564,0.4348638334874271,0.9894306747987628,0.7636917098912344,16.164160246685203,0.6824246604762819,0.7081308321366174,0.7347317243192077,0.6420014771076175,0.4254952827685004,10.273997235519097,0.41138039864741754,1.5088333598680854,0.8457215052687546,29.20982927183206,0.8157364291105172,0.7744596427413349,0.8026498926520023,0.07684868176480393,0.026022156753050602,20.109038260001125,0.4604347923099167,2.9532018615557254,0.10180771204336832,27.82978866477854,0.2006021617920112,0.12224866714414365,0.10885198585108896
0.535,0.9530500419812845,1.2207631790842248,0.4799506992850786,0.485066266055485,6.7374215762299725,0.43503543225700514,0.9894538805759352,0.7615192510193528,16.154132774992746,0.680570213826189,0.7060562404991554,0.7325676964263147,0.6443744403178289,0.42696506253317107,10.276474124610965,0.41143810612524945,1.5091971143839602,0.8462541543656139,29.184909564761945,0.8169679157616075,0.775285578401148,0.8033272302948177,0.07754313055246771,0.02624427788554887,20.119022186508126,0.46064405927179314,2.954668095294251,0.10236807201064173,27.87813099479294,0.20144772236806704,0.1227089237488452,0.10927757407887624
0.5375,0.9527460073013251,1.22199580539059,0.47785319785122593,0.4829346604130827,6.737585471688465,0.4352035572122218,0.9894779501692625,0.7593416423992916,16.143841747471885,0.6787202362565999,0.7039832750379159,0.73040188990784,0.6467274791603292,0.4284209545197221,10.278950549614361,0.41149745974599927,1.509560800744067,0.8467369643427971,29.15892565607581,0.8181835251093634,0.7760930471054108,0.8039829771855804,0.07823881512719169,0.026466711168924743,20.12891906753557,0.4608501271338994,2.9561215455834167,0.10293858822654343,27.929184000763215,0.2022911877231332,0.12316867383841718,0.10970420354772768
0.54,0.9524410203954953,1.2232239908681324,0.47576788548367316,0.4808150581295022,6.7377552348598995,0.4353681528370571,0.9895028814915575,0.7571589662376588,16.133286429655605,0.6768747741200208,0.7019119802411241,0.728234339958853,0.6490605669181938,0.42986295247355893,10.281426481653828,0.4115584539355471,1.5099244147077733,0.8471703415754307,29.131891499205587,0.819383332231507,0.7768821823126109,0.8046173348249975,0.07893575389970288,0.02668946611803771,20.138728249762828,0.46105300345453265,2.957562116476929,0.10349840104419765,27.977268674854987,0.20313259532085945,0.12362794431659996,0.11013187636132216
0.5425,0.9521350808657947,1.224447718190928,0.47369475643079506,0.478707459088421,6.737930850741559,0.4355291643539702,0.98952867233953,0.7549713044667951,16.122466085975848,0.6750338739095003,0.6998424014001821,0.7260650829414854,0.6513736772764942,0.4312910502417239,10.283901896213548,0.4116210828595237,1.5102879526746997,0.8475546997683232,29.103821166828844,0.8205674106194552,0.7776531164349626,0.8052305037119133,0.07963396616796213,0.026912552456261504,20.14844916221426,0.46125269836452015,2.958989724121631,0.10404735846996514,28.022366761596007,0.20397198252197973,0.12408676107516013,0.11056058801227382
0.545,0.9518281883241271,1.2256669708440457,0.47163380479894607,0.47661186300590863,6.738112303520935,0.43568653774892346,0.9895553203909638,0.7527787387937953,16.11137998054265,0.6731975822864913,0.6977745846685353,0.7238941564635082,0.6536667843032201,0.4327052417551696,10.286376773175023,0.4116853404206392,1.5106514116902554,0.8478904597531861,29.074728846492604,0.8217358321798354,0.7784059808018463,0.8058226832675031,0.08033347209996407,0.027135980103698727,20.158081317325212,0.46144922468626265,2.9604042969140574,0.10458530887371521,28.06446030139328,0.20480938669504362,0.12454514895277222,0.1109903275316987
0.5475,0.9515203423912778,1.226881733108169,0.46958502458016804,0.47452826945884014,6.738299576556213,0.43584021979644944,0.9895828232018518,0.750581350748956,16.10002737793918,0.6713659461079879,0.6957085771196422,0.7217215994564632,0.6559398624303967,0.4341055210115793,10.288851096846827,0.411751220256146,1.5110147894500061,0.8481780492842633,29.044628836167217,0.8228886672286058,0.7791409056243657,0.8063940717615543,0.08103429271320538,0.027359759164892458,20.167624311520918,0.46164259806693375,2.961805775585448,0.10511210137702888,28.10353174699498,0.20564484524170304,0.12500313169631663,0.11142107770656481
0.55,0.951211542695889,1.2280919900446536,0.46754840967872685,0.4724566779121217,6.738492652356569,0.4359901580847432,0.9896111782035012,0.7483792217335845,16.08840754403219,0.6695390124529196,0.6936444268039798,0.7195474522533288,0.658192886435311,0.43549188205869915,10.29132485598609,0.4118187157353915,1.5113780843028308,0.8484179028327541,29.013535539742954,0.8240259844852169,0.7798580199611,0.8069448662409207,0.0817364498506682,0.02758389991603364,20.177077825298223,0.46183283712615003,2.963194113213753,0.10562758627288543,28.139564085238543,0.2064783955628892,0.12546073192506027,0.11185281535327501
0.5525,0.9509017888734248,1.2292977274809858,0.46552395393646995,0.4703970877447272,6.738691512562196,0.4361363010407614,0.9896403826996016,0.7461724330671216,16.07651974679724,0.6677168286477636,0.6915821828050283,0.7173717566657085,0.6604258314217593,0.43686431897815026,10.293798043811268,0.4118878199574101,1.5117412952527955,0.8486104613804007,28.98146346248122,0.8251478510695157,0.780557451685111,0.8074752624602257,0.08243996615322591,0.027808412791677138,20.186441622805425,0.462019963618046,2.9645692751619257,0.10613161547549693,28.172540963560376,0.20731007495629727,0.1259179710983197,0.1122855116350868
0.555,0.9505910805651356,1.2304989319965713,0.4635116511570077,0.4683494982745369,6.738896137924219,0.4362785979553084,0.9896704338632741,0.7439610660335134,16.064363257158263,0.6658994422913596,0.6895218952941709,0.7151945560605178,0.6626386728012266,0.43822282586968675,10.29627065800582,0.41195852574850694,1.5121044219596946,0.848756172212588,28.948427206431518,0.8262543325000733,0.781239327452253,0.8079854548148693,0.0831448650284487,0.028033308370995536,20.195715550921292,0.4622040026072625,2.9659312389426695,0.10662404299866092,28.202446820680695,0.20813992056708627,0.12637486948736462,0.11271913241078152
0.5575,0.9502794174170182,1.2316955909088285,0.4615114951287131,0.46631390878197915,6.739106508284406,0.43641699900808945,0.9897013287340923,0.7417452019267939,16.051937349840973,0.6640869012789004,0.6874636155844512,0.7130158954361719,0.664831386273908,0.43956739683586205,10.298742700712445,0.41203082565978666,1.5124674647382033,0.8488554887112787,28.914441465824442,0.8273454926931539,0.7819037726708229,0.8084756362763799,0.08385117061586116,0.028258597363616147,20.2048995378404,0.46238498265789374,2.967279994010681,0.10710472546070618,28.22926702081608,0.20896796955626423,0.12683144615249956,0.11315363860243456
0.56,0.9499667990787714,1.2328876922595233,0.4595234796465414,0.4642903185324689,6.739322602554806,0.43655145529271167,0.9897330642150917,0.7395249220958207,16.039241304239628,0.6622792538250781,0.6854073961831241,0.7108358214982545,0.6670039478094786,0.4408980259670692,10.30121417851743,0.41210471196457843,1.5128304245555801,0.8489088701480835,28.879521022450064,0.8284213939625132,0.7825509114725797,0.8089459983301374,0.08455890774878695,0.028484290595105183,20.21399359117842,0.46256293603394655,2.9686155414843927,0.10757352261380712,28.252987990713738,0.209794259190491,0.12728771892645313,0.11358898657114007
0.5625,0.9496532252027525,1.2340752248013265,0.4575475985326698,0.4622787267976444,6.73954439869728,0.4366819188416107,0.989765637069764,0.737300307988127,16.026274405296807,0.6604765484863498,0.6833532908429437,0.7086543827346737,0.6691563336275197,0.4422147073269139,10.303685102424861,0.41218017665571355,1.513193303027879,0.8489167814777346,28.843680741030393,0.8294820970206898,0.7831808666851414,0.8093967309154755,0.08526810191300209,0.028710398992181297,20.2229977956176,0.4627378989093669,2.969937893800193,0.10803029789515148,28.273597358746716,0.21061882670758786,0.1277437044054009,0.11402512849101988
0.5650000000000001,0.9493386954429336,1.2352581779845675,0.45558384565595844,0.4602791328753998,6.739771873703006,0.4368083426508815,0.9897990439190464,0.7350714411928434,16.0130359443957,0.6586788341822967,0.6813013546121297,0.7064716294902957,0.6712885201775057,0.4435174349378832,10.306155487820238,0.412257211442614,1.5135561024146056,0.8488796931322156,28.80693556459352,0.8305276609825463,0.7837937598057672,0.8098280223681602,0.08597877920250924,0.028936933567760056,20.23191231011938,0.46290991158518835,2.971247074303066,0.10847491899716158,28.29108409525862,0.21144170926397265,0.1281994179491359,0.11446201271367633
0.5675,0.9490232094538574,1.2364365419441843,0.4536322149502353,0.45829153610871604,6.740005003571956,0.4369306807049928,0.9898332812383088,0.7328384034826575,15.99952522026467,0.6568861602160504,0.6792516438829489,0.7042876140410652,0.6734004841182593,0.44480620276726657,10.308625354423295,0.4123358077481508,1.5139188256117886,0.8487980808157485,28.769300509856127,0.8315581433713706,0.7843897109765064,0.8102400593652201,0.08669096627283707,0.029163905405949396,20.240737364737683,0.46307901871087703,2.9725431167786,0.10890725845369909,28.305438653301778,0.21226294390647021,0.1286548736920675,0.11489958411730666
0.5700000000000001,0.948706766889602,1.2376103074868776,0.4516927004314101,0.4563159359032922,6.740243763292399,0.4370488880013594,0.9898683453543425,0.7306012768547716,15.985741539893658,0.6550985762937521,0.6772042164388639,0.7021023906676137,0.6754922022967776,0.44608100471329,10.311094726229667,0.4124159567052371,1.5142814761434134,0.8486964764149161,28.731604884342683,0.8325736001259578,0.7849688389606969,0.8106330268720975,0.08740469029236017,0.029391325647134918,20.249473257072797,0.46324526950650663,2.9738260649322035,0.10932719423893508,28.316653108874895,0.21308256759463778,0.12911008456686485,0.11533778443685798
0.5725,0.9483893674027437,1.2387794660784954,0.44976529621342076,0.45435233174397965,6.740488126820467,0.4371629205747522,0.9899042324423603,0.7283601435708297,15.97168421946215,0.6533161325430258,0.6751591315001806,0.6999160157283653,0.6775636517263427,0.44734183459141785,10.313563631441212,0.41249764915312365,1.5146440581511884,0.8493073015725486,28.718610776934923,0.8335740856073535,0.785531261120775,0.8110071080920718,0.0881199788922236,0.02961920547331084,20.258120348411754,0.463408717982001,2.975095971822283,0.1097346103753366,28.32472129973569,0.21390061726432358,0.12956506234264464,0.11577655257374445
0.5750000000000001,0.9480710106433327,1.239944009831695,0.4478499965230193,0.4524007232100235,6.740738067059833,0.43727273552151885,0.9899409385230106,0.7261150861957831,15.957352585278466,0.6515388795304606,0.6731164497681451,0.6977285477321487,0.67961480956382,0.4485886861207843,10.316032102384694,0.4125808756333663,1.5150065763826042,0.8498697865979823,28.704533406438273,0.8345596526051722,0.7860770933973508,0.8113624844179013,0.08883686011553969,0.029847556093828324,20.266679059606513,0.4635694231493627,2.9763528992549166,0.1101293975470245,28.329638961842573,0.2147171299200789,0.13001981767962884,0.1162158248856805
0.5775,0.9477516962578736,1.2411039314939234,0.4459467957134029,0.4504611099891182,6.7409935558414915,0.4373782910235939,0.9899784594594098,0.7238661876356741,15.942745974730066,0.6497668682780902,0.6710762334674346,0.6955400474103343,0.6816456530860672,0.44982155291070886,10.318500175418809,0.4126656263854424,1.5153690361772778,0.8503842378015749,28.68938391498619,0.8355303523441098,0.7866064502894919,0.8116993353856038,0.08955536236659978,0.030076388731746378,20.27514986674585,0.4637274492235588,2.9775969171482304,0.11051145371458738,28.331403862466505,0.21553214262367026,0.1304743602021467,0.11665553545901887
0.58,0.9474314238883179,1.2422592244357942,0.4440556882766991,0.4485334918902809,6.741254563903759,0.43747954637226943,0.9900167909542034,0.7216135311743077,15.927863737244689,0.6480001502788344,0.6690385463869777,0.6933505777885038,0.6836561596653692,0.45104042844726155,10.320967890829236,0.4127518913419938,1.515731443451541,0.850850970148676,28.67317362849456,0.8364862344932482,0.7871194448361533,0.8120178386303154,0.09027551436090879,0.030305714610981426,20.28353329668075,0.46388286580759486,2.9788281028752586,0.11088068472730533,28.33001592901163,0.21634569244675952,0.13092869859172426,0.11709561636757061
0.5825,0.947110193171068,1.2434098826399118,0.4421766688553114,0.4466178688555508,6.741521060872455,0.43757646199170597,0.9900559285466569,0.7193572005088009,15.912705235262166,0.6462387775108807,0.6670034539190597,0.6911602042576798,0.6856463067438305,0.4522453060798364,10.32343529271181,0.41283966012368006,1.516093804681283,0.8512703071090938,28.655914052705466,0.8374273471799571,0.7876161885986728,0.8123181698441253,0.09099734507690206,0.030535544944459196,20.29182992246569,0.46403574805726194,2.980046540594453,0.11125622961743599,28.330372762283478,0.2171578164863612,0.1313828407017774,0.11753599792318424
0.585,0.9467880037359943,1.2445559006902243,0.44030973225213665,0.4447142409705206,6.7417930152413925,0.4376689994621544,0.9900958676097896,0.7170972797839837,15.89726984521672,0.6444828024509982,0.6649710230966497,0.6889689946451268,0.6876160718066594,0.45343617900770194,10.325902428843682,0.41292892203362946,1.516456126883029,0.8516425805061365,28.637616869223194,0.8383537370095068,0.7880967916442583,0.8126005027358111,0.09172088371024004,0.030765890923476515,20.300040358779672,0.4641861768211187,2.9812523205772217,0.11162827814018916,28.329959519021443,0.21796855193547887,0.1318367936951057,0.11797660892434965
0.5875,0.9464648552054671,1.2456972737619665,0.4384548734396591,0.4428226084737101,6.742070394353108,0.4377571215428668,0.9901366033475452,0.7148338536256507,15.881556958529707,0.6427322780867574,0.6629413226288965,0.6867770192847562,0.6895654323542936,0.45461304026649985,10.32836935054251,0.4130196660514786,1.5168184175932604,0.8519681303653035,28.618293931545214,0.8392654490915781,0.7885613625303741,0.8128650089923691,0.09244615963159385,0.030996763708479876,20.30816525739123,0.4643342387514597,2.9824455385419184,0.11198598982891372,28.32603453372494,0.21877793612477023,0.13229056420497057,0.11841737690975496
0.59,0.9461407471934065,1.246833997612259,0.436612087567937,0.4409429717647864,6.742353164380028,0.43784079219466987,0.9901781307920254,0.7125670071726419,15.865565982612745,0.6409872579276323,0.6609144229347389,0.6845843510871492,0.6914943658733209,0.455775882714664,10.330836112513772,0.41311188082699735,1.5171806848459932,0.8522473047626733,28.597957261089775,0.8401625270746935,0.7890100082899371,0.8131118582422485,0.09317320234883407,0.03122817442146314,20.31620530273029,0.4644800263823365,2.98362629500353,0.11232924748437775,28.31859607456834,0.21958600652430826,0.1327441585200329,0.1188582284240394
0.5925,0.9458156793043476,1.2479660685714171,0.4347813699714851,0.4390753314116447,6.742641290305958,0.43791997660217874,0.9902204448007719,0.7102968261077585,15.849296341881203,0.6392477960149655,0.658890396174577,0.6823910656092367,0.6934028498061694,0.4569246990197428,10.333302772686283,0.4132055546732978,1.5175429371486193,0.8524804596730126,28.576619043220923,0.8410450131901827,0.7894428344172273,0.8133412180201872,0.09390204147450956,0.03146013414017627,20.32416120762713,0.4646236381711259,2.9847946946479054,0.11265794011056025,28.30764410757096,0.2203928007693352,0.13319758279284494,0.11929908930294422
0.595,0.9454896511325283,1.2490934835350154,0.43296271617506915,0.4372196881563533,6.742934735908068,0.4379946411956265,0.9902635400541208,0.7080233966875041,15.832747478778192,0.6375139469307772,0.6568693162799458,0.6801972411236539,0.6952908615195407,0.4580594816446079,10.335769392036097,0.4133006755596322,1.5179051834560477,0.8526679588175886,28.55429162327062,0.8419129483042143,0.789859944854413,0.8135532537335477,0.0946327066994591,0.03169265389432242,20.332033709274846,0.46476517850068705,2.9859508457387998,0.11297196355564446,28.293180430927006,0.221198356768591,0.13365084327093626,0.119739884984631
0.5975,0.9451626622609944,1.2502162399567505,0.4311561218984218,0.4353760429199791,6.743233463739357,0.4380647536722881,0.9903074110526268,0.7057468057706563,15.815918854809043,0.6357857658054126,0.6548512589811417,0.6780029586878075,0.6971583782715867,0.4591802228335409,10.338236034399001,0.41339723110378834,1.5182674331431654,0.8528101735116557,28.530987502556833,0.8427663719569692,0.7902614419785906,0.8137481286300579,0.095365227773327,0.031925744663900454,20.33982356546578,0.46490475763979705,2.9870948595651634,0.11327122115243585,28.27520880570496,0.22200271282593634,0.1341039465488421,0.12018054085310499
0.6,0.9448347122607309,1.251334335842126,0.4293615830598902,0.43354439680629764,6.743537435111672,0.43813028301747736,0.9903520521145698,0.7034671408456734,15.798809951586593,0.6340633083240145,0.6528363018327442,0.6758083022126843,0.699005377177829,0.4602869145981947,10.340702766271804,0.41349520856409444,1.5186296959756553,0.8529074825115386,28.506719334395402,0.8436053223764449,0.7906474265892458,0.8139260037668563,0.09609963449266325,0.03215941737982478,20.347531551146062,0.4650424916602962,2.988226849935142,0.11363389973902757,28.27321075310716,0.2228059076941095,0.13455689983870203,0.12062098261841832
0.6025,0.9445058006898124,1.252447769742989,0.4275790957790303,0.431724751104405,6.743846610079313,0.43819119952509605,0.9903974573735473,0.7011844900569466,15.781420271887315,0.6323466307318035,0.650824524236982,0.6736133585314343,0.7008318351758415,0.46137954870343095,10.343169656602777,0.4135945948310513,1.518991982079222,0.8529602718612274,28.48149992010277,0.8444298364826704,0.7910179978960229,0.8140870379807486,0.09683595669717324,0.03239368292692504,20.355158455323878,0.46517850231018826,2.9893469327220266,0.11410416085236819,28.297976411155528,0.22360798062167855,0.1350097112563473,0.12106113673664846
0.605,0.9441759270925819,1.2535565407529343,0.42580865637816007,0.4299171072902396,6.744160947423313,0.4382474748177173,0.9904436207761653,0.6988989422299058,15.763749340718654,0.6306357898381433,0.6488160074648841,0.6714182174677595,0.7026377289887232,0.46245811665303926,10.345636776571501,0.41369537641861265,1.519354301907257,0.8529689347383592,28.45534220498572,0.8452399498774763,0.791373253506717,0.8142313878595867,0.09757422427454802,0.032628552149393725,20.36270507835843,0.4653129168428128,2.9904552254661123,0.11456399491319959,28.320068133771926,0.22440897141818777,0.13546239011911942,0.12150093087056568
0.6075,0.9438450909988555,1.2546606485036043,0.42405026138288476,0.4281214670270277,6.744480404636413,0.43829908186618305,0.9904905360798321,0.6966105868949964,15.745796706397773,0.6289308430193756,0.6468108346751671,0.6692229719041423,0.7044230350874021,0.46352260967535336,10.348104199358508,0.41379753945514053,1.519716666207012,0.8529338712994549,28.42825927431364,0.8460356968273642,0.7917132894153854,0.8143592077146892,0.09831446717415276,0.032864035858712656,20.370172229646123,0.46544586780310815,2.991551847034892,0.11501336564890044,28.33949717248885,0.2252089205540554,0.1359149472510552,0.12194029438950114
0.61,0.9435132919231524,1.2557600931619008,0.4223039075216094,0.42633783216466736,6.744804937908785,0.4383459950086999,0.9905381968506612,0.6943195143105424,15.727561941641946,0.6272318482204134,0.6448090909307989,0.6670277178499433,0.7061877296518184,0.46457301870877843,10.350571999905105,0.4139010696740652,1.5200790859843247,0.8528554885242412,28.40026434926819,0.8468171102523039,0.7920381999904847,0.8144706495542257,0.09905671542968496,0.03310014484404857,20.377560725710428,0.46557749277289084,2.992636917342536,0.11559563027370606,28.39149364984322,0.2260078693671434,0.13636739529056446,0.12237915890430312
0.6125,0.943180529363956,1.2568548754281506,0.4205695917240533,0.42456620473806295,6.745134502114589,0.4383881899694152,0.9905865964614979,0.6920258154845125,15.709044644670978,0.62553886395509,0.6428108632131845,0.6648325545093979,0.7079317885310547,0.46560933438725466,10.353040254663794,0.4140059524042866,1.5204415724669653,0.8527342000588936,28.37137078286468,0.8475842217179888,0.7923480779629514,0.8145658630575022,0.09980099919073546,0.033336889885066195,20.384871388690797,0.46570793407796374,2.993710557127974,0.11620583017664984,28.450043051180874,0.2268058603183869,0.13681974899534624,0.12281745883060016
0.615,0.942846802803006,1.2579449965352536,0.418847311118783,0.4228065869644262,6.745469050799408,0.4384256438764565,0.9906357280900728,0.6897295821952097,15.690244440321788,0.6238519493052513,0.640816240433917,0.6626375843495337,0.7096551872024797,0.46663154702568427,10.355509041339719,0.414112172560355,1.5208041370666672,0.8525704260580105,28.341592055839293,0.8483370614279511,0.792643014414135,0.8146449955500953,0.10054734876300223,0.03357428176706382,20.392105045215263,0.465837338460698,2.9947728877893263,0.11678983778330104,28.501867985973277,0.22760293725024947,0.1372720255390626,0.12325513197107558
0.6175,0.9425121117046186,1.2590304582488663,0.4171370630297794,0.42105898123955926,6.745808536168589,0.43845833527941924,0.9906855847172905,0.6874309070109023,15.671160981175479,0.6221711639185928,0.6388253134440344,0.6604429131680365,0.7113579007299976,0.46763964660535373,10.357978438623672,0.41421971463247825,1.5211667913399147,0.8523645930251196,28.31094177249563,0.849075658215622,0.792923098763514,0.8147081919797938,0.10129579465672164,0.03381233129829417,20.39926252563073,0.46596585672249496,2.9958240312708644,0.11734678358216351,28.54681590675886,0.22839914553747898,0.13772424479424067,0.12369212010534038
0.62,0.9421764555150426,1.260111262868669,0.415438844972055,0.41932339013313624,6.746152909076572,0.43848624416628496,0.9907361591256623,0.6851298833084185,15.651793948697065,0.6204965680052091,0.6368381750407265,0.6582486501610763,0.7130399037214938,0.4686336227593934,10.360448525917107,0.4143285626764031,1.5215295469475605,0.8521171336515287,28.279433656504438,0.8498000395364491,0.7931884187561253,0.8147555948933253,0.10204636764270227,0.03405104932929202,20.4063446635554,0.46609364334118114,2.996864109997282,0.11787585308618789,28.584749541457455,0.22919453213416835,0.13817642959601192,0.1241283695745175
0.6225,0.9418398336618469,1.2611874132307648,0.41375265464634137,0.41759981638299826,6.746502119017287,0.4385093519797521,0.9907874438978955,0.6828266052907196,15.63214305438801,0.6188282223328297,0.634854919971424,0.656054907991107,0.7147011702855921,0.4696134647583171,10.362919383049766,0.4144387003032254,1.5218924156133544,0.8518995935667836,28.249439489375145,0.8505102314612882,0.7934390604496517,0.8147873444138611,0.10279909881517466,0.03429044677399191,20.413352295708513,0.46622085606891456,2.9978932468486863,0.11837629169036047,28.61554782783183,0.22998914561021372,0.13862860598164,0.12456383184705283
0.625,0.9415022455533412,1.262258912711257,0.41207848993286084,0.4158882628884809,6.746856114115619,0.438527641632964,0.9908394314156406,0.6805211680034754,15.612208040951725,0.6171661882207664,0.6328756449352179,0.6538618028546449,0.7163416739878435,0.4705791614956961,10.365391089990421,0.4145501106691853,1.522255409081465,0.8517042593851887,28.22069733514073,0.8512062586742174,0.7936751082011176,0.8148035782193146,0.10355401966051685,0.03453053463238495,20.420286261965334,0.4663476555165564,2.9989115651686795,0.11884740974583223,28.63910688276819,0.23078303629631858,0.13908080340132306,0.12499846405272236
0.6275000000000001,0.9411636905780336,1.2633257652310288,0.4104163488842041,0.414188732702791,6.747214841120045,0.4385410975246124,0.9908921138584089,0.6782136673506542,15.59198868347203,0.6155105275325642,0.6309004485815376,0.6516694545500199,0.7179613878064875,0.4715307014740252,10.367863726551409,0.4146627764655124,1.522618539073086,0.8514648731074373,28.191007916858805,0.8518881444739447,0.7938966446531692,0.8148044315214624,0.10431116213077828,0.03477132401443463,20.427147405579024,0.46647420473066903,2.999919188796939,0.11928858785136136,28.655341005804054,0.23157625643738974,0.13953305489648432,0.1254322294734164
0.63,0.9408241681041207,1.264387975261741,0.4087662297173282,0.4125012290244493,6.747578245396478,0.4385497055533991,0.9909454832026701,0.67590420010915,15.571484790604591,0.61386130266734,0.6289294315060264,0.6494779865450914,0.7195602840879365,0.47246807279084885,10.370337372087544,0.4147766799083826,1.5229818172422203,0.8511818749427237,28.160385393366436,0.8525559107662765,0.7941037507199098,0.8147900370459449,0.10507055872081683,0.03501282616494813,20.433936573506962,0.4666006687693409,3.0009162421171407,0.11969928236226521,28.664183716203222,0.23236886023146322,0.13998539724265735,0.12586509798203685
0.6325000000000001,0.9404836774790147,1.2654455478330169,0.40712813080469706,0.410825755187818,6.747946270923404,0.43855345313183186,0.9909995312211366,0.6735928639424523,15.550696205781259,0.6122185765498005,0.6269626962435472,0.6472875260449027,0.7211383345021534,0.47339126312522206,10.372812105190102,0.41489180272905746,1.5233452551307374,0.8508557124917967,28.12884407479905,0.8532095780572144,0.7942965055722994,0.814760525013223,0.10583224254778163,0.03525505248908362,20.440654616776513,0.46672721428289704,3.0019028501106773,0.12024766595315994,28.705845783885184,0.2331609039911193,0.14043787105511105,0.12629704642461198
0.635,0.9401422180289044,1.2664984885407666,0.40550205066457834,0.4091623146527309,6.7483188602883155,0.43855232919933274,0.9910542494822401,0.6712797574133816,15.52962280842707,0.6105824126189336,0.6250003472582536,0.645098204059248,0.722695509998106,0.4743002597245885,10.375288003376552,0.4150081261642786,1.523708864122809,0.8504868405900682,28.096398418461614,0.8538491654502561,0.7944749866231191,0.8147160231205908,0.10659624743162735,0.0354980145781651,20.44730239082549,0.4668540091052365,3.002879138406657,0.12077111512113389,28.741315303575803,0.23395244636122,0.14089052085650197,0.1267280589452515
0.6375000000000001,0.9397997890583539,1.2675468035565616,0.4038879879505177,0.4075109109932414,6.748695954685564,0.43854632423463424,0.991109629349817,0.6689649799958926,15.50826451518981,0.6089528748153685,0.6230424909306531,0.6429101554700993,0.7242317807594967,0.47519504939216684,10.37776514277679,0.41512563094699123,1.5240726553988277,0.8500757211469355,28.063063024589397,0.8544746906464736,0.7946392695115371,0.8146566565253585,0.10736260797533298,0.03574172423547575,20.453880755754177,0.4669812218610564,3.003845233318915,0.12126679401044939,28.76997209877285,0.23474354804468486,0.14134339510705135,0.12715812725845474
0.64,0.9394563898499384,1.268590499637935,0.4022859414400078,0.40587154788551,6.749077493915654,0.43853543026743635,0.9911656619830035,0.6666486320859573,15.486621281181618,0.6073300275674015,0.6210892355415958,0.6407235190988418,0.7257471161609806,0.47607561847494156,10.380243597816607,0.4152442972974766,1.5244366398889229,0.8496228229812661,28.02885263199655,0.8550861699485464,0.7947894280873149,0.8145825478293537,0.10813135964352205,0.035986193501708404,20.46039057643011,0.4671090215935783,3.0048012618614037,0.12173432695584825,28.79178550192078,0.23553427176198746,0.14179654619897347,0.12758725087807146
0.6425,0.9391120196639174,1.2696295841394616,0.4006959100223673,0.4042442290948438,6.749463416386031,0.4385196408892962,0.9912223383363525,0.6643308150115347,15.464693101232413,0.6057139357756874,0.6191406912531138,0.6385384377732453,0.7272414847250953,0.47694195285236396,10.382723440899143,0.41536410491497716,1.524800828226178,0.8491286216530254,27.993782113611324,0.855683618270017,0.7949255343947118,0.8144938170648935,0.10890253883824455,0.0362314346797673,20.46683272239344,0.46723757741662014,3.0057473517342927,0.12217340750409765,28.80674153214891,0.23632468245721114,0.1422500304180785,0.12801543731638648
0.645,0.9387666777379485,1.2706640650244558,0.39911789268584985,0.40262895846190944,6.749853659113438,0.43849895126372207,0.9912796491601791,0.6620116310416329,15.442480011154544,0.6041046647965863,0.617196970086046,0.6363550583940825,0.7287148540801374,0.4777940379258687,10.385204742085156,0.4154850329699015,1.5251652306996761,0.8485935992910503,27.957866471897603,0.8562670491511902,0.79504765865616,0.8143905816824046,0.10967618297077876,0.036477460358639836,20.473208067518584,0.4673670581939656,3.0066836312742784,0.12266203515913746,28.83323315910919,0.23711484749314973,0.1427039078765947,0.12844270226984278
0.6475,0.9384203632868438,1.2716939508771108,0.39755188850399914,0.4010257398881322,6.750248157727913,0.4384733581354406,0.9913375850011469,0.6596911833944603,15.419982089018113,0.6025022804241636,0.6152581858943668,0.6341735320012934,0.730167190919228,0.4786318586093204,10.387687568772867,0.41560706009670145,1.5255298572074816,0.8480182444170073,27.921120834163574,0.8568364747834426,0.7951558692557874,0.8142729565398815,0.11045233052844702,0.03672428343608789,20.479517489398546,0.46749763224800234,3.0076102293641687,0.12316294110497265,28.86241592587751,0.2379048366265309,0.1431582424222443,0.12886906980938886
0.65,0.9380730755023714,1.2727192509149305,0.39599789662126694,0.3994345773203031,6.750646846478444,0.4384428598388055,0.9913961362031003,0.6573695762446787,15.397199456436397,0.6009068488708352,0.6133244543361546,0.6319940138395739,0.7315984609608108,0.47945539932050085,10.390171985378215,0.4157301643875202,1.5258947172096822,0.8474030517656123,27.88356044775936,0.8573919060417499,0.7952502327228826,0.8141410538943755,0.11123102113560704,0.036971917139947325,20.48576186842979,0.46762946709856806,3.008527275298484,0.1236333035196956,28.884255848575375,0.238694721837787,0.14361310152942883,0.12929457259302976
0.6525,0.9377248135531063,1.273739975001313,0.3944559162379125,0.39785547473440724,6.751049658240367,0.4384074563053178,0.9914552929081494,0.6550469147297511,15.374132279860627,0.5993184367466609,0.611395892841124,0.6298166634232527,0.7330086289108272,0.4802646439737509,10.39265805301629,0.41585432338671585,1.526259819681605,0.8469955842561063,27.853325277811464,0.8579333525196577,0.7953308137153965,0.8139949833957264,0.11201229560817509,0.0372203750478682,20.491942086588605,0.4677627292318763,3.0094348986037587,0.12407283412224059,28.898747791362396,0.23948457704986362,0.14406855617899111,0.12971925211573146
0.655,0.9373755765843323,1.2747561336581983,0.39292594659420016,0.3962884361186944,6.751456524524565,0.4383671490702243,0.9915150450580216,0.6527233049553901,15.35078077188338,0.5977371110372885,0.6094726205746547,0.6276416446002938,0.7343976584268128,0.4810595759738743,10.395145829184806,0.41597951408636835,1.5266251730673313,0.8469088890147449,27.834115184514886,0.8584608225559223,0.7953976750035745,0.8138348520827368,0.11279619600125956,0.0374696711053776,20.498059025903917,0.46789758389834585,3.0103332288142557,0.1244813449399803,28.90590996229423,0.24027447791084205,0.1445246807333939,0.130143159007467
0.6575,0.9370253637180046,1.2757677380787413,0.3914079869539163,0.39473346545600974,6.751867375488515,0.4383219412781645,0.9915753823956839,0.6503988540001072,15.327145192549787,0.5961629390805536,0.6075547583982452,0.6254691256152499,0.7357655120841508,0.4818401782114115,10.397635367450352,0.4161057129228878,1.5269907852336202,0.8467793109756391,27.813964184883087,0.8589743232470897,0.7954508774538316,0.8136607643819943,0.11358276564971691,0.037719819642198955,20.50411356664556,0.46803419493713994,3.0112223952059005,0.12485875483412358,28.90578507550499,0.2410645017987281,0.1449815528142679,0.13056635338419642
0.66,0.9366741740527706,1.2767748001400296,0.38990203658722133,0.3931905667054036,6.7522821399492186,0.4382718376878349,0.991636294467242,0.6480736699188713,15.30322585067575,0.5945959885417353,0.6056424288263295,0.6232992791709638,0.737112151344705,0.48260643305937856,10.400126717138262,0.41623289577484224,1.5273566634243618,0.8466072265644901,27.79288455973588,0.8594738604525106,0.7954904800129586,0.8134728221095407,0.11437204920169179,0.03797083538681592,20.51010658526166,0.4681727246242972,3.0121025264933627,0.12520509637287555,28.89844157262783,0.2418547280088163,0.14543925318912934,0.13098890524946705
0.6625,0.93632200666406,1.277777332415947,0.3884080947528622,0.3916597437830433,6.752700745398118,0.4382168446756415,0.9916977706241304,0.645747861745869,15.279023105172174,0.5930363273874836,0.6037357559793901,0.6211322824887913,0.7384375365280584,0.48335832237156534,10.402619923026904,0.41636103796213203,1.5277228142156816,0.8463930212896764,27.770888798561977,0.8599594387962463,0.7955165396927567,0.8132711244755715,0.11516409264544833,0.03822273347932217,20.51603895211214,0.4683133335405054,3.0129737504972036,0.1256027249800957,28.902890680629888,0.24264523782933212,0.1458978656736425,0.1314108949367961
0.665,0.9359688606042458,1.2787753481903406,0.38692616067976365,0.39014100054244943,6.75312311801797,0.4381569702383125,0.991759800025591,0.6434215394963859,15.254537366374308,0.5914840238584376,0.6018348655333152,0.6189683173670976,0.7397416267855513,0.48409582748247376,10.405115025047161,0.4164901142466356,1.5280892434718063,0.8461370895939269,27.747989595098545,0.8604310616590831,0.7955291115551925,0.8130557680923346,0.11595894333004234,0.03847552948265028,20.521911529058524,0.46845618045389853,3.013836193789914,0.12608209159958816,28.926007071121656,0.2434361144415403,0.1463574770551283,0.1318324135758432
0.6675,0.9356147349028794,1.279768861470739,0.3854562335480246,0.3886343407540792,6.753549182701796,0.43809222399444436,0.991822371641456,0.6410948141678037,15.22976909737517,0.5899391464405594,0.5999398846649363,0.6168075702377466,0.7410243800773147,0.48481892920897035,10.407612057987887,0.4166200988344575,1.528455956301807,0.8458398347010857,27.724199842778766,0.860888731162099,0.795528248698154,0.8128268469853857,0.1167566499806084,0.038729239392320154,20.527725166981078,0.46860142221274104,3.0146899813312826,0.12653517597807834,28.9429096438835,0.24422744279914968,0.14681817704211317,0.13225356355942375
0.67,0.9352596285670083,1.2807578870029244,0.38399831246934374,0.387139768084287,6.753978863073888,0.4380226171849565,0.9918854742552323,0.6387677977397279,15.204718815361963,0.5884017638351794,0.5980509419937062,0.6146502322202789,0.7422857531524809,0.48552760785371835,10.410111051208204,0.4167509653799049,1.5288229570173477,0.8455016684579962,27.699532630049294,0.861332448154324,0.7955140022418768,0.8125844526083217,0.11755726270923436,0.038983879644888614,20.5334807033037,0.4687492136425418,3.0155352361049044,0.1269622129357933,28.95370224729607,0.24501930965461285,0.14728005824360818,0.13267445898438912
0.6725,0.9349035405815714,1.2817424402867326,0.3825523964669031,0.385657286073689,6.754412081512927,0.4379481626724305,0.9919490964674978,0.6364406031732515,15.17938709295428,0.5868719449277471,0.5961681675194691,0.6124964991734374,0.7435257015327337,0.486221843210444,10.412612028357438,0.4168826869913201,1.5291902490915548,0.8451696835143163,27.675529546177838,0.8617622122101866,0.7954864213161107,0.812328673861102,0.11836083302256192,0.039239467125315224,20.53917895961401,0.46889970744202397,3.0163720787686685,0.12736354572702072,28.958512129084237,0.24581180366503233,0.14774321618055203,0.13309522603788193
0.675,0.9345464699098813,1.2827225375935178,0.381118484454739,0.3841868981149632,6.754848759177247,0.43786887493931237,0.9920132266996101,0.6341133444093631,15.153774559542821,0.5853497587553238,0.5942916925562882,0.6103465717436709,0.7447441794993606,0.4869016145710871,10.41511500710351,0.41701523623888787,1.5295578351191292,0.8449017431339166,27.654081821782167,0.86217802163668,0.7954455530480794,0.8120595971120306,0.11916741382737367,0.03949601917348338,20.544820739469582,0.46905305407246256,3.01720062733258,0.12773963392906593,28.95749138036593,0.24660501541302546,0.14820774933049177,0.133516003301801
0.6775,0.9341884154941877,1.283698195985753,0.3796965752166332,0.38272860743012244,6.755288816032232,0.4377847700849569,0.9920778531977315,0.6317861363665128,15.127881902627326,0.5838352744728793,0.592421649662299,0.6082006554102073,0.7459411400839537,0.4875669007348765,10.417619998870713,0.4171485851645353,1.5299257167778357,0.8445902155802197,27.63166308146738,0.8625798734803253,0.7953914425512834,0.8117773062234463,0.11997705943550147,0.03975355359012802,20.550406826482796,0.46920940163520214,3.018020996877505,0.12809106161347408,28.950818417207255,0.24739903730136298,0.14867375920516274,0.133936941952489
0.68,0.9338293762563239,1.2846694333392996,0.378286667384559,0.3812824170472945,6.755732170879881,0.4376958658214965,0.9921429640371698,0.6294590949373458,15.101709869152156,0.5823285613184214,0.5905581725655725,0.6060589605262557,0.7471165350629078,0.4882176800193672,10.420127008587741,0.41728270529402905,1.5302938947915001,0.8442355285248098,27.6082869928469,0.862967763529491,0.7953241329151809,0.8114818825811341,0.12078982556940872,0.04001208864242215,20.555937982774168,0.469368895732658,3.0188332993280267,0.1284185457118476,28.938699478935657,0.24819396351799355,0.1491413504592308,0.13435820583939567
0.6825,0.9334693510984291,1.2856362683688891,0.3768887594167225,0.3798483297770535,6.756178741390536,0.43760218146851576,0.9922085471270387,0.6271323369846098,15.075259266837929,0.5808296885769964,0.5887013960859735,0.6039217023558542,0.748270314955852,0.488853930273469,10.422636034446988,0.41741756765136845,1.530662368894658,0.8438381201402575,27.583967470100898,0.8633416863202685,0.7952436651957859,0.8111734051274311,0.12160576936976034,0.04027164306946277,20.561414947878347,0.4695316793087744,3.019637643291781,0.12872294446758076,28.92137011820667,0.24898989007930974,0.14961063102712682,0.13477997143514409
0.685,0.9331083389037419,1.2865987206573866,0.37550284957524,0.37842634818834736,6.7566284441367745,0.4375037379465197,0.9922745902152345,0.624805980336257,15.048530965507588,0.579338725543617,0.5868514560530129,0.6017891011058402,0.7494024290281549,0.48947562889249807,10.425147067675953,0.4175531427755596,1.5310311377989847,0.8433984389340928,27.558718669101513,0.8637016351454468,0.7951500784072038,0.8108519503979777,0.12242494940619347,0.040532236087870877,20.566838438178266,0.4696978924657361,3.020434133976356,0.1290052658420187,28.899096653273222,0.24978691483904236,0.1500817122836908,0.13520242765915824
0.6875,0.9327463385374554,1.2875568106894073,0.374128935903497,0.3770164745840697,6.757081194629413,0.43740055776917797,0.9923410808937241,0.6224801437797466,15.02152589840491,0.5778557414851755,0.5850084892197119,0.5996613819523853,0.7505128252976417,0.49008275283527214,10.427660092321984,0.41768940073984345,1.5314001991616832,0.8429169435756626,27.53255498236045,0.8640476020665164,0.7950434095141202,0.8105175925619996,0.12324742569234225,0.04079388739768345,20.572209146930618,0.4698676722546712,3.021222873193033,0.1292666757190526,28.87217754810589,0.25058513754077644,0.15055470922331018,0.13562577558676123
0.6900000000000001,0.9323833488476188,1.2885105598898339,0.37276701620324,0.37561871097633054,6.757536907355665,0.4372926650343385,0.9924080066041485,0.6201549470555636,14.994245063503604,0.5763808056013695,0.5831726331724958,0.5975387750614854,0.7516014505456545,0.49067527864327587,10.430175085051228,0.41782631117343566,1.5317695495559573,0.8423941027157604,27.505491033797142,0.8643795779282762,0.7949236934252617,0.8101704034659819,0.12407325970595302,0.04105661718866559,20.577527744930865,0.4700411524391028,3.02200395945445,0.12950850572616796,28.840944681008978,0.2513846599889276,0.15102974065141805,0.1360502280643195
0.6925,0.9320193686660699,1.2894599906677466,0.37141708801145434,0.37423305906148246,6.757995495819393,0.4371800854137982,0.9924753546437344,0.6178305108499638,14.966689524804774,0.5749139869846698,0.5813440262371578,0.5954215156027556,0.7526682503325935,0.49125318246191496,10.43269201496298,0.41796384328581976,1.5321391844437469,0.8418303947988571,27.477541673324563,0.864697552376487,0.79479096298782,0.8098104526805368,0.12490251441465643,0.0413204461471106,20.582794881848645,0.4702184632309801,3.0227774881707186,0.12973226046279923,28.80576445725095,0.25218558608924635,0.15150692938165192,0.13647600925759085
0.6950000000000001,0.9316543968093791,1.2904051264662155,0.37007914857708457,0.3728595201949652,6.758456872583394,0.43706284614182517,0.9925431121715041,0.6155069567869637,14.938860413620597,0.5734553545794553,0.5795228073809502,0.5933098437558417,0.7537131690180727,0.4918164400638777,10.435210843420528,0.41810196589361837,1.5325090981508864,0.8412263078677529,27.448721971249014,0.8650015138800451,0.7946452489828398,0.8094378075502132,0.12573525430764904,0.041585395463127596,20.588011188244796,0.4703997310001793,3.023543551945643,0.12993962389896319,28.767038716084013,0.25298802172735224,0.15198640243168354,0.13690335416414212
0.6975,0.9312884320797784,1.291345991818309,0.36875319483766017,0.37149809536603245,6.758920949313754,0.4369409760024272,0.9926112662147898,0.6131844074195812,14.910758929841757,0.5720049771404099,0.5777091161108626,0.5912040047087012,0.7547361497858106,0.49236502687461714,10.437731523899574,0.4182406474500471,1.5328792838448444,0.840582339360437,27.41904721247922,0.8652914497591921,0.7944865801215457,0.8090525332459425,0.12657154543318577,0.04185148683833977,20.593177278260413,0.47058507795939986,3.0243022409716334,0.13013246467918116,28.72520537751047,0.2537920746621679,0.15246829121072494,0.13733250812109435
0.7000000000000001,0.9309214732660471,1.2922826124095672,0.3674392233958902,0.37014878517243005,6.759387636826158,0.4368145053153654,0.9926798036760337,0.6108629862203373,14.882386343185976,0.5705629231902432,0.5759030923681797,0.5891042486469701,0.7557371346733862,0.49289891799996544,10.440254001855422,0.4183798560769379,1.533249733515218,0.8398989958989149,27.38853289053919,0.8655673462206145,0.7943149830425816,0.8086546928197496,0.12741145544140867,0.04211874249383674,20.598293752946834,0.47077462182732943,3.0250536435187456,0.13031284003949264,28.680738769445366,0.2545978543626345,0.15295273169198745,0.13776372633649836
0.7025,0.9305535191443222,1.2932150151470394,0.3661372304962933,0.3688115897950964,6.759856845134156,0.4366834659209113,0.9927487113398772,0.6085428175710258,14.853743994425038,0.5691292609768172,0.5741048764194074,0.5870108307335766,0.7567160646069654,0.49341808825588557,10.442778214609985,0.41851955959929854,1.5336204379571388,0.8391767930697326,27.357194701378194,0.8658291883994258,0.7941304823101197,0.8082443472613112,0.12825505363164721,0.04238718517814267,20.60336120418353,0.4709684754737867,3.02579784651006,0.13057842061356872,28.65508980809738,0.25540547191934587,0.1534398645639058,0.13819727346678806
0.705,0.9301845684787975,1.2941432282348309,0.36484721200193226,0.3674865089729577,6.7603284834993085,0.43654789116335113,0.9928179758805251,0.6062240267517466,14.824833296587077,0.5677040584297708,0.5723146087436859,0.5849240110777174,0.7576728794411013,0.49392251220035815,10.445304091259729,0.41865972558235554,1.5339913867577544,0.8384162551959224,27.325048536971035,0.8660769604068255,0.7939331004127849,0.8078215555558719,0.12910241100293665,0.04265683817488049,20.60838021911032,0.47116674655124335,3.0265349361725957,0.13097270740607378,28.65760600810146,0.2562150401404144,0.15392983535469962,0.13863342325486191
0.7075,0.9298146200222749,1.295067281255929,0.3635691633713214,0.36617354197789126,6.760802460483173,0.4364078158732406,0.9928875838693799,0.6039067399291961,14.795655736131026,0.5662873831167475,0.5705324299168115,0.5828440546922591,0.7586075180036961,0.4944121641673974,10.447831552605594,0.4188003213710144,1.5343625682859365,0.8376179151000894,27.29211047870146,0.8663106453803144,0.793722857763337,0.8073863747429909,0.12995360030612232,0.042927725309736244,20.613351384980785,0.47136953711764484,3.0272649987500766,0.13135030129216752,28.656313283703234,0.25702667358392434,0.154422794525786,0.13907245823464415
0.71,0.9294436725165216,1.2959872052599,0.36230307963557495,0.3648726875899284,6.761278684001059,0.43626327634841733,0.9929575217829367,0.6015910841441896,14.766212874089549,0.564879302199307,0.5687584804920034,0.5807712314385767,0.7595199181461906,0.4948870183031801,10.450360511105869,0.4189413141316547,1.5347339696853592,0.8371984227639894,27.27195164399997,0.8665302255319424,0.7934997726990481,0.806938859975557,0.13080869609556878,0.043199870956256665,20.618275294326555,0.4715769432557742,3.0279881212613597,0.13171292975287727,28.651614162984465,0.2578404884628934,0.1549188975306273,0.13951466949991448
0.7125,0.9290717246923983,1.296903032855862,0.36104895537586496,0.36358394407277,6.7617570613775015,0.4361143103337775,0.9930277760109296,0.599277187298383,14.736506347176459,0.5634798823885946,0.5669929008775646,0.5787058159577959,0.7604100167990374,0.4953470486042652,10.452890870852904,0.4190826708961709,1.53510557687108,0.8368815151254866,27.2555642068914,0.8667356821905586,0.793263861482714,0.8064790645784777,0.13166777477818248,0.043473300039952555,20.623152550308152,0.47178905469453003,3.0287043922862544,0.13206252816079112,28.64395163695057,0.25865660236766663,0.15541830483672514,0.13996035652925473
0.715,0.9286987752697117,1.297814798309977,0.35980678470124805,0.3623073091496808,6.762237499403327,0.4359609569998269,0.9930983328647127,0.5969651781401444,14.706537868854424,0.5620891899009208,0.5652358312115928,0.5766480875873492,0.7612777500324882,0.4957922289578757,10.455422527574498,0.41922435860816687,1.535477374529743,0.8365251897639155,27.238320679891736,0.8669269958375728,0.7930151383042545,0.8060070401064601,0.13253091465719877,0.043748038040131415,20.627983772117194,0.47200595443739607,3.0294139027588876,0.13240124673521567,28.633810068345724,0.2594751340199473,0.15592118190959678,0.1404098270564677
0.7175,0.9283248229567521,1.298722537646549,0.35857656122692494,0.36104277997982687,6.762719904394307,0.4358032569200158,0.9931691785858737,0.5946551862494959,14.676309230357916,0.5607072904133417,0.5634874112339026,0.5745983302617144,0.762123053122711,0.4962225331842061,10.457955368660617,0.41936634417121493,1.5358493461235028,0.8361298876418986,27.220234717929795,0.8671041461398089,0.7927536152828805,0.8055228364003141,0.1333981959679925,0.04402411098884803,20.632769600288288,0.4722277184030918,3.0301167467478054,0.1327314556847428,28.621715689162347,0.26029620318398494,0.1564276991586152,0.14086339697772995
0.72,0.927949866449477,1.299626288751677,0.3573582780529842,0.3597903531351162,6.763204182251228,0.43564125204686865,0.9932402993550562,0.5923473420220441,14.645822301666325,0.5593342490192549,0.5617477801553308,0.5725568323961607,0.7629458606232343,0.49663793508071535,10.460489273216032,0.41950859449910194,1.5362214738977555,0.835696059083506,27.201320190552327,0.8672671119799987,0.7924793024698379,0.8050265016412504,0.13426970090305118,0.044301545466343135,20.63751070177651,0.4724544150829008,3.0308130222016487,0.13305574812106696,28.608236605219783,0.26111993066921135,0.15693803184550192,0.14132139029347363
0.7225,0.9275739044303012,1.3005260914783177,0.35615192774367804,0.3585500245775945,6.76369023852132,0.43547498568691884,0.99331168130098,0.5900417766517775,14.61507903242133,0.5579701301841432,0.5600170765246008,0.5705238867522909,0.7637461064416937,0.4970384084683631,10.46302411213925,0.41965107656800005,1.5365937388927295,0.8352241635100485,27.18159117435505,0.867415871477521,0.7921922078517795,0.8045180824027252,0.13514551362321645,0.04458036859234025,20.642207774658797,0.4726861052185121,3.031502831639598,0.13337694030189154,28.593982222571654,0.261946438235273,0.1574523599569663,0.14178413909430598
0.725,0.9271969355664662,1.301421987751508,0.3549575023072749,0.3573217896374454,6.764177978460889,0.4353045024744612,0.9933833105096407,0.587738622112595,14.584081452782247,0.5566149977015996,0.5582954380929255,0.5684997902841351,0.7645237239218498,0.49742392723974005,10.46555974822808,0.41979375747052317,1.5369661209589893,0.8347146691623469,27.161061945062418,0.8675504020008833,0.7918923373548784,0.8039976236994436,0.1360257202523503,0.044860608012589315,20.646861552324324,0.4729228415033955,3.032186282766768,0.13369806874228823,28.579602008620633,0.26277584834084106,0.1579708680434465,0.1422519836152304
0.7275,0.9268189585079558,1.3023140216724463,0.35377499317652145,0.35610564299163583,6.764667307099054,0.4351298483441328,0.9934551730336688,0.5854380111384139,14.552831674212662,0.5552689146496934,0.5565830016765366,0.5664848439635373,0.7652786459308242,0.49779446540905126,10.468096036311856,0.4199366044716549,1.5373385987768544,0.8341680528097379,27.13974696926358,0.8676706801825733,0.7915796948498444,0.8034651690332636,0.13691040885273106,0.045142291880085554,20.65147280703037,0.4731646683098058,3.032863488996421,0.1340223837255623,28.56578350118922,0.26360828390218083,0.15849374502607957,0.1427252723993943
0.73,0.9264399718849361,1.303202239620064,0.35260439118974757,0.3549015786432441,6.765158129302419,0.4349510705023363,0.9935272549018282,0.5831400772016753,14.521331890191156,0.5539319433477128,0.5548799030173368,0.5644793525835679,0.7660108049514941,0.49814999716390257,10.470632823410384,0.42007958506655696,1.5377111498797407,0.8335847994463326,27.117660895820407,0.8677766819396827,0.7912542821580802,0.8029207604358136,0.13779966937872257,0.04542544883045172,20.65604235271543,0.47341162144250165,3.0335345698630993,0.13435333874941396,28.553249481966034,0.26444386795020275,0.15902118397390821,0.14320436262939054
0.7325,0.9260599743047055,1.3040866903486745,0.3514456865726391,0.3537095899015033,6.765650349840536,0.4347682173975186,0.9935995421286299,0.5808449544900679,14.489584376838707,0.5526041453133465,0.5531862766418787,0.5624836245387017,0.7667201331799752,0.4984904969188507,10.473169948919342,0.42022266704029376,1.538083750681389,0.8330001705304614,27.095949503539515,0.867868382500908,0.7909160990592703,0.8023644385077712,0.13869359360659148,0.04571010795105259,20.660571046980643,0.47366372791921696,3.034199651313615,0.1346945754639661,28.542754237274615,0.26528272326377805,0.15955338185289347,0.14368962069822228
0.735,0.925678964348139,1.3049674250802314,0.35029886892070256,0.35252966936259134,6.7661438734519885,0.4345813386893258,0.9936720207240365,0.5785527778812717,14.457591493455148,0.5512855812203833,0.5515022557188904,0.5604979715805324,0.767406562628113,0.4988159393706735,10.475707244821889,0.42036581852951926,1.5384563765069426,0.8324999624319414,27.07740177710904,0.867945756453018,0.7905651433007559,0.8017962424548207,0.13959227503876592,0.04599629874351028,20.665059792172485,0.4739210057768782,3.034858865866057,0.13504990369799563,28.53507883952091,0.26612497213555586,0.16009053924757952,0.14418142310077947
0.7375,0.9252969405656246,1.3058444975896626,0.34916392718244615,0.3513618088911976,6.7666386049109155,0.4343904852166535,0.9937446767032326,0.5762636829155382,14.425355682957202,0.5499763108569893,0.5498279719155869,0.5585227085478376,0.7680700252308914,0.4991262995553176,10.478244535926049,0.4205090080861815,1.5388290016278077,0.8319608042396303,27.058003177076742,0.8680087778205641,0.7902014106091014,0.801216210120406,0.14049580878132148,0.04628405107940669,20.66950953552403,0.4741834639015457,3.035512352630531,0.135423276231118,28.53102539741422,0.2669707361982847,0.1606328600552559,0.14468015772758416
0.74,0.924913901472493,1.3067179642816893,0.3480408496433027,0.3502059996028995,6.767134449093814,0.4341957089646262,0.9938174960964351,0.5739778057659215,14.392879472210526,0.5486763930846401,0.5481635552530231,0.5565581530698833,0.7687104529586584,0.4994215529064849,10.480781640127276,0.4206522047432884,1.5392015993002148,0.8313832142370341,27.03776935880956,0.8680574200684317,0.7898248947042948,0.8006243780154472,0.14140429139403873,0.04657339514909159,20.673921268337857,0.4744511018791214,3.0361602571891697,0.13581875805482874,28.531410242435918,0.267820136260801,0.16118055115123137,0.14518622563363434
0.7425,0.9245298455439473,1.307587884257466,0.34692962391032534,0.3490622318473861,6.767631311046421,0.43399706303054064,0.993890464958715,0.5716952832060112,14.36016547224906,0.5473858857978211,0.5465091339607815,0.5546046252419483,0.7693277779340542,0.4997016753158077,10.48331836869567,0.42079537808275613,1.5395741418073992,0.8307677197103781,27.016716181064254,0.8680916561208142,0.789435587317047,0.8000207813452236,0.14231782071298096,0.04686436140365776,20.678296024219996,0.474723909863021,3.036802731336761,0.13624048997542645,28.53705604316866,0.2686732921414722,0.16173382202241607,0.14570004333510272
0.745,0.9241447712095091,1.3084543193693134,0.345830236897696,0.34793049519257485,6.768129096050515,0.4337946015888264,0.9939635693798085,0.5694162525750368,14.327216378375162,0.5461048458844768,0.54486483433131,0.5526624472721737,0.7699219325535057,0.4999666431945615,10.48585452658709,0.4209384983053161,1.539946600505289,0.8301148565145744,26.994859693677164,0.8681114584042142,0.7890334782096622,0.799405454033647,0.14323649564616897,0.04715698049029458,20.682634876399668,0.47500186845429715,3.037439932687137,0.1366926465469375,28.548782867852236,0.26953032248300024,0.16229288436485637,0.1462220456549716
0.7475,0.9237586768469984,1.309317334261788,0.3447426748130945,0.3468107784096753,6.768627709690452,0.4335883798550863,0.9940367954938881,0.5671408517402607,14.294034970135161,0.5448333291873635,0.543230780574273,0.5507319430989862,0.7704928496131251,0.5002164335368473,10.488389912777397,0.4210815363023987,1.5403189458715947,0.8294251686305609,26.972216125051467,0.8681167989086286,0.7886185552009443,0.7987784287451352,0.14416041594356552,0.04745128318138099,20.686938934194565,0.475284948589122,3.0380720241540575,0.1371793884807092,28.567398248439602,0.27039134453634517,0.16285795163924707,0.14675268909592606
0.75,0.923371560776077,1.310176996397326,0.3436669231449902,0.34570306945926654,6.7691270579192775,0.4333784540492955,0.9941101294892719,0.5648692190566239,14.260624111165866,0.5435713904664916,0.5416070946713086,0.5488134379785241,0.7710404624388221,0.5004510239841656,10.490924320618959,0.42122446372983513,1.5406911475581633,0.8286992077163379,26.948801869512916,0.868107649239986,0.7881908041955752,0.7981397369042842,0.14508968194319052,0.047747300297824216,20.691209338702798,0.475573111428125,3.0386991733185402,0.13770480985702746,28.593686335667662,0.27125647397370156,0.1634292385768099,0.14729245566644747
0.7525000000000001,0.9229834212513851,1.3110333760647628,0.34260296665093115,0.34460735547846605,6.7696270471243105,0.433164881358254,0.9941835576180551,0.5626014933236516,14.226986748908597,0.5423190833627654,0.5399938962316354,0.5469072580416839,0.7715647050203917,0.5006703928912741,10.493457538218554,0.4213672530831275,1.541063174446477,0.8279375326541563,26.924633474609298,0.868083980662998,0.7877502092183613,0.797489408713487,0.14602439429575373,0.048045062627282815,20.695447257822497,0.4758663082418324,3.0393215516974363,0.1382728806576651,28.628396273026848,0.27212582472717645,0.16400696062635345,0.14784185702636973
0.755,0.9225942564553096,1.311886546369154,0.34155078934691624,0.34352362276928117,6.77012758419199,0.4329477198974057,0.9942570662056334,0.5603378137396948,14.19312591418877,0.5410764603629012,0.5383913023489914,0.5450137298206383,0.7720655121492964,0.5008745193932046,10.495989348835502,0.42150987777394255,1.5414349947061237,0.8271407090964392,26.89972762843312,0.8680457641670741,0.7872967524536958,0.796827473168634,0.14696465367068384,0.04834460083802928,20.699653880714845,0.4761644802863845,3.039939333930277,0.13888738533946882,28.672229956440955,0.2729995084990524,0.1645913333318788,0.1484014387542488
0.7575000000000001,0.9222040644904262,1.3127365832015268,0.340510374497952,0.3424518567882434,6.770628576571968,0.4327270286721477,0.9943306416601154,0.5580783198536136,14.15904472065979,0.5398435727657819,0.5367994274604219,0.5431331797449089,0.7725428195598013,0.5010633834732792,10.498519531299001,0.42165231220737953,1.5418065758560857,0.8263093090130845,26.87410114704994,0.8679929705417353,0.7868304142905183,0.7961539580729858,0.14791056044683373,0.048645945389298624,20.70383041183813,0.47646755866382096,3.0405526969031182,0.1395518583689215,28.725829384062905,0.27387763416392147,0.16518257162884237,0.1489717844743506
0.76,0.9218128433716603,1.3135835651874714,0.3394817046098997,0.34139204213743385,6.771129932340299,0.4325028675387709,0.9944042704816032,0.5558231515140627,14.1247463641115,0.5386204706504598,0.5352183832074736,0.5412659336073374,0.7729965640730592,0.5012369660319401,10.501047860443192,0.42179453185946497,1.5421778848286336,0.8254439102429036,26.847770962118318,0.8679255704568408,0.7863511733729928,0.7954688900492961,0.1488622143914344,0.048949126439035845,20.70797806468715,0.4767754641615391,3.041161818829112,0.1402695178257317,28.78976383474409,0.2747603072833121,0.16578088904620653,0.14955351951991383
0.7625000000000001,0.921420591018218,1.314427573613822,0.33846476142272647,0.3403441625570134,6.77163156026169,0.4322752971651792,0.9944779392713337,0.5535724488165631,14.090234121643885,0.5374072028460012,0.5336482783003719,0.5394123160005764,0.7734266837436834,0.5013952489561695,10.503574107558583,0.42193651335423293,1.5425488880356226,0.8245450960520214,26.820754108790275,0.8678435345417782,0.7858590066570564,0.7947722945502652,0.1498197143310453,0.04925417374998999,20.712098055375034,0.4770881070660374,3.041766878305937,0.1410431983487921,28.86451714225128,0.27564762978467794,0.16638649680078818,0.15014731375586485
0.765,0.9210273052453423,1.3152686923330585,0.33745952590527456,0.3393082009193685,6.7721333698507395,0.43204437899154113,0.9945516347406728,0.5513263520485572,14.055511350707464,0.5362038169033295,0.532089218385774,0.5375726497249955,0.7738331180082756,0.5015382151892516,10.506098040858026,0.42207823453967447,1.5429195514369243,0.8236134547021655,26.793067713984684,0.8677468334572163,0.7853538894729233,0.7940641958674239,0.15078315781830104,0.049561116595108375,20.716191596192743,0.47740538694678475,3.042368053369951,0.1418752848293256,28.95047535308301,0.2765396997748735,0.16699960277023113,0.15075388314283636
0.7675000000000001,0.9206329837559467,1.3161070076454595,0.3364659782516517,0.3382841392249766,6.77263527143214,0.4318101751910245,0.9946253437199559,0.5490850016326339,14.020581488011818,0.5350103590692539,0.5305413059186961,0.5357472551691903,0.774215807835327,0.5016658488006027,10.508619425955395,0.42221967456177556,1.5432898406107263,0.822649579031875,26.76472898512985,0.8676354379572249,0.7848357955935779,0.793344617138593,0.15175264079819256,0.04986998366316044,20.720259889275965,0.4777271924069964,3.0429655205661135,0.14282631779154253,29.059852121021144,0.2774366112636503,0.1676204103312874,0.15137398959973158
0.77,0.9202376241321939,1.3169426081594164,0.3354840978793392,0.33727195860008174,6.7731371761998105,0.4315727486307604,0.9946990531671728,0.546848538068093,13.985448048303565,0.5338268742628188,0.5290046400391937,0.5339364496645747,0.7745746958758506,0.5017781350553727,10.511138026354738,0.42236081393582575,1.5436597208253684,0.8216540660537947,26.735755199475722,0.8675093189430387,0.7843046973092429,0.7926135803541473,0.15272825727744746,0.050180802965470964,20.72430412049975,0.47805340079925585,3.0435594540513558,0.1438937112919234,29.191912079910423,0.27833845377395683,0.16824911705107798,0.15200843871878936
0.7725,0.919841223827074,1.3177755846306285,0.3345138634290881,0.3362716392962513,6.773638996274921,0.431332162833169,0.9947727501764888,0.5446171018709514,13.950114623014223,0.5326534060541425,0.5274793164543587,0.5321405468158322,0.7749097266140829,0.5018750604835139,10.513653603947583,0.4225016346141643,1.5440291571123765,0.8206275165713594,26.70616369408092,0.8673684475128564,0.7837605655077774,0.7918711063624051,0.1537100990003152,0.050493601744570626,20.728325453709193,0.47838387790530235,3.0441500247473043,0.14500067822710977,29.330917751110047,0.2792453118093965,0.16888591322071778,0.15265807490959207
0.775,0.9194437801560579,1.318606029781132,0.33355525276665354,0.3352831606918587,6.774140644762779,0.43108848193775945,0.9948464219865989,0.5423908335124441,13.914584878777433,0.5314899966457988,0.5259654273261564,0.5303598558093011,0.7752208465175573,0.5019566129480122,10.51616591951576,0.4226421200495364,1.544398114340307,0.8199260515524248,26.68754347121734,0.8672127950122523,0.7832033697609433,0.7911172148745916,0.1546982551337289,0.05080840638548501,20.73232502537948,0.4787184775808826,3.044737399556055,0.14614680104104563,29.47671690602496,0.28015726429368193,0.16953098022321444,0.15332377360075528
0.7775,0.9190452902888887,1.3194340380992176,0.33260824298638175,0.3343065012955068,6.77464203580853,0.4308417706634968,0.9949200559889085,0.540169873355975,13.878862555813596,0.5303366868568016,0.5244630611655725,0.5285946807016619,0.7755080041858666,0.5020227817119863,10.518674733236937,0.4227822552532632,1.5447665572889888,0.8193148960563925,26.672255239859993,0.8670423330866244,0.7826330784164933,0.7903519244699813,0.15569281196443177,0.05112524233028567,20.736303939781905,0.47905704136833666,3.0453217406502575,0.14733108587990085,29.629043024176728,0.28107438434857207,0.1701844887309521,0.15400643021329644
0.78,0.9186457512415915,1.3202597056212455,0.33167281041663493,0.3333416387513736,6.775143084651604,0.43059209427180095,0.9949936397355285,0.5379543615923827,13.842951466178123,0.5291935161093827,0.5229723027335027,0.5268453196916121,0.7757711504974352,0.5020735575043771,10.521179805189902,0.42292202684747743,1.5451344507237308,0.8186673539387307,26.65617403613533,0.8668570337350566,0.782049658696051,0.7895752526019705,0.15669385261024482,0.051444133996426056,20.74026326471416,0.47939939808151383,3.045903204846071,0.14855193072256798,29.787510595857214,0.28199673920218393,0.17084659673239386,0.1547069457395544
0.7825,0.9182451598687741,1.321083129696201,0.3307489306269985,0.3323885498464263,6.775643707678815,0.43033951853021446,0.9950671609470743,0.5357444381732961,13.80685549186801,0.5280605224184961,0.5214932329487406,0.525112064377505,0.7760102387536645,0.5021089325839859,10.52368089585645,0.4230614231107371,1.5455017594690257,0.8179839809931873,26.63931605450496,0.866656869364884,0.7814530767987946,0.7887872156060244,0.15770145674722688,0.05176510469928537,20.744204027833867,0.4797453633696607,3.0464819430647068,0.14980710096887365,29.951612016542562,0.28292438986599844,0.17151744739287283,0.15542620891538378
0.785,0.9178435128563065,1.3219044087335112,0.32983657843718683,0.33144721051941844,6.776143822476017,0.43008410967675625,0.9951406075202517,0.5335402427422523,13.77057858277965,0.5269377423839087,0.5200259288033837,0.5233951990042575,0.7762252248198606,0.5021289008016508,10.52617776661663,0.4232004340164013,1.5458684484812841,0.817265338913609,26.621697607676573,0.8664418128499322,0.7808432980110166,0.7879878287105936,0.15871570035406152,0.05208817657925012,20.748127213614204,0.48009473926904855,3.0470580998853323,0.15109371329565977,30.120716203302162,0.28385739086272666,0.17219716676044766,0.15616507515743977
0.7875,0.9174408067144657,1.322723641934252,0.32893572792752657,0.33051759587155305,6.776643347878158,0.42982593438494865,0.9952139675352073,0.5313758061025354,13.735000782951404,0.5258252111847822,0.5185704632859135,0.5216949997031414,0.7764160672623989,0.5021334576603917,10.528670180234029,0.42333905126322013,1.5462344829201022,0.8165119949214731,26.603335117054826,0.8662118375949572,0.780220286821694,0.7871771060522863,0.1597366554746025,0.05241337053357766,20.752033760920398,0.48044731375324834,3.047631813189158,0.15240822842156093,30.29406902618538,0.2847957901226477,0.17288586133465564,0.15692434264415392
0.79,0.9170370377716377,1.3235409290054299,0.32804635245087393,0.32959968017866875,6.777142204017584,0.42956505972949566,0.9952872292626231,0.5292245261486791,13.699437810152933,0.5247229625767275,0.5171269053121729,0.5200117337284008,0.7765827274816536,0.5021226003733986,10.531157901327653,0.42347726829765675,1.5465998282175615,0.8157245214337959,26.58424510453553,0.8659669176037977,0.7795840070442787,0.7863550606967377,0.1607643899991362,0.05274070615321275,20.755924561186035,0.480802860295071,3.048203213891611,0.15374645323482014,30.47079560782608,0.285739628858132,0.17358361552344495,0.15770472613672795
0.7925,0.9166322021686727,1.3243563698566228,0.3271684246458004,0.3286934369047881,6.777640312370412,0.429301553152576,0.9953603811705269,0.5270794939530273,13.663711890945207,0.5236310288912386,0.5156953196644299,0.5183456586949589,0.7767251698402637,0.5020963279197702,10.533640696827025,0.4236150803275125,1.5469644501450652,0.8149034957760507,26.56444418578589,0.8657070275466077,0.7789344219449845,0.7855217046667771,0.1617989674645811,0.05307020166466527,20.759800457149325,0.48116113745519334,3.0487724257567432,0.15510355254241023,30.6499045038614,0.2866889412563207,0.17429048902135058,0.15850682934936658
0.795,0.9162262958539998,1.3251700642779671,0.326301916450869,0.32779883871685356,6.7781375958007954,0.4290354824307138,0.9954334119307922,0.5249408344762886,13.627826866460099,0.5225494410373649,0.5142757669386961,0.5166970218217927,0.7768433617863612,0.5020546410979471,10.536118336407002,0.4237524843264623,1.5473283148771946,0.8140494999444774,26.543949065145807,0.8654321428245083,0.7782714943779369,0.7846770489796601,0.16284044687354435,0.05340187387700724,20.763662242092302,0.4815218885143212,3.0493395652855,0.1564740705004578,30.830293736725675,0.2876437542182643,0.17500651414982182,0.15933111686710766
0.7975,0.9158193145796,1.3259821115983772,0.32544679911981494,0.32691585750046903,6.778633978602875,0.42876691564219516,0.9955063104252996,0.5228086721034874,13.591786633523173,0.5214782285053899,0.5128683035004598,0.5150660591858603,0.7769372739714205,0.5019975425768013,10.538590592898862,0.42388947902913,1.5476913890520807,0.8131631204218309,26.522776532274346,0.8651422396340263,0.7775951869276132,0.7838211036952845,0.16388888253190495,0.05373573813400826,20.767510659511213,0.4818848411673249,3.0499047416673153,0.1579503177909444,31.030081154080865,0.28860408703042406,0.17573169320814672,0.16017788675464484
0.8,0.91541125389794,1.3267926103230214,0.32460304323744754,0.3260444643764661,6.779129386540271,0.4284959211350093,0.9955790657517368,0.5206831305577554,13.555595141741678,0.5204174193723146,0.5114729814489902,0.5134529949917296,0.7770068803624147,0.5019250369443635,10.54105724267417,0.42402606491633554,1.5480536398277798,0.8122874225800891,26.502329268121276,0.8648372950346281,0.7769054620590837,0.7829538779774939,0.16494432390439134,0.054071808271400575,20.77134640313482,0.48224970729903005,3.0504680567827984,0.15948544503246767,31.23991410681596,0.28956995099838784,0.1764659958902887,0.1610472450811553
0.8025,0.9150021091599767,1.327601657749525,0.32377061873608737,0.32518462971811224,6.779623746882943,0.4282225674953086,0.995651667229012,0.5185643328085062,13.519256390377413,0.5193670403090135,0.5100898485903695,0.5118580408623005,0.7770521583479528,0.5018371307541619,10.543518065997942,0.4241622441901429,1.5484150349341372,0.8114681920970955,26.48410046082774,0.8645172870215093,0.776202282276629,0.7820753801707531,0.1660068154874732,0.054410096579246704,20.775170117199355,0.4826161828621912,3.051029605244114,0.16103366055017188,31.450755349272054,0.29054134935199405,0.17720935682875097,0.16193908358893194
0.805,0.9145918755143184,1.3284093495630964,0.3229494949123627,0.3243363231687848,6.780116988441337,0.4279469235164032,0.9957241044022678,0.5164524009737466,13.482774425000988,0.5183271165888951,0.5087189484194042,0.5102813951561892,0.777073088838066,0.5017338325691412,10.545972847347517,0.4242980207383238,1.548775542719619,0.8106143947990586,26.465118424829527,0.8641821946049619,0.7754856102913709,0.7811856178946732,0.1670763966988001,0.054750613769373825,20.778982396885546,0.48298394787851334,3.0515894744591634,0.16258658723546876,31.660959265822118,0.29151827760358995,0.17796167333093801,0.162853061648937
0.8075,0.9141805479076335,1.3292157794117712,0.3221396404441901,0.32349951365993423,6.780609041597716,0.4276690581683212,0.995796367047483,0.5143474562163929,13.446153333927336,0.5172976720979346,0.5073603201105639,0.5087232423174552,0.7770696563572546,0.5016151530030982,10.548421375693565,0.4244334000878475,1.5491351321925775,0.8097266326931283,26.445400291092803,0.863831997897197,0.7747554091985972,0.7802845981590455,0.1681531017823804,0.055093368947836924,20.782783788823394,0.4833526665833658,3.052147744705717,0.1641354301899797,31.868818803303995,0.2925007242945582,0.17872280337604576,0.16378859347457947
0.81,0.9137681210863768,1.3300210384642015,0.3213410234077657,0.32267416942915783,6.781099838334731,0.42738904056798893,0.9958684451756687,0.5122496186345576,13.40939724443499,0.5162787293459591,0.5060139985180737,0.5071837522633907,0.777041849130345,0.5014811047595322,10.550863444739475,0.42456838934701313,1.5494937730564111,0.8088055126720355,26.424963290361983,0.8634666782056144,0.7740116426654546,0.7793723275021585,0.16923695972871017,0.055438369592376704,20.786574791575557,0.48372198773397335,3.0527044892024002,0.16567105533863508,32.072581768964824,0.2934886716896477,0.17949256394099494,0.16474484131636907
0.8125,0.9133545895998886,1.33082521495375,0.3205536112943905,0.32186025803820145,6.781589312261236,0.42710693995009796,0.9959403290366594,0.5101590071458973,13.372510318775245,0.5152703094789987,0.5046800141852551,0.5056630798160359,0.7769896591606126,0.5013317026677485,10.55329885311536,0.4247029971358641,1.549851435738053,0.8078516466633189,26.403824760627895,0.8630862181299019,0.7732542751296339,0.7784488121552006,0.17032799420911415,0.05578562153484491,20.79035585601821,0.4840915450993524,3.053259774164631,0.1671840719672712,32.27046760419726,0.2944820962218791,0.18027072972213817,0.16572071505429503
0.8150000000000001,0.9129399478048912,1.3316283937140647,0.31977737102694354,0.321057746390692,6.782077398635531,0.42682282563874324,0.9960120091225259,0.508075739366219,13.335496749980805,0.5142724322924952,0.503358393363164,0.5041613641829413,0.7769130822994935,0.5011669637159835,10.555727404522532,0.4248372335045783,1.5502080914091902,0.8068656518597463,26.382002157230183,0.8626906016605758,0.7724832720095333,0.7775140582354053,0.17142622352364414,0.05613512894857671,20.794127385549942,0.4844609581480661,3.0538136588352955,0.16866491806610603,32.460684404597885,0.2954809687943532,0.18105703231533596,0.1667148782686317
0.8175,0.9125241898713969,1.332430655712658,0.31901226897580504,0.32026660074938906,6.7825640343862075,0.4265367670199262,0.9960834761706371,0.5059999314826683,13.298360757487266,0.5132851162451039,0.5020491580385175,0.5026787284924507,0.776812118307087,0.5009869070812286,10.558148907824568,0.4249711098396014,1.550563711999637,0.8058481510292221,26.359513065546594,0.8622798142688167,0.7716985999261153,0.7765680719701986,0.17253166056197589,0.05648689434069534,20.797889736072136,0.48482983294705023,3.0543661954818675,0.17010394737856688,32.641445965676624,0.29648525479846594,0.1818511599105702,0.16772576053383847
0.8200000000000001,0.9121073097899984,1.3332320775902837,0.31825827097401393,0.3194867867527234,6.783049158130926,0.4262488335150294,0.9961547211664178,0.5039316981219496,13.261106582584912,0.512308378472803,0.5007523259708268,0.5012152793884388,0.776686770902465,0.5007915541553314,10.560563177080537,0.4251046387573933,1.5509182702022142,0.8047997729001827,26.336375216149413,0.8618538429773951,0.7709002269363028,0.7756108599539543,0.1736443127768496,0.05684091854933522,20.801643215699528,0.48519776328136666,3.054917429353901,0.17149151708335542,32.81098864420995,0.2974949136766302,0.18265275754873386,0.16875157537426203
0.8225,0.9116893013804926,1.334032731214968,0.31751534233142825,0.31871826943037207,6.783532710193431,0.4259590945553776,0.9962257353458472,0.5018711522141728,13.223738483722896,0.5113422348030261,0.49946791073858315,0.49977110668901287,0.776537047802658,0.5005809285668416,10.562970031516286,0.42523783398577525,1.5512717394685336,0.8037211526157039,26.312606502222497,0.8614126764162502,0.770088122777222,0.774642429437954,0.17476418216970158,0.057197200745766896,20.805388084174744,0.48556433200089244,3.055467398597049,0.17281807507384694,32.96758783721479,0.29850989850679766,0.18346142797795745,0.16979034307004837
0.8250000000000001,0.9112701583017603,1.3348326832604467,0.31678344784763907,0.3179610132175979,6.78401463261927,0.42566761955801186,0.9962965101977675,0.499818404853093,13.186260731693043,0.5103866997685527,0.49819592179425587,0.4983462831131559,0.7763629607490047,0.5003550561979578,10.56536929542956,0.42537071023299433,1.5516240939950618,0.8026129322464214,26.288224998933398,0.8609563048714864,0.769262259119945,0.7736627886528373,0.17589126528823723,0.05755573844140113,20.80912455197698,0.48592911259577193,3.056016134122166,0.1740742458413564,33.109573893479144,0.2995301558369041,0.1842767331352449,0.17083991732521012
0.8275,0.9108498740627873,1.3356319948193767,0.3160625518233806,0.3172149819680704,6.784494869190709,0.42537447790281135,0.9963670374660747,0.4977735651536947,13.148677604726107,0.5094417866209041,0.49693636452778533,0.49694086407869864,0.7761645255194288,0.500113965195832,10.567760798025017,0.4255032830447563,1.5519753086988932,0.8014757613489415,26.263248984345825,0.8604847203310099,0.7684226098306284,0.7726719471612377,0.17702555323580899,0.05791652749964192,20.81285277913126,0.48629167099808623,3.056563659430436,0.1752633205240808,33.23770011047548,0.3005556254678343,0.1850981962668601,0.1718980147163668
0.8300000000000001,0.9104284420346963,1.3364307210620288,0.3153526180701676,0.31648013896487376,6.784973365441366,0.4250797389111074,0.9964373091518668,0.4957367401082888,13.110993383539522,0.5085075073428859,0.4956892403381727,0.4955548875743311,0.7759417619251046,0.499857685977405,10.570144373175527,0.42563556864960206,1.552325359182692,0.800310297552927,26.237696961345446,0.8599979165266188,0.7675691512361468,0.7716699162365479,0.17816703169259693,0.05827956215255403,20.81657287374225,0.4866515676027686,3.0571099903980485,0.17692634947672697,33.45439517369101,0.30158624039311194,0.18592530468837096,0.17296224583028083
0.8325,0.910005855463623,1.3372289109511613,0.31465360991789276,0.3157564469294061,6.785450068671176,0.42478347182593534,0.9965073175156425,0.49370803444251915,13.073212346382274,0.507583872659899,0.49445454671268824,0.4941883741076161,0.7756946937899599,0.4995862512269095,10.572519859106846,0.42576758379313123,1.5526742216883855,0.7991172071566257,26.21158767994128,0.8594958889728681,0.7667018623905313,0.7706567092619314,0.17931568094875497,0.0586448350223118,20.82028489029416,0.4870083594964158,3.0576551350265233,0.17853467762168618,33.65921179669276,0.30262192693410994,0.1867575131730696,0.17403014706283826
0.835,0.9095821074842514,1.3380266070233582,0.3139654902201189,0.31504386802787465,6.785924927962339,0.42448574579407217,0.9965770550796426,0.49168755047291196,13.035338764129037,0.5066708920495667,0.49323227731313607,0.4928413267301684,0.7754233489115406,0.49929969588518586,10.574887098003291,0.42589934556169046,1.5530218730392529,0.7978971657076166,26.18494015920553,0.8589786350025922,0.7658207253378798,0.7696323421420371,0.18047147594989077,0.059012337147404254,20.823988827777274,0.48736160287840363,3.0581990931675733,0.1800787355198178,33.85045587668363,0.30366260510562343,0.1875942479460419,0.17509921217715568
0.8375,0.9091571911338033,1.338823845246195,0.31328822135680545,0.3143423638750993,6.786397894196825,0.4241866298499927,0.9966465146304216,0.48967538796783405,12.997376895482095,0.505768573749167,0.49202242206853397,0.4915137311403038,0.7751277590019525,0.49899805713003775,10.57724593553317,0.42603087119626737,1.5533682905702295,0.7966508585431342,26.157773708033027,0.8584461537979323,0.7649257253669058,0.7685968337184514,0.18163438635547727,0.059382058013586994,20.827684627719712,0.48771085565465117,3.0587418562340525,0.18154912987604635,34.02648727895772,0.3047081892303574,0.18843491125070966,0.17616692288561459
0.84,0.9087310993662603,1.3396206549591352,0.312621765234216,0.3136518955353391,6.786868920076189,0.4238861929018605,0.9967156892217568,0.4876716440139243,12.959330982345293,0.5048769247605784,0.4908249672734642,0.49020555586255093,0.7748079596079337,0.49868137434700477,10.579596220293851,0.4261621778974627,1.5537134520464118,0.7953789812627753,26.13010794384556,0.8578984464145267,0.764016851252075,0.7675502061789146,0.18280437661103008,0.05975398558958552,20.83137217222126,0.4880556801805068,3.0592834069112027,0.1829367434489174,34.185737818024755,0.3057585881760758,0.1892788864452335,0.17723077790965053
0.8425,0.908303825066587,1.3404170589040298,0.31196608328175357,0.3129724235198675,6.787337960144186,0.42358450371963463,0.99678457217797,0.48567641289024127,12.921205245438905,0.5039959508523953,0.4896398956912503,0.4889167525024848,0.7744639900095606,0.4983496890901671,10.581937803177544,0.4262932826225654,1.554057335569915,0.7940822401058367,26.101962808340346,0.8573355157934538,0.7630940954763529,0.7664924854498565,0.1839814060350744,0.0601281063675608,20.8350512821004,0.4883956461255583,3.0598237188845285,0.18423283155847714,34.32672827197953,0.3068137051025366,0.19012554357757921,0.17828832016235455
0.845,0.9078753610647231,1.3412130733485037,0.31132113644547804,0.3123039077810202,6.787804970812876,0.42328163092533644,0.9968531570977612,0.48368978595247725,12.88300388022764,0.5031256565588161,0.4884671866609938,0.48764725607437076,0.7740958930976813,0.4980030450329008,10.584270536660414,0.4264242018759387,1.554399919475473,0.7927613522060529,26.073358579389623,0.8567573667574917,0.7621574544309417,0.7654237015618176,0.18516542892200938,0.06050440540832845,20.838721715276485,0.48873033342971284,3.0603627566022045,0.18542911384620894,34.44808419733323,0.3078734372739586,0.1909742453799339,0.17933716187497814
0.8475,0.9074457001491154,1.3420087083025267,0.3106868851780526,0.31164630770244983,6.788269910392581,0.4229776429854711,0.9969214378586084,0.4817118515296552,12.844731053235696,0.5022660451749067,0.4873068162073813,0.48639698539815407,0.7737037152308602,0.49764148790886764,10.586594274019212,0.4265549514941386,1.5547411822153931,0.7914170456980538,26.04431587823885,0.856164005995477,0.7612069285880326,0.7643438889778699,0.18635639466188747,0.06088286639126421,20.842383165512413,0.48905933531668777,3.060900475090425,0.18651786002939985,34.5485503339456,0.3089376769094986,0.1918243536150331,0.18037500763573522
0.85,0.9070148350795773,1.34280396782526,0.31006328942487166,0.310999582085321,6.7887327391261705,0.4226726082055482,0.9969894086218017,0.4797612719284957,12.806886801135448,0.5014171187478152,0.4861587571520374,0.48516584356137943,0.7732875060733734,0.49726506544393134,10.588908868481294,0.42668554642743123,1.555081102234729,0.7900500596524486,26.014855671223266,0.8555554420391628,0.7602425226434407,0.7632530868760785,0.18755424787778877,0.06126347166871246,20.84603526163885,0.48938226132818297,3.0614368198394737,0.18759526955580064,34.64608159770043,0.31000631254799926,0.19267523569832692,0.18139967541910978
0.8525,0.9065827585992866,1.3435988504161052,0.3094503086061275,0.31036368913019613,6.7891934192278605,0.4223665947266012,0.9970570638381429,0.47787607882939687,12.770490992894006,0.5005788780634735,0.4850229792250777,0.4839537184407405,0.7728473184165892,0.49687382728011253,10.591214172315702,0.4268160005196391,1.5554196578377968,0.7886611438197988,25.984999265321413,0.8549316852353013,0.7592642456269946,0.76215133937829,0.18875892858084045,0.0616462023245314,20.849677567366818,0.4896987403395965,3.061971726776201,0.18879863653792817,34.765990556567374,0.31107922924042175,0.1935262715103313,0.18240911575256524
0.855,0.9061494634457633,1.344393349481089,0.30884790159458403,0.3097385864143806,6.7896519149266545,0.4220596705235543,0.9971243982543236,0.47600023676393044,12.734051366882667,0.49975132262832994,0.4838994491754058,0.48276048327714527,0.7723832079868407,0.4964678248931065,10.593510035874832,0.42694632628851226,1.5557568270474347,0.787251058167839,25.95476829698725,0.8542927477329316,0.7582721109795911,0.7610386957189237,0.18997037234198816,0.06203103823615154,20.853309581772727,0.490008423516367,3.062505122335255,0.1898853650547162,34.86354413350935,0.31215630854976373,0.19437686030275125,0.18340142919609176
0.8575,0.9057149423607039,1.3451874538635027,0.30825602668886254,0.3091242308645351,6.790108192514375,0.42175190340525004,0.9971914069199803,0.4741338154564302,12.697571739471286,0.4989344506457094,0.4827881308782141,0.48158599729747154,0.7718952332436391,0.49604711150526654,10.595796306598146,0.4270765347090727,1.556092587458689,0.7858205722008714,25.92418471384271,0.8536386434275024,0.757266136596876,0.7599152103489137,0.19118851047839067,0.06241795813920307,20.85693074050802,0.4903109871690388,3.0630369236367287,0.19084905517331455,34.937772230007724,0.31323742855967857,0.19522642759005943,0.18437488230302954
0.86,0.9052791880985922,1.3459811484263127,0.30767464158208313,0.3085205787244167,6.790562220398019,0.4214433610159148,0.9972580851953827,0.4722768811978295,12.661055881462769,0.4981282589864085,0.48168898543810396,0.4804301063756167,0.7713834551727142,0.49561174199628405,10.598072827991231,0.4272066350025887,1.5564269160888804,0.7843704640552851,25.893270748969517,0.8529693878800222,0.7562463448404996,0.758780942971411,0.1924132702508626,0.0628069396933977,20.860540417748613,0.4906061354651154,3.0635670387724554,0.19168410537264105,34.98786288385517,0.3143224645662766,0.19607443190553858,0.18532792219481378
0.8625,0.9048421934340408,1.3467744146732927,0.30710370332577813,0.3079275855176839,6.791013969156055,0.42113411083780566,0.9973244287597013,0.4704734927917929,12.62568819866232,0.4973327431532346,0.4806019712862385,0.4792926437250243,0.7708479370789344,0.49516177281406504,10.600339438595405,0.42733663443398856,1.5567597892262788,0.7829015193704483,25.862048887707655,0.8522849982604597,0.7552127625188081,0.7576359585073156,0.1936445750672437,0.06319795954796673,20.864137928858923,0.4908936029567867,3.064095367197245,0.19238574788594556,35.013166381512036,0.3154112899412283,0.19692037128811588,0.1862591898252278
0.865,0.9044039511678605,1.3475672313960327,0.3065431682890759,0.30734520600579723,6.791463411598004,0.42082422019475313,0.9973904336197579,0.46869713111401895,12.590761970452787,0.4965478972393426,0.4795270442699902,0.47817343061462314,0.7702887443845847,0.4946972618885026,10.602595970964758,0.42746653812059265,1.5570911822798734,0.7814145299398443,25.83054182704892,0.8515854932869878,0.7541654208396734,0.7564803269901749,0.19488234468510168,0.06359099340459873,20.867722533706246,0.49117315688571317,3.064621800215631,0.19327435404890653,35.07204211851741,0.316503776816029,0.19776378935473482,0.18716753193866406
0.8675,0.9039644541318772,1.3483595753347262,0.30599299211325487,0.306773394141154,6.791910522826527,0.42051375625627574,0.9974560961191437,0.46693038644063034,12.555812521562332,0.49577371388032465,0.4784641577336486,0.47707227710004485,0.7697059444388272,0.4942182685509913,10.604842250669094,0.42759634885502307,1.5574210696329456,0.7799102921531249,25.79877242790382,0.8508708931533308,0.7531043553389581,0.7553141233915317,0.19612649540595606,0.0639860160755401,20.871293440526795,0.4914445992291449,3.0651462215496372,0.19453061600487706,35.19689604903787,0.31759979675242533,0.19860428080396653,0.18805201164829047
0.87,0.9035236951925493,1.3491514218416774,0.30545312966188015,0.30621210301572155,6.792355280300893,0.42020278604190964,0.9975214129475398,0.4651733104211269,12.520843335793115,0.49501018420012066,0.477413262588907,0.4759889827621221,0.7690996063443717,0.49372485346260725,10.60707809534248,0.42772606694502796,1.5577494245033388,0.7783996970414822,25.767097725964568,0.850141219452513,0.7520296057888792,0.7541374273794769,0.19737694025244676,0.06438300153436494,20.87484981021963,0.49170776845560443,3.0656685079693786,0.1956646622588095,35.298782158593745,0.318699221465148,0.19944149619168175,0.1889119174797628
0.8725,0.9030816672534551,1.3499427455374862,0.30492353496685753,0.3056612848055616,6.792797663900585,0.4198913764253506,0.9975863811500586,0.46342595208616727,12.485857871909994,0.49425729775096655,0.4763743073740554,0.47492333744496956,0.7684698008075099,0.49321707855391145,10.6093033137982,0.42785569007273655,1.558076218813481,0.777140741110433,25.74406151765888,0.8493964951137188,0.7509412160913026,0.752950323015027,0.19863358911972118,0.06478192295693946,20.87839076093013,0.4919625409629293,3.06618852996619,0.19667198865289023,35.37709663737947,0.31980192344791103,0.2002751458205914,0.1897467706498953
0.875,0.9026383632567345,1.350733520950653,0.30440416117085656,0.30512089071176896,6.793237655987489,0.419579594137972,0.9976509981363765,0.46168835801495245,12.450859568316336,0.4935150424477909,0.4753472383010521,0.4738751219864485,0.767816600017648,0.4926950069793103,10.611517705231236,0.4279852131755378,1.5584014230732621,0.7758590433450518,25.720583915647776,0.8486367443471418,0.7498392341617681,0.751752898393012,0.19989634889291677,0.06518275275032584,20.881915372784515,0.49220883217639533,3.066706152447934,0.19754899248593594,35.431405192570644,0.320907775150547,0.20110500259385064,0.19055633028340735
0.8775000000000001,0.9021937761835773,1.35152372313182,0.30389496046666997,0.30459087089847264,6.793675241464856,0.41926750577123817,0.9977152616893938,0.459960572520476,12.415851848277207,0.4927834044978098,0.47433199928993397,0.472844108934469,0.7671400775623443,0.4921587030888173,10.613721058529793,0.42811462835037184,1.5587250062789246,0.7745554123501422,25.696688074113563,0.8478619926034663,0.7487237118108007,0.7505452452363863,0.2011651235240201,0.06558546256781177,20.885422692649886,0.4924465972896653,3.0672212354380584,0.19829298070374288,35.461442029630426,0.3220166484817071,0.20193090369992897,0.1913405962208271
0.88,0.9017478990538625,1.3523133282340083,0.3033958840341794,0.3040711744286564,6.794110407831062,0.4189551777775108,0.9977791699731293,0.45824263784903796,12.380838125574671,0.4920623683256855,0.4733285319903339,0.47183006324338755,0.7664403083835548,0.4916082324199137,10.615913151716427,0.4282439247827423,1.5590469358309882,0.7732306568933729,25.672397156854977,0.8470722665608119,0.7475947046297713,0.7493274584552468,0.20243981406357509,0.06599002330890563,20.88891173882018,0.4926758316361803,3.067733634763772,0.19890216427612295,35.467106378231016,0.32312841476823306,0.20275275102219362,0.19209980904329474
0.8825000000000001,0.9013007249250542,1.3531023140502219,0.3029068819756804,0.3035617491986477,6.794543145226013,0.41864267646872544,0.997842721539535,0.4565345943895645,12.345821810453993,0.4913519164945513,0.47233677579019,0.4708327429456595,0.7657173687803195,0.4910436617119488,10.61809375153863,0.4283730887012303,1.559367177474123,0.7718855836452106,25.647734264404043,0.8462675941418571,0.7464522718891629,0.748099635684167,0.2037203186455783,0.06639640510397335,20.892381505564742,0.49289657068317666,3.068243202724045,0.19937563927457125,35.448456705206674,0.32424294520856684,0.20357051020205008,0.1928344469412515
0.885,0.9008522468904553,1.3538906604998164,0.3024279032503859,0.30306254187219306,6.794973446467863,0.41833006801241046,0.9979059153338891,0.45483648088744905,12.310806315694563,0.49065202962474724,0.4713566678120578,0.4698518997949264,0.7649713364624126,0.49046505894518694,10.620262613226311,0.42850210335773636,1.5596856952615328,0.7705209948794622,25.622722359236086,0.8454480045640066,0.745296476457524,0.7468618768136907,0.20500653242725858,0.06680457728416118,20.89583096751864,0.493108889644647,3.0687497887343707,0.1997133554864057,35.4057028107299,0.3253601125341983,0.20438420832808543,0.19354521908834657
0.8875000000000001,0.9004024580769212,1.3546783500552095,0.30195889560896105,0.3025734978150696,6.795401307077804,0.4180174184245293,0.9979687506984364,0.4531483346568315,12.275795062616458,0.4899626863111873,0.47038814289774183,0.4688872798777551,0.7642022906585566,0.48987249340613276,10.622419480431333,0.42863094903312343,1.560002451546077,0.7691376861835897,25.597384190667796,0.8446135284260738,0.744127384749551,0.7456142835336771,0.2062983474890431,0.0672145083382825,20.899259083938922,0.49331290271327205,3.0692532399518333,0.19991607371567788,35.33919605490588,0.32647979152519085,0.2051939302737053,0.19423305525168397
0.89,0.8999513516421098,1.3554653681009383,0.3014998055289612,0.30209456103119997,6.795826725290657,0.4177047935586429,0.9980312273739438,0.45156712514105213,12.24341965812307,0.4892838630402769,0.4694311335822572,0.4679386241923384,0.7634103122816132,0.4892660357801866,10.624564085360511,0.4287596030674061,1.560317406999802,0.7677364442304974,25.571742221138788,0.8437641978341328,0.7429450667115824,0.7443569589075602,0.20759565270357355,0.06762616585936482,20.902664802892645,0.49350876191469156,3.0697534018901633,0.19998531321337157,35.24941800769893,0.327601857827077,0.20599981375973597,0.19489909147451284
0.8925000000000001,0.8994989207713268,1.3562517032175818,0.30105057815203723,0.3016256741012174,6.7962497020492485,0.4173922590909144,0.9980933454988743,0.4511712852501653,12.242953505934103,0.48861553410739944,0.4684855700584146,0.46700566919353304,0.7625954841517314,0.4886457582719721,10.626696149109353,0.4288880399131516,1.5606305206629532,0.7663180446639904,25.545818555607767,0.842900046567521,0.7417495958522085,0.7430900069971668,0.20889833358587698,0.06803951648448268,20.906047065477406,0.4936966555906016,3.0702501190395584,0.19992329093345262,35.13696785290654,0.3287261876873893,0.20680204327334661,0.19554465180461142
0.895,0.8990451586739912,1.3570373473835702,0.3006111572237503,0.3011667781243942,6.796670240980824,0.41707988050050887,0.9981551056059231,0.4507752265300207,12.242279289776308,0.48795767153613523,0.4675513801335799,0.4660881473046667,0.7617578912768082,0.48801173475285764,10.62881538219907,0.4290162312103448,1.560941750022841,0.7648832501482672,25.519634875755347,0.8420211102835395,0.7405410493246556,0.7418135325573649,0.21020627213943852,0.06845452583226369,20.909404810198854,0.4938768065202832,3.0707432355095654,0.19984105430059348,35.02151057394112,0.32985265735534924,0.20760084302711343,0.19617122620532954
0.8975,0.8985900585797056,1.3578222960880713,0.3001814850368138,0.3007178126648033,6.797088348354115,0.4167677230449843,0.9982165086157124,0.45037891510480577,12.241396449713537,0.4873102450003633,0.4666284891804323,0.46518578739754046,0.7608976211877508,0.48736404093428226,10.630921485313575,0.42914414588062566,1.5612510511220765,0.7634328086274438,25.49321238056215,0.8411274267578503,0.739319508066057,0.7405276408183138,0.21151934671475697,0.06887115844299183,20.91273697764012,0.4940494696935105,3.0712325957148288,0.2003815942361351,35.01543964248764,0.33098114176276566,0.2083964691887966,0.19678044496866545
0.9,0.8981336137338886,1.3586065483478929,0.2997615023785535,0.30027871570253395,6.7975040330162315,0.4164558517303198,0.9982775558275239,0.44998231443745973,12.240304419856074,0.48667322175034855,0.4657168200838041,0.46429831524298454,0.7600147643240854,0.48670275456450157,10.633014150227796,0.42927175023854425,1.5615583786949014,0.7619674518340636,25.466571734621095,0.8402190361569039,0.7380850569966089,0.7392324373702562,0.21283743189783624,0.06928937772650025,20.916042515554683,0.49421492975160614,3.071718045123026,0.20113399502787513,35.04622461430879,0.3321115135481632,0.20918920165036536,0.19737405014099937
0.9025,0.8976758173928958,1.359390106620578,0.2993511484833682,0.29984942359074646,6.797917306309127,0.41614433127530326,0.9983382489070303,0.44958538499001377,12.239002619744328,0.48604656654390277,0.4648162931859692,0.46342545393516593,0.759109414463344,0.48602795564533396,10.635093060911933,0.42939900811727777,1.5618636863293602,0.7604878940760424,25.439733025247797,0.8392959813385397,0.7368377852790305,0.737928028161727,0.2141603984458988,0.06970914592301829,20.91932038449752,0.49437349811790104,3.072199431081855,0.20176568606282366,35.05577507135529,0.3332436423819199,0.20997933563141405,0.19795386466061413
0.905,0.8972166628185613,1.3601729766047903,0.29895036099097283,0.29942987101932195,6.798328181966048,0.41583322607010004,0.9983985898710882,0.44918808394257964,12.237490447103681,0.48543024158375336,0.46392682623302517,0.4625669242935693,0.7581816691855814,0.4853397266644266,10.637157894790427,0.42952588100611794,1.5621669266521905,0.7589948313197803,25.41271572908514,0.8383583081763701,0.7355777866356937,0.7366145196167152,0.2154881132863959,0.07013042408181097,20.92256956408171,0.49452550984411914,3.072676603737876,0.20227774744816343,35.04446799629166,0.33437739440559316,0.2107671734253765,0.19852176007885908
0.9075,0.8967561432721077,1.3609551669180247,0.29855907591122266,0.29901999098584753,6.798736675989137,0.4155226001289575,0.9984585810697633,0.4487903649766879,12.235767272122043,0.4848242064623067,0.46304833432529086,0.46172244524714506,0.7572316303622837,0.48463815283752676,10.63920832412776,0.4296523281969457,1.5624680515323417,0.7574889405739393,25.38553868847426,0.8374060659031632,0.7343051597174682,0.735292018870092,0.21682043959320635,0.07055317206183534,20.925789059913164,0.4946713202052201,3.0731494170549425,0.20267174393748077,35.012760273413356,0.33551263155424693,0.21155301659560566,0.1990796238796771
0.91,0.8962942520074353,1.3617366886411,0.29817722759633586,0.298619714774662,6.799142806510164,0.4152125170371709,0.998518225165877,0.44839217812717325,12.233832433362792,0.48422841811501627,0.4621807298748715,0.46089173420550855,0.7562594046570251,0.48392332235428664,10.641244017507564,0.4297783069368565,1.5627670122981956,0.7559708795643577,25.358220097410985,0.8364393074677507,0.7330200085148872,0.7339606341137594,0.21815723695087638,0.07097734855776412,20.928977911218222,0.4948113010818226,3.073617729934383,0.2029496609130182,34.96117647197409,0.33664921114493596,0.21233715891194074,0.19962932751091586
0.9125,0.895830982263895,1.362517554719345,0.29780474872133667,0.29822897194466275,6.799546593637051,0.41490303989263444,0.9985775251124669,0.44799346970515347,12.231685235382365,0.48364283078362436,0.4613239225737136,0.46007450742224415,0.7552651040235892,0.483195326620321,10.643264641365967,0.42990377258407547,1.5630637599627526,0.75444128667677,25.330777496454473,0.8354580898953332,0.7317224427989573,0.7326204750390878,0.21949836161404904,0.07140291115364013,20.932135199142373,0.49494583717616747,3.07408140743375,0.2031138432055851,34.89029731786583,0.3377869861465158,0.213119880287144,0.20017269628211315
0.915,0.8953663272587723,1.3632977792123282,0.29744157027351964,0.2978476903265168,6.799948059289694,0.41459423124252553,0.9986364841286768,0.44759418229285647,12.229324948075213,0.48306739599055704,0.4604778193755087,0.45927048035527024,0.7542488461860809,0.48245426048766654,10.645269861535885,0.43002867876430656,1.5633582454504256,0.7529007811314241,25.303227775535962,0.8344624746364071,0.7304125785760821,0.7312716533547649,0.2208436668650665,0.07182981640517949,20.935260055667253,0.4950753221141993,3.0745403220763627,0.20316693846174072,34.80074913384042,0.33892580608292694,0.21390144192772284,0.20071148225677624
0.9175,0.8949002801798601,1.3640773763877998,0.29708762155165697,0.2974757960298261,6.800347227028996,0.41428615301590205,0.9986951056746473,0.44719425480920794,12.226750807720645,0.4825020625256767,0.4596423244947202,0.4584793680288757,0.7532107550850009,0.4817002224655479,10.647259344756153,0.4301529775246882,1.5636504198186705,0.751349963343238,25.27558718326021,0.8334525278777847,0.7290905385393986,0.7299142833537582,0.22219300346837112,0.0722580199504121,20.938351673069835,0.4952001544922196,3.0749943552404786,0.203111846414027,34.69319446190076,0.34006551786664285,0.21468208285717957,0.20124734116672285
0.92,0.8944328341786564,1.3648563596614094,0.29674283017553676,0.2971132134606362,6.800744121883644,0.4139788664532124,0.9987533934260769,0.4467936226431882,12.223962019657362,0.48194677644633166,0.458817339425714,0.45770088540138015,0.752150961273481,0.48093331490353425,10.649232760098378,0.4302766194825858,1.5639402344675328,0.749789415413651,25.247871341025647,0.8324283208155516,0.727756452497613,0.7285484824991034,0.22354622021603812,0.07268747664701368,20.941409313834466,0.49532073393113235,3.0754433986149716,0.20295167501280117,34.568324009216376,0.3412059662250342,0.2154620179045131,0.2017818142023836
0.9225,0.8939639823648731,1.365634740391767,0.29640712210621173,0.296759865349475,6.801138770179083,0.4136724320339137,0.9988113512491056,0.44639221785015126,12.22095776246512,0.48140148109142317,0.45800276298453624,0.4569347477415138,0.7510696022490596,0.4801536441398286,10.651189780266092,0.4303995539665393,1.5642276413304403,0.7482999966246032,25.22280174558719,0.8313899298901418,0.7264104577622489,0.7271743719960042,0.22490316455482062,0.07311814073343068,20.94443232092419,0.4954374572040689,3.0758873557077693,0.2026897039590137,34.42684998471213,0.34234699410752767,0.2162414371804465,0.20231631529414215
0.925,0.8934937178030574,1.3664125265503964,0.29608042167707843,0.29641567278984554,6.801531199373231,0.41336690940354226,0.9988689831761873,0.445989969404575,12.217737193489818,0.48086611711000854,0.4571984913752565,0.4561806710155114,0.7499668227085216,0.47936132060859576,10.65313008272496,0.4305217291467862,1.564512593040185,0.7470834611097628,25.20718988646056,0.8303374369732393,0.7250526994752142,0.7257920773173457,0.22626368328171198,0.07354996600981235,20.94742012832114,0.495550714503793,3.076326143393812,0.2023293557581905,34.26950082112095,0.3434884433272585,0.21702050699248815,0.20285212421143373
0.9275,0.8930220335121963,1.367189721297719,0.2957626516356055,0.29608055528682015,6.801921437902971,0.41306235730168167,0.9989262933835468,0.44558680350126795,12.214299455512405,0.48034062250455556,0.4564044182820679,0.45543837228574174,0.7488427747164212,0.47855645890186826,10.655053350629906,0.4306430921529016,1.5647950430650803,0.745846980786924,25.191170558988272,0.8292709295007338,0.723683330860587,0.7244017286511335,0.22762762329240785,0.07398290603390922,20.950372271752382,0.4956608859145554,3.076759693490241,0.20187417401860078,34.097017210372314,0.3446301550133884,0.21779937208196326,0.20339038549044916
0.93,0.8925489224691459,1.3679663215088609,0.295453733195225,0.29575443081510167,6.802309515044935,0.4127588334923088,0.9989832861707332,0.44518264389590706,12.210643684333878,0.4798249326885559,0.4556204349875322,0.45470757012046775,0.7476976177817509,0.4777391777835678,10.656959273524794,0.43076358917621954,1.5650749458117155,0.7445912205147832,25.17476140013705,0.8281905005482357,0.7223025133873993,0.7230034612413272,0.2289948323652738,0.07441691432652181,20.953288399523245,0.49576833814903865,3.077187954347379,0.20132780836127412,33.91014932194111,0.34577196998586224,0.21857815900581323,0.20393211288395197
0.9325,0.8920743776166294,1.368742316305898,0.29515358609662307,0.29543721588568095,6.80269546079316,0.4124563946979774,0.9990399659426538,0.44477741227510775,12.20676901703205,0.4793189805578914,0.45484643051656987,0.45398798501319915,0.7465315188415541,0.47690960015539735,10.65884754780214,0.4308831655548129,1.565352256692469,0.7433168336986617,25.15797963386451,0.8270962488480401,0.7209104168336476,0.7215974155977111,0.23036515996248177,0.07485194458080094,20.95616828337938,0.49587342160494413,3.0776108924439223,0.20069400501391374,33.709655026936026,0.34691372937859205,0.2193569804370144,0.20447819873486728
0.935,0.8915983918763063,1.3695176856649878,0.2948621286774463,0.29512882562003423,6.803079305755432,0.41215509653921967,0.9990963371943503,0.4443710286460001,12.202674600640663,0.47882269657508864,0.4540822918050594,0.45327933980912294,0.7453446521547327,0.47606785297659665,10.660717876923467,0.43100176583892663,1.5656269321578695,0.7420244624414049,25.140842078724713,0.8259882787484961,0.7195072192454935,0.7201837375554759,0.23173845802975362,0.07528795086968972,20.95901182930744,0.4959764677880462,3.0780284939731244,0.2005232458360013,33.58786236623592,0.3480552753794407,0.22013594012274665,0.20502942743332675
0.9375,0.8911209581670949,1.3702923991760212,0.29457927794929545,0.2948291738307092,6.803461081069006,0.4118549934804074,0.9991524044986224,0.44396341173561854,12.19835960100932,0.47833600886528943,0.45332790389128813,0.4525813601353421,0.7441371991134595,0.4752140671416084,10.662569971414268,0.4311193338348877,1.5658989296958568,0.7407147376005929,25.12336515279813,0.8248667001185135,0.7180931067893473,0.7187625781707135,0.2331145817764759,0.075724887846011,20.96181908816072,0.49607778713968653,3.078440766403272,0.20068155621848308,33.52175009044151,0.34919645217368994,0.22091513822063197,0.20558649194349465
0.9400000000000001,0.8906420694284986,1.371066415037103,0.2943049496808203,0.29453817310712277,6.8038408183356065,0.411556138783126,0.9992081724964812,0.44355447939119313,12.193823211622364,0.4778588433225401,0.45258315012800826,0.45189377483117044,0.7429093479831359,0.4743483773213935,10.66440354865982,0.43123581262569977,1.566168207801794,0.7393882787080748,25.105564874351536,0.8237316282016766,0.7166682734980195,0.7173340934437967,0.2344933904186123,0.07616271093007548,20.964590265960254,0.49617766729725493,3.078847739990495,0.2007432619397766,33.439958793765385,0.3503371072605837,0.22169467673082316,0.20615001229263996
0.9425,0.8901617186481982,1.3718396793641738,0.2940390584857388,0.294255734905446,6.80421854957463,0.4112585844678713,0.9992636458902769,0.4431441489736622,12.189064662184897,0.4773911237251369,0.45184791241250044,0.4512163163744999,0.7416612935843889,0.47347092177532857,10.66621833253816,0.43135114456681795,1.5664347259245672,0.7380456937167731,25.087456856914073,0.8225831834269468,0.7152329209152164,0.7158984438684222,0.23587474786768445,0.07660137648014767,20.967325733678994,0.49627637180668777,3.0792494692156707,0.20071031615218193,33.34295030047259,0.3514770929877054,0.22247466475447056,0.2067205549025948
0.9450000000000001,0.8896798988926771,1.3726121258856607,0.29378151791466617,0.2939817696415424,6.804594307192868,0.4109623812845857,0.9993188294392528,0.44273233773821286,12.184083226821661,0.4769327718588531,0.45112207143181493,0.4505487213002691,0.740393236932039,0.4725818421412259,10.668014052933456,0.4314652712560513,1.5666984443951204,0.736687578550112,25.06905629779554,0.8214214911850578,0.713787257645305,0.7144557938097804,0.23725852335002395,0.07704084194160703,20.970026036273186,0.4963741392968031,3.0796460341107603,0.20058490665984843,33.23121995495668,0.35261626799565293,0.2232552233350141,0.20729865170654782
0.9475,0.889196603339194,1.3733836760719944,0.29353224054973087,0.2937161867860399,6.804968123968384,0.41066757869222065,0.9993737279571758,0.44231896319732233,12.178878231776329,0.47648370764666537,0.4504055069202324,0.44989073060726525,0.7391053848462044,0.4716812832110588,10.6697904451759,0.4315781334772063,1.5669593243441966,0.7353145164407835,25.05037795945451,0.8202466815806889,0.7123314988174526,0.7130063107208138,0.23864459194153004,0.07748106597114798,20.97269190069062,0.4964711831166326,3.0800375414349013,0.20036946294925959,33.105297292761904,0.3537544981173256,0.22403648967476422,0.2078848181187415
0.9500000000000001,0.8887118253070827,1.3741542397204562,0.2932911381010387,0.29345889496072236,6.805340033045816,0.41037422484714386,0.9994283463116491,0.4419039434634256,12.173449062541307,0.47604384928361276,0.4496980979259268,0.44924209014983224,0.7377979495498387,0.47076939269947576,10.671547249453214,0.43168967111799517,1.5672173276159131,0.7339270770572868,25.031436143525358,0.8190588891702708,0.7108658654750002,0.711550164210624,0.24003283500439349,0.07792200853287032,20.975324242569144,0.49656769142897034,3.080424125658144,0.20065545553775996,33.062764263928905,0.3548916566803132,0.22481862056176305,0.20847956909321883
0.9525,0.8882255582861952,1.3749237159790317,0.2930581215041277,0.29320980203551494,6.8057100679401,0.41008236659984515,0.9994826894246569,0.44148719756986293,12.167795170388096,0.47561311337572,0.4489997230838178,0.4486025510115014,0.7364711482651909,0.4698463210112773,10.673284210233886,0.4317998230638854,1.5674724166830583,0.7325258154280857,25.012244657710294,0.8178582526940691,0.7093905839022797,0.7100875249836728,0.24142314051379576,0.07836363096363219,20.977924171347496,0.49666382774620016,3.0808059497120284,0.20117290344325822,33.058587586602826,0.3560276244558134,0.22560179488718116,0.20908343270067312
0.9550000000000001,0.8877377959603661,1.3756919947526285,0.2928331010176125,0.2929688152254015,6.806078262545425,0.4097920494990447,0.9995367622738802,0.4410686457700726,12.161916078302914,0.4751914150817181,0.44831026089167203,0.44797186985806503,0.7351252028191858,0.4689122210128052,10.675001075734345,0.4319085270709027,1.5677245545688407,0.7311112706835707,24.992816776108505,0.8166449148097074,0.7079058849020192,0.7086185636721996,0.2428154032645675,0.07880589600558814,20.98049299354817,0.49675973188817135,3.0811832054717,0.20230510498839918,33.15528382284589,0.3571622894327734,0.22638621517798146,0.20969696085091424
0.9575,0.887248532224057,1.3764589583963946,0.2926159863202749,0.2927358411866628,6.8064446511464105,0.40950331780202254,0.9995905698943389,0.44064820981600744,12.15581138635993,0.47477866825626025,0.44762958998664004,0.44734980926814344,0.733760339264837,0.46796724781081167,10.676697597452119,0.4320157196218189,1.5679737047783298,0.7296839646446331,24.973165193865,0.8154190218332332,0.7064120030369739,0.707143449587033,0.24420952495020143,0.07924876780441956,20.98303221405505,0.4968555213365111,3.0815561139435452,0.203364468917097,33.23966513080899,0.35829554676365855,0.22717210811035213,0.2103207369767135
0.96,0.8867577611908584,1.3772244835699388,0.2924066866069163,0.2925107861118764,6.806809268428589,0.4092162144897944,0.9996441173799304,0.44022581321748894,12.14948077658415,0.4743747855935318,0.446957589419651,0.4467361380398719,0.7323767875228088,0.46701155854094445,10.678373529776547,0.4321213357715241,1.5682198312412836,0.7282444002929612,24.953301977257507,0.8141807234922815,0.7049091758493912,0.7056623494134459,0.2456054141093729,0.07969221187237559,20.98554353529178,0.49695129295538326,3.0819249251445275,0.2043516282308017,33.31194255158827,0.35942729863635897,0.2279597240044358,0.21095538066140243
0.9625,0.886265477193202,1.3779884431083083,0.292205110682376,0.29229355582319094,6.807172149485727,0.4089307812856918,0.9996974098845051,0.43980138148464526,12.142924017367879,0.473979678770289,0.4462941389254016,0.44613063147290494,0.7309747810444192,0.4660453121666304,10.68002862967837,0.432225308988523,1.568462898266565,0.7267930601619198,24.93323851048942,0.8129301726903095,0.7033976430713569,0.7041754258788583,0.24700298593801162,0.08013619501585095,20.988028854297372,0.4970471250453546,3.082289917672712,0.2052672908266025,33.372336880215215,0.3605574536154726,0.22874933532920602,0.21160154933102918
0.965,0.8857716747734206,1.378750707764265,0.29201116705323693,0.2920840558634827,6.807533329821913,0.408647058675976,0.9997504526221731,0.43937484235579566,12.136140967509627,0.4735932585874139,0.4456391191860957,0.445533071625518,0.7295545564949555,0.46506866928795854,10.681662656471406,0.432327571000248,1.5687028705071382,0.725330404688028,24.912985440520664,0.8116675252771075,0.7018776458379627,0.7026828364180271,0.2484021619677541,0.08058068522779777,20.99049025778229,0.4971430796946709,3.082651397981204,0.2061122214978595,33.42107561912784,0.36168592572571134,0.22954123426809026,0.21225993724002817
0.9675,0.8852763486670697,1.3795111476926571,0.2918247640168896,0.2918821915851323,6.807892845346916,0.4083650859313304,0.9998032508666226,0.43894612601316674,12.129131579943838,0.47321543510926684,0.44499241208758095,0.44494324754714765,0.7281163534543639,0.4640817919592484,10.683275371633913,0.43242805165011006,1.568939712933837,0.723856870562023,24.89255262125714,0.8103929398336767,0.7003494259136837,0.7011847318591775,0.24980286961406598,0.08102565154577995,20.992930015318564,0.497239205390696,3.083009699378054,0.2068872239682347,33.45838999050054,0.3628126335453766,0.23033572941223462,0.21293127205866447
0.97,0.8847794937801486,1.3802696335796785,0.2916458097477881,0.2916878682362972,6.808250732363804,0.4080849011284014,0.9998558099493016,0.4385151652887323,12.12189590522548,0.4728461178004056,0.4443539009670468,0.44436095548721627,0.7266604141313397,0.4630848435134224,10.684866538675067,0.4325266787738206,1.5691733908157537,0.7223728691158727,24.871949058352726,0.8091065774684546,0.6988132249405643,0.699681255151757,0.2512050415993458,0.08147106387692711,20.995350570864222,0.4973355398531879,3.0833651807815405,0.20759312340943806,33.48451207851729,0.3639374993465275,0.23113314166094281,0.21361630942453283
0.9725,0.8842811051623836,1.3810260373629852,0.29147421238088095,0.29150099104469124,6.808607027548193,0.407806541170957,0.9999081352563698,0.43808189586230395,12.11443409482727,0.47248521565943136,0.4437234708519388,0.443785999081508,0.7251869830866414,0.46207798839112585,10.686435923032752,0.4326233781015145,1.5694038697052306,0.720878784778818,24.85118285578448,0.8078086016013981,0.6972692837150234,0.6981725401536878,0.2526086152579613,0.08191689279146497,20.997754532841537,0.497432113050017,3.083718225263068,0.20823074985871604,33.499672165576285,0.36506044845922275,0.23193379941992864,0.2143158258534713
0.975,0.8837811779790815,1.3817802325370596,0.29130988009231085,0.29132146529897707,6.808961767918815,0.407530041810649,0.999960232224377,0.43764625645379707,12.106746404300354,0.4721326373499806,0.4431010086901377,0.4432181895176486,0.7236963069621598,0.46106139197280493,10.687983291993138,0.4327180731906441,1.5696311154260474,0.7193749736323621,24.83026116526812,0.8064991777546897,0.6957178414986013,0.6966587104937054,0.2540135317316056,0.08236310928694805,21.000144662983253,0.4975289503543485,3.0840692384091275,0.20880092292140523,33.504096320031955,0.3661814086958166,0.23273803319954967,0.2150306104213237
0.9775,0.8832797074841318,1.3825320940853,0.29115272117750696,0.29114919642791054,6.809314990799096,0.40725543766772304,1.0000121063346206,0.437242812590401,12.099791332347301,0.4717882913290575,0.4424864035716792,0.4426573456813658,0.7221886342137813,0.46003522041264494,10.68950841462853,0.43281068539266343,1.5698550940642948,0.7178617620920317,24.809190139516083,0.8051784733577751,0.6941591353670877,0.6951398785231684,0.25541973506488075,0.0828096845258707,21.002523864136723,0.4976260757997701,3.084418646530222,0.20930443812290261,33.498004288373444,0.36730030883416187,0.2335461697285541,0.21576145562992172
0.98,0.8827766889965762,1.383281498120229,0.2910026441267333,0.29098409007731924,6.8096667337693075,0.40698276225227414,1.0000637631061173,0.43684346094899984,12.092793866033741,0.4714520859726795,0.44187954694231263,0.4421032942851364,0.7206642148482929,0.4589996404743478,10.691011061757685,0.43290113385437856,1.5700757719625464,0.7163394457431651,24.78797489032121,0.8038466575593815,0.6925933996023815,0.693616144371865,0.25682717121291077,0.08325658955004275,21.004895167182877,0.49772351538604365,3.0847668947397917,0.20974205526543513,33.48160774203159,0.3684170769954197,0.23435852571457175,0.21650914785997405
0.9825,0.882272117882774,1.3840283213415028,0.2908595576979915,0.290826052184846,6.810017034608525,0.40671204798673294,1.000115208087081,0.43644152815803805,12.085571353005736,0.4711239296985146,0.4412803328089678,0.44155586998055235,0.7191233001672505,0.45795481937009286,10.692491005940784,0.43298933555273594,1.570293115719121,0.7148082883592652,24.766619452486236,0.802503901044787,0.6910208651322339,0.6920875951239583,0.25823578697523053,0.08370379497601321,21.007261717193728,0.49782130038312067,3.0851144449213144,0.21060164260471656,33.53267507813959,0.3695316388671294,0.23517540140008922,0.21727445779072715
0.985,0.8817659895456282,1.3847724404354453,0.29072337098691337,0.2906749890521495,6.8103659312251,0.4064433262301794,1.00016644684471,0.4360369661485564,12.078124430991066,0.47080373108509677,0.4406886579367527,0.44101491545528126,0.7175661425235952,0.45690092460554316,10.693948021528586,0.4330752053599959,1.5705070921952993,0.7132685211343398,24.745126754707087,0.8011503758611908,0.6894417590246692,0.6905543041330815,0.25964552887324016,0.08415127067688666,21.009626758927286,0.49791947057509317,3.0854617735980963,0.21176308237383684,33.631622734797766,0.3706439156818385,0.23599707408046897,0.21805813113129394
0.9875,0.8812582994216567,1.3855137315388417,0.29059399349295234,0.2905308074139469,6.810713461573895,0.40617662730481074,1.0002174849530343,0.43562973077859396,12.07045385657157,0.4704913989868431,0.4401044220364489,0.4404802815148611,0.7159929950995298,0.4558381238352651,10.695381884790915,0.4331586561348514,1.5707176685341961,0.711720342164655,24.72349859864148,0.7997862552570538,0.6878563040461344,0.6890163304992432,0.2610563419919881,0.08459898545703196,21.011993621746644,0.49801807737953874,3.0858093697184974,0.21292964177880533,33.73109044502624,0.37175382212128066,0.23682379176645227,0.21886087996170092
0.99,0.8807490429859671,1.386252069874643,0.29047133518082735,0.29039341450294925,6.811059663558018,0.4059119805244772,1.000268327978482,0.4352197820086114,12.062560508061551,0.4701868426434901,0.43952752794071026,0.4399518271488459,0.7144041117164327,0.454766584734229,10.6967923741536,0.4332395988342371,1.5709248121955552,0.7101639162194084,24.70173564752359,0.7984117135413261,0.6862647182949299,0.6874737187338935,0.2624681688106435,0.08504690672731866,21.014365704052842,0.4981171867721848,3.0861577323697515,0.21410074230758147,33.83099511668719,0.3728612646240798,0.23765576718497342,0.21968337492420156
0.9925,0.8802382157644885,1.3869873296404576,0.29035530653584823,0.2902627181094338,6.8114045749124035,0.40564941422470435,1.0003189814627849,0.43480708407649626,12.054445388449022,0.46988997178211817,0.43895788176639167,0.43942941958004506,0.7127997466890641,0.4536864748919694,10.69817927057385,0.4333179426403505,1.5711284910108774,0.7085993748429196,24.679837425785543,0.7970269259681558,0.6846672149237367,0.6859264986423612,0.26388094804933515,0.08549500018951041,21.016746457335813,0.4982168819430561,3.086507368435697,0.21527571482363306,33.931240777138214,0.3739661401864375,0.23849317231658118,0.22052623843990687
0.995,0.8797258133521965,1.3877193841957352,0.2902458186115148,0.29013862663396356,6.811748233066535,0.4053889557931123,1.0003694509028145,0.43439160567085855,12.04610962839094,0.4696006967095873,0.4383953930597642,0.43891293429489003,0.7111801547367382,0.4525979617363416,10.699542358082645,0.43339359509774583,1.5713286732630762,0.7070268168316558,24.65780233117481,0.7956320686566679,0.6830640019665245,0.684374685453925,0.2652946135626354,0.08594322953916825,21.019139369971242,0.4983172656093854,3.0868587902171924,0.2164537955102832,34.03171812788315,0.375068335249157,0.2393361336634475,0.22139003905642982
0.9975,0.879211831435603,1.38844810655473,0.29014278306768815,0.29002104913166654,6.812090674983674,0.4051306316987063,1.0004197417269751,0.43397332010060724,12.037554489235694,0.4693189283930068,0.4378399749209332,0.43840225505240954,0.7095455909633069,0.45150121249346975,10.700881424518673,0.43346646225617746,1.5715253277942622,0.705446309126643,24.63562766077629,0.7942273185529116,0.6814552822852464,0.6828182802281608,0.2667090933114843,0.08639155619677308,21.021547950916958,0.4984184619135292,3.0872125130377785,0.21763412236975022,34.13230418442356,0.3761677248038198,0.24018472842786298,0.22227528696435234
1.0,0.8786962658174684,1.3891733701542954,0.29004611219772425,0.28990989534656036,6.81243193697448,0.40487446751822,1.000469859267829,0.433552205458139,12.028781366026804,0.46904457852590153,0.4372915441036842,0.4378972738689835,0.7078963109156181,0.45039639418939076,10.702196262471693,0.4335364488160283,1.5717184241442865,0.7038578881545967,24.613309652127004,0.7928128534403915,0.67984125365007,0.6812572705612441,0.2681243084454786,0.08683993907669053,21.023975713485143,0.49852061784160695,3.087569052860473,0.2188157323856918,34.232862014964866,0.3772641711289483,0.2410389817572694,0.22318243065963522
1.0025,0.8781791124415907,1.3898950498327074,0.28995571894325983,0.2898050757346711,6.812772054483701,0.4046204879576004,1.0005198087307714,0.43312824477295386,12.019791790423133,0.4687775595781368,0.4367500210872913,0.43739789097605963,0.7062325707266052,0.4492836736970299,10.703486670445075,0.43360345827453917,1.571907932721469,0.7022615616390405,24.590843540234857,0.7913888520034711,0.6782221089631476,0.6796916316072559,0.2695401725260008,0.08728833440303468,21.026426159381003,0.4986239041108837,3.087928923943701,0.21999755944638738,34.33324058967726,0.3783575229649663,0.2418988651791905,0.22411185468073402
1.0050000000000001,0.8776603674155868,1.3906130229316125,0.28987151689584084,0.2897065014751502,6.8131110618497495,0.40436871686685955,1.0005695951587223,0.4327014261522484,12.010587433455717,0.46851778482829953,0.43621533011757213,0.43690401474839885,0.7045546273444956,0.44816321782960483,10.704752454237083,0.43366739307251795,1.5720938250054532,0.7006573108859049,24.568223630782498,0.7899554939448742,0.6765980366301075,0.6781213274173875,0.2709565909175259,0.08773669558041954,21.028902763200733,0.49872851549081615,3.0882926365646726,0.22117843311097152,34.43327474991435,0.37944761500401364,0.24276429630953353,0.22506387831669664
1.0075,0.8771400270297951,1.3913271704200105,0.28979342028524024,0.28961408446919235,6.813448992038341,0.40411917724688023,1.000619223393008,0.4322717429050691,12.001170108031896,0.4682651683780055,0.4356873992156167,0.4364155616011294,0.7028627388440989,0.44703519347849824,10.70599342852971,0.4337281547426458,1.5722760737805437,0.6990450935274567,24.54544338913692,0.7885129601548733,0.6749692210758083,0.6765463125849156,0.27237346036958837,0.0881849731260258,21.03140895756925,0.49883467054349867,3.0886606948367206,0.22235707828429083,34.53278530429912,0.38053426770177357,0.2436351398727083,0.22603875516694952
1.01,0.8766180877707551,1.3920373779374564,0.2897213439550683,0.28952773732724535,6.813785876352929,0.40387189124732975,1.0006686980308355,0.43183919364695017,11.991541771094981,0.4680196251485436,0.43516616015403015,0.43593245585490137,0.7011571648101852,0.4458997677903258,10.707209418662504,0.43378564406180137,1.5724546533962056,0.6974248466853703,24.522495544039213,0.7870614329252742,0.6733358433920076,0.6749665341670377,0.2737906688053839,0.08863311466737964,21.03394811907051,0.49894261079272556,3.089033594643034,0.22353211584792124,34.63157925604011,0.38161728767413494,0.24451121002409462,0.22703667343309197
1.0125,0.8760945463281187,1.3927435366623333,0.2896552033270254,0.2894473733456904,6.814121744126136,0.40362688015552595,1.0007180233799766,0.43140378238254884,11.981704525352313,0.4677810708612429,0.434651548402076,0.4354546295696005,0.699438166777132,0.4447571083746684,10.708400262557733,0.4338397612109276,1.5726295400497958,0.6957964904902826,24.499372204078195,0.7856010961969574,0.671698082095329,0.6733819338376744,0.27520809532498786,0.08908106500779546,21.036523555081622,0.49905259935535795,3.0894118217031252,0.22470206427650247,34.72945016336343,0.38269646849672123,0.24539227391682006,0.22805775683346263
1.0150000000000001,0.875569399594282,1.3934455439277595,0.28959491435580464,0.28937290647475955,6.814456622397934,0.4033841643768618,1.000767203411507,0.430965518564535,11.971660620495488,0.46754942200383165,0.4341435030425731,0.4349820223482589,0.6977060087038741,0.44360738353107787,10.70956581275299,0.4338904059468003,1.57280071208507,0.6941599318735991,24.476064984328353,0.7841321358257538,0.670056113965214,0.6717924502098935,0.2766256104220218,0.08952876625867077,21.039138491569425,0.49916491909215344,3.0897958497806384,0.2258653422505361,34.82617863263398,0.3837715916679546,0.24627805640774558,0.22910206604641822
1.0175,0.8750426446564701,1.394143303529575,0.2895403934771052,0.2893042512798737,6.814790535587268,0.40314376340811475,1.0008162417115782,0.4305244171277754,11.961412453851539,0.46732459578571506,0.4336419666645991,0.43451458111383806,0.695960957459313,0.4424507624818264,10.710705938488736,0.4339374777906035,1.572968150298757,0.6925150685299201,24.452565139932403,0.7826547398490814,0.668410114924529,0.6701980212544804,0.2780430764027785,0.08997615803487671,21.041796061849798,0.4992798703555392,3.0901861390325527,0.22702027225972757,34.921532941656366,0.38484242793920975,0.24716824575410823,0.23016960060161268
1.02,0.8745142787814391,1.3948367256949263,0.2894915575514114,0.2892413228987406,6.815123505164595,0.40290569580557317,1.0008651414333296,0.4300804984985421,11.950962570421131,0.4671065100854335,0.4331468852368263,0.4340522598622952,0.6942032832911718,0.44128741559574264,10.711820527791433,0.43398087623845744,1.5731318382464863,0.6908617929373497,24.42886370299891,0.7811690987354251,0.6667602609210508,0.6685985867339251,0.2794603479869926,0.09042317770655205,21.044499296253054,0.4993977684270047,3.090583134491445,0.22816508517528497,35.01526978883093,0.38590873903300565,0.24806250011445508,0.23126030114453197
1.0225,0.8739842993933629,1.3955257267038472,0.28944832380609054,0.2891840369964495,6.8154555493329445,0.4026699791503244,1.0009139052500478,0.42963378857900836,11.940313662277363,0.46689508339352576,0.4326582079665523,0.43359501939570755,0.6924332602511222,0.4401175145885058,10.71290948948877,0.4340205009990131,1.5732917625387453,0.6891999963196536,24.404951619020615,0.779675405599898,0.6651067287669293,0.6669940905698415,0.2808772730603931,0.09086976069789401,21.047251112591155,0.4995189407452526,3.0909872646655128,0.22929792575565497,35.107135162309476,0.3869702797175572,0.24896045463728309,0.23237405199492656
1.025,0.8734527040458444,1.3962102281781783,0.28941060977796285,0.28913230972041737,6.815786682724554,0.4024366300132172,1.0009625353106146,0.4291843187076515,11.929468567315723,0.466690234753617,0.4321758871491867,0.4331428270391832,0.6906511665509278,0.4389412326860131,10.713972755091667,0.4340562522629434,1.5734479131172665,0.687529572439472,24.38081987912593,0.778173856372065,0.6634496968957533,0.6653844830670654,0.28229369354169115,0.0913158408212729,21.05005430729185,0.4996437240270548,3.0913989402365347,0.23041685903827017,35.196865322053455,0.3880268002001176,0.24986172889988434,0.23351068390457413
1.0275,0.8729194903893,1.3968901560710991,0.28937833325788115,0.28908605765646594,6.816116916119307,0.40220566392191787,1.0010110331981577,0.42873212559636686,11.918430267361769,0.46649188370385963,0.431699878012154,0.43269565634487717,0.6888572848281737,0.4377587447397796,10.715010280478708,0.4340880310086827,1.5736002835024039,0.6858504211254105,24.35645964485668,0.7766646498961608,0.6617893460029742,0.6637697229291822,0.2837094463214289,0.09176135063336502,21.052911547057708,0.4997724613757965,3.0918185528349267,0.23151987756012088,35.284187886729754,0.38907804850474126,0.2507659344495678,0.2346699768972839
1.03,0.8723846561352161,1.397565439405744,0.2893514122380886,0.28904519778660265,6.816446256189593,0.4019770953321354,1.0010593998925803,0.4282772512452365,11.907201885658793,0.4662999502199512,0.4312301385560557,0.43225348678577696,0.6870519023054843,0.43657022728652806,10.716022047321863,0.4341157393481055,1.5737488710025136,0.6841624514566225,24.33186236278629,0.7751479879380322,0.6601258595446601,0.6621497790170253,0.28512436422759685,0.09220622179913693,21.055825360926256,0.49990549945873536,3.092246473873694,0.23260490934235564,35.368823016655675,0.3901237728094023,0.25167268220030115,0.23585166305018815
1.0325,0.8718481990189324,1.398236008822212,0.2893297648623384,0.28900964744836216,6.816774705274717,0.4017509376045426,1.0011076357374313,0.4278197428360143,11.895786683773537,0.46611435466004647,0.4307666293946305,0.4318163034411462,0.6852353108334202,0.4353758585478478,10.71700806419776,0.43413928091502707,1.5738936768771545,0.6824655845544472,24.30701986709496,0.7736240751053807,0.6584594240809692,0.6605246318221246,0.2865382769732496,0.09265038544946748,21.058798132648736,0.49995681418544763,3.09268305342918,0.23366982656835428,35.45048468346009,0.39116372364999064,0.25258158944962483,0.23705542905743326
1.035,0.871310116762669,1.3989017949981435,0.2893133093780487,0.2889793242949337,6.81710226118605,0.4015272029882251,1.00115574041129,0.4273596526056183,11.884188057973995,0.465935017711017,0.43030931359381297,0.4313840966747762,0.683407806813817,0.43417581836963076,10.717968367335935,0.43415856129842845,1.5740347064469753,0.680759755959023,24.281924469117165,0.7720931186923292,0.6567902294631693,0.658894274649055,0.28795101204430984,0.09309377251892237,21.061832093362522,0.4998141336701092,3.0931286191649447,0.23471245488021025,35.52888201666062,0.39219765603555473,0.2534922863022688,0.23828091841231389
1.0375,0.8707704070404746,1.3995627270083428,0.28930196408924613,0.2889541462548429,6.817428917042655,0.4013059026107412,1.0012037129036262,0.42689703770122944,11.872409535148872,0.4657618603348175,0.42985815650912346,0.43095686180658954,0.6815696910065746,0.4329702881045583,10.718903020964019,0.43417348852115417,1.574171969144409,0.6790449175965708,24.25656903377669,0.7705553284495733,0.6551184688751605,0.6572587145217876,0.28936239549084314,0.09353631405158466,21.06492931459398,0.49966611710050846,3.0935834753041656,0.2359529523971156,35.63730638980187,0.39322533157758555,0.2544044213162377,0.23952773305657946
1.04,0.870229067446642,1.4002187306835678,0.2892956473087587,0.2889340314897207,6.817754661135776,0.4010870464741356,1.0012515514948985,0.426431960018965,11.860454768350948,0.4655948037133143,0.4294131256198956,0.4305345987777376,0.6797212682282492,0.4317594504438655,10.71981211721972,0.4341839735634638,1.5743054785007469,0.6773210393672301,24.230947043627108,0.7690109162875997,0.6534443387510093,0.6556179728472092,0.290772252591616,0.09397794146472441,21.06809170168199,0.49951242873858415,3.0940479016638216,0.2372657402362312,35.75665169703813,0.39424652052368075,0.25531766622164614,0.24079543437761497
1.0425,0.869686095468944,1.400869727018058,0.28929427730809243,0.288918898348702,6.818079476819748,0.4008706434556048,1.0012992537405336,0.42596448602842496,11.848327532054038,0.46543376918982343,0.4289741903584519,0.4301173118091267,0.6778628469549317,0.4305434892067478,10.720695775610372,0.4341899309292433,1.574435252066768,0.6755881104014679,24.205052651837214,0.767460095926146,0.6517680385978774,0.6539720858820337,0.2921804083689805,0.09441858676228163,21.071320987744052,0.49935274102149785,3.0945221527685574,0.2385504876988583,35.87177762218181,0.3952610033865328,0.25623171959946967,0.24208354348309324
1.045,0.8691414884678066,1.4015156306612322,0.28929777226363396,0.28890866531821513,6.818403342426548,0.40065670131101155,1.0013468164583788,0.42549468658555434,11.83603171721214,0.46527867820575364,0.42854132193228806,0.4297050090532514,0.6759947388446319,0.42932258909700377,10.7215541420128,0.434191279250896,1.5745613112658592,0.6738461400434187,24.178880725838557,0.7659030825047198,0.6500897707581782,0.6523211050561004,0.29358668793837545,0.09485818269246526,21.074618728308003,0.4991867364789985,3.0950064570623015,0.23980487741690457,35.982382265583354,0.39626857232684504,0.2571463094439392,0.24339154074244498
1.0475,0.8685952436623031,1.4021563485135535,0.2893060501982124,0.2889032509663156,6.818726231201268,0.40044522667912213,1.001394235719223,0.42502263673612695,11.823571326197277,0.46512945223108587,0.42811449313753447,0.4292977022392288,0.6741172581958261,0.42809693543687644,10.722387387219358,0.434187941926986,1.5746836811804876,0.672095158621361,24.152426883456453,0.7643400921678264,0.648409740145505,0.6506650972050109,0.29499091668350974,0.095296662846103,21.077986296698562,0.49901410960583154,3.0955010162307377,0.24220289558852703,36.264289850730705,0.3972690324310098,0.2580611945663144,0.24471886464638706
1.05,0.8680473581236362,1.4027917784327477,0.28931902891756944,0.28890257388121043,6.819048111256186,0.40023622508432355,1.001441506840054,0.424548415511648,11.810950467669123,0.46498601268792583,0.42769367816234866,0.42889540631094086,0.6722307213592015,0.42686671388772424,10.72319570505006,0.434179847784677,1.5748023902749502,0.670335218059266,24.12568752318066,0.7627713416389492,0.6467281539859574,0.6490041447585059,0.2963929202542998,0.09573396169461662,21.081424880200426,0.49883456875107696,3.0960060046378173,0.24474185242758154,36.56661533006383,0.39826220273223606,0.25897616482765423,0.24606491009000375
1.0525,0.867497828776597,1.403421808047185,0.2893366259418424,0.2889065526041541,6.819368945541729,0.40002970093565415,1.0014886243797925,0.42407210571862053,11.798173351395716,0.46484828086692837,0.4272788523793585,0.42849813905816014,0.6703354461192789,0.42563211016634245,10.72397931006581,0.4341669317569907,1.5749174700595383,0.6685663923702908,24.09865984983552,0.7611970477980985,0.6450452215904743,0.6473383459190292,0.297792524389809,0.09617001456859316,21.084935476927857,0.49864783808631563,3.09652156886603,0.24722634835375062,36.86012166589225,0.3992479168116741,0.2598910402131406,0.2474290262224709
1.055,0.8669466524093445,1.4040463136702195,0.2893587584327175,0.28891510555741734,6.819688691833143,0.39982565752025145,1.001535582137335,0.4235937937210315,11.785244283004582,0.4647161778369915,0.4268699921267925,0.42810592074046167,0.6684317510618712,0.4243933097647094,10.724738434932998,0.43414913556304474,1.5750289547035055,0.6667887780554257,24.07134189634782,0.7596174272738928,0.6433611541755347,0.6456678148492266,0.29918955457288654,0.09660475757985273,21.08851889322615,0.49845365970901845,3.0970478273347855,0.24965285686128208,37.144364849870094,0.4002260229937211,0.2608056687804918,0.24881051402096488
1.0575,0.8663938256917171,1.4046651593133663,0.28938534311740216,0.28892815096850794,6.820007302732222,0.39962409698974743,1.0015823731518085,0.42324211065970985,11.775744030411975,0.46458962434918605,0.42646707447844356,0.4277187737036561,0.6665199549425316,0.42315049767985563,10.725473327505231,0.4341264083778593,1.57513688060649,0.6650024944107785,24.04373254166784,0.758032696058487,0.6416761647401198,0.6439926818697886,0.30058383552715806,0.09703812749168421,21.092175741330365,0.498251795926936,3.097584869956574,0.25201803782920373,37.418931165697806,0.4011963841469929,0.26171992353065765,0.25020862373490516
1.06,0.8658393452021578,1.4052781958064715,0.28941629621098697,0.2889456067922253,6.820324725683675,0.39942502033870547,1.0016289897049728,0.42310892263539374,11.772230674056768,0.4644685407364165,0.4260700770031548,0.42733672198848727,0.6646003760704151,0.42190385815959736,10.726184247701887,0.4340987074772201,1.5752412859401035,0.6632076837279762,24.01583152426566,0.7564430691531974,0.6399904679972628,0.6423130936522052,0.3019751905707787,0.09747006154354387,21.095906436927162,0.49804203175421236,3.0981327577789006,0.2543187389929072,37.68343700746326,0.40215887708042225,0.26263369826153926,0.25162255231131386
1.0625,0.8652832074631678,1.4058852600472593,0.2894515333390979,0.2889673906324611,6.820640903005729,0.3992284273748386,1.001675423325716,0.42297811335926033,11.768693097921764,0.46435284681078853,0.4256789775150805,0.426959790931521,0.6626733317213598,0.42065357446908674,10.726871464275119,0.43406599884260044,1.5753422101731334,0.6614045113563087,23.98763945008698,0.7548487602499314,0.6383042803498696,0.6406292133767051,0.3033634408452212,0.09790049723801122,21.09971119622312,0.49782417763142817,3.09869152255374,0.25655199555269587,37.937528439068956,0.4031133915937495,0.263546902476461,0.2530514408589954
1.065,0.8647254089849916,1.4064861744177022,0.2894909694629801,0.2889934196659025,6.820955771934469,0.3990343166814411,1.0017216647965648,0.42284962697948797,11.765131429017684,0.46424246176107153,0.42529375381658757,0.4265880067585432,0.6607391375933689,0.4193998286825061,10.727535251565056,0.4340282577114497,1.5754396935950143,0.6595931655844737,23.95915779347857,0.7532499814518078,0.636617819893578,0.6389412208154632,0.30474840444157775,0.09832937209918374,21.103590032128558,0.49759807236103465,3.099261166177095,0.2587150277306068,38.18088046843112,0.4040598292916057,0.2644594554302358,0.25449437214832643
1.0675000000000001,0.864165946316971,1.4070807464172346,0.2895345188092979,0.28902361056994547,6.821269264681192,0.3988426855731418,1.0017677041621096,0.4227234080366361,11.761545807154903,0.46413730405295944,0.424914383436305,0.42622139617141525,0.6587981073168487,0.41814280150366356,10.728175886346468,0.433985469059347,1.5755337768527307,0.6577934066794402,23.931100113142325,0.7516469430356089,0.6349313064248405,0.637249312296124,0.3061298954515178,0.0987566234129648,21.10754274922665,0.4973635862280687,3.0998416599501617,0.2608052360839405,38.41319600967491,0.40499810217334486,0.2653712794084366,0.25595036808668364
1.07,0.8636048161056971,1.4076687685701972,0.2895820948069768,0.2890578794571726,6.821581308501859,0.39865353004670034,1.0018135307392022,0.4225994014107631,11.757936384744395,0.46403729133502675,0.42454084336544046,0.42585998593014057,0.6568505520307096,0.4168826721186528,10.7287936448677,0.43393762800266483,1.5756245005159564,0.6560183940223415,23.903943947561707,0.7500398532578754,0.6332449614304062,0.6355537005011407,0.3075077229750745,0.0991821879608163,21.111568937313113,0.49712062425506764,3.1004329436305738,0.2628201944563789,38.63420451730641,0.4059281309972149,0.2662822923510744,0.25741838706901854
1.0725,0.8630420151587472,1.408250018665342,0.2896336100333342,0.2890961418186664,6.8218918257778425,0.3984668447290639,1.0018591331288156,0.42247755225128,11.754303325954417,0.4639423403533146,0.424173109796015,0.425503802432773,0.6548967800335553,0.41561961808295955,10.729388800174572,0.43388474011346,1.5757119046840447,0.6542356271888374,23.876503514491304,0.748428918205252,0.6315590080348787,0.6338546140640086,0.3088816901224807,0.09960600175942799,21.11566796345349,0.4968691295209787,3.1010349242659383,0.26475764059035484,38.843660297379124,0.40684984362778687,0.26719239995078437,0.25889732108899005
1.075,0.8624775405124577,1.4088242603784165,0.2896889761715386,0.28913831247821503,6.822200734107322,0.3982826228252405,1.001904499229465,0.42235780589114325,11.750646805225266,0.46385236687733433,0.4238111578650083,0.42515287129662666,0.6529370965165662,0.41435381524439313,10.72996161979724,0.43382682164216363,1.575796028646321,0.6524453588795018,23.848782806699713,0.7468143416884999,0.6298736708857559,0.6321522969333,0.31025159305171024,0.10002799981925407,21.11983896269818,0.4966090864575481,3.1016474748302514,0.26661546462146585,39.04134052947076,0.4077631734641119,0.2681014873774624,0.26038599251457095
1.0775000000000001,0.861911389501878,1.4093912443156686,0.2897481039810974,0.28918430555909713,6.822507946407383,0.3981008560687029,1.001949616252204,0.4222401077481517,11.746967005185814,0.4637672856399147,0.4234549614084976,0.42480721694487944,0.6509718033813159,0.4130854377019105,10.730512363858768,0.4337638996480497,1.57587691060431,0.6506478601689134,23.820786533185547,0.7451963251780316,0.6281891759597295,0.6304470074880695,0.31161722008631887,0.10044811593480113,21.124080827798295,0.49634052402376433,3.1022704327135755,0.2683916959013312,39.22704306593419,0.4086680575270537,0.2690094108047822,0.2618831504839327
1.08,0.8613435598308009,1.4099507094982817,0.2898109032826062,0.2892340344646345,6.822813371027598,0.3979215346769998,1.0019944707373027,0.42212440321701694,11.74326411405225,0.4636870102926851,0.4231044927296719,0.4244668622029955,0.6490011991417732,0.4118146577988347,10.73104128364048,0.4336960120420666,1.5759545874610432,0.6488434183484847,23.792520043286643,0.7435750677767917,0.6265057502794475,0.6287390174022346,0.3129783509586119,0.1008662825187058,21.128392198454396,0.4960635186496926,3.102903598143112,0.2700844888161484,39.400584106486534,0.40956443420420474,0.26991598893681157,0.26338746695732523
1.0825,0.8607740496395979,1.4105023852873533,0.2898772829574226,0.2892874118730908,6.82311691187688,0.39774464731503545,1.0020390485728794,0.42201063755641205,11.739538322618754,0.4636114533784223,0.422759722384084,0.4241318279093781,0.6470255789053756,0.41054164614721483,10.731548620613886,0.4336232075510117,1.5760290946788886,0.6470323344637626,23.76398923905813,0.7419507662254552,0.6248236215357112,0.6270286102693339,0.31433475622012885,0.10128243048982935,21.1327714507803,0.4957781968355507,3.103546732635864,0.27169210844772484,39.56179587145931,0.4104522412178657,0.2708209947519259,0.2648975325574018
1.085,0.8602028575685148,1.411045993727815,0.2899471509622992,0.28934434974682954,6.823418468566232,0.3975701810681059,1.002083335015863,0.4218987557753443,11.735789820968842,0.4635405263206127,0.4224206189847502,0.42380213254430066,0.6450452344236512,0.4092665716782777,10.732034605922998,0.4335455456157718,1.5761004662035234,0.6452149205922861,23.73520047756338,0.7403236149338408,0.6231430176156529,0.6253160800114449,0.3156861968542603,0.10169648922270749,21.13721668775657,0.4954847372902351,3.1041995575966426,0.273212917027156,39.71052441101027,0.4113314140711181,0.2717241476926767,0.2664118524282737
1.0875000000000001,0.8596299828141236,1.411581252268808,0.29002041435836756,0.2894047593549734,6.823717936570745,0.39739812142630476,1.0021273147157854,0.4218058721651191,11.73249636725835,0.4634741394296318,0.4220871490287705,0.4234777918805148,0.6430604541988151,0.4079896017122433,10.732499460277243,0.43346309623903007,1.5761687344482083,0.6433914969169781,23.70616046506782,0.7386938060294852,0.6214641660423538,0.6236017291060185,0.3170324241143162,0.10210838656174986,21.141725731469197,0.4951833724959752,3.1048617531782408,0.27464536213124113,39.84662768651528,0.4122018846904004,0.27262510653048805,0.2679288424246377
1.09,0.8590554251767775,1.4121078767977797,0.29009697935326995,0.28946855130820665,6.824015207414365,0.39722845228137177,1.0021709717419154,0.4217303281976445,11.729613467984473,0.46341220192422006,0.4217592767461624,0.4231588186581138,0.6410715236294832,0.40671090203943233,10.732943394194859,0.43337593979912287,1.576233930329531,0.6415623886548127,23.676876145323654,0.7370615294113879,0.6197872933353851,0.6218858666715715,0.3183731795950751,0.10251804889878101,21.1462961178759,0.4948743895929228,3.1055329575128185,0.27598796745366605,39.96997404233334,0.41306358035847507,0.273523463119795,0.2694468259894618
1.0925,0.8584791850971961,1.4126255849058718,0.2901767513547424,0.2895356356038796,6.824310168880682,0.39706115593652286,1.002214289614215,0.4216562916027344,11.726702443392654,0.4633546219663921,0.42143696397068564,0.42284522228534926,0.6390787251765085,0.4054306370037506,10.733366608521637,0.43328416684642374,1.5762960833435895,0.639727922901556,23.647354584196364,0.7354269727980072,0.6181126243048258,0.6201688064575206,0.3197081955279634,0.10292540130723334,21.150925094721483,0.49455813049004566,3.1062127664057515,0.27759867089517015,40.13239147227758,0.41391642302403275,0.27441873722551835,0.270964032078772
1.095,0.8579012636807059,1.4131340992829924,0.2902596350336007,0.289605921679273,6.8246027052518645,0.39689621312931905,1.0022572513384298,0.42158369516362065,11.7237631484952,0.4633013067075227,0.42112017003169117,0.4225370085662938,0.6370823385292643,0.40414896957945834,10.733769295141414,0.433187877896709,1.5763552216703345,0.6378884254516193,23.617602852839287,0.7337903217619132,0.6164403812934542,0.6184508647852456,0.32103719527140123,0.10333036772107985,21.155609623049383,0.49423499112749536,3.106900733557616,0.28042416219641175,40.47031296525194,0.4147603285543448,0.2753103725604631,0.27247859443863304
1.0975,0.8573216627082002,1.4136331511231903,0.29034553439390837,0.2896793184707696,6.824892697576417,0.3967336030672499,1.002299839445411,0.42151247121195157,11.720795429399585,0.46325216234297845,0.4208088516655334,0.42223417945559144,0.635082640753633,0.40286606143271125,10.734151637792966,0.4330871832325815,1.5764113722935378,0.6360442176485197,23.58762791150457,0.7321517597442809,0.6147707833832406,0.6167323584872662,0.32235989395074294,0.10373287114205365,21.16034638255111,0.49390541984116165,3.1075963713498056,0.2832004270131169,40.800741126028115,0.4155952062077724,0.2761977341075254,0.27398855243470094
1.1,0.8567403846335137,1.414122483406715,0.2904343528481194,0.28975573447678393,6.825180023964307,0.39657330347545233,1.002342036034458,0.42144255157490945,11.717799120922578,0.46320709417256906,0.42050296294486644,0.4219367328400996,0.6330799064055344,0.401582072960705,10.734513812913546,0.432982202719549,1.576464561124673,0.6341956133170955,23.557436495923287,0.7305114680421976,0.61310404558309,0.6150136028897597,0.3236759991889094,0.10413283385547044,21.16513178078073,0.49356991481226276,3.1082991521977643,0.2859235577782038,41.12317587484996,0.4164209581080466,0.2770801067303058,0.27549185349031113
1.1025,0.8561574325676392,1.4146018539177967,0.29052599329517315,0.28983507782258777,6.825464559905661,0.3964152906558688,1.0023838228201223,0.42137386753402456,11.714774044538531,0.4631660066651602,0.42020245522420463,0.4216446623470183,0.6310744075978523,0.400297163303287,10.734855990441309,0.4328730656382603,1.576514813120761,0.6323429158242916,23.527035008024043,0.7288696257636832,0.6114403780151886,0.6132949098810851,0.32498521186125023,0.10453017763356481,21.169961966062694,0.49322902062239493,3.1090085104466234,0.288589486641093,41.4370962331594,0.41723747855998455,0.2779566950020665,0.2769863570249498
1.105,0.8555728102509594,1.4150710378603535,0.2906203581998582,0.28991725632559473,6.825746178607131,0.3962595395571571,1.0024251811816054,0.4213063497947255,11.711720006654332,0.46312880352589053,0.41990727710039133,0.4213579571780609,0.6290664140137822,0.3990114903244425,10.735178334526694,0.4327599105292943,1.576562152388841,0.630581017339771,23.49995496022625,0.7272264097487887,0.609779985117357,0.611576586105886,0.3262872268077208,0.10492482390599922,21.17483284375714,0.49288332397521223,3.109723844759914,0.29119400706590387,41.74196346592107,0.41804465359593046,0.27882662411610004,0.27846983962727323
1.1075,0.8549865220153742,1.415529829950177,0.29071734967218826,0.290002177560181,6.826024751338066,0.39610602385475513,1.0024660922135968,0.42123992846536235,11.708636797181338,0.46309538776489045,0.41961737438701574,0.4210766019692978,0.6270561928653972,0.39772521056389887,10.735481004123907,0.4326428850423922,1.5766066022728367,0.6288210760125745,23.472892605437675,0.7255819944588948,0.6081230648786138,0.6098589313210717,0.3275817334426328,0.10531669388018197,21.179740095432916,0.4925334486864876,3.1104445209353053,0.2937327993321391,42.03722476295023,0.4188423606424131,0.27968894169062036,0.27994000107437605
1.11,0.8543985727387903,1.415978045891909,0.29081686954599706,0.29008974892162626,6.826300147777499,0.39595471604063665,1.0025065367772346,0.42117453304424807,11.705524188356868,0.4630656617670373,0.41933269010222823,0.4208005766764021,0.6250440088020958,0.396438479161921,10.735764153456895,0.4325221457786688,1.5766481854219894,0.6270584163926318,23.445669441949953,0.7239365518396378,0.606469808124718,0.6081422369465896,0.3288684162166141,0.10570570859903922,21.184679200444368,0.49218005008071514,3.1111698750733625,0.2962014587282205,42.322317283928804,0.41963046825182815,0.2805426202580918,0.2813944707488027
1.1125,0.8538089677948391,1.416415523189349,0.29091881945638276,0.29017987768920217,6.8265722363526296,0.39580558752239564,1.002546495549812,0.42111009241316266,11.70238193375565,0.46303952736286597,0.41905316446972996,0.4205298564850594,0.6230301237789267,0.39515144976293143,10.73602793237628,0.4323978581125395,1.576686923843275,0.6252931439155964,23.418284864655213,0.7222902511657259,0.604820397869861,0.606426784840566,0.33014695490572604,0.10609178893048984,21.189645459415708,0.4918238089605081,3.1118992170264437,0.2985955251818195,42.59667238630973,0.42040883589175715,0.28138656024040687,0.28283081402751437
1.115,0.8532177130008228,1.4168421212828088,0.29102310091595734,0.2902724710887298,6.82684088456009,0.39565860873132047,1.0025859490719604,0.4211124113544549,11.701040214056968,0.46301688590108764,0.41877873493286716,0.420264411746214,0.6210147968990872,0.39386427440563615,10.736272486642713,0.43227019598003014,1.57672283894302,0.6235253447230228,23.390737567238872,0.7206432588776599,0.6031750087499791,0.604712846325007,0.3314170247269502,0.10647485549043552,21.194634019202503,0.49146542533127985,3.1126318340645316,0.30091051319964984,42.859719874568036,0.4211773132993285,0.2822195932618155,0.2842465383324221
1.1175,0.8526248145667924,1.4172577210504782,0.2911296153900377,0.2903674363550477,6.827105959262824,0.3955137492390115,1.002624877791248,0.42112836009295923,11.700023987085995,0.46299763832313495,0.41850933618170144,0.4200042079355765,0.6189982842477506,0.39257710340866536,10.736497958186122,0.43213934162172646,1.576755951564972,0.6217550851932033,23.36302552293718,0.7189957384207448,0.6015338065523442,0.6030006814847477,0.3326782963050161,0.10685482850885855,21.199639899012322,0.4911056120657574,3.1133669947112987,0.3031419412832043,43.11089215158281,0.4219357396070067,0.28304048574002777,0.2856390987355043
1.12,0.85203027904831,1.4176622237463088,0.29123826437093225,0.2904646807947519,6.827367326957722,0.3953709778818472,1.0026632621014842,0.42114466080789575,11.698965966005845,0.4629816852399861,0.41824490019265614,0.4197492056364549,0.6169808387355518,0.3912900852612711,10.736704485397441,0.4320054852715224,1.5767862820331446,0.6199824118385636,23.335145978822066,0.7173478500980495,0.5998969478551994,0.6012905387584653,0.33393043554012936,0.10723162765584138,21.204658017507672,0.49074508868020433,3.114103952724425,0.30528536040765797,43.34962821271906,0.4226839428954449,0.2838479428150295,0.2870059032820503
1.1225,0.8514341133049215,1.4180555494716207,0.2913489494513554,0.29056411184932784,6.827624854011915,0.39523026289221197,1.0027010823774223,0.4211612352267151,11.697865667606413,0.46296892701120346,0.41798535627991795,0.4194993605445196,0.61496270996949,0.3900033665282948,10.73689220350991,0.4318688247860362,1.5768138502078144,0.618207351584187,23.30709546417019,0.7156997509501142,0.5982645797900301,0.5995826548359865,0.3351731034469801,0.10760517185026172,21.209683220861347,0.49038457536824026,3.1148419512157943,0.30733638163614974,43.57537749143573,0.42342173969753366,0.2846406128106818,0.28834431849684955
1.125,0.8508363244657094,1.4184376352916102,0.2914615723967803,0.29066563715845173,6.8278784068686225,0.3950915720349104,1.00273831900499,0.4211780048087131,11.696722596773034,0.4629592638256181,0.4177306311572853,0.4192546234926938,0.612944144166797,0.3887170917775101,10.737061245120467,0.43172956521345235,1.5768386755620916,0.6164299124379558,23.278869813342002,0.7140515946722186,0.5966368399374505,0.5978772548704493,0.33640595605019147,0.10797537907798611,21.2147103118612,0.4900247874021377,3.115580226925802,0.30929070341213344,43.78760363084896,0.4241489343539895,0.2854170925562133,0.28965167582231577
1.1275,0.8502369199025991,1.4188084331136632,0.2915760352163003,0.2907691646228733,6.8281278522263325,0.39495487274665964,1.0027749524076033,0.42119489073479516,11.69553624515189,0.46295259578261244,0.41748064900872417,0.41901494049403326,0.610925384123731,0.3874314035356348,10.737211740890082,0.43158791830405435,1.5768607772847716,0.6146500845554723,23.25046420335083,0.7124035315760322,0.5950138563652935,0.5961745530066952,0.3376286444284404,0.10834216624817233,21.219734080244248,0.48966642997020043,3.1163180146782055,0.3111441394461519,43.98578830715201,0.4248653188462637,0.286175934000029,0.29092527995221185
1.1300000000000001,0.8496359072113906,1.4191679074446104,0.29169224023138035,0.2908746024660024,6.828373057197459,0.3948201322760482,1.0028109630694675,0.4212118138950744,11.694306089753393,0.46294882297261775,0.41723533156561066,0.4187802528003322,0.6089066692466351,0.3861464422769732,10.737343820446439,0.4314441019674408,1.5768801744129017,0.6128678416919628,23.221873205923135,0.7107557086009578,0.5933957478140921,0.594474753218449,0.33884081499791663,0.10870544911562029,21.224749334459414,0.4893101934778471,3.117054552044782,0.3128926483188416,44.169435258331546,0.4255706730686685,0.28691565260409274,0.29216242012219495
1.1325,0.8490332941998453,1.4195160331398802,0.2918100901418076,0.2909818592931775,6.82861388945444,0.39468731782094935,1.0028463315570322,0.42122869487486575,11.693031591543532,0.46294784555526175,0.4169945981885976,0.4185504969742875,0.6068882356473886,0.38486234644597617,10.737457613495321,0.4312983396831935,1.5768968859949997,0.6110831430190949,23.19309085334872,0.7091082693733655,0.5917826240305974,0.5927780504364734,0.34004211011551155,0.10906514229402296,21.229750935004258,0.48895674930479827,3.1177890842411413,0.31453236591221034,44.338074668968304,0.4262647656369164,0.28763473799545125,0.2933603853655756
1.135,0.8484290888816285,1.4198527932476925,0.2919294880882449,0.29109084414764413,6.828850217372089,0.3945563966601369,1.002881038539898,0.4212454539401146,11.691712194086696,0.4629495638336956,0.4167583659522616,0.41832560497337706,0.604870316300052,0.38357925251221897,10.737553251130677,0.43115085987272067,1.5769109312834475,0.6092959352681809,23.16411071683227,0.7074613543149504,0.5901745862443458,0.5910846319385094,0.34123216906384135,0.10942115937970687,21.234733829353793,0.4886067459858246,3.118520869256353,0.3160596415430907,44.491268027614844,0.4269473555470204,0.2883316672630132,0.29451648452838397
1.1375,0.8478232994745233,1.420178177033276,0.2920503377110429,0.2912014665625227,6.829081910175139,0.39442733627581217,1.002915064812484,0.42126201102367394,11.69034732230887,0.46295387832397245,0.4165265497311571,0.4181055042441286,0.6028531412505106,0.3822972950536405,10.737630867318826,0.43100189524042176,1.576922329952462,0.6075061551443903,23.13492599544808,0.7058151007990555,0.5885717277759617,0.5893946789603421,0.34241062945523415,0.10977341319840742,21.239693088309394,0.4882608057706328,3.1192491831911244,0.3174710782296605,44.62861351098139,0.4276181943587408,0.2890049211244879,0.2956280714767659
1.1400000000000001,0.8472159344011727,1.4204921782400621,0.2921725432053578,0.2913136366084742,6.829308838098954,0.39430010446392905,1.0029483913176298,0.42127828571407683,11.688936381446208,0.46296068981886196,0.4162990622865738,0.41789011782610397,0.6008369378667345,0.3810166068615848,10.737690600521503,0.4308516820925925,1.576931102336455,0.6057137319414926,23.105529613245473,0.7041696433454163,0.5869741347593468,0.5877083684768811,0.3435771290618699,0.11012181617926935,21.24462394335963,0.48791952152013235,3.1199733257445943,0.3187635769298173,44.74975186704122,0.42827702901260545,0.2896530029642023,0.2966925754607396
1.1425,0.8466070022906874,1.4207947936087693,0.29229600937310324,0.29142726493731086,6.829530872569895,0.39417466942958873,1.0029809991730845,0.42129419724847156,11.687478756231007,0.4629698994460986,0.4160758143540742,0.41767936446559484,0.5988219311142333,0.3797373190594735,10.737732595415602,0.43070045964293,1.5769372696825918,0.6039185902753277,23.07591432162587,0.7025251138425742,0.5853818869538949,0.5860258750938453,0.3447313080462775,0.11046628085111666,21.249521824384374,0.48758345390967295,3.1206926257515333,0.3199343839263203,44.85437267816582,0.4289236053029246,0.2902744604807467,0.2977075360774366
1.145,0.8459965119797782,1.421086021637749,0.29242064167275245,0.29154226282238155,6.829747886409712,0.39405099986532677,1.0030128697015228,0.4213096645112077,11.685973810346763,0.46298140872187704,0.4158567147326768,0.41747315873966584,0.5968083438396642,0.3784595612259543,10.737757004664907,0.4305484693142039,1.5769408544109886,0.602120652848147,23.046072803868263,0.7008816417858479,0.5837950586179532,0.5843473729853413,0.3458728115324315,0.11080672044664233,21.254382396770897,0.4872531289309383,3.121406446633194,0.32098113988281535,44.942220797357486,0.4295576717502793,0.2908679094132075,0.29867064176691854
1.1475,0.8453844725126111,1.4213658615385338,0.29254634626845005,0.2916585421970999,6.829959754065895,0.393929065010802,1.0030439844643748,0.42132460603922145,11.684420886159545,0.4629951196012264,0.41564167037727473,0.417271411191684,0.5947963970454472,0.37718346151320553,10.737763990700785,0.4303959540465226,1.5769418803762234,0.6003198431558068,23.01599777864234,0.6992393545186997,0.5822137194113853,0.582673037810721,0.3470012924249954,0.11114304959112767,21.259201596768694,0.4869290357078831,3.122114191589501,0.3219019285357682,45.01310267634579,0.43017898348717354,0.2914320585661503,0.2995797703328679
1.1500000000000001,0.8447708931391995,1.4216343123285158,0.2926730300802231,0.29177601569340567,6.830166351867828,0.3938088346931539,1.0030743252994447,0.42133894003489747,11.682819304707953,0.4630109345273129,0.41543058649640835,0.41707402847979114,0.5927863101395351,0.37590914675169795,10.737753727473281,0.4302431576232977,1.5769403731245002,0.5985160880552561,22.98568209950836,0.6975983774653701,0.5806379352934533,0.581003048545493,0.3481164143553847,0.11147518504429667,21.263975663711907,0.48661162466306995,3.1228153083312167,0.3226953225819184,45.06689225204293,0.43078730609605753,0.29196573515286706,0.30043302965384705
1.1525,0.8441557833127367,1.421891372012807,0.29280060083724824,0.2918945966821991,6.8303675583066,0.393690279348087,1.0031038743620033,0.42135258438661854,11.681168365912502,0.4630287564820785,0.4152233666578229,0.41688091353986534,0.5907783011469104,0.3746367425339732,10.737726402140943,0.4300903240260755,1.5769363601418163,0.596709320119794,22.95511884772619,0.695958834343412,0.5790677693822036,0.5793375891651742,0.34921785461118704,0.1118030464577236,21.268701167611873,0.4863013060846062,3.1235092931321673,0.32336042410929666,45.10353603275048,0.4313824196633705,0.29246790934322897,0.3012287965650926
1.155,0.8435391526866702,1.4221370368368076,0.29292896713611283,0.2920141993178218,6.830563254335093,0.3935733700225167,1.003132614168859,0.42136545669677145,11.67946734895065,0.46304848904077606,0.4150199129042429,0.41669196576436085,0.5887725868724945,0.3733663732716847,10.737682216675067,0.4299376968285053,1.5769298710895607,0.5948994797227884,22.92430141613476,0.6943208473467801,0.5775032827428647,0.5776768501270988,0.3503053068932124,0.1121265571066682,21.273375030596615,0.4859984491479524,3.1241956939778333,0.32389689692013696,45.123057029583,0.43196412321395544,0.2929377168481156,0.3019657518544109
1.1575,0.8429210111124797,1.422371300629606,0.2930580385057779,0.2921347385884519,6.830753323684472,0.3934580783603584,1.003160527644837,0.42137747431665473,11.677715512737914,0.4630700364326862,0.4148201258814914,0.416507081197998,0.5867693830084723,0.3720981622219914,10.737621389360871,0.42978551863767933,1.5769209380249758,0.5930865168055643,22.893223582371018,0.6926845372931459,0.5759445350751418,0.576021029602631,0.35137848374497715,0.11244564455505748,21.277994540780792,0.4857033814406859,3.1248741126022845,0.3243049883050809,45.12555721120209,0.43253223940102514,0.29337447840028297,0.3026429094224632
1.16,0.8423013686389709,1.4225941542918263,0.2931877254805198,0.29225613037384945,6.8309376531931605,0.3933443765737125,1.003187598171093,0.4213885543875208,11.675912096458537,0.46309330360982087,0.41462390498046936,0.41632615275065327,0.584768904182134,0.37083223148117,10.737544156182985,0.42963403058804733,1.5769095956046293,0.5912703923009911,22.861879570242635,0.6910500237310724,0.5743915852725556,0.5743703344205859,0.352437118514746,0.11276024121604646,21.282557357413253,0.4854163890233543,3.1255442052441453,0.32458553823375885,45.111218218514104,0.43308661823042255,0.29377771509858913,0.3032596378921954
1.1625,0.8416802355135741,1.42280558549712,0.2933179396815001,0.292378291511245,6.831116133144939,0.39323223740230157,1.0032138096347656,0.4213986138868791,11.674056320100197,0.46311819632465784,0.41443114849363544,0.41614907042698834,0.5827713639429524,0.3695687019448706,10.737450772085195,0.42948347188946634,1.57689588126942,0.5894510792004588,22.830264098635972,0.689417425000755,0.5728444918311846,0.5727249806919312,0.35348096674071655,0.11307028477819193,21.287061506581107,0.4851377170387315,3.1262056820156965,0.32473997449917946,45.08030015635242,0.4336271393159394,0.2941471587606109,0.3038156732944715
1.165,0.8410576221857161,1.42300557866829,0.29344859390683914,0.292501139869365,6.8312886576133565,0.3931216340644985,1.0032391464795567,0.4214075696791527,11.672147384963178,0.46314462121696454,0.41424175378557243,0.4159757215714538,0.5807769746896848,0.368307693235754,10.737341512094112,0.42933407942728613,1.5768798354095988,0.5876285632683311,22.798372417928114,0.6877868582440391,0.5713033130905875,0.5710851940962964,0.3545098068936333,0.11337571847819591,21.291505367336356,0.48486757085852056,3.1268583048654426,0.32477029305438826,45.03313837598634,0.4341537133524457,0.29448275666590257,0.3043111218855227
1.1675,0.8404335393119825,1.423194115260825,0.29357960222918666,0.29262459442969657,6.831455124810007,0.3930125402036408,1.0032635937568795,0.42141533856974106,11.670184474131966,0.46317248590873933,0.4140556174760804,0.4158059911263716,0.5787859475400193,0.36704932360039616,10.73721667229452,0.4291860874093065,1.5768615015080079,0.5858028434246405,22.76620033448014,0.6861584393657542,0.5697681072966826,0.5694512098228225,0.35552344046380746,0.11367649121426386,21.295887648810517,0.4846061177339622,3.127501884217176,0.3258301235138996,45.12957303458422,0.43466628263924584,0.29478467035327,0.30474645264356587
1.17,0.8398079977625846,1.4233711743507371,0.293710880098875,0.29274857537319227,6.83161543743416,0.3929049298334969,1.003287137177204,0.42142183736149397,11.668166752913557,0.4632016991052954,0.41387263563312127,0.4156397618999255,0.5767984921469207,0.3657937097784771,10.737076570641197,0.4290397270524623,1.5768409262593035,0.5839739318334793,22.73374422440579,0.6845322829493111,0.5682389324850976,0.5678232721715167,0.3565216914350703,0.11397255750778831,21.300207359623382,0.48435348889715185,3.128136274477366,0.32678677416880314,45.21241762659271,0.4351648205368155,0.29505326844231383,0.3051224795210864
1.1725,0.8391810086286132,1.4235367334961115,0.2938423444498854,0.2928730041697929,6.8317695030205625,0.3927987772867256,1.0033097631611365,0.4214269829124707,11.666093369258444,0.46323217069959993,0.41369270397195346,0.4154769148401431,0.5748148164677109,0.364540966848522,10.736921547589729,0.4288952263014235,1.5768181596625992,0.5821418537503618,22.701001038399937,0.6829085021292269,0.5667158461938809,0.5662016338360804,0.35750440523963073,0.11426387733357446,21.30446377158253,0.48410978204428795,3.1287613687040903,0.3276171877938439,45.278536593973286,0.4356493301312756,0.2952891137615152,0.30544033406588167
1.175,0.838552583229601,1.423690769835637,0.293973913805142,0.2929978036674863,6.831917234281011,0.39269405716990535,1.0033314588895808,0.42143069219369333,11.663963454186423,0.46326381187626725,0.4135157180560433,0.41531732931039916,0.5728351264941782,0.3632912080558899,10.736751966528578,0.42875280957186074,1.5767932550849162,0.5803066471952089,22.667968299913824,0.6812872084258382,0.5651989050257105,0.5645865549039577,0.35847144732862407,0.11455041584863102,21.308656380213456,0.48387506412071485,3.1293770928105116,0.3283236604675864,45.32830577576448,0.43611984268058684,0.29549294536024384,0.30570142953381135
1.1775,0.8379227331209307,1.4238332614066647,0.2941055083771645,0.2931228981771985,6.83205854943395,0.39259074432821944,1.0033522123521448,0.42143288234538623,11.661776122239237,0.4632965352111975,0.41334157349487016,0.41516088336162654,0.5708596259545472,0.3620445446302274,10.736568213996852,0.4286126975125437,1.5767662692931672,0.5784683625264553,22.63464409929968,0.6796685115507453,0.5636881640906596,0.5629783016223441,0.35942270151858013,0.11483214305562316,21.31278486497274,0.4836493743200347,3.129983399721806,0.32890894540150817,45.36216000900192,0.4365764153363969,0.2956656562386023,0.30590741806280797
1.18,0.8372914701004456,1.4239641887026027,0.2942370501599197,0.29324821354968694,6.832193372514849,0.39248881382219286,1.0033720123927208,0.42145542478621284,11.660137860817514,0.46333025476275536,0.4131701661336215,0.41500745399634154,0.5688885160006467,0.3608010856009916,10.736370699677737,0.42847510678217127,1.5767372624531903,0.5766270619938999,22.601027086634907,0.678052519194522,0.5621836763694674,0.5613771449878983,0.3603580682819235,0.11510903343905358,21.316849052026555,0.4834327272051171,3.130580263908837,0.3293761789049198,45.3805827011859,0.43701912853763,0.29580826782798836,0.3060601428262915
1.1825,0.8366588062131882,1.424083536527521,0.2943684630078653,0.29337367724080193,6.832321633659232,0.3923882409180432,1.0033908487510517,0.4215248375500634,11.6597831903014,0.4633648861506008,0.4130013922299896,0.41485691741975306,0.5669219948954939,0.3595609376205871,10.736159856165107,0.4283402498382984,1.5767062980954751,0.5747828193417791,22.567116465718335,0.6764393368103654,0.5606854920424842,0.5597833592210728,0.36127746314053255,0.11538106561041092,21.320848882210598,0.48322511585711847,3.13116767668277,0.3297288005972976,45.38409470108806,0.43744808349390746,0.29592190238285054,0.3061615873067756
1.185,0.8360247537525486,1.4241912962238363,0.294499672698678,0.29349921836199105,6.832443269349858,0.392289001092308,1.003408712099032,0.4215922550323003,11.659361251748093,0.4634003466189325,0.41283514861383064,0.41470914927364233,0.5649602577172219,0.3583242048048128,10.735936138509652,0.4282083347365043,1.576673443048505,0.5729357195186311,22.53291199119258,0.6748290674081471,0.5591936578296475,0.5581972201820353,0.36218081529825796,0.11564822199369665,21.324784386259633,0.48302651495964893,3.131745642557293,0.32997047102683297,45.37324290090726,0.43786339962878046,0.29600775449343125,0.3062138239107742
1.1875,0.8353893252553748,1.4242874683296227,0.2946306069769727,0.29362476771371443,6.832558222620194,0.39219107005053994,1.0034255940705892,0.421657596444103,11.658871123515674,0.4634365550817625,0.4126713328262692,0.41456402484934235,0.563003496094334,0.3570909885994497,10.735700023559282,0.42807956493785926,1.576638767341892,0.5710858585279729,22.498413969928606,0.6732218113719368,0.5577082163815128,0.5566190037741332,0.36306806661540897,0.1159104885759408,21.328655668673246,0.4828368837294511,3.1323141768791576,0.3301049898424304,45.34858899730966,0.4382652121289289,0.2960670629013714,0.3062189640825253
1.19,0.8347525334880151,1.4243720656587544,0.29476119557737146,0.2937502578004234,6.832666443207672,0.39209442375907666,1.0034414872841912,0.4217207815597931,11.658311876660935,0.463473432148823,0.4125098432358531,0.4144214192769788,0.5610518979845273,0.35586138767987924,10.735452009115223,0.4279541391219217,1.5766023440824393,0.569233343426182,22.463623266807904,0.671617666310628,0.5562292057509552,0.5550489843641015,0.3639391709901884,0.11616785473952627,21.332462900764167,0.482656168613131,3.132873304807252,0.330136217478416,45.310698809548136,0.43865366970816555,0.2961010837033719,0.30617911188013025
1.1925000000000001,0.8341143914200942,1.4244451166967762,0.294891370226466,0.2938756228268499,6.832767887652335,0.3919990384882572,1.003456385357334,0.4217817307106278,11.657682575020019,0.46351090013183266,0.41235057913048767,0.41428120768910226,0.5591056475050259,0.35463549788780335,10.73519261292869,0.42783225100131184,1.5765642493067944,0.5673782924450289,22.428541313990497,0.6700167269474613,0.554756658961253,0.5534874332283312,0.36479409417297776,0.11642031318511722,21.336206322617365,0.482484305682374,3.1334230616003174,0.3300680029795115,45.26013250440309,0.4390289325064536,0.29611106587702957,0.30609632267986125
1.195,0.8334749121832242,1.4245066690879515,0.2950210646244032,0.29400079867642614,6.832862519339017,0.3919048908649679,1.0034702829127344,0.42184036476625764,11.656982275207548,0.4635488830319447,0.41219344078498754,0.4141432653578553,0.557164924817124,0.35341341220581807,10.734922371563698,0.42771408913285747,1.5765245618144417,0.5655208351901526,22.39317012181367,0.6684190850502464,0.5532906036711286,0.5519346170148829,0.36563281400231135,0.11666785994619959,21.33988625296381,0.48232122267812827,3.1339634940670025,0.3299041201566033,45.19743601563403,0.4393911701427297,0.2960982298751992,0.3059725683069361
1.1975,0.832834109012942,1.4245567928818796,0.29515021440789124,0.2941257228736053,6.832950308483756,0.39181195793205925,1.0034831755763376,0.42189660510473265,11.656210026523901,0.46358730651015007,0.4120383295050772,0.4140074678058274,0.5552299060623433,0.35219522076733506,10.734641839149331,0.42759983671986096,1.5764833629844617,0.5636611128471336,22.357512288759995,0.6668248293999498,0.5518310619235525,0.5503907961949869,0.3664553210183755,0.11691049448893584,21.343503105412342,0.4821668406771813,3.1344946629496646,0.32964821375836506,45.12313387519623,0.4397405599618655,0.2960637498288351,0.3058097094898923
1.2,0.8321919951738402,1.424595583139417,0.295278757097265,0.29425033453259025,6.833031232067579,0.3917202172119241,1.0034950599675898,0.4219503735725992,11.65536487076811,0.46362609784311365,0.4118851476494667,0.41387369089164455,0.553300763343208,0.35098101089668826,10.734351586041338,0.4274896714004598,1.5764407365789737,0.5617992783162442,22.321571007554578,0.6652340457913992,0.5503780499549964,0.5488562234683014,0.3672616193821311,0.11714821988436504,21.347057409123714,0.48202107538115013,3.1350166459605497,0.3293037568001623,45.03772359886493,0.4400772858208998,0.2960087396889514,0.30560947613221634
1.2025000000000001,0.8315485838699244,1.4246231614889817,0.2954066320308089,0.2943745742954468,6.833105273722725,0.3916296467713525,1.0035059336827314,0.42200159243713736,11.654445841962087,0.4636651858673685,0.41173379863218396,0.4137418108720785,0.5513776647388943,0.34977086717265793,10.734052197409401,0.427383765018363,1.5763967685356621,0.5599354961963676,22.285350064431718,0.6636468170575921,0.5489315780368189,0.5473311420847476,0.36805172800647995,0.1173810430341193,21.350549831861496,0.4818838380557921,3.135529541167034,0.32887401963182666,44.941671693068045,0.4404015374786796,0.29593424343745306,0.3053734555114227
1.205,0.8309038881443508,1.4246396762856768,0.2955337802897978,0.2944983842627821,6.833172423577727,0.391540225284646,1.0035157952720442,0.422050184333108,11.653451965998885,0.46370450091496707,0.4115841869076594,0.4136117044430208,0.5494607743453523,0.34856487150829557,10.733744271764694,0.427282283374189,1.5763515467515365,0.558069942547276,22.248853828925395,0.6620632231092157,0.5474916503209528,0.5458157840522864,0.3688256817907765,0.11760897492604282,21.35398120338994,0.48175503617439475,3.13603347042782,0.32836205076558705,44.83541127463894,0.4407135103317548,0.29584122931060425,0.3051030881642278
1.2075,0.8302579207745375,1.4246453011536526,0.29566014461771756,0.2946217079201354,6.833232678068498,0.3914519320918998,1.0035246442121084,0.42209607220644685,11.652382260231883,0.46374397474364804,0.41143621794120333,0.41348324876202963,0.547550252330855,0.3473631032407922,10.733428419442872,0.4271853859578107,1.5763051608601417,0.5562028043754431,22.21208723211446,0.6604833409826333,0.5460582646672715,0.5443103682131132,0.36958353284180345,0.11783203089271523,21.35735253736915,0.48163457383903563,3.1365285826084524,0.3277706689387138,44.71934122255009,0.44101340523311416,0.2957305878101986,0.3047996709000979
1.21,0.8296106941698231,1.4246402318707378,0.2957856693369323,0.2947444900630288,6.8332860397226804,0.39136474724938036,1.0035324808741322,0.4221391792572218,11.65123573302245,0.46378354046438103,0.41128979816753874,0.4133563214553878,0.5456462550008064,0.346165639226877,10.733105261060533,0.4270932256641195,1.5762577020048767,0.5543342788091908,22.1750557320012,0.6589072448918657,0.5446314124383546,0.5428150981879416,0.3703253515632173,0.11805023084420717,21.36066505017,0.481522352064249,3.137015056344462,0.32710246537024207,44.593826712667,0.4413014283136061,0.29560313312665776,0.30446436610389593
1.2125000000000001,0.8289622202791578,1.4246246817578152,0.2959103002657573,0.294866676723332,6.83333251692416,0.3912786515690887,1.0035393064893683,0.42217942888386784,11.65001138326087,0.4638231324688963,0.41114483494006915,0.413230800612728,0.543748934869255,0.34497255394139587,10.732775425967771,0.42700594849618284,1.5762092626117363,0.552464571951506,22.13776526552784,0.6573350062836395,0.5432110782568804,0.5413301602064953,0.37105122750124087,0.11826359944663363,21.363920175347307,0.4814182690068688,3.137493102166889,0.3263598147132516,44.45920092644342,0.4415777911587274,0.29545960746675437,0.30409821624363315
1.215,0.8283125105156111,1.4245988759321906,0.29603398463853775,0.2949882150992651,6.833372123663965,0.3911936266449523,1.003545123112531,0.42221674463032016,11.648708199869752,0.46386268635955774,0.41100123647359166,0.4131065647723446,0.5418584407379865,0.34378391957876714,10.732439550724022,0.4269236932608131,1.5761599361654755,0.5505938974211056,22.10022218756531,0.6557666938989086,0.5417972397297571,0.5398557208593687,0.37176126984655433,0.11847216622026692,21.367119572832586,0.48132222021328874,3.137962963852327,0.32554489283772803,44.31576767671542,0.4418427116905,0.2953006876711135,0.30370216230086183
1.2175,0.8276615757028222,1.4245630449417754,0.29615667103096377,0.2951090534910328,6.833404879282919,0.391109654863646,1.0035499335840026,0.42225105013722747,11.647325161292404,0.463902138883703,0.41085891178324413,0.41298349290032454,0.5399749177865698,0.34259980615852237,10.732098277627575,0.4268465912622125,1.5761098169936536,0.5487224746127207,22.06243319799153,0.6542023738462976,0.5403898671500623,0.5383919248201955,0.3724556075102557,0.11867596553501326,21.370265132220027,0.4812340989331746,3.1384249189054985,0.32465969934226263,44.16380466340463,0.4420964135397643,0.2951269934316988,0.3032770647074218
1.22,0.8270094260461067,1.4245174183867688,0.2962783092924914,0.2952291412437593,6.833430808210487,0.391026719398788,1.0035537414914804,0.422282269098008,11.645861234961856,0.46394142787426607,0.4107177706225469,0.4128614643665735,0.5380985076778023,0.3414202816368438,10.731752253329184,0.4267747659998002,1.5760590000630306,0.5468505267252208,22.024405258679646,0.6526421096926205,0.5389889231923655,0.5369388925965174,0.373134388714675,0.11887503648673069,21.373358969816586,0.4811537965208547,3.1388792781260326,0.32370608262007866,44.003567063560894,0.44233912535347536,0.2949390963884152,0.3028237253272546
1.2225,0.8263560711281159,1.4244622191386347,0.29639885048735615,0.29534842869905337,6.83344993970339,0.3909448041881141,1.0035565511315896,0.4223103252201082,11.644315376740618,0.46398049219822624,0.41057772342339344,0.4127403589206597,0.5362293486825368,0.34024541202585123,10.731402127556835,0.42670833287673315,1.5760075807922873,0.5449782786205928,21.986145502820175,0.6510859625749668,0.5375943626191165,0.5354967183727393,0.3737977800670136,0.11906942264489295,21.376403419419702,0.4810812029174435,3.1393263842540877,0.3226857654159155,43.835291176371086,0.4425710805263915,0.29473752940712467,0.302342909088221
1.225,0.8257015199261406,1.4243976586775873,0.2965182468452547,0.2954668671561459,6.833462307586875,0.39086389389412124,1.0035583674718869,0.42233514219144763,11.64268653031732,0.4640192717141824,0.4104386812406498,0.4126200566700495,0.5343675758260702,0.3390752615214998,10.731048551971456,0.42664739892599773,1.5759556548839748,0.5431059545875732,21.947661139483678,0.6495339913379359,0.5362061320160013,0.5340654680094534,0.3744459651143307,0.11925917167015992,21.379401017079637,0.4810162071833946,3.1397666097325545,0.321600369101571,43.65919788396942,0.4427925169160903,0.2945227954238961,0.3018353640571619
1.2275,0.82504578084582,1.4243239339014353,0.296636451722288,0.29558440884309456,6.8334679500009665,0.3907839738494674,1.0035591961135943,0.42235664365164555,11.640973626543769,0.46405770723980444,0.4103005557035823,0.4125004380627626,0.5325133210555505,0.3379098926395591,10.730692179163167,0.4265920625611294,1.575903318177105,0.5412337760905555,21.908959356670206,0.6479862526956433,0.5348241695730919,0.5326451772608672,0.37507914241097096,0.11944433480907955,21.38235448039786,0.4809586980365766,3.140200353666831,0.3204514353374572,43.47549574872507,0.4430036764172324,0.29429537537793177,0.30130183905277746
1.23,0.8243888617645215,1.4242412255384875,0.29675341957222295,0.2957010068980199,6.833466909153689,0.39070502998904816,1.0035590432553583,0.4223747531672234,11.639175582694712,0.4640957405293383,0.4101632589756121,0.4123813838756898,0.5306667134247177,0.3367493663575376,10.730333661785572,0.42654241335836046,1.5758506665200132,0.5393619595868953,21.87004722626519,0.6464428014154301,0.5334484049267902,0.5312358502667485,0.3756975231620003,0.11962496628184192,21.38526668319122,0.4809085643470204,3.140628038104017,0.31924044431736304,43.28438363928774,0.44320480387944516,0.29405573493300174,0.30074309827260387
1.2325,0.8237307700772241,1.4241496980644655,0.2968691059275336,0.2958166153597565,6.833459231083166,0.39062704877108373,1.0035579156583112,0.4223893942095315,11.637291301631794,0.46413331426065985,0.4100267037229315,0.4122627752088554,0.5288278792892083,0.335593742258852,10.729973651812815,0.4264985318760874,1.575797795661249,0.537490714493791,21.830931614313936,0.6449036905219278,0.5320787590752966,0.5298374583677615,0.37630132853556286,0.11980112258694747,21.38814062658238,0.4808656955458483,3.1410501037872707,0.3179688293390589,43.086052850986626,0.4433961450967388,0.29380432987946564,0.3001599328197247
1.235,0.823071512738403,1.4240495008200078,0.296983467389081,0.2959311891666974,6.833444965430472,0.390550017089743,1.0035558206127129,0.4224004901337313,11.635319670853393,0.46417037203059264,0.4098908030914207,0.4121444934848838,0.5269969425030322,0.3344430786742401,10.72961279989203,0.42646048951595505,1.575744801154479,0.5356202413796685,21.791619099837252,0.6433689715155151,0.5307151443778045,0.5284499392838128,0.37689078675965976,0.11997286175288935,21.390979407725556,0.48082998192022736,3.1414670055628893,0.3166379879277981,42.88068875097701,0.4435779445572441,0.29354161028629955,0.299553169389143
1.2375,0.822411096295005,1.423940769886493,0.2970964616227195,0.2960446841620408,6.833424165225184,0.39047392218184046,1.0035527659064567,0.42240796415681614,11.63325956141393,0.4642068583564428,0.40975547069025214,0.41202642045198934,0.5251740246049874,0.33329743281454033,10.729251754753461,0.4264283484277508,1.5756917782718558,0.533750730445115,21.752115905060272,0.6418386945972289,0.5293574646449828,0.5270731966845223,0.37746613013108465,0.12014024257052912,21.39378618741038,0.48080131478492005,3.141879207622631,0.3152492901010688,42.6684720266142,0.44375044337750685,0.29326802360729104,0.29892367665479014
1.24,0.8217495269078047,1.423823630224186,0.2972080473606469,0.29615705710316825,6.8333968866858115,0.3903987515300178,1.003548759795761,0.4224117393324749,11.631109826700895,0.46424271868127387,0.4096206205797119,0.41190843818813333,0.5233592449829689,0.3321568608886424,10.728891162633097,0.4264021614580843,1.575638821919227,0.5318823603458617,21.71242783944912,0.6403129088913025,0.5280056153256292,0.5257071001697092,0.37802759206360736,0.12030332384003656,21.396564157695654,0.4807795865400822,3.1422871787504265,0.31380408456672054,42.44957964248727,0.4439138784894791,0.2929840170188821,0.29827237004642204
1.2425,0.8210868103608316,1.4236981976104093,0.2973181844049822,0.2962682656725585,6.833363189037104,0.39032449276463776,1.0035438109783383,0.4224117385207271,11.628869301067306,0.46427789937993824,0.4094861672603156,0.4117904291037371,0.5215527210045252,0.3310214182007361,10.728531666659032,0.42638197214095763,1.575586026546017,0.53001529739628,21.67256025939183,0.6387916626560195,0.5266594837918795,0.5243514856663563,0.37857540428844494,0.12046216366284167,21.399316510520674,0.480764690640624,3.142691387712656,0.3123037036923893,42.224185617497895,0.4440684814437484,0.2926900392737952,0.29760021560998867
1.245,0.8204229520607621,1.4235645800222556,0.29742683363092803,0.29637826848751747,6.833323134346178,0.3902511335664154,1.0035379285693302,0.42240788435074084,11.626536798332808,0.4643123477628025,0.4093520256603338,0.4116722759406147,0.5197545681036819,0.32989115922195783,10.728173906154234,0.42636781472718344,1.5755334860428314,0.5281496951774193,21.632518044764943,0.6372750034749898,0.5253189497230748,0.5230061562373469,0.37910979429463676,0.12061681880245087,21.402046407963912,0.4807565215118262,3.143092298890356,0.3107494680026967,41.992461722570106,0.4442144754106063,0.29238654230394623,0.29690823352451395
1.2475,0.8197579570298461,1.423422878262579,0.29753395698696017,0.2964870251061083,6.833276787378958,0.3901786615716344,1.0035311220802232,0.422400099176131,11.624111110187958,0.4643460120744434,0.40921811111940926,0.4115538617655893,0.5179648998168941,0.32876613763309126,10.727818515814912,0.42635971424936364,1.5754812936207923,0.5262856945595468,21.59230559302885,0.6357629784237498,0.5239838855863004,0.5216708832866703,0.3796309830646038,0.12076734412932777,21.4047569545212,0.4807549744473559,3.143490368208009,0.3096642364728356,41.8250211170271,0.4443520737085103,0.29207398271917556,0.29619750164623837
1.25,0.8190918298968768,1.4232731857993328,0.29763951748979545,0.29659449602700505,6.833224215477719,0.3901070642816559,1.003523401400865,0.4223883050232979,11.621591004562939,0.4643788414850726,0.4090843393669753,0.4114350699585077,0.516183827764631,0.32764640633690334,10.727466124735539,0.42635768661968626,1.5754295416683546,0.524423424135801,21.551926830915743,0.6342556342088228,0.522654157209459,0.5203454081358133,0.38013918312695394,0.12091379215592045,21.407451171516605,0.4807599455192928,3.14388603937554,0.30884024355078843,41.69370624024129,0.4444814789739425,0.29175282325153323,0.2954691592215442
1.2525,0.8184245748908303,1.4231155879474102,0.2977434792123901,0.29670064268153057,6.8331654884595565,0.39003632897832596,1.0035147767845547,0.4223724235348209,11.61897522404954,0.46441078607320824,0.40895062649549035,0.4113157841958527,0.5144114615790257,0.3265320174406926,10.727117355266923,0.4263617387588139,1.575378321583602,0.5225630010509982,21.51138524322053,0.6327530172779997,0.5213296244401524,0.5190294439366768,0.38063459692060786,0.12105621266002314,21.410131973582715,0.4807713315167692,3.1442797404342246,0.3079574191169799,41.55526432620032,0.4446028826389598,0.29142353411313376,0.2947244107060723
1.2550000000000001,0.8177561958411567,1.4229501606439572,0.297845807263837,0.29680542741681004,6.833100678534424,0.3899664426468136,1.0035052588360047,0.42235237591135827,11.616262484489381,0.4644417967990149,0.408816888929841,0.4111958884325867,0.5126479087815023,0.32542302221133684,10.72677282171013,0.42637186875517374,1.5753277235824379,0.52070453219762,21.470683917678382,0.6312551739016183,0.5200101418803114,0.5177226778775079,0.38111741544624367,0.12119465238934292,21.41280214707529,0.4807890299133799,3.144671880586677,0.3070168903638594,41.409846329393744,0.44471646481127114,0.2910865941861171,0.29396452948536567
1.2575,0.8170866961874437,1.4227769691335028,0.2979464677606795,0.29690881346968206,6.833029860239788,0.38989739190731143,1.0034948585017447,0.42232808285663603,11.613451473855523,0.46447182546860805,0.4086830433953765,0.4110752668859453,0.5108932746167324,0.32431947100624153,10.726433128863407,0.42638806605462465,1.575277836485187,0.5188656608111427,21.430550263159265,0.6297621502256241,0.5186955596823286,0.5164247736302084,0.38158781717494,0.12132915483807098,21.415464330315046,0.4808129388476375,3.1450628472951694,0.30601979582558786,41.25760416766886,0.4448223944566492,0.29074249195204327,0.29319086122740506
1.26,0.8164160789995909,1.4225960668768478,0.2980454277897496,0.2970107649316674,6.832953110387424,0.38982916295687325,1.0034835870623082,0.42229946453063655,11.610540851553507,0.46450082469038245,0.4085490068876649,0.4109538040253597,0.5091476618502542,0.32322141318396524,10.726098870448249,0.4264103116805237,1.5752287474854485,0.5171606860649283,21.395715340081395,0.6282739922981155,0.5173857243878336,0.5151353739805423,0.3820459671887233,0.12145976008726017,21.418120995648223,0.4808429570896615,3.145453003647056,0.3049672951401975,41.098692048587644,0.44492083014757094,0.2903917260900857,0.2924048266026971
1.2625,0.8157443470080218,1.422407494926474,0.2981426553630876,0.29711124670582484,6.832870508015992,0.38976174152236476,1.0034714561252673,0.4222664405158971,11.607529248248655,0.46452874782494785,0.4084146966471206,0.4108313845723958,0.5074111705366535,0.3221288969979838,10.725770627442795,0.4264385784836558,1.57518054190534,0.5154589928539434,21.360792345180215,0.6267907460710417,0.5160804797859903,0.5138541035781442,0.38249201653992365,0.12158650470396584,21.420774433448667,0.4808789839643699,3.1458426860053303,0.3038605786295884,40.933267761425434,0.4450119212946127,0.2900348057155878,0.29160792316016587
1.2650000000000001,0.8150715026421915,1.4222112818844759,0.29823811936579764,0.29721022445668094,6.832782134341607,0.3896951128250305,1.003458477617975,0.42222892980084153,11.604415266289692,0.46455554893053164,0.40828003014111125,0.41070789351357595,0.5056838977638023,0.3210419694763386,10.725448966345793,0.42647283142054954,1.5751333029405432,0.5137606278464935,21.3257821784455,0.6253124573776752,0.5147796677654939,0.5125805717419748,0.3829261018308667,0.12170942169805689,21.42342673830875,0.4809209192081611,3.1462322019806312,0.3027008768519042,40.76149395713603,0.4450958092005578,0.2896722502765768,0.29080172621697165
1.2675,0.8143975480749762,1.422007444404978,0.2983317894978458,0.29730766455462676,6.832688072697445,0.38962926155652866,1.0034446637786927,0.4221868507824999,11.601197480749825,0.46458118270575227,0.4081449250552052,0.41058321612741666,0.5039659373770333,0.31996067628918834,10.725134437385073,0.42651302785778566,1.5750871113972034,0.5120656335957133,21.290685577840357,0.6238391718844003,0.5134831291343467,0.5113143752599315,0.3833483450276458,0.12182854053896332,21.426079797758497,0.48096866275137157,3.1466218287745393,0.3014894703392527,40.58353944599516,0.4451726275371739,0.2893045891609253,0.2899878886795412
1.27,0.8137224852705764,1.4217959880619297,0.2984236362108911,0.29740353401626984,6.8325884084531125,0.38956417186550785,1.003430027144753,0.4221401212891467,11.597874441053792,0.464605604431572,0.40800929929409924,0.41045723802531103,0.5022573796861125,0.31888506160594954,10.724827572674371,0.42655911789941997,1.575042045421239,0.510374051104434,21.25550322667778,0.6223709350131269,0.5121907043847536,0.510055101129128,0.38375885352807354,0.1219438872363597,21.428735283901535,0.4810221144390087,3.147011811951236,0.3002276997084995,40.399580538955725,0.4452425025090763,0.2889323610814328,0.28916813974242744
1.2725,0.8130463160342469,1.4215769083168768,0.298513630641315,0.29749780044227975,6.832483228905167,0.3894998273530463,1.0034145805364778,0.42208865862168615,11.594444673113179,0.4646287699140893,0.4078730709917697,0.410329845204407,0.5005583111580353,0.31781516794402515,10.724528884315491,0.4266110447349163,1.5749981802196285,0.5086859222733856,21.22023585744911,0.6209077918333726,0.5109022343869741,0.5088023291953977,0.3841577205030683,0.12205548448843867,21.431394648368258,0.4810811737220025,3.147402364696332,0.2989169762260444,40.20980244440309,0.44530555302403196,0.2885561132973245,0.2883442824039591
1.2750000000000001,0.8123690420631743,1.4213501913192248,0.29860174454074234,0.2975904319543134,6.832372623131961,0.38943621107471116,1.0033983370358635,0.4220323796114594,11.590906681862716,0.4646506354297145,0.4077361585297413,0.41020092410970665,0.49886881410016576,0.3167510360120789,10.724238862442462,0.42666874500610125,1.574955587773175,0.5076231930109628,21.210870274008712,0.6194497869285848,0.5096175610047793,0.5075556346653983,0.38454502552341757,0.1221633518991672,21.43405912097452,0.4811457393647961,3.14779366761988,0.29755879273896846,40.01440070967437,0.44536189099834006,0.2881764007019923,0.2875181896974855
1.2775,0.8116906649987671,1.4211158143575542,0.2986879502055338,0.29768139713267694,6.832256681808666,0.38937330554682087,1.0033813099594135,0.4219712006917577,11.587258954083302,0.46467115767422346,0.40759848056220976,0.4100703617024692,0.49718896634069815,0.31569270455219456,10.723957973210329,0.4267321491934137,1.5749143365411418,0.506689066840146,21.206741304333807,0.617996964244756,0.5083365276346568,0.5063145904801075,0.3849208354723137,0.12226750626237884,21.43672971245111,0.48121570921821666,3.148185869157226,0.2961547346841182,39.81358267027257,0.4454116221688211,0.2877937847661545,0.28669179947773143
1.28,0.8110111864811018,1.4208737459276757,0.29877222040692863,0.29777066495643745,6.832135496981647,0.389311092754816,1.003363512825005,0.42190503798084245,11.583499961416287,0.46469029371718434,0.40745995604707363,0.4099380455326398,0.4955188409161478,0.31464021018665855,10.723686656742956,0.426801182023674,1.5748744911598682,0.5057225155924477,21.20112312049491,0.6165493669303119,0.5070589796791132,0.5050787695519892,0.38528520573110037,0.1223679619065991,21.439407221581817,0.4812909800977699,3.1485790866173002,0.29470649068409543,39.60756884312321,0.4454548473240752,0.28740883228283237,0.2858671075416823
1.2825,0.8103306082060672,1.4206239455402623,0.2988545283236869,0.2978582047477128,6.832009161804815,0.38924955416247764,1.0033449593131671,0.4218338073755576,11.579628163514865,0.4647080009632726,0.4073205042826175,0.40980386381433465,0.4938585057777172,0.31359358727607856,10.723425325067538,0.42687576290310975,1.5748361121394323,0.5047233506960498,21.193999393713902,0.6151070371771391,0.5057847649696651,0.503847746877583,0.385638181613782,0.12246473109094813,21.442092247051054,0.48137144778858043,3.1489734079225538,0.29321586206082983,39.39659417682606,0.4454916637342201,0.28702211382510545,0.28504615882193196
1.285,0.8096489319849475,1.4203663635004802,0.2989348474791421,0.297943986121799,6.831877770243647,0.389188670721932,1.003325663223617,0.421757424656445,11.575642011335134,0.46472423712194594,0.4071800449504624,0.4096677055050916,0.4922080235292619,0.3125528677957823,10.723174360075744,0.42695580637979363,1.574799255564226,0.5036914015317945,21.18535450100541,0.6136700160734828,0.5045137341563893,0.5026211015415156,0.38597980001655424,0.12255782443988253,21.44478520424035,0.48145700717367973,3.14936889407568,0.2916847704632185,39.180909054164175,0.44552216658158866,0.2866342018068768,0.28423103638461333
1.2875,0.8089661598050866,1.4201009409128094,0.29901315168451925,0.29802797894463456,6.831741416754916,0.38912842288569277,1.0033056384282217,0.4216758056072095,11.571539950629928,0.4647389601867845,0.4070384981662438,0.40952946039131877,0.49056745120887985,0.3115180812367989,10.72293411155919,0.42704122263850647,1.574763972804447,0.5026265166875841,21.175173586256783,0.6122383434783802,0.5032457410782659,0.5013984186270013,0.38631009124215643,0.12264725140312663,21.44748634710567,0.48154755245792263,3.149765582372507,0.29011526272985877,38.96077993202286,0.4455464508273554,0.28624566803518586,0.28342384800603265
1.29,0.808282293889328,1.4198276100889913,0.2990894149902114,0.2981101532988712,6.8316001959517205,0.3890687906230787,1.0032848988218073,0.42158886615297436,11.567320425759208,0.46475212842562047,0.4068957845401025,0.4093890191837345,0.488936840123965,0.3104892545362969,10.722704895369704,0.4271319180281299,1.5747303102459127,0.5015285651252431,21.16344261747084,0.610812057924793,0.5019806431229558,0.5001792910430977,0.3866290809543464,0.1227330207267487,21.450195795092068,0.4816429774404486,3.1501634903546676,0.2885095121029177,38.73648950289114,0.4455646128450212,0.2858570806611,0.28262671019716906
1.2925,0.8075973367515794,1.419546295396991,0.29916361164648064,0.2981904794595725,6.831454202263877,0.3890097534439052,1.0032634582722821,0.42149652252254527,11.56298188395794,0.46476370038236653,0.406751825249323,0.4092462736273053,0.48731623574635885,0.30946641204041786,10.722486991752591,0.427227795617223,1.5746983090452895,0.5003974372234926,21.150148438563455,0.6093911965559482,0.5007183015777895,0.49896332127238313,0.38693679221372285,0.12281514092156011,21.452913564784293,0.4817431757770202,3.1505626204577872,0.2868698149846302,38.50833627163523,0.44557675011361647,0.28546900047310764,0.2818417296904767
1.295,0.8069112912462425,1.4192569144420248,0.2992357160748174,0.2982689278803291,6.831303529603808,0.3889512904321826,1.0032413305715713,0.42139869143951547,11.558522780196244,0.4647736348911047,0.40660654212523933,0.4091011166299723,0.48570567767061773,0.30844957550034446,10.722280643895546,0.427328755768006,1.574668004916983,0.4992330456525899,21.13527881380459,0.607975795095337,0.4994585819674122,0.49775012303667804,0.38723324754102245,0.12289362071538634,21.455639605652383,0.48184804116969415,3.150962965261066,0.2851985825908175,38.27663346226258,0.44558296016354204,0.2850819765280734,0.2810709825877327
1.2975,0.8062241606103081,1.4189593793781254,0.2993057028509793,0.29834546919039634,6.831148271047273,0.3888933802916313,1.0032185293887275,0.42129529034536073,11.55394158272262,0.4647818911026529,0.40645985775583343,0.4089534424132975,0.4841051996349973,0.307438764100506,10.722086056728603,0.4274346967134317,1.5746394279569007,0.4980353260366839,21.118822463040427,0.6065658878472343,0.4982013543691956,0.4965393228747475,0.38751847094724606,0.12296846947595585,21.45837383885135,0.48195746742292594,3.1513645131853734,0.28379455968629136,38.08145767671887,0.44558333974146813,0.2846965411743259,0.28031649157232286
1.3,0.8055359484982293,1.4186535981489157,0.299373546700538,0.29842007420330996,6.830988518537435,0.3888360014033266,1.0031950682264708,0.4211862376548413,11.549236779304954,0.4647884285234915,0.40631169560434166,0.4088031466861271,0.48251482960196346,0.30643399451629233,10.721903396002892,0.4275455151173404,1.5746126025071587,0.4968042373697162,21.10076908626525,0.6051615077219772,0.4969464936959952,0.49533056162550837,0.38779248986221765,0.1230396975911281,21.461116197619898,0.4820713483095628,3.151767254426183,0.28262187707036346,37.9179657294827,0.44557798443545393,0.284313204582357,0.2795802017901733
1.3025,0.8048466590107504,1.4183394755491827,0.29943922250755667,0.29849271393728005,6.830824362619512,0.38877913189402596,1.0031709603822205,0.4210714530404985,11.544406884088106,0.46479320706659694,0.4061619801428282,0.4086501268398236,0.48093458989308147,0.30543528099760725,10.72173278766933,0.4276611065947597,1.5745875470648367,0.4957089862717244,21.088308459777718,0.6037626862805707,0.49569387993701186,0.49412349581284987,0.38805533688653165,0.12310731679322248,21.463866667459353,0.48218957719546074,3.152171186854229,0.2814283068529488,37.75229705896701,0.445566989546043,0.2839324489536348,0.27886395617429055
1.305,0.8041562967193023,1.4180169141458705,0.29950270533675244,0.2985633596474573,6.8306558922119285,0.38872274971211096,1.0031462189144855,0.4209508577394508,11.53945044489072,0.4647961871133816,0.40601063699826945,0.40849428216096956,0.47936449737200065,0.30444263547403866,10.721574317572834,0.42778136616887547,1.5745642742370705,0.49484468206936705,21.085519525031316,0.6023694537943743,0.49444339835068324,0.49291779893256266,0.38830705128924276,0.12317134041481255,21.46662532403661,0.48231204637789304,3.152576321581908,0.28021573236984854,37.58469512497698,0.4455504504759745,0.2835547226202922,0.2781694711042622
1.3075,0.8034648666871579,1.417685815237402,0.29956397046914474,0.29863198286986764,6.830483194418564,0.3886668327069427,1.0031208566152916,0.4208243748727296,11.534366050686383,0.46479732958557307,0.40585759310745534,0.4083355140551791,0.4778045636687669,0.3034560676772335,10.72142803147365,0.4279061886433314,1.574542790744183,0.49394337194124527,21.081012159372392,0.6009818393144415,0.49319493960751926,0.49171316264635834,0.3885476801779029,0.12323178356502033,21.46939236670846,0.4824386461025612,3.152982687886644,0.2789859929031524,37.415397187138986,0.445528461107226,0.28318043427244116,0.2774983133360302
1.31,0.8027723744874553,1.417346080105684,0.29962299345073423,0.2986985554764157,6.830306354385434,0.38861135870700325,1.0030948859891342,0.42069192976559977,11.529152338970897,0.4647965960254723,0.40570277687612266,0.4081737262741461,0.4762547954386561,0.30247558527611706,10.721293935404653,0.428035468873157,1.5745230974721593,0.49300493894154296,21.07477199691118,0.5995998707465887,0.4919483998844513,0.4905092978908805,0.3887772792802267,0.12328866321834361,21.472168145750484,0.48256926323954547,3.1533903372097085,0.27774085938302323,37.24463112204595,0.44550111299629114,0.28280994755217914,0.276851879100192
1.3125,0.8020788262168044,1.416997611792755,0.29967975015324705,0.2987630497398893,6.830125455204113,0.38855630559249815,1.0030683192387941,0.420553450256919,11.523808002714416,0.4647939486826413,0.40554611833730553,0.4080088251374965,0.4747151946489017,0.301501194020759,10.72117199637187,0.42816910192424773,1.5745051895755233,0.4920292881565941,21.066785576400424,0.5982235749295464,0.4907036809146688,0.48930593590980676,0.38899591329731475,0.12334199821222644,21.474953181790667,0.4827037796215071,3.1537993460102305,0.27648200918097593,37.07261211777093,0.44546849497209184,0.28244357623338645,0.27623137615168186
1.315,0.8013842285019926,1.4166403175175883,0.29973421684547197,0.2988254384074214,6.829940577863654,0.38850165135898035,1.0030411682582776,0.42040886698652874,11.518331796631202,0.46478935060472554,0.40538754930391024,0.40784071974138253,0.4731857588869047,0.3005328978908773,10.721062143403444,0.4283069831191078,1.5744890566313883,0.49101634691190066,21.057040357291765,0.5968529777117867,0.48946068999765596,0.4881028292142324,0.3892036558144658,0.12339180915438633,21.477748176552307,0.48284207007696806,3.1542098173428914,0.27521100147024824,36.89953944091486,0.445430692137098,0.28208158016654483,0.27563780937340415
1.3175000000000001,0.800688588496716,1.4162741116748558,0.29978637027329225,0.2988856947804504,6.829751801252419,0.3884473741697754,1.0030134446330843,0.4202581136516182,11.512722542561026,0.4647827657298808,0.40522700351097035,0.40766932214688584,0.47166648168366043,0.2995706992451418,10.720964268949464,0.42844900797455193,1.5744746828450364,0.48996606488673483,21.04552473250883,0.5954881040242295,0.4882193399732035,0.48689975247087197,0.38940058878332895,0.12343811824556626,21.480554014726106,0.4829840002237922,3.1546218811328623,0.2739292545706098,36.725593464035654,0.44538778402648327,0.28172416211317336,0.2750719703131457
1.32,0.79999191386551,1.4158989191807234,0.29983618774623094,0.2989437927989376,6.829559202211363,0.3883934523962614,1.002985159648033,0.42010112722550225,11.506979133830002,0.4647741589781681,0.4050644167437732,0.40749454754290526,0.4701573528461204,0.2986145989675843,10.720878230629285,0.4285950720443174,1.5744620473065274,0.48887841415059285,21.032228038626926,0.5941289779443418,0.48697954916094943,0.48569650331017133,0.3895868016145522,0.12348094902719127,21.483371757521684,0.4831294241173601,3.1550356932287813,0.27406371073867025,36.74206598874048,0.44533984250187403,0.2813714655322962,0.27453443079344486
1.3225,0.7992942127531364,1.4155146788030668,0.29988364722822497,0.2989997071274949,6.829362855640272,0.3883398646462192,1.0029563243028634,0.41993784813491863,11.50110053853364,0.4647634963393613,0.4048997269490052,0.40731631438005644,0.46865835879201395,0.29766459660753414,10.720803853314203,0.4287450706852594,1.5744511242965595,0.4877533891212804,21.017140563513422,0.5927756227512876,0.4857412412640444,0.48449290303839365,0.38976238994045104,0.12352032606602584,21.486202629106128,0.4832781818684672,3.1554514334111268,0.27435944812856883,36.780696393223664,0.4452869298823779,0.2810235733198063,0.27402554050496464
1.325,0.7985954937393214,1.415121346068129,0.29992872743041066,0.299053413241159,6.829162834658138,0.3882865897814479,1.0029269493357889,0.4197682203945099,11.495085801752582,0.46475074495486574,0.40473287432714605,0.40713454447402736,0.46716948288031473,0.2967206905096088,10.72074093152106,0.42889889876946324,1.5744418836379939,0.48659100643151704,21.000253550899007,0.591428060971025,0.48450434523249236,0.4832887972303814,0.3899274541216653,0.12355627458948458,21.48904799765145,0.4834300973535779,3.1558693026088585,0.2746612376489428,36.820672882527994,0.44522909762400076,0.28068050744867146,0.2735454282987687
1.3275000000000001,0.7978957657806237,1.414718895379797,0.29997140790389676,0.2991048875087851,6.8289592108178345,0.3882336069266955,1.0028970452550234,0.4195921916995395,11.488934046770176,0.4647358731918754,0.4045638014054998,0.4069491630787392,0.46569070573014815,0.29578287793041086,10.720689232078163,0.4290564503659846,1.574434291087369,0.4853913046823475,20.981559200940016,0.5900863144074764,0.48326879507916265,0.4820840561740607,0.3900820975811985,0.12358882008625839,21.491909353045017,0.4835849761338087,3.1562895196259824,0.27496894353146206,36.86197726982557,0.44516638562185884,0.28034222942017967,0.27309400674885553
1.33,0.797195038142914,1.414307321104717,0.3000116691307565,0.29915410727237285,6.8287520543732985,0.3881808954727857,1.0028666223780203,0.4194097134801068,11.482644475411385,0.46471885070846203,0.4043924530924419,0.40676009893153364,0.464222005520689,0.2948511551387904,10.720648497010433,0.42921761841509753,1.5744283087586126,0.4841543440590397,20.961050665672094,0.5887504041542941,0.4820345296399617,0.4808785751346679,0.3902264250553638,0.12361798788803002,21.494788283451356,0.48374260368147964,3.156712317699434,0.2752822015777321,36.90456106759332,0.44509882095518805,0.2800086414180084,0.27267097947257146
1.3325,0.7964933203291443,1.4138866375345205,0.30004949261171754,0.2992010509210161,6.82854143459446,0.38812843507768635,1.0028356908777216,0.4192207409222655,11.47621636766868,0.46469964850890527,0.4042187767146436,0.40656728427443367,0.4627633582647507,0.2939255174969141,10.720618446578944,0.42938229441526166,1.5744238955694254,0.48288020578896834,20.938722038371864,0.5874203505835877,0.48080149226966573,0.4796722744067365,0.39036054085548577,0.12364380274969146,21.497686452858233,0.48390274398942634,3.1571379412015044,0.2756004181060705,36.94834536285866,0.44502641609095084,0.2796795880588148,0.2722758506738765
1.335,0.7957906220075965,1.4134568777995584,0.30008486094922066,0.29924569795851413,6.8283274201215765,0.38807620567013273,1.0028042608345964,0.41902523296345007,11.469649080822037,0.46467823898917254,0.4040427220401268,0.40637065485722534,0.4613147380495668,0.2930059595200472,10.720598782402314,0.4295503681390383,1.5744210076996883,0.48156899143066895,20.914568336214636,0.5860961733116042,0.47956963046685985,0.4784650991254564,0.3904845472368899,0.12366628844761436,21.500605581509333,0.4840651386145851,3.157566642766198,0.27592277081380323,36.99322094516208,0.44494916785254246,0.2793548586529643,0.27190793640582733
1.3375000000000001,0.7950869529455147,1.413018091945511,0.3001177579246266,0.2992880290639687,6.828110079346619,0.38802418746112033,1.0027723422926502,0.41883682108197834,11.463316155560538,0.464654595972967,0.40386424129090415,0.40617014992953926,0.45987611723992455,0.2920924749140183,10.720589190585375,0.42972172738952624,1.5744195990509369,0.4802208219974486,20.888585476186684,0.5847778911396628,0.4783388954255457,0.477257018816263,0.3905985429714774,0.12368546741760474,21.50354743074649,0.48422950618868343,3.15799868106317,0.27624821168130703,37.039048703689126,0.44486705715309727,0.2790341899214137,0.27156637712049325
1.34,0.794382322952035,1.4125703444736106,0.3001481685683886,0.29932802614488124,6.827889480805872,0.38797236096887106,1.002739945317083,0.41868370178934705,11.457989554748151,0.46462869473914664,0.40368328914955526,0.4059657122300367,0.4584474666413481,0.29118505659081517,10.720589344783415,0.4298962578041421,1.5744196216963726,0.4788358369358966,20.86077024490379,0.5834655219685632,0.4771092415172958,0.47604802667229734,0.3907026222146914,0.12370136045527388,21.506513793287724,0.48439554241773913,3.1584343193699627,0.2765754720381823,37.08566030830607,0.44478004903284246,0.27871726915182937,0.27125015116894596
1.3425,0.7936767418327992,1.412113711676839,0.3001760792219929,0.2993656723823732,6.827665693565172,0.3879207070624971,1.0027070800508637,0.41852379264635586,11.452517808184306,0.4646005120415098,0.4034998227642345,0.40575728798096744,0.4570287556242448,0.2902836966645823,10.720598909136744,0.4300738427082484,1.5744210263118341,0.4774141929973994,20.831120263721015,0.5821590826913356,0.4758806257159786,0.47483813856311935,0.39079687374474203,0.12371398650072243,21.50950648939871,0.4845629205879542,3.1588738250097532,0.276903069894308,37.13285918609025,0.444688092788608,0.2784037378098723,0.2709580890116305
1.345,0.7929702193568495,1.4116482790781264,0.3002014775904464,0.29940095226817465,6.827438787578055,0.38786920702835304,1.002673756767329,0.4183570633892431,11.446900480319364,0.46457002612194415,0.40331380175619713,0.40554482689552895,0.4556199522133959,0.2893883864322347,10.72061754101836,0.43025436301756664,1.5744237625793156,0.47595606305738314,20.79963395121007,0.5808585890715005,0.4746530069862547,0.4736273917937163,0.3908813806305765,0.12372336252602485,21.51252736883092,0.48473129259532927,3.159317469635985,0.2772293196060548,37.18042180016307,0.44459112228107417,0.27809319564206464,0.27068888798289703
1.3475,0.7922627652346643,1.4111741392007215,0.30022435278408194,0.29943385163299907,6.827208833997701,0.38781784266098224,1.0026399859159936,0.4181834871744798,11.441137202605459,0.4645372167177516,0.40312518823291776,0.4053282822034893,0.4542210231502511,0.28849911634462444,10.720644893544792,0.43043769718568575,1.5744277795557087,0.47446163495054516,20.766310485654337,0.5795640556146054,0.4734263456660227,0.47241584364879446,0.39095622035632105,0.12372950353797085,21.515578317866222,0.4849002905153963,3.1597655302669345,0.2775523439003833,37.22809923130456,0.4444890569737704,0.2777852053090033,0.27044112751037663
1.35,0.7915543891048373,1.410691389790844,0.30024469534849796,0.2994643576658566,6.826975905425948,0.3877665963778002,1.0026057781591224,0.4180030406429262,11.43522767527592,0.46450206506362285,0.40293394680827144,0.4051076106974868,0.4528319339375541,0.2876158759753178,10.720680617806286,0.4306237211913168,1.5744330260003263,0.4729311103989978,20.73114977059742,0.578275495446388,0.4722006028802695,0.47120356977154665,0.39102146539688254,0.12373242270047217,21.518661270390393,0.4850695287235883,3.1602182909119616,0.2778700882200006,37.275619055390194,0.4443818037206716,0.27747929756994943,0.270213284715176
1.3525,0.7908451005261743,1.4102001324894216,0.3002624972815683,0.29949245892380405,6.8267400760867,0.3877154513535986,1.0025711443971954,0.4178157040141728,11.429171670011403,0.4644645538882855,0.402740044629223,0.4048827727985492,0.4514526488763485,0.286738653994219,10.720724364777286,0.4308123085591647,1.5744394506554753,0.4713647041125208,20.69415240662469,0.5769929202155588,0.4709757400278141,0.4699906624364465,0.3910771842065221,0.12373213157209806,21.52177822166687,0.4852386065633848,3.1606760445943136,0.2781803372870956,37.3226875018596,0.44426925860891225,0.27717497700437804,0.2700037503154204
1.355,0.7901349089720194,1.4097004718375634,0.3002777520366934,0.2995181453316294,6.826501421916342,0.38766439166807964,1.002536095782187,0.41762146120359633,11.422969033285051,0.46442466740539257,0.4025434514062629,0.4046537326351656,0.45008313110421433,0.28586743815234983,10.720775786873597,0.4310033304082403,1.574447002475139,0.46976264313512295,20.655319672423484,0.5757163400342463,0.4697517183820761,0.4687772287802902,0.3911234425540736,0.12372864044568269,21.524931243418205,0.485407111538475,3.16113909556598,0.2784807337186442,37.368991871012284,0.4441513086118861,0.27687172820917716,0.2698108447328022
1.3575,0.7894238238244088,1.4091925144233406,0.3002904545118276,0.2995414081710694,6.82626002056976,0.38761340245745496,1.0025006437184487,0.4174202999491612,11.416619690036795,0.46438239129784753,0.4023441394428078,0.40442045812633903,0.44872334264083685,0.28500221528211034,10.72083453913087,0.4311966555219395,1.5744556307980506,0.4681251664999042,20.614653517758203,0.5744457634669075,0.4685284988416827,0.4675633890537052,0.39116030511853456,0.12372195877002737,21.528122498931936,0.4855746229792853,3.1616077615261315,0.2787687984692646,37.414203181585705,0.44402783348525665,0.2765690223604795,0.26963283427209134
1.36,0.7887118543669603,1.4086763679536516,0.3003006010243355,0.2995622400594104,6.826015951346539,0.3875624700600841,1.0024647998518725,0.41721221193086083,11.410123647219267,0.46433771269459245,0.4021420836573191,0.4041829210561459,0.4473732444433128,0.284142971314636,10.720900279992383,0.4313921504350735,1.5744652854633852,0.4664936761163942,20.573971465349317,0.5731811975738512,0.46730604185686186,0.46634927494677036,0.39118783724848966,0.1237120956291473,21.531354257141853,0.4857407161075434,3.1620823756890877,0.27904195283167454,37.45797901508596,0.4438987080965837,0.27626632398556816,0.26946794721881095
1.3625,0.7879990097769382,1.408152140071076,0.3003081892723855,0.2995806349177272,6.825769295047648,0.3875115821464299,1.0024285760488427,0.41699719286371023,11.403480996705676,0.4642906201389835,0.4019372615913099,0.4039410971260361,0.44603279646977456,0.28328969131292825,10.720972671713204,0.43158967953410454,1.574475916870115,0.4652248254696152,20.549026858590242,0.571922648006925,0.4660843075443277,0.46513502802853457,0.3912061067875552,0.1236990602524655,21.534628904924716,0.48590496639962805,3.1625632885902046,0.2792975416896272,37.499966519515056,0.4437638051517054,0.27596309776014893,0.26931438968802635
1.365,0.7872852991182593,1.4076199368231177,0.30031321828433116,0.2995965879295575,6.825520133777268,0.3874607278252742,1.0023919843671323,0.4167752425459338,11.396691917067242,0.4642411035482707,0.4017296533969099,0.4036949659718031,0.4447019577468335,0.28244235951686153,10.721051380411758,0.4317891051679802,1.5744874759845833,0.4646638671407089,20.555163669126063,0.5706701191501246,0.46486325598867534,0.4639207983233455,0.3912151858734063,0.12368286252951459,21.537948957124435,0.4860669541337676,3.1630508695580213,0.27953285769000075,37.53980553187797,0.4436229982162059,0.2756588151335473,0.26917036105882797
1.3675,0.7865707313380197,1.4070798608068322,0.30031568835826783,0.29961009549141393,6.825268550707543,0.3874098977209332,1.0023550370213548,0.4165463648474631,11.389756673816443,0.4641891541643451,0.4015192417992277,0.4034445111348598,0.4433806864346696,0.2816009593944649,10.721136075825154,0.4319902877681529,1.57449991430457,0.46410045009552015,20.561050870575805,0.5694236142980762,0.46364284771422964,0.4627067430296099,0.3912151526268871,0.1236635135044109,21.5413170640136,0.48622626899916144,3.163545507810055,0.2797451659742735,37.577131775449324,0.44347616491402775,0.27535296058947595,0.269034068840478
1.37,0.7858553152691922,1.406532009123211,0.30031560099458376,0.2996211551571083,6.825014629825199,0.38735908401969865,1.0023177463457524,0.4163105676296425,11.38267561786171,0.46413476449669827,0.401306012031179,0.4031897199818402,0.44206893988361606,0.28076547369333965,10.721226430847247,0.43219308597762063,1.5745131837914543,0.4635341656003689,20.566668256873914,0.5681831358607495,0.46242304429968045,0.46149302537126935,0.3912060926573725,0.12364102582789314,21.54473601599735,0.486382514646107,3.164047613143609,0.2799317290811811,37.611580083778044,0.4433231901035118,0.27504503737024055,0.2689037428301552
1.3725,0.785139059641487,1.4059764713511638,0.30031295882472825,0.2996297655782984,6.824758455678275,0.38730828048733923,1.0022801247570023,0.41606786259427014,11.375449182107255,0.4640779282593401,0.4010899517413771,0.4029305835719442,0.44076667467759884,0.27993588448670625,10.721322120943064,0.4323973567902309,1.5745272367842154,0.4629645784158034,20.57199437203199,0.5669486855788453,0.4612038090998211,0.4602798135604396,0.3911881003191997,0.1236154141474703,21.548208745363286,0.4865353130630012,3.164557616192763,0.28008983160210643,37.6427875989239,0.44316396870827957,0.27473457252313155,0.26877764843202084
1.375,0.7844219731011762,1.4054133277699306,0.30030776553953187,0.2996359264438905,6.824500113138733,0.38725748246264874,1.0022421847193521,0.4158182650676565,11.368077876329949,0.4640186403040669,0.40087105087862307,0.4026670964770206,0.43947384666222394,0.2791121732100847,10.721422823536768,0.43260295570312035,1.5745420259095502,0.4623912315967664,20.577006713827636,0.5657202647392099,0.4599851080345682,0.4590672798418155,0.39116127966110675,0.12358669541886931,21.55173832481404,0.48668430867608714,3.1650759682128693,0.28021680414399847,37.67039688725925,0.44299840788088457,0.2744211211643583,0.26865409900964204
1.3775,0.7837040642392413,1.404842648018893,0.30030002582021054,0.2996396384208893,6.824239687192966,0.38720668683420867,1.0022039387138548,0.41556179373209706,11.360562280643022,0.46395689655289074,0.4006493015590222,0.4023992565642746,0.43819041095784916,0.27829432068652704,10.721528217461398,0.4328097368870496,1.5745575040010624,0.4618136514736275,20.58168194805159,0.5644978743823853,0.4587669104046945,0.4578555995851866,0.391125745016883,0.12355488912445532,21.555327962432774,0.48682917207932586,3.1656031403411875,0.2803100461405036,37.69405891364876,0.44282642855405374,0.27410426989389325,0.26853146713996506
1.3800000000000001,0.7829853416259183,1.4042644903016799,0.3002897452746946,0.29964090309900565,6.823977262767595,0.3871558920084101,1.0021653992127857,0.41529847032211287,11.352903037989364,0.46389269393255433,0.40042469792345764,0.40212706475502363,0.4369163219598776,0.2774823071401018,10.721637982538333,0.43301755338140036,1.5745736240375032,0.46123135263865717,20.58599612570478,0.5632815154905232,0.45754918969540675,0.4566449503908815,0.3910816211921166,0.12352001738676886,21.558980992669536,0.4869696033145362,3.166139622273145,0.28036704706054966,37.71343581533889,0.4426479665870861,0.27378363933073696,0.2684081946322
1.3825,0.7822658138488146,1.4036789011464625,0.30027693038123104,0.29963972294084035,6.823712924593373,0.3871050978762209,1.0021265786596543,0.4150283193054047,11.345100846179772,0.46382603031383,0.40019723599380824,0.4018505247746605,0.4356515333292845,0.2766761121985697,10.721751799327137,0.43322625732247194,1.5745903391060325,0.4606438427825569,20.589924896240248,0.5620711891460248,0.45633192433212205,0.455435511173406,0.39102904321039733,0.12348210496802833,21.56270086293157,0.4871053346370532,3.166685920292998,0.2803854056016308,37.72820342139091,0.44246297347293334,0.27345888577009075,0.268282801175578
1.385,0.7815454895514126,1.403085915657412,0.30026158844039363,0.29963610123883533,6.823446757105841,0.3870543057843152,1.0020874894546161,0.4147513675685946,11.337156449999538,0.4637569044577842,0.39996691353591474,0.4015696429088703,0.43439599797595657,0.27587571488670637,10.721869349056487,0.43343570021500116,1.5746076023920759,0.460050627252169,20.59344371097149,0.5608668966578553,0.4551150983569203,0.4542274611907321,0.3909681555935699,0.12344117914962831,21.566491115424277,0.48723613272103516,3.1672425546070064,0.2803628465229354,37.73805347202922,0.44227141651207685,0.273129701990184,0.2681538914908427
1.3875,0.7808243774689433,1.4024855581546134,0.3002437275358001,0.2996300420794896,6.823178844378226,0.3870035185133231,1.0020481439446172,0.41446764412573395,11.329070633857647,0.4636853159704418,0.3997337299359938,0.40128442777935536,0.4331496680361787,0.2750810936116251,10.7219903137203,0.4336457332570582,1.574625367193442,0.459451213231553,20.596528012045148,0.559668639652922,0.4538987019990612,0.4530209789909527,0.39089911116503206,0.12339726948945906,21.57035536401979,0.48736180028180565,3.1678100559463656,0.2802972348639978,37.742695503869854,0.44207327849705463,0.27279581725597163,0.2680201608825782
1.3900000000000001,0.7801024864591528,1.4018778431053158,0.30022335650304,0.29962155031463567,6.822909270079979,0.38695274026262416,1.0020085544173052,0.41417717986383856,11.320844215360788,0.46361126526640245,0.39949768609520286,0.4009948901493073,0.4319124948441699,0.27429222614103516,10.722114376303393,0.4338562077271748,1.5746435869534627,0.4588451134828101,20.599153403836063,0.5584764201299124,0.452682732118903,0.45181624125507935,0.39082206938237146,0.12335040745929855,21.574297266109905,0.4874821771189772,3.1683889614335445,0.28018658739450136,37.741858379845375,0.4418685569231091,0.27245699657915823,0.26788039912002864
1.3925,0.7793798255261938,1.4012627762846248,0.3002004849056161,0.2996106315389215,6.822638117453219,0.38690197663787906,1.0019687330975704,0.4138800073350563,11.312478040077684,0.4635347535410239,0.39925878434472306,0.40070104276515484,0.4306844288967532,0.2735090895750833,10.722241221091075,0.43406697543946177,1.5746622153064582,0.4582318496188762,20.60129580519293,0.5572902404771618,0.4514671925118868,0.45061342152516837,0.3907371942250158,0.12330062596943735,21.578320489609847,0.48759714061034476,3.168979809736475,0.28002908123466597,37.73529145465984,0.4416572626597773,0.2721130392993354,0.26773349260698603
1.395,0.7786564038366117,1.4006403561439111,0.3001751230161433,0.2995972920720973,6.822365469299117,0.3868512346349655,1.001928692145545,0.41357616060017066,11.30397297763518,0.46345578274993265,0.39901702838135666,0.4004029002372167,0.42946541981059455,0.27273166031261137,10.722370534017367,0.43427788926754274,1.574681206128879,0.45761095491610027,20.602931582544574,0.5561101034509165,0.4502520940680617,0.4494126888207539,0.39064465168281726,0.12324795879282342,21.58242867549843,0.4877066057081139,3.169583135567224,0.27982305966018917,37.722765376034076,0.4414394182851664,0.27176377705076554,0.26757842483031424
1.3975,0.7779322307270246,1.4000105753853802,0.30014728180066214,0.2995815389443188,6.82209140796626,0.386800522612626,1.0018884436548958,0.4132656751235617,11.29532991916968,0.46337435559392315,0.3987724232215406,0.4001004789582894,0.4282554162732518,0.2719599140135349,10.722502003016368,0.4344888037316911,1.5747005135909051,0.45698197670721613,20.604037665346,0.5549360121149758,0.44903745479258134,0.44821420616288504,0.3905446069110965,0.12319243990597596,21.58662539649259,0.48781052450159446,3.170199463612958,0.27956703515411463,37.7040725279441,0.4412150562950887,0.2714090711757239,0.2674142750974223
1.4000000000000001,0.7772073157036438,1.3993734227270145,0.3001169729037729,0.29956337988250564,6.821816015333514,0.38674985024623504,1.001847999650306,0.4129485877158421,11.28654977605495,0.46329047550690894,0.39852497517009067,0.39979379705618046,0.4270543659923073,0.2711938255605255,10.722635318358131,0.4346995756362474,1.5747200922057738,0.4563444784223271,20.604591646559832,0.5537679697559705,0.4478232997028497,0.44701812904228944,0.39043722113500995,0.12313410276828322,21.59091411264538,0.48790888541135596,3.1708293020150906,0.2792596897915171,37.6790271247179,0.4409842171125537,0.2710488096409337,0.26724021558482275
1.4025,0.7764816684342756,1.3987288847960762,0.3000842086323922,0.29954282329587323,6.821539372780252,0.38669922845665494,1.0018073720831038,0.4126249365173537,11.277633479743429,0.4632041466445305,0.39827469179903935,0.3994828743739761,0.4258622156505413,0.2704333690249687,10.722770172971776,0.43491006473713734,1.5747398968772308,0.45569804136372877,20.60457187169846,0.5526059797797038,0.4466096606273854,0.44582460388412015,0.39032264839958564,0.1230729795646349,21.595298124815184,0.48800171206908255,3.1714731355357966,0.27889987305007075,37.64746496543351,0.4407469468066954,0.270682903510909,0.2670555067259098
1.405,0.7757552987339446,1.3980769480305928,0.3000490019363052,0.2995198782591005,6.82126156113746,0.3866486693109041,1.0017665728240817,0.4122947610135795,11.26858198249469,0.4631153738713323,0.3980215819316636,0.39916773247043097,0.42467891087851534,0.26967851764378076,10.722906262780702,0.43512013441314773,1.5747598829487606,0.45504226630751743,20.603957520296312,0.5514500456010684,0.44539657593873005,0.4446337665741047,0.3902010322700462,0.12300910043827903,21.59978052706879,0.48808906191797713,3.1721314185679557,0.2784865971433703,37.609242858336266,0.4405032948333018,0.27031128303244506,0.2668594909721162
1.4075,0.7750282165457851,1.3974176004245988,0.3000113663842851,0.2994945544921563,6.820982660613948,0.38659818589482464,1.0017256136526596,0.4119581020722327,11.25939625871992,0.4630241627450509,0.3977656556271316,0.39884839463227045,0.42350439625811775,0.2689292438145943,10.723043287093661,0.43532965231055964,1.5747800062610182,0.454376775019902,20.602728683497922,0.5503001705452608,0.44418409025680966,0.443445741117716,0.3900725025892094,0.12294249274110737,21.604364159144218,0.48817102454571887,3.172804568153869,0.27801902998774897,37.56423772680575,0.44025331179339755,0.2699338933884086,0.2666515849743943
1.41,0.7743004319193221,1.3967508329493366,0.2999713161353015,0.2994668623365069,6.820702750693098,0.38654779216144075,1.0016845062417215,0.4116150019912352,11.250077306645204,0.46293051949737585,0.39750692416199085,0.39852488589025636,0.4223386153707439,0.26818551911661354,10.723180949107773,0.43553849092950936,1.5748002232257026,0.45370121175947226,20.6008664407613,0.549156357777874,0.4429722541593651,0.44226063850381364,0.38993717239464376,0.12287318032722774,21.609051560105367,0.48824771974162307,3.1734929571790103,0.2774964859474835,37.51234541313603,0.4399970470618475,0.2695506901856895,0.2664312702573312
1.4125,0.7735719549885447,1.3960766405298515,0.2999288659051103,0.2994368127281278,6.820421909997091,0.38649750276161804,1.001643262137676,0.41126550454688954,11.240626149988282,0.4628344510114057,0.3972454000057609,0.3981972330314586,0.4211815109013667,0.2674473143628863,10.723318956581418,0.4357465281223705,1.5748204909243766,0.45301524481050687,20.598352937580938,0.5480186102787361,0.441761123932169,0.44107855583646677,0.3897951350885386,0.122801182912883,21.613844924272687,0.4883192952569764,3.174196907900025,0.276918414562155,37.45347920463845,0.43973454632684433,0.26916163475052257,0.266198082499439
1.415,0.7728427959522164,1.3953950225452592,0.29988403092918847,0.2994044171683211,6.820140216117628,0.38644733286543587,1.0016018927355963,0.41090965503219923,11.231043839353882,0.4627359647967395,0.3969810967889609,0.39786546460111777,0.4200330248047959,0.2667145996868767,10.72345702272491,0.43595364747930804,1.5748407672392708,0.45231856806012727,20.59517146477481,0.5468869308690117,0.44055076138400634,0.43989957578362077,0.3896464619394494,0.12272651552195404,21.61874606042005,0.48838592424571853,3.1749166859524105,0.2762843875412854,37.38756811799688,0.4394658492023885,0.2687666893134054,0.2659515995903268
1.4175,0.7721129650585288,1.3947059829244937,0.29983682692342234,0.29936968769368144,6.819857745414562,0.3863972979830755,1.0015604092496462,0.4105475002764567,11.221331453082323,0.46263506896358064,0.3967140292628171,0.3975296108886527,0.418893098533471,0.2659873446623886,10.723594867334082,0.4361597385832596,1.5748610110197614,0.451610902597965,20.59130653843287,0.5457613222945288,0.4393412337405173,0.43872376637010696,0.3894911999794114,0.12264918803204226,21.623756355104923,0.48844780237235,3.175652494965204,0.2755940844068107,37.31455499122303,0.43919098706499987,0.26836581217510946,0.2656914287050963
1.42,0.7713824725955764,1.3940095299934687,0.29978727004412997,0.2993326368466067,6.819574572786461,0.3863474137930005,1.0015188226793867,0.41017908863885744,11.211490097333993,0.4625317721973129,0.3964442132505452,0.39718970389367375,0.4177616733181729,0.26526551845164814,10.723732218159714,0.43636469712496734,1.5748811822834836,0.45089199828537996,20.5867439782738,0.5446417873608128,0.43813261361809935,0.43755118111722535,0.38932937034473264,0.12256920483210705,21.628876740864037,0.4885051445933914,3.176404471890215,0.27565934789416235,37.34440811845945,0.4389099812455863,0.2679589529549459,0.26541719271178893
1.4225,0.7706513288883109,1.3933056762667728,0.2997353768489027,0.299293277647544,6.8192907714197615,0.3862976959830194,1.0014771437729362,0.40980446997097436,11.20152090525758,0.4624260837347694,0.3961716655904852,0.39684577726925696,0.41663869048532026,0.26454908997238963,10.723868812467414,0.436568424877258,1.5749012424454147,0.45016163521626396,20.581470981072975,0.5435283291026397,0.43692497906564004,0.43638185950459224,0.38916096709602127,0.12248656459934944,21.6341076698773,0.4885581816443493,3.1771726831343283,0.2757975425749411,37.38477117128316,0.43862284160267373,0.2675460480326574,0.26512851630011547
1.425,0.7699195443017791,1.3925944383582536,0.2996811642594599,0.2992516235697678,6.819006412525431,0.38624816010692653,1.0014353829882965,0.4094236955453842,11.191425035167885,0.4623180133429417,0.3958964040715531,0.3964978662412217,0.415524091788381,0.26383802807178175,10.724004398705322,0.4367708295357001,1.5749211545627928,0.44941962497624866,20.57547618514312,0.5424209509670317,0.435718413649582,0.4352158277053052,0.38898595654353885,0.12240126020070656,21.639449093587185,0.4886071562916479,3.177957121566412,0.2759013612984708,37.421110691672986,0.4383295655016069,0.267127016305612,0.26482501227895017
1.4275,0.7691871292497398,1.3918758371232414,0.29962464952733786,0.2992076885170455,6.818721565073713,0.3861988214563866,1.0013935504543983,0.40903681795046704,11.181203667744647,0.4622075713003317,0.39561844736162527,0.3961460075037601,0.41441781972743397,0.26313230169351354,10.724138738166737,0.4369718244395503,1.5749408835792877,0.4486658116037643,20.568749721660517,0.5413196569957667,0.43451300654846736,0.43405309952603915,0.388804277097254,0.12231327872277972,21.644900448659577,0.48865231943415827,3.178757704455541,0.27596904424955765,37.45318303341089,0.43803013720715245,0.26670175539180085,0.2645062685266697
1.43,0.7684540942072268,1.391149898070009,0.2995658502028969,0.299161486804167,6.81843629553847,0.3861496949451002,1.0013516559335547,0.40864389095419157,11.17085800234855,0.4620947683806885,0.3953378149296929,0.39579023909342576,0.4133198178307351,0.2624318800246048,10.724271606517542,0.4371713281923891,1.5749603965493197,0.4479000721654308,20.561283248966042,0.5402244519854194,0.4333088526181416,0.4328936774721237,0.3886158396551173,0.12222260163272959,21.65046064957392,0.48869392615848,3.179574272382786,0.2759987929456733,37.480738265274724,0.43772452768670783,0.2662701384139405,0.26417183608524325
1.4325,0.7677204497252449,1.3904166520210468,0.2995047841078979,0.2991130331400941,6.818150667662385,0.38610079500050837,1.0013097087869802,0.40824496934232635,11.16038925262587,0.46197961583861724,0.39505452696301596,0.39543060024514676,0.412230030875369,0.2617367326105013,10.724402795057806,0.4373692642061016,1.5749796628233361,0.44712231687881066,20.553069966804756,0.5391353416031528,0.4321060523891939,0.43173755385567386,0.38842052853546477,0.12212920507089786,21.656128088020473,0.48873223186389575,3.1804065891526987,0.2759887639090645,37.503519210396924,0.4374126948776262,0.2658320114977907,0.263821218862836
1.435,0.7669862064454607,1.3896761359849843,0.2994414693118051,0.29906234261343445,6.817864742253345,0.3860521354576105,1.001267717944886,0.4078401087385981,11.149798641629356,0.4618621253965182,0.394768604281007,0.39506713123535814,0.41114840503024974,0.2610468294304522,10.724532111604445,0.43756556019495957,1.574998654177439,0.44633248874518455,20.544104608707617,0.5380523324421468,0.43090471196411323,0.43058471187265596,0.3882182029476653,0.1220330602729944,21.661900639142868,0.48876748857622543,3.1812543427100874,0.275937064479867,37.521260763602605,0.43709458437896925,0.26538719210638884,0.2634538653522455
1.4375,0.7662513751123531,1.388928394215248,0.2993759241119702,0.29900943068002467,6.817578577020468,0.3860037294499104,1.0012256918824,0.4074293654155704,11.139087396712481,0.4617423092324536,0.3944800682480403,0.3946998732183123,0.41007488791294566,0.2603621409295215,10.72465938091496,0.43776014764841586,1.5750173448756155,0.44553056269008895,20.53438341221789,0.5369754320093553,0.4297049427923533,0.42943512659107685,0.3880086989779309,0.1219341341152914,21.667775674485974,0.488799941565093,3.1821171470415344,0.27584175136851175,37.533689569908404,0.43677013051061325,0.2649354683106042,0.2630691626899696
1.44,0.7655159665798569,1.3881734794594356,0.2993081670178581,0.29895431315251253,6.8172922264559395,0.38595558929386736,1.001183638602214,0.4070127961051596,11.128256744452367,0.4616201799687198,0.3941889406876252,0.39432886806187833,0.409009428560874,0.25968263800821945,10.724784444617258,0.43795296131156886,1.5750357116594298,0.4447165442452976,20.52390406823018,0.5359046486469792,0.4285068613154459,0.4282887658145397,0.3877918320452328,0.12183238977059609,21.673750081291413,0.4888298263678042,3.1829945450091244,0.2757008324190836,37.54052413124646,0.4364392577289448,0.26447659906666865,0.2626664332826017
1.4425000000000001,0.7647799918091397,1.3874114544130782,0.2992382167394118,0.29889700619186876,6.8170057417665575,0.38590772636515325,1.0011415656245284,0.4065904578166844,11.117307905824154,0.4614957506609984,0.393895243800178,0.3939541581885197,0.4079519773260565,0.2590082919750244,10.724907160660079,0.4381439387007496,1.5750537336673158,0.44389046783801817,20.512665652136516,0.5348399913865158,0.42731058848939796,0.4271455908096443,0.3875673997580183,0.12172778745653895,21.67982028754038,0.4888573663070059,3.1838860120282177,0.27551227190610444,37.54147538928167,0.4361018823243852,0.26401031553630316,0.2622449341240689
1.445,0.7640434618540709,1.3866423933595382,0.29916609217945406,0.2988375263006562,6.81671917085663,0.3858601509670295,1.0010994799845427,0.40616240766831685,11.10624209179264,0.4613690347878735,0.39359900008595183,0.3935757864257022,0.4069024857097446,0.2583390744704518,10.725027402345953,0.4383330196782073,1.5750713922925552,0.4430523947771628,20.50066854057463,0.533781469740479,0.4261162492055701,0.4260055569083484,0.3873351850797135,0.1216202852519853,21.68598229189847,0.48888277057061935,3.1847909604651314,0.27527399952793125,37.53624781145401,0.4357579142916897,0.2635363234486807,0.2618038588282958
1.4475,0.7633063878313817,1.3858663839010934,0.2990918124296878,0.29877589031763163,6.816432558362004,0.38581287219285093,1.0010573882374523,0.4057287027351846,11.09506049941683,0.4612400462402316,0.39330023227359195,0.3931937958679676,0.4058609061579881,0.2576749573734823,10.725145057046431,0.4385201461046588,1.5750886709945986,0.4422024110400222,20.48791431822375,0.5327290934599382,0.42492397164216233,0.4248686140143084,0.387094959693923,0.12150983995324859,21.69223169750405,0.4889062329030004,3.18570874459928,0.27498392310014225,37.52454098626321,0.4354072592939853,0.2630543064692528,0.2613423423134805
1.45,0.7625687808736371,1.3850835285847314,0.2990153967694514,0.2987121154129282,6.81614594573325,0.3857658977857698,1.0010152964706636,0.4052893999147249,11.083764308494054,0.4611087993097044,0.3929989632535651,0.39280822975079066,0.4048271918412421,0.25701591270193475,10.725260024722832,0.4387052615822244,1.5751055550818223,0.44134062496503823,20.474405679260123,0.5316828722811366,0.4237338865850918,0.42373470705355076,0.3868464874520616,0.12139640794010041,21.698563748391184,0.488927930937071,3.1866386659722252,0.2746399447983776,37.50605171310184,0.43504982063780473,0.2625639305105195,0.26085946799896687
1.4525000000000001,0.7618306520649338,1.3842939461349575,0.29893686466599917,0.29864621908275624,6.815859371364296,0.3857192339990767,1.0009732103226876,0.4048640608684641,11.072888135190976,0.4609753086750076,0.392695216014699,0.392419131334584,0.40380129644045115,0.25636191251787543,10.725372216381507,0.4388883112939756,1.57512203148467,0.4404671649494326,20.460146327836863,0.5306428156816619,0.42254612675918224,0.4226037764143291,0.3865895277885744,0.12127994602269189,21.704973367280854,0.488948026178743,3.187579978937674,0.27423998065620503,37.48047655217432,0.4346855011903176,0.2620648488944597,0.2603542773130562
1.455,0.7610920123614068,1.3834977719596993,0.2988562357748334,0.2985782191424074,6.815572870760726,0.3856728854604075,1.0009311350078536,0.40444786812504874,11.06229992893885,0.46083958938494723,0.3923890135816009,0.3920265437963194,0.40278317395919555,0.2557129288476557,10.725481552582357,0.4390692419408712,1.575138088536614,0.4395821772375882,20.445140881434682,0.5296089326649888,0.42136082620872345,0.4214757584198638,0.3863238390016873,0.12116041224425593,21.711455193526515,0.48896666463691085,3.1885318962341387,0.2737819828930549,37.447514781715924,0.4343142051953416,0.26155670825448424,0.25982578125744915
1.4575,0.7603528725008796,1.3826951576138073,0.29877352993858847,0.2985081337164244,6.815286476739577,0.3856268550425344,1.0008890753456527,0.40402589048094983,11.051590951726844,0.46070165683709774,0.39208037895095854,0.3916305101263228,0.4017727785771856,0.2550689336240577,10.725587962095663,0.4392480017727712,1.5751537157768987,0.43868582387119737,20.429394780310997,0.5285812315854389,0.4201781197616832,0.42035058587277097,0.3860491813188833,0.12103776662023324,21.71800362016468,0.4889839780736275,3.189493594426168,0.27326396453391544,37.40687169346316,0.43393584000168844,0.2610391550448331,0.25927297372848024
1.46,0.7596132429078523,1.3818862689846412,0.29868876718320275,0.2984359812251395,6.815000219650077,0.38558114374298436,1.0008470357931558,0.4035981777649135,11.04076215294957,0.46056152675172485,0.39176933502564165,0.3912310730288126,0.40077006455544917,0.2544298986556606,10.72569138077177,0.4394245407073707,1.5751689037845424,0.4377782808580883,20.41291420568292,0.5275597200205755,0.41899814260516677,0.4192281887031498,0.3857653196928816,0.12091197180136158,21.72461282928261,0.48900008582853477,3.190464219098423,0.2726840256910461,37.35826214389029,0.43355031770980873,0.2605118425061921,0.2586948462551816
1.4625000000000001,0.7588731336012039,1.3810712830840497,0.2986019677105724,0.2983617803673364,6.814714127602554,0.3855357505745049,1.0008050204786292,0.4031647792529187,11.029814457126484,0.46041921514131434,0.39145590454686024,0.3908282748262787,0.3997749861986327,0.2537957956261912,10.725791750656473,0.43959881052864674,1.5751836440484235,0.4368597366040326,20.39570600874774,0.526544404701052,0.4178210299917544,0.4181084947443327,0.38547202630213045,0.1207829936553178,21.731276825240425,0.4890150971482505,3.1914428897346596,0.27204038081369386,37.301414268939176,0.43315755675155293,0.25997443791803737,0.25809040377987497
1.465,0.7581325541123731,1.380250383461785,0.29851315188751093,0.29828555009945834,6.81442822669188,0.38549067246852503,1.000763033234351,0.40272574360515195,11.018748763001572,0.4602747382769373,0.39114011002600146,0.39042215736928904,0.39878749787526024,0.25316659612437403,10.725889019357615,0.4397707651538959,1.57519792887426,0.43593039063900835,20.377777652102544,0.525535291502889,0.4166469170870323,0.4169914306507809,0.38516908275598544,0.1206508017677936,21.73798946562861,0.48902911392517534,3.1924287042641275,0.2713313861792502,37.23607326454435,0.4327574832884384,0.2594266299523527,0.2574586810810204
1.4675,0.7573915134213421,1.3794237543748549,0.2984223402315335,0.29820730961244923,6.814142541202457,0.38544590419412667,1.0007210776267146,0.40228111881531087,11.0075659429893,0.4601281126534023,0.3908219736787992,0.3900127619542682,0.3978075540925549,0.2525422717025869,10.725983139648068,0.43994036095504474,1.5752117513263029,0.43499045265311787,20.35913716442665,0.5245323854995217,0.4154759389575615,0.4158769229601607,0.3848562820256098,0.12051536986869929,21.74474449015295,0.4890422337223685,3.193420743303599,0.2705555669011069,37.16200513461072,0.43235003243444947,0.25886813593253927,0.2567987594246314
1.47,0.7566500199167039,1.3785915739475676,0.2983295533946626,0.2981270783078702,6.813857093784531,0.38540143829545204,1.000679156982122,0.40183095217453196,10.99626684298285,0.45997935495562936,0.39050151736491534,0.38960012925185705,0.3968351096183095,0.2519227939603006,10.726074069277354,0.4401075571156283,1.5752251051996708,0.434040141834604,20.339793108301105,0.5235356910660123,0.41430823068531625,0.41476489928495375,0.3845334301348515,0.12037667619204916,21.7515355478704,0.48905455293454736,3.194418074157208,0.2697116427643721,37.079000312231884,0.43193514939565647,0.2582987087986046,0.2561097830342772
1.4725,0.7559080813845619,1.3777540066428637,0.2982348121470269,0.2980448757753045,6.813571905596272,0.3853572650506815,1.0006372744078502,0.40137529025076624,10.984852282501405,0.4598284820288028,0.39017876253574674,0.3891842992475951,0.39587011963806523,0.2513081346457644,10.726161770956693,0.4402723160003529,1.5752379850181553,0.43307968647222617,20.319754559708944,0.5225452120226943,0.41314392757965035,0.41365528959797543,0.3842003476497805,0.12023470377881716,21.75835622331847,0.48906616991388385,3.195419754653802,0.2687985522670799,36.98687706837572,0.4315127905027024,0.25771814358766576,0.25539097499398333
1.475,0.7551657050291612,1.3769111954449365,0.2981381373624411,0.2979607217732227,6.8132869964119065,0.3853133724555878,1.0005954328079305,0.40091417888203584,10.973323055094726,0.4596755108546759,0.38985373019245273,0.3887653111950651,0.39491253993156794,0.2506982657667516,10.726246212478056,0.44043460351068947,1.5752503860517033,0.4321093237491436,20.299031096194334,0.5215609517999309,0.41198316544258634,0.41254802755284853,0.3838568710014867,0.12008944073081593,21.76520006207501,0.48907718787753307,3.1964248369006345,0.26781547433507696,36.88548463411657,0.43108292412378724,0.25712628325872866,0.2546416522440785
1.4775,0.7544228975260844,1.376063254226292,0.29803955000835913,0.2978746362154192,6.81300238470231,0.38526974623416227,1.0005536348949855,0.4004476631792055,10.961679928857906,0.4595204585359476,0.389526440855049,0.38834320357970364,0.39396232704850287,0.2500931596987219,10.726327366924359,0.4405943893987478,1.5752623043472875,0.43112929962129065,20.277632789115593,0.5205829136010017,0.41082608083018224,0.41144305175885354,0.38350285366579495,0.11994088042089808,21.77206059616643,0.48908771741564133,3.1974323710148016,0.2667618472847833,36.77470597656464,0.4306455315071581,0.25652302372198443,0.25386123939449456
1.48,0.7536796651066189,1.37521026082605,0.29793907114254337,0.2977866391648581,6.812718087699545,0.38522636987802006,1.0005118831997057,0.39997578753124347,10.949923646849602,0.459363342290014,0.3891969145422241,0.38791801408966387,0.393019438460596,0.24949278927696514,10.72640521292475,0.44075164751358165,1.5752737367663965,0.43013986864789455,20.255570194256475,0.519611100537524,0.4096728112449127,0.41034030691483503,0.38313816720851485,0.11978902166118698,21.77893136954323,0.4890978784362391,3.1984414088645656,0.26563738471981224,36.65446018358071,0.43020060753554457,0.25590831797277713,0.25304928115663927
1.4825,0.7529360136696707,1.3743522513774573,0.2978367219184696,0.2976967508363057,6.812434121460074,0.38518322471537697,1.000470180080134,0.39949859560397005,10.938054927166572,0.45920417945270103,0.3888651707605361,0.3874897795888002,0.3920838326661285,0.24889712785867513,10.726479734905855,0.4409063559591709,1.5752846810219339,0.4291412936327688,20.232854334599487,0.5186455157113202,0.4085234951939455,0.4092397447037408,0.3827627021890423,0.11963386882740294,21.785805963607775,0.48910780141696253,3.1994510078183476,0.2644420881554148,36.524704426821884,0.42974816137090877,0.25528217927441993,0.2522054532741733
1.485,0.7521919489155144,1.3734892163700625,0.2977325236008851,0.2976049916084982,6.812150500942015,0.38514029000949734,1.0004285277330116,0.39901613032239097,10.926074462415112,0.4590429874918663,0.38853122850099453,0.387058536086315,0.39115546922438726,0.24830614934186054,10.726550923288276,0.44105849715088313,1.5752951357070744,0.4281338449468178,20.209496669522675,0.5176861622194228,0.40737827205708615,0.4081413243605503,0.3823763689018686,0.11947543193441681,21.79267802256005,0.489117627880495,3.200460234466991,0.2631762562605237,36.385435485463745,0.4292882169622969,0.25464468337671436,0.2513295719039603
1.4875,0.7514474764940221,1.3726210988090828,0.2976264975920856,0.29751138204582855,6.811867240109833,0.3850975430857268,1.0003869282091513,0.398528433827142,10.913982918342022,0.458879784030073,0.3881951062407836,0.38662431869796887,0.390234308701758,0.24771982813061924,10.726618774578045,0.4412080577659799,1.575305100308696,0.4271177994348453,20.185509046065803,0.5167330430638299,0.40623728172531515,0.4070450128513501,0.3819790979275146,0.1193137266565411,21.79954127816471,0.48912751006638855,3.2014681682610364,0.2618404906846507,36.23669082320915,0.4288208132266067,0.2539959697932115,0.2504216014513577
1.49,0.7507026021589773,1.3717477946561798,0.2975186654684647,0.29741594292870477,6.81158435207583,0.3850549594855602,1.0003453834342182,0.3980355473974014,10.901780931446432,0.4587145868749079,0.38785682194802323,0.38618716159500593,0.3893203125177049,0.2471381390403731,10.726683291305383,0.44135502859224246,1.5753145751983855,0.4260934388584878,20.16090363001855,0.5157861609571679,0.4051006639937961,0.4059507846365219,0.38157084046327816,0.11914877428615313,21.8063895734611,0.48913760983049026,3.2024739049927633,0.2604356984929762,36.078549218467984,0.4283460041179211,0.2533362421864457,0.2494816608926338
1.4925,0.7499573319198334,1.3708691555355532,0.2974090490258195,0.2973186952909068,6.81130184928217,0.3850125131456028,1.000303895235462,0.39753751133581217,10.88946910548649,0.45854741405499383,0.38751639308795305,0.3857470979389871,0.3884134426869599,0.24656105714165988,10.726744481767891,0.44149940428586226,1.575323561594724,0.42506104788375976,20.13569281705448,0.514845518023857,0.4039685577183678,0.4048586210306172,0.3811515684104864,0.11898060162616211,21.813216884943788,0.4891480968580714,3.2034765600536073,0.2589630912680729,35.91113095190672,0.4278638586210547,0.2526657679256347,0.24851002862058028
1.495,0.7492116721827471,1.3699849935062274,0.29729767033092486,0.29721966046155757,6.811019743721267,0.38497017659872496,1.000262465374081,0.3970343648152338,10.877048006915409,0.4583782838593957,0.38717383662969523,0.38530415980333926,0.3875136614627903,0.2459885575463482,10.72680235954122,0.4416411830546224,1.5753320614914235,0.42402091167697814,20.109889126558134,0.5139111154050134,0.4028410997681125,0.4037685092092307,0.38072127420799623,0.11880924081546126,21.820017342817422,0.4891591463217544,3.204475271408779,0.2574241809549024,35.73459755746141,0.42737446064198764,0.25198487688747156,0.24750714583209363
1.4975,0.748465629873764,1.3690950875653753,0.29718455177614167,0.2971188601088179,6.8107380471867645,0.3849279211941598,1.0002210955820836,0.3965261456921147,10.864518159417452,0.45820721487796684,0.3868291690537008,0.3848583780853401,0.38662093089417016,0.2454206151450081,10.72685694272784,0.44178036628490824,1.5753400775470028,0.42297331321859427,20.08350508280857,0.5129829527836248,0.4017184238255658,0.4026804409437487,0.3802799704197324,0.11863472909145008,21.82678524904933,0.4891709361453374,3.2054692022484583,0.2558508918930883,35.55333656441185,0.4268779087982072,0.2512939595714468,0.24647361844801527
1.5,0.7477192125384119,1.3681991914676306,0.29706971613342276,0.29701631628220265,6.810456771543063,0.3848857173327921,1.0001797876018683,0.3960128902963545,10.851880037850524,0.45803422604028143,0.38648240636101533,0.38440978241512636,0.38573521231620866,0.2448572043080845,10.726908252924048,0.4419169581314414,1.5753476129330812,0.421918530475356,20.056553089555482,0.512061027853283,0.4006006590987781,0.401594411165073,0.37982768910437253,0.11845710849932312,21.83351509306854,0.48918364404615755,3.206457543293343,0.25496046845526493,35.467086994115206,0.42637431599020925,0.25059346460095505,0.24541021752763773
1.5025,0.7469724284134425,1.3672970424099427,0.2969531866040837,0.296912051450524,6.810175928998752,0.3848435347134862,1.000138543226382,0.395494633212007,10.839134062018733,0.457859336651134,0.3861335640864543,0.3839584010706977,0.3848564657977478,0.24429829856611954,10.726956313897976,0.44205096508727965,1.5753546711402335,0.4208568335852129,20.02904530466533,0.5111453357574922,0.39948792901527713,0.4005104164663305,0.3793644810145589,0.11827642556322426,21.840201565062173,0.48919744452037456,3.207439514747349,0.25399426043315665,35.37048576009828,0.4258638087914636,0.24988389568348343,0.2443178781239472
1.5050000000000001,0.7462252864679763,1.3663883701179558,0.2968349868611171,0.29680608853290397,6.809895532368811,0.3848013425860711,1.0000973643376254,0.394971407066365,10.826280590777271,0.4576825664211237,0.3857826573185251,0.38350426090944156,0.3839846495723673,0.24374387028536942,10.727001149988071,0.4421823955490937,1.57536125574279,0.41978848220719034,20.000993521459282,0.5102358685277086,0.3983803499675509,0.3994284536529629,0.37889041468778223,0.11809273093858569,21.846839566879275,0.4892125059087448,3.2084143678989423,0.25295330111105063,35.26362566499375,0.4253465266040261,0.24916580810835678,0.24319769652812526
1.5075,0.7454777964128605,1.3654729058597035,0.29671514108159264,0.2966984509209936,6.809615595311807,0.38475911000656027,1.0000562529414871,0.3944432423462831,10.81331991699786,0.4575039354915088,0.385429700729324,0.3830473873270805,0.38311971947909307,0.24319389035474362,10.727042784251719,0.4423112593895134,1.5753673701269448,0.4187137231724636,19.972409062717823,0.509332614547443,0.3972780301738962,0.39834851843808305,0.37840557549837994,0.11790607906709738,21.85342422056742,0.48922898763909684,3.209381386374819,0.25183896536924805,35.14664695814126,0.424822620922081,0.2484398048671093,0.24205092587458604
1.51,0.7447299686787368,1.364550390903273,0.29659367396770675,0.2965891624914137,6.809336132531715,0.3847168060903176,1.0000152111973852,0.3939101672597066,10.800252263888801,0.45732346445322125,0.3850747086175887,0.3825878042540237,0.38226162843697276,0.24264832789815338,10.727081236415927,0.44243756754490715,1.5753730171897955,0.41763278854604674,19.94330269221598,0.50843555806676,0.39618106870838216,0.3972706043633954,0.3779100647381929,0.11771652785516716,21.859950874553416,0.4892470376923034,3.210339887047599,0.2506529603562107,35.01973640290656,0.42429225473700916,0.2477065324859585,0.2408789701164726
1.5125,0.7439818143651987,1.3636205839434112,0.29647061075616715,0.2964782476083539,6.809057159938389,0.38467440025913,0.9999742414418314,0.393372207657334,10.787077783070915,0.4571411743605708,0.384717694967599,0.3821255341969449,0.381410325973584,0.24210715002331515,10.72711652070254,0.4425613316238031,1.5753781990199538,0.41654589417381455,19.913684547198816,0.5075446787860969,0.39508955474016133,0.39619470200294854,0.3774039987823385,0.11752413839330467,21.866415107462668,0.4892667902892723,3.2112892205967376,0.2493973127823065,34.88312586039816,0.4237556021478052,0.24696667665806468,0.2396833764271155
1.5150000000000001,0.743233345165398,1.3626832670741236,0.29634597721668454,0.296365731117133,6.808778694765851,0.38463186247843245,0.9999333462058047,0.39282938702450304,10.77379655467144,0.456957086740613,0.3843586735257191,0.3816605983302737,0.38056575782187413,0.24157032161414038,10.727148643615847,0.44268256353874186,1.5753829165726358,0.4154532387498749,19.88356409352246,0.5066599515216998,0.3940035670063523,0.3951207984801242,0.3768875083781471,0.11732897472803186,21.872812729579735,0.48928836375585966,3.2122287717230207,0.24807435302158024,34.737090409279006,0.4232128480801834,0.24622095775248523,0.23846582612479136
1.5175,0.7424845732723002,1.3617382500006818,0.2962197996412192,0.2962516383301821,6.80850075565255,0.38458916348121525,0.9998925282265364,0.39228172654746485,10.760408589531478,0.4567712235994373,0.3839976578951996,0.38119301663859506,0.3797278655930834,0.241037805169519,10.727177601786778,0.44280127516311724,1.5753871693530621,0.414355003397777,19.85295010339513,0.5057813459581352,0.39292317352542017,0.394048877299529,0.37636073807297377,0.11713110369064877,21.879139782005964,0.48931185849784836,3.2131579590248553,0.24668669628735954,34.581946033882275,0.42266418783546694,0.24547012625669182,0.23722812424700299
1.52,0.7417355112741315,1.3607853723651357,0.2960921048261805,0.2961359950072951,6.808223362691509,0.384546274975399,0.9998517904548768,0.39172924525199765,10.746913833451877,0.45658360742666,0.38363466164852444,0.38072280810719933,0.37889658652672387,0.24050956068713358,10.727203379963573,0.4429174780147803,1.5753909551213676,0.4132513517194826,19.821850653911895,0.5049088264867979,0.3918484315409608,0.3929789184674341,0.3758238457745443,0.11693059477974145,21.885392533675887,0.4893373550135485,3.2140762345601,0.2452372211989863,34.41804692166508,0.422109826895538,0.24471495818277963,0.23597218791140287
1.5225,0.7409861720470463,1.3598245042774622,0.29596292004989955,0.29601882733202295,6.8079465374605475,0.3845031698317164,0.9998111360597322,0.39117196020667017,10.733312173250669,0.45639426119909354,0.3832696984552417,0.38024999095466205,0.3780718533126371,0.23998554558752133,10.727225949224422,0.443031182969854,1.575394269630112,0.41214243023283204,19.79027314307399,0.5040423521228897,0.3907793876709809,0.3919108988502396,0.3752770024196952,0.1167275200880116,21.891567476540907,0.4893649118876561,3.214983083138744,0.2437290460751544,34.24578241514145,0.4215499809220668,0.24395625043904062,0.23470003359405014
1.5250000000000001,0.7402365686524839,1.3588555453520463,0.2958322730473893,0.295900161885781,6.807670303042661,0.38445982224943875,0.9997705684310579,0.39060988677863856,10.719603444289103,0.456203208384024,0.38290278222196955,0.37977458289871985,0.37725359397597785,0.23946571467146383,10.727245265465816,0.44314240001298105,1.575397106402279,0.41102836909585533,19.75822431892013,0.5031818764898381,0.389716078227076,0.39084479270339756,0.37472039171678284,0.1165219542598808,21.89766131939348,0.4893945637431839,3.215878021415929,0.24216550327596917,34.06557366281674,0.4209848755867168,0.24319481614449598,0.2334137634379619
1.5275,0.7394867142451305,1.3578784226933704,0.29570019198371555,0.29578002562064504,6.807394684044602,0.38441620789766373,0.9997300911825876,0.390043038927098,10.705787439054786,0.4560104729418326,0.3825339272402043,0.3792966014450378,0.37644173181426904,0.23895002010326366,10.727261268196,0.4432511380333803,1.575399456554084,0.4099092830081581,19.725710316939264,0.5023273478602441,0.38865852966280323,0.3897805722958691,0.3741542099249078,0.11631397446492904,21.903670980954125,0.48942631917177676,3.2167605968767115,0.2405501118792581,33.87787000928468,0.42041474625631403,0.2424314798500051,0.23211555068569958
1.53,0.7387366219951639,1.3568930883171584,0.2955667054263821,0.29565844583106055,6.807119706617715,0.38437230403036243,0.9996897081548929,0.38947142951853214,10.691863916370421,0.45581607932694357,0.38216314833675175,0.3788160641877883,0.3756361853766904,0.2384384114136115,10.727273879640899,0.4433574046786735,1.5754013086636716,0.4087852721871093,19.692736701161632,0.5014787092353287,0.38760675911152953,0.38871820855856326,0.37357866563878983,0.1161036603735349,21.909593582945465,0.4894601587079552,3.2176303868189224,0.23888654892976088,33.68314515829222,0.41983983754102294,0.2416670726295749,0.23080762431981267
1.5325,0.7379863050260268,1.3558995164245538,0.29543184231616476,0.29553545012393395,6.806845398480251,0.3843280895739434,0.9996494234186601,0.38889507064858536,10.677832610820845,0.455620052485438,0.3817904610211056,0.3783329891111912,0.3748368684791962,0.2379308355182646,10.727283004154522,0.4434612062794671,1.5754026486845254,0.40765642333814783,19.659308505192087,0.5006358984603941,0.3865607749804213,0.38765767169835746,0.3729939795593292,0.11589109412449898,21.915426443905663,0.48949603295134164,3.2184869974446086,0.2371786194572492,33.48189313633487,0.41926040270007925,0.2409024270205198,0.22949225300327147
1.5350000000000001,0.7372357763668862,1.3548977007912855,0.29529563193502917,0.29541106638598325,6.806571788935557,0.38428354518668667,0.9996092412773622,0.38831397395739203,10.663693242048879,0.4554224178472555,0.3814158816239602,0.37784739488211944,0.3740436902540587,0.2374272367520754,10.727288527919171,0.443562547856381,1.5754034599014435,0.4065228105697315,19.625430270774494,0.49979884837562527,0.38552057757719316,0.386598931739236,0.3724003842431354,0.11567636027894745,21.921167074433047,0.4895338609660377,3.2193300631616646,0.23543022543460312,33.27462408023939,0.4186767029284872,0.24013837181903044,0.2281717284431362
1.5375,0.7364850489175874,1.3538876523407786,0.2951581038693214,0.29528532274693575,6.8062989088768875,0.3842386532899775,0.9995691662679647,0.3877281509281,10.649445523648962,0.4552232013108305,0.3810394274213072,0.3773593011253663,0.373256555237805,0.23692755692126116,10.727290318922831,0.4436614332172882,1.575403722927217,0.40538449623760103,19.59110608297176,0.4989674870026812,0.3844861597571492,0.385541958974413,0.3717981238357613,0.11545954575923162,21.926813174402646,0.48957352909445245,3.220159246175052,0.23364533384864386,33.061859871746435,0.41808900659807186,0.23937572677350957,0.22684834835352738
1.54,0.7357341354235027,1.352869396798489,0.29501928796643534,0.2951582475372507,6.806026790767836,0.38419339807177166,0.9995292031580525,0.38713761316164824,10.635089171474219,0.4550224292183209,0.38066111673924113,0.3768687286749703,0.37247536350596827,0.23643173537944778,10.727288227209325,0.4437578651462508,1.5754034157393675,0.4042415317327905,19.556339602386487,0.49814173777300297,0.3834575075872282,0.38448672433324543,0.37118745379970386,0.11524073977476164,21.93236263246495,0.489614890313877,3.220974236413189,0.2318279440886111,32.84412964605935,0.41749758853173863,0.23861529725488217,0.22552439926159704
1.5425,0.7349830484581056,1.351842972223531,0.294879214283646,0.29502986923949764,6.8057554685880595,0.3841477654631437,0.9994893569378585,0.38654237262416047,10.620623911255722,0.45482012832025387,0.38028096903565556,0.3763756997969302,0.3717000108655148,0.23593970913433482,10.727282085407058,0.44385184567785135,1.575402513757798,0.40309395824697464,19.521134095745154,0.4973215198061981,0.3824346010290896,0.3834331996803784,0.3705686406473394,0.11502003373795798,21.937813527851134,0.4896577642408313,3.2217747517930637,0.22998205491695717,32.621965209509796,0.4169027292551289,0.23785786901370254,0.2242021394712403
1.545,0.7342318004121099,1.3508084262080389,0.29473791302866503,0.2949002164332587,6.8054849777369535,0.38410174308913153,0.9994496328061178,0.38594244186626014,10.60604948550498,0.45461632572933847,0.37989900495639123,0.3758802383805527,0.37093038911562237,0.2354514129915425,10.727271709550081,0.4439433764426017,1.5754009899653747,0.40194180755381825,19.485492466455153,0.4965067482464435,0.3814174146437567,0.3823813580697965,0.36994196168068344,0.1147975211725395,21.943164134202185,0.48970193785545146,3.222560538782579,0.22811163136655352,32.39589641289355,0.41630471406140107,0.23710420315212846,0.2228837825599612
1.5475,0.7334804034891684,1.3497658126200867,0.29459541449254084,0.2947693177342806,6.805215354892681,0.3840553201954398,0.9994100361493643,0.38533783421592377,10.59136565972604,0.4544110488642217,0.37951524636495615,0.37538237009743247,0.37016638638465726,0.23496677974035443,10.72725690020746,0.4440324590622616,1.5753988150737845,0.4007851028361173,19.449417286409584,0.4956973346618914,0.38040591831635345,0.3813311739734888,0.36930770472602176,0.11457329761354014,21.948412924853088,0.48974716698114007,3.223331373176584,0.22622057199568793,32.16644654001215,0.4157038318931001,0.2363550314411207,0.22157148182129427
1.55,0.7327288697090469,1.3487151879113048,0.2944517489765741,0.29463720172941554,6.804946637829498,0.384008487552994,0.9993705725151036,0.3847285639480436,10.576572228000623,0.45420432538489547,0.3791297163465455,0.3748821225285848,0.3694078875462459,0.2344857403830625,10.727237443931042,0.44411909556945406,1.575395957736154,0.3996238595694168,19.41291082951268,0.49489318750754385,0.37940007799266157,0.38028262349570624,0.3686661678356497,0.11434746049464294,21.9535585787837,0.48979317851771936,3.2240870609708145,0.22431267701409263,31.93412778356838,0.41510037418098505,0.23561105209930336,0.2202673160682273
1.5525,0.731977210919606,1.3476566071693867,0.29430694671575686,0.29450389690949147,6.804678865201662,0.38396123734287907,0.9993312475800783,0.38411464643463983,10.56166901802845,0.453996183122161,0.3787424391885657,0.37437952526146434,0.3686547747112715,0.23400822440605634,10.727213115018625,0.44420328882469223,1.5753923848059865,0.39845808644963554,19.375975106401626,0.4940942126443015,0.378399856411982,0.3792356845730802,0.36801765891561455,0.1141201090148254,21.95859998633217,0.48983967339207946,3.224827439200967,0.22239161785719572,31.69943689089142,0.41449463364039846,0.23487292612296437,0.21897327717719386
1.555,0.7312254388187202,1.3465901202212551,0.294161037801703,0.2943694316025468,6.804412076306218,0.3839135630248939,0.9992920671154295,0.3834960982797224,10.546655895707879,0.45378665000404034,0.3783534403410914,0.37387460995950705,0.36790692778655515,0.23353416008735386,10.7271836775706,0.4442850429059776,1.5753880616392004,0.39728778633209644,19.338611898965926,0.4933003139011621,0.3774052138156168,0.37819033715236267,0.36736249523171566,0.11389134397410308,21.963536253783058,0.4898863301597627,3.225552376616502,0.22046090882199093,31.462851068436592,0.41388690289203234,0.23414127422236128,0.21769125967864744
1.5575,0.7304735649865269,1.3455157681500822,0.2940140521080855,0.29423383390981755,6.804146310839093,0.3838654591937384,0.9992530369508785,0.38287293744233153,10.53153276933331,0.4535757539820891,0.3779627463615457,0.37336741040743376,0.3671642250859825,0.23306347483254009,10.727148887797444,0.44436436345100366,1.5753829524330056,0.39611295713828476,19.30082279279014,0.49251139366669006,0.37641610860915103,0.3771465633345432,0.36670100274880996,0.11366126756818819,21.968366706091746,0.48993280916388754,3.226261774080753,0.21852388138035755,31.224824235585064,0.41327747295666506,0.2334166743845832,0.21642305259629155
1.56,0.7297216009273352,1.3444335805652836,0.29386601922124156,0.2940971316465252,6.80388160865873,0.38381692142763324,0.9992141629400133,0.38224518335050395,10.516299593470395,0.45336352296031973,0.37757038484838257,0.37285796253591236,0.3664265439766573,0.2325960955294574,10.727108496516312,0.44444125793869427,1.5753770205925521,0.39493359268818146,19.262609205738983,0.49172735349412555,0.3754324979605182,0.37610434747826343,0.3660335152711908,0.11342998313441675,21.973090887268537,0.4899787571339507,3.226955564627334,0.21658366175244093,30.98578371455924,0.4126666318738899,0.23269966005371837,0.2151703336145349
1.5625,0.7289695581194109,1.3433435738691089,0.29371696837796907,0.29395935228897907,6.803618009569131,0.3837679461347944,0.9991754509284272,0.38161285700807634,10.50095637255299,0.4531499847290274,0.37717638436866513,0.37234630442937183,0.36569376154160094,0.23213194891160685,10.727062251760728,0.444515735904061,1.5753702291141876,0.3937496834304381,19.22397241158444,0.49094809470347006,0.3744543383242379,0.37506367626638354,0.3653603733724002,0.11319759484595426,21.977708558273072,0.4900238120867375,3.2276337131509147,0.21464315225556974,30.746127434446656,0.4120546634452064,0.23199071889875394,0.21393466552664875
1.565,0.7282174480699304,1.3422457506252392,0.2935669284117625,0.2938205229289009,6.803355553130305,0.38371853040349535,0.9991369067258802,0.38097598109552755,10.48550316423131,0.45293516690528446,0.3767807743842482,0.37183247632084043,0.3649657552414683,0.2316709619209491,10.727009901420129,0.4445878090869581,1.5753625409730982,0.39261308386414084,19.187448348133433,0.4901735189661748,0.3734815858937258,0.3740245387549913,0.36468192312723047,0.11296420735711693,21.982219692602555,0.49006760837633195,3.2282962157593094,0.2133094437688658,30.592908816856,0.4114418457556864,0.23129029212922175,0.21271749479790938
1.5675000000000001,0.7274652823718263,1.3411400999913976,0.29341592770796204,0.2936806702353184,6.803094278499176,0.38366867186132403,0.999098536082936,0.38033458006565685,10.46994008249192,0.4527190968813451,0.3763835851808494,0.3713165205776995,0.3642424035602132,0.23121306206232445,10.726951195826432,0.44465749152029144,1.575353919503173,0.39157482582543224,19.155542686073794,0.48940352886211896,0.3725141969959376,0.3729869264405485,0.3639985146817864,0.112729925408397,21.986624470031828,0.4901097817325299,3.228943098854148,0.2120002751750493,30.442824803784635,0.41082844946867597,0.2305987743159027,0.21152015197946958
1.57,0.7267130727590851,1.3400265990639608,0.29326399416763527,0.2935398204239337,6.802834224299155,0.3836183685486296,0.9990603446718064,0.3796886802347616,10.454267300567077,0.4525018017817457,0.3759848478037011,0.3707984816821829,0.3635235866229532,0.2307581777436344,10.726885890211816,0.4447247995661408,1.5753443287579487,0.3905332713947934,19.123294997350808,0.48863802840296916,0.37155212845337354,0.37195083339440677,0.36331050071460774,0.11249485340424127,21.990923269131464,0.49014997412944,3.2295744180320898,0.21068052261035322,30.290824720717488,0.4102147363407032,0.22991651367477095,0.21034385363644562
1.5725,0.725960831157231,1.338905214919617,0.2931111551795369,0.2933979992335721,6.80257542851236,0.3835676188100871,0.9990223380705237,0.37903830987009546,10.43848505365291,0.4522833084295203,0.37558459400273114,0.37027840621025665,0.36280918677776763,0.23030623859784558,10.726813746974585,0.44478975190909054,1.5753337338433768,0.3894883701580974,19.090704613672358,0.48787692351985806,0.37059533794545607,0.37091625652123505,0.36261823484977856,0.11225909497893344,21.995116659225296,0.4901878383404649,3.2301902569037066,0.2093527942839529,30.137265082295066,0.40960095803521807,0.22924381277224018,0.20918970541007512
1.575,0.7252085697261428,1.3377759071309987,0.2929574375991913,0.29325523190915626,6.80231792838541,0.38351642120691315,0.998984521749105,0.37838349927455195,10.422593641458928,0.4520636433216371,0.3751828561893608,0.3697563428121143,0.36209908913627464,0.22985717578448725,10.726734537706006,0.4448523695152976,1.575322101215481,0.3884400649554582,19.057770496813788,0.48712012251598724,0.3696437844031526,0.3698831959969263,0.36192207008072036,0.11202275256575579,21.999205392354032,0.49022304206213346,3.230790725913266,0.20801951901749366,29.982478935707864,0.40898735523729385,0.22858092960522672,0.20805870581763738
1.5775000000000001,0.7244563008928634,1.3366386305668745,0.2928028677339955,0.29311154319055166,6.80206176033835,0.3834647744507132,0.9989469010561774,0.37772428086955606,10.406593430611906,0.45184283261346175,0.37477966740600444,0.369232342196814,0.36139318207026006,0.2294109222694595,10.72664804494897,0.4449126755641581,1.5753093989386349,0.3873882931699161,19.024491291095984,0.4863675364861381,0.3686974284670279,0.3688516559317729,0.36122235725232493,0.11178592698221343,22.00319039561528,0.4902552715251393,3.2313759612137947,0.20668292958064244,29.826773344363612,0.4083741571333913,0.2279280789993607,0.20695175040191688
1.58,0.7237040373725887,1.3354933383394985,0.29264747133317215,0.29296695730656525,6.8018069598663065,0.3834126773584308,0.9989094812045349,0.3770606892768889,10.39048485693175,0.45162090211172723,0.3743750613082405,0.36870645712255373,0.36069135766330096,0.2289674130826248,10.726554063677748,0.4449706953576233,1.5752955969028768,0.38633298830433543,18.990865390816523,0.48561907970562096,0.36775623303025506,0.3678216452871447,0.36051944363236627,0.11154871704022595,22.007072763998618,0.4902842345521062,3.231946123614834,0.20534504974440887,29.670427384348365,0.40776158096060805,0.22728543425421216,0.20586963587051713
1.5825,0.7229517921765468,1.3343399848076622,0.29249127358137883,0.2928214979732846,6.8015535614249165,0.3833601288265793,0.9988722672543124,0.3763927613995204,10.374268427582798,0.4513978772751194,0.3739690721584285,0.36817874239273085,0.3599935121173283,0.2285265855529135,10.726452402506025,0.4450264562108859,1.5752806670013222,0.3852740818659623,18.956891023716448,0.4848746699907289,0.3668201638758081,0.36679317905076325,0.35981367158466904,0.11131121918578918,22.010853753576328,0.49030966306247387,3.232501397582442,0.20400768510012735,29.51369066490411,0.4071498313602666,0.2266531289491838,0.20481306391104154
1.585,0.7221995786060023,1.3331785285667765,0.29233429909476205,0.2926751883958251,6.801301598293061,0.38330712782199083,0.9988352640928276,0.3757205365005058,10.357944723082053,0.4511737832211877,0.3735617348283687,0.36764925485638106,0.3592995461145915,0.22808837952065655,10.726342884646693,0.4450799873276692,1.5752645832711172,0.3842115055485316,18.92256635014426,0.4841342290312221,0.3658891904028366,0.3657662796497561,0.35910537734009673,0.1110735271686158,22.014534774693452,0.49033131505977584,3.233041990239086,0.20267241758068474,29.356782368406126,0.4065390998721855,0.22603125881235112,0.20378264442865834
1.5875000000000001,0.7214474102322053,1.3320089353522615,0.2921765719182498,0.2925280512724242,6.801051102409361,0.38325367338578253,0.9987984764105681,0.37504405627773213,10.341514399117397,0.45094864473789076,0.3731530848075655,0.36711805341004505,0.35860936513565617,0.2276527375266955,10.726225348660183,0.4451313196637723,1.5752473220033394,0.3831451936703298,18.887889576050757,0.48339768269388955,0.36496328642288206,0.3647409785549351,0.3583948898497628,0.11083573173936705,22.018117384655515,0.4903489761608052,3.233568130289763,0.20134060351346522,29.1998907899375,0.40592956465537405,0.22541988355139048,0.2027788980261622
1.59,0.7206953008627681,1.330831180757288,0.29201811552291634,0.29238010879973514,6.800802104181927,0.38319976464711936,0.9987619086732514,0.37436336493100597,10.324978188099193,0.45072248629778283,0.3727431582129256,0.366585198996773,0.3579228797339737,0.22721960497758284,10.726099649037113,0.44518048578365216,1.575228861828564,0.3820750857967889,18.852859076484126,0.48266496129641023,0.36404243099373396,0.36371731800673807,0.35768252969928793,0.11059792037060866,22.021603279356423,0.4903624607370962,3.234080066792484,0.20001337493805552,29.04317334245864,0.4053213903299598,0.22481902855376426,0.20180225763144968
1.5925,0.7199432644956972,1.329645252635946,0.29185895280237967,0.2922313826781767,6.800554632273646,0.3831454008435975,0.9987255650902929,0.37367850921687906,10.30833690034221,0.4504953320727818,0.3723319917954136,0.36605075459709974,0.35724000576720283,0.22678893028590733,10.725965656664206,0.4452275197162981,1.5752091837852886,0.3810011294510873,18.817473525003063,0.4819359998438106,0.36312660924856294,0.36269535277506554,0.356968608063266,0.11036017699751542,22.024994283324872,0.49037161273663477,3.23457806769649,0.19869164384354407,28.886756981879913,0.4047147279312981,0.22422868638322102,0.2008530692703579
1.595,0.7191913152630576,1.3284511530450471,0.29169910606741156,0.2920818941163327,6.800308713367222,0.38309058134560997,0.9986894495802993,0.37298953848594757,10.291591424756755,0.4502672059475825,0.37191962293940756,0.3655147852065694,0.35656066458481805,0.22636066498446789,10.725823259218457,0.44527245681802097,1.5751882713778214,0.37992328279808046,18.78173202349656,0.4812107382204349,0.36221581317137874,0.36167515185326365,0.3562534256841878,0.11012258177529488,22.02829233778596,0.49037630624010187,3.2350624180889884,0.19737610892787477,28.73073899824114,0.40410971500067067,0.2236488180296195,0.19993159207921443
1.5975000000000001,0.7184394673669283,1.327248899583752,0.2915385970382743,0.29193166383366714,6.800064371915643,0.3830353056827986,0.9986535657344221,0.3722965046972659,10.274742728921993,0.4500381315301354,0.371506089651219,0.36497735779482,0.35588478317063416,0.2259347638126825,10.725672361523989,0.44531533365064174,1.5751661106286874,0.3788415171771072,18.7456342263664,0.4804891213365297,0.3613100422672847,0.36065679998164524,0.3555372718681668,0.10988521085185501,22.031499486520286,0.4903764457855382,3.23553341811843,0.19606726446143488,28.575188115679317,0.4035064758380058,0.22307935390515785,0.1990379977441739
1.6,0.7176877350108075,1.3260385260233107,0.2913774468346965,0.2917807120612043,6.799821629884143,0.3829795735715413,0.9986179167784633,0.37159946240502756,10.257791858422223,0.44980813215818455,0.37109143053439436,0.36443854124231595,0.3552122942378318,0.22551118477331375,10.725512885889497,0.4453561878835787,1.5751426901281858,0.37775581935852065,18.7091804529311,0.479771099221211,0.36040930407765726,0.3596403988986127,0.35482042349921644,0.1096481361559838,22.03461785953421,0.4903719664734253,3.2359913805963303,0.19476541085203627,28.420145845475886,0.40290512163504677,0.2225201946170394,0.19817236963472318
