tau,total_energy_fraction,total_critical_fraction,C0_fraction,E0_fraction,N0,minority0,scale0,Rinf0,concentration0,Q3_0,Q8_0,Q16_0,C1_fraction,E1_fraction,N1,minority1,scale1,Rinf1,concentration1,Q3_1,Q8_1,Q16_1
0.0,1.0,1.0,1.0,1.0,6.465486640239153,0.3681210446747663,1.0,1.0,12.225505060972356,1.0,1.0,1.0,0.0,0.0,0.0,0.0,0.0,0.0,0.0,0.0,0.0,0.0
0.0025,0.999934648026034,0.9999157295077514,0.9998979216186366,0.9999230032473448,6.465324462816688,0.36811842228194985,0.9999749164399389,1.0004558811791007,12.23124253168643,1.0003341905291154,1.0009769653128782,1.0008906511264075,1.7723988586875924e-05,1.1469592377628134e-05,9.99113199905149,0.40950326767766654,1.5453023963996508,0.0049849812607615975,27.808004569442925,0.0047104658683812094,0.004932889271397925,0.005007402299985789
0.005,0.99986930163817,0.9998421880715376,0.9997708915489624,0.9998226679695026,6.465151821109714,0.3681157393523247,0.9999482143962135,1.0009366064243088,12.237406939639106,1.0006533020712747,1.001933803457449,1.0017589151991775,7.096006893409973e-05,4.593263153296947e-05,9.988353864606264,0.40928878791171047,1.5448727095717583,0.00997051939528572,27.785398516369607,0.009427128988367815,0.009871370660339406,0.01001836398469966
0.0075,0.999803959038532,0.9997793954050549,0.9996188376652011,0.9996989149332385,6.464968745802189,0.3681130176511919,0.9999198986146316,1.0015421992548024,12.245222001149862,1.0009572514251426,1.002870425248188,1.0026049157354173,0.0001597975287449002,0.00010346561500632831,9.985624568898489,0.40907512128345963,1.5444505765043433,0.014954280543990596,27.759288271436997,0.014149553775996375,0.014814878500469355,0.015032390918130715
0.01,0.9997386184275618,0.9997273700699513,0.9994416941868146,0.9995516707830218,6.464775269097169,0.36811027901842913,0.9998899740759564,1.002105874535929,12.252649403890716,1.0012459588943945,1.0037867475150932,1.0034287860704556,0.00028431652050703846,0.00018413851681302803,9.982944887104033,0.40886229146387965,1.5440361170918409,0.019933935036944087,27.729687982212702,0.018877307567746193,0.019762853906600937,0.020049006007857986
0.0125,0.999673278004068,0.9996861294726596,0.9992394016935883,0.9993808680612009,6.464571424690133,0.3681075453589926,0.9998584459917799,1.0026275816257555,12.259689227172055,1.0015193483017697,1.0046826930629775,1.004230669109356,0.0004445881180429837,0.0002880147949497675,9.98031555329411,0.4086503204400339,1.543629444871136,0.024907159733485253,27.696613538554207,0.02360996075336357,0.02471474499305497,0.025067749332178577
0.015,0.9996079359652777,0.9996556898616622,0.9990119071365413,0.9991864452242794,6.46435724774201,0.3681048386333791,0.9998253198003513,1.0031072796095937,12.266341619796359,1.0017773470009885,1.0055581906268132,1.0050107170629106,0.0006406743751571705,0.00041515140211585575,9.977737259734157,0.4084392285136153,1.5432306669131235,0.02987164036203037,27.66008256911224,0.02834708690288515,0.02967000708524472,0.03008817821928771
0.0175,0.9995425905068888,0.9996360663251798,0.9987591638446788,0.9989683466552969,6.464132774851978,0.36810218084805874,0.9997906011623706,1.0035449373136365,12.272606799928703,1.0020198858865859,1.006413174823243,1.0057690911681878,0.0008726283861232308,0.0005655987995435387,9.975210656257577,0.40822903430591845,1.5428398837258448,0.034825073856836836,27.620114436593724,0.033088262887073255,0.03462810292428014,0.03510986727725003
0.02,0.9994772398231229,0.9996272727892722,0.9984811315275998,0.9987265226723248,6.463898044030045,0.368099594045887,0.9997542959567466,1.0039405333138312,12.278485054949195,1.0022468994016458,1.0072475860983574,1.0065059613937621,0.0011404943477717941,0.0007394009738357377,9.972736349715635,0.40801975476920277,1.5424571891694068,0.039765170688501404,27.576730231789075,0.03783306898986923,0.039588502864338904,0.040132408373716504
0.0225,0.9994118821067802,0.99962932201634,0.9981777762739872,0.9984609295330948,6.463653094669415,0.3680971002965066,0.9997164102763239,1.004294055939962,12.283976741287084,1.0024583255431707,1.0080613706718555,1.0072215061298024,0.0014443076229579959,0.0009365954567140213,9.970314903504583,0.407811405204373,1.5420826703828423,0.04468965718497999,27.529952766371032,0.042581089012787406,0.04455068506252629,0.045155410564583366
0.025,0.9993465155492963,0.9996422256040218,0.9978490705460035,0.9981715294357749,6.463397967518722,0.3680947216867483,0.9996769504235873,1.0046055032748948,12.289082284236068,1.0026541058650946,1.0088544804776984,1.0079159118632384,0.0017840948052070924,0.0011572133475844884,9.96794683717071,0.4076039992848693,1.5417164077230239,0.04959627783993478,27.479806564473545,0.04733191037244148,0.04951413566092415,0.05017849997105858
0.0275,0.9992811383407982,0.999665993984469,0.9974949931696254,0.9978582905159169,6.463132704654103,0.36809248031103947,0.9996359229063441,1.0048748831489631,12.293802177750525,1.0028341854792402,1.0096268731013676,1.0085893728382962,0.0021598737843564106,0.0014012793388343675,9.965632626093965,0.40739754908663844,1.5413584747157323,0.05448279760523964,27.426317853061555,0.052085124192065936,0.05447834896050784,0.05520131960489328
0.03,0.9992157486701635,0.9997006364239927,0.9971155293209515,0.997521186839604,6.462857349451185,0.36809039826183065,0.9995933344333892,1.0051022131294605,12.298136984222243,1.002998513054252,1.0103785117138557,1.0092420907027388,0.0025716538130320884,0.0016688117437775242,9.963372701250389,0.4071920651240264,1.5410089380189103,0.05934700416450783,27.369514551103663,0.05684032538726791,0.05944282758659392,0.060223529141851515
0.0325,0.9991503447250801,0.9997461610230711,0.9967106705085186,0.9971601983928245,6.462571946556954,0.36808849762004664,0.9995491919101559,1.0052875205052307,12.302087334237362,1.0031470408124783,1.011109365002498,1.0098742741402096,0.003019435573819587,0.0019598225271726024,9.96116744905344,0.40698755639140705,1.5406678573981223,0.06418671018454551,27.309426257561945,0.06159711274757474,0.06440708264546612,0.06524480464382441
0.035,0.9990849246921049,0.999802574716702,0.996280414551673,0.9967753110671088,6.4622765418615895,0.3680868004455737,0.999503502434359,1.0054308422663252,12.305653926313132,1.003279724524783,1.0118194070987725,1.010486138489142,0.003503211247007591,0.002274317338243222,9.959017211274,0.4067840304103389,1.5403352857141817,0.0689997555416816,27.246084238214184,0.06635508901219056,0.06937063387181701,0.07026483823034498
0.0375,0.9990194867567275,0.9998698832750955,0.9958247655550424,0.9963665166414669,6.461971182470238,0.36808532876778793,0.9994562732916289,1.0055322250787289,12.308837526614262,1.0033965235033118,1.01250861750319,1.0110779053487584,0.004022964578805518,0.0026122955461353567,9.956922285038674,0.4065814932820153,1.5400112689228875,0.07378400951997713,27.179521411325798,0.07111386093768192,0.07433300976663491,0.07528333770061958
0.04,0.9989540291034317,0.999948091304693,0.9953437338791524,0.995933812760664,6.461655916674777,0.36808410457613566,0.9994075119511447,1.0055917252541466,12.311638968648522,1.0034974005922215,1.013176981007399,1.0116498021727467,0.00457867094995533,0.0029737502777527937,9.954882922905675,0.4063799497447525,1.5396958460867616,0.07874229386948974,27.18050755662497,0.07587303936183362,0.07929374772516214,0.08030002610756008
0.0425,0.9988885499157586,1.000037202249498,0.994837336107251,0.9954772029098843,6.46133079392558,0.368083149810772,0.9993572260612669,1.005609408714846,12.314059152941326,1.003582322156408,1.0138244876136298,1.0122020618512677,0.005170297444678488,0.003358668457917273,9.952899333017395,0.40617940323623664,1.5393890493986462,0.08377167682761376,27.20375427990896,0.08063223926435135,0.08425239415455106,0.08531464128566905
0.045,0.9988230473763725,1.0001372183927146,0.9943055950083877,0.9949966963858269,6.4609958648033,0.3680824863532651,0.9993054234451737,1.005585350953566,12.31609904668907,1.0036512580682482,1.0144511324516077,1.0127349222820135,0.005797802919918591,0.0037670308518054736,9.950971679328557,0.4059798559602334,1.5390909042169916,0.08880499877203335,27.225063752905005,0.0853910798243044,0.08920850458084793,0.09032693533499614
0.0475,0.998757519667125,1.0002481408586774,0.9937485394968156,0.9944923082642863,6.460651180990703,0.3680821360173746,0.999252112096504,1.0055196369885033,12.317759683390992,1.0037041816923935,1.0150569156930618,1.0132486259311015,0.0064611380748594216,0.0041988121096205285,9.949100081908526,0.4057813089574432,1.5388014291126146,0.0938407910930016,27.24443654646913,0.09014918447253263,0.09416164374494332,0.0953366740637394
0.05,0.9986919649691217,1.000369969615061,0.9931662045877734,0.9939640593642739,6.460296795244541,0.368082120539909,0.9991973001750074,1.0054123613133965,12.319042162459384,1.003741069868645,1.0156418424639586,1.0137434193846606,0.00716024552071656,0.004653980813460953,9.947284617316258,0.40558376218016845,1.5385206359266899,0.09887758805968273,27.261873941543847,0.09490618093645352,0.09911138568713877,0.10034363639240713
0.0525,0.9986263814627898,1.0005027034753646,0.9925586313497184,0.993411976208736,6.459932761367518,0.36808246157167085,0.9991409960022082,1.0052636278427227,12.319947648807949,1.003761902892938,1.0162059227545919,1.0142195528920175,0.007895059850818422,0.005132499526354928,9.945525319046094,0.4053872145704464,1.5382485298396995,0.1039139279319577,27.27737792741261,0.09966170127733401,0.10405731381999687,0.10534761372277457
0.055,0.9985607673279454,1.0006463401016548,0.9919258668530818,0.9928360909819307,6.459559134180346,0.3680831806684946,0.9990832080570834,1.005073549852042,12.3204773724182,1.0037666644964787,1.0167491713276564,1.0146772799014705,0.0086655077110093,0.005634324843432572,9.943822178042382,0.405191664141284,1.5379851094510295,0.1089483540627039,27.29095119902491,0.10441538192231321,0.10899902098915926,0.11034840927516631
0.0575,0.9984951207438628,1.0008008760075573,0.9912679641156104,0.9922364414835274,6.459175969493901,0.36808429928238307,0.9990239449717557,1.0048422499135299,12.320632627883818,1.0037553418230647,1.01727160762444,1.0151168565896915,0.009471507870422769,0.006159407445213313,9.942175143280783,0.40499710806062483,1.5377303668688782,0.113979415988646,27.302597153409508,0.10916686369334369,0.1139361095218429,0.11534583739785581
0.06,0.998429439889345,1.0009663065614898,0.9905849820443827,0.9916130710794961,6.458783324081504,0.3680858387527488,0.9989632155272073,1.0045698598267248,12.320414773932805,1.0037279254046354,1.0177732556692607,1.0155385413858504,0.010312971292688454,0.006707692152989435,9.940584122413902,0.4048035427376635,1.5374842878101143,0.11900567050792953,27.312319885196064,0.11391579183465221,0.1188681912627506,0.12033972285260046
0.0625,0.9983637229427919,1.0011426259901228,0.9898769853745693,0.9909660286498564,6.458381255651343,0.3680878202977653,0.9989010286490133,1.0042565205445537,12.319825232927554,1.003684409135083,1.0182541439722854,1.0159425944916323,0.011189801207648653,0.007279117986290602,9.939048982478738,0.40461096391111945,1.5372468517096962,0.12409741090984798,27.33592431550158,0.11866181603988854,0.12379488759716176,0.12532990008051628
0.065,0.9982979680822739,1.0013298273820626,0.9891440446050203,0.9902953685333576,6.4579698228190345,0.3680902650058328,0.9988373934030988,1.003902382094677,12.31886549034264,1.0036247902423714,1.0187143054308545,1.0163292773983421,0.012101893183673544,0.007873618222417392,9.937569550663273,0.40441936673907564,1.5370180318392386,0.12921249403397025,27.362961862408184,0.12340459047961945,0.12871582946100413,0.13031621245263714
0.0675,0.9982321734856024,1.0015279026917396,0.9883862359307674,0.9896011504691679,6.457549085080353,0.3680931938271633,0.9987723189915204,1.0035076034962178,12.317537094220548,1.0035490692589946,1.01915377722945,1.0166988524023683,0.013049135200674633,0.008491120458034627,9.936145615129398,0.4042287458899814,1.5367977954342922,0.1343260562019284,27.388061961979492,0.1281437738295707,0.13363065733774232,0.13529851150959676
0.07,0.9981663373304032,1.0017368427435003,0.9876036411725229,0.9888834395356455,6.457119102784126,0.36809662756549,0.9987058147482744,1.0030723526719425,12.315841654605286,1.0034572499907994,1.0195726007384303,1.0170515821202986,0.014031407723925733,0.009131546672817716,9.934776925889258,0.4040390956344224,1.5365861038298858,0.1394366764547042,27.41123242258683,0.13287902929944628,0.13853902124195913,0.14027665619491667
0.0725,0.9981004577941894,1.0019566372358912,0.9867963477032651,0.988142306086278,6.4566799371053145,0.36810058686990293,0.9986378901351326,1.002596806355957,12.313780842954053,1.0033493394842035,1.019970821411667,1.0173877290050324,0.015048583778808883,0.009794813295147003,9.93346319573192,0.40385040993725657,1.5363829126038515,0.14454294565173192,27.432481696593346,0.13761002466008007,0.14344058068954657,0.14525051208637735
0.075,0.9980345330544352,1.0021872747461227,0.9859644483720039,0.987377825682865,6.4562316500182915,0.3681050922268171,0.9985685547375103,1.0020811499970015,12.311356391527084,1.0032253479918445,1.0203484886832073,1.0177075548642591,0.016100529026609557,0.010480831269846563,9.932204101197286,0.4036626825497196,1.5361881717274575,0.14964346741503315,27.451818867838302,0.14233643226544743,0.1483350046544666,0.15021995062989124
0.0775,0.9979685612886521,1.0024287427347103,0.9851080414248153,0.9865900790260362,6.455774304270312,0.3681101639520742,0.998497818260362,1.0015255776574266,12.308570092755875,1.0030852889367112,1.020705655863093,1.018011320382705,0.017187101841490703,0.011189506127964707,9.930999283593973,0.40347590710110803,1.5360018257228405,0.1547368590455986,27.46925363838046,0.1470579290612165,0.15322197151208736,0.15518484838019203
0.08,0.9979025406744619,1.0026810275502795,0.9842272304232413,0.9857791518831857,6.455307963355184,0.3681158221831817,0.9984256905241101,1.0009302919079366,12.305423798589995,1.0029291788748222,1.021042380032462,1.0182992846495655,0.018308153388779263,0.011920738058593955,9.929848350057892,0.4032900771896536,1.535823813826734,0.1598217524107287,27.484796314539846,0.151774196574946,0.15810116896914722,0.1601450862524975
0.0825,0.9978364693896743,1.002944114434531,0.983322124160156,0.9849451350139122,6.454832691487199,0.36812208687169207,0.9983521814606117,1.0002955037181915,12.301919419822745,1.0027570374565147,1.0213587219380524,1.0185717046925433,0.019463527704701233,0.012674421982728015,9.928750874648145,0.40310518647221094,1.535654070159967,0.1648967948011517,27.498457792279215,0.15648492091140404,0.1629722939804466,0.1651005487891044
0.085,0.9977703456123636,1.0032179875273577,0.9823928365731882,0.9840881240930598,6.454348553575221,0.3681289777757241,0.9982773011091521,0.9996214323433784,12.298058925396004,1.0025688873863918,1.0216547458862406,1.0188288350199424,0.020653061777702483,0.01345044762915283,9.927706399476888,0.40292122875239067,1.535492523902218,0.16996064975684183,27.510249541967834,0.16118979275028056,0.16783505265241505,0.17005112344463078
0.08750000000000001,0.9977041675209445,1.0035026298721046,0.981439486655808,0.9832082196314419,6.453855615197074,0.3681365144526279,0.9982010596124828,0.9989083052068423,12.293844341684558,1.0023647543819822,1.0219305196367254,1.0190709271722287,0.02187658563149225,0.014248699612367676,9.92671443586968,0.40273819806678207,1.5353390994714824,0.17501199786056937,27.520183592572018,0.16588850733978697,0.17268916013375113,0.17499669989334318
0.09,0.9976379332942508,1.0037980234209682,0.9804621983661761,0.9823055268943537,6.4533539425741155,0.36814471625179607,0.9981234672128889,0.9981563577788974,12.289277751760292,1.0021446671311558,1.0221861142959878,1.019298229284489,0.023133922409944684,0.015069057512530687,9.925774465552985,0.402556088768921,1.5351937167077403,0.18011508119814396,27.538293673135595,0.17058076448610587,0.17753434049338004,0.17993716936169085
0.0925,0.9975716411116144,1.004104149040526,0.9794611005338559,0.9813801558179581,6.452843602546077,0.3681536023076219,0.9980445342482978,0.9973658334519294,12.284361294636698,1.0019086572483462,1.0224216042106353,1.0195109856611737,0.02442488846399076,0.015911395957421418,9.924885941865265,0.4023748956106756,1.5350562910602739,0.1853290654994297,27.572777088807786,0.17526626854053126,0.18237032658602326,0.18487242398883544
0.095,0.9975052891529419,1.0044209865173945,0.978436326764499,0.9804322209236451,6.452324662546157,0.36816319153260507,0.9979642711484269,0.9965369834119038,12.279097164494098,1.0016567592296244,1.0226370668607487,1.0197094363644892,0.025749293440628908,0.01677558470641048,9.924048290988388,0.4021946138207369,1.5349267337781254,0.190535192473867,27.605195675651178,0.17994472838602057,0.18719685990572088,0.18980235621759908
0.0975,0.9974388755987965,1.0047485145640083,0.9773880153426012,0.9794618412304652,6.451797190576343,0.36817350261060733,0.9978826884309666,0.9956700665064174,12.273487609886109,1.00138901040667,1.0228325827533504,1.0198938168177807,0.02710694037417715,0.01766148873642359,9.92326091319589,0.4020152391799192,1.5348049521031624,0.19573198526022081,27.635552290748343,0.18461585742413142,0.19201369042769525,0.19472685821788416
0.1,0.9973723986304761,1.00508671082451,0.9763163091324413,0.9784691401657281,6.451261255183012,0.3681845539902561,0.9977997966978067,0.9947653491094038,12.267534932927859,1.0011054508996795,1.0230082353160919,1.0200643574251629,0.028497625779883167,0.018568968329884368,9.922523184114713,0.4018367680929923,1.5346908494652287,0.20091798015669246,27.663850516052744,0.18927937356235963,0.19682057643898904,0.19964582134423345
0.10250000000000001,0.9973058564300941,1.005435551880761,0.9752213554773056,0.9774542454738724,6.450716925432781,0.36819636387849874,0.9977156066313014,0.9938231049826379,12.261241488466476,1.0008061235692651,1.0231641107912803,1.0202212832086441,0.02992113975000123,0.01949787916461638,9.921834455997248,0.4016591976567908,1.5345843256788863,0.20609172758107885,27.690094648653027,0.19393499920136167,0.20161728435835402,0.2045591356288143
0.105,0.9972392471806608,1.0057950132584508,0.9741033060971067,0.976417289123703,6.450164270888621,0.36820895023430594,0.9976301289905743,0.9928436151341715,12.254609683234493,1.000491073967405,1.0233002981303447,1.0203648134638945,0.031377266052436265,0.02044807240568151,9.921194059000339,0.401482525724361,1.5344852771412365,0.2112517930028107,27.71428969039218,0.1985824612226427,0.20640358854591026,0.20946668931073092
0.1075,0.9971725690661642,1.0061650694333175,0.9729623169845045,0.9753584072140979,6.449603361586238,0.3682223307625243,0.997543374607866,0.9918271676738353,12.247641974986708,1.0001603502875007,1.0234168888888389,1.0204951614357443,0.03286578223204607,0.02141939479912748,9.920601302468132,0.40130675096493185,1.5343935970303355,0.21639675784593806,27.736441336882393,0.2032214909779863,0.21117927110313256,0.2143683684022
0.11,0.997105820271652,1.0065456938374635,0.971798548299635,0.9742777398782838,6.449034268010726,0.36823652290787795,0.9974553543849225,0.9907740576659564,12.240340871621223,0.9998140033135966,1.0235139771220878,1.0206125340144316,0.03438645971468245,0.022411688767612965,9.920055476215715,0.40113187291951385,1.53430917550373,0.22152522036223266,27.756555965956963,0.20785182428069734,0.21594412166376076,0.2192640562917665
0.1125,0.9970389989833128,1.0069368588657748,0.9706121642635596,0.9731754311867854,6.448457061073479,0.3682515438491179,0.9973660792894248,0.9896845869794324,12.232708930285268,0.9994520863688231,1.0235916592815701,1.0207171314535117,0.03593906391404115,0.023424792507874374,9.919555851810587,0.4009578920519569,1.5342318998966598,0.2266357964736781,27.774640625601414,0.21247320139749282,0.2206979371762623,0.22415363338440483
0.115,0.9969721033885607,1.00733853588243,0.9694033330505392,0.9720516290491457,6.4478718120893985,0.3682674104933194,0.9972755603514629,0.9885590641353079,12.224748756466516,0.9990746552631133,1.0236500341121257,1.0208091471102618,0.03752335434137866,0.024458540089993586,9.919101683848995,0.400784809795316,1.5341616549194657,0.23172712058371966,27.79070302140576,0.2170853670392461,0.22544052167850992,0.22903697677803872
0.11750000000000001,0.9969051316761164,1.00775069522751,0.968172226679242,0.9709064851145217,6.447278592754356,0.36828413947032484,0.9971838086600511,0.9873978041520092,12.216463003070627,0.99868176824025,1.0236892025500828,1.020888767209311,0.039139084718142585,0.025512761558421155,9.91869221122448,0.40061262859340047,1.5340983228537917,0.23679784635674195,27.804751503580604,0.22168807034915233,0.23017168606536353,0.2339139599757327
0.12,0.9968380820360911,1.0081733062236926,0.9669190209029936,0.9697401546712586,6.446677475122928,0.36830174712733166,0.9970908353596831,0.9862011283883845,12.207854369485721,0.9982734859242993,1.0237092676223898,1.020956170630124,0.04078600309154864,0.02658728303470444,9.91832665838591,0.40044135193740305,1.5340417837471612,0.2418466474653429,27.816795053579163,0.22628106488949704,0.23489124784987273,0.238784452632552
0.1225,0.9967709526600714,1.008606337183043,0.9656438950991777,0.9685527965455369,6.446068531586441,0.3683202495236247,0.9969966516469372,0.9849693643847037,12.198925600634572,0.9978498712654783,1.0237103343468268,1.0210115287188446,0.04246385195312572,0.027681926821865387,9.918004236582497,0.4002709843975306,1.533991915605542,0.24687221830506398,27.826843270367362,0.23086410862460457,0.23959903091883675,0.24364832033587536
0.125,0.9967037417412017,1.0090497554138944,0.9643470321578911,0.9673445729992041,6.445451834851252,0.3683396624254495,0.9969012687671165,0.9837028457017741,12.189679486015246,0.9974109894855042,1.023692509633387,1.02105500512492,0.04417236836023632,0.028796511510367433,9.917724145093382,0.40010153164957774,1.5339485945835214,0.25187327467633175,27.83490635638357,0.2354369638992977,0.24429486528348066,0.24850542441775494
0.1275,0.9966364474742692,1.0095035272278137,0.963028618369963,0.9661156496268801,6.44482745791734,0.36836000130102775,0.9968046980109375,0.9824019117583248,12.180118858730978,0.9969569080224454,1.0236559021868945,1.0210867556627787,0.0459112840605669,0.029930852085606127,9.917485572439519,0.39993300049641134,1.5339116951717466,0.2568485544334527,27.840995103229044,0.2399993974183255,0.24897858682601773,0.25335562179776994
0.13,0.9965690680557893,1.0099676179466626,0.961688843314443,0.9648661952524469,6.444195474057165,0.36838128131571035,0.9967069507112615,0.9810669076668175,12.17024659451012,0.9964876964751208,1.0236006224109269,1.0211069281987455,0.047680325619569315,0.03108476003685321,9.917287697575729,0.3997653988843542,1.5338810903812952,0.26179681810059113,27.84512087712926,0.2445511802263191,0.25365003704288425,0.2581987648547043
0.1325,0.99650160168409,1.0104419919097436,0.9603278997456594,0.9635963818250111,6.443555956794818,0.3684035173272684,0.9966080382398682,0.9796981840678389,12.160065610716897,0.9960034265471159,1.0235267823131244,1.0211156625632425,0.049479214550820896,0.03225804346757883,9.917129691060902,0.399598735914477,1.5338566519246688,0.2667369165570092,27.849390764409957,0.24909208768744706,0.25830906278543747,0.2630347013252966
0.135,0.9964340465593976,1.010926612481037,0.9589459834799556,0.9623063843144491,6.442908979885433,0.36842672388131925,0.9965079720042722,0.9782960969632348,12.149578865353794,0.995504171990484,1.0234344954119328,1.0211130904882177,0.05130766744925778,0.03345050720707206,9.917010716204498,0.39943302184883306,1.5338382503931176,0.27195136322432495,27.882792073476885,0.2536218994642803,0.26295551599891653,0.2678632742282617
0.1375,0.9963664008839214,1.0114214420565324,0.9575432932822068,0.9609963806066216,6.442254617294914,0.3684509152068869,0.9964067634445875,0.976861007548128,12.138789356056405,0.9949900085491826,1.0233238766448485,1.021099335569612,0.05316539612722275,0.03466195292327509,9.91692993018762,0.3992682681116853,1.5338257554300356,0.27714651760902786,27.914236116581296,0.2581403994948161,0.2675892534604629,0.27268432181176055
0.14,0.9962986628619405,1.0119264420716463,0.9561200307522104,0.9596665513983594,6.4415929431799,0.3684761052120924,0.9963044240304286,0.9764581599165415,12.140940439436081,0.9944610139022816,1.023195042278222,1.0210745132545802,0.05505210775325629,0.03589217923674231,9.916886485157065,0.3991044872858009,1.5338190359001729,0.28232114554475085,27.943733244302386,0.2626473759684148,0.2722101365169989,0.27749767752250915
0.14250000000000002,0.9962308306998896,1.012441573008737,0.9546764002110634,0.9583170800923168,6.440924031868065,0.3685023074799762,0.9962009652578636,0.9770785589670146,12.155942493149574,0.9939172676069923,1.0230481098186683,1.0210387308530513,0.05696750499354689,0.0371409818356309,9.916879529290936,0.39894169310390387,1.533817960054453,0.2874740349658578,27.971294329197608,0.26714262130263516,0.27681803082375395,0.28230316999474553
0.145,0.9961629026064444,1.0129667944047132,0.9532126085876094,0.9569481526917795,6.44024795783865,0.3685295352644463,0.9960963986464026,0.9776679575139294,12.170694386642815,0.9933588510415793,1.0228831979261381,1.0209920875731162,0.05891128615594447,0.038408153591626186,9.91690820783447,0.3987799004353962,1.5338223956901802,0.2926039963954632,27.996930750391154,0.27162593212115976,0.2814128060842232,0.28710062305733486
0.1475,0.9960948767926092,1.0135020648587385,0.9517288653050663,0.9555599576955273,6.439564795703323,0.3685578014863543,0.9959907357360387,0.9782264627859226,12.185196706325769,0.992785847348215,1.0227004263286847,1.020934674579618,0.06088314533642937,0.0396934846767004,9.916971664104972,0.39861912526847393,1.53383221030647,0.2977098634009864,28.020654378068773,0.27609710923232567,0.2859943357923262,0.2918898557573649
0.15,0.9960267514718025,1.014047342040036,0.9502253821679163,0.9541526859928361,6.438874620187291,0.36858711872969424,0.9958839880843251,0.9787541858656137,12.199450056717627,0.9921983413758253,1.02249991573898,1.020866575075235,0.06288277256791792,0.04099676268060115,9.917069040464753,0.3984593846877836,1.5338472712547326,0.302790493017567,28.042477557913717,0.2805559576083555,0.2905624969775218,0.2966706823986803
0.1525,0.9959585248599443,1.014602582695792,0.9487023732491612,0.9527265307587103,6.438177506110717,0.3686174992379248,0.9957761672635016,0.9793280016555219,12.214412429691922,0.9915964196229803,1.0222817877726063,1.0207878644032382,0.06490985397127544,0.04231777272896168,9.91719947926127,0.3983006968477759,1.53386744588408,0.3078447661397239,28.062413095516806,0.2850022863660325,0.2951171699536154,0.30144291259390216
0.155,0.9958901951755416,1.0151677426591634,0.9471600547780248,0.9512816873494332,6.4374735283704,0.36864895491041155,0.9956672848576613,0.9799887293157188,12.230594288461422,0.9909801701808694,1.0220461648681654,1.020698610171029,0.0669640719083967,0.04365629760192297,9.917362123733598,0.3981430809419306,1.5338926016815284,0.31287158788170366,28.08047424079268,0.2894359087499011,0.299658238071975,0.3062063513286041
0.1575,0.995821760639777,1.0157427768573908,0.9455986450282025,0.949818353198521,6.436762761921758,0.3686814972989888,0.9955573524599638,0.9806192220956365,12.2465346983309,0.9903496826764039,1.021793170209226,1.02059887239348,0.06904510513720599,0.04501211785315468,9.917556118884688,0.3979865571680376,1.5339226064069087,0.3178698879070082,28.096674672432275,0.2938566421185497,0.3041855874798439,0.31096079903642615
0.16,0.995753219476594,1.016327639320022,0.9440183642067312,0.94833672771316,6.4360452817610945,0.3687151376046391,0.9954463816698925,0.9812195745099201,12.262234022182787,0.9897050482154882,1.0215229276481428,1.0204887036550352,0.07115262896841841,0.04638501192916012,9.917780612318843,0.39783114668973235,1.5339573282223955,0.32283862072764435,28.11102848242029,0.2982643079308179,0.30869910688441893,0.31570605168404026
0.1625,0.9956845699127845,1.016922283187242,0.9424194343435737,0.9468370121712136,6.435321162908131,0.36874988667428776,0.9953343840905522,0.981789884831143,12.277692641927544,0.9890463593264956,1.02123556163177,1.0203681492894567,0.07328631542389796,0.04777475628874839,9.91803475504403,0.397676871594493,1.5339966358165995,0.3277767659736782,28.123550160644587,0.3026587317236631,0.31319868732332484,0.32044190086500607
0.165,0.9956158101780763,1.0175266607183215,0.9408020791819961,0.9453194096188751,6.434590480388842,0.3687857549977135,0.9952213713260154,0.9823302550082018,12.292910958123583,0.9883737099039934,1.0209311971290815,1.0202372475760522,0.07544583339643934,0.04918112552255535,9.918317702238765,0.39752375484831615,1.5340403985231799,0.33268332863371525,28.134254579622915,0.307039743078679,0.31768422194209345,0.32516813390167487
0.1675,0.9955469385052182,1.0181407233001796,0.9391665240698182,0.9437841247690423,6.433853309218567,0.3688227527045712,0.9951073549787096,0.982840790585372,12.307889389610494,0.9876871951527586,1.0206099595607225,1.020096029951173,0.07763084881079488,0.05060389247249425,9.918628613983383,0.3973718202472972,1.5340884864339464,0.33755733926696363,28.14315697937063,0.3114071755858369,0.3221556057792131,0.3298845339544288
0.17,0.9954779531300679,1.0187644214560676,0.9375129958516116,0.9422313639004911,6.433109724385411,0.3688608895615281,0.9949923466468498,0.9833216006220604,12.322628373155593,0.986986911532131,1.0202719747304974,1.01994452123374,0.0798410247857618,0.05204282835101553,9.918966655955641,0.3972210923663472,1.5341407705064483,0.3423978541875645,28.150272952431227,0.3157608668156469,0.32661273555928716,0.33459088013765
0.17250000000000001,0.9954088522916794,1.0193977048543754,0.9358417227619255,0.9406613347579189,6.432359800833925,0.3689001749695108,0.9948763579219148,0.9837727976133067,12.337128363113731,0.9862729567007796,1.0199173687588097,1.0197827398635055,0.0820760217971407,0.05349770286005565,9.919331000090693,0.3970715965052823,1.5341971226660498,0.3472039556219026,28.155618429090026,0.32010065831538853,0.33105550949479734,0.3392869476419256
0.17500000000000002,0.9953396342323871,1.0200405223175633,0.9341529343196061,0.9390742464529273,6.431603613449076,0.36894061796106237,0.9947594003861675,0.9841944974110658,12.35138983110024,0.9855454294622763,1.019546268018057,1.0196106981507722,0.08433549784137111,0.054968284309553986,9.919720825205562,0.39692335863253037,1.534257415902516,0.35197475183962845,28.1592096627894,0.32442639560872993,0.3354838270969305,0.3439725078620942
0.1775,0.9952702971978945,1.020692821831223,0.9324468612232831,0.937470309366012,6.430841237040504,0.36898222719781043,0.9946414856102205,0.9845868191463156,12.365413265676974,0.9848044297112672,1.0191587990699833,1.0194284025362457,0.08661910859964823,0.05645433973541783,9.920135317588352,0.3967764053266979,1.5343215243611446,0.35670937725914514,28.161063215762404,0.32873792814821234,0.33989758899588857,0.3486473285308274
0.18,0.9952008394373594,1.021354550553272,0.9307237352480859,0.9358497350496259,6.430072746327041,0.3690250109680429,0.9945226251506412,0.9849498851520204,12.37919917205119,0.9840500583788521,1.0187550886049943,1.0192358538597148,0.0889265076023206,0.05795563501681585,9.920573671552496,0.39663076371624517,1.5343893234284902,0.3616658821334613,28.181368883025296,0.3330351092714496,0.3442966967710594,0.3533111738575194
0.1825,0.9951312592034789,1.02202565482328,0.9289837891436603,0.9342127361323749,6.429298215921564,0.3690689771843939,0.994402830547609,0.985283820886976,12.392748071787182,0.9832824173787765,1.0183352633834277,1.0190330476362524,0.0912573463933683,0.059471934992681406,9.921035089956419,0.3964864614175179,1.534460689812739,0.3666338496090455,28.20324636844234,0.33731779617754487,0.348681052791383,0.35796380467232847
0.185,0.9950615547525767,1.0227060801719339,0.9272272565335367,0.9325595262244082,6.428517720316087,0.369114133381637,0.9942821133226102,0.9857430751342389,12.408003003033254,0.9825016095544779,1.0178994501787741,1.0188199743386395,0.09361127469475937,0.061003003577308514,9.921518784689122,0.3963435264713836,1.534535501618813,0.37156589484644326,28.223052591623674,0.34158584990919333,0.3530505600662057,0.3626049785752671
0.1875,0.9949917243446871,1.0233957713306463,0.9254543718159179,0.9308903198240609,6.427731333867156,0.36916048671458807,0.994160484976178,0.9862281962367752,12.423714559300373,0.9817077386267573,1.0174477757228495,1.0185966196847416,0.09598794057048261,0.06254860387492518,9.92202397712218,0.3962019872787185,1.534613638418279,0.3764609615107354,28.24080032987415,0.3458391353345947,0.3574051221068718,0.36723445009028727
0.19,0.9949217662436406,1.0240946722413018,0.9236653700659349,0.9292053322258004,6.426939130781537,0.36920804395611523,0.9940379569856802,0.9867110477897723,12.439528574536329,0.9809009091421007,1.0169803666528965,1.0183629649285837,0.09838699059005458,0.06410849829313049,9.922549898528759,0.39606187253499103,1.534694981314157,0.38131802165958867,28.256502932896733,0.3500775211255847,0.3617446427992581,0.37185197082434224
0.1925,0.9948516787171479,1.0248027260661536,0.9218604869394265,0.9275047794295301,6.426141185102185,0.3692568114952581,0.9939145408031479,0.9873510492355226,12.457456174472313,0.9800812264216678,1.0164973494606104,1.0181189871539151,0.10080806999130093,0.06568244865508412,9.923095790470343,0.3959232111641817,1.5347794130007353,0.38613607604867123,28.27017430946264,0.3543008797310895,0.36606902628741056,0.37645728963142744
0.195,0.9947814600368848,1.0255198751978654,0.9200399585782919,0.9257888780513018,6.425337570694491,0.3693067953354561,0.993790247853149,0.9879625802508937,12.475158053110537,0.9792487965109696,1.0159988504430781,1.017864659569082,0.10325082284221325,0.06727021631034016,9.923660905151824,0.3957860322522782,1.5348668178184892,0.3909141544079756,28.28182891402847,0.35850908734854386,0.3703781768684032,0.38105015278162385
0.1975,0.9947111084785752,1.0262460612697042,0.9182040215174633,0.9240578452354771,6.424528361232833,0.369358001092885,0.9936650895307079,0.9885457310545597,12.492634315643969,0.9784037261302586,1.0154849956556031,1.0175999518020793,0.10571489220168585,0.06887156224421928,9.924244505745785,0.39565036498057654,1.5349570818042393,0.3956513156894564,28.291481733312583,0.36270202389611544,0.3746719988984893,0.38563030413516647
0.2,0.9946406223220744,1.026981225165885,0.9163529125935406,0.9223118985683878,6.4237136301874,0.36941043399490536,0.9935390771992675,0.9891005951625895,12.509885087651234,0.9775461226256529,1.01495591086641,1.017324830194698,0.10819992027893967,0.07048624718561668,9.924845866686715,0.39551623855901674,1.5350500927366548,0.40034664828640953,28.299148272841798,0.3668795729865228,0.3789503967105785,0.39019748532156323
0.2025,0.9945699998514527,1.0277253070320713,0.9144868688551314,0.9205512559935327,6.422893450811309,0.3694640988786189,0.9934122221886971,0.9896272693157463,12.526910514811346,0.9766760939210188,1.0144117215131998,1.0170392580947345,0.1107055485914446,0.072114031713147,9.925464273936043,0.3953836821597717,1.5351457401772481,0.40499927022503085,28.304844543478318,0.3710416219018194,0.3832132745430244,0.3947514359237726
0.20500000000000002,0.9944992393550754,1.0284782462860278,0.9126061274749347,0.918776135728348,6.422067896128015,0.369519000189539,0.9932845357933441,0.9901258534076847,12.543710762628901,0.9757937484706267,1.01385255266154,1.0167431961452897,0.1132314181211562,0.07375467635953059,9.926099025218855,0.3952527248513026,1.5352439155069846,0.40960832932860763,28.308587047935887,0.375188061568109,0.3874605364796706,0.39929189366743956
0.20750000000000002,0.994428339125687,1.029239981628433,0.9107109256636005,0.9169867561825925,6.4212370389189894,0.3695751419803715,0.9931560292701299,0.9905964504140788,12.560286016169703,0.974899195212592,1.0132785289650614,1.0164366025702445,0.115777169468887,0.07540794171412943,9.926749430233206,0.3951233955330878,1.5353445119586582,0.4141730033548062,28.310392767293333,0.3793187865295241,0.3916920864010575,0.4038185946151558
0.21,0.9943572974604892,1.0300104510538488,0.9088015005854012,0.9151833358783713,6.420400951711724,0.3696325279099107,0.9930267138366926,0.991039166322697,12.576636479806695,0.9739925435231236,1.0126897746274388,1.016119433455051,0.11834244300663897,0.07707358852354519,9.927414810832957,0.39499572287121987,1.5354474246451695,0.4186925001065329,28.31027914751259,0.38343369492145923,0.3959078279466575,0.40833127336569236
0.2125,0.9942861126612232,1.0307895918618484,0.9068780892757444,0.9133660933718385,6.41955970676798,0.3696911612420489,0.992896600669571,0.991454110064459,12.592762376976067,0.9730739031715985,1.0120864133661325,1.0157916430220588,0.12092687902772915,0.07875137779019627,9.928094501185113,0.394869735235061,1.5355525505838616,0.4235441402423719,28.33355643976203,0.38753268844349925,0.4001076644879617,0.41282966325811266
0.215,0.9942147830342479,1.0315773406683046,0.90494092856055,0.9115352471765978,6.418713376072356,0.36975104484490234,0.9927657009024355,0.9918413934454848,12.608663949943384,0.9721433842764874,1.0114685683778575,1.015453183899639,0.1235301178945468,0.08044107086879447,9.928787847902617,0.39474546063513477,1.5356597887170578,0.4283576541741863,28.354985660815075,0.39161567233113215,0.40429149911221,0.417313496580647
0.2175,0.9941433068906184,1.0323736334168359,0.9029902549775212,0.9096910156888306,6.41786203132114,0.3698121811900545,0.9926340256243649,0.9922011310801577,12.624341459579615,0.9712010972621445,1.0108363623057537,1.0151040073844522,0.12615180018378788,0.0821424295606474,9.929494210153615,0.39462292666242477,1.5357690399289623,0.4331312180320273,28.374514072178034,0.3956825553235148,0.4084592346165176,0.42178250478416335
0.22,0.9940716825461647,1.0331784053904154,0.9010263046993264,0.9078336171141741,6.417005743911432,0.36987457235191784,0.9925015858781625,0.9926017889409596,12.640665596630228,0.9702471528164768,1.0101899172082336,1.0147440636962617,0.12879156682901877,0.08385521620571626,9.930212959748175,0.3945021604292388,1.5358802070590722,0.43786405081526314,28.392157954143954,0.3997332496281802,0.41261077351211534,0.4262364187000427
0.2225,0.9939999083215678,1.0339915912231343,0.8990493134587155,0.9059632693963648,6.416144584930598,0.3699382200072165,0.9923683926587266,0.9930078319126354,12.657184530245349,0.9692816618495009,1.0095293545294628,1.014373302224756,0.1314490592604299,0.08557919377236456,9.93094348120349,0.3943831885117888,1.5359931949122632,0.4425553981659825,28.407933882900075,0.4037676708870695,0.41674601803839595,0.430674968762218
0.225,0.993927982542436,1.0348131249121286,0.8970595164755806,0.9040801901476722,6.415278625145964,0.3700031254345898,0.9922344569114551,0.9933874946452629,12.673492909905868,0.9683047354528049,1.008854795071461,1.0139916717679216,0.13412391954164657,0.08731412594473731,9.931685171788565,0.39426603689462514,1.5361079102656998,0.4472045322937092,28.421858717212114,0.4077857381440034,0.42086487018641977,0.43509788523310533
0.2275,0.9938559035393791,1.0356429398296576,0.8950571483859803,0.9021845965811293,6.414407934994833,0.3700692895143198,0.9920997895307027,0.9937408744094205,12.689590775864183,0.9673164848599332,1.008166358967774,1.0135991207615527,0.13681579050347373,0.08905977720771578,9.932437441549444,0.3941507309170557,1.5362242618727384,0.4518107518812701,28.433949585357325,0.41178737381172076,0.4249672317315119,0.4395048984331158
0.23,0.9937836696480848,1.036480968735344,0.8930424431731373,0.9002767054445795,6.413532584574791,0.370136712728184,0.9919644013582805,0.9940680712248005,12.705478188396922,0.9663170214077016,1.0074641656586938,1.0131955974995546,0.13952431587445768,0.09081591292939734,9.933199713315926,0.3940372952216651,1.5363421604639655,0.4563733819725678,28.444223872309813,0.41577250363935314,0.42905300427455373,0.4438957389734016
0.2325,0.9937112792093894,1.0373271437885652,0.8910156341004152,0.8983567329565454,6.412652643634286,0.3702053951594341,0.9918283031819995,0.9943691877974604,12.721155227588088,0.9653064564984649,1.0067483338679935,1.012781050344764,0.1422491404081588,0.09258229944105546,9.933971422690872,0.39392575370504457,1.536461518745544,0.46098474081412266,28.458438431475383,0.41974105668058176,0.4331220892915486,0.44827013799145676
0.23500000000000001,0.9936387305693508,1.0381813965609938,0.8889769536462845,0.8964248947439288,6.411768181563522,0.37027533649290345,0.9916915057342623,0.9946443294580004,12.736621993119277,0.9642849015633308,1.0060189815811367,1.0123554279300493,0.1449899100070357,0.09435870411453992,9.93475201802306,0.3938161294708282,1.5365822513950136,0.4658473380708195,28.48887216978961,0.4236929652623196,0.43717438819102006,0.4526278273891616
0.23750000000000002,0.9935660220793194,1.0390436580492932,0.8869266334412799,0.8944814057815497,6.410879267385622,0.3703465360152444,0.9915540196906956,0.9948936041006851,12.751878604066993,0.9632524680263415,1.005276226024935,1.0119186793495272,0.14774627184285105,0.09614489543708189,9.935540960364568,0.3937084447851226,1.536704275054702,0.47066518680656416,28.51714671603098,0.42762816495345557,0.44120980237878193,0.4569685400728343
0.24,0.9934931520960086,1.0399138586879546,0.8848649042069509,0.8925264803335234,6.4099859697480985,0.3704189926152975,0.9914158556688316,0.9951171221235182,12.766925198706877,0.9622092672696183,1.0045201836486166,1.0114707543397663,0.15051787447351864,0.09794064308347424,9.936337723413766,0.3936027210344057,1.5368275083229048,0.475437438859113,28.54327734463819,0.4315465945317398,0.445228233329602,0.461292010194824
0.2425,0.9934201189815628,1.040791928362281,0.8827919956968044,0.8905603318964807,6.409088356914614,0.37049270478459323,0.9912770242268334,0.9953149963692831,12.781761934324747,0.9611554105994823,1.0037509701062672,1.0110116034509171,0.1533043679563187,0.09974571798560217,9.937141793444798,0.393498978685962,1.5369518717429802,0.4801632764745359,28.56727984255973,0.43544819594806805,0.4492295826652674,0.4655979733961643
0.245,0.9933469211036245,1.0416777964215074,0.8807081366392394,0.8885831731446292,6.408186496757023,0.3705676706179893,0.9911375358622642,0.9954873420675495,12.796388987034208,0.9600910092135483,1.0029687002406171,1.010541178207741,0.15610540395741865,0.10155989239930428,9.937952669224572,0.3933972372509087,1.5370772877905097,0.48484191233165985,28.589170494885213,0.4393329142899495,0.4532137522385478,0.46988616704978275
0.2475,0.9932735568354026,1.0425713916920576,0.8786135546824644,0.8865952158766524,6.407280456747725,0.37064388781444374,0.9909974010109045,0.9956342767776529,12.810806551600757,0.9590161741688006,1.0021734880681301,1.0100594312605533,0.15892063585764504,0.10338293996854919,9.938769861918201,0.3932975152498604,1.537203680858673,0.4894725895413871,28.60896607044591,0.4432006977449952,0.4571806442225417,0.4741563305037506
0.25,0.9932000245557359,1.0434726424909349,0.8765084763413961,0.8845966709644445,6.406370303952289,0.3707213536779258,0.9908566300456114,0.9957559203326516,12.825014841272122,0.9579310163506439,1.0013654467653688,1.009566316526154,0.16174971885446107,0.10521463578691748,9.939592894983837,0.39319983018126803,1.5373309772419823,0.4940545816214276,28.626683807391412,0.44705149756347623,0.46113016120488226,0.47840820532404704
0.2525,0.9931263226491577,1.0443814766392334,0.8743931269465265,0.8825877483036698,6.405456105022387,0.3708000651184663,0.9907152332752257,0.9958523947842488,12.839014087614574,0.9568356464429278,1.0005446886565945,1.0090617893188292,0.16459231006011266,0.10705475645638443,9.94042130405776,0.39310419849245926,1.5374591051185085,0.4985871924469937,28.64234139874939,0.4508852680192699,0.4650622062862816,0.4826415355363044
0.255,0.9930524495059585,1.0452978214757767,0.8722677305947515,0.8805686567661436,6.404537926189022,0.37088001865334813,0.9905732209435242,0.9959238243486884,12.85280454035512,0.9557301748989431,0.9997113252025696,1.0085458064715702,0.16744806859591588,0.10890308014340237,9.941254636830692,0.3930106355534001,1.5375879945307525,0.5030697561780144,28.655956977975173,0.4547019663697903,0.4689766831828781,0.4868560678659949
0.2575,0.9929784035222479,1.0462216038708678,0.8701325101021444,0.8785396041540218,6.4036158332560245,0.37096121040843855,0.9904306032282143,0.9959703353536111,12.866386467229143,0.9546147119133719,0.9988654669905298,1.0080183264476683,0.17031665568266546,0.11075938663228733,9.942092452916146,0.3929191556331848,1.537717577365282,0.5075016371634408,28.66754910449777,0.45850155281596133,0.47287349633186027,0.4910515519765265
0.26,0.9929041831000137,1.047152750240153,0.8679876869586662,0.8765007971557867,6.402689891593888,0.37104363611966423,0.9902873902399801,0.9959920561858615,12.879760153833407,0.9534893673951631,0.9980072237252872,1.007479309442878,0.17319773472715405,0.11262345737591861,9.942934323711668,0.3928297718792582,1.5378477873312701,0.5118822298232178,28.67713674926896,0.4622839904621949,0.4767525509998391,0.49522774070471093
0.2625,0.9928297866471827,1.0480911865585847,0.8658334812847917,0.8744524413040199,6.401760166133854,0.3711272911346304,0.990143592021568,0.9959891172402441,12.89292590348401,0.9523542509413133,0.9971367042214355,1.00692871747837,0.17609097140479876,0.11449507554376419,9.94377983225383,0.39274249629936187,1.537978559938068,0.5162109585085132,28.684739280322106,0.4660492452748497,0.48061375339344375,0.4993843902930791
0.265,0.9927552125776761,1.049036838374488,0.8636701117900367,0.8723947409349433,6.4008267213623125,0.37121217041438415,0.98999921854692,0.9959616508692085,12.905884037079094,0.9512094718115843,0.9962540163966216,1.0063665144847171,0.17899603373838105,0.11637402606724977,9.944628573067716,0.39265733974619027,1.5381098324719256,0.5204872773407991,28.69037644834718,0.46979728603942744,0.48445701077162234,0.5035212606185263
0.2675,0.9926804593114682,1.0499896308237127,0.8614977957333697,0.8703278991497153,6.399889621315493,0.37129826853532394,0.9898542797203532,0.9959097913334559,12.918634892965976,0.9500551389041747,0.9953592672658469,1.0057926663771681,0.18191259217291242,0.11826009568249259,9.945480152011735,0.3925743119047363,1.5382415439719879,0.5247106700303943,28.69406837228889,0.47352808432188603,0.488282231559138,0.5076381154167829
0.27,0.9926055252746402,1.050949488643875,0.8593167488854844,0.8682521177774604,6.398948929574464,0.3713855796912546,0.9897087853757862,0.9958336747534455,12.931178826812395,0.9488913607323434,0.9944525629367691,1.005207141122493,0.18484031964664677,0.12015307297042585,9.946334186118433,0.39249342128229614,1.5383736352056752,0.5288806496750812,28.695835524974427,0.4772416144387628,0.49208932546076084,0.5117347225022203
0.2725,0.9925304088994344,1.0519163361886699,0.8571271854929142,0.8661675973400217,6.398004709260397,0.3714740976955891,0.9895627452760062,0.9957334390617947,12.943516211481594,0.9477182454019776,0.9935340086059723,1.0046099087976934,0.1877788916582675,0.12205274839434273,9.9471903034321,0.392414675201101,1.5385060486435653,0.5329967585394224,28.69569871877787,0.4809378534179374,0.4958782035756629,0.5158108539825187
0.275,0.9924551086243067,1.0528900974422606,0.8549293182439656,0.8640745370184064,6.397057023030154,0.3715638159836978,0.9894161691119869,0.9956092239565447,12.955647436910857,0.9465359005901076,0.9926037085561683,1.0040009416408753,0.19072798633028434,0.12395891433489342,9.94804814284379,0.39233807979353225,1.5386387284338772,0.5370585678154103,28.693679091328143,0.48461678094463745,0.499648778511546,0.5198662864677455
0.2775,0.9923796228939785,1.0538706960337236,0.8527233582364476,0.8619731346209106,6.396105933072163,0.3716547276154041,0.9892690665022512,0.9954611708552797,12.967572909993278,0.9453444335243559,0.9916617661543027,1.0033802140946086,0.19368728446868136,0.12587136512257135,9.948907353924449,0.39226363999987635,1.5387716203766602,0.5410656773650884,28.689798091267647,0.48827837931669,0.5034009644980372,0.523900801273409
0.28,0.9923039501594864,1.0548580552515543,0.8505095149471713,0.8598635865528981,6.395151501102584,0.3717468252776278,0.9891214469922767,0.9952894228500786,12.97929305446233,0.9441439509633188,0.9907082838505296,1.0027477028420886,0.19665646961886493,0.1277898970677283,9.949767596756786,0.39219135956856555,1.5389046718977912,0.545017715445795,28.68407746406882,0.491922633406554,0.5071346774989078,0.5279141846170776
0.28250000000000003,0.9922280888782313,1.055852098058216,0.848287996203194,0.8577460877882117,6.394193788361767,0.37184010128717543,0.9889733200539491,0.995094124663277,12.990808310778972,0.9429345591778567,0.9897433631780278,1.0021033868364286,0.19963522811796508,0.12971430848816176,9.950628541766436,0.3921212410588488,1.5390378320228608,0.5489143384186851,28.676539237915986,0.4955495306233141,0.5108498353226929,0.5319062278081823
0.28500000000000003,0.9921520375140269,1.056852747104731,0.8460590081547824,0.8556208318421905,6.393232855611032,0.3719345475936773,0.9888246950850635,0.9948754226040186,13.002119136020927,0.941716363933268,0.9887671047536255,1.0014472473234157,0.20262324914355118,0.13164439973432,9.951489869553063,0.3920532858458334,1.5391710513510497,0.5527552304411922,28.667205709660124,0.4991590608706881,0.5145463577312962,0.5358767274306339
0.28750000000000003,0.9920757945371455,1.0578599247453033,0.8438227552500674,0.8534880107462707,6.392268763129713,0.3720301557826712,0.988675581408868,0.9946334645255754,13.013226003773834,0.9404894704723359,0.9877796082792041,1.0007792678580592,0.20562022475882652,0.13357997321217355,9.952351270721838,0.3919874941278287,1.5393042820290646,0.5565401031441033,28.656099430854162,0.5027512165007425,0.518224166546199,0.5398254855179274
0.29,0.9919993584243637,1.0588735530519648,0.8415794402113581,0.8513478150241436,6.391301570712519,0.3721269170788312,0.9885259882736547,0.9945019539493163,13.025878681997296,0.9392539834992735,0.9867809725438519,1.0000994343152692,0.20862584995437292,0.13552083340380439,9.953212445715893,0.3919238649359282,1.539437477725224,0.5602686952939188,28.6432431938767,0.5063259922668337,0.521883185751901,0.5437523097204181
0.2925,0.9919227276590084,1.0598935538292416,0.8393292640130934,0.8492004336694423,6.390331337667202,0.3722248223493419,0.988375924852399,0.9943665328427405,13.038582018629052,0.9380100071645804,0.9857712954267379,0.99940773489499,0.21163982268651987,0.13746678688576594,9.954073104650154,0.3918623961457531,1.5395705936037574,0.5639407724411831,28.628660018152047,0.5098833852777779,0.5255233415962475,0.5476570134644907
0.295,0.9918459007309972,1.060919848628826,0.8370724258613932,0.8470460541249352,6.389358122812483,0.37232386210741614,0.9882254002424397,0.994207661303632,13.051078915503364,0.9367576450506746,0.9847506739006798,0.9987041601221253,0.21466184391241797,0.13941764234527013,9.95493296714701,0.3918030844912865,1.539703586299389,0.5675561265554704,28.612373136474748,0.5134233949519834,0.5291445626873217,0.5515394161033668
0.2975,0.991768876136885,1.0619523587642552,0.8348091231751869,0.8448848622631899,6.388381984476334,0.3724240265159558,0.9880744234652125,0.9940254750425233,13.06336969545994,0.9354970001582029,0.9837192040363735,0.9979887028415662,0.21769161762190026,0.14137321059425847,9.955791762174265,0.39174592558071814,1.5398364138922742,0.5718447713789704,28.63096521855214,0.5169460229697231,0.5327467800865993,0.5553993430593177
0.3,0.9916916523799022,1.0629910053255833,0.832539551568879,0.8427170423686893,6.387402980494507,0.3725253053913531,0.9879230034660226,0.9938201111892815,13.075454696639428,0.9342281748933126,0.9826769810072624,0.9972613582086576,0.22072885086621688,0.14333330458141694,9.956649227885663,0.3916909139142212,1.5399690358833338,0.576266376441392,28.656854715633227,0.5204512732229561,0.5363299273980882,0.5592366259570921
0.3025,0.991614227969997,1.0640357091940431,0.8302639048365317,0.8405427771213626,6.3864211682094005,0.3726276882074327,0.9877711491138698,0.9935917082547444,13.087334272373381,0.932951271056138,0.9816240990950141,0.9965221236754014,0.223773253783735,0.1452977394021953,9.957505111464416,0.39163804290357873,1.5401014131700528,0.580634459971913,28.680684199639416,0.5239391517636904,0.5398939408531989,0.5630511027483718
0.305,0.9915366014238746,1.0650863910566897,0.8279823749375202,0.8383622475815059,6.385436604469205,0.37273116409953083,0.9876188692013156,0.9933404060930182,13.099008791074843,0.9316663898297884,0.9805606516955838,0.9957709989727088,0.2268245396226947,0.14726633230689284,9.958359168969999,0.391587304893577,1.5402335080227847,0.5849485457452285,28.702472352688602,0.5274096667513293,0.543438759391117,0.5668426178271184
0.3075,0.9914587712650366,1.0661429714210218,0.82569515198364,0.8361756331760654,6.384449345627344,0.3728357218687107,0.9874661724443976,0.9930663458644138,13.11047863612927,0.9303736317694041,0.9794867313258354,0.9950079860890025,0.22988242476111712,0.1492389027068748,9.959211165188481,0.3915386911850796,1.540365284061603,0.5892081844600343,28.722238172446925,0.530862828399439,0.5469643247344709,0.5706110221356862
0.31,0.9913807360238194,1.0672053706295683,0.8234024242276249,0.8339831116862437,6.383459447542254,0.3729413499861122,0.9873130674825948,0.9927696699989893,13.121744205785491,0.9290730967921955,0.9784024296306922,0.9942330892454488,0.23294662872396102,0.15121527217898237,9.960060873486672,0.39149219205969843,1.5404967062337411,0.5934129534309346,28.740000957474173,0.5342986489230512,0.5504705814601122,0.5743561732616028
0.3125,0.9913024942374301,1.068273508874445,0.8211043780530484,0.8317848592364119,6.382466965577419,0.37304803659743246,0.9871595628788333,0.9924505221606926,13.132805913046433,0.9277648841684543,0.9773078373908012,0.9934463148681103,0.23601687419762662,0.15319526446820225,9.960908075670277,0.3914477968059715,1.5406277407916555,0.5975624562667105,28.755780292695658,0.5377171424867714,0.5539574770648475,0.5780779355249499
0.315,0.9912240444499855,1.0693473062118644,0.8188011979655717,0.829581050284286,6.381471954601729,0.373155769527536,0.9870056671195416,0.9921090472120736,13.143664185559407,0.9264490925133146,0.9762030445306804,0.9926476715572853,0.23909288704190632,0.15517870548866153,9.96175256184622,0.3914054937469633,1.5407583552717299,0.6016563225357244,28.76959603501147,0.541118325152511,0.5574249620259957,0.581776180056298
0.3175,0.9911453852125467,1.0704266825765976,0.8164930665855097,0.8273718576123423,6.3804744689901565,0.37326453628519135,0.9868513886147553,0.9917453911795404,13.154319465505617,0.9251258197791691,0.9750881401273233,0.9918371700542924,0.24217439629948267,0.15716542332301262,9.962594130289354,0.39136527026919576,1.5408885184736607,0.6056942074192329,28.781468299054154,0.544502214825648,0.560872989856645,0.5854507848651643
0.32,0.9910665150831546,1.0715115577963876,0.8141801646416741,0.8251574523204405,6.379474562624705,0.37337432406793103,0.9866967356982635,0.9913597012191531,13.16477220948872,0.9237951632488205,0.973963212419248,0.9910148232059595,0.24526113420307546,0.15915524822027594,9.963432587313624,0.39132711285282523,1.5410182004405295,0.6096757913533838,28.79141744310567,0.5478688312012784,0.564301517155533,0.5891016348990014
0.3225,0.9909874326268651,1.072601851606298,0.8118626709664694,0.8229380038196211,6.378472288895682,0.3734851197670327,0.9865417166278063,0.9909521255829178,13.17502288842214,0.9224572195292233,0.9728283488159575,0.9901806459270471,0.2483528361803373,0.16114801259220554,9.964267747147753,0.3912910071029722,1.5411473724395761,0.6136007796606889,28.799464055184636,0.5512181957162272,0.5677105036514782,0.5927286220927293
0.325,0.9909081364157839,1.0736974836630024,0.8095407624922011,0.8207136798270498,6.377467700703279,0.3735969099726174,0.9863863395853188,0.9905228135855696,13.185071987414918,0.9211120845458224,0.9716836359077944,0.9893346551608465,0.25144924085660125,0.16314355100824376,9.96509943181562,0.391256937782119,1.541276006943697,0.617468902171734,28.805628939314506,0.5545503315064774,0.5710999122423155,0.5963316454088567
0.3275,0.9908286250290995,1.0747983735590005,0.8072146142485651,0.8184846463620727,6.376460850459442,0.37370968097886287,0.9862306126772203,0.9900719155718235,13.194920005655918,0.9197598535376075,0.9705291594761714,0.9884768698381659,0.2545500900555786,0.16514170018913146,9.965927471021226,0.39122488884348366,1.5414040776136528,0.6212799128379213,28.80993310198326,0.5578652633514063,0.574469709028317,0.5999106108682475
0.33,0.990748897053116,1.075904440836765,0.8048843993612861,0.8162510677433575,6.375451790090057,0.37382341878932734,0.9860745439347525,0.9895995828840716,13.204567456296074,0.9184006210528363,0.9693650045041506,0.9876073108349156,0.2576551287981081,0.16714229899923813,9.966751702038389,0.391194843465283,1.5415315592810084,0.6250335893360083,28.81239773880514,0.5611630176219147,0.5778198633400911,0.6034654315716114
0.3325,0.9906689510812877,1.0770156050028041,0.8025502890518682,0.8140131065870825,6.374440571037441,0.37393810912238146,0.9859181413143646,0.9891059678305085,13.214014866328618,0.9170344809454166,0.9681912551873565,0.9867260009284913,0.2607641052990545,0.1691451884376773,9.967571969605027,0.3911667840857969,1.5416584279317813,0.628729732665225,28.81304422139462,0.5644436222372186,0.5811503477609798,0.60699602771182
0.335,0.9905887857142489,1.0781317855416437,0.8002124526384284,0.811770923806149,6.373427244263136,0.37405373741674375,0.9857614126981459,0.988591223653666,13.223262776466937,0.9156615263719242,0.9670079949452005,0.9858329647531432,0.2638767709624546,0.1711502116282709,9.968388125822111,0.3911406924391453,1.5417846606908137,0.6323681667377267,28.811894084462626,0.5677071066199484,0.5844611381439827,0.6105023265771538
0.3375,0.9905083995598483,1.0792529019297215,0.7978710575375755,0.8095246786103804,6.372411860251015,0.3741702888371174,0.9856043658943057,0.9880555044993378,13.232311741019986,0.9142818497892321,0.9658153064323994,0.9849282287545076,0.2669928803750042,0.17315721380842586,9.969200030057081,0.3911165495916916,1.541910235806833,0.6359487379631547,28.808969013144647,0.5709535016473857,0.5877522136232712,0.6139842625456149
0.34,0.9904277912331778,1.0803788736491848,0.7955262692673039,0.8072745285076814,6.371394469010682,0.37428774827992234,0.9854470086376994,0.9874989653858804,13.241162327765055,0.9128955429527406,0.9646132715507685,0.9840118211434731,0.27011219129798275,0.17516604231698488,9.97000754885178,0.39109433597898763,1.5420351326382138,0.6394713148280471,28.804290830570338,0.5741828396012234,0.591023556620353,0.6174417770704447
0.3425,0.9903469593566059,1.0815096202015952,0.7931782514508692,0.805020629306124,6.370375120081205,0.3744061003791215,0.9852893485904056,0.9869217621738683,13.249815117817686,0.9115026969151926,0.9634019714612696,0.9830837718495301,0.27323446465770446,0.17717654658111234,9.970810555834653,0.3910740314431729,1.5421593316393956,0.6429357874708537,28.79788148568353,0.5773951541179946,0.5942751528449813,0.6208748186570072
0.34500000000000003,0.9902659025598065,1.08264506112153,0.7908271658216106,0.80276313511693,6.369353862535114,0.37452532951213446,0.9851313933423451,0.9863240515360928,13.258270705498646,0.9101034020260659,0.9621814865963009,0.9821441124737651,0.2763594645345865,0.17918857810227531,9.97160893163718,0.39105561527074656,1.5422828143479606,0.6463420672532793,28.7897630413214,0.580590480142216,0.5975069912909055,0.6242833428312022
0.34750000000000003,0.9901846194797889,1.08378511599008,0.78847317222869,0.8005021983583205,6.368330744982758,0.37464541980583693,0.9849731504119541,0.9857059909278822,13.26652969819778,0.9086977479315064,0.9609518966722055,0.9811928762416227,0.27948695815091973,0.18120199044137741,9.972402563814322,0.391039066230629,1.5424055633723268,0.6496900863286837,28.77995766256116,0.5837688538820569,0.6007190642265825,0.6276673120995978
0.35000000000000003,0.990103108760928,1.0849297044482404,0.7861164286437129,0.7982379697602006,6.367305815576923,0.37476635514263973,0.9848146272468985,0.9850677385577361,13.274592716234617,0.9072858235747957,0.9597132807019882,0.9802300979555775,0.282616715857427,0.18321663920310324,9.973191346768845,0.3910243626124313,1.5425275623800445,0.6529797972082414,28.768487605342,0.5869303127669994,0.6039113671809748,0.6310266959014654
0.3525,0.9900213690549934,1.0860787462101877,0.7837570911682016,0.7959705983696502,6.366279122017784,0.37488811916664444,0.9846558312248405,0.9844094533582505,13.282460392715596,0.9058677171973747,0.9584657170082183,0.9792558139478288,0.2857485111186875,0.18523238201952752,9.97397518167928,0.3910114822648542,1.542648796086655,0.6562111723255539,28.755375205369706,0.590074895410451,0.607083898924579,0.6343614705529264
0.355,0.9899393990211764,1.0872321610764462,0.7813953140418842,0.7937002315571907,6.365250711558153,0.37501069528987013,0.9844967696542496,0.9837312949573314,13.290133373387848,0.9044435163404134,0.9572092832361073,0.9782700620331318,0.28888212049750683,0.18724907853304357,9.974753976431376,0.39100040263413854,1.5427692502450858,0.6593842036003909,28.74064286731072,0.5932026415818488,0.6102366614458349,0.6376716191834171
0.3575,0.9898571973261197,1.0883898689469327,0.7790312496517744,0.7914270150237986,6.364220631009038,0.375134066698548,0.9843374497752626,0.9830334236496686,13.297612316489337,0.9030133078466857,0.9559440563667434,0.9772728814618665,0.29201732363830474,0.1892665903786622,9.975527645552745,0.3909911008024907,1.5428889116355453,0.6624989020022161,28.72431305428202,0.5963135921824985,0.6133696599230779,0.640957131664692
0.36,0.9897747626439429,1.0895517898338862,0.776665048542003,0.7891510928086345,6.363188926745501,0.3752582163594769,0.9841778787605896,0.9823160003684724,13.304897892595372,0.9015771778626644,0.9546701127304698,0.9762643128734446,0.29515390324959123,0.1912847811657313,9.976296110150482,0.3909835535264105,1.5430077680558734,0.6655552971141364,28.706408277642375,0.5994077892091516,0.6164829026922041,0.6442180045325938
0.3625,0.98969209365627,1.090717843874671,0.774296859424376,0.7868726072974602,6.362155644712827,0.37538312702643767,0.9840180637164686,0.9815791866574485,13.311990784461315,0.9001352118410624,0.9533875280203885,0.9752443982501319,0.2982916450856001,0.19330351645912397,9.977059297851566,0.3909777372748478,1.5431258083123227,0.668553436697887,28.686951087090108,0.6024852757048703,0.6195764012102285,0.6474542409018166
0.365,0.9896091890522543,1.091887951344453,0.7719268291896241,0.7845916992317162,6.361120830432989,0.3755087812466583,0.9838580116836645,0.980823144643008,13.318891686861457,0.8986874945438598,0.9520963773059816,0.9742131808713762,0.30143033792713897,0.1953226637599414,9.97781714274566,0.3909736282671193,1.5432430222107132,0.67149338626045,28.66596406107182,0.605546095703752,0.6226501700149175,0.6506658503739046
0.3675,0.9895260475286044,1.09306203266875,0.7695551029193172,0.7823085077182267,6.360084529011429,0.3756351613673273,0.9836977296385188,0.9800480370066922,13.325601306423927,0.8972341100457667,0.9507967350468257,0.9731707052687039,0.3045697735617185,0.19734209248577456,9.978569585330126,0.39097120251051665,1.5433594005479265,0.6743752286228734,28.643469797505766,0.6085902941733022,0.6257042266806905,0.6538528489387299
0.37,0.9894426677896071,1.0942400084358432,0.7671818238984089,0.7800231702395073,6.359046785144127,0.37576224954214854,0.9835372244940424,0.9792540269578074,13.332120361461627,0.8957751417380834,0.9494886751063987,0.9721170171812545,0.3077097467630144,0.19936167395056625,9.979316572456938,0.39097043583754104,1.5434749351036956,0.6771990634918355,28.61949090482301,0.6116179169593139,0.6287385917709816,0.6570152588696886
0.3725,0.9893590485471515,1.0954217994090527,0.7648071336283861,0.7777358226646492,6.358007643124976,0.3758900277379317,0.9833765031010564,0.9784412782062581,13.338449581799088,0.8943106723329396,0.9481722707659542,0.9710521635120131,0.3108500552697135,0.20138128134411412,9.980058057281182,0.39097130394269886,1.5435896186326399,0.6799650070344734,28.594049993328643,0.6146290107343848,0.6317532887872627,0.6601531086128752
0.375,0.9892751885207494,1.0966073265388698,0.7624311718409901,0.7754465992607463,6.3569671468534565,0.3760184777412143,0.9832155722493795,0.9776099549355622,13.344589708595173,0.8928407838678951,0.9468475947384564,0.9699761922847895,0.3139904997637926,0.2034007897112519,9.980793999210874,0.3909737824187991,1.5437034448565026,0.6826731914569687,28.567169666884855,0.6176236229505553,0.6347483441149271,0.6632664326704816
0.3775,0.9891910864375584,1.0977965109749375,0.7600540765124818,0.7731556327048439,6.355925339842604,0.3761475811649076,0.9830544386690595,0.9767602217760433,13.350541494161591,0.8913655577108841,0.9455147191825605,0.9688891526019908,0.31713088384827315,0.2054200759307447,9.981524363857783,0.3909778467926902,1.543816408456545,0.6859888161874185,28.56656719560771,0.6206018017983629,0.6377237869662391,0.6663552714786771
0.38,0.9891067410323996,1.0989892740778755,0.7576759838784234,0.7708630540963781,6.354882265227269,0.37627731945496234,0.9828931090316517,0.9758922437781873,13.356305701777147,0.8898850745655066,0.9441737157166264,0.9677910946032307,0.320271014024491,0.20743901869393291,9.982249122988913,0.3909834725603814,1.5439285050660438,0.689565967093125,28.577523448902603,0.6235635961746185,0.6406796493205514,0.6694196712802327
0.3825,0.989022151047778,1.1001855374309437,0.7552970284489469,0.7685689929700826,6.353837965772693,0.3764076738970474,0.9827315899515447,0.9750061863861498,13.361883105497693,0.8883994144766696,0.9428246554327526,0.9666820694248037,0.3234106996689191,0.20945749848315443,9.982968254478426,0.39099063522148997,1.5440397312628527,0.6930860597431466,28.5867305899985,0.6265090556643587,0.6436159658619962,0.6724596839921434
0.385,0.9889373152338986,1.1013852228515335,0.7529173430244799,0.7662735773093352,6.352792483883326,0.37653862562323476,0.9825698879873244,0.9741022154114136,13.367274489961678,0.8869086568365713,0.9414676089108198,0.965562129160066,0.32654975300957423,0.2114753975499771,9.983681742259602,0.3909993103129637,1.5441500845619742,0.6965489686617988,28.594206408530994,0.6294382305341463,0.6465327739148526,0.6754753670685147
0.3875,0.9888522323486832,1.1025882524024795,0.7505370587119058,0.763976933559917,6.351745861611982,0.3766701556186873,0.9824080096431901,0.973180497006572,13.372480650191331,0.8854128803909737,0.9401026462325293,0.9644313268207331,0.32968798910203767,0.2134925998932677,9.984389576276614,0.3910094734420242,1.5442595634080996,0.6999545845382771,28.599968757237637,0.6323511716993921,0.6494301133767955,0.6784667833589746
0.39,0.9887669011577847,1.1037945484031868,0.748156304941128,0.7616791866441618,6.350698140669259,0.3768022447283394,0.9822459613704115,0.9722411976392424,13.377502391389351,0.8839121632456572,0.9387298369954264,0.9632897162991273,0.3328252258051149,0.2155089912371237,9.985091752435737,0.3910211003182834,1.544368167168063,0.7033028138889025,28.604035544418515,0.6352479306712211,0.652308026650224,0.6814340009628792
0.3925,0.9886813204346003,1.1050040334405615,0.7457752094820096,0.7593804599754695,6.349649362433223,0.3769348736635692,0.9820837495688268,0.9712844840660946,13.382340528731142,0.882406582873023,0.9373492503269011,0.9621373523313865,0.3359612837561578,0.2175244590086915,9.985788272555785,0.39103416678498376,1.5444758961231757,0.7065935787247344,28.606424726762256,0.6381285595113825,0.6551665585718713,0.6843770930795754
0.395,0.9885954889602849,1.106216630379741,0.7433938984616694,0.7570808754731586,6.348599567959406,0.37706802300885145,0.9819213805883878,0.9703105233069816,13.386995887152455,0.8808962161189133,0.9359609548981457,0.9609742904616468,0.3390959863460677,0.21953889231589385,9.986479144317405,0.3910486488493165,1.5445827514613832,0.7098268162249958,28.60715430253745,0.6409931107970128,0.65800575634089,0.6872961378549897
0.3975,0.9885094055237595,1.1074322623746122,0.7410124963821004,0.7547805535776346,6.347548797991049,0.3772016732283892,0.981758860730746,0.9693194826191747,13.391469301132567,0.8793811392096952,0.934565018938068,0.9598005870072104,0.34222915969399637,0.22155218192508647,9.98716438121101,0.3910645227117754,1.544688735269213,0.7130024784167244,28.60624230514884,0.6438416375951278,0.6608256694456063,0.690191218224815
0.4,0.9884230689217232,1.1086508528781174,0.7386311261380915,0.7524796132658509,6.346497092969625,0.37733580467271677,0.9815961962508786,0.9683115294716836,13.395761614472795,0.8778614277596021,0.9331615102471468,0.9586162990247037,0.3453606326217587,0.22356422023866268,9.987844002483033,0.3910817647945024,1.5447938505234606,0.7161205318610357,28.603706797056923,0.6466741934385146,0.6636263495891338,0.6930624217545615
0.4025,0.9883364779586582,1.1098723256523342,0.7362499090354248,0.7501781720670374,6.345444493045644,0.3774703975852673,0.9814333933587607,0.9672868315196652,13.399873680070504,0.8763371567782924,0.9317504962112158,0.9574214842772273,0.3484902366279675,0.2255749012726235,9.988518033080284,0.3911003517685858,1.5448981010825842,0.7191809573463465,28.59956586405872,0.6494908322935423,0.6664078506140307,0.6959098404767479
0.405,0.9882496314468399,1.1110966047783322,0.733868964809325,0.7478763460786771,6.344391038089696,0.37760543210890213,0.9812704582210725,0.9662455565789047,13.403806359688472,0.874808400678602,0.9303320438151732,0.9562162012025058,0.3516178058619011,0.22758412063412936,9.98918650359212,0.3911202605802739,1.54500149167776,0.7221837495888821,28.593837609927032,0.6522916085265899,0.6691702284261802,0.6987335707255038
0.40750000000000003,0.9881625282063391,1.1123236146657964,0.7314884116431362,0.7455742499827054,6.343336767703766,0.37774088829239316,0.9811073969629504,0.9651878726003711,13.407560523719674,0.8732752332844689,0.928906219656603,0.9550005088820255,0.3547431770971086,0.22959177549904677,9.989849450190214,0.3911414684760679,1.5451040279035668,0.7251289169407562,28.586540151404282,0.6550765768746666,0.6719135409180729,0.7015337129688561
0.41000000000000003,0.9880751670650281,1.1135532800624184,0.7291083661872052,0.7432719970619125,6.342281721232806,0.3778767460968561,0.9809442156697752,0.9641342528011817,13.411419502244105,0.87173772783902,0.9274730899592999,0.9537744670111636,0.35786618970475825,0.2315977645895041,9.99050691456572,0.39116395302666085,1.5452057162082669,0.7280164811058752,28.577691613546957,0.657845792420108,0.6746378478916587,0.7043103716389768
0.41250000000000003,0.9879875468585836,1.1147855260630466,0.7267289435779448,0.740969699216526,6.341225937776539,0.37801298540212713,0.9807809203889999,0.9631701154089501,13.416572855725738,0.8701959570127966,0.9260327205866926,0.9525381358703047,0.3609866856267323,0.23360198815146788,9.991158943863564,0.391187692149692,1.545306563883643,0.730846476863894,28.56731012541519,0.6605993105713845,0.6773432109809371,0.7070636549606626
0.41500000000000004,0.9878996664304871,1.1160202781186008,0.7243502574570583,0.738667466980955,6.340169456201527,0.3781495860130794,0.9806175171320143,0.9621890773300869,13.421541336896793,0.8686499929121,0.924585177055153,0.9512915762969266,0.36410450934847,0.23560434793235038,9.991805590613744,0.3912126641312874,1.5454065790543736,0.7336189518024098,28.55541381610205,0.6633371870498622,0.6800296935744405,0.7097936747783261
0.4175,0.9878115246320274,1.117257462044739,0.7219724199908992,0.7363654095406723,6.339112315153449,0.378286527665874,0.9804540118760451,0.96119129062409,13.426325598547844,0.8670999070874569,0.923130524547189,0.9500348496586648,0.36721950787155744,0.23760474715865787,9.99244691265941,0.39123884764636085,1.5455057706669082,0.7363339660575465,28.542020811095615,0.6660594778801733,0.6826973607377694,0.7125005463817691
0.42,0.987723120322299,1.1184970040302802,0.7195955418899499,0.7340636347492175,6.338054553069636,0.378423790034141,0.9802904105660942,0.9601769076394296,13.430926302850223,0.8655457705422089,0.9216688279245085,0.9487680178273254,0.37033153068606556,0.2396030905136888,9.993082973081599,0.3912662217776515,1.5456041484778265,0.7389915920630535,28.527149228966817,0.6687662393779581,0.6853462791363208,0.7151843883310111
0.4225,0.9876344523682015,1.1197388306453773,0.7172197324283941,0.7317622491453005,6.336996208191812,0.37856135273508673,0.9801267191169097,0.9591460809872504,13.43534412109328,0.8639876537411879,0.9202001517409526,0.947491143153852,0.37344042974263264,0.24159928411528941,9.993713840120444,0.39129476603347707,1.5457017230416525,0.7415919143079995,28.510817178374875,0.6714575281286779,0.6879765169583556,0.7178453222804512
0.425,0.9875455196444366,1.120982868849435,0.714845099463763,0.7294613579699866,6.335937318579048,0.3786991953355211,0.979962943414989,0.9580989635150924,13.439579733417132,0.8624256266193713,0.9187245602552898,0.9462042884442255,0.37654605942428876,0.24359323549367332,9.994339587092794,0.39132446036418295,1.5457985056981127,0.7441350291031124,28.493042755381545,0.6741334009584014,0.6905881438385341,0.7204834728026257
0.4275,0.9874563210335058,1.1222290459987694,0.7124717494566392,0.7271610651839439,6.334877922120947,0.3788372973578042,0.9797990893206185,0.9570357082806313,13.443633828540984,0.8608597585905925,0.9172421174438643,0.9449075169362855,0.37964827651801997,0.24558485356931212,9.994960292306079,0.3913552851772727,1.5458945085588134,0.7466210443557798,28.473844041064734,0.6767939149032518,0.6931812307820477,0.7230989672118364
0.43,0.9873668554257063,1.1234772898540013,0.7100997874903934,0.7248614734847377,6.333818056551006,0.3789756382857048,0.9796351626699399,0.9559564685254398,13.447507103487006,0.8592901185563688,0.9157528870130963,0.9436008922774609,0.3827469401860668,0.24757404863090152,9.99557603896837,0.39138722135120557,1.5459897444933306,0.7490500793536844,28.45323909942115,0.6794391271817211,0.6957558500894677,0.7256919353879123
0.4325,0.987277121719125,1.124727528587179,0.7077293172909396,0.7225626843241513,6.332757759460181,0.37911419757016923,0.9794711692770488,0.9548613976487742,13.451200263300066,0.8577167749148112,0.9142569324118256,0.9422844785033959,0.38584191193695355,0.2495607323134083,9.996186915094546,0.3914202502478508,1.5460842271146964,0.7514222645570205,28.431245975547192,0.6820690951701568,0.6983120752824203,0.7282625096003684
0.435,0.9871871188196353,1.1259796907886253,0.7053604412464883,0.7202647979255183,6.331697068310645,0.37925295463499675,0.979307114936122,0.9537506491813859,13.454714020763236,0.8561397955695745,0.9127543168434962,0.9409583400174505,0.3889330555962436,0.25154481757620184,9.996793013408556,0.3914543537235903,1.5461779707642833,0.7537377413991924,28.407882694086258,0.6846838763805232,0.7008499810301927,0.7308108243332196
0.4375,0.9870968456408891,1.1272337054734984,0.7029932604272798,0.7179679133010498,6.3306360204497105,0.37939188888241715,0.979143005423571,0.952624376759362,13.458049096109251,0.8545592479388204,0.9112451032781765,0.9396225415710684,0.39202023727701535,0.2535262186812737,9.997394431241677,0.39148951413906524,1.546270990496066,0.7559966620958705,28.383167257930292,0.6872835284398096,0.7033696430773686,0.7333370161107058
0.44,0.9870063011043125,1.1284895020880634,0.7006278746052825,0.7156721282691403,6.3295746531239265,0.3795309796985683,0.9789788465002228,0.9514827340979991,13.46120621672807,0.8529751989641784,0.9097293544644118,0.9382771482449893,0.39510332535005377,0.25550485117154764,9.997991270426814,0.3915257143675641,1.5463633020602758,0.7581991894622391,28.357117647162596,0.6898681090709533,0.705871138172582,0.7358412233241777
0.4425,0.986915484139097,1.129747010515676,0.6982643822738366,0.713377539471637,6.3285130034933355,0.3796702064588696,0.9788146439135244,0.9503258749657078,13.464186116870522,0.8513877151196916,0.9082071329409039,0.9369222254312907,0.398182190413752,0.2574806318492829,9.99858363718881,0.39156293780205254,1.5464549218864323,0.7603454967382381,28.329751818228374,0.6924376760756826,0.7083545439984691,0.7383235860603897
0.445,0.9868243936821937,1.1310061610824638,0.6959028806672292,0.7110842423910577,6.327451108645876,0.3798095485332897,0.9786504033997709,0.9491539531579566,13.46698953734825,0.8497968624207579,0.9066785010480153,0.9355578388162447,0.4012567052637173,0.2594534787545704,9.999171642030808,0.3916011683608478,1.5465458670657692,0.7624357674215653,28.30108770331885,0.6949922873185324,0.710819939102894,0.7407842459314407
0.4475,0.9867330286783053,1.1322668845627173,0.6935434657801843,0.708792331367743,6.3263890056119365,0.3799489852915036,0.978486130686356,0.9479671224712541,13.469617225230001,0.8482027064330633,0.9051435209390937,0.9341840543639682,0.4043267448620756,0.2614233111439253,9.999755399616664,0.3916403904919469,1.5466361553330472,0.7644701951081818,28.27114320995447,0.6975320007112948,0.7132674028315148,0.7432233459065948
0.45,0.9866413880798791,1.1335291121839863,0.6911862323872536,0.7065018996169281,6.325326731379035,0.38008849610793843,0.9783218314940431,0.9467655366771722,13.472069933534371,0.8466053122815153,0.9036022545916143,0.9328009383008498,0.4073921863064685,0.2633900494689722,10.000335028649516,0.3916805891760141,1.5467258050477717,0.7664489833400236,28.23993622075204,0.7000568742004029,0.7156970152617484,0.745641030146217
0.4525,0.9865494708470991,1.1347927756318898,0.6888312740620899,0.7042130392457223,6.324264322906613,0.38022806036670426,0.9781575115392527,0.945549349496413,13.47434842091907,0.8450047446591671,0.902054763818138,0.931408557100739,0.4104529087987365,0.26535361535522617,10.000910651746521,0.3917217499280425,1.5468148351748192,0.7683723454595962,28.207484593360338,0.7025669657599982,0.7181088571381875,0.7480374438380392
0.455,0.9864572759478789,1.1360578070546448,0.686478683196595,0.701925841269981,6.323201817140973,0.38036765746640716,0.9779931765363733,0.9443187145729169,13.476453451366803,0.8434010678361308,0.9005011102770751,0.9300069774708726,0.4135087936132847,0.267313931580966,10.001482395309878,0.39176385879770553,1.5469032652644894,0.7702405044711065,28.173806160548445,0.7050623333891693,0.7205030098095124,0.7504127330359815
0.4575,0.9863648023578542,1.137324139067331,0.6841285510199223,0.6996403956310595,6.322139251030282,0.3805072668248426,0.9778288322000819,0.9430737854480251,13.478385793867954,0.8417943456684573,0.8989413554832654,0.9285962663385244,0.41655972406512054,0.26927092205619824,10.002050389394244,0.3918069023684132,1.5469911154319973,0.7720536929077538,28.138918730430706,0.707543035109655,0.7228795551669402,0.7527670445017319
0.46,0.9862720490603752,1.1385917047558944,0.681780967617324,0.6973567912124342,6.321076661539698,0.3806468678835668,0.9776644842476834,0.9418147155346813,13.480146222099943,0.840184641606988,0.8973755608183546,0.9271764908383593,0.4196055854775642,0.271224511801711,10.002614767570593,0.3918508677550986,1.5470784063364185,0.7738121527047866,28.102840086812037,0.7100091289626298,0.7252385755842397,0.7551005255492925
0.4625,0.9861790150465005,1.1398604376809143,0.6794360219488309,0.6950751158561826,6.320014085666576,0.38078644011234325,0.9775001384014621,0.9405416580916874,13.481735514103548,0.8385720187061626,0.8958037875409796,0.9257477183004689,0.42264626514962217,0.2731746269282135,10.003175666786762,0.3918957426007555,1.5471651591591182,0.7762182705220144,28.090997962681044,0.7124606730042989,0.7275801538593382,0.757413323892688
0.465,0.98608569931499,1.1411302718811402,0.6770938018677497,0.6927954563793073,6.318951560455742,0.38092596301346276,0.9773358003910452,0.9392547661980054,13.483154451956132,0.836956539632792,0.8942260967967494,0.924310016239074,0.4256816523230217,0.27512119461555934,10.0037332272247,0.3919415150717544,1.5472513955816745,0.778842849514423,28.087656522684373,0.7148977253015103,0.7299043731575451,0.7597055874970257
0.4675,0.9859921008722994,1.1424011418768183,0.6747543941389683,0.6905178985898951,6.317889123014841,0.38106541612593386,0.9771714759557756,0.9379541927271134,13.4844038214419,0.8353382666748143,0.8926425496280238,0.9228634523418737,0.42871163814890345,0.2770641430920506,10.004287592154705,0.39198817385196716,1.547337137763331,0.7814500721866441,28.084250138086393,0.7173203439281981,0.7322113169563995,0.7619774644330877
0.47000000000000003,0.9858982187325732,1.1436729826728167,0.6724178844570575,0.688242527303102,6.316826810529737,0.38120477902954275,0.977007170847094,0.9366400903214129,13.485484411719286,0.8337172617500846,0.891053206983487,0.9214080944600209,0.43173611565416853,0.2790034016138186,10.004838907786706,0.3920357081357316,1.5474224083179973,0.7840281529526957,28.080355384615917,0.7197285869590001,0.7345010689921603,0.764229102735635
0.47250000000000003,0.985804051917641,1.1449457297615642,0.6700843574641591,0.6859694263569516,6.315764660279968,0.3813440313487796,0.9768428908309296,0.9353126113666894,13.486397014985506,0.8320935864151882,0.8894581297275111,0.9199440105987092,0.43475497970748095,0.2809389004442802,10.005387323118892,0.39208410761968976,1.5475072302908357,0.7865497978224172,28.075001050801397,0.7221225124568199,0.7367737132079367,0.7664606502655843
0.47500000000000003,0.9857095994570115,1.146219319125806,0.6677538967676493,0.6836986786279406,6.314702709654226,0.3814831527566299,0.9766786416900941,0.9339719079666288,13.48714242613836,0.8304673018740358,0.8878573786493127,0.9184712689083511,0.43776812698492484,0.2828705708336646,10.005932989783828,0.39213336249353736,1.5475916271344607,0.789014990678152,28.06819934506724,0.7245021784580767,0.7390293337034646,0.7686722545762195
0.47750000000000004,0.9856148603878695,1.1474936872411834,0.6654265849575702,0.681430366046443,6.313640996165864,0.38162212297822884,0.9765144292266804,0.9326181319173978,13.487721442435436,0.8288384689861329,0.8862510144718978,0.9169899376763343,0.4407754559353193,0.2847983449986102,10.006476061892267,0.3921834634297221,1.5476756226847814,0.7914237260710897,28.059962551926542,0.7268676429600462,0.741268014686526,0.7708640627835934
0.48,0.9855198337550725,1.1487687710786367,0.663102503623822,0.6791645696119042,6.312579557468435,0.3817609217943766,0.9763502592644656,0.9312514346822816,13.488134863150727,0.8272071482747956,0.8846390978607944,0.9155000853193357,0.4437768667451952,0.2867221561018271,10.007016695874958,0.39223440157213163,1.5477592411365353,0.793776009247565,28.05030303483367,0.7292189639129388,0.7434898404260014,0.7730362214412507
0.4825,0.9854245186111482,1.150044508106629,0.6607817333731046,0.6769013694078199,6.311518431371225,0.38189952904491425,0.9761861376513135,0.929871967366396,13.488383489228882,0.825573399935413,0.8830216894325749,0.9140017803761835,0.446772261303439,0.2886419382318257,10.007555050322631,0.3922861685238139,1.5478425070185375,0.7960718561800338,28.039233239110057,0.7315561992162668,0.7456948952065503,0.7751888764194154
0.485,0.9853289140162932,1.151320836293185,0.6584643538456103,0.6746408446164954,6.310457655854782,0.38203792463195796,0.9760220702615764,0.9284798806914766,13.488468122937133,0.8239372838436992,0.8813988497631704,0.9124950915012532,0.4497615431656108,0.29055762638270716,10.008091285824428,0.3923387563337712,1.547925445168693,0.7983112936021619,28.02676569492447,0.7338794067157278,0.7478832632849021,0.7773221727887636
0.4875,0.9852330190383738,1.1525976941077303,0.6561504437314546,0.67238307353358,6.309397269086433,0.38217608852299106,0.975858062998496,0.9270753249707506,13.488389567515107,0.822298859563894,0.8797706393959756,0.9109800874583873,0.45274461751794676,0.29246915643401655,10.008625564805063,0.39239215748287637,1.5480080807088101,0.8004943590474534,28.012913020308996,0.7361886441967037,0.7500550288477451,0.7794362547088907
0.49,0.9851368327529262,1.1538750205227297,0.6538400807868477,0.6701281335823723,6.308337309435792,0.3823140007538137,0.9756941217966004,0.9256584500839089,13.488148626822671,0.8206581863568907,0.8781371188497527,0.9094568371153283,0.45572139114105503,0.29437646513065685,10.009158051360957,0.39244636486895407,1.548090439019255,0.8026211008908258,27.99768792419171,0.7384839693731056,0.7522102759711919,0.7815312653215851
0.4925,0.9850403542431596,1.1551527550151073,0.6515333418500021,0.6678761013278989,6.307277815490224,0.38245164143135,0.9755302526240969,0.9242294054521876,13.487746104986053,0.8190153231882837,0.8764983486263359,0.9079254094386598,0.45869177237331726,0.29627949006286214,10.009688911095635,0.3925013717910764,1.548172545713494,0.8046915783925263,27.981103209427506,0.7407654398738386,0.7543490885818003,0.7836073466489925
0.495,0.9849435825999623,1.156430837567442,0.6492303028567742,0.6656270524907599,6.306218826070268,0.38258899073631303,0.9753664614852574,0.9227883400135775,13.487182806042409,0.8173703287363085,0.8748543892181471,0.9063858734892527,0.46165567107400807,0.2981781696462305,10.010218310954652,0.39255717193311984,1.5482544266125624,0.8067058617437773,27.963171775808345,0.7430331132315499,0.7564715504191248,0.7856646394967569
0.4975,0.9848465169219064,1.157709208668933,0.6469310388560413,0.663381061960748,6.305160380245013,0.38272602892572916,0.9752027544227964,0.9213354021981793,13.486459533583158,0.8157232613996721,0.873205301115527,0.904838298418212,0.46461299858614596,0.3000724431018148,10.010746419060334,0.3926137593466328,1.5483361077195026,0.8086640321135239,27.94390662303445,0.7452870468818846,0.7585777449997722,0.7877032833622082
0.5,0.9847491563152583,1.1589878093161348,0.6446356240248164,0.6611382038102375,6.3041025173474345,0.38286273633532364,0.9750391375202426,0.919870739903723,13.485577090396324,0.814074179305289,0.8715511448138955,0.903282753463327,0.4675636676990888,0.30196225043626995,10.011273404546625,0.39267112843306345,1.5484176151938218,0.8105661816956483,27.9233208536282,0.7475272981713262,0.7606677555829257,0.7897234163476463
0.5025000000000001,0.9846514998939898,1.1602665810134647,0.6423441316831003,0.65889855130735,6.303045276989633,0.3829990933817684,0.9748756169042968,0.9183945004712819,13.484536278108273,0.8124231403159454,0.8698919808207524,0.9017193079460276,0.4705075926108885,0.3038475324220563,10.011799437394284,0.3927292739253985,1.5484989753260021,0.8124124137560121,27.901427675772524,0.7497539243438168,0.7627416651373116,0.7917251750787733
0.505,0.9845535467797917,1.1615454657735014,0.6400566343084767,0.6566621769288974,6.301988699078035,0.38313508056479784,0.9747121987471821,0.9169068306611989,13.483337896825134,0.8107702020379081,0.8682278696625294,0.9001480312688515,0.47344468889041824,0.30572823057769655,10.012324688266752,0.3927881908692624,1.5485802145121137,0.8142028426786766,27.878240406055976,0.7519669825111908,0.7647995563095615,0.7937086946282982
0.5075000000000001,0.9844552961020909,1.1628244061170867,0.6377732035504532,0.6544291523731101,6.300932823828483,0.3832706784691943,0.9745488892689781,0.9154078766292638,13.481982744774347,0.8091154218284871,0.8665588718913142,0.8985689929134326,0.4763748734392862,0.3076042871480846,10.012849328346887,0.39284787460353066,1.5486613592285638,0.8159375940106535,27.853772472106755,0.7541665296330692,0.7668415113939407,0.7956741084447313
0.51,0.9843567469980711,1.1641033450732678,0.6354939102445556,0.6521995485721519,6.299877691781268,0.3834058677666491,0.9743856947399463,0.9138977839031606,13.480471617946735,0.8074588568035445,0.864885048091456,0.8969822624390174,0.47929806445354955,0.3094756450848433,10.01337352917494,0.39290832074050674,1.5487424360070372,0.817626546744172,27.828368997580565,0.7563526225052396,0.768867612303389,0.7976215482863691
0.5125,0.9842578986126935,1.1653822261791102,0.6332188244261768,0.6499734357044306,6.298823343816051,0.38354062921750365,0.9742226214828376,0.9123766973592283,13.478805309739544,0.8058005638449512,0.8632064588860769,0.8953879094815244,0.4822141813852431,0.3113422480267289,10.013897462487932,0.39296952514571765,1.548823471409652,0.8193146215430083,27.803560071924128,0.7585253177501177,0.7708779405418338,0.7995511441604581
0.515,0.9841587500987251,1.1666609934794283,0.6309480153441908,0.647750883206709,6.297769821166677,0.3836749436723781,0.9740596758751833,0.9108447611995658,13.476984610600946,0.804140599607998,0.8615231649435063,0.8937860037531612,0.48512314490373437,0.31320404028007887,10.014421300060718,0.3930314839173787,1.5489044920043782,0.8209542798817915,27.777729375600213,0.7606846718044081,0.7728725771777288,0.8014630242675075
0.5175,0.9840593006167646,1.1679395915264823,0.6286815514743344,0.6455319597860227,6.296717165435908,0.3838087920736924,0.9738968643515746,0.9093021189295127,13.475010307676493,0.8024790205287597,0.8598352269836538,0.8921766150426086,0.4880248768569222,0.3150609667993004,10.014945213549046,0.3930941933655825,1.5489855243407635,0.8225456797931028,27.750888594903902,0.7628307409133674,0.7748516028187556,0.8033573149507045
0.52,0.9839595493352759,1.1692179653796908,0.6264195005323662,0.6433167334314112,6.295665418610021,0.38394215545708876,0.9737341934059197,0.907748913335547,13.47288318445802,0.8008158828314261,0.8581427057843496,0.8905598132157966,0.49091930023228936,0.3169129731673961,10.015469374334732,0.39315764999126424,1.549066594925988,0.8240889897989182,27.723049556309665,0.7649635811429437,0.776815097587648,0.8052341406503869
0.5225,0.9838594954306202,1.1704960606054133,0.624161929487006,0.6411052714254694,6.294614623073288,0.3840750149527619,0.9735716695936837,0.9061852864636388,13.470604020435566,0.7991512425356161,0.8564456621876669,0.8889356682172826,0.49380633911782923,0.31876000557652534,10.015993953373338,0.3932218504649982,1.549147730201304,0.8255843889494073,27.694224227928274,0.7670832483539487,0.7787631410990709,0.8070936238634833
0.525,0.9837591380870937,1.1717738232768558,0.6219089045726633,0.6388976403557265,6.293564821622339,0.3842073517867074,0.9734092995341098,0.904611379598089,13.468173590752816,0.797485155463703,0.8547441571062497,0.8873042500722542,0.49668591866285916,0.3206020108085978,10.016519121044471,0.39328679160567837,1.5492289565188815,0.8270320668521836,27.66442472063219,0.7691897981656786,0.7806958124375055,0.8089358851078492
0.5275,0.9836584764969645,1.173051199974141,0.6196604913019593,0.6366939061258554,6.292516057480375,0.3843391472818932,0.9732470899124185,0.9030273332409026,13.46559266586669,0.795817677248105,0.8530382515296688,0.8856656288891724,0.4995579650387405,0.3224389362158999,10.017045047004977,0.39335247035913645,1.5493103001191038,0.8284322236913848,27.633663288837152,0.7712832859348956,0.782613190136077,0.8107610428913935
0.53,0.9835575098605116,1.174328137784584,0.6174167544780483,0.6344941339667217,6.291468374311254,0.3844703828593675,0.9730850474819848,0.9014332870917199,13.462862011211518,0.7941488633384983,0.8513280065308254,0.8840198748630734,0.5024224053995261,0.3242707297017527,10.017571900045278,0.3934188837767513,1.5493917871083462,0.8297850702359767,27.601952330928135,0.7733637667409765,0.7845153521562674,0.8125692136858823
0.5325,0.9834562373860666,1.1756045843032021,0.615177758206745,0.6322983884472763,6.290421816233422,0.3846010400393074,0.972923179066494,0.8998293800283547,13.45998238686848,0.7924787690090426,0.8496134832724235,0.882367058279549,0.505279167842556,0.3260973397012022,10.018099847949046,0.39348602899410196,1.549473443437273,0.8310908278367127,27.5693043893191,0.7754312953732639,0.7864023758684552,0.8143605119052961
0.535,0.9833546582900543,1.1768804876334713,0.6129435659084623,0.630106733485297,6.289376427833686,0.38473110044202113,0.9727614915620717,0.8982157500879638,13.456954547240771,0.790807449365641,0.8478947430135325,0.8807072495194197,0.5081281813690273,0.3279187151617463,10.018629057356444,0.3935539032097155,1.549555294879685,0.8328064769203619,27.550842270533163,0.7774859263172978,0.788274338033223,0.816135049888603
0.5375,0.9832527717970321,1.178155796388332,0.6107142403299634,0.6279192323579847,6.288332254180827,0.38486054578890977,0.972599991939389,0.8965925344488925,13.45377924073511,0.7891349593532174,0.8461718471162583,0.8790405190641206,0.5109693758445638,0.32973480552409995,10.019159693631142,0.3936225036639624,1.5496373670119503,0.8349732260454328,27.547807763768624,0.7795277137386775,0.7901313147833755,0.8178929378868006
0.54,0.9831505771397335,1.1794304596914282,0.6084898435559348,0.6257359477124184,6.287289340839049,0.3849893579033989,0.9724386872457427,0.8949598694132164,13.450457209450036,0.7874613537630134,0.8444448570525417,0.8773669375018146,0.5138026819598177,0.33154556070300517,10.019691920731354,0.39369182761814725,1.54971968519306,0.8370886885915855,27.54354428653531,0.7815567114654193,0.7919733816066094,0.8196342840540674
0.5425,0.9830480735591048,1.180704427178553,0.6062704370203851,0.6235569415758735,6.28624773388124,0.3851175187118482,0.9722775846071066,0.893317890390023,13.44698918887162,0.7857866872399046,0.8427138344111034,0.8756865755342474,0.5166280311911304,0.3333509310680924,10.02022590108503,0.3937618723338454,1.549802274545322,0.8391528327675462,27.538059405154005,0.7835729729708816,0.7938006133287837,0.8213591944428549
0.545,0.9829452603043459,1.1819776489992475,0.6040560815178719,0.6213822753660108,6.285207479902062,0.38524501024444724,0.9721166912301558,0.891666731879455,13.443375907576991,0.7841110142897457,0.840978840904551,0.8739995039843608,0.519445355761292,0.3351508674248003,10.020761795469513,0.3938326350525306,1.5498851599357497,0.8411656407140043,27.531360963048648,0.785576551361608,0.7956130840977312,0.8230677730027436
0.5475,0.9828421366329451,1.1832500758185065,0.6018468372145676,0.6192120099009366,6.284168626030857,0.3853718146361055,0.9719560144042632,0.890006527457543,13.439618086946194,0.7824343892867373,0.8392399383766644,0.8723057938046721,0.5222545886004297,0.33694532099536423,10.021299762895742,0.3939041129755405,1.549968365958152,0.843127108644276,27.523457083221846,0.7875674993756859,0.7974108673675611,0.8247601215828756
0.55,0.982738701810715,1.1845216588185083,0.5996427636591607,0.6170462054091448,6.283131219944342,0.38549791412734474,0.9717955615034624,0.8883374097618603,13.435716440882917,0.7807568664808208,0.8374971888098761,0.8706055160864411,0.5250556633070635,0.3387342433998805,10.021839960497255,0.393976303244423,1.5500519169159641,0.845037246970935,27.514356170289734,0.7895458693697384,0.7991940358833997,0.8264363399377734
0.5525,0.9826349551118252,1.1857923497002996,0.5974439197936101,0.6148849215393408,6.282095309879143,0.3856232910652014,0.9716353399883869,0.8866595104780118,13.43167167554434,0.7790785000051067,0.8357506543329576,0.868898742069622,0.5278485141093673,0.3405175866374598,10.022382543424163,0.39404920292170603,1.55013583680585,0.8468960804177023,27.5040669120624,0.7915117132860588,0.8009626616665191,0.8280965257363361
0.555,0.9825308958188329,1.1870621006853501,0.5952503639637464,0.6127282173701579,6.281060944644094,0.3857479279041454,0.9714753574081723,0.8849729603269937,13.427484489080708,0.7773993438833451,0.8340003972289297,0.8671855431536253,0.5306330758266681,0.3422953030674759,10.022927664742236,0.39412280897212876,1.5502201493020944,0.8487036481159397,27.49259828065773,0.793465082632283,0.8027168159997989,0.8297407745738106
0.5575,0.9824265232227107,1.188330864516897,0.593062153929738,0.6105761514197705,6.2800281736323615,0.3858718072070246,0.971315621402331,0.8832778890534331,13.42315557138492,0.7757194520374405,0.832246479943204,0.8654659909088845,0.5334092838312249,0.3440673453909233,10.023475475337273,0.394197118244375,1.5503048777418111,0.8504600036850968,27.479959533136977,0.7954060284722781,0.8044565694134751,0.8313691799865205
0.56,0.9823218366228739,1.1895985944609984,0.5908793468764213,0.6084287816554095,6.278997046833363,0.3859949116460398,0.9711561397025961,0.8815744254147295,13.418685603852458,0.7740388782950145,0.83048896509197,0.8637401570892439,0.5361770740103148,0.3458336666318899,10.02402612382488,0.3942721274533423,1.5503900451109895,0.8521652152965228,27.466160211652127,0.7973346014117145,0.8061819916711219,0.8329818334691301
0.5625,0.9822168353272048,1.1908652443072296,0.588701999423508,0.6062861655027925,6.277967614844474,0.3861172240037599,0.9709969201347322,0.8798626971711198,13.414075259152094,0.772357676397022,0.8287279154708412,0.8620081136451714,0.5389363827286655,0.3475942201191548,10.024579756465812,0.3943478331629821,1.5504756740314,0.853819365720076,27.45121014309599,0.799250851573563,0.8078931517558159,0.8345788244942174
0.5650000000000001,0.9821115186520762,1.1921307683689681,0.5865301676356759,0.6041483598554696,6.276939928882537,0.3862387271741824,0.9708379706203148,0.8781428310766747,13.409325201007594,0.7706759000054261,0.8269633940637666,0.8602699327378032,0.5416871467912586,0.3493489594679182,10.025136517086926,0.39442423176974295,1.5505617867483683,0.8554225523530224,27.43511943824758,0.8011548285729302,0.8095901178564293,0.836160240533931
0.5675,0.982005885922373,1.1933951214832204,0.5843639070325526,0.6020154210840991,6.2759140407951834,0.38635940416384795,0.9706792991784827,0.8764149528712466,13.404436083990793,0.7689936027109372,0.8251954640522174,0.8585256867538217,0.5444293034065345,0.351097838561669,10.025696547007884,0.3945013194866459,1.5506484051194394,0.856974887230739,27.41789849040624,0.8030465814952841,0.8112729573540035,0.8377261670834861
0.5700000000000001,0.9818999364715141,1.1946582590099835,0.5822032725986006,0.5998874050456592,6.274890003071924,0.38647923809301593,0.9705209139276516,0.8746791872733808,13.399408553326207,0.7673108380408274,0.8234241888246677,0.8567754483211795,0.5471627901500199,0.3528408115341949,10.026259984973665,0.3945790923280217,1.5507355506039375,0.8584764970188056,27.399557973510113,0.8049261588769628,0.8129417368081452,0.8392766876862767
0.5725,0.981793669641474,1.1959201368311312,0.5800483187929153,0.5977643670926029,6.2738678688550795,0.3865982121969096,0.9703628230872061,0.8729356579741997,13.394243244707607,0.7656276594668273,0.8216496319863624,0.8550192903256633,0.5498875449284012,0.3545778327517375,10.02682696709292,0.39465754609493525,1.5508232442534342,0.8599275229861043,27.380108839735133,0.8067936086873428,0.8145965219433914,0.8408118839603532
0.5750000000000001,0.9816870847828034,1.1971807113488562,0.5778990995589427,0.5956463620819701,6.27284769195047,0.3867163098270374,0.9702050349791524,0.8711844876322751,13.388940784126621,0.763944120413105,0.8198718573694005,0.8532572859283105,0.5526035059440569,0.3563088567952959,10.027397626782166,0.3947366763613215,1.5509115067031152,0.8613281209586081,27.35956231657306,0.8086489783127139,0.8162373776354991,0.842331835626043
0.5775,0.9815801812546522,1.198439939483716,0.5757556683341293,0.593533444384459,6.271829526837944,0.3868335144526008,0.9700475580297472,0.8694257978694955,13.383501787713767,0.7622602742643163,0.8180909290431282,0.851489508583676,0.5553106116600663,0.3580338384430766,10.027972094715894,0.39481647846085577,1.5510003581640637,0.8626784612535854,27.3379299033879,0.8104923145453511,0.8178643678975971,0.8438366205344687
0.58,0.9814729584247922,1.199697778672349,0.5736180780595103,0.5914256678934725,6.270813428681686,0.38694980966199505,0.9698904007710909,0.8676597092679427,13.37792686159204,0.7605761743737323,0.8163069113248592,0.849716032058957,0.5580088007657038,0.35975273265309166,10.028550498782497,0.39489694747457865,1.5510898184164448,0.8639787285940121,27.315223367452216,0.812323663576126,0.8194775558661578,0.8453263146967415
0.5825,0.9813654156696405,1.2009541868649507,0.5714863811892484,0.5893230860341419,6.269799453340341,0.3870651791644135,0.9697335718426954,0.8658863413677816,13.372216601743379,0.7588918740714677,0.8145198687909275,0.8479369304539728,0.5606980121424253,0.36146549454590227,10.029132964046008,0.39497807821929337,1.5511799068035874,0.8652291220030475,27.291454739466065,0.814143070976086,0.8210770037867415,0.8468009923136041
0.585,0.981257552374287,1.2022091225226135,0.5693606297001286,0.5872257517723402,6.268787657376926,0.3871796067915626,0.9695770799930149,0.8641058126661826,13.3663715938882,0.7572074266728259,0.8127298662880873,0.8461522782220146,0.5633781848303561,0.3631720793875072,10.02971961271357,0.395059865236753,1.5512706422269524,0.8664298546784753,27.266636308563044,0.8159505816802998,0.8226627729994712,0.8482607258053095
0.5875,0.9811493679325202,1.2034625446146447,0.5672408751010183,0.5851337176236902,6.267778098068561,0.3872930764994972,0.9694209340809529,0.8623182406172701,13.360392413378253,0.755522885486766,0.8109369689452597,0.8443621501915497,0.5660492579952794,0.36487244257237356,10.030310564108536,0.39514230278365053,1.551362043141972,0.8675811538470988,27.240780616809655,0.8177462399755261,0.8242349239242034,0.8497055858415349
0.59,0.9810408617468557,1.204714412615987,0.5651271684422994,0.5830470356625739,6.266770833415985,0.38740557237058526,0.9692651430773327,0.8605237416331257,13.35427962510307,0.7538383038244953,0.8091412421856441,0.8425666215888039,0.5687111708961348,0.3665665396066095,10.030905934649102,0.39522538482242464,1.5514541275547462,0.8686832605991242,27.213900453205817,0.8195300894849341,0.8257935160453654,0.8511356413711357
0.5925,0.9809320332285669,1.2059646865048552,0.5630195603252776,0.5809657575311495,6.26576592215287,0.3875170786156095,0.9691097160663384,0.8587224310858339,13.348033783410196,0.7521537350081898,0.8073427517391967,0.8407657680612062,0.571363862853023,0.36825432609127784,10.031505837832306,0.3953091050128907,1.5515469130195665,0.8697364297026555,27.186008847196085,0.8213021731446873,0.8273386078964412,0.8525509596515733
0.595,0.9808228817977148,1.2072133267607175,0.5609181009115743,0.5788899344483812,6.264763423754919,0.38762757957601407,0.9689546622469226,0.8569144233105946,13.34165543203954,0.7504692323798378,0.8055415636554853,0.838959665701709,0.5740072732157259,0.369935757705852,10.032110384223266,0.3953934567047046,1.5516404166372522,0.8707409293984733,27.157119061702645,0.8230625331760748,0.8288702570440906,0.8539516062778524
0.5975,0.9807134068831795,1.2084602943627125,0.5588228399325063,0.5768196172190831,6.263763398448767,0.387737059726305,0.9687999909341822,0.8550998316098946,13.335145104071968,0.7487848493102132,0.8037377443169259,0.8371483910739798,0.5766413413327419,0.3716107901918163,10.032719681449477,0.3954784329306658,1.5517346550542674,0.8716970411753533,27.12724458569324,0.8248112110588876,0.8303885200719063,0.8553376452108344
0.6,0.9806036079226901,1.209705550788599,0.5567338266984512,0.5747548562429843,6.262765907220629,0.3878455036766092,0.9686457115606962,0.8532787682587555,13.328503321892487,0.7471006392079832,0.8019313604524086,0.8353320212384612,0.5792660065208444,0.37327937933641464,10.033333834199945,0.39556402640086163,1.5518296444625894,0.8726050595262534,27.09639912629836,0.8265482475061124,0.8318934525638149,0.8567091388048101
0.6025,0.9804934843628548,1.2109490580142983,0.5546511101082073,0.5726957015238102,6.261771011824742,0.3879528961753996,0.9684918336778319,0.8514513445110506,13.321730597168173,0.7454166555289583,0.8001224791513104,0.8335106337793051,0.5818812080351707,0.3749414809565555,10.033952944229009,0.3956502294976558,1.551925400600296,0.8734652916857489,27.06459660049383,0.8282736824394741,0.8333851090871423,0.8580661478342333
0.605,0.9803830356591909,1.2121907785140666,0.5525747386583433,0.5706422026783888,6.260778774791558,0.38805922211238997,0.9683383669570118,0.8496176706068951,13.314827430840989,0.7437329517854843,0.7983111678779035,0.8316843068321642,0.5844868850398534,0.3765970508828803,10.034577110364616,0.39573703427152124,1.5520219387528493,0.8742780573491867,27.03185112636675,0.8299875549663159,0.8348635431753759,0.8594087315195412
0.6075,0.9802722612761482,1.2134306752613107,0.5505047604525368,0.5685944089457734,6.259789259435681,0.3881644665216037,0.9681853211909409,0.8477778557811108,13.307794313135798,0.7420495815559796,0.7964974944861541,0.8298531191128485,0.5870829765792028,0.37824604494400776,10.035206428520793,0.39582443243771315,1.5521192737550222,0.8750436883740824,26.998177013983543,0.8316899033581617,0.8363288073106673,0.8607369475520131
0.61,0.9801611606871351,1.2146687117300154,0.5484412232109062,0.5665523691963861,6.258802529863556,0.38826861458461837,0.9680327062947961,0.8459320082727523,13.30063172358354,0.740366598494612,0.7946815272349088,0.8280171499468251,0.5896694215494646,0.3798884189509671,10.035840991714197,0.3959124153737821,1.5522174199934593,0.8757625284643408,26.96358875588091,0.8333807650311732,0.8377809529061166,0.8620508521176251
0.6125,0.9800497333745359,1.2159048518967368,0.5463841742793261,0.5645161319411777,6.2578186509808775,0.38837165163398657,0.9678805323073727,0.844080235335694,13.29334013105976,0.7386840563411138,0.7928633348034637,0.8261764792995538,0.5922461586711646,0.38152412868183666,10.036480890084443,0.3960009741179199,1.55231639140982,0.8764349328379557,26.92810101720126,0.835060176528564,0.8392200302879066,0.8633504999198964
0.615,0.9799379788297276,1.2171390602430676,0.5443336606387303,0.5624857453408013,6.256837688499723,0.38847356315683246,0.9677288093921864,0.8422226432502598,13.285919993838482,0.7370020089307271,0.7910429863075082,0.8243311878076471,0.5948131264620677,0.38315312986660593,10.037126210918005,0.39609009936813394,1.5524162015044765,0.8770612678788875,26.89172862549554,0.836728173504056,0.8406460886773445,0.8646359442017235
0.6175,0.9798258965530897,1.2183713017584654,0.5422897289143945,0.5604612572147967,6.255859708945398,0.3885743347986213,0.9675775478385334,0.840359337335881,13.278371759661416,0.7353205102042732,0.7892205513154301,0.8224813568108252,0.5973702632107749,0.38477537817228047,10.037777038675532,0.3961797814822416,1.5525168633407374,0.8784316392472419,26.878651031414552,0.8383847907045058,0.8420591761728828,0.8659072367662239
0.62,0.9797134860540104,1.2196015419433082,0.540252425385197,0.55844271505078,6.254884779662974,0.3886739523670972,0.9674267580625008,0.8384904219647648,13.270695865822452,0.7336396142183412,0.7873960998649687,0.8206270683846548,0.5999175069509837,0.38639082918825135,10.038433455022338,0.39627001047867744,1.5526183895495644,0.8799954009700791,26.871909791294264,0.8400300619501893,0.8434593397321865,0.8671644279966145
0.6225,0.9796007468508874,1.22082974681202,0.5382217959928546,0.556430166013638,6.253912968823536,0.388772401836384,0.9672764506079328,0.8366160005765414,13.262892739267267,0.7319593751555884,0.7855697024801991,0.8187684053740363,0.6024547954364434,0.38799943841195134,10.039095538861885,0.3963607760381028,1.552720792334751,0.8815113063491082,26.864113698419768,0.8416640201135713,0.8448466251543247,0.8684075668751664
0.625,0.9794876784711222,1.222055882896105,0.5361978863511265,0.554423656954718,6.252944345430097,0.38886966935124145,0.967126636147346,0.8347361756938748,13.254962796707929,0.7302798473351555,0.783741430188825,0.8169054514274187,0.6049820661166314,0.3896011612348197,10.039763366372068,0.39645206750580747,1.5528240834785338,0.8829795420723681,26.85527401382556,0.843286697101465,0.8462210770621497,0.869636701001279
0.6275000000000001,0.9793742804511105,1.2232799172469258,0.5341807417549879,0.5524232344210129,6.251978979323217,0.3889657412314672,0.9669773254827979,0.8328510489389923,13.246906444752229,0.7286010852232248,0.7819113545397618,0.8150382910317017,0.6074992561131802,0.3911959529285976,10.040437011044185,0.3965438738948891,1.552928274347621,0.8844003101291522,26.845402303051483,0.8448981238424309,0.8475827388849368,0.8708518766087174
0.63,0.9792605523362278,1.2245018174380646,0.5321704071897642,0.5504289446643352,6.251016941186289,0.38906060397643577,0.9668285295467054,0.8309607210511101,13.238724080047502,0.72692314344368,0.7800795476209795,0.8131670095477973,0.6100063021970845,0.39278376863197695,10.041116543724339,0.39663618389019756,1.5530333758995947,0.8857738274649811,26.834510424556278,0.8464983302637642,0.8489316528413424,0.8720531385820639
0.6325000000000001,0.9791464936808093,1.2257215515671234,0.5301669273402266,0.5484408336504742,6.250058302550523,0.3891542442697627,0.9666802594026146,0.8290652919047107,13.230416089438586,0.7252460767887223,0.7782460820775846,0.81129169324681,0.6125031407667085,0.39436456333761954,10.041802032657195,0.3967289858530259,1.5531393986896798,0.8871003256182044,26.822610517759664,0.8480873452589164,0.8502678599227407,0.8732405304724256
0.635,0.9790321040481275,1.2269390882568452,0.528170346599645,0.5464589470683356,6.249103135799607,0.38924664898408234,0.966532526245922,0.827164860528639,13.221982850139629,0.7235699402295487,0.7764110311301063,0.8094124293467968,0.6149897078266207,0.3959382918795672,10.042493543531883,0.39682226782652696,1.553246352877843,0.8883800503390759,26.809714990738946,0.8496651966631247,0.8515913998769875,0.874414094512441
0.6375000000000001,0.9789173830103646,1.2281543966554687,0.5261807090787929,0.5444833303390556,6.248151514174051,0.3893378051859275,0.966385341404547,0.8252595251259773,13.213424729919378,0.7218947889271369,0.7745744685929659,0.8075293060500677,0.6174659389672682,0.3975049089210551,10.04319113952994,0.3969160175418347,1.5533542482362088,0.8896132611921639,26.795836507606822,0.8512319112355378,0.852902311192649,0.8755738716306171
0.64,0.9788023301485843,1.2293674464362627,0.5241980586149088,0.5425140286250871,6.247203511775267,0.3894277001407,0.9662387163395622,0.8233493830946528,13.20474208729955,0.7202206782430889,0.7727364688930881,0.8056424125809821,0.6199317693455081,0.3990643689427422,10.043894881375124,0.3970102224248607,1.5534630941567624,0.8908002311429697,26.78098797559647,0.8527875146407051,0.8542006310837372,0.8767199014650265
0.6425,0.9786869450527,1.230578207796241,0.5222224387806027,0.5405510868392543,6.246259203569328,0.38951632131771946,0.9660926626457749,0.8214345310487462,13.195935271765949,0.7185476637505076,0.7708971070886348,0.8037518392242042,0.6223871336659969,0.400616626231366,10.044604827384928,0.39710486960373637,1.553572899659319,0.8919412461296462,26.765182531880612,0.8543320314271853,0.8554863954749687,0.8778522223763888
0.645,0.9785712273214409,1.2317866514540894,0.5202538928927152,0.5385945496537707,6.245318665390456,0.38960365639534256,0.9659471920522671,0.8195150648404552,13.187004623991925,0.7168758012448907,0.769056458887822,0.8018576773633683,0.6248319661634439,0.40216163486882783,10.045321033523685,0.3971999459168658,1.5536836733997361,0.8930366046207124,26.748433530150745,0.8558654850053076,0.8567596389875729,0.8789708714605424
0.6475,0.9784551765623195,1.2329927486474022,0.5182924640211183,0.536644461509215,6.24438197394427,0.3896896932661413,0.9658023164228974,0.8175910795826726,13.177950476073843,0.7152051467550354,0.7672146006677947,0.7999600195201145,0.6272662005857195,0.40369934872170854,10.04604355345708,0.3972954379215486,1.553795423678346,0.8940866171596659,26.730754526982686,0.8573878976268122,0.8580203949256527,0.8800758845603206
0.65,0.9783387923915956,1.2341964711293525,0.5163381949974608,0.5347008666234631,6.24344920681075,0.38977442004213575,0.9656580477567595,0.8156626696721444,13.168773151778137,0.7135357565539441,0.765371609493526,0.7980589593934512,0.6296897701778083,0.4052297214312157,10.046772438607865,0.39739133190313003,1.5539081584485719,0.8950916058974143,26.712159268014496,0.8588992903676332,0.8592686952631129,0.8811672962768357
0.6525,0.9782220744342421,1.23539779116498,0.5143911284238545,0.5327638090005679,6.242520442447,0.38985782506007505,0.9655143981886094,0.8137299288131624,13.159472966799704,0.7118676871697234,0.7635275631367102,0.7961545918994,0.632102607666592,0.4067527064035544,10.047507738212724,0.3974876138846313,1.5540218853257233,0.8960519041134261,26.692661673962473,0.8603996831137232,0.8605045706311397,0.8822451399801557
0.655,0.9781050223239084,1.2365966815273044,0.5124513066814943,0.5308333324395824,6.2415957601897585,0.38993989688676406,0.9653713799892544,0.8117929500417617,13.150050229031212,0.7102009953964645,0.7616825400946207,0.7942470132108785,0.6345046452464412,0.40826825680071804,10.04824949937997,0.3975842696368059,1.5541366115959208,0.8969678557265321,26.67227582650064,0.8618890945495885,0.8617280503062427,0.8833094478193837
0.6575,0.9779876357028833,1.2377931154935014,0.5105187719392111,0.52890948054332,6.240675240257718,0.3900206243244346,0.9652290055659106,0.8098518257503744,13.140505238843007,0.7085357383050921,0.7598366196089029,0.7923363207977773,0.6368958145655926,0.4097763255316898,10.048997767148022,0.39768128468857405,1.554252344225139,0.8978398147962857,26.651015954028868,0.8633675421491864,0.8629391621988366,0.8843602507321193
0.66,0.9778699142220576,1.2389870668414034,0.508593566161949,0.5269922967270417,6.2397589637536255,0.39009999641616444,0.9650872874625293,0.8079066477129122,13.130838289373338,0.7068719732541696,0.7579898816842673,0.7904226134671817,0.6392760467132911,0.41127686524404666,10.049752584544418,0.39777864433777255,1.5543690898683362,0.8986681450158075,26.628896417354373,0.8648350421685851,0.8641379328423621,0.8853975784532998
0.6625,0.9777518575408839,1.240178509846581,0.5066757311191586,0.525081824227064,6.238847012666177,0.3901780024513455,0.9649462383600885,0.8059575071102323,13.1210496668285,0.7052097579006491,0.756142407107057,0.7885059914036961,0.6416452722076711,0.4127698283159596,10.050513992645207,0.3978763336621691,1.5544868548786372,0.8994532191970325,26.60593169531091,0.8662916096402463,0.8653243873829284,0.8864214595234173
0.665,0.9776334653273329,1.2413674192802646,0.5047653083930991,0.5231781061092747,6.237939469871716,0.39025463197120763,0.9648058710768568,0.8040044945559496,13.111139650792571,0.7035491502105505,0.7542942774636502,0.7865865562098108,0.6440034209843624,0.41425516684858266,10.05128203063462,0.3979743375306826,1.5546056453165655,0.9001954187492673,26.582136370339366,0.8677372583682054,0.8664985495694711,0.8874319212960995
0.6675,0.9775147372578471,1.2425537704083376,0.5028623393870351,0.5212811852775454,6.237036419135712,0.39032987477440495,0.9646661985686215,0.8020477001225498,13.101108514546342,0.7018902084695587,0.7524455751586666,0.7846644109462643,0.646350422385806,0.4157328326588336,10.05205673586475,0.39807264061475545,1.5547254669592718,0.9008951331519879,26.557525114053444,0.8691720009231136,0.8676604417444191,0.8884289899450708
0.67,0.977395673017288,1.24373753899161,0.5009668653333156,0.5193911044820257,6.236137945114014,0.39040372092267017,0.9645272339288825,0.8000872133677678,13.09095652539507,0.7002329912935211,0.7505963834329393,0.7827396601723374,0.6486862051512746,0.4172027772725647,10.05283814391521,0.3981712273998261,1.5548463253097626,0.9015527594227732,26.53211267281281,0.8705958486372632,0.8688100848348697,0.8894126904704932
0.6725,0.977276272298877,1.2449187012875294,0.49907892730131986,0.5175079063273046,6.235244133353871,0.39047616074654606,0.9643889903890103,0.7981231233611721,13.080683945004557,0.6985775576388223,0.7487467863812104,0.7808124099860175,0.6510106974076074,0.41866495191813624,10.05362628865262,0.3982700821968567,1.5549682256061,0.9021687015812928,26.505913853326504,0.8720088115883762,0.8699474983442735,0.8903830467047126
0.675,0.9771565348041303,1.2460972340534393,0.49719856620524777,0.5156316332804187,6.234355070294652,0.39054718485119894,0.9642514813183573,0.7961555187109196,13.070291029745109,0.6969239668126026,0.7468968689695084,0.7788827680639641,0.653323826660675,0.42011930752041055,10.054421202289776,0.3983691891538711,1.555091172830553,0.9027433701102537,26.47894350830794,0.8734108985755656,0.8710727003446563,0.8913400813174478
0.6775,0.977036460242782,1.2472731145514366,0.4953258228117391,0.5137623276786892,6.233470843268302,0.3906167841223217,0.9641147202243281,0.7941844875906117,13.05977803104277,0.6952722784827905,0.7450467170521561,0.7769508437011968,0.655625519787607,0.42156579469518846,10.055222915444482,0.39846853226747103,1.555215171718698,0.9032771814142118,26.451216522203207,0.8748021171023255,0.8721857074693928,0.8922838158204653
0.68,0.9769160483326993,1.2484463205548146,0.49346073774729293,0.5119000317373636,6.232591540499422,0.39068494973212764,0.9639787207523924,0.7922101177662093,13.0491451957373,0.6936225526879329,0.7431964173883618,0.7750167478504303,0.6579157030298332,0.42300436374412514,10.056031457197973,0.3985680953943006,1.555340226768454,0.9037705572771516,26.422747797013333,0.8761824733651027,0.8732865349065857,0.8932142705718119
0.6825,0.9767952987997864,1.2496168303560087,0.4916033515054651,0.5100447875570394,6.231717251104977,0.39075167314543935,0.9638434966860393,0.7902324966229374,13.038392766446236,0.6919748498468079,0.7413460576583327,0.773080593160961,0.6601943019869975,0.4244349646501688,10.056846855152811,0.3986678622624401,1.5554663422490371,0.9042239243197568,26.393552238231,0.8775519722442404,0.8743751963931076,0.8941314647796949
0.685,0.9766742113778749,1.250784622775909,0.489753704453813,0.5081966371308407,6.230848065093578,0.3908169461258688,0.9637090619466664,0.7882517111921138,13.02752098193434,0.6903292307677902,0.7394957264788532,0.7711424940170151,0.6624612416118275,0.4258575470735737,10.057669135490352,0.39876781648271575,1.5555935222098498,0.9046377134572718,26.363644740912264,0.8789106172970316,0.8754517042093806,0.8950354165061217
0.6875,0.9765527858086043,1.251949677174338,0.4879118368405593,0.5063556223513223,6.229984073364251,0.39088076074208583,0.9635754305933898,0.7862678481778447,13.016530077487705,0.6886857566579303,0.7376455134182636,0.7692025665754573,0.664716446206052,0.4272720603485501,10.058498323027688,0.39886794155992195,1.5557217704892874,0.9051186891675639,26.33613404207485,0.880258410753266,0.8765160691749992,0.895926142670439
0.6900000000000001,0.9764310218412878,1.2531119734614355,0.4860777888009407,0.5045217850170685,6.229125367704684,0.3909431093741668,0.9634426168227724,0.784280993983509,13.005420285291835,0.6870444891317135,0.7357955090107686,0.7672609288027499,0.6669598394174733,0.42867845348062106,10.059334441274089,0.39896822090395767,1.5558510907234668,0.9063178712701717,26.329920907796055,0.8815953535135106,0.8775683006453138,0.8968036590529389
0.6925,0.9763089192327673,1.2542714921096678,0.48425160036321196,0.5026951668389581,6.228272040788863,0.3910039847200131,0.9633106349684585,0.7822912347379652,12.994191834812838,0.6854054902194554,0.7339458047700078,0.7653177005110527,0.6691913442383153,0.43007667514476244,10.06017751248698,0.39906863784088853,1.5559814863548869,0.9074692921846444,26.3226875147134,0.882921445150224,0.878608406509118,0.8976679802987276
0.6950000000000001,0.9761864777472552,1.2554282141661273,0.48243331145426743,0.5008758094460596,6.2274241861740585,0.39106337980182526,0.9631794995007076,0.7802986563214086,12.982844953181091,0.6837688223752911,0.7320964932018117,0.7633730033933452,0.6714108830049732,0.4314666736844078,10.061027557727456,0.3991691756239463,1.5561129606410118,0.9085732716484421,26.31444762226605,0.884236683911853,0.879636393187605,0.8985191199220853
0.6975,0.9760636971561645,1.256582121264786,0.480622961904847,0.49906375439112605,6.226581898297068,0.3911212879726177,0.9630492250258137,0.7783033443908111,12.971379865576473,0.6821345484847232,0.7302476678160719,0.7614269610574534,0.673618377399299,0.4328483971114051,10.061884596915343,0.3992698174444877,1.5562455166627895,0.9096301401773346,26.30521515560888,0.8855410667302241,0.8806522656347759,0.8993570903115691
0.7000000000000001,0.9759405772379303,1.2577331956383624,0.4788205914542934,0.4972590431556549,6.225745272469736,0.39117770292275406,0.962919826285412,0.7763053844048678,12.959796795614595,0.6805027318716924,0.7283994231376435,0.7594796990588514,0.6758137484515584,0.43422179310700965,10.062748648883874,0.3993705464429325,1.556379157333107,0.9106402385207931,26.295004190293028,0.8868345892313417,0.8816560273394981,0.900181902736134
0.7025,0.9758171177778195,1.2588814201294554,0.47702623975482317,0.49546171715447834,6.224914404873613,0.3912326186864848,0.9627913181556522,0.7743048616483873,12.948095965733165,0.678873436305126,0.7265518547162093,0.7575313449321183,0.6779969165451932,0.4355868090240011,10.063619731433944,0.3994713457197043,1.5565138854051825,0.9116039171136057,26.283828936970096,0.8881172457494604,0.8826476803294281,0.9009935673525786
0.705,0.9756933185677356,1.2600267782006405,0.47523994637528144,0.49367181773985214,6.224089392553774,0.3912860296484652,0.9626637156462441,0.7723018612560603,12.936277597577963,0.6772467260049276,0.7247050591350269,0.7555820282209172,0.6801678014235163,0.43694339189000575,10.064497861387999,0.3995721983461949,1.5566497034809001,0.9125215355248162,26.271703726145606,0.8893890293433778,0.8836272251770206,0.9017920932146268
0.7075,0.9755691794060134,1.261169253943247,0.47346175080434577,0.49188938620500894,6.223270333411728,0.3913379305502346,0.9625370338993593,0.7702964682355411,12.924341912387739,0.6756226656473676,0.7228591340184866,0.7536318805063745,0.6823263221984613,0.4382914884121007,10.06538305464357,0.3996730873757752,1.5567866140190896,0.9133934619051198,26.25864299300814,0.8906499318116587,0.8845946610078422,0.9025774882839702
0.71,0.9754447000972131,1.2623088320845752,0.47169169245315207,0.4901144637871475,6.222457326197406,0.3913883164966354,0.9624112881883927,0.768288767489787,12.912289131377515,0.6740013203698312,0.7210141780384082,0.7516810354337251,0.6844723973614915,0.43963104498276806,10.066275326226448,0.39977399585486423,1.5569246193437507,0.9142200724338492,26.244661262360527,0.891899943704181,0.8855499855114125,0.9033497594436039
0.7125,0.9753198804519094,1.2634454979933734,0.4699298106573126,0.48834709166982626,6.22165047050018,0.3914371829621553,0.9622864939165734,0.7662788438386048,12.900119476119864,0.6723827557748844,0.7191702909190094,0.7497296287371061,0.6866059447967572,0.4409620076872572,10.067174690343506,0.39987490683407256,1.5570637216522236,0.9150017507666928,26.22977313367993,0.8931390543330944,0.8864931949547787,0.9041089125137697
0.715,0.9751947202864792,1.2645792376834424,0.4681761446783027,0.486587310984735,6.220849866738921,0.3914845257971746,0.9621626666154269,0.7642667820393507,12.887833168923656,0.6707670379336025,0.7173275734404835,0.747777798262367,0.6887268817965746,0.4422843223123993,10.068081160435215,0.39997580337942157,1.557203923023311,0.9157388874852769,26.21399326633335,0.8943672517872511,0.8874242841990109,0.9048549522708149
0.7175,0.9750692194228899,1.2657100378153037,0.4664307337041955,0.48483516281282213,6.220055616151089,0.3915303412341074,0.962039821943088,0.7622526668067504,12.875430433210077,0.6691542333881295,0.715486127441124,0.7458256839877807,0.6908351250792754,0.44359793435690625,10.068994749227825,0.4000766685836412,1.5573452254253488,0.9164318795497141,26.197336364974685,0.8955845229453175,0.8883432467187801,0.9055878824692472
0.72,0.9749433776884915,1.26683788569592,0.46469361684972516,0.48309068818475387,6.219267820780838,0.39157462589342557,0.9619179756824605,0.7602365828317983,12.862911493885603,0.667544409153448,0.7136460558179483,0.7438734280425381,0.6929305908094473,0.44490278904316805,10.069915468785263,0.40017748557753463,1.5574876307242336,0.9170811297551945,26.179817165148663,0.8967908534800678,0.8892500746251523,0.9063077058672262
0.7225,0.9748171949158092,1.2679627692765285,0.4629648331556676,0.48135392808069133,6.2184865834661665,0.3916173767895601,0.9617971437392299,0.7582186147997134,12.850276577711785,0.66593763271834,0.7118074625257687,0.7419211747229121,0.6950131946205738,0.4461988313305485,10.070843330560745,0.40027823754139763,1.557631140691404,0.9176870461936382,26.161450419125977,0.8979862278607016,0.8901447586916836,0.9070144242557018
0.725,0.9746906709423432,1.2690846771486988,0.4612444215875267,0.4796249234293687,6.21771200782512,0.3916585913366769,0.9616773421397298,0.7561988474069321,12.83752591367187,0.6643339720455177,0.7099704525746742,0.7399690705059837,0.697082851640039,0.4474860059301601,10.071778345448184,0.4003789077164686,1.5577757570117936,0.9182500417213628,26.14225088199228,0.8991706293620301,0.8910272883838651,0.90770803849134
0.7275,0.9745638056103728,1.27020359853878,0.45953242103352393,0.4779037151064663,6.216944198241077,0.3916982673543312,0.961558587028666,0.7541773653771252,12.824659733334201,0.6627334955708962,0.7081351320258883,0.7380172640608328,0.6991394765164525,0.44876425732108205,10.072720523833404,0.40047947941638284,1.5579214812917506,0.9187705334336476,26.122233298011892,0.9003440400805796,0.8918976518919082,0.9083885485333392
0.73,0.9744365987667677,1.2713195233009558,0.4578288703018875,0.4761903439322716,6.216183259847137,0.39173640307300395,0.9614408946667015,0.7521542534762422,12.811678271212614,0.661136272201985,0.7063016079859777,0.7360659062570953,0.70118298344921,0.45003352976797073,10.073669875645232,0.4005799360385957,1.5580683150669405,0.9192489421469817,26.10141238728514,0.9015064409551263,0.8927558361668188,0.9090559534841602
0.7325,0.9743090502628059,1.272432441909164,0.4561338081174491,0.47448485066862983,6.215429298509647,0.39177299713953245,0.9613242814279086,0.7501295965265926,12.798581765124158,0.6595423713154019,0.7044699885993961,0.7341151501708031,0.7032132862201969,0.4512937673399905,10.074626410406587,0.4006802610757379,1.5582162598102494,0.9196856918896819,26.079802832715195,0.9026578117897361,0.8936018269596386,0.9097102516341307
0.735,0.9741811599540012,1.273542345448169,0.4544472731175536,0.47278727601518655,6.214682420810911,0.39180804862244833,0.9612087637970953,0.7481034794199787,12.785370456544372,0.6579518627535249,0.7026403830393539,0.7321651510874263,0.7052302982274994,0.4525449139309843,10.075590137285566,0.40078043812685965,1.5583653169396818,0.9200812094014634,26.057419267298307,0.9037981312783221,0.8944356088636947,0.9103514405098229
0.7375,0.9740529276999363,1.274649225604106,0.4527693038472958,0.47109766060493385,6.213942734031089,0.3918415570172377,0.9610943583670046,0.7460759871299202,12.772044590960833,0.6563648168202284,0.7008129014970135,0.7302160665020481,0.7072339325209896,0.4537869132807849,10.076561065146693,0.40088045090852237,1.5585154878262915,0.9204359236424187,26.03427626174746,0.9049273770304765,0.8952571653596235,0.9109795169260121
0.74,0.9739243533641055,1.275753074654824,0.4510999387541013,0.4694160449990694,6.213210346129356,0.39187352225154465,0.9609810818354015,0.7440472047229993,12.758604418225426,0.6547813042756334,0.6989876551690163,0.7282680561166087,0.7092241018396128,0.4550197089975588,10.077539202602386,0.4009802832656906,1.5586667738021383,0.920750265311747,26.010388312457167,0.9060455255985257,0.8960664788629045,0.9115944770409783
0.7425,0.9737954368137657,1.276853885460373,0.44943921618167043,0.4677424696811904,6.212485365724319,0.3919039446903355,0.9608689510020432,0.7420172173693942,12.745050192906236,0.6532013963299815,0.6971647562433622,0.7263212818341653,0.711200718650206,0.4562432445810636,10.07852455806475,0.40107991918238234,1.5588191761683006,0.921024666376455,25.985769829813282,0.9071525525063139,0.8968635307735764,0.9121963164148204
0.745,0.9736661779197926,1.2779516514539695,0.44778717436330984,0.4660769750508375,6.211767902073748,0.3919328251410472,0.9607579827655448,0.7399861103526468,12.731382174639904,0.6516251646366944,0.6953443178836581,0.7243759077501167,0.7131636951876561,0.45745746344669624,10.07951713979775,0.40117934279203343,1.5589726962029447,0.9212595596101238,25.960435126848846,0.9082484322805514,0.8976483015277744,0.9127850300704072
0.7475,0.9735365765565477,1.279046366633771,0.44614385141467583,0.4644196014164181,6.211058065053613,0.39196016485873736,0.9606481941201368,0.7379539690787508,12.717600628485373,0.650052681284579,0.6935264542117722,0.7224321001403582,0.7151129434962044,0.45866230895019994,10.080516955969921,0.40127853838753835,1.5591273351694763,0.9214553781417164,25.93439840824356,0.9093331384853085,0.8984207706506924,0.9133606125565228
0.75,0.9734066326017493,1.280138025555774,0.4445092853259576,0.4627703889875301,6.210355965136471,0.3919859655512575,0.9605396021523224,0.7359208790846276,12.70370582528023,0.6484840187891631,0.6917112802889234,0.7204900274463223,0.7170483754716975,0.45985772441290224,10.081524014707565,0.4013774904309306,1.5592830943247697,0.9216125550143075,25.907673759661755,0.9104066437599552,0.899180916810546,0.9139230580127137
0.7525000000000001,0.9732763459363505,1.2812266233281204,0.44288351395353026,0.4611293778667171,6.209661713369218,0.3920102293844648,0.9604322240374358,0.7338869260460805,12.689698042000668,0.6469192500832132,0.6898989120952492,0.7185498602568768,0.7189699029045858,0.461043653147352,10.082538324148576,0.4014761835626721,1.5594399749274916,0.9217315227534973,25.880275137420558,0.9114689198607951,0.8999287178731015,0.9144723602353058
0.755,0.9731457164444203,1.2823121556070687,0.4412665750111034,0.4594966080406839,6.208975421350165,0.39203295898748597,0.9603260770360977,0.7318521957853181,12.675577562126358,0.6453584485064782,0.6880894665078942,0.7166117712870511,0.7208774375234787,0.46222003848323234,10.083559892496877,0.4015746026105283,1.5595979782465215,0.9218127129451997,25.852216358477882,0.912519937705916,0.9006641509563222,0.9150085127440258
0.7575000000000001,0.9730147440130312,1.2833946185948517,0.4396585060603976,0.45787211937099864,6.208297201205507,0.3920541574580432,0.960221178490575,0.7298167742781311,12.66134467601147,0.6438016877946761,0.686283061277662,0.7146759353535497,0.7227708910390674,0.4633868237934287,10.084588728077485,0.4016727325980092,1.559757105569468,0.9218565558224201,25.823511090727575,0.9135596674244439,0.9013871924846977,0.9155315088486438
0.76,0.9728834285321472,1.2844740090395939,0.43805934450137546,0.45625595158431625,6.207627165565115,0.3920738283678456,0.9601175458210367,0.7277807476608176,12.646999681262884,0.642249042067739,0.6844798150042742,0.7127425293470283,0.7246501751882483,0.46454395252014397,10.08562483939217,0.4017705587523657,1.5599173582112777,0.921863479860592,25.794172843587525,0.914588078401483,0.9020978182428296,0.9160413417150433
0.7625000000000001,0.9727517698945123,1.2855503242374176,0.4364691275620542,0.4546481442621454,6.206965427537679,0.39209197576804733,0.9600151965217097,0.7257442022369405,12.632542883126966,0.6407005858173384,0.6826798471102807,0.7108117322010813,0.7265152017782841,0.4656913682009597,10.086668235175736,0.40186806651213897,1.5600787375229406,0.9220915465582701,25.771415570609282,0.9156051392919413,0.9027960034278777,0.9165380044301339
0.765,0.9726197679955413,1.2866235620368158,0.43488789228792624,0.4530487368301907,6.206312100685185,0.39210860419476345,0.9599141481569312,0.723707224483996,12.61797459488579,0.6391563938937079,0.6808832778136529,0.7088837248578985,0.7283658827308704,0.46682901449476016,10.087718924452794,0.40196524153426405,1.5602412449002692,0.9229100352857907,25.765525946980038,0.9166108180449712,0.9034817227005117,0.917021490065042
0.7675000000000001,0.9724874227332047,1.287693720845307,0.43331567553100986,0.4514577685472935,6.205667298996672,0.39212371867463147,0.959814418357089,0.7216699010600658,12.603295138263764,0.6376165414917911,0.6790902280990996,0.7069586902305327,0.7302021301259861,0.4679568352074452,10.088776916595023,0.4020620697007425,1.5604048817927567,0.923683254662558,25.758720276200755,0.917605081937624,0.9041549502340513,0.9174917917360409
0.77,0.9723547340079117,1.2887607996383392,0.4317525139385539,0.4498752784939954,6.2050311368612965,0.39213732473040164,0.9597160248144566,0.7196323188105102,12.588504843845422,0.6360811041367336,0.6773008196881282,0.7050368131617027,0.7320238562454376,0.46907477431737593,10.089842221378866,0.40215853712490046,1.5605696497125006,0.9244115801782306,25.7510121828774,0.9185878976084948,0.904815659761535,0.9179489026627358
0.7725,0.972221701722386,1.2898247979703368,0.43019844394141393,0.4483013055607448,6.204403729040664,0.3921494283865282,0.9596189852789131,0.7175945647747466,12.57360405150493,0.6345501576687496,0.675515175007866,0.7031182803790553,0.7338309736160236,0.47018277600051317,10.090914849043537,0.40225463015726026,1.560735550243173,0.9250953913877107,25.742415278075043,0.9195592310895115,0.905463824620527,0.918392816223078
0.775,0.972088325781533,1.29088571598773,0.42865350174211814,0.4467358884357687,6.20378519064038,0.3921600361747343,0.9595233175535426,0.7155567261931484,12.558593110847504,0.6330237782273852,0.6737334171586599,0.7012032804467879,0.735623395052276,0.47128078465522183,10.091994810349329,0.40235033539105586,1.5609025850490403,0.9257350714115878,25.732943146615746,0.9205190478360263,0.9060994177955249,0.9188235260048406
0.7775,0.9719546060922971,1.2919435544437434,0.4271177233026406,0.44517906559262393,6.203175637080856,0.39216915513951417,0.9594290394901205,0.7135188905140698,12.543472381662882,0.6315020422352016,0.6719556698804464,0.6992920037135183,0.737401033698755,0.47236874492672964,10.093082116636156,0.4024456396674324,1.5610707558840182,0.926331006435717,25.722609334449373,0.9214673127566192,0.9067224119579006,0.9192410258532793
0.78,0.9718205425635044,1.2929983147146507,0.4255911443318948,0.4436308752774477,6.202575184067313,0.39217679284353496,0.9593361689844718,0.7114811454010004,12.528242234390458,0.6299850263809017,0.6701820575178905,0.6973846422562818,0.7391638030718967,0.47344660173124514,10.094176779882288,0.40254053008037133,1.5612400646007543,0.926883585209786,25.711427336089187,0.9224039902439366,0.907332779503383,0.9196453099147768
0.7825,0.9716861351056924,1.2940499988171525,0.424073800272963,0.4420913554959203,6.201983947558981,0.3921829573728959,0.9592447239717095,0.7094435787398221,12.51290305059561,0.6284728076019124,0.668412704984273,0.6954813898205167,0.7409116171014317,0.4745143002797456,10.095278812763247,0.40263499398138797,1.5614105131597382,0.9273931985448277,25.699410582106697,0.9233290442070764,0.9079304925871416,0.9200363726763539
0.785,0.9715513836309196,1.2950986094264774,0.42256572629007416,0.4405605439999558,6.201402043737496,0.3921876573422,0.9591547224213446,0.7074062786461325,12.49745522345627,0.6269654630663899,0.6666477377241041,0.693582441755891,0.7426443901714105,0.47557178610146067,10.096388228710904,0.4027290189840508,1.5615821036384427,0.9278602388097487,25.68657242668331,0.9242424381054313,0.9085155231565961,0.9204142090010203
0.7875,0.9714162880525606,1.2961441498947588,0.42106695725534754,0.4390384782741376,6.200829588974475,0.3921909018993958,0.9590661823322725,0.7053693334725794,12.481899158258587,0.6254630701546462,0.664887281674431,0.6916879949478137,0.744362037160882,0.47661900506708144,10.097505041972733,0.40282259296837264,1.5617548382404878,0.9282850994270698,25.672926135219406,0.925144134983663,0.9090878429821265,0.9207788141590169
0.79,0.9712808482850733,1.2971866242692052,0.41957752773531365,0.4375251955219112,6.200266699798292,0.39219270073034035,0.9589791217276338,0.7033328318161348,12.466235272900219,0.6239657064399988,0.6631314632248029,0.689798247744469,0.7460644734842787,0.47765590341172764,10.098629267671326,0.4029157040851261,1.5619287193048452,0.928668174368197,25.658484872005253,0.926034097507608,0.9096474236858914,0.9211301838550693
0.7925,0.9711450642437497,1.2982260373095575,0.41809747197723357,0.4360207326515561,6.1997134928600275,0.3921930640630421,0.9588935586495475,0.7012968625252304,12.450463998399519,0.6224734496690411,0.661380409175857,0.6879133998792091,0.7477516151315654,0.47868242775770947,10.099760921864174,0.40300834076013176,1.5621037493150853,0.929009857648657,25.64326168796084,0.9269122880011419,0.9101942367689984,0.921468314251842
0.795,0.9710089358444404,1.2992623945043196,0.4166268238952342,0.4345251262619521,6.19917008489866,0.3921920026715395,0.9588095111537278,0.6992615147066559,12.434585779408689,0.6209863777413566,0.6596342466964782,0.6860336523881402,0.7494233787082053,0.479698525137114,10.100900021603806,0.40310049169856993,1.5622799309086783,0.9293105428238531,25.62726950845559,0.9277786684840486,0.9107282536372795,0.9217932019898185
0.7975,0.9708724630032577,1.30029570208525,0.41516561705628136,0.43303841262816545,6.198636592705457,0.39218952787937356,0.9587269973039763,0.6972268777321292,12.418601074728764,0.6195045686887032,0.6578931032794971,0.6841592075227491,0.7510796814749867,0.4807041430142442,10.102046584998352,0.4031921458893623,1.5624572668863617,0.929570622485989,25.610521121221176,0.9286332007110251,0.911249445625925,0.9221048442038776
0.8,0.9707356456362503,1.3013259670396473,0.4137138846660181,0.431560627686878,6.1981131330876345,0.3921856515626186,0.9586460351665612,0.6951930412444279,12.402510357824115,0.6180281006536774,0.6561571066958893,0.6822902686574147,0.7527204413877433,0.4816992293079263,10.103200631272614,0.40328329260966844,1.5626357602215857,0.9297904877629066,25.593029164373796,0.9294758462120322,0.9117577840232155,0.9224032385368374
0.8025,0.9705984836590599,1.3023531971199864,0.4122716595544941,0.43009180702168703,6.19759982283131,0.3921803861524325,0.9585666428044876,0.6931600951629828,12.386314117334203,0.6165570518678768,0.6544263849474382,0.6804270401916795,0.7543455771369815,0.482683732413694,10.104362180829687,0.40337392142953815,1.5628154140700437,0.9299705278196547,25.574806114564158,0.9303065663342459,0.9122532400935757,0.922688383150243
0.805,0.9704609769865518,1.3033774008505568,0.41083897416182,0.42863198584830847,6.1970967786637665,0.39217374463709737,0.9584888382716604,0.6911281296888334,12.37001285758017,0.6150915006295852,0.6527010662178415,0.6785697274471562,0.7559550081874049,0.48365760122583973,10.10553125531323,0.40346402221676003,1.5629962317793042,0.9301111293636644,25.555864275275493,0.9311253222855552,0.9127357851001201,0.9229602767326531
0.8075,0.9703231255324269,1.3043985875308248,0.40941586052378054,0.42718119899971535,6.1966041172151005,0.3921657405635178,0.9584126396069537,0.689097235308846,12.353607099063922,0.6136315252810045,0.6509812788222432,0.6767185365589801,0.7575486548173049,0.48462078515931456,10.106707877670333,0.4035535851419421,1.5631782168985342,0.9302126761544638,25.536215765291388,0.9319320751782626,0.9132053903268355,0.9232189185056501
0.81,0.9701849292088157,1.305416767235366,0.40800235025744436,0.4257394809112508,6.196121954979276,0.3921563880381513,0.9583380648281854,0.6870675027991169,12.337097378957537,0.6121772041850758,0.6492671511551871,0.6748736743617425,0.7591264381577549,0.4855732341714358,10.10789207221509,0.4036426006838588,1.5633613731883311,0.9302755485188933,25.515872507356494,0.9327267860710201,0.9136620271004755,0.9234643082277431
0.8125,0.970046387925853,1.3064319508103226,0.406598474546811,0.42430686560575287,6.195650408274663,0.3921457017273453,0.9582651319260156,0.685039023227482,12.320484251580892,0.6107286157019277,0.6475588116369945,0.6730353482698537,0.7606882802315239,0.4865148987833525,10.109083864692748,0.4037310596350983,1.5635457046306451,0.9303001228728219,25.494846217054373,0.9335094160083369,0.9141056668122091,0.9236964461962983
0.8150000000000001,0.9699075015912447,1.3074441498664888,0.4052042641285359,0.42288338667873177,6.195189593204103,0.3921336968570561,0.9581938588577685,0.683011887955076,12.303768288865653,0.6092858381649955,0.6458563886585923,0.6712037661523417,0.7622341039915932,0.4874457301011995,10.110283282344376,0.4038189531080414,1.563731215438782,0.9302867712503948,25.4731483919274,0.9342799260586165,0.9145362809389963,0.923915333247567
0.8175,0.9697682701098227,1.3084533767692603,0.40381974927777764,0.421469077283643,6.1947396256145755,0.3921203892119287,0.9581242635411953,0.6809861886369023,12.286950080804084,0.6078489498568006,0.6441600105248204,0.6693791362021004,0.7637638333591373,0.48836567983685764,10.111490353971961,0.40390627254120226,1.5639179100674696,0.9302358608418654,25.4507903008649,0.9350382773519451,0.9149538410646285,0.9241209707548229
0.8200000000000001,0.9696286933830918,1.3094596446258253,0.40244495979420897,0.42006397011729707,6.19430062105652,0.39210579513371413,0.9580563638481818,0.6789620172213876,12.270030235881324,0.6064180289843472,0.6424698053962695,0.6675616667996541,0.7652773932608091,0.48927470032822945,10.112705110003679,0.40399300970596413,1.5641057932229552,0.930147753541111,25.427782973786535,0.9357844311178999,0.9153583189003245,0.9243133606245947
0.8225,0.9694887713087788,1.3104629672701034,0.40107992498823425,0.41866809740544597,6.193872694742893,0.3920899315190026,0.9579901775984162,0.676939465948918,12.253009381490257,0.6049931536541868,0.6407859012297078,0.6657515663715328,0.7667747096651477,0.4901727445589275,10.113927582559171,0.4040791567137395,1.5642948698730998,0.9300228055039729,25.404137191649216,0.9365183487227525,0.9157496863047475,0.9244925052909165
0.8250000000000001,0.9693485037803774,1.311463359246064,0.39972467366745623,0.4172814908885898,6.193455961508025,0.3920728158162511,0.9579257225530258,0.6749186273493716,12.2358881643283,0.6035744018472818,0.6391084257171764,0.6639490432433901,0.7682557096179168,0.49105976617726693,10.115157805514468,0.40416470602358495,1.5644851452574213,0.9298613667186131,25.379863476807184,0.9372399917055478,0.9161279153032877,0.9246584077075224
0.8275,0.9692078906867001,1.3124608357901335,0.39837923412342885,0.4159041818080394,6.193050535766328,0.3920544660220812,0.9578630164081898,0.6728995942386821,12.218667250775898,0.6021618513937473,0.6374375062238405,0.6621543054880381,0.7697203212761747,0.4919357195144557,10.11639581456629,0.40424965045030425,1.5646766248970385,0.9296637805891533,25.354972083756618,0.9379493218127538,0.9164929781064476,0.9248110713378771
0.8300000000000001,0.9690669319114341,1.3134554128134799,0.39704363411873356,0.41453620089227056,6.192656531470952,0.3920349006768236,0.957802076788746,0.6708824597144862,12.201347327256894,0.6007555799475137,0.6357732697246984,0.6603675607686018,0.7711684739408694,0.4928005596018715,10.11764164729526,0.404333983173065,1.5648693146044483,0.9294303835339398,25.329472990297884,0.9386463010316298,0.9168448471271836,0.9249505001429683
0.8325,0.9689256273327074,1.3144471068849877,0.3957179008744135,0.4131775783436053,6.192274062072419,0.3920141388592865,0.957742921241791,0.6688673171509273,12.183929100581212,0.599355664961091,0.6341158427402612,0.6585890161770388,0.7726000980877641,0.493654242187325,10.11889534322765,0.4044176977445601,1.5650632204930766,0.929161504599858,25.303375889150686,0.939330891622616,0.9171834949970706,0.9250766985667874
0.835,0.9687839768226649,1.3154359352157214,0.3944020610577933,0.41182834382524663,6.191903240477312,0.39199220018072145,0.9576855672302926,0.6668542601926988,12.166413298270657,0.5979621836602369,0.6324653512713302,0.6568188780683032,0.774015125396505,0.49449672375021453,10.12015694389515,0.4045007881007348,1.565258348986522,0.9288574650942225,25.276690180059305,0.9400030561507706,0.9175088945811879,0.9251896715194835
0.8375,0.9686419802470542,1.3164219156456354,0.39309614077071303,0.4104885264486974,6.191544179007051,0.39196910477796276,0.9576300321267127,0.6648433827484324,12.148800668869,0.5965752130184132,0.6308219207330036,0.6550573518904683,0.7754134887776594,0.4953279615154908,10.121426492892223,0.4045832485711009,1.565454706827426,0.9286103911521048,25.251921652740155,0.9406627575156987,0.917821018991675,0.9252894243582035
0.84,0.9684996374648251,1.3174050666331905,0.3918001655381973,0.4091581547615827,6.191196989356822,0.3919448733057168,0.9575763332066548,0.6628347789835438,12.131091982237743,0.595194829731515,0.6291856758880577,0.6533046420111522,0.7767951223975784,0.49614791346636744,10.122704035930472,0.4046650738896475,1.5656523010858843,0.9291414242105914,25.24866200123145,0.9413099589790073,0.9181198415999425,0.9253759628657119
0.8425,0.9683569483277404,1.3183854072484118,0.3905141602975806,0.4078372567358997,6.190861782554669,0.39191952692797744,0.957524487642538,0.6608285433126576,12.113288029839131,0.5938211101927354,0.6275567407798531,0.6515609515406318,0.7781599617009622,0.4969565383557259,10.123989620889576,0.40474625920635465,1.5658511391673215,0.9296294624532526,25.244568810752764,0.9419446241889845,0.9184053360475848,0.9254492932269219
0.845,0.9682139126799977,1.3193629571697534,0.38923814938810275,0.40652585975671157,6.190538668920782,0.39189308730854766,0.957474512497299,0.6588247703917512,12.095389625008352,0.5924541304675975,0.6259352386649255,0.6498264821520562,0.7795079434310399,0.49775379571618933,10.12528329786429,0.40482680009930017,1.5660512288197634,0.9300747978702073,25.23965188535395,0.9425667172032849,0.9186774762560778,0.9255094220035439
0.8475,0.968070530357861,1.3203377366849458,0.38797215654098993,0.4052239906113004,6.190227758026999,0.39186557660064947,0.9574264247181288,0.6568235551101498,12.077397603216847,0.5910939662692265,0.6243212919454277,0.6481014338992018,0.7808390056473093,0.4985396458688579,10.126585119206997,0.40490669258734213,1.566252578140417,0.9304777181697962,25.23392081599668,0.9431762025102078,0.9189362364354187,0.9255563561071044
0.85,0.9679268011893045,1.3213097666957891,0.38671620487003044,0.4039316754787941,6.189929158656517,0.39183701743560806,0.9573802411302418,0.6548249925825206,12.059312822328815,0.5897406929339014,0.6227150221015909,0.6463860050322441,0.7821530877408202,0.49931404993071926,10.127895139565455,0.4049859331433427,1.566455195581509,0.9308385062845593,25.22738496901742,0.9437730450487547,0.9191815910918736,0.9255901027706366
0.8525,0.967782724993662,1.3222790687266257,0.38547031686265454,0.40264893992027956,6.189642978763801,0.3918074329106017,0.9573359784306741,0.652829178141009,12.041136162853107,0.5883943853968753,0.6211165496243847,0.644680391812048,0.783450130447022,0.5000769698207737,10.129213415915283,0.4050645187078859,1.5666590899553094,0.93115743989743,25.220053475162707,0.9443572102280624,0.9194135150350665,0.9256106695193728
0.855,0.9676383015812855,1.3232456649360098,0.3842345143715244,0.4013758088694114,6.189369325434685,0.39177684657547385,0.957293653182113,0.6508362073276643,12.022868528192689,0.5870551181684676,0.6195259939485539,0.6429847883235028,0.7847300758562342,0.5008283682649295,10.13054000758691,0.40514244670342403,1.5668642704383025,0.9314347909903676,25.21193521924844,0.9449286639461627,0.9196319833846397,0.9256180641407824
0.8575,0.967493530753209,1.3242095781308654,0.383008818606641,0.40011230662352876,6.189108304846617,0.39174528241861056,0.9572532818067485,0.6488461758872945,12.004510844893804,0.5857229653105229,0.6179434733862164,0.6412993862884584,0.7859928674218312,0.5015682087997501,10.131874976286664,0.40521971504877474,1.5670707465744442,0.9316708254176379,25.203038830494148,0.945487372608077,0.9198369715767483,0.9256122946543112
0.86,0.967348412300822,1.325170831782252,0.3817932501279696,0.3988584568352891,6.188860022229001,0.39171276485189366,0.9572148805801384,0.6468591797608955,11.986064062896988,0.584398000413306,0.6163691050612101,0.6396243748788373,0.78723844996627,0.5022964557751455,10.133218386111801,0.40529632217387074,1.5672785282774915,0.9318658025058737,25.193372673580907,0.9460333031433561,0.9200284553706347,0.9255933692811429
0.8625,0.9672029460055462,1.3261294500416823,0.3805878288385902,0.39761428250482606,6.1886245818236265,0.3916793186947465,0.9571784656250893,0.6448753150797722,11.967529155791826,0.583080296572871,0.6148030048443718,0.637959940530517,0.7884667696851136,0.5030130743561215,10.134570303559315,0.4053722670346541,1.5674876258323605,0.9320199746829427,25.182944840478317,0.9465664230231965,0.9202064108555283,0.9255612964142812
0.865,0.9670571316385235,1.3270854577568345,0.3793925739783719,0.3963798059724433,6.188402086845059,0.3916449691572979,0.9571440529055297,0.6428946781604947,11.948907121077427,0.581769926368891,0.613245287289939,0.6363062667585999,0.7896777741492232,0.5037180305237074,10.135930797528394,0.40544754912798936,1.5676980498955102,0.9321335871374785,25.1717631430816,0.947086700277097,0.920370814458075,0.9255160845891915
0.8675,0.9669109689603109,1.3280388804854446,0.3782075041181742,0.395155048911849,6.188192639440993,0.391609741822696,0.9571116582203776,0.6409173655007808,11.930198980430196,0.5804669618430048,0.6116960655732592,0.6346635339746941,0.7908714123053123,0.5044112910751923,10.137299939316426,0.40552216850646183,1.5679098114943217,0.9322068775107512,25.15983510669473,0.9475941035085976,0.9205216429504776,0.9254577424551852
0.87,0.9667644577205909,1.328989744506148,0.3770326371545752,0.3939400323239401,6.187996340652432,0.3915736626286118,0.9570812971973821,0.6389434737764154,11.91140577998029,0.5791714744777396,0.6101554514299887,0.6330319193068438,0.7920476344750601,0.5050928236238025,10.138677802608555,0.4055961257929172,1.5681229220254849,0.932240075622292,25.14716796438891,0.9480886019093964,0.9206588734594641,0.9253862787476312
0.8725,0.966617597657894,1.3299380768251283,0.3758679903051247,0.3927347765311395,6.187813290373682,0.39153675784797837,0.9570529852869358,0.6369730998392847,11.892528590598111,0.5778835351760553,0.6086235550969615,0.6314115964227494,0.793206392352978,0.5057625965979504,10.140064463460675,0.4056694221945941,1.5683373932523668,0.9322334032304406,25.133768652259157,0.9485701652715942,0.920782483476153,0.9253017022610164
0.875,0.9664703884993451,1.3308839051775339,0.3747135801041194,0.3915393011722934,6.187643587312011,0.39149905406901675,0.9570267377558351,0.6350742339268816,11.87483799895392,0.5766032142415765,0.6071004852548961,0.6298027353569212,0.7943476390032169,0.5064205792401816,10.141460000275817,0.4057420595166969,1.5685532373013602,0.9321870738286686,25.119643805593824,0.9490387639987129,0.9208924508668059,0.9252040218227593
0.8775000000000001,0.96632282996043,1.33182725802283,0.37356942239889757,0.3903536251981276,6.187487328946969,0.3914605781746059,0.9570025696809884,0.6333355897706601,11.860000264819607,0.5753305813594879,0.6055863489731066,0.6282055023423999,0.7954713288554843,0.5070667416059296,10.142864493773923,0.4058140401752612,1.5687704666572084,0.9321012924782278,25.104799755964184,0.9494943691164638,0.9209887538843986,0.9250932462675837
0.88,0.9661749217447938,1.332768164533497,0.3724355323466434,0.3891777668672642,6.187344611489232,0.39142135732105676,0.9569804959430506,0.6316187680465268,11.845432212088218,0.5740657055779034,0.6040812516563675,0.6266200596476726,0.7965774177002088,0.5077010545621796,10.14427802695481,0.4058853672091655,1.568989094157278,0.9319762556773425,25.089242529233086,0.9499369522838959,0.9210713711808469,0.9249693844121676
0.8825000000000001,0.9660266635440735,1.3337066545767795,0.37131192441169547,0.38801174374279446,6.187215529838944,0.3913814189163531,0.9569605312199801,0.6299067256868474,11.830814534429217,0.5728086552896376,0.6025852969940722,0.6250465654193913,0.7976658626830609,0.508323489786117,10.145700685054239,0.40595604429115606,1.5692091329847615,0.9318121512668422,25.072977844473538,0.95036648580513,0.9211402818196694,0.924832445029664
0.885,0.9658780550377658,1.3346427586895218,0.3701986123633457,0.38685557268940185,6.187100177543484,0.39134079059792376,0.9569426899805068,0.6282056057788273,11.816262160904833,0.5715594982146004,0.601098586911809,0.62348517353148,0.7987366222988984,0.5089340197638171,10.147132555492856,0.40602607573775923,1.5694305966607833,0.9316091583718072,25.056011113780503,0.9507829426416705,0.9211954652887675,0.9246824368236016
0.8875000000000001,0.9657290958931432,1.3355765080464843,0.3690956092741148,0.3857092698710226,6.186998646754594,0.3912995002100112,0.9569269864775009,0.626624253049008,11.80382531694823,0.5703183013829485,0.5996212215254613,0.6219360334411919,0.7997896563851585,0.5095326177890054,10.148573727817752,0.4060954665179763,1.5696534990353588,0.9313674473785084,25.03834744295201,0.951186296425241,0.921236901512955,0.9245193684005854
0.89,0.9655797857652102,1.3365079344228705,0.3680029275184879,0.3845728507490323,6.186911028184867,0.39125757578070086,0.956913434741243,0.625047737264669,11.791344777609783,0.5690851311189712,0.5981532990979175,0.6203992900526363,0.8008249261146808,0.5101192579618936,10.150024293636363,0.40616422226067245,1.569877854277172,0.9310871799456413,25.019991633009433,0.9515765214710667,0.9212645708657946,0.9243432482411278
0.8925000000000001,0.9654301242967135,1.3374370701521476,0.3669205787720879,0.3834463300809371,6.186837411063518,0.39121504549867353,0.9569020485725839,0.6234761194100001,11.778821081847363,0.5678600530256532,0.5966949159984637,0.6188750835882695,0.8018423939878937,0.5106939151880707,10.15148434654231,0.40623234926058904,1.5701036768621046,0.9307685090486304,25.000948182521192,0.9519535927915744,0.9212784541802481,0.9241540846678963
0.895,0.9652801111181966,1.338363948080534,0.3658485740112638,0.38232972191954684,6.186777883091487,0.39117193768974196,0.9568928415359998,0.621909460850526,11.766254791986555,0.566643131969876,0.5952461666648996,0.6173635494687881,0.8028420238242658,0.5112565651774031,10.152953982032853,0.40629985448293743,1.57033098156047,0.9304115790555803,24.98122129069041,0.9523174861106465,0.9212785327576145,0.923951885810601
0.8975,0.9651297458481052,1.339288601519753,0.3647869235130665,0.38122303961260273,6.186732530395845,0.39112828079323,0.9568858269525405,0.6203478233549504,11.753646494373559,0.5654344320682364,0.5938071435684068,0.6158648182018293,0.803823780752886,0.5118071844428816,10.154433297417524,0.40636674556654734,1.5705597834228795,0.9300165258333257,24.96081486116401,0.9526681778775168,0.9212647883742088,0.9237366595667442
0.9,0.9649790280929355,1.3402110641998466,0.36373563685558097,0.38012629580282753,6.186701437483519,0.39108410333824956,0.956881017892673,0.618791269117808,11.740996800036882,0.5642340166734667,0.5923779371811717,0.6143790152798286,0.8047876312020137,0.5123457502993299,10.15592239171763,0.40643303082557236,1.5707900977647014,0.9295834768819305,24.939732506519338,0.9530056452792731,0.9212372032852275,0.9235084135574462
0.9025,0.9648279574474252,1.3411313702238907,0.3626947229185809,0.3790395024283607,6.186684687194405,0.39103943391992757,0.9568784271690283,0.6172398607826055,11.72830634535223,0.5630419483614215,0.5909586359467452,0.6129062610873429,0.8057335428874296,0.5128722408618896,10.157421365556186,0.40649871924977,1.571021940149036,0.9291125514959907,24.917977553384816,0.9533298662531404,0.9211957602252778,0.9232671550776128
0.905,0.9646765334947763,1.3420495540264465,0.36166418988446963,0.3779626707235405,6.186682360653869,0.3909943011756353,0.9568780673290556,0.6156936614651184,11.715575792704717,0.5618582889185814,0.5895493262531073,0.6114466708180961,0.8066614847994172,0.5133866350441855,10.158930321038126,0.40656382050339895,1.5712553263681874,0.9286038609510994,24.89555304815223,0.9536408194983733,0.9211404424050825,0.9230128910397651
0.9075,0.9645247558069034,1.3429656503374467,0.3606440452394682,0.37689581121998783,6.186694537224741,0.3909487337612661,0.9568799506475975,0.614152734776483,11.702805831142054,0.560683099330011,0.5881500924083788,0.6100003544019533,0.8075714271882218,0.5138889125560819,10.160449361620534,0.40662834492278777,1.5714902724235942,0.9280575087139378,24.872461763241386,0.9539384844874309,0.9210712335039324,0.9227456279109606
0.91,0.9643726239446971,1.343879694152999,0.359634295775007,0.37583893374794797,6.18672129445881,0.3909027603276122,0.9568840891193874,0.6126171448457238,11.689997177012271,0.5595164397677259,0.5867610166191211,0.6085674164420039,0.8084633415478591,0.5143790539009563,10.161978591972888,0.4066923035126458,1.5717267945042115,0.9274735906745792,24.84870620388132,0.9542228414761602,0.9209881176575538,0.9224653716423614
0.9125,0.9642201374582927,1.344791720714242,0.35863494758928166,0.3747920474378416,6.186762708047929,0.3908564094968832,0.9568904944514873,0.6110869563413495,11.677150574579482,0.5583583695794367,0.5853821789711426,0.6071479561618686,0.8093372005981958,0.5148570403724304,10.163518117827401,0.40675570794119575,1.5719649089633663,0.9268521953997574,24.824288615377334,0.9544938715125946,0.9208910794411468,0.9221721275911617
0.915,0.9640672958873289,1.3457017654950085,0.35764600608892594,0.3737551607219774,6.186818851774777,0.3908097098394183,0.9568991780556725,0.6095622344916618,11.664266796611283,0.5572089472776369,0.5840136574127337,0.6057420673633324,0.8101929782652696,0.5153228540505308,10.16506804581972,0.4068185705342105,1.5722046322941166,0.9261934044060454,24.799210990837803,0.9547515564439074,0.9207801038474678,0.9218659004347705
0.9175,0.963914098761189,1.3466098641985613,0.35666747599076076,0.37272828133637814,6.186889797463337,0.3907626898506352,0.9569101510407714,0.6080430451034475,11.651346644931765,0.5560682305289834,0.5826555277402453,0.6043498383943608,0.8110306496598878,0.5157764777972755,10.166628483320462,0.40688090426804224,1.572445981103196,0.9254972924520822,24.773475079340347,0.9549958789212303,0.9206551762599595,0.9215466940773389
0.92,0.9637605455992071,1.3475160527631713,0.35569936132357405,0.37171141632267396,6.186975614929167,0.3907153779282699,0.9569234242049746,0.6065294545787407,11.63839095093449,0.5549362761439003,0.5813078635859277,0.6029713521275346,0.8118501910546112,0.5162178952517249,10.168199538258168,0.4069427227617247,1.572688972083632,0.9247672593200047,24.7471715461206,0.9552268224024113,0.9205162824210478,0.9212145115489383
0.9225,0.9636066359108336,1.3484203673757995,0.35474166542989377,0.3707045720300192,6.187076371929489,0.390667802349955,0.9569390080281157,0.6050215299293895,11.625400576050405,0.5538131400663394,0.5799707364079593,0.6016066859489165,0.8126515798593004,0.5166470908245668,10.169781318934522,0.4070040402682254,1.5729336219861636,0.9249060868094542,24.74445249590201,0.9554443711531384,0.9203634083958601,0.9208693548979004
0.925,0.9634523691957483,1.3493228444926415,0.35379439096771303,0.3697077541169911,6.187192134113178,0.3906199912511917,0.9569569126639351,0.6035193387891977,11.612376412166409,0.5526988773636639,0.5786442154825944,0.6002559117573459,0.813434794595478,0.5170640496923429,10.171373933832834,0.4070648716649139,1.5731799475896224,0.9250002643622933,24.74086599812017,0.9556485102469533,0.9201965405317298,0.9205112250770406
0.9275,0.9632977449439124,1.3502235208648707,0.3528575399121357,0.3687209675534354,6.187322964970645,0.3905719726037706,0.9569771479323297,0.6020229494234605,11.599319381990997,0.5515935422166641,0.5773283678983817,0.5989190959741366,0.8141998148698194,0.5174687577914586,10.172977491420836,0.40712523244330073,1.5734279656704304,0.925049836190161,24.736413843136347,0.9558392255645775,0.9200156654139674,0.9201401218246897
0.93,0.963142762635556,1.351122433567553,0.3519311135569117,0.3677442166222287,6.187468925783675,0.39052377419469747,0.9569997233115937,0.600532430735768,11.586230439364375,0.5504971879096624,0.5760232585524141,0.5975962995631482,0.8149466213471487,0.517861201812144,10.174592099949173,0.4071851386980852,1.5736776929714333,0.925054841328759,24.731097603117696,0.9560165037928607,0.9198207698184534,0.9197560435416171
0.9325,0.9629874217410975,1.3520196200294643,0.35101511251583806,0.36677750492093114,6.187630075575226,0.39047542360568105,0.9570246479306546,0.5990478522719919,11.573110569511146,0.5494098668205789,0.574728950148586,0.5962875780611737,0.8156751957233493,0.5182413691925607,10.17621786724678,0.4072446071155383,1.573929146170252,0.9250153137904685,24.72491863617793,0.9561803324236132,0.9196118406616959,0.9193589871651064
0.935,0.962831721720998,1.3529151180614365,0.3501095367240066,0.3658208353633126,6.1878064710591865,0.39042694819323964,0.9570519305613019,0.5975692842214316,11.55996078923463,0.54833163041098,0.5734455031978544,0.594992981618582,0.8163855206986396,0.5186092481132588,10.177854900514628,0.40730365496122867,1.5741823418473815,0.9249312827413723,24.717878091114326,0.9563306997526212,0.9193888649490253,0.9189489480415479
0.9375,0.9626756620255487,1.3538089658808687,0.34921438543888433,0.36487421018073846,6.187998166590133,0.390378375069481,0.9570815796104165,0.5961087481351629,11.547013640261993,0.5472625292160681,0.5721729760205001,0.5937125550501229,0.8170775799516603,0.5189648274922022,10.179503306119095,0.4073623000670866,1.5744372964542332,0.9248027727038154,24.709976912770014,0.9564675948792396,0.919151829721643,0.9185259197990228
0.9400000000000001,0.9625192420946038,1.3547012021302316,0.3483296572412187,0.36393763092340853,6.1882052141130375,0.39032973108360525,0.9571136031121922,0.5948187061686883,11.537226920560265,0.5462026128345859,0.5709114247504108,0.5924463378957798,0.8177513581148296,0.5193080969805708,10.18116318938633,0.4074205608177884,1.5746940262813285,0.9246298037855294,24.701215848048363,0.9565910077070137,0.9189007220032298,0.9180898942214191
0.9425,0.9623624613572631,1.3555918658876935,0.34745535003576095,0.36301109846144597,6.1884276631129485,0.39028104280417664,0.9571480087203527,0.5935351458994532,11.527427487174142,0.5451519299186559,0.569660903341394,0.5911943644915215,0.8184068407513871,0.5196390469595477,10.182834654398755,0.40747845613643163,1.5749525474268247,0.9244123919362168,24.691595452602712,0.9567009289455133,0.9186355287468284,0.9176408611256511
0.9450000000000001,0.9622053192315149,1.356480996668445,0.3465914610518082,0.3620946129858377,6.188665560564637,0.3902323365022005,0.9571848037003636,0.5922581335851732,11.51761631194495,0.5441105281635893,0.5684214635755347,0.589956664049753,0.8190440143345188,0.5199576685382744,10.18451780379477,0.40753600546946717,1.5752128757655364,0.9241505492322932,24.681116098219714,0.9567973501128023,0.9183562367826659,0.9171788082435907
0.9475,0.9620478151238547,1.3573686344158504,0.34573798684356244,0.3611881740092277,6.18891895088216,0.3901836381350314,0.9572239949216317,0.5909877360730028,11.507794395668435,0.5430784542976658,0.5671931550736026,0.5887332607492248,0.8196628662289015,0.5202639535531423,10.186212738572472,0.40759322877084786,1.575475026918576,0.9238442841902832,24.669777980909547,0.9568802635374526,0.9180628327675779,0.9167037211103022
0.9500000000000001,0.9618899484288871,1.3582548194821484,0.3448949232903059,0.360291780366567,6.189187875868353,0.3901349733311269,0.9572655888496926,0.5897240207845279,11.497962767951526,0.5420557540719017,0.5659760253074867,0.5875241738340867,0.8202633846749499,0.5205578945685562,10.187919557898073,0.40765014648535863,1.5757390162237241,0.9234936021091361,24.657581129710575,0.9569496623599345,0.9177553031366308,0.9162155829601749
0.9525,0.9617317185289255,1.3591395925991059,0.3440622655963916,0.3594054302156207,6.189472374664195,0.3900863673756474,0.9573095915383798,0.5884670556982443,11.488122487013602,0.5410424722498264,0.5647701196146183,0.5863294177217044,0.8208455587759891,0.5208394848792847,10.189638358919437,0.40770677953109463,1.5760048587065878,0.9230985054415344,24.644525416211092,0.9570055405343818,0.9174336340575205,0.9157143746325214
0.9550000000000001,0.9615731247936016,1.3600229948396418,0.3432400082910429,0.3585291210373297,6.189772483698058,0.3900378451968839,0.957356008621975,0.5872169093294868,11.478274639431003,0.5400386525972871,0.5635754812143052,0.5851490021187836,0.8214093784885075,0.5211087185144759,10.191369236584862,0.40776314928106844,1.5762725690525736,0.9226589941940901,24.630610564786583,0.9570478928305793,0.9170978113882975,0.9152000744881998
0.9575,0.9614141665794913,1.3609050675720635,0.3424281452279519,0.357662849636021,6.190088236634745,0.38998943135347997,0.9574048453073254,0.5859736507077223,11.468420339822515,0.5390443378722822,0.5623921512258652,0.58398293214526,0.8219548346155949,0.5213655902433977,10.193112283467213,0.4078192775439413,1.5765421615796857,0.9221750663561806,24.615836163547705,0.957076714834021,0.9167478206389311,0.9146726583387883
0.96,0.9612548432297664,1.3617858524090418,0.34162666958466187,0.35680661213945236,6.190419664324375,0.38994115002239355,0.9574561063659389,0.5847373493510477,11.458560730472453,0.5380595698148065,0.5612201686883967,0.5828312084653219,0.8224819188036105,0.5216100955829318,10.194867589593132,0.40787518654389054,1.5768136502121104,0.9216467183571114,24.600201675992516,0.9570920029432215,0.9163836469372321,0.9141320993898343
0.9625,0.9610951540738748,1.362665391153859,0.3408355738617121,0.3559604039986746,6.190766794750996,0.3898930249875257,0.9575097961260353,0.5835080752376881,11.448696980886803,0.5370843891366778,0.5600595705819934,0.5816938274248704,0.8229906235420887,0.5218422308068374,10.196635242277035,0.4079308988996503,1.5770870484545414,0.921073945551248,24.583706453355965,0.9570937543666287,0.9160052749996437,0.913578368199678
0.965,0.9609350984272492,1.3635437257466907,0.34005484988151974,0.35512421998768556,6.191129652980967,0.3898450796289243,0.9575659184645632,0.5822858987742083,11.438830287276753,0.5361188355113098,0.558910391850152,0.5805707811946224,0.8234809421668606,0.5220619929567771,10.19841532595956,0.4079864376027836,1.5773623693671928,0.9204567427307783,24.56634974765073,0.9570819671215344,0.9156126891074197,0.9130114326553315
0.9675,0.9607746755910432,1.3644208982137576,0.33928448878696793,0.35429805420284555,6.191508261111114,0.38979733691245005,0.9576244767991811,0.5810708907601194,11.428961871963125,0.5351629475633758,0.5577726654230979,0.5794620579180093,0.8239528688663497,0.5222693798550964,10.200207922050021,0.40804182599526706,1.577639625541431,0.9197951046658245,24.548130725395257,0.9570566400355549,0.9152058730887213,0.9124312579668602
0.97,0.9606138848518866,1.36529695062209,0.33852448103966765,0.3534819000620235,6.191902638216609,0.38974981937977937,0.9576854740801964,0.5798631223485147,11.419092982694409,0.5342167628582934,0.5566464222417098,0.5783676418629715,0.824406398690996,0.5224643901193347,10.202013108772547,0.40809708774649284,1.5779188290759787,0.9190890266716953,24.529048482027513,0.9570177727504026,0.9147848103071804,0.9118378066816697
0.9725,0.9604527254816522,1.3661719250423798,0.3377748164178621,0.3526757503034356,6.192312800298721,0.3897025491385996,0.9577489127824835,0.5786626650023523,11.409224891870934,0.533280317891453,0.5555316912817129,0.5772875135767034,0.8248415275657723,0.5226470231784452,10.203830961015786,0.4081522468298062,1.5781999915536684,0.9183385052031345,24.50910205700545,0.9569653657277287,0.9143494836574695,0.9112310387200097
0.975,0.960291196737221,1.3670458635219853,0.337035484013943,0.35187959698414567,6.192738760232428,0.38965554785284545,0.9578147948973822,0.5774695904460164,11.39935889566779,0.5323536480770912,0.5544284995777902,0.5762216500423994,0.825258252305763,0.5228172792907017,10.205661550186102,0.40820732749871114,1.5784831240187365,0.917543538475479,24.488290449597276,0.9568994202569017,0.9138998755684322,0.9106109114328915
0.9775,0.9601292978602326,1.3679188080696336,0.3363064722315572,0.3510934314781952,6.193180527714126,0.38960883673281543,0.9578831219246082,0.5762839706118056,11.389496313049642,0.531436787736706,0.5533368722472709,0.5751700248370415,0.8256565706348045,0.5229751595632633,10.207504944064636,0.4082623542628786,1.5787682369547158,0.9167041271126263,24.46661263536546,0.9568199384649189,0.9134359680142691,0.9099773796834355
0.98,0.9599670280768026,1.3687908006527427,0.3355877687822874,0.35031724447434015,6.19363810920953,0.38956243652500655,0.9579538948641975,0.5752052467627774,11.381604705864184,0.5305297700869235,0.5522568325130665,0.5741326082893068,0.8260364812071993,0.5231206659733749,10.209361206668772,0.40831735186408724,1.5790553402630088,0.9158202748216301,24.44406758334704,0.9567269233287531,0.9129577425342402,0.9093303959524298
0.9825,0.9598043865971977,1.3696618832076457,0.33487936068190793,0.349551025973381,6.194111507902097,0.3895163675015069,0.9580271142085265,0.5743542079498911,11.378083776172687,0.5296326272267589,0.5511884017255541,0.5731093676367098,0.8263979836325382,0.5232538013911618,10.211230398118992,0.4083723452522114,1.5793444432422936,0.9148919890935593,24.420654273929326,0.9566203786896184,0.9124651802612449,0.9086699104685649
0.985,0.9596413726154448,1.3705320976623387,0.3341812342462241,0.3487947652850826,6.194600723642225,0.3894706494487945,0.958102779934457,0.5735637910088108,11.375635226239607,0.5287453901242026,0.5501315993831501,0.5721002671811567,0.8267410785036684,0.5233745696039781,10.213112574512346,0.40842735956134685,1.5796355545689553,0.913919281929953,24.396371717413228,0.9565003092667823,0.9119582619595139,0.9079958713634375
0.9875,0.9594779853088672,1.3714014859707675,0.33349337508652654,0.3480484510246942,6.195105752897658,0.389425301655805,0.9581808914956642,0.5727795736627227,11.373181886459383,0.527868088602142,0.5490864431513636,0.5711052684421704,0.8270657674278452,0.5234829753422393,10.215007787804174,0.4084824200861309,1.5799286822787912,0.9129021705937713,24.371218973246254,0.9563667206689344,0.911436968071483,0.9073082248509441
0.99,0.9593142238375326,1.372270090157123,0.33281576810470287,0.34731207110909534,6.1956265887055055,0.38938034290114665,0.9582614478152158,0.572001607960762,11.370724488168609,0.5270007513236608,0.5480529488801791,0.5701243303071263,0.8273720530610842,0.5235790243066477,10.216916085699959,0.4085375522582716,1.5802238337502843,0.9118406783831695,24.345195169893554,0.9562196194046972,0.910901278773732,0.9066069154301679
0.9925,0.9591500873436024,1.3731379523681833,0.33214839748806846,0.3465856127526061,6.196163220626366,0.3893357914393705,0.9583444472784768,0.5712299462347316,11.368263784181023,0.5261434057767378,0.5470311306196813,0.5691574091779411,0.8276599391456881,0.5236627231966845,10.218837511559343,0.40859278162325735,1.5805210156897576,0.9107348354257364,24.318299525298286,0.9560590128944247,0.9103511740416225,0.9058918861102724
0.995,0.9589855749505795,1.3740051149313999,0.3314912467039925,0.34586906246251425,6.196715634701132,0.38929166498622575,0.9584298877264281,0.5704646410162744,11.365800547321294,0.5252960782583764,0.546021000633891,0.5682044591137421,0.8279294305508684,0.523734079740197,10.220772104314532,0.40864813381716564,1.5808202341187538,0.9095846794900183,24.290531367862066,0.9558849094839698,0.9097866337220409,0.9051630786552851
0.9975,0.9588206857624509,1.3748716204162303,0.33084429849440805,0.34516240603438575,6.197283813410986,0.38924798070286876,0.9585177664494802,0.5697057449487951,11.363335568846445,0.5244587938582314,0.5450225694128502,0.5672654319691482,0.8281805333162947,0.5237931027238606,10.22271989840526,0.408703634543446,1.581121494363977,0.9083902568102556,24.261890157853703,0.9556973184604138,0.9092076376133682,0.9044204338460133
1.0,0.9586554188627241,1.3757375116961161,0.33020753487030463,0.3444656285472315,6.197867735641219,0.3892047551790253,0.9586080801818755,0.5689533106946743,11.360869656764983,0.523631576441826,0.5440358456830396,0.5663402775278699,0.828413254698314,0.523839802024238,10.2246809237324,0.4087593095495052,1.5814248010501184,0.9071516229193075,24.232375509129767,0.9554962500694338,0.9086141655515448,0.9036638917556795
1.0025,0.9584897733133636,1.376602832008523,0.32958093710630915,0.343778714358614,6.198467376649401,0.3891620044151478,0.9587008250967672,0.5682073908384198,11.358403634065768,0.5228144486334821,0.5430608364162645,0.5654289436314165,0.8286276032184597,0.5238741886391062,10.226655205631971,0.4088151846028908,1.581730158095833,0.9059356976508502,24.203773345638393,0.9552817155337728,0.9080061975008451,0.9028933920352791
1.0050000000000001,0.9583237481536382,1.3774676250105666,0.3289644857354591,0.34310164709977914,6.199082708038457,0.3891197438036458,0.9587959968020533,0.5674680377864799,11.355938336870134,0.5220074317990949,0.5420975468371745,0.5645313763027651,0.828823588713754,0.5238962747186546,10.228642764871019,0.4088712854668432,1.5820375687131063,0.9054490712807125,24.194963691835,0.9550537270721643,0.9073837136477436,0.9021088742041058
1.0075,0.9581573423988884,1.3783319348279315,0.32835816054427447,0.3424344096708982,6.199713697735126,0.3890779881093088,0.9588935903370459,0.5667353036644949,11.353474612521998,0.5212105460288637,0.5411459804296117,0.5636475198648798,0.8290012223881764,0.5239060735961126,10.230643617666301,0.4089276378749757,1.5823470354101417,0.9049170431217375,24.185250982159648,0.9548122979179966,0.9067466944960895,0.9013102779404739
1.01,0.9579905550392276,1.379195806095045,0.3277619405682213,0.34177698423650377,6.200360309974194,0.38903675144908206,0.9589936001700327,0.5660092402127946,11.351013317631324,0.5204238101200844,0.5402061389419888,0.5627773170540238,0.8291605168645502,0.5239035998173164,10.232657775726064,0.40898426750485045,1.5826585599978236,0.904339532750359,24.174631667111818,0.9545574423370422,0.9060951209616602,0.9004975433673581
1.0125,0.9578233850382,1.3800592839847812,0.32717580408765273,0.34112935222119367,6.201022505288827,0.3889960472713895,0.9590960201967808,0.565289898680953,11.34855531608636,0.5196472415601189,0.5392780223918999,0.5619207091278042,0.8293014862359875,0.523888869168693,10.234685246314577,0.4090411999502378,1.5829721435996973,0.9037164697664338,24.163102361713637,0.9542891756435178,0.90542897446412,0.8996706113275391
1.0150000000000001,0.9576558313314099,1.3809224142263445,0.32659972862429393,0.3404914943056682,6.201700240507161,0.3889558883352364,0.9592008437400105,0.5645773297221782,11.346101477049706,0.5188808565096884,0.5383616290701513,0.5610776359679104,0.82942414611595,0.5238618987031224,10.236726032338334,0.40909846069189204,1.583287786665303,0.9030477944556733,24.150659862837294,0.9540075142138634,0.9047482370144138,0.8988294236428882
1.0175,0.9574878928251443,1.3817852431104085,0.3260336909383188,0.3398633904231521,6.202393468755211,0.3889162866893538,0.9593080635498444,0.5638715832882697,11.343652672952222,0.5181246697866447,0.5374569555443796,0.5602480361774882,0.8295285136859135,0.5238227067631389,10.238780132452112,0.40915607506673357,1.5836054889865783,0.9023334584105375,24.137301165605866,0.9537124754976367,0.9040528912957383,0.8979739233526692
1.02,0.9573195683950163,1.382647817481075,0.32547766702604447,0.33924501975623633,6.203102139466009,0.38887725365167153,0.9594176718052211,0.5631727085257917,11.341209777497449,0.5173786948503354,0.5365639966623865,0.559431847173079,0.8296146077396152,0.5237713130009614,10.240847541182312,0.40921406823540546,1.5839252497169358,0.9015734251026788,24.123023478691078,0.9534040780248255,0.9033429207363906,0.897104054926193
1.0225,0.9571508568846382,1.383510184714759,0.3249316321182434,0.3386363607341572,6.203826198394709,0.38883879978942837,0.9595296601162314,0.5624807536740082,11.33877366368711,0.5166429437866484,0.5356827455552844,0.5586290052710252,0.8296824487228618,0.5237077383948855,10.242928249064336,0.4092724651482658,1.584247067392511,0.9007676704007045,24.10782423834587,0.9530823414087295,0.9026183095730772,0.8962197644458154
1.025,0.9569817571043614,1.384372392686684,0.32439556067904785,0.3380373910305111,6.204565587639284,0.38880093490023815,0.9596440195273194,0.5617957659650072,11.336345201876181,0.5159174272937677,0.5348131936404934,0.55783944576821,0.829732058767957,0.5236320052616406,10.245022242790219,0.4093312905099837,1.5845709399549952,0.8999161830279714,24.091701121031292,0.9527472863438583,0.9018790429035839,0.895320999757112
1.0275,0.9568122678300847,1.3852344897262923,0.32386942640539507,0.33744808756138056,6.205320245666271,0.38876366799443396,0.9597607405212644,0.5611177915262975,11.333925257863108,0.5152021546686356,0.5339553306245854,0.557063103016962,0.8297634617218997,0.5235441372644103,10.247129505362194,0.4093905687430236,1.5848968647753887,0.8990189649563323,24.0746520545253,0.9523989345988224,0.9011251067281028,0.8944077105840706
1.03,0.9566423878021614,1.3860965245634613,0.3233532022269351,0.33686842648383086,6.206090107340899,0.38872700727900944,0.959879813023841,0.5604468752860153,11.331514691018157,0.5144971337940928,0.5331091445059123,0.5562999104939214,0.829776683167659,0.5234441594163228,10.249250016247593,0.4094503239504301,1.5852248386779564,0.8980760317331704,24.056675227434702,0.9520373090040086,0.9003564879789643,0.8934798486082883
1.0325,0.956472115724404,1.3869585462679708,0.3228468603062989,0.33629838319470995,6.20687510396085,0.38869096014345805,0.96000122640904,0.5597830608807202,11.329114352449707,0.5138023711266391,0.5322746215769012,0.5555498008626145,0.8297717504380216,0.5233320980793472,10.251383751530305,0.40951057987845113,1.585554857963656,0.8970874127406129,24.037769097069273,0.951662433433649,0.8995731745389758,0.8925373675123601
1.035,0.9563014502632036,1.3878206041851062,0.3223503720396018,0.3357379323296715,6.207675163292756,0.38865553314778617,0.9601249695047146,0.5591263905655982,11.326725083205318,0.5131178716847384,0.5314517464258471,0.5548127060294601,0.8297486926217221,0.5232079809586685,10.253530684053997,0.409571359879668,1.5858869184322881,0.8960531513874761,24.01793239567753,0.9512743327822961,0.898775155249063,0.8915802229889244
1.0375,0.9561303900467585,1.3886827478705603,0.3218637080570381,0.33518704776231706,6.2084902096105665,0.38862073201294023,0.9602510305985135,0.5584769051267405,11.324347712501478,0.512443639037573,0.5306405019379785,0.5540885571928813,0.8297075405618126,0.5230718370927541,10.255690783552598,0.40963268687741566,1.5862210154026781,0.8949733052361244,23.997164135084198,0.9508730329366321,0.8979624199063551,0.8906083727180216
1.04,0.9559589336644166,1.3895450270278715,0.32138683822340697,0.3346457026033416,6.209320163734833,0.3885865616138429,0.9603793974439572,0.5578346437950106,11.32198305597314,0.5117796752941403,0.5298408692955207,0.5533772848851786,0.829648326846476,0.5229236968394666,10.257864016763781,0.409694583332389,1.5865571437302284,0.893847946067997,23.975463609808834,0.9504585607442821,0.8971349592542844,0.8896217763165842
1.0425,0.9557870796661161,1.3904074914514428,0.3209197316383978,0.33411386919955255,6.21016494307197,0.38855302597517744,0.9605100572665108,0.5571996441608982,11.319631913931799,0.5111259810925501,0.5290528279764473,0.552678819006787,0.829571085792744,0.5227635918587045,10.260050347521855,0.40975707121241095,1.5868952978212858,0.8926771598929422,23.952830398780268,0.9500309439802135,0.8962927649666391,0.888620395264842
1.045,0.9556148265619175,1.391270190977755,0.3204623566364601,0.33359151913262386,6.211024461652628,0.3885201282700029,0.9606429967695189,0.5565719420896382,11.317295069618698,0.5104825555893368,0.5282763557515634,0.5519930888525307,0.829475853423812,0.5225915550921632,10.262249736827119,0.4098201719663974,1.587235471643868,0.8914610469086262,23.929264365790925,0.949590211308549,0.8954358296277608,0.8876041928152217
1.0475,0.9554421728216144,1.3921331754466622,0.3200146807860791,0.33307862321744147,6.21189863016837,0.38848787082121283,0.9607782021398774,0.5560570358652852,11.317119742274267,0.5098493964485467,0.5275114286795488,0.5513200231294767,0.8293626674408648,0.5224076207409054,10.264462142889537,0.40988390650357887,1.5875776587344186,0.8901997214171077,23.90476565885712,0.9491363922394672,0.8945641467112748,0.8865731338898447
1.05,0.9552691168744004,1.3929964946737439,0.3195766708882865,0.33257515149989947,6.212787356005896,0.38845625510578996,0.9609156590533285,0.5556506197961437,11.319024104664077,0.5092264998303789,0.5267580210995694,0.5506595499659991,0.8292315671904976,0.5222118242414849,10.26668752114561,0.40994829517901354,1.5879218522004175,0.8888933117060872,23.87933470866383,0.948669517085447,0.8936777105597944,0.885527184972966
1.0525,0.9550956571085845,1.3938601984336176,0.3191482929742472,0.3320810732540067,6.213690543278288,0.388425281761738,0.9610553526792918,0.5552504572771138,11.32092920516257,0.5086138603792311,0.5260161056210624,0.5500115969116793,0.8290825936289611,0.5220042022414053,10.268925824248251,0.4100133577863644,1.5882680447188138,0.8882344056821428,23.871581926660333,0.9481896169200686,0.8927765163679676,0.8844663140046434
1.055,0.954921791871334,1.3947243364529878,0.31872951230177937,0.33159635697818163,6.214608092852743,0.38839495059751855,0.9611972676851546,0.5548565734907489,11.322835494264067,0.5080114712110086,0.525285653110321,0.5493760909277047,0.8289157892845403,0.521784792574699,10.27117700203047,0.4100791135587903,1.5886162285304093,0.8878047289007003,23.870282004156188,0.9476967235403181,0.8918605601710743,0.8833904902815436
1.0575,0.954747519468443,1.3955889584111605,0.3183202933506916,0.33112097039062366,6.215539902374554,0.3883652606037639,0.9613413882399805,0.554468991626729,11.324743400025273,0.5074193238995476,0.5245666326735229,0.5487529583674681,0.8287311982194235,0.5215536342383759,10.273441001444786,0.4101455811786308,1.5889663954304885,0.8873239794051345,23.867902361203026,0.9471908694331453,0.8909298388410729,0.8822996843701306
1.06,0.9545728381641203,1.3964541139448712,0.3179205998168457,0.3306548804236755,6.216485866287111,0.38833620996699847,0.9614876980176033,0.5540877327739294,11.326653325894256,0.50683740846202,0.523859011635895,0.5481421249471466,0.8285288659924084,0.521310767370447,10.275717766481124,0.4102127787963377,1.5893185367561187,0.88679222587731,23.864442221234718,0.9466720877472572,0.8899843500916196,0.8811938680365672
1.0625,0.9543977461807966,1.397319852653686,0.3175303946048886,0.3301980532171167,6.2174458758479165,0.38830779608507127,0.9616361801991039,0.5537128158081646,11.328565648449697,0.5062657133432356,0.5231627555167704,0.5475435157061084,0.8283088396237418,0.5210562332301436,10.278007238066913,0.4102807240588347,1.589672643370699,0.8862095484687723,23.8599010103615,0.9461404122707407,0.8890240924931293,0.8800730141965407
1.065,0.9542222416989693,1.398186224102019,0.3171496398196355,0.3297504541103601,6.218419819140711,0.3882800155839912,0.9617868174746854,0.5533442572751174,11.330480715041157,0.5057042253988224,0.5224778280003637,0.5469570549571048,0.8280711675633144,0.5207900741808678,10.280309353953758,0.410349434147172,1.590028705646432,0.8855760387977396,23.854278358306857,0.9455958774140236,0.8880490654984519,0.8789370968869968
1.0675000000000001,0.9540463228570951,1.399053277814007,0.3167782967561217,0.32931204763356003,6.219407581083877,0.38825286433585343,0.9619395920449736,0.5529820712681454,11.332398841324267,0.5051529298773737,0.5218041909021875,0.5463826662263233,0.8278158996633136,0.5205123336763097,10.282624048595732,0.41041892582299383,1.5903867134454996,0.8848917999612507,23.847574099718717,0.9450385181970633,0.8870592694792626,0.8777860912604905
1.07,0.9538699877515562,1.3999210632580925,0.31641632588838414,0.3288827974976783,6.220409043435442,0.3882263374775643,0.9620944856217899,0.5526262693008543,11.334320308688522,0.5046118104013697,0.5211418041311434,0.545820272183513,0.8275430871563264,0.5202230562500717,10.284951253024659,0.41048921548297407,1.5907466561007737,0.8841569465579083,23.839788275738044,0.9444683702409048,0.8860547057727961,0.876619973601648
1.0725,0.9536932344367285,1.4007896298191607,0.31606368685707775,0.32846266658359585,6.221424084794982,0.3882004294300995,0.9622514794284468,0.5522768601746011,11.33624536158002,0.5040808489465004,0.520490625647443,0.5452697945625639,0.8272527826397501,0.5199222875090437,10.287290894728056,0.4105603192200023,1.5911085223969372,0.8833716047150262,23.830921135666646,0.9438854697655499,0.8850353767381924,0.8754387213641625
1.075,0.9535160609251736,1.4016590267573374,0.31572033845607217,0.3280516169304018,6.222452580602855,0.38817513391806624,0.9624105541996282,0.5519338498413773,11.338174204727123,0.5035600258200444,0.5198506114166586,0.5447311540730967,0.8269450400672422,0.5196100741306978,10.289642897535414,0.4106322528895432,1.5914723005528952,0.882535912112833,23.820973138545924,0.9432898535964701,0.8840012858214307,0.8742423132258929
1.0775000000000001,0.953338465187988,1.40252930315401,0.31538623861822035,0.3276496097230339,6.223494403137174,0.38815044398938664,0.9625716901809223,0.5515972412628646,11.340107000283142,0.5030493196389547,0.5192217153603573,0.5442042703038333,0.8266199147478251,0.5192864638644024,10.292007181518334,0.41070503217925614,1.5918379782063308,0.88165001799775,23.80994495444147,0.9426815591814437,0.8829524376276925,0.8730307291590735
1.08,0.953160445155321,1.403400507847085,0.31506134440053346,0.32725660527948813,6.224549421508995,0.38812635203496837,0.9627348671280767,0.5512670342668158,11.342043864907126,0.5025487073078704,0.5186038893039416,0.5436890616187366,0.8262774633531461,0.5189515055368017,10.294383662909734,0.4107786726796725,1.5922055424012065,0.8807140831767395,23.797837465227257,0.94206062461496,0.8818888379999661,0.8718039505123971
1.0825,0.9529819987170782,1.4042726893588617,0.3147456119690383,0.3268725630378588,6.2256175016562,0.3881028498082735,0.9629000643060519,0.5509432254023012,11.343984866811184,0.502058163997311,0.5179970829225009,0.5431854450471656,0.8259177439332931,0.5186052490612706,10.29677225404689,0.410853189953485,1.5925749795789572,0.8797282799852905,23.78465176467749,0.9414270886620819,0.8808104941028302,0.8705619601018221
1.085,0.9528031237238097,1.4051458958210106,0.314438996583637,0.32649744154351035,6.2266985063366365,0.38807992844474126,0.9630672604879618,0.5506258077957505,11.345930022810354,0.5015776631224391,0.5174012436856594,0.5426933361695345,0.825540815941463,0.5182477454514175,10.299172863342475,0.4109285996008407,1.5929462755740096,0.8786927922227556,23.770389157703175,0.9407809907828403,0.8797174145105792,0.8693047423073568
1.0875000000000001,0.9526238179877689,1.4060201749019157,0.31414145258332654,0.3261311984367192,6.227792295121126,0.3880575784810575,0.9632364339539901,0.5503147710101005,11.347879295418581,0.5011071763228945,0.5168163168026025,0.5422126490002473,0.825146740267677,0.5178790468385879,10.301585395287004,0.4110049173179325,1.59331941561416,0.8776078150503861,23.755051158612492,0.9401223711645418,0.8786096092991889,0.8680322831737457
1.09,0.952444079284113,1.4068955737419915,0.3138529333721695,0.3257737904411559,6.22889872438699,0.38803578987428744,0.9634075624903912,0.5500101009097191,11.349832590041451,0.5006466734443145,0.5162422451686323,0.5417432958699238,0.8247355792816217,0.5174992064932813,10.304009750485392,0.4110821589461826,1.5936943843262286,0.8764735548493503,23.73863948832491,0.9394512707631129,0.87748709014198,0.8667445705138351
1.0925,0.952263905352207,1.4077721389024938,0.31357339140644075,0.3254251733536038,6.230017647312942,0.3880145520209128,0.9635806233886981,0.5497117795340711,11.351789752322633,0.5001961225221633,0.5156789693147762,0.5412851873091802,0.8243073968845652,0.5171082788503611,10.306445825729497,0.4111603405093946,1.594071165747281,0.8752902290381745,23.721156070525033,0.9387677313519887,0.8763498704092283,0.8654415940143412
1.095,0.9520832938969706,1.4086499163328003,0.313302778183395,0.32508530203532715,6.231148913876218,0.38799385377581297,0.9637555934452806,0.5494197849833271,11.353750565705862,0.49975548976842016,0.5151264273621027,0.5408382319364355,0.8238622585701353,0.5167063195378832,10.308893514107544,0.4112394782364325,1.594449743341551,0.8740580658511828,23.70260302679903,0.938071795577769,0.875197965272305,0.8641233453447146
1.0975,0.9519022425902042,1.4095289513601899,0.3130410442321096,0.324754130405504,6.232292370852986,0.3879736834712382,0.963932448961407,0.5491340913192552,11.355714749277558,0.4993247395616948,0.5145845549824952,0.5404023363523628,0.823400231493571,0.5162933854092975,10.311352705150576,0.41131958856725576,1.5948301000230924,0.8727773040814363,23.682982670848173,0.9373635070226843,0.874031391813203,0.8627898182706132
1.1,0.9517207490718176,1.4104092887048338,0.3127881391068595,0.32443161143713556,6.233447861823192,0.3879540289358076,0.9641111657439946,0.548854668484743,11.357681955956103,0.4989038344414453,0.5140532853676782,0.5399774050436881,0.822921384548847,0.5158695345786998,10.31382328501506,0.4114006881405053,1.5952122181840223,0.8714481927933033,23.662297501917838,0.9366429102734551,0.8728501691404263,0.8614410087741463
1.1025,0.9515388109508816,1.4112909725211369,0.31254401138346194,0.32411769715581584,6.2346152271811155,0.38793487751355826,0.9642917191072415,0.5485814822451935,11.359651771092302,0.4984927351069435,0.5135325492082675,0.5395633402990391,0.8224257884528346,0.5154348264587025,10.316305136699937,0.4114827937612827,1.5955960797280908,0.8700709910108814,23.640550197610732,0.9359100509944688,0.8716543185122254,0.860076915183414
1.105,0.9513564258064247,1.4121740464648087,0.3123086086589957,0.32381233864170833,6.235794304152959,0.3879162160830519,0.964474083875348,0.5483144941547702,11.361623711541178,0.4980914004215228,0.513022274684521,0.5391600421394327,0.8219135158354234,0.5149893218003917,10.318798140295497,0.41156592234829414,1.5959816661091752,0.8686459673890649,23.617743606269975,0.9351649760058255,0.8704438634679889,0.8586975383138865
1.1075,0.9511735911879052,1.4130585537832037,0.31208187755524636,0.3235154860350211,6.236984926822854,0.38789803107653403,0.9646582343865385,0.548053661550065,11.363597225258026,0.49769978742253757,0.5125223874702953,0.5387674082657842,0.8213846413342651,0.5145330827347154,10.321302173260648,0.4116500908601193,1.5963689583741638,0.8671733998739823,23.59388073911684,0.9344077333663944,0.8692188299682638,0.8573028816238483
1.11,0.9509903046152924,1.4139445374247006,0.3118637637261644,0.3232270885451981,6.238186926168662,0.38788030849912714,0.9648441444985983,0.5477989375732112,11.365571691461705,0.4973178513373308,0.5120328107514647,0.5383853340254939,0.8208392416925578,0.5140661728145344,10.323817110724347,0.41173531620101256,1.5967579372095768,0.8656535753588733,23.568964762312483,0.9336383724600181,0.8679792465434016,0.8558929513854452
1.1125,0.9508065635787135,1.4148320401612884,0.311654211869532,0.32294709446396097,6.2394001301088755,0.3878630339480293,0.9650317875961284,0.5475502712257938,11.367546421395442,0.49694554560537574,0.5115534652597248,0.5380137123997379,0.8202773958580591,0.5135886570564544,10.326342825806364,0.4118216151073191,1.5971485829911793,0.8640867893402528,23.542998989081227,0.9328569440825779,0.8667251444501995,0.8544677568718666
1.115,0.9506223655376408,1.4157211047172378,0.3114531657429439,0.3226754511822418,6.240624363561799,0.3878461926316874,0.9652211365996982,0.5473076074541336,11.369520659701013,0.4965828219066318,0.5110842693223288,0.5376524340125801,0.8196991850813113,0.5131006019814611,10.328879189951962,0.41190900401627273,1.5975408758357448,0.8624733455775245,23.515986871989092,0.9320635005282815,0.8654565578352064,0.8530273105599141
1.1175,0.9504377079196136,1.4166117738958792,0.31126056818409914,0.32241210521094554,6.241859448518065,0.3878297693889146,0.9654121639770621,0.5470708872656885,11.371493586405993,0.4962296301960498,0.5106251389278599,0.5373013871624247,0.8191046930109102,0.512602075653292,10.331426073274859,0.411997498919622,1.5979347956540992,0.8608135557571172,23.487931995416055,0.9312580956766404,0.8641735239025803,0.8515716283457169
1.12,0.9502525881185149,1.417504090696187,0.3110763611352967,0.3221570022053834,6.243105204127273,0.38781374870792784,0.965604841756559,0.5468400478754483,11.373464319507015,0.4958859187440005,0.5101759878076872,0.5369604578757176,0.8184940057835259,0.5120931477134149,10.333983344902675,0.4120871152051555,1.5983303222045526,0.859107739159907,23.458838068198947,0.9304407850716065,0.8628760830835831,0.8501007297697472
1.1225,0.9500670034924458,1.4183980984111022,0.31090048567192424,0.3219100869931235,6.244361446799365,0.38779811474529885,0.9657991415427921,0.5466177960089544,11.375489628815432,0.49555163418219694,0.5097367275322888,0.536629529982148,0.8178672121063375,0.5115738894114362,10.336550873319366,0.4121778674897644,1.5987274351458602,0.8573562223281979,23.428708916355564,0.929611625995016,0.8615642792040197,0.848614638245627
1.125,0.9498809513612627,1.4192938407003666,0.31073288203463667,0.3216713036049232,6.2456279903209975,0.3877828513448252,0.9659950345346282,0.54652012353913,11.379985327100822,0.4952267215548074,0.5093072676211873,0.5363084852100047,0.8172244033295317,0.5110443736297383,10.33912852669949,0.41226976944814003,1.5991261140889241,0.8555593387260809,23.39754847573408,0.9287706775357935,0.8602381596452008,0.8471133812856376
1.1275,0.9496944290038613,1.4201913616319737,0.31057348966484444,0.3214405953083423,6.246904645986979,0.3877679420563552,0.9661924915455261,0.5464278002596942,11.384471983363069,0.49491112437400947,0.5088875156648427,0.535997203299769,0.8165656735065744,0.51050467490114,10.34171617323,0.4123628336415415,1.599526338646563,0.8537174283846639,23.365360784369326,0.9279180006504266,0.8588977754933802,0.8455969907143996
1.1300000000000001,0.9495074336553059,1.4210907056880482,0.3104222472430699,0.3212179046435905,6.248191222746435,0.38775337015462885,0.9663914830261439,0.5463407450639506,11.388948306854163,0.4946047846780847,0.508477377456525,0.53569556213355,0.8158911194400663,0.5099548694184014,10.34431368141607,0.41245707135126086,1.5999280884808142,0.8518308375216809,23.33214997427286,0.92705365821238,0.8575431816721337,0.844065502861036
1.1325,0.949319962503908,1.421991917732873,0.3102790927296923,0.321003173461137,6.2494875273631045,0.38773911865822225,0.9665919790891319,0.5462588742046933,11.393412966645965,0.4943076430925222,0.5080767571319346,0.5354034378775925,0.8152008407111546,0.5093950350344356,10.346920920368596,0.4125524924214372,1.600331343347401,0.8498999181235244,23.297920262342995,0.9261777150482949,0.856174437051836,0.8425189587193459
1.135,0.9491320126883688,1.4228950429426548,0.3101439634075823,0.3207963429606074,6.250793364588882,0.38772517034871895,0.9667939495359734,0.5461821015595011,11.397864596722835,0.4940196388931871,0.5076855573141873,0.5351207051348223,0.8144949396906712,0.5088252512521724,10.349537760071899,0.41264910511572905,1.6007360831371353,0.8479250274770579,23.262675940060184,0.9252902379589579,0.8547916045303409,0.8409574040652544
1.1375,0.9489435812950908,1.423800126698249,0.3100167959261229,0.3205973537305098,6.252108537349242,0.38771150779025526,0.9669973638856645,0.546110338900208,11.402301801182931,0.49374071007046144,0.5073036792617142,0.5348472371042576,0.8137735215304167,0.5082455992031283,10.352164071631165,0.4127469159920368,1.601142287914193,0.8459065276388981,23.226421361638828,0.9243912957234536,0.8533947510791705,0.8393808895211614
1.1400000000000001,0.9487546653557601,1.4247072144432662,0.30989752634612716,0.3204061457883597,6.253432846938973,0.387698113349613,0.9672021914049866,0.5460434961617499,11.406723159451916,0.4934707933936833,0.5069310230166518,0.5345829057440826,0.8130366941332906,0.5076561616138916,10.354799727499557,0.41284592979899104,1.6015499379512355,0.843844784831514,23.189160930347057,0.9234809590844271,0.8519839477501,0.8377894705579523
1.1425,0.9485652618452928,1.425616351510636,0.3097860901851808,0.3202226586208146,6.254766093226161,0.3876849692170506,0.9674084011400576,0.5459814817058207,11.411127231416012,0.49320982447524986,0.5065674875513994,0.5343275819352598,0.8122845681012961,0.5070570227599277,10.357444601685156,0.41294614939729785,1.601959013761421,0.8417401687586848,23.150899082786978,0.9225593007116403,0.8505592696379526,0.836183207427401
1.145,0.9483753676802209,1.4265275829207784,0.3096824224629567,0.32004683122346916,6.2561080748620075,0.387672057428069,0.9676159619487822,0.5459242025751431,11.4155125623871,0.49295773783374874,0.5062129709111811,0.5340811356427113,0.8115172566608051,0.5064482684063576,10.360098569937369,0.4130475757082903,1.6023694961272332,0.8395930518378243,23.11164027105562,0.9216263951438843,0.8491207957968033,0.8345621650206501
1.1475,0.948184979717587,1.427440953154086,0.30958645774606947,0.31987860214000013,6.2574585894936785,0.3876593598863079,0.9678248425337742,0.5458715647345961,11.419877687820346,0.4927144669555692,0.5058673703506568,0.5338434360713162,0.8107348755648676,0.5058299857356664,10.362761509911412,0.4131502076911993,1.6027813661259227,0.837403808353488,23.071388942883736,0.9206823187090345,0.847668609108591,0.8329264126522925
1.1500000000000001,0.9479940947543946,1.4283565058996,0.3094981301920383,0.3197179095003777,6.258817433976927,0.38764685838774854,0.9680350114752412,0.5458234732959673,11.424221137714133,0.492479944354502,0.5055305824628467,0.5336143518142269,0.8099375429727934,0.5052022632626426,10.365433301307908,0.4132540423497556,1.6031946051510981,0.8355925246064043,23.041723182847026,0.9197271494221031,0.8462027961053715,0.831276023774371
1.1525,0.9478027095276629,1.4292742837807795,0.3094173735919319,0.31956469105787555,6.260184404584956,0.3876345346463736,0.9682464372632897,0.5457798327236189,11.428541440632184,0.4922541016288986,0.5052025032988694,0.53339375099127,0.8091253793077071,0.5045651907372504,10.368113825982569,0.41335907476780814,1.6036091949296891,0.8341452568254563,23.022283058976097,0.9187609668621088,0.8447234467490501,0.8296110756301037
1.155,0.9476108207151097,1.4301943280583758,0.3093441214112465,0.3194188842246107,6.261559297209614,0.38762237032139224,0.9684590883290426,0.5457405470189031,11.432837127298328,0.492036869516007,0.5048830284772118,0.5331815013754663,0.8082985070932919,0.5039188590365613,10.370802968018628,0.41346529817269956,1.6040251175331517,0.8326520433131588,23.00176809455332,0.9177838520293478,0.8432306541752937,0.8279316488631513
1.1575,0.9474184249364945,1.4311166783098732,0.3092783068285479,0.3192804261053304,6.262941907550836,0.3876103470460872,0.9686729330739403,0.5457055198816574,11.437106733724772,0.4918281779431479,0.5045720532814483,0.5329774705059498,0.807457050771497,0.5032633600473205,10.37350061375249,0.4135727040242286,1.6044423553814324,0.831113131249753,22.98017944882561,0.9167958871855166,0.8417245144113417,0.8262378271044081
1.16,0.9472255187556383,1.432041372085,0.30921986277138097,0.3191492535291395,6.264332031290206,0.38759844645828634,0.9688879398965852,0.5456746548475707,11.441348803844756,0.49162795607541654,0.5042694727455095,0.532781525785797,0.8066011365035515,0.502598786541165,10.376206651741075,0.4136812821261406,1.6048608912379205,0.829528763998949,22.957518112533116,0.9157971556801527,0.8402051260803615,0.8245296965641773
1.1625,0.9470320986831346,1.432968444537604,0.30916872194892037,0.3190253030788276,6.265729464244551,0.3875866502323928,0.9691040772164966,0.5456478554006254,11.44556189162968,0.4914361323595892,0.5039751817257588,0.5325935345634926,0.8057308919572287,0.5019252320449292,10.378920972658177,0.41379102075626584,1.605280708193416,0.8278991802578899,22.933784887305606,0.9147877417679117,0.8386725901077045,0.8228073456627542
1.165,0.9468381611797683,1.433897928035864,0.30912481688082594,0.3189085111174323,6.267134002495751,0.38757494011284815,0.9693213134941897,0.5456250250601656,11.449744562679436,0.4912526345638865,0.5036890749592778,0.5324133641969548,0.804846446083895,0.501242790708848,10.38164346910681,0.41390190681066374,1.6057017896371066,0.8262824477059794,22.910583959461615,0.9137677304221361,0.8371270094465963,0.8210708647363419
1.1675,0.9466437026606378,1.4348298517554083,0.30908807992176446,0.31879881381164915,6.268545442493476,0.38756329794883365,0.9695396172470644,0.54560606744244,11.453895395282107,0.49107738981322424,0.503411047107902,0.532240882099243,0.8039479288894554,0.5005515571757533,10.384374035335629,0.4140139259564642,1.6061241192127063,0.8246801801069971,22.887958769176183,0.9127372071508645,0.8355684888423041,0.8193203458574642
1.17,0.9464487194999852,1.4357642412633609,0.30905844328109167,0.3186961471517006,6.269963581128111,0.3875517057299512,0.9697589570606846,0.5455908862967266,11.458012980945975,0.4909103246195782,0.5031409927876886,0.5320759557652747,0.8030354712038297,0.4998516264545725,10.387112566849623,0.41412706278752287,1.6065476807582442,0.8230304071790451,22.864186565174155,0.9116962578219875,0.8339971346544266,0.817555882809206
1.1725,0.9462532080367038,1.436701118105499,0.30903583903724097,0.3186004469672919,6.271388215772038,0.38754014562256134,0.9699793015951643,0.5455793855163538,11.462095924412647,0.4907513649070976,0.5028788065836501,0.5319184527790878,0.8021092044540631,0.49914309380152544,10.389858959909246,0.4142413009765722,1.6069724582285942,0.8213334381244496,22.83926976388555,0.9106449685046855,0.8324130547565586,0.8157775712504778
1.175,0.946057164580492,1.4376404994132992,0.30902019914645856,0.3185116489393256,6.272819144288407,0.3875286000063868,0.9702006195865222,0.5455714691251242,11.46614284316514,0.4906004360316653,0.5026243830497464,0.5317682408014273,0.8011692604465296,0.4984260546123956,10.392613110916807,0.41435662341725865,1.6073984356005713,0.819589584838736,22.813210811232356,0.9095834253345968,0.8308163585310836,0.813985509104987
1.1775,0.9458605854185815,1.4385823975522838,0.30901145544563935,0.31842968860711945,6.274256165007499,0.3875170515109209,0.9704228798430274,0.545567041239817,11.470152366449192,0.49045746279469965,0.5023776166943125,0.5316251875376766,0.8002157711639379,0.49770060432910807,10.39537491569512,0.4144730123493585,1.6078255967613606,0.8177991635788351,22.78601223100467,0.9085117144099057,0.8292071569743217,0.8121797971997854
1.18,0.9456634668229484,1.4395268198372408,0.3090095396491655,0.3183545013709634,6.275699076672001,0.38750548305110544,0.9706460512367354,0.5455660060096075,11.474123133829915,0.4903223694510847,0.502138401951282,0.5314891606864233,0.7992488685829562,0.4969668383635936,10.39814426866982,0.41459044946058754,1.60825392538205,0.8159624971173205,22.757676686491713,0.90742992172337,0.8275855629237476,0.8103605401704354
1.1825,0.9454658050578704,1.4404737683430073,0.3090143833398098,0.3182860224899691,6.277147678353502,0.38749387786165185,0.9708701026905711,0.5455682675334037,11.478053793309487,0.49019507971123666,0.5019066331377597,0.5313600278692241,0.7982686845182198,0.49622485204155964,10.400921061973683,0.4147089159587937,1.6086834047790968,0.8140799173758876,22.728207055267447,0.9063381331324718,0.8259516914147043,0.8085278476394213
1.185,0.9452675963876654,1.4414232398409395,0.30902591795394246,0.31822418707529404,6.278601769343554,0.3874822195292955,0.9710950031614812,0.5455737297562869,11.481942999034937,0.490075516737445,0.5016822043986905,0.5312376565424147,0.7972753504982851,0.495474740568356,10.403705184497683,0.4148283926089799,1.6091140177675565,0.8121517685098775,22.69760651645882,0.9052364343712063,0.824305660169195,0.8066818356629514
1.1875,0.9450688370844043,1.4423752258903608,0.3090440747614523,0.3181689300789558,6.280061149023546,0.3874704920221691,0.9713207216203067,0.5455822963464395,11.485789408628747,0.4899636031347684,0.5014650096395511,0.5311219138920901,0.7962689976787128,0.4947165990186126,10.40649652091954,0.4149488597305518,1.6095457465108323,0.8101784103937083,22.665878649232972,0.9041249111085614,0.8226475902141692,0.8048226284293544
1.19,0.9448695234353572,1.4433297131107703,0.3090687848409608,0.3181201862785906,6.281525616718352,0.3874586797153918,0.9715472270291481,0.5455938705541952,11.489591680179194,0.48985926093690785,0.5012549424481714,0.5310126667136732,0.7952497567969227,0.49395052235078335,10.40929495074515,0.41507029715142507,1.6099785723724145,0.8081602224358411,22.63302754065882,0.9030036490552565,0.820977606621533,0.8029503601804808
1.1925000000000001,0.9446696517499134,1.4442866836541681,0.30909997905106,0.31807789025863437,6.2829949715393045,0.38744676741188416,0.9717744883170777,0.545608355055143,11.493348468932524,0.48976241158764283,0.5010518960069611,0.5309097812777868,0.7942177581727499,0.4931766054471417,10.41210034740176,0.4151926841171218,1.6104124757756246,0.8060976076323697,22.599057900558183,0.9018727341180315,0.8192958393571075,0.801065177316364
1.195,0.9444692183656875,1.4452461158876488,0.3091375879984357,0.31804197638852244,6.284469012222412,0.38743474035737036,0.9720024743551176,0.5456256517795929,11.497058423735671,0.4896729759185844,0.5008557629969953,0.5308131231844665,0.7931731317577599,0.4923949431791655,10.414912577423552,0.4153159991546929,1.6108474360776521,0.803990996751459,22.56397518048559,0.9007322526013067,0.8176024242211423,0.7991672406333716
1.1975,0.9442682196535379,1.4462079852848442,0.30918154200385006,0.3180123787986052,6.285947536968019,0.38742258424850357,0.9722311539314398,0.5456456617311599,11.500720183286509,0.48959087412409347,0.5006664354956043,0.5307225572081109,0.7921160072353141,0.4916056304976194,10.41773149977033,0.41544021989313984,1.6112834314641762,0.8018408525273365,22.527785693585844,0.8995822914553265,0.8158975038588969,0.7972567276374508
1.2,0.9440666520212238,1.4471722655116548,0.3092317710670448,0.31798903135456036,6.287430343288151,0.38741028523310833,0.9724604957277562,0.5456682847977785,11.50433237225896,0.4895160257342891,0.5004838048693482,0.5306379471359882,0.7910465141721574,0.4908087625459752,10.42055696531854,0.41556532284387954,1.611720438870645,0.7996476737328075,22.490496731786845,0.8984229385676931,0.8141812288162871,0.7953338348670261
1.2025000000000001,0.9438645119154627,1.448138929677998,0.30928820483170033,0.3179718676311613,6.288917227867797,0.3873978299016353,0.9726904682978629,0.5456934195591053,11.50789359738275,0.4894483495871354,0.5003077616645404,0.5305591556036051,0.7899647822208636,0.4900044347951152,10.423388816560443,0.41569128314659587,1.6121584339357464,0.7974119989935958,22.452116676600415,0.8972542830930429,0.812453758612676,0.793398780154768
1.205,0.9436617958221996,1.4491079517141776,0.30935077255164306,0.3179608208863189,6.290407986446259,0.38738520526913234,0.9729210400492889,0.5457209630950015,11.511402443571804,0.4893877638007246,0.5001381954978333,0.5304860439308102,0.7888709413708763,0.48919274319651107,10.426226887542802,0.41581807428743484,1.6125973909919247,0.7951344102062206,22.412655099730284,0.8960764158140124,0.8107152628005684,0.7914518047537163
1.2075,0.9434585002649511,1.4500793078191405,0.3094194030595433,0.3179558240363785,6.291902413724495,0.3873723987473129,0.9731521792289657,0.5457508108006,11.514857470211169,0.4893341857470197,0.49997499494981035,0.5304184719631574,0.7877651222440719,0.48837378435026807,10.429071004070192,0.4159456677978377,1.6130372830968265,0.7928155354236297,22.372122849723546,0.8948894295252298,0.8089659219801655,0.7894931752512531
1.21,0.9432546218011683,1.451052977919331,0.30949402473939047,0.31795680963370476,6.293400303304141,0.38735939810667336,0.9733838539137951,0.5457828562142911,11.518257207728633,0.4892875320283702,0.4998180474650102,0.5303562979237443,0.7866474564288289,0.48754765568357866,10.431920984191105,0.41607403294327944,1.6134780821084858,0.7904560510793324,22.33053212105136,0.893693419430665,0.8072059287355265,0.7875231851940528
1.2125000000000001,0.9430501570166364,1.4520289470719223,0.30957456550406687,0.3179637098476391,6.294901447663577,0.38734619142904486,0.9736160320069479,0.5458169908657874,11.52160015459313,0.48924771845821785,0.49966723926233936,0.530299378281471,0.7855180768445247,0.486714455634251,10.43477663897687,0.41620313641176304,1.613919758805796,0.7887139224088114,22.30648459956429,0.8924884835432012,0.8054354884584178,0.7855421563486394
1.215,0.9428451025180192,1.453007206745418,0.3096609527793679,0.3179764564499592,6.2964056381759415,0.3873327670514537,0.9738486812406503,0.5458531041521357,11.524884774895847,0.4892146600476569,0.4995224552603566,0.5302475676423232,0.7843771181262957,0.4858742838331253,10.4376377735946,0.41633294201208665,1.614362283054462,0.7874776442863521,22.296879608523053,0.8912747230739055,0.8036548200259803,0.7835504395256503
1.2175,0.9426394549237344,1.4539877559141912,0.3097531134958155,0.3179949808059965,6.297912665173461,0.3873191135026682,0.9740817691861331,0.5458910832500921,11.528109496679704,0.4891882709996252,0.4993835790223633,0.5302007186708462,0.7832247170179087,0.48502724127840446,10.440504188666171,0.4164634103917042,1.614805624017187,0.7861953179492338,22.28611927863702,0.890052242797283,0.8018641562992295,0.7815484149017333
1.22,0.9424332108534297,1.4549706019113933,0.30985097408958107,0.3180192138725627,6.29942231806175,0.38730521943430835,0.9743152632713104,0.545930813073498,11.531272711186988,0.48916846471246805,0.49925049272656086,0.5301586820492861,0.782061012758834,0.4841734304943086,10.443375681895414,0.4165944987834914,1.6152497504053498,0.7848674375766067,22.274210890158916,0.8888211513779101,0.8000637444113621,0.7795364917814707
1.2225,0.9422263669163918,1.4559557609964935,0.3099544605137392,0.31804908620379363,6.300934385486725,0.3872910735488404,0.974549130806596,0.5459721762841633,11.534372773190837,0.4891551537946008,0.4991230771666224,0.5301213064818883,0.7808861474502529,0.48331295566607896,10.446252049936055,0.4167261607900073,1.6156946307679103,0.7834945394851976,22.261162867950837,0.887581561643485,0.7982538458180706,0.7775151077532071
1.225,0.942018919699282,1.4569432586089142,0.31006349826091556,0.31808452796590475,6.302448655555635,0.3872766645271416,0.9747833390190893,0.546015053364096,11.53740800256239,0.4891482500919597,0.4990012117878187,0.5300884387514156,0.7797002663839387,0.48244592274331666,10.449133090463244,0.41685834621298873,1.616140233811811,0.7820772002950404,22.246984739804365,0.8863335907896766,0.7964347360867753,0.7754847272073215
1.2275,0.9418108657536172,1.4579331292970317,0.3101780123981398,0.3181254689616701,6.303964916112194,0.3872619809585731,0.9750178550951295,0.5460593227557065,11.540376687200348,0.4891476647296077,0.498884774763241,0.5300599238340182,0.7785035183178693,0.4815724395040075,10.45201860440245,0.4169910009349322,1.6165865287467116,0.7806160340724513,22.231687066657404,0.8850773605032582,0.7946067044079751,0.7734458392033764
1.23,0.9416022015834326,1.4589254163311185,0.31029792761436975,0.3181718386651633,6.305482955064134,0.3872470112766044,0.9752526462309572,0.5461048610747783,11.543277087412651,0.4891533081684216,0.4987736431136594,0.5300356050771147,0.7772960556831752,0.4806926155724115,10.454908398261221,0.4171240668587454,1.6170334856456379,0.7791116884741436,22.21528134517664,0.8838129969917321,0.7927700528197587,0.7713989546933387
1.2325,0.9413929236335464,1.459920171028346,0.31042316828071265,0.31822356626694703,6.307002560759508,0.38723174370299507,0.9754876796909161,0.5461515433985615,11.546107441791316,0.48916509027738925,0.4986676928731153,0.5300153244429123,0.7760780347086423,0.4798065623852973,10.457802286502329,0.417257481910631,1.6174810758120295,0.7775648399557304,22.197779884252633,0.8825406309100177,0.7909250951457132,0.769344603131128
1.235,0.9411830282788047,1.4609174518361427,0.310553658522853,0.31828058072946375,6.308523522406108,0.3872161662033327,0.975722922872324,0.5461992436283778,11.54886597456263,0.48918292042143163,0.49856679930051634,0.5299989228176621,0.7748496154514607,0.47891439310273515,10.46070009389169,0.4173911801105689,1.6179292721428866,0.77597618814807,22.17919565806311,0.8812603971781705,0.7890721556566747,0.767283328523008
1.2375,0.9409725118146217,1.461917323235306,0.3106893223046217,0.3183428108519008,6.310045630526271,0.3872002664563721,0.9759583433758156,0.54624783492277,11.551550904328616,0.4892067075638227,0.4984708371353736,0.5299862403838438,0.7736109617261189,0.47801622246175257,10.463601657751248,0.41752509171394653,1.6183780494772175,0.7743464495437513,22.159542139439807,0.8799724346881087,0.7872115674773863,0.76521568499758
1.24,0.9407613704490374,1.4629198545345339,0.3108300835210645,0.3184101853433026,6.311568677437514,0.387184031839136,0.9761939090796814,0.5462971901936521,11.554160454045487,0.489236360381418,0.4983796808935077,0.5299771170493435,0.7723622409271252,0.47711216657346345,10.466506830046633,0.41765914342697175,1.618827384918931,0.7726763506709843,22.138833118255754,0.8786768859013119,0.7853436707695723,0.7631422319967391
1.2425,0.9405496002964205,1.4639251186319422,0.31097586609881095,0.3184826329022215,6.313092457747756,0.3871674494291386,0.9764295882164626,0.5463471826544091,11.556692862015886,0.48927178739011296,0.4982932051962359,0.5299713929245691,0.7711036237453184,0.47620234266666184,10.469415479241372,0.41779325869740996,1.6192772581236232,0.7709666209607423,22.1170825103653,0.8773738963435485,0.7834688107324153,0.7610635292083987
1.245,0.9403371973728258,1.4649331908155983,0.31112659410108157,0.31856008230078264,6.314616768852806,0.38715050602443024,0.976665349449896,0.5463976864056523,11.559146393608167,0.48931289707731185,0.49821128512439455,0.529968908835554,0.7698352837816608,0.4752868687831246,10.472327491854681,0.4179273580808427,1.6197276515395165,0.7692179855327821,22.094304163211323,0.8760636140066498,0.7815873354692686,0.7589801313764805
1.2475,0.9401241575929153,1.465944147663901,0.3112821918343256,0.318642462470726,6.31614141142313,0.38713318818145936,0.9769011619502012,0.5464485770416763,11.5615193533639,0.48935959803763246,0.49813379658675133,0.5299695068586628,0.7685573970662606,0.47436586343185005,10.475242773667192,0.4180613596810265,1.620178550593946,0.7674311581353571,22.0705116645115,0.8747461886708126,0.779699593775044,0.7568925831324474
1.25,0.939910476768268,1.4669580660884438,0.31144258395329993,0.31872970258880634,6.31766618986686,0.38711548227005715,0.9771369954656924,0.5464997322587837,11.563810097117722,0.48941179910770866,0.4980606166910677,0.5299730308607538,0.7672701414936967,0.47343944521099857,10.47816125052914,0.4181951796610335,1.620629943818361,0.76560683447075,22.0457181604116,0.8734217711636248,0.7778059329016238,0.7548014139945812
1.2525,0.9396961506068259,1.4679750225386123,0.31160769556139656,0.31882173215890597,6.319190912756729,0.38709737454420007,0.9773728203888126,0.5465510324457048,11.566017043735174,0.4894694094958647,0.49799162410539144,0.5299793270276922,0.7659736961883095,0.472507732407316,10.481082868737069,0.4183287328197603,1.6210818229065869,0.763745686123975,22.019936189138154,0.8720905125739172,0.775906696358701,0.7527071336760051
1.2550000000000001,0.9394811747132131,1.468995092361281,0.3117774523031967,0.31891848108833765,6.320715393209717,0.38707885122664126,0.9776086078148511,0.5466023612364507,11.568138686076157,0.4895323389025909,0.4979266993971779,0.5299882443640668,0.76466824081481,0.4715708425832394,10.484007594957795,0.41846193322619085,1.6215341827030674,0.7618483552857263,21.993177535508188,0.8707525634398127,0.7740022218046285,0.7506102278302879
1.2575,0.9392655445896566,1.470018349283943,0.3119517804465707,0.31901987975607987,6.322239449210004,0.387059898605044,0.9778443295918944,0.5466536060070954,11.57017360081429,0.48960049762812424,0.4978657253385359,0.529999635147807,0.7633539548503201,0.47062889216172554,10.486935415691523,0.41859469490165374,1.6219870211198242,0.7599154504244728,21.965453110701127,0.8694080729310787,0.7720928390764756,0.7485111543450712
1.26,0.9390492556372879,1.471044864968932,0.3121306069521006,0.31912585907106333,6.3237629038678325,0.38704050313692195,0.9780799583608639,0.5467046583001011,11.572120456784107,0.48967379666402117,0.4978085871672276,0.5300133553251161,0.7620310168338087,0.46968199601815597,10.489866336278286,0.418726932538365,1.6224403389827862,0.7579475430189807,21.936772860529132,0.8680571880426347,0.7701788684009976,0.7464103402707625
1.2625,0.938832303157682,1.4720747085731296,0.312313859528149,0.31923635051907406,6.3252855856091665,0.38702065156051363,0.9783154675848499,0.5467554141627434,11.573978021586408,0.4897521477663275,0.49775517279492365,0.5300292648335456,0.7606996036079623,0.4687302670875787,10.492800379463342,0.4188585622409483,1.6228941398099033,0.7559451654144064,21.90714570413745,0.8667000528148858,0.7682606188192398,0.7443081794444472
1.2650000000000001,0.9386146823545819,1.4731079462439507,0.3125014666704752,0.31935128619731623,6.326807328293383,0.3870003310086852,0.9785508315673141,0.5468057743897451,11.575745166252824,0.48983546350876933,0.49770537295646344,0.5300472278440165,0.7593598895669933,0.4677738159941528,10.495737583546669,0.41898950227648474,1.6233484295249339,0.7539088098158404,21.876579503715806,0.8653368075975361,0.7663383868477233,0.7422050308405688
1.2675,0.9383963883358579,1.47414464048922,0.31269335768585677,0.3194705988361451,6.328327971258341,0.3869795291230736,0.9787860254590615,0.5468556446641589,11.577420867849797,0.4899236573152229,0.4976590812963679,0.5300671129159079,0.7580120459219927,0.4668127507081616,10.498678000149374,0.419119673818031,1.6238032161119795,0.7518389283860804,21.84508106449676,0.8639675883685942,0.764412455389291,0.7401012176513877
1.27,0.9381774161158593,1.475184849375168,0.31288946269968093,0.3195942218078988,6.329847359294138,0.3869582341659314,0.9790210252541799,0.5469450324332066,11.579853135332492,0.49001664347151874,0.4976161943914126,0.5300887930628089,0.7566562399934046,0.46584717623446315,10.501621691635421,0.4192490016664648,1.624258509216713,0.7497359343725236,21.812656163142552,0.862592526117438,0.7624830928973804,0.7379970270734467
1.2725,0.937957760618382,1.476228625531098,0.3130897126478821,0.3197220891231036,6.331365342548424,0.3869364351274962,0.9792558077753962,0.5470516490067426,11.582571136155215,0.4901143371173244,0.49757661171056006,0.5301121457299446,0.7552926345383024,0.46487719433493124,10.504568728230877,0.4193774149359377,1.6247143197008171,0.7476002041538422,21.779309601648293,0.8612117462982499,0.7605505527892901,0.7358927107527415
1.2750000000000001,0.9377374166805361,1.477276014968094,0.31329403925392096,0.31985413541458935,6.332881776367347,0.3869141218271516,0.9794903506494755,0.5471565940517626,11.585175686341687,0.4902166542193681,0.49754023551583176,0.5301370526874906,0.753921387118565,0.4639029032863809,10.507519184885332,0.41950484768904894,1.62517065915655,0.7454320800722462,21.745045283166668,0.8598253683572609,0.7586150730973038,0.7337884858221108
1.2775,0.937516379057804,1.4783270557487438,0.3135023749917129,0.3199902959102291,6.33439652107703,0.38689128500713327,0.9797246322734225,0.5472597897623086,11.587666094754141,0.49032351152766546,0.49750697070967487,0.5301633998468209,0.752542649514992,0.46292439767477506,10.510473137921807,0.4196312395090161,1.6256275393885948,0.7432318739024439,21.709866305714325,0.8584335053361792,0.7566768763415984,0.7316845364502798
1.28,0.9372946424305613,1.4793817765714472,0.3137146530355423,0.3201305063951183,6.335909441711019,0.3868679164180246,0.9799586317723269,0.5473611624092279,11.590041759810772,0.49043482651674547,0.49747672463596815,0.5301910770090859,0.7511565671919066,0.4619417682261769,10.513430661522863,0.41975653599749924,1.6260849718705752,0.7409998708038145,21.6737750695543,0.8570362635559354,0.7547361696057403,0.7295810158133381
1.2825,0.9370722014122677,1.4804401953533404,0.31393080719806066,0.32027470316405987,6.337420407689326,0.38684400889573495,0.9801923289497215,0.5474606419815702,11.592302162035718,0.49055051731409294,0.49744940684297195,0.5302199775573047,0.7497632788169211,0.4609551016749461,10.516391824102426,0.41988068918827415,1.6265429671838953,0.7387363336068749,21.63677339414076,0.8556337423797152,0.7527931447942047,0.7274780483960852
1.285,0.9368490505594487,1.481502317907894,0.3141507718574894,0.3204228229652322,6.338929292454946,0.386819556430023,0.9804257042313639,0.5475581617794751,11.594446855656043,0.4906705026180471,0.4974249288172136,0.5302499981043174,0.7483629158411764,0.45996448067000056,10.51935668461523,0.42000365786859145,1.6270015344469304,0.7364415072972738,21.598862640821025,0.8542260340433003,0.7508479790514699,0.7253757325321729
1.2875,0.9366251843834759,1.4825681368157702,0.3143744818751576,0.3205748029359258,6.340435973073641,0.38679455422488007,0.9806587386033349,0.5476536579730966,11.59647545954903,0.49079470160729316,0.4974032036975517,0.5302810381094855,0.746955602146374,0.4589699837204722,10.522325288859095,0.4201254078018144,1.62746068074311,0.734115623578177,21.56004383796007,0.8528132235514402,0.7489008353234993,0.7232741430975194
1.29,0.9364005973640313,1.4836376305805934,0.3146018725045276,0.32073058053124487,6.341940329803041,0.38676899875120857,0.9808914135453938,0.5477470691420077,11.598387647841298,0.49092303384396,0.49738414597845054,0.5303129994769168,0.745541453766008,0.4579716851826437,10.525297665828884,0.420245911846812,1.6279204105569944,0.731758905412728,21.52031780572063,0.8513953886561871,0.7469518630443781,0.7211733342800599
1.2925,0.9361752839640216,1.4847107631458762,0.3148328792929063,0.3208900934467075,6.343442245637195,0.38674288779221155,0.9811237109605343,0.5478383358087994,11.600183140445202,0.4910554191722026,0.4973676712109201,0.5303457861473462,0.7441205786891472,0.4569696552904886,10.528273824185032,0.420365149971648,1.6283807252280704,0.7293715714698679,21.479685278333484,0.8499725999264319,0.7450011989330153,0.7190733423593901
1.295,0.9359492386455975,1.485787483827226,0.31506743797712505,0.3210532795357384,6.344941605833127,0.38671622048175724,0.9813556131017592,0.5479273999792494,11.6018616937894,0.49119177761401667,0.49735369570865795,0.5303793036946267,0.7426930767555269,0.45596396023230906,10.531253748902577,0.42048310916138865,1.6288416224324662,0.7269538404170911,21.43814702226607,0.848544920910588,0.7430489678866824,0.7169741884410907
1.2975,0.9357224558868428,1.4868677276873388,0.3153054843745845,0.32122007672314284,6.346438297426432,0.38668899733574347,0.9815871024971575,0.5480142046996865,11.603423091962474,0.49133202926386343,0.4973421362657843,0.5304134589362648,0.7412590396503728,0.4549546622757202,10.53423739816845,0.42059978322234287,1.6293030957030634,0.724505935020901,21.395703949193056,0.8471124083925003,0.7410952839593091,0.7148758811014514
1.3,0.9354949301986398,1.487951416352651,0.3155469542712081,0.3213904229157626,6.347932208743457,0.3866612202761846,0.981818161874456,0.5480986936401429,11.604867138444277,0.4914760941834732,0.49733290989128826,0.530448159565672,0.739818551006023,0.45394181994248606,10.537224700593937,0.4207151724877216,1.629765133998355,0.7220280860285889,21.352357223053165,0.845675112740598,0.7391402514125981,0.7127784189080327
