iteration,restart,loss,parent_norm,leakage_norm,total_norm,leakage_ratio,parent_fraction,parent_strength,order2_scaled_ratio,child_l4,child_linf,parent_linf,parent_mean_wavenumber,wall_seconds
0,0,-0.12172141671180725,0.6361421346664429,0.5632370710372925,0.849654495716095,0.8853949904441833,0.5605619549751282,0.01987944170832634,56.665279388427734,1.751070261001587,5.196488380432129,5.559288024902344,2.5290369987487793,0.5948359966278076
1,0,0.45113974809646606,0.6457343697547913,1.013867974281311,1.202040433883667,1.5701006650924683,0.2885822653770447,0.020179199054837227,100.48644256591797,1.7511576414108276,5.271645545959473,5.608205318450928,2.535576343536377,4.236508369445801
2,0,0.019580060616135597,0.6518394947052002,0.6647282838821411,0.9309986233711243,1.019773006439209,0.49021121859550476,0.020369984209537506,65.26547241210938,1.7513104677200317,5.225898265838623,5.644479274749756,2.540274143218994,4.279735088348389
3,0,0.048971641808748245,0.6563882231712341,0.6893327236175537,0.9518534541130066,1.0501905679702759,0.47553378343582153,0.020512131974101067,67.21219635009766,1.7514095306396484,5.232061386108398,5.6759352684021,2.5440962314605713,4.322912216186523
4,0,0.050419799983501434,0.6610890626907349,0.695275604724884,0.9593992829322815,1.0517125129699707,0.4748114347457886,0.020659033209085464,67.30960083007812,1.7515236139297485,5.243633270263672,5.711310386657715,2.548246145248413,4.366050481796265
5,0,-0.002052922733128071,0.6659322381019592,0.6645665168762207,0.9408052563667297,0.9979491829872131,0.5010263919830322,0.020810382440686226,63.86874771118164,1.7516593933105469,5.253444671630859,5.747420787811279,2.552666425704956,4.409183740615845
6,0,-0.06284794211387634,0.6707260608673096,0.6298696398735046,0.9201136827468872,0.9390862584114075,0.53138267993927,0.020960189402103424,60.10152053833008,1.7517914772033691,5.258368015289307,5.782265663146973,2.557199716567993,4.452369928359985
7,0,-0.10782837122678757,0.6754544377326965,0.6064106225967407,0.9077293276786804,0.8977816700935364,0.553706169128418,0.021107951179146767,57.45802688598633,1.7518994808197021,5.259081840515137,5.8175249099731445,2.5618503093719482,4.495481491088867
8,0,-0.11470697820186615,0.6801772117614746,0.6064646244049072,0.9112850427627563,0.8916273713111877,0.5571032166481018,0.02125553786754608,57.064151763916016,1.751978874206543,5.266636848449707,5.855106353759766,2.5666725635528564,4.538620471954346
9,0,-0.11558977514505386,0.6849289536476135,0.6101624965667725,0.9172927141189575,0.8908405900001526,0.5575389266014099,0.021404029801487923,57.013797760009766,1.7520338296890259,5.27680778503418,5.892064571380615,2.5716800689697266,4.5817437171936035
10,0,-0.1386510580778122,0.6897067427635193,0.600411593914032,0.9144338965415955,0.8705317378044128,0.5688847899436951,0.021553335711359978,55.71403121948242,1.7520673274993896,5.286430358886719,5.927964687347412,2.576859712600708,4.624866962432861
11,0,-0.1722976118326187,0.6944948434829712,0.5845761895179749,0.9077732563018799,0.8417286276817322,0.5853064060211182,0.02170296385884285,53.87063217163086,1.752077579498291,5.292761325836182,5.962984561920166,2.582192897796631,8.18879222869873
12,0,-0.19420471787452698,0.6992892622947693,0.5758572220802307,0.9058790802955627,0.8234893083572388,0.5958998203277588,0.02185278944671154,52.70331573486328,1.7520618438720703,5.297543525695801,6.000267028808594,2.587672472000122,8.232254266738892
13,0,-0.2026437520980835,0.7041031718254089,0.5749489068984985,0.9090255498886108,0.8165690898895264,0.5999574065208435,0.02200322411954403,52.26042175292969,1.7520183324813843,5.304945945739746,6.038348197937012,2.593308210372925,8.275684833526611
14,0,-0.21148139238357544,0.7089512348175049,0.5738140344619751,0.9120714664459229,0.8093843460083008,0.6041920185089111,0.022154726088047028,51.80059814453125,1.751948356628418,5.313853740692139,6.075922966003418,2.5991108417510986,8.319104194641113
15,0,-0.22775645554065704,0.7138361930847168,0.5684407353401184,0.9125168323516846,0.7963181734085083,0.6119492053985596,0.0223073810338974,50.96436309814453,1.7518540620803833,5.321756362915039,6.112821578979492,2.605077028274536,8.362527847290039
16,0,-0.2467126101255417,0.7187536358833313,0.5616090893745422,0.9121467471122742,0.7813652157783508,0.6209129095077515,0.022461051121354103,50.00737380981445,1.7517368793487549,5.327481269836426,6.148870468139648,2.611194133758545,8.405947208404541
17,0,-0.2616562843322754,0.7236996293067932,0.5570862889289856,0.9132832288742065,0.7697755694389343,0.6279220581054688,0.022615613415837288,49.2656364440918,1.751595377922058,5.333174705505371,6.185673713684082,2.6174521446228027,8.44937515258789
18,0,-0.2726764678955078,0.7286738753318787,0.554767906665802,0.915823757648468,0.7613390684127808,0.6330567002296448,0.022771058604121208,48.72570037841797,1.7514269351959229,5.343896865844727,6.2236409187316895,2.623847007751465,8.492838621139526
19,0,-0.2841651439666748,0.7336766123771667,0.5521960854530334,0.9182602167129517,0.7526423335075378,0.638377845287323,0.02292739413678646,48.16910934448242,1.7512303590774536,5.351741790771484,6.260731220245361,2.630376100540161,8.536221027374268
20,0,-0.29764989018440247,0.7387081980705261,0.5485361218452454,0.9200987219810486,0.7425612807273865,0.6445802450180054,0.02308463118970394,47.523921966552734,1.7510058879852295,5.357141971588135,6.297015190124512,2.637033700942993,8.579652547836304
21,0,-0.31109485030174255,0.7437682747840881,0.544917643070221,0.9220230579376221,0.7326443791389465,0.6507163643836975,0.023242758587002754,46.88924026489258,1.7507543563842773,5.365601539611816,6.332597255706787,2.6438138484954834,12.178038835525513
22,0,-0.3233620524406433,0.7488548159599304,0.5419550538063049,0.9243910908699036,0.7237117886543274,0.6562718749046326,0.023401712998747826,46.31755447387695,1.7504754066467285,5.373256206512451,6.367521286010742,2.650709390640259,12.221473455429077
23,0,-0.335411936044693,0.7539657950401306,0.5391183495521545,0.9268835186958313,0.7150434851646423,0.6616875529289246,0.02356143109500408,45.76278305053711,1.7501685619354248,5.3805012702941895,6.4035444259643555,2.657715320587158,12.26488995552063
24,0,-0.34770825505256653,0.7591010332107544,0.5361567735671997,0.9293537735939026,0.7063049077987671,0.6671708226203918,0.023721907287836075,45.203514099121094,1.7498338222503662,5.387637138366699,6.440674304962158,2.6648271083831787,12.308319330215454
25,0,-0.35969191789627075,0.7642593383789062,0.5333699584007263,0.9319742321968079,0.6978912949562073,0.6724711656570435,0.02388310432434082,44.665042877197266,1.749470829963684,5.394622802734375,6.476947784423828,2.6720376014709473,12.35174560546875
26,0,-0.37133273482322693,0.7694382071495056,0.5307695269584656,0.9347466826438904,0.6898143887519836,0.6775785684585571,0.02404494397342205,44.14812088012695,1.7490798234939575,5.401500701904297,6.512548923492432,2.6793367862701416,12.395166873931885
27,0,-0.38330361247062683,0.7746331095695496,0.5279945135116577,0.937461793422699,0.6816059350967407,0.6827865839004517,0.024207284674048424,43.622779846191406,1.7486602067947388,5.408590316772461,6.5472869873046875,2.686711072921753,12.438579797744751
28,0,-0.39566269516944885,0.7798402309417725,0.5250147581100464,0.940101683139801,0.6732337474822998,0.6881159543991089,0.02437000721693039,43.08695983886719,1.7482117414474487,5.416048049926758,6.58100700378418,2.6941490173339844,12.482022285461426
29,0,-0.40764737129211426,0.7850571274757385,0.5222305059432983,0.9428887963294983,0.665213406085968,0.693236768245697,0.02453303523361683,42.57365798950195,1.7477340698242188,5.4236249923706055,6.615606784820557,2.701643228530884,12.525448083877563
30,0,-0.4191349744796753,0.7902815937995911,0.519701361656189,0.94585120677948,0.6576154232025146,0.698100745677948,0.02469629980623722,42.08738708496094,1.747226357460022,5.431194305419922,6.6512956619262695,2.7091856002807617,12.568892240524292
31,0,-0.43086740374565125,0.79551100730896,0.5170384645462036,0.948771059513092,0.649945080280304,0.7030230164527893,0.024859718978405,41.59648513793945,1.7466886043548584,5.438891887664795,6.6861958503723145,2.7167675495147705,16.11045265197754
32,0,-0.4430736303329468,0.800741970539093,0.51412433385849,0.9515838027000427,0.6420599222183228,0.7080943584442139,0.025023186579346657,41.091835021972656,1.7461210489273071,5.4465742111206055,6.720274448394775,2.724379777908325,16.153898000717163
33,0,-0.45523589849472046,0.8059709072113037,0.5112259984016418,0.9544323682785034,0.6342983245849609,0.7130967378616333,0.02518659085035324,40.5950927734375,1.7455233335494995,5.453948020935059,6.7534708976745605,2.7320122718811035,16.197309017181396
34,0,-0.46711957454681396,0.8111940026283264,0.5084605813026428,0.9573754668235779,0.6268051266670227,0.7179345488548279,0.0253498125821352,40.11552810668945,1.7448949813842773,5.461060047149658,6.785696983337402,2.739656686782837,16.24074959754944
35,0,-0.4790276288986206,0.8164076805114746,0.505670964717865,0.9603252410888672,0.6193853616714478,0.7227323055267334,0.02551274001598358,39.640663146972656,1.7442361116409302,5.467990875244141,6.816882133483887,2.7473039627075195,16.284151315689087
36,0,-0.49120068550109863,0.8216076493263245,0.5027345418930054,0.9632139801979065,0.6118912696838379,0.7275844216346741,0.02567523904144764,39.161041259765625,1.7435461282730103,5.474674224853516,6.846996784210205,2.7549450397491455,16.327563285827637
37,0,-0.5035452246665955,0.8267896175384521,0.49969854950904846,0.9660640358924866,0.604384183883667,0.7324503660202026,0.02583717554807663,38.68058776855469,1.7428250312805176,5.481407642364502,6.878118515014648,2.762571096420288,16.3709876537323
38,0,-0.5158685445785522,0.831949770450592,0.49665895104408264,0.9689223170280457,0.5969818830490112,0.7372525334358215,0.025998430326581,38.20684051513672,1.7420719861984253,5.488492488861084,6.909560203552246,2.770174264907837,16.4144389629364
39,0,-0.5281953811645508,0.8370854258537292,0.4936026334762573,0.9717795252799988,0.5896681547164917,0.7420003414154053,0.02615891955792904,37.73876190185547,1.7412878274917603,5.495612144470215,6.940000057220459,2.7777464389801025,16.457890510559082
40,0,-0.5406509637832642,0.8421931862831116,0.49046722054481506,0.9746012091636658,0.5823690295219421,0.7467402219772339,0.026318537071347237,37.2716178894043,1.7404718399047852,5.502610683441162,6.969426155090332,2.785282611846924,16.5013427734375
41,0,-0.553313136100769,0.8472692966461182,0.48721498250961304,0.9773656725883484,0.5750414729118347,0.7514996528625488,0.026477165520191193,36.80265426635742,1.7396236658096313,5.509646892547607,6.997799873352051,2.792776584625244,20.09498953819275
42,0,-0.5661226511001587,0.852310299873352,0.48387566208839417,0.9800859689712524,0.5677224397659302,0.7562530636787415,0.02663469687104225,36.33423614501953,1.7387436628341675,5.516395568847656,7.025088310241699,2.8002219200134277,20.138413190841675
43,0,-0.5789490938186646,0.8573116660118103,0.4805121123790741,0.9827894568443298,0.5604870915412903,0.7609506249427795,0.026790989562869072,35.87117385864258,1.7378309965133667,5.522673606872559,7.051271438598633,2.8076119422912598,20.181824445724487
44,0,-0.5919259786605835,0.8622691631317139,0.47705963253974915,0.9854410290718079,0.5532606840133667,0.7656396627426147,0.02694591134786606,35.40868377685547,1.736885666847229,5.528847694396973,7.07631778717041,2.8149404525756836,20.22529435157776
45,0,-0.605136513710022,0.8671796321868896,0.4734799861907959,0.9880201816558838,0.5459998846054077,0.7703471779823303,0.0270993635058403,34.943992614746094,1.735907793045044,5.535065174102783,7.10021448135376,2.822202682495117,20.268702268600464
46,0,-0.6184731125831604,0.872039794921875,0.469825804233551,0.99055016040802,0.5387664437294006,0.7750320434570312,0.027251243591308594,34.48105239868164,1.7348968982696533,5.541411399841309,7.122960567474365,2.829396963119507,20.312130212783813
47,0,-0.6319677829742432,0.8768469095230103,0.46608343720436096,0.9930227994918823,0.5315448045730591,0.7797028422355652,0.02740146592259407,34.01886749267578,1.7338531017303467,5.547723770141602,7.14657735824585,2.836521625518799,20.35554051399231
48,0,-0.6456636786460876,0.8815977573394775,0.4622344672679901,0.9954271912574768,0.5243144631385803,0.7843717336654663,0.027549929916858673,33.55612564086914,1.7327760457992554,5.553720474243164,7.170002460479736,2.8435750007629395,20.398951292037964
49,0,-0.6595370173454285,0.8862890005111694,0.45829179883003235,0.9977673292160034,0.5170906782150269,0.7890275716781616,0.027696531265974045,33.09380340576172,1.7316653728485107,5.559608459472656,7.1922125816345215,2.850555181503296,20.442394495010376
50,0,-0.6736292839050293,0.8909177184104919,0.4542386829853058,1.0000334978103638,0.509854793548584,0.7936812043190002,0.027841178700327873,32.630706787109375,1.7305212020874023,5.565278053283691,7.213143348693848,2.8574612140655518,20.485805988311768
51,0,-0.6879695057868958,0.8954812288284302,0.45006486773490906,1.0022200345993042,0.5025955438613892,0.7983380556106567,0.027983788400888443,32.166114807128906,1.7293434143066406,5.570803642272949,7.232819080352783,2.8642914295196533,24.11629867553711
52,0,-0.7025054693222046,0.8999764323234558,0.4457967281341553,1.0043368339538574,0.4953426718711853,0.8029776811599731,0.028124263510107994,31.70193099975586,1.7281312942504883,5.576201438903809,7.251448154449463,2.8710453510284424,24.15980315208435
53,0,-0.7172832489013672,0.904401421546936,0.44141703844070435,1.0063750743865967,0.48807644844055176,0.807611882686615,0.02826254442334175,31.236892700195312,1.7268849611282349,5.581638813018799,7.268858909606934,2.877723455429077,24.20320439338684
54,0,-0.73237144947052,0.9087533950805664,0.4368991255760193,1.0083222389221191,0.48076751828193665,0.8122568726539612,0.0283985435962677,30.769121170043945,1.7256041765213013,5.586928367614746,7.284970283508301,2.8843271732330322,24.246661901474
55,0,-0.7477072477340698,0.9130309224128723,0.4322752356529236,1.010191798210144,0.47345080971717834,0.8168894648551941,0.02853221632540226,30.300851821899414,1.7242891788482666,5.591790676116943,7.299741268157959,2.8908579349517822,24.29007911682129
56,0,-0.7633191347122192,0.9172315001487732,0.4275369644165039,1.0119789838790894,0.4661167562007904,0.8215138912200928,0.028663484379649162,29.831472396850586,1.722939133644104,5.596286296844482,7.313167095184326,2.89731764793396,24.33349633216858
57,0,-0.7792671918869019,0.9213539361953735,0.4226638078689575,1.0136754512786865,0.45874205231666565,0.8261427879333496,0.028792310506105423,29.3594913482666,1.721554160118103,5.601069927215576,7.325260162353516,2.9037089347839355,24.37692403793335
58,0,-0.7954461574554443,0.9253962635993958,0.4177051782608032,1.0153008699417114,0.45137980580329895,0.8307415843009949,0.028918633237481117,28.888307571411133,1.720133662223816,5.604942321777344,7.336025238037109,2.9100358486175537,24.42035984992981
59,0,-0.8114339113235474,0.9293569326400757,0.41283953189849854,1.0169271230697632,0.444220632314682,0.8351902365684509,0.029042404145002365,28.43012046813965,1.7186776399612427,5.610408782958984,7.345433235168457,2.916301965713501,24.4637713432312
60,0,-0.8245059251785278,0.9332317113876343,0.40917688608169556,1.0189931392669678,0.4384515583515167,0.8387575745582581,0.02916349098086357,28.06089973449707,1.717186450958252,5.613502025604248,7.353371620178223,2.9225080013275146,24.507211208343506
61,0,-0.8226181268692017,0.9370140433311462,0.4116115868091583,1.023435115814209,0.43928006291389465,0.8382461667060852,0.02928168885409832,28.113924026489258,1.7156660556793213,5.6257452964782715,7.360023498535156,2.9286537170410156,28.164050579071045
62,0,-0.8109530806541443,0.9407008290290833,0.4180797040462494,1.0294215679168701,0.4444342851638794,0.83505779504776,0.02939690090715885,28.44379425048828,1.7141460180282593,5.630083084106445,7.365984916687012,2.934738874435425,28.20722985267639
63,0,-0.8556061387062073,0.9443340301513672,0.4013660252094269,1.026090383529663,0.42502549290657043,0.8469935059547424,0.029510438442230225,27.201631546020508,1.7126636505126953,5.629727363586426,7.370305061340332,2.9407927989959717,28.250396251678467
64,0,-0.87895268201828,0.9478991031646729,0.39358434081077576,1.0263631343841553,0.4152175486087799,0.8529472351074219,0.029621846973896027,26.573923110961914,1.7111841440200806,5.62631368637085,7.373204231262207,2.9467995166778564,28.293850421905518
65,0,-0.8706602454185486,0.9513848423957825,0.39832109212875366,1.0314033031463623,0.418675035238266,0.8508546948432922,0.029730776324868202,26.795202255249023,1.7096986770629883,5.627908706665039,7.374408721923828,2.952747106552124,28.337273359298706
66,0,-0.9155391454696655,0.9548282623291016,0.38221845030784607,1.0284881591796875,0.4003007411956787,0.8618901968002319,0.029838383197784424,25.619247436523438,1.7082375288009644,5.629549980163574,7.374651908874512,2.958662271499634,28.380549907684326
67,0,-0.9231685400009155,0.9582065939903259,0.38065552711486816,1.0310472249984741,0.39725831151008606,0.8636965751647949,0.029943956062197685,25.424531936645508,1.7067713737487793,5.637053966522217,7.3738837242126465,2.9645228385925293,28.42397451400757
68,0,-0.9346746802330017,0.9615283608436584,0.37760525941848755,1.0330162048339844,0.39271360635757446,0.8663830161094666,0.030047761276364326,25.133670806884766,1.7053099870681763,5.635494709014893,7.37193489074707,2.9703402519226074,28.467413187026978
69,0,-0.9665755033493042,0.964801013469696,0.36699432134628296,1.0322431325912476,0.3803834319114685,0.8735976815223694,0.030150031670928,24.344539642333984,1.7038620710372925,5.631591320037842,7.369046211242676,2.9761099815368652,28.51082944869995
70,0,-0.9712622761726379,0.9680180549621582,0.36649632453918457,1.0350741147994995,0.37860482931137085,0.8746292591094971,0.030250564217567444,24.230709075927734,1.7024143934249878,5.63703727722168,7.365241527557373,2.9818263053894043,28.554271936416626
71,0,-0.9965149760246277,0.9711902141571045,0.3585282266139984,1.035254955291748,0.36916375160217285,0.8800634145736694,0.030349694192409515,23.626480102539062,1.700978398323059,5.633955478668213,7.360500335693359,2.987501859664917,32.21918249130249
72,0,-1.012041449546814,0.9743127822875977,0.3541395366191864,1.0366774797439575,0.3634762167930603,0.8833025097846985,0.030447274446487427,23.26247787475586,1.6995502710342407,5.633512496948242,7.354892730712891,2.993126630783081,32.26260423660278
73,0,-1.0278193950653076,0.9773967862129211,0.3496991991996765,1.0380722284317017,0.3577863276004791,0.8865162134170532,0.030543649569153786,22.898324966430664,1.698134183883667,5.640255928039551,7.3485589027404785,2.998709201812744,32.30601263046265
74,0,-1.04560387134552,0.9804419875144958,0.3446052670478821,1.039239764213562,0.35147950053215027,0.8900457620620728,0.030638812109827995,22.494688034057617,1.6967319250106812,5.630981922149658,7.341379642486572,3.004253387451172,32.34948253631592
75,0,-1.0620145797729492,0.9834526181221008,0.34003716707229614,1.040578842163086,0.3457585573196411,0.8932168483734131,0.03073289431631565,22.12854766845703,1.6953413486480713,5.637577056884766,7.3333821296691895,3.009760856628418,32.392892599105835
76,0,-1.0760047435760498,0.9864311814308167,0.3363286554813385,1.0421916246414185,0.3409550189971924,0.8958564400672913,0.03082597441971302,21.821121215820312,1.693963646888733,5.639515399932861,7.3245344161987305,3.0152342319488525,32.436293601989746
77,0,-1.0981496572494507,0.9893864989280701,0.3299480974674225,1.0429531335830688,0.3334875702857971,0.8999168276786804,0.03091832809150219,21.343204498291016,1.6926032304763794,5.632528781890869,7.315065860748291,3.0206828117370605,32.47971439361572
78,0,-1.123626470565796,0.9923139810562134,0.32259997725486755,1.0434356927871704,0.3250986933708191,0.9044131636619568,0.031009811908006668,20.806316375732422,1.691256046295166,5.635925769805908,7.304928302764893,3.0261011123657227,32.52315640449524
79,0,-1.1318776607513428,0.9952099323272705,0.3208828568458557,1.0456618070602417,0.32242730259895325,0.905830442905426,0.031100310385227203,20.635347366333008,1.6899226903915405,5.633976936340332,7.294157028198242,3.0314860343933105,32.56659388542175
80,0,-1.1544057130813599,0.9980881214141846,0.3146421015262604,1.0465083122253418,0.3152448236942291,0.9096040725708008,0.031190253794193268,20.175668716430664,1.6886085271835327,5.638998508453369,7.282807350158691,3.036853313446045,32.610020875930786
81,0,-1.1685426235198975,1.0009433031082153,0.31111279129981995,1.048178791999817,0.3108195960521698,0.9119020104408264,0.03127947822213173,19.892454147338867,1.6873114109039307,5.636875629425049,7.270976543426514,3.0421857833862305,36.2928524017334
82,0,-1.1881545782089233,1.0037821531295776,0.30593591928482056,1.0493690967559814,0.3047831952571869,0.915002703666687,0.0313681922852993,19.50612449645996,1.6860361099243164,5.636422634124756,7.258476734161377,3.0474910736083984,36.3362603187561
83,0,-1.2088218927383423,1.0066108703613281,0.30052244663238525,1.0505138635635376,0.29854878783226013,0.9181627631187439,0.031456589698791504,19.10712242126465,1.6847825050354004,5.639132976531982,7.245664119720459,3.052772283554077,36.379676818847656
84,0,-1.2133350372314453,1.0094292163848877,0.30000683665275574,1.0530675649642944,0.2972044348716736,0.9188386797904968,0.03154466301202774,19.02108383178711,1.6835544109344482,5.628432750701904,7.232232093811035,3.058025598526001,36.42312693595886
85,0,-1.2435599565505981,1.0122525691986084,0.291888952255249,1.0534963607788086,0.28835585713386536,0.9232337474822998,0.03163289278745651,18.454774856567383,1.6823571920394897,5.6388630867004395,7.21849250793457,3.063269853591919,36.46652555465698
86,0,-1.2608075141906738,1.0150704383850098,0.28769639134407043,1.0550532341003418,0.28342506289482117,0.9256431460380554,0.031720951199531555,18.139204025268555,1.6811827421188354,5.621753215789795,7.204132080078125,3.0684967041015625,36.509992837905884
87,0,-1.272678017616272,1.0178866386413574,0.28509026765823364,1.0570570230484009,0.28008055686950684,0.9272610545158386,0.03180895745754242,17.925155639648438,1.6800342798233032,5.631959915161133,7.189364433288574,3.0737106800079346,36.55340814590454
88,0,-1.2939000129699707,1.020706295967102,0.2798769474029541,1.0583819150924683,0.27419930696487427,0.9300724864006042,0.03189707174897194,17.548755645751953,1.6789113283157349,5.620083332061768,7.175286293029785,3.078923225402832,36.59682369232178
89,0,-1.3092710971832275,1.0235271453857422,0.27636951208114624,1.060183048248291,0.27001678943634033,0.9320452213287354,0.03198522329330444,17.28107452392578,1.6778125762939453,5.626978397369385,7.160854339599609,3.084123134613037,36.64022946357727
90,0,-1.3325271606445312,1.026349425315857,0.27076098322868347,1.061463475227356,0.2638097405433655,0.9349327683448792,0.03207341954112053,16.88382339477539,1.6767407655715942,5.6190690994262695,7.146069049835205,3.0893044471740723,36.683685302734375
91,0,-1.3485791683197021,1.0291677713394165,0.26718106865882874,1.0632836818695068,0.2596088647842407,0.9368586540222168,0.032161492854356766,16.614967346191406,1.6756935119628906,5.6260294914245605,7.131007671356201,3.094449043273926,40.386555433273315
92,0,-1.372435450553894,1.0319817066192627,0.26159584522247314,1.0646213293075562,0.25348883867263794,0.9396230578422546,0.03224942833185196,16.223285675048828,1.6746740341186523,5.613128662109375,7.115804195404053,3.0995595455169678,40.429988384246826
93,0,-1.391010046005249,1.034784197807312,0.2574790120124817,1.0663366317749023,0.2488238662481308,0.9416965246200562,0.0323370061814785,15.924727439880371,1.6736798286437988,5.615640640258789,7.100379943847656,3.104623556137085,40.47338891029358
94,0,-1.3984102010726929,1.0375815629959106,0.2562715709209442,1.0687612295150757,0.24698932468891144,0.942503809928894,0.03242442384362221,15.807316780090332,1.67271089553833,5.60908317565918,7.0848708152771,3.1096436977386475,40.51680374145508
95,0,-1.427818775177002,1.0403809547424316,0.249516099691391,1.0698835849761963,0.23983147740364075,0.9456093311309814,0.03251190483570099,15.349214553833008,1.671769380569458,5.611883640289307,7.0693678855896,3.114638090133667,40.56023168563843
96,0,-1.4456226825714111,1.0431828498840332,0.24577318131923676,1.0717438459396362,0.2355993241071701,0.9474120140075684,0.03259946405887604,15.078356742858887,1.6708500385284424,5.604184627532959,7.05364465713501,3.119605302810669,40.603663206100464
97,0,-1.4557089805603027,1.04597806930542,0.24395865201950073,1.0740512609481812,0.2332349568605423,0.948407769203186,0.03268681466579437,14.927037239074707,1.669952154159546,5.6122307777404785,7.037858486175537,3.1245296001434326,40.647085428237915
98,0,-1.473444938659668,1.0487737655639648,0.24031053483486176,1.0759532451629639,0.22913476824760437,0.9501163959503174,0.0327741801738739,14.66462516784668,1.6690794229507446,5.600752830505371,7.022056579589844,3.1294124126434326,40.69050979614258
99,0,-1.4903007745742798,1.051568627357483,0.23692354559898376,1.0779283046722412,0.22530488669872284,0.9516898989677429,0.03286151960492134,14.419512748718262,1.6682302951812744,5.609582424163818,7.006197452545166,3.1342525482177734,40.733933210372925
100,0,-1.5124820470809937,1.0543655157089233,0.23234246671199799,1.0796618461608887,0.2203623503446579,0.9536892175674438,0.032948922365903854,14.103190422058105,1.6674044132232666,5.5978593826293945,6.990227699279785,3.1390626430511475,40.77734875679016
101,0,-1.5230882167816162,1.0571646690368652,0.23050153255462646,1.0820019245147705,0.21803748607635498,0.9546170234680176,0.03303639590740204,13.954399108886719,1.6666032075881958,5.602579116821289,6.9740471839904785,3.143839120864868,44.48105978965759
102,0,-1.545966625213623,1.059966802597046,0.2258850336074829,1.083768367767334,0.21310576796531677,0.9565586447715759,0.033123962581157684,13.638769149780273,1.6658257246017456,5.593979835510254,6.957997798919678,3.148577928543091,44.52451157569885
103,0,-1.5652129650115967,1.0627714395523071,0.22216545045375824,1.0857442617416382,0.209043487906456,0.958130419254303,0.0332116074860096,13.378783226013184,1.6650700569152832,5.590059280395508,6.941786766052246,3.1532812118530273,44.56793236732483
104,0,-1.5758330821990967,1.065574049949646,0.2203981876373291,1.0881284475326538,0.20683516561985016,0.958974301815033,0.03329918906092644,13.23745059967041,1.6643375158309937,5.592480659484863,6.925585746765137,3.157942533493042,44.61137914657593
105,0,-1.6044893264770508,1.0683761835098267,0.2147352397441864,1.0897425413131714,0.2009921669960022,0.9611707925796509,0.03338675573468208,12.86349868774414,1.6636282205581665,5.586920738220215,6.909567356109619,3.162564754486084,44.6547966003418
106,0,-1.6206074953079224,1.0711690187454224,0.2118542343378067,1.0919182300567627,0.19777852296829224,0.9623560905456543,0.03347403183579445,12.657825469970703,1.6629397869110107,5.585208415985107,6.893509387969971,3.1671273708343506,44.69826340675354
107,0,-1.626031756401062,1.0739496946334839,0.21125516295433044,1.0945303440093994,0.19670861959457397,0.9627472758293152,0.03356092795729637,12.589351654052734,1.662273645401001,5.587446212768555,6.877673149108887,3.171624183654785,44.74168109893799
108,0,-1.6490660905838013,1.0767186880111694,0.20697693526744843,1.096431851387024,0.19222934544086456,0.9643644094467163,0.033647459000349045,12.302678108215332,1.661630630493164,5.5833635330200195,6.862127780914307,3.176053047180176,44.78512096405029
109,0,-1.6698577404022217,1.079472303390503,0.2032364159822464,1.098437786102295,0.1882738620042801,0.9657663106918335,0.03373350948095322,12.049527168273926,1.6610100269317627,5.589776039123535,6.846735954284668,3.180415153503418,44.828540325164795
110,0,-1.6777459383010864,1.0822019577026367,0.2021494209766388,1.1009202003479004,0.18679454922676086,0.9662843346595764,0.0338188111782074,11.954851150512695,1.6604095697402954,5.5748209953308105,6.831398010253906,3.1846988201141357,44.87197971343994
111,0,-1.7018935680389404,1.0849134922027588,0.19782087206840515,1.1028010845184326,0.1823379248380661,0.967822790145874,0.03390354663133621,11.66962718963623,1.6598303318023682,5.584659099578857,6.8163580894470215,3.1889100074768066,48.60550141334534
112,0,-1.717212200164795,1.0876128673553467,0.19529832899570465,1.1050082445144653,0.17956604063510895,0.9687631726264954,0.033987902104854584,11.492226600646973,1.6592711210250854,5.567551136016846,6.801270484924316,3.1930670738220215,48.6489474773407
113,0,-1.7313361167907715,1.090301752090454,0.19303540885448456,1.1072580814361572,0.17704768478870392,0.969606876373291,0.03407192975282669,11.33105182647705,1.6587316989898682,5.568546772003174,6.786273002624512,3.1971662044525146,48.692402601242065
114,0,-1.7499210834503174,1.092974305152893,0.18994545936584473,1.1093565225601196,0.1737876683473587,0.9706834554672241,0.03415544703602791,11.122410774230957,1.658210277557373,5.5695414543151855,6.771352291107178,3.2011938095092773,48.73584175109863
115,0,-1.7631574869155884,1.0956226587295532,0.18790200352668762,1.1116187572479248,0.171502485871315,0.9714272022247314,0.03423820808529854,10.97615909576416,1.6577057838439941,5.564371585845947,6.756522178649902,3.2051403522491455,48.77927255630493
116,0,-1.7846744060516357,1.098238229751587,0.184341162443161,1.113601803779602,0.16785170137882233,0.9725977182388306,0.03431994467973709,10.742508888244629,1.6572175025939941,5.557832717895508,6.741926670074463,3.2089827060699463,48.822712898254395
117,0,-1.8040130138397217,1.1008204221725464,0.1812356412410736,1.1156396865844727,0.16463688015937805,0.9736100435256958,0.034400638192892075,10.536760330200195,1.6567450761795044,5.567677974700928,6.7274065017700195,3.2127225399017334,48.86613392829895
118,0,-1.8046307563781738,1.1033707857131958,0.18154335021972656,1.1182061433792114,0.16453520953655243,0.9736418724060059,0.03448033705353737,10.530253410339355,1.656287431716919,5.551321029663086,6.713115215301514,3.21637225151062,48.90958499908447
119,0,-1.8264118432998657,1.1058992147445679,0.17803892493247986,1.1201388835906982,0.16099019348621368,0.974736750125885,0.034559350460767746,10.303372383117676,1.6558459997177124,5.563480377197266,6.698981285095215,3.2199490070343018,48.953025341033936
120,0,-1.847943902015686,1.1084049940109253,0.1746411770582199,1.1220790147781372,0.157560795545578,0.9757758378982544,0.034637656062841415,10.083890914916992,1.6554193496704102,5.547842025756836,6.685093402862549,3.2234597206115723,48.996453285217285
121,0,-1.868430495262146,1.1108860969543457,0.17148277163505554,1.1240437030792236,0.15436574816703796,0.9767258167266846,0.0347151905298233,9.87940788269043,1.6550073623657227,5.555065155029297,6.671191215515137,3.2269012928009033,52.74361181259155
122,0,-1.8709101676940918,1.1133382320404053,0.1714356541633606,1.126460075378418,0.1539834439754486,0.9768381714820862,0.034791819751262665,9.854940414428711,1.6546088457107544,5.547109127044678,6.6574177742004395,3.230257511138916,52.78705668449402
123,0,-1.8973734378814697,1.1157701015472412,0.16732309758663177,1.1282464265823364,0.14996197819709778,0.9780059456825256,0.03486781567335129,9.597566604614258,1.6542248725891113,5.547489643096924,6.643838405609131,3.233548164367676,52.83046007156372
124,0,-1.901896357536316,1.1181800365447998,0.16692779958248138,1.1305712461471558,0.14928525686264038,0.9781998991966248,0.034943126142024994,9.554256439208984,1.6538543701171875,5.545093536376953,6.630285263061523,3.236773729324341,52.87389421463013
125,0,-1.9198806285858154,1.120570421218872,0.1643030345439911,1.1325517892837524,0.14662446081638336,0.9789537191390991,0.03501782566308975,9.383965492248535,1.6534992456436157,5.537971496582031,6.617012977600098,3.239941358566284,52.917301416397095
126,0,-1.9231220483779907,1.122934341430664,0.16411681473255157,1.1348637342453003,0.14614996314048767,0.9790870547294617,0.03509169816970825,9.353597640991211,1.6531574726104736,5.538354873657227,6.6039814949035645,3.243037700653076,52.96076703071594
127,0,-1.9709649085998535,1.1252778768539429,0.15677636861801147,1.1361466646194458,0.13932235538959503,0.9809587001800537,0.035164933651685715,8.916630744934082,1.6528304815292358,5.534398078918457,6.591115951538086,3.2460808753967285,53.004181146621704
128,0,-1.9346176385879517,1.1275845766067505,0.16291286051273346,1.1392924785614014,0.14447949826717377,0.9795526266098022,0.03523701801896095,9.246687889099121,1.6525124311447144,5.5344743728637695,6.578513145446777,3.2490363121032715,53.047619342803955
129,0,-2.012352466583252,1.1298726797103882,0.1510344296693802,1.1399227380752563,0.13367384672164917,0.9824448823928833,0.03530852124094963,8.555126190185547,1.6522092819213867,5.534335613250732,6.566184997558594,3.2519428730010986,53.090749740600586
130,0,-1.9251573085784912,1.132118821144104,0.16512271761894226,1.1440972089767456,0.14585281908512115,0.9791701436042786,0.03537871316075325,9.334580421447754,1.651912808418274,5.532814979553223,6.553874969482422,3.2547481060028076,53.13420224189758
131,0,-2.11413311958313,1.1343564987182617,0.13695983588695526,1.142594814300537,0.12073791027069092,0.9856315851211548,0.03544864058494568,7.727226257324219,1.6516340970993042,5.5337677001953125,6.541937828063965,3.2575323581695557,56.868632793426514
132,0,-1.845970630645752,1.1365326642990112,0.17942669987678528,1.150608777999878,0.1578720062971115,0.9756823778152466,0.0355166457593441,10.103808403015137,1.6513550281524658,5.530635356903076,6.529789924621582,3.2601776123046875,56.91208600997925
133,0,-2.1959455013275146,1.1387308835983276,0.12668758630752563,1.1457563638687134,0.11125331372022629,0.987774133682251,0.03558534011244774,7.120212078094482,1.6511017084121704,5.521326065063477,6.518258094787598,3.262878656387329,56.95520877838135
134,0,-1.6745604276657104,1.1408483982086182,0.21378418803215027,1.1607061624526978,0.18739053606987,0.9660759568214417,0.03565151244401932,11.99299430847168,1.6508426666259766,5.524385452270508,6.506497383117676,3.2654242515563965,56.998640298843384
135,0,-1.7361422777175903,1.1430352926254272,0.2014014720916748,1.1606431007385254,0.1761988252401352,0.9698886871337891,0.0357198528945446,11.276724815368652,1.6506186723709106,5.520665168762207,6.49555778503418,3.2681326866149902,57.041730642318726
136,0,-2.083697557449341,1.1452685594558716,0.14255057275295258,1.1541060209274292,0.12446912378072739,0.9847437739372253,0.03578964248299599,7.966023921966553,1.6504312753677368,5.516618251800537,6.485361099243164,3.2709619998931885,57.08485984802246
137,0,-1.7748432159423828,1.1474504470825195,0.19450436532497406,1.1638188362121582,0.16951003670692444,0.9720690250396729,0.035857826471328735,10.848642349243164,1.6502429246902466,5.512705326080322,6.4751105308532715,3.273695468902588,57.127981185913086
138,0,-1.9278151988983154,1.149678349494934,0.1672387272119522,1.161778450012207,0.1454656720161438,0.9792781472206116,0.03592744842171669,9.309803009033203,1.6500853300094604,5.51310920715332,6.465524196624756,3.2765324115753174,57.1711061000824
139,0,-1.9046413898468018,1.1519089937210083,0.17149163782596588,1.1646045446395874,0.14887602627277374,0.9783164858818054,0.03599715605378151,9.52806568145752,1.6499502658843994,5.516039848327637,6.456352233886719,3.2793846130371094,57.21421146392822
140,0,-1.9118170738220215,1.154133677482605,0.17059430480003357,1.1666735410690308,0.14781156182289124,0.9786188006401062,0.036066677421331406,9.459939956665039,1.6498241424560547,5.509138584136963,6.447376251220703,3.2822389602661133,57.25735402107239
141,0,-2.0689408779144287,1.156375765800476,0.14607281982898712,1.1655652523040771,0.1263195127248764,0.9842939376831055,0.03613674268126488,8.08444881439209,1.6497223377227783,5.510026931762695,6.438650608062744,3.285116195678711,61.01481747627258
142,0,-1.8746718168258667,1.158570647239685,0.17773088812828064,1.1721237897872925,0.1534053087234497,0.9770079255104065,0.03620533272624016,9.817939758300781,1.6496214866638184,5.509277820587158,6.429812908172607,3.287883996963501,61.058186769485474
143,0,-1.9807900190353394,1.1607811450958252,0.16014161705970764,1.1717756986618042,0.13796021044254303,0.9813223481178284,0.03627441078424454,8.829453468322754,1.6495369672775269,5.50390625,6.42130184173584,3.290679693222046,61.1013126373291
144,0,-1.9942989349365234,1.1629911661148071,0.15829360485076904,1.173714280128479,0.13610903918743134,0.9818114042282104,0.03634347394108772,8.710978507995605,1.649469017982483,5.5086350440979,6.412977695465088,3.293454885482788,61.14451241493225
145,0,-2.039703607559204,1.165167212486267,0.1515500843524933,1.1749818325042725,0.13006724417209625,0.9833637475967407,0.03641147539019585,8.32430362701416,1.6494022607803345,5.507040500640869,6.4051103591918945,3.2961623668670654,61.18783521652222
146,0,-2.0985898971557617,1.1673365831375122,0.14314958453178406,1.1760809421539307,0.12262922525405884,0.985184907913208,0.036479268223047256,7.848270416259766,1.649350643157959,5.500704765319824,6.3971710205078125,3.2988245487213135,61.231027126312256
147,0,-2.0552799701690674,1.1694626808166504,0.14975786209106445,1.179012417793274,0.12805698812007904,0.9838660359382629,0.036545708775520325,8.195647239685059,1.6492986679077148,5.505245685577393,6.389183044433594,3.3013789653778076,61.274147748947144
148,0,-2.194141387939453,1.171563744544983,0.13057570159435272,1.1788179874420166,0.11145420372486115,0.9877302050590515,0.036611367017030716,7.133069038391113,1.649253010749817,5.501716613769531,6.381229877471924,3.3038651943206787,61.31727647781372
149,0,-2.033494710922241,1.1736146211624146,0.1535995453596115,1.1836233139038086,0.1308773308992386,0.983159601688385,0.036675456911325455,8.37614917755127,1.6492091417312622,5.501282691955566,6.373045921325684,3.3062098026275635,61.36041069030762
150,0,-2.1850173473358154,1.1756515502929688,0.13223233819007874,1.1830646991729736,0.11247579008340836,0.987507164478302,0.03673911094665527,7.198450565338135,1.6491694450378418,5.497919082641602,6.365046501159668,3.308537483215332,61.40362572669983
151,0,-2.1121928691864014,1.1776658296585083,0.14246505498886108,1.1862516403198242,0.1209723949432373,0.985576868057251,0.036802057176828384,7.7422332763671875,1.6491402387619019,5.50090217590332,6.356863975524902,3.310781955718994,65.13657331466675
152,0,-2.1665749549865723,1.1796449422836304,0.13515116274356842,1.1873618364334106,0.11456935852766037,0.9870438575744629,0.03686390444636345,7.332438945770264,1.6491100788116455,5.496692180633545,6.348670482635498,3.3129687309265137,65.1797227859497
153,0,-2.32719349861145,1.181605339050293,0.11528827995061874,1.1872162818908691,0.09756918996572495,0.990570068359375,0.036925166845321655,6.2444281578063965,1.649088978767395,5.494990348815918,6.3405938148498535,3.3151047229766846,65.22284412384033
154,0,-1.9248743057250977,1.1834827661514282,0.172663152217865,1.1960117816925049,0.1458940953016281,0.979158341884613,0.03698383644223213,9.3372220993042,1.6490591764450073,5.490977764129639,6.3321990966796875,3.317056894302368,65.26630878448486
155,0,-1.976601243019104,1.1853879690170288,0.1642228215932846,1.1967095136642456,0.13853929936885834,0.9811684489250183,0.03704337403178215,8.866515159606934,1.649041771888733,5.49700927734375,6.324147701263428,3.3190977573394775,65.30943584442139
156,0,-2.1863455772399902,1.1873252391815186,0.13336807489395142,1.1947921514511108,0.1123264878988266,0.9875400066375732,0.037103913724422455,7.188895225524902,1.6490422487258911,5.495844841003418,6.316380977630615,3.3212130069732666,65.3525664806366
157,0,-2.1985840797424316,1.1892244815826416,0.1319565325975418,1.1965230703353882,0.11096015572547913,0.987837553024292,0.03716326504945755,7.101449966430664,1.649040699005127,5.483789443969727,6.30866003036499,3.323272228240967,65.39570498466492
158,0,-2.071937084197998,1.191088080406189,0.15000750124454498,1.200497031211853,0.12594157457351685,0.9843863248825073,0.037221502512693405,8.060260772705078,1.6490432024002075,5.504432201385498,6.3011603355407715,3.3252623081207275,65.4387788772583
159,0,-2.4297382831573486,1.1929545402526855,0.1050514355301857,1.1975709199905396,0.08805987983942032,0.9923052787780762,0.03727982938289642,5.6358323097229,1.6490534543991089,5.488240718841553,6.293794631958008,3.327260971069336,65.48188400268555
160,0,-1.7946206331253052,1.1947091817855835,0.1985493004322052,1.2110952138900757,0.1661904901266098,0.9731231927871704,0.037334661930799484,10.636191368103027,1.6490520238876343,5.489161014556885,6.286289691925049,3.329022169113159,65.52532315254211
161,0,-1.6183228492736816,1.196507453918457,0.23718474805355072,1.2197896242141724,0.19823089241981506,0.9621902108192444,0.03739085793495178,12.686777114868164,1.6490623950958252,5.486432075500488,6.279341220855713,3.330933094024658,69.24709057807922
162,0,-1.9649447202682495,1.1983838081359863,0.16796982288360596,1.2100980281829834,0.1401636302471161,0.9807329177856445,0.03744949400424957,8.97047233581543,1.6490931510925293,5.4831342697143555,6.2729644775390625,3.3330233097076416,69.29024577140808
163,0,-2.1178781986236572,1.2002829313278198,0.1443779468536377,1.2089351415634155,0.12028659135103226,0.9857374429702759,0.03750884160399437,7.6983418464660645,1.6491403579711914,5.4890360832214355,6.266811847686768,3.335176944732666,69.33331561088562
164,0,-2.0592901706695557,1.2021524906158447,0.15332791209220886,1.2118911743164062,0.12754447758197784,0.9839926958084106,0.03756726533174515,8.162846565246582,1.6491848230361938,5.494240760803223,6.260849475860596,3.337311029434204,69.37643051147461
165,0,-2.112536907196045,1.2040237188339233,0.14560355246067047,1.2127957344055176,0.12093079835176468,0.9855865240097046,0.037625741213560104,7.7395710945129395,1.649236798286438,5.482011795043945,6.255111217498779,3.3394620418548584,69.4195384979248
166,0,-2.208564519882202,1.205904245376587,0.1324785202741623,1.2131593227386475,0.10985824465751648,0.9880751371383667,0.03768450766801834,7.030927658081055,1.6493009328842163,5.48141622543335,6.2495222091674805,3.341601610183716,69.46268558502197
167,0,-2.2178516387939453,1.2077374458312988,0.13145337998867035,1.2148703336715698,0.10884267836809158,0.9882918000221252,0.03774179518222809,6.965931415557861,1.6493605375289917,5.491985321044922,6.243990421295166,3.3436496257781982,69.50578570365906
168,0,-2.184847116470337,1.2095363140106201,0.13606670498847961,1.2171657085418701,0.11249493062496185,0.987502932548523,0.03779800981283188,7.199675559997559,1.649421215057373,5.478389739990234,6.23842716217041,3.3456146717071533,69.54888367652893
169,0,-2.4275014400482178,1.2113220691680908,0.10690774768590927,1.216030478477478,0.0882570818066597,0.9922711253166199,0.03785381466150284,5.648453235626221,1.6494872570037842,5.488755226135254,6.23283052444458,3.347529649734497,69.59200501441956
170,0,-2.1092774868011475,1.2130101919174194,0.14716918766498566,1.22190523147583,0.12132559716701508,0.9854937195777893,0.03790656849741936,7.764838218688965,1.6495436429977417,5.473586559295654,6.227024555206299,3.3492178916931152,69.63511991500854
171,0,-2.1823580265045166,1.2146923542022705,0.13698728382587433,1.2223923206329346,0.1127752885222435,0.9874414205551147,0.03795913606882095,7.217618465423584,1.6496031284332275,5.485358715057373,6.221464157104492,3.3509137630462646,73.35815286636353
172,0,-2.336386203765869,1.216379165649414,0.1175951436161995,1.2220501899719238,0.09667638689279556,0.9907403588294983,0.03801184892654419,6.187288761138916,1.6496719121932983,5.487404823303223,6.215999126434326,3.3526086807250977,73.40133047103882
173,0,-2.1823344230651855,1.2180050611495972,0.13736410439014435,1.2257264852523804,0.112777940928936,0.9874407649040222,0.03806265816092491,7.217788219451904,1.6497355699539185,5.473979473114014,6.210494518280029,3.354194402694702,73.4444739818573
174,0,-2.2631428241729736,1.2196117639541626,0.12686772644519806,1.226192593574524,0.1040230393409729,0.9892950654029846,0.03811286762356758,6.657474517822266,1.6497999429702759,5.489265441894531,6.205166816711426,3.355766534805298,73.48760843276978
175,0,-2.3939428329467773,1.2212164402008057,0.11145934462547302,1.2262922525405884,0.0912691131234169,0.9917388558387756,0.03816301375627518,5.841223239898682,1.6498721837997437,5.47959566116333,6.199869632720947,3.3573129177093506,73.53073811531067
176,0,-2.054718255996704,1.2227405309677124,0.15666845440864563,1.2327364683151245,0.12812894582748413,0.9838482737541199,0.03821064159274101,8.200252532958984,1.6499371528625488,5.4803948402404785,6.194527626037598,3.3587186336517334,73.5738525390625
177,0,-2.115636110305786,1.2242777347564697,0.14759473502635956,1.233142375946045,0.12055657804012299,0.9856743216514587,0.03825867921113968,7.715620994567871,1.6500047445297241,5.480614185333252,6.18947172164917,3.360194683074951,73.61694574356079
178,0,-2.145902633666992,1.2258338928222656,0.14337649941444397,1.2341902256011963,0.11696241796016693,0.9865044355392456,0.0383073091506958,7.485594749450684,1.6500824689865112,5.47966194152832,6.184655666351318,3.361720085144043,73.6600866317749
179,0,-2.4213976860046387,1.2273966073989868,0.1089896559715271,1.2322261333465576,0.0887974202632904,0.9921766519546509,0.03835614398121834,5.683034896850586,1.6501638889312744,5.4800262451171875,6.179948806762695,3.3632843494415283,73.7031831741333
180,0,-1.8894152641296387,1.228878378868103,0.18575747311115265,1.2428386211395264,0.15116018056869507,0.9776611328125,0.03840244933962822,9.674251556396484,1.6502397060394287,5.477995872497559,6.175270080566406,3.3647074699401855,73.74631071090698
181,0,-1.7090648412704468,1.2303903102874756,0.22274371981620789,1.2503900527954102,0.18103501200675964,0.9682662487030029,0.03844969719648361,11.586240768432617,1.6503195762634277,5.480079174041748,6.170877456665039,3.3662467002868652,77.44087672233582
182,0,-2.0381851196289062,1.2319616079330444,0.16048137843608856,1.2423701286315918,0.13026492297649384,0.9833142757415771,0.03849880024790764,8.336955070495605,1.6504093408584595,5.4833879470825195,6.166838645935059,3.367928981781006,77.48404550552368
183,0,-2.1367554664611816,1.2335511445999146,0.1456049382686615,1.2421149015426636,0.11803720891475677,0.9862585067749023,0.03854847326874733,7.554381370544434,1.650508999824524,5.483968257904053,6.162981986999512,3.3696603775024414,77.52714967727661
184,0,-2.1758241653442383,1.235122561454773,0.14020439982414246,1.243054747581482,0.11351456493139267,0.9872782826423645,0.038597580045461655,7.264932155609131,1.6506072282791138,5.475105285644531,6.159195899963379,3.3713936805725098,77.57029128074646
185,0,-2.1740026473999023,1.236679196357727,0.14063702523708344,1.24465012550354,0.11372151225805283,0.9872326850891113,0.03864622488617897,7.278176784515381,1.6507067680358887,5.474393844604492,6.155500411987305,3.373115062713623,77.6133816242218
186,0,-2.243943214416504,1.2382251024246216,0.13130083680152893,1.2451671361923218,0.10603955388069153,0.9888808131217957,0.038694534450769424,6.786531448364258,1.6508088111877441,5.481282711029053,6.151889324188232,3.3748080730438232,77.65647506713867
187,0,-2.3038458824157715,1.2397514581680298,0.12381894141435623,1.2459192276000977,0.09987400472164154,0.9901237487792969,0.03874223306775093,6.391936302185059,1.6509138345718384,5.4823079109191895,6.148427486419678,3.3764312267303467,77.6995837688446
188,0,-2.345248222351074,1.2412306070327759,0.11893896013498306,1.2469161748886108,0.09582342207431793,0.9909014105796814,0.038788456469774246,6.132699012756348,1.6510154008865356,5.479119777679443,6.145002365112305,3.3779661655426025,77.74270153045654
189,0,-2.4107048511505127,1.2426680326461792,0.11153194308280945,1.247663140296936,0.08975200355052948,0.9920088648796082,0.0388333760201931,5.744128227233887,1.6511149406433105,5.476463794708252,6.141574859619141,3.3794045448303223,77.78581666946411
190,0,-2.333869218826294,1.2440470457077026,0.12057306617498398,1.2498764991760254,0.09692002087831497,0.9906937479972839,0.03887647017836571,6.202881336212158,1.6512130498886108,5.484081745147705,6.138147830963135,3.380694627761841,77.82896161079407
191,0,-2.5076558589935303,1.2453945875167847,0.10144855827093124,1.2495195865631104,0.08145897090435028,0.9934083223342896,0.03891858085989952,5.213374137878418,1.6513092517852783,5.47807502746582,6.134716987609863,3.381917953491211,81.54685163497925
192,0,-2.1564319133758545,1.2466574907302856,0.14428484439849854,1.2549792528152466,0.11573735624551773,0.9867820143699646,0.038958046585321426,7.407190799713135,1.651401162147522,5.487572193145752,6.131285190582275,3.3829641342163086,81.59032320976257
193,0,-2.247710704803467,1.2479321956634521,0.131832554936409,1.2548762559890747,0.10564079880714417,0.9889633059501648,0.03899788111448288,6.761011123657227,1.6514943838119507,5.477439880371094,6.127892971038818,3.384060859680176,81.63346290588379
194,0,-2.4259111881256104,1.2492085695266724,0.11042695492506027,1.254079818725586,0.08839753270149231,0.9922464489936829,0.03903776779770851,5.657442092895508,1.6515913009643555,5.477266311645508,6.124623775482178,3.385181427001953,81.67659401893616
195,0,-2.084933042526245,1.2504308223724365,0.15544787049293518,1.2600560188293457,0.12431544810533524,0.9847809672355652,0.03907596319913864,7.956188678741455,1.651685118675232,5.495218276977539,6.121372699737549,3.386211633682251,81.7196934223175
196,0,-2.258457899093628,1.2516778707504272,0.13081477582454681,1.2584952116012573,0.10451153665781021,0.9891952276229858,0.03911493346095085,6.6887383460998535,1.6517804861068726,5.486847877502441,6.1180524826049805,3.387331485748291,81.76279520988464
197,0,-2.1253182888031006,1.252921223640442,0.14959247410297394,1.261819839477539,0.11939495801925659,0.9859452843666077,0.03915378823876381,7.641277313232422,1.651879072189331,5.478203296661377,6.114987850189209,3.3884685039520264,81.80590176582336
198,0,-2.18601393699646,1.2541835308074951,0.14092475175857544,1.2620760202407837,0.11236374080181122,0.9875319600105286,0.03919323533773422,7.191279411315918,1.6519793272018433,5.4737629890441895,6.111687183380127,3.3896732330322266,81.84901452064514
199,0,-2.247903347015381,1.2554540634155273,0.13260161876678467,1.262437343597412,0.10562044382095337,0.9889674186706543,0.03923293948173523,6.759708404541016,1.6520826816558838,5.490933895111084,6.108535289764404,3.390915870666504,81.8921537399292
200,0,-2.2874813079833984,1.2567154169082642,0.1275840699672699,1.2631750106811523,0.10152184963226318,0.9897986054420471,0.039272356778383255,6.497398376464844,1.6521846055984497,5.480956077575684,6.105154037475586,3.3921642303466797,81.93524527549744
201,0,-2.419497013092041,1.257970929145813,0.11191708594560623,1.2629395723342896,0.08896635472774506,0.9921470880508423,0.039311591535806656,5.693846702575684,1.6522879600524902,5.479336738586426,6.101910591125488,3.3934059143066406,85.70882248878479
202,0,-2.118072986602783,1.2591853141784668,0.15143361687660217,1.2682585716247559,0.12026316672563553,0.9857429265975952,0.03934954106807709,7.696842670440674,1.6523901224136353,5.488373756408691,6.0986857414245605,3.3945648670196533,85.75201392173767
203,0,-2.144369602203369,1.2604198455810547,0.1476479321718216,1.2690383195877075,0.11714186519384384,0.9864634275436401,0.03938812017440796,7.497079372406006,1.6524933576583862,5.479618072509766,6.095289707183838,3.3957858085632324,85.7951021194458
204,0,-2.2862510681152344,1.261673927307129,0.12824513018131256,1.2681750059127808,0.10164681077003479,0.9897735714912415,0.03942731022834778,6.505395889282227,1.652600884437561,5.473604202270508,6.092004299163818,3.3970561027526855,85.83824133872986
205,0,-2.4642438888549805,1.2629200220108032,0.10744057595729828,1.2674819231033325,0.08507314324378967,0.9928146004676819,0.0394662506878376,5.444681167602539,1.6527085304260254,5.483871936798096,6.088613986968994,3.3983194828033447,85.8813750743866
206,0,-2.2477023601531982,1.2641202211380005,0.13354375958442688,1.271154522895813,0.10564166307449341,0.9889630079269409,0.039503756910562515,6.761066436767578,1.6528151035308838,5.487800121307373,6.08536958694458,3.399477243423462,85.92449378967285
207,0,-2.566667318344116,1.2653248310089111,0.09716561436653137,1.2690500020980835,0.07679104059934616,0.9941377639770508,0.03954140096902847,4.914626598358154,1.6529223918914795,5.476480484008789,6.082045555114746,3.4006450176239014,85.96760892868042
208,0,-2.0090115070343018,1.2664508819580078,0.1698579043149948,1.277790904045105,0.13412119448184967,0.9823293685913086,0.039576590061187744,8.583756446838379,1.653027057647705,5.480072498321533,6.07877779006958,3.4016265869140625,86.01104211807251
209,0,-1.8370198011398315,1.2676126956939697,0.20191985368728638,1.2835941314697266,0.15929144620895386,0.9752539396286011,0.039612896740436554,10.194652557373047,1.6531349420547485,5.481146335601807,6.0756425857543945,3.4027159214019775,86.054123878479
210,0,-2.2573273181915283,1.2688344717025757,0.13275782763957977,1.2757607698440552,0.104629747569561,0.9891712069511414,0.03965107724070549,6.696303844451904,1.6532490253448486,5.481122970581055,6.072710990905762,3.4039409160614014,86.09725856781006
211,0,-2.166069269180298,1.270052433013916,0.1455826759338379,1.2783690690994263,0.11462729424238205,0.9870309829711914,0.039689138531684875,7.336146831512451,1.6533679962158203,5.479218006134033,6.069938659667969,3.4051780700683594,89.85611653327942
212,0,-1.9974842071533203,1.2712745666503906,0.1724816858768463,1.2829220294952393,0.13567619025707245,0.9819247126579285,0.03972733020782471,8.683276176452637,1.653487205505371,5.479015350341797,6.067303657531738,3.4064459800720215,89.89926028251648
213,0,-2.3151814937591553,1.2725311517715454,0.125660240650177,1.2787203788757324,0.09874825924634933,0.9903430938720703,0.039766598492860794,6.319888591766357,1.6536102294921875,5.480356693267822,6.064839839935303,3.407790422439575,89.94237685203552
214,0,-2.258143424987793,1.2737679481506348,0.13316529989242554,1.2807098627090454,0.10454439371824265,0.9891886711120605,0.039805248379707336,6.690841197967529,1.6537361145019531,5.4815216064453125,6.062379360198975,3.4090945720672607,89.98550534248352
215,0,-2.188664197921753,1.274993658065796,0.14288386702537537,1.2829749584197998,0.11206633597612381,0.987596869468689,0.03984355181455612,7.172245502471924,1.653861403465271,5.48484992980957,6.060009479522705,3.410378932952881,90.02862071990967
216,0,-2.488189697265625,1.2762342691421509,0.1060042679309845,1.2806291580200195,0.08306019753217697,0.993148148059845,0.039882320910692215,5.315852642059326,1.653990626335144,5.4832282066345215,6.057769298553467,3.411686420440674,90.07175660133362
217,0,-2.261899948120117,1.27741539478302,0.13304591178894043,1.2843252420425415,0.10415242612361908,0.9892686605453491,0.039919231086969376,6.665755271911621,1.6541181802749634,5.476075649261475,6.055586338043213,3.4128592014312744,90.11487078666687
218,0,-2.2277472019195557,1.2785923480987549,0.137795090675354,1.2859960794448853,0.10777093470096588,0.9885187745094299,0.03995601087808609,6.897339820861816,1.6542460918426514,5.480617523193359,6.053422927856445,3.4140255451202393,90.15798664093018
219,0,-2.561300754547119,1.2797808647155762,0.09880451112985611,1.283589243888855,0.07720424234867096,0.994074821472168,0.039993152022361755,4.941071510314941,1.6543787717819214,5.487060070037842,6.051318168640137,3.415203332901001,90.20111966133118
220,0,-2.1336722373962402,1.2808936834335327,0.1516599953174591,1.289840817451477,0.11840170621871948,0.9861748814582825,0.0400279276072979,7.577709197998047,1.6545076370239258,5.475926399230957,6.049159049987793,3.4162068367004395,90.24424529075623
221,0,-1.964686632156372,1.2820284366607666,0.17974014580249786,1.2945668697357178,0.14019981026649475,0.9807229042053223,0.040063388645648956,8.972787857055664,1.6546365022659302,5.480570316314697,6.046962738037109,3.417282819747925,93.99104237556458
222,0,-2.257455825805664,1.283217191696167,0.13424545526504517,1.2902201414108276,0.10461631417274475,0.9891740679740906,0.04010053724050522,6.695444107055664,1.6547728776931763,5.489322662353516,6.044863700866699,3.4184720516204834,94.03427076339722
223,0,-2.567561388015747,1.2844092845916748,0.09854297339916229,1.2881838083267212,0.0767224058508873,0.9941483736038208,0.04013779014348984,4.910233974456787,1.6549135446548462,5.487928867340088,6.042799472808838,3.419677972793579,94.0775260925293
224,0,-2.1678366661071777,1.2855197191238403,0.1470954418182373,1.2939079999923706,0.11442488431930542,0.9870762228965759,0.04017249122262001,7.323192596435547,1.655046820640564,5.47503137588501,6.040816783905029,3.420712471008301,94.12098932266235
225,0,-2.1821701526641846,1.286653757095337,0.1451300084590912,1.294812798500061,0.11279647797346115,0.9874370694160461,0.04020792990922928,7.218974590301514,1.655182123184204,5.482372283935547,6.0386810302734375,3.421804428100586,94.16425704956055
226,0,-2.4750373363494873,1.2878144979476929,0.10838227719068527,1.2923672199249268,0.08415985107421875,0.992966890335083,0.0402442030608654,5.38623046875,1.6553233861923218,5.49423885345459,6.036537170410156,3.4229469299316406,94.2074921131134
227,0,-2.2873752117156982,1.2889295816421509,0.13086840510368347,1.2955561876296997,0.10153262317180634,0.9897964596748352,0.040279049426317215,6.4980878829956055,1.6554605960845947,5.482025623321533,6.034265995025635,3.4239959716796875,94.25063133239746
228,0,-2.285921812057495,1.290047287940979,0.13117238879203796,1.296698808670044,0.10168029367923737,0.9897671341896057,0.040313977748155594,6.507538795471191,1.6555967330932617,5.483623027801514,6.032023906707764,3.425063133239746,94.29377174377441
229,0,-2.4463822841644287,1.2911813259124756,0.11182448267936707,1.296014666557312,0.08660633862018585,0.9925551414489746,0.04034941643476486,5.5428056716918945,1.6557389497756958,5.494370460510254,6.029853343963623,3.426159381866455,94.33686375617981
230,0,-2.401150703430176,1.2922810316085815,0.11709827929735184,1.2975754737854004,0.09061363339424133,0.9918561577796936,0.04038378223776817,5.799272537231445,1.6558778285980225,5.484584331512451,6.027505874633789,3.4271929264068604,94.38004112243652
231,0,-2.5188088417053223,1.2933653593063354,0.10418769717216492,1.2975550889968872,0.0805555060505867,0.993552565574646,0.04041766747832298,5.155552387237549,1.6560148000717163,5.4881720542907715,6.025208473205566,3.428191661834717,98.10429239273071
232,0,-2.4376587867736816,1.2944244146347046,0.11308757960796356,1.2993550300598145,0.08736515045166016,0.9924250841140747,0.04045076295733452,5.59136962890625,1.6561559438705444,5.494819641113281,6.022921085357666,3.429109573364258,98.14744544029236
233,0,-2.447617769241333,1.295460820198059,0.11205658316612244,1.3002980947494507,0.0864994004368782,0.9925735592842102,0.040483150631189346,5.535961627960205,1.65629243850708,5.4824676513671875,6.020461559295654,3.429994821548462,98.1905927658081
234,0,-2.6694624423980713,1.2964898347854614,0.0898330882191658,1.2995983362197876,0.06928946822881699,0.9952219724655151,0.04051530733704567,4.434525966644287,1.656430721282959,5.490565776824951,6.018049240112305,3.4308619499206543,98.23373985290527
235,0,-2.2323997020721436,1.2974501848220825,0.13917839527130127,1.3048938512802124,0.10727070271968842,0.9886237382888794,0.04054531827569008,6.865324974060059,1.6565667390823364,5.497331142425537,6.015720367431641,3.431579113006592,98.2771520614624
236,0,-2.2021448612213135,1.2984334230422974,0.14356227219104767,1.306345820426941,0.11056575179100037,0.9879228472709656,0.04057604447007179,7.076208114624023,1.6567000150680542,5.4937615394592285,6.013340950012207,3.4323742389678955,98.32027387619019
237,0,-2.3609960079193115,1.299462080001831,0.1225733533501625,1.3052300214767456,0.09432622790336609,0.9911813139915466,0.04060819000005722,6.03687858581543,1.6568416357040405,5.488378047943115,6.011027812957764,3.433260440826416,98.36340045928955
238,0,-2.675039768218994,1.3005026578903198,0.08960995823144913,1.3035863637924194,0.0689040943980217,0.995274543762207,0.040640708059072495,4.409862041473389,1.656985878944397,5.493962287902832,6.0086565017700195,3.434178590774536,98.40658783912659
239,0,-2.0836265087127686,1.3014655113220215,0.1620037853717804,1.3115097284317017,0.12447796761989594,0.9847416281700134,0.04067079722881317,7.96658992767334,1.6571226119995117,5.495933532714844,6.006381034851074,3.4349517822265625,98.4499659538269
240,0,-1.8699924945831299,1.3024691343307495,0.20074282586574554,1.3178480863571167,0.15412482619285583,0.9767966866493225,0.04070216044783592,9.863988876342773,1.6572595834732056,5.495329856872559,6.004085540771484,3.4358420372009277,98.49311304092407
241,0,-2.201076030731201,1.3035426139831543,0.1442813128232956,1.3115030527114868,0.11068399995565414,0.987897515296936,0.04073570668697357,7.083775997161865,1.6574023962020874,5.49152946472168,6.001806735992432,3.436877489089966,102.21560955047607
242,0,-2.3892743587493896,1.3046468496322632,0.11963114887475967,1.3101201057434082,0.09169619530439377,0.9916620850563049,0.040770214051008224,5.868556499481201,1.6575524806976318,5.498331069946289,5.999587535858154,3.437981367111206,102.25874376296997
243,0,-2.453644275665283,1.3057384490966797,0.11226698011159897,1.3105559349060059,0.08597968518733978,0.992661714553833,0.04080432653427124,5.502699851989746,1.6576985120773315,5.494222164154053,5.997366428375244,3.4390766620635986,102.30187797546387
244,0,-2.2991693019866943,1.3068102598190308,0.13112816214561462,1.3133727312088013,0.10034216195344925,0.9900316596031189,0.04083782061934471,6.421898365020752,1.6578431129455566,5.495460510253906,5.995351791381836,3.4401304721832275,102.34500765800476
245,0,-2.365428924560547,1.307897686958313,0.12282336503267288,1.3136521577835083,0.09390900284051895,0.9912581443786621,0.04087180271744728,6.010176181793213,1.65799081325531,5.494975566864014,5.993290424346924,3.4412083625793457,102.38810849189758
246,0,-2.5641958713531494,1.308983564376831,0.10076694935560226,1.3128564357757568,0.0769810676574707,0.9941087365150452,0.04090573638677597,4.926788330078125,1.658139705657959,5.4989166259765625,5.991232395172119,3.4422740936279297,102.43124890327454
247,0,-2.5220718383789062,1.3100217580795288,0.10518567264080048,1.3142377138137817,0.08029307425022125,0.9935944676399231,0.040938179939985275,5.13875675201416,1.6582834720611572,5.495197772979736,5.9891862869262695,3.4432380199432373,102.47435283660889
248,0,-2.611429452896118,1.31103515625,0.0962686687707901,1.3145649433135986,0.07342950999736786,0.9946369528770447,0.0409698486328125,4.699488639831543,1.6584279537200928,5.494413375854492,5.987341403961182,3.4441332817077637,102.51748919487
249,0,-2.4800758361816406,1.312001347541809,0.10986290127038956,1.316593050956726,0.08373688161373138,0.9930370450019836,0.041000042110681534,5.359160423278809,1.6585711240768433,5.5032830238342285,5.985513210296631,3.444916009902954,102.56065845489502
250,0,-2.7226927280426025,1.312953233718872,0.08625789731740952,1.3157837390899658,0.06569761782884598,0.9957022070884705,0.04102978855371475,4.204647541046143,1.6587110757827759,5.497946739196777,5.983710289001465,3.4456748962402344,102.60380864143372
251,0,-2.1564419269561768,1.313847303390503,0.1520596742630005,1.322617530822754,0.11573618650436401,0.9867820143699646,0.04105772823095322,7.407115936279297,1.6588529348373413,5.500399589538574,5.982021331787109,3.446289300918579,106.38767838478088
252,0,-2.013176441192627,1.3147757053375244,0.175606369972229,1.3264511823654175,0.13356374204158783,0.9824734330177307,0.04108674079179764,8.548079490661621,1.658991813659668,5.498388290405273,5.980278491973877,3.4470131397247314,106.43084836006165
253,0,-2.432342052459717,1.3157628774642944,0.11556462198495865,1.3208281993865967,0.08783088624477386,0.9923447370529175,0.0411175899207592,5.621176719665527,1.6591335535049438,5.496011734008789,5.978540897369385,3.447868824005127,106.47398066520691
254,0,-2.2716012001037598,1.3167548179626465,0.13581915199756622,1.3237409591674805,0.10314688086509705,0.9894726872444153,0.0411485880613327,6.601400375366211,1.659281611442566,5.5023980140686035,5.976834297180176,3.448742628097534,106.51713824272156
255,0,-2.1929473876953125,1.3177651166915894,0.14704595506191254,1.3259440660476685,0.11158737540245056,0.9877012372016907,0.04118015989661217,7.141592025756836,1.6594268083572388,5.506760120391846,5.975207328796387,3.449681282043457,106.56029224395752
256,0,-2.4796996116638184,1.3188105821609497,0.11047462373971939,1.3234297037124634,0.08376837521791458,0.9930316805839539,0.04121283069252968,5.361176013946533,1.6595741510391235,5.501681327819824,5.973622798919678,3.450695514678955,106.60345911979675
257,0,-2.4134881496429443,1.319846749305725,0.118129663169384,1.325122594833374,0.08950255811214447,0.9920530915260315,0.04124521091580391,5.728163719177246,1.6597256660461426,5.499840259552002,5.972014427185059,3.4516777992248535,106.64660453796387
258,0,-2.491758108139038,1.320878267288208,0.10932160913944244,1.3253945112228394,0.08276433497667313,0.9931966662406921,0.0412774458527565,5.29691743850708,1.6598762273788452,5.501001358032227,5.970434665679932,3.4526541233062744,106.68979740142822
259,0,-2.536137580871582,1.3218966722488403,0.10465668141841888,1.326033115386963,0.07917160540819168,0.9937708973884583,0.04130927100777626,5.066982746124268,1.6600267887115479,5.50499963760376,5.968930721282959,3.4535999298095703,106.73292088508606
260,0,-2.552391767501831,1.3228954076766968,0.10304712504148483,1.3269027471542358,0.0778951421380043,0.9939689636230469,0.041340481489896774,4.985289096832275,1.6601786613464355,5.5069098472595215,5.967477798461914,3.4544870853424072,106.77608132362366
261,0,-2.7252354621887207,1.323866844177246,0.08675400912761688,1.3267062902450562,0.06553076952695847,0.9957241415977478,0.04137083888053894,4.193969249725342,1.6603295803070068,5.5029730796813965,5.96605920791626,3.4553043842315674,110.47711491584778
262,0,-2.3899612426757812,1.3247674703598022,0.12139271944761276,1.3303176164627075,0.09163323044776917,0.9916732907295227,0.04139898344874382,5.864526748657227,1.6604779958724976,5.503007411956787,5.96469783782959,3.4559578895568848,110.52056670188904
263,0,-2.4910783767700195,1.3256853818893433,0.10979408025741577,1.3302242755889893,0.08282061666250229,0.9931873679161072,0.04142766818404198,5.3005194664001465,1.6606262922286987,5.505758762359619,5.963329792022705,3.456652879714966,110.56371545791626
264,0,-2.6267199516296387,1.3266067504882812,0.09593392163515091,1.330070972442627,0.0723152682185173,0.9947977066040039,0.04145646095275879,4.628177165985107,1.6607766151428223,5.507296562194824,5.96200704574585,3.4573488235473633,110.60687136650085
265,0,-2.515669584274292,1.3274900913238525,0.10727285593748093,1.3318172693252563,0.08080878108739853,0.9935123920440674,0.04148406535387039,5.171761989593506,1.6609238386154175,5.50610876083374,5.96066951751709,3.457970142364502,110.64996552467346
266,0,-2.57114577293396,1.3283662796020508,0.10155082494020462,1.332242488861084,0.07644791156053543,0.994189441204071,0.04151144623756409,4.892666339874268,1.6610698699951172,5.509715557098389,5.959331512451172,3.4585862159729004,110.6930844783783
267,0,-2.670531749725342,1.3292301893234253,0.09200321137905121,1.3324105739593506,0.06921540945768356,0.9952318072319031,0.04153844341635704,4.429786205291748,1.661214828491211,5.513368606567383,5.958009719848633,3.4591798782348633,110.73625159263611
268,0,-2.5207090377807617,1.3300567865371704,0.10694000124931335,1.3343489170074463,0.08040258288383484,0.9935770630836487,0.041564274579286575,5.14576530456543,1.6613571643829346,5.5099873542785645,5.956625461578369,3.459700107574463,110.77941632270813
269,0,-2.7378945350646973,1.3308814764022827,0.08611659705638885,1.3336647748947144,0.06470643728971481,0.9958304166793823,0.041590046137571335,4.141211986541748,1.6614967584609985,5.508821487426758,5.955087661743164,3.460231065750122,110.82254648208618
270,0,-2.456106185913086,1.3316634893417358,0.11421447992324829,1.336552381515503,0.08576827496290207,0.9926977157592773,0.041614484041929245,5.489169597625732,1.661636471748352,5.514551639556885,5.953667163848877,3.460669755935669,110.86595320701599
271,0,-2.549255847930908,1.3324607610702515,0.104118213057518,1.3365224599838257,0.07813979685306549,0.9939311742782593,0.04163939878344536,5.000946998596191,1.6617740392684937,5.506889820098877,5.952232837677002,3.461160182952881,114.52477359771729
272,0,-2.7028534412384033,1.3332653045654297,0.0893474742770195,1.336255669593811,0.06701402366161346,0.995529294013977,0.04166454076766968,4.288897514343262,1.6619141101837158,5.509315013885498,5.950831890106201,3.461664915084839,114.56791734695435
273,0,-2.417436122894287,1.3340349197387695,0.11892906576395035,1.3393256664276123,0.08914989233016968,0.9921150207519531,0.04168859124183655,5.705593109130859,1.6620519161224365,5.512445449829102,5.949577808380127,3.4621095657348633,114.61102676391602
274,0,-2.603438377380371,1.334827184677124,0.09880208969116211,1.3384788036346436,0.07401863485574722,0.9945510625839233,0.041713349521160126,4.737192630767822,1.6621878147125244,5.512992858886719,5.948233604431152,3.4626224040985107,114.65414547920227
275,0,-2.5537853240966797,1.335619330406189,0.10389335453510284,1.3396540880203247,0.0777866542339325,0.9939855337142944,0.041738104075193405,4.97834587097168,1.6623272895812988,5.509895324707031,5.9469099044799805,3.4631309509277344,114.69727659225464
276,0,-2.490644693374634,1.33640456199646,0.11072984337806702,1.3409841060638428,0.08285652846097946,0.9931815266609192,0.041762642562389374,5.3028178215026855,1.6624629497528076,5.510495185852051,5.945590496063232,3.4636499881744385,114.74042534828186
277,0,-2.714215040206909,1.3372071981430054,0.08859926462173462,1.3401391506195068,0.06625694781541824,0.9956291913986206,0.04178772494196892,4.240444660186768,1.662598967552185,5.516384124755859,5.9442853927612305,3.46421217918396,114.7835202217102
278,0,-2.4764316082000732,1.3379751443862915,0.11244688928127289,1.3426920175552368,0.08404258638620377,0.9929863214492798,0.04181172326207161,5.378725528717041,1.662734866142273,5.510912895202637,5.943105220794678,3.46470308303833,114.82666325569153
279,0,-2.615492820739746,1.3387506008148193,0.09790516644716263,1.3423256874084473,0.0731317475438118,0.9946803450584412,0.041835956275463104,4.680431842803955,1.6628679037094116,5.510914325714111,5.941898822784424,3.4652276039123535,114.86982131004333
280,0,-2.4631547927856445,1.3395227193832397,0.11408158391714096,1.3443719148635864,0.0851658433675766,0.992798924446106,0.04186008498072624,5.450613975524902,1.66300368309021,5.522058963775635,5.940708637237549,3.465745210647583,114.91295194625854
281,0,-2.6514835357666016,1.340306282043457,0.09455389529466629,1.343637228012085,0.07054648548364639,0.9950480461120605,0.04188457131385803,4.514975070953369,1.6631371974945068,5.515045166015625,5.939525604248047,3.4663021564483643,118.6306848526001
282,0,-2.3200173377990723,1.3410706520080566,0.13178955018520355,1.3475306034088135,0.09827189147472382,0.9904351830482483,0.04190845787525177,6.289401054382324,1.663271427154541,5.511087417602539,5.938471794128418,3.466822624206543,118.67382383346558
283,0,-2.2800090312957764,1.3418622016906738,0.13725006580352783,1.348863124847412,0.10228327661752701,0.9896464347839355,0.04193319380283356,6.5461297035217285,1.6634035110473633,5.5131754875183105,5.9373931884765625,3.4674229621887207,118.71694326400757
284,0,-2.686288595199585,1.342690110206604,0.09148196876049042,1.345802903175354,0.06813334673643112,0.9953794479370117,0.041959065943956375,4.360534191131592,1.6635373830795288,5.5213470458984375,5.936344146728516,3.468104124069214,118.76010227203369
285,0,-2.377797842025757,1.3434871435165405,0.12461462616920471,1.3492540121078491,0.09275460988283157,0.9914700388908386,0.04198397323489189,5.936295032501221,1.663671612739563,5.512222766876221,5.93526554107666,3.4687211513519287,118.80320453643799
286,0,-2.3550286293029785,1.344300627708435,0.12756173312664032,1.3503391742706299,0.0948907807469368,0.9910762310028076,0.042009394615888596,6.073009967803955,1.6638033390045166,5.513718128204346,5.934196949005127,3.4693872928619385,118.84633040428162
287,0,-2.560762643814087,1.3451476097106934,0.1039070188999176,1.3491549491882324,0.0772458091378212,0.9940683245658875,0.04203586280345917,4.943731784820557,1.6639403104782104,5.520466327667236,5.933201789855957,3.4701106548309326,118.88945245742798
288,0,-2.6271727085113525,1.3459876775741577,0.09729139506816864,1.3494993448257446,0.07228253036737442,0.9948023557662964,0.04206211492419243,4.626081943511963,1.6640769243240356,5.517646789550781,5.932191371917725,3.4708192348480225,118.93262028694153
289,0,-2.5912561416625977,1.3468050956726074,0.10091053694486618,1.3505802154541016,0.07492586225271225,0.9944174885749817,0.04208765923976898,4.795255184173584,1.6642121076583862,5.51914119720459,5.931230545043945,3.471477746963501,118.9757010936737
290,0,-2.7692062854766846,1.3476125001907349,0.0845111533999443,1.350259780883789,0.06271176040172577,0.9960827231407166,0.042112890630960464,4.013552665710449,1.6643484830856323,5.517702102661133,5.930285930633545,3.472102165222168,119.01880979537964
291,0,-2.495496988296509,1.3483697175979614,0.11118043959140778,1.3529456853866577,0.08245545625686646,0.9932470321655273,0.042136553674936295,5.277149200439453,1.6644842624664307,5.523100852966309,5.92943811416626,3.4726099967956543,122.6944465637207
292,0,-2.5944435596466064,1.3491363525390625,0.10076351463794708,1.3528940677642822,0.0746874213218689,0.9944525957107544,0.0421605110168457,4.779994964599609,1.664618730545044,5.518679141998291,5.928560256958008,3.473144054412842,122.7376275062561
293,0,-2.7219812870025635,1.349900484085083,0.08874835819005966,1.352814793586731,0.06574437022209167,0.9956961274147034,0.042184390127658844,4.207639694213867,1.6647553443908691,5.519976615905762,5.927748680114746,3.4736642837524414,122.780752658844
294,0,-2.416048288345337,1.3506242036819458,0.12057521939277649,1.3559956550598145,0.08927369862794876,0.9920931458473206,0.042207006365060806,5.713516712188721,1.6648887395858765,5.521875381469727,5.927023410797119,3.474111795425415,122.82389736175537
295,0,-2.612086772918701,1.3513734340667725,0.09916546195745468,1.3550070524215698,0.07338124513626099,0.9946439862251282,0.04223041981458664,4.696399688720703,1.6650209426879883,5.52183198928833,5.92615270614624,3.474623680114746,122.8669867515564
296,0,-2.360413074493408,1.3521219491958618,0.12761494517326355,1.358130931854248,0.09438123553991318,0.9911706447601318,0.04225381091237068,6.040399074554443,1.6651570796966553,5.524493217468262,5.925296783447266,3.475133180618286,122.91010189056396
297,0,-2.424341917037964,1.3528920412063599,0.11978014558553696,1.3581840991973877,0.08853636682033539,0.9922223091125488,0.042277876287698746,5.666327476501465,1.6652895212173462,5.522469520568848,5.924280643463135,3.475710153579712,122.95321273803711
298,0,-2.459419012069702,1.3536779880523682,0.11571863293647766,1.3586150407791138,0.08548460900783539,0.9927453994750977,0.042302437126636505,5.471014976501465,1.6654226779937744,5.520758152008057,5.923371315002441,3.4763290882110596,122.9963207244873
299,0,-2.6127519607543945,1.3544750213623047,0.09932699054479599,1.358112096786499,0.07333246618509293,0.9946510791778564,0.04232734441757202,4.693277835845947,1.6655547618865967,5.523817539215088,5.922365665435791,3.4769794940948486,123.03950119018555
300,0,-2.4456398487091064,1.3552569150924683,0.11746101081371307,1.360337495803833,0.0866706594824791,0.9925443530082703,0.04235177859663963,5.546922206878662,1.6656862497329712,5.528201103210449,5.9214558601379395,3.477604627609253,123.08262491226196
301,0,-2.5408976078033447,1.3560504913330078,0.10685086250305176,1.3602535724639893,0.07879563421010971,0.9938296675682068,0.042376577854156494,5.0429205894470215,1.665816307067871,5.52462911605835,5.920400142669678,3.4782612323760986,126.75478672981262
302,0,-2.553375482559204,1.3568390607833862,0.10558725148439407,1.3609412908554077,0.07781855016946793,0.9939805865287781,0.04240122064948082,4.980387210845947,1.6659470796585083,5.522348880767822,5.919423580169678,3.478907346725464,126.79813861846924
303,0,-2.62237286567688,1.3576202392578125,0.09860439598560333,1.361196517944336,0.07263032346963882,0.9947523474693298,0.04242563247680664,4.648340702056885,1.6660759449005127,5.527442455291748,5.918435573577881,3.4795427322387695,126.84131288528442
304,0,-2.600567579269409,1.3583837747573853,0.10083477199077606,1.3621212244033813,0.07423143088817596,0.994519829750061,0.04244949296116829,4.750811576843262,1.6662037372589111,5.52660608291626,5.917536735534668,3.4801416397094727,126.88441753387451
305,0,-2.7877585887908936,1.3591358661651611,0.0836670994758606,1.361708641052246,0.0615590400993824,0.9962248206138611,0.042472995817661285,3.9397785663604736,1.6663305759429932,5.526309490203857,5.916661262512207,3.480715036392212,126.9276659488678
306,0,-2.290860414505005,1.3598308563232422,0.1375868320465088,1.3667736053466797,0.10117936879396439,0.9898664355278015,0.04249471426010132,6.475479602813721,1.6664550304412842,5.531472206115723,5.915825843811035,3.4811713695526123,126.97112822532654
307,0,-2.1939070224761963,1.3605601787567139,0.15167570114135742,1.3689885139465332,0.11148033291101456,0.9877247214317322,0.04251750558614731,7.134741306304932,1.666578769683838,5.531679153442383,5.914966106414795,3.4817142486572266,127.01431798934937
308,0,-2.8498144149780273,1.361334204673767,0.07876006513834,1.3636105060577393,0.05785505473613739,0.9966641068458557,0.04254169389605522,3.702723503112793,1.6667031049728394,5.527619361877441,5.9141082763671875,3.4823524951934814,127.05745959281921
309,0,-2.091170310974121,1.3620328903198242,0.16826890408992767,1.3723876476287842,0.12354246526956558,0.9849668145179749,0.04256352782249451,7.906717777252197,1.6668287515640259,5.527931213378906,5.9134111404418945,3.482844591140747,127.10084772109985
310,0,-1.7041441202163696,1.3627653121948242,0.24792520701885223,1.3851341009140015,0.18192802369594574,0.9679624438285828,0.04258641600608826,11.643393516540527,1.666951060295105,5.530022621154785,5.912703990936279,3.4834506511688232,127.14404058456421
311,0,-1.6760327816009521,1.363566517829895,0.25514349341392517,1.387231707572937,0.18711481988430023,0.966172456741333,0.04261145368218422,11.975348472595215,1.667075276374817,5.532373905181885,5.911991119384766,3.484198570251465,130.81104111671448
312,0,-1.88164222240448,1.364436149597168,0.20785783231258392,1.3801778554916382,0.15233972668647766,0.9773189425468445,0.0426386296749115,9.74974250793457,1.6672041416168213,5.534266948699951,5.9112701416015625,3.485076665878296,130.85420441627502
313,0,-2.334519386291504,1.3653596639633179,0.13224469125270844,1.3717491626739502,0.09685703366994858,0.9907058477401733,0.042667489498853683,6.198850154876709,1.6673399209976196,5.535030841827393,5.910524368286133,3.486057758331299,130.89730381965637
314,0,-2.425922393798828,1.3662968873977661,0.12077593058347702,1.3716245889663696,0.08839654922485352,0.9922466278076172,0.04269677773118019,5.657379150390625,1.667481780052185,5.531007766723633,5.909732341766357,3.4870617389678955,130.94046831130981
315,0,-2.3397185802459717,1.367212176322937,0.13173739612102509,1.3735442161560059,0.09635475277900696,0.990801215171814,0.04272538051009178,6.166704177856445,1.6676164865493774,5.529385566711426,5.909032821655273,3.4880480766296387,130.9835877418518
316,0,-2.312052011489868,1.3681327104568481,0.1355241984128952,1.374828577041626,0.09905778616666794,0.9902830123901367,0.042754147201776505,6.339698314666748,1.6677522659301758,5.532115459442139,5.908352851867676,3.489041805267334,131.0267333984375
317,0,-2.3518643379211426,1.3690744638442993,0.13032427430152893,1.3752633333206177,0.09519151598215103,0.9910199642181396,0.042783576995134354,6.092257022857666,1.6678953170776367,5.5355305671691895,5.907647609710693,3.4900476932525635,131.06985092163086
318,0,-2.6741676330566406,1.3700200319290161,0.09448233991861343,1.3732740879058838,0.06896420568227768,0.9952665567398071,0.042813125997781754,4.4137091636657715,1.6680409908294678,5.536440372467041,5.9069504737854,3.491041660308838,131.1129822731018
319,0,-2.473803997039795,1.3708969354629517,0.11551687121391296,1.3757551908493042,0.08426371961832047,0.9929497838020325,0.04284052923321724,5.39287805557251,1.668182373046875,5.533392906188965,5.906307697296143,3.4918854236602783,131.15606784820557
320,0,-2.3444063663482666,1.3717589378356934,0.13155733048915863,1.378052830696106,0.09590411931276321,0.990886390209198,0.04286746680736542,6.137863636016846,1.6683214902877808,5.535042762756348,5.905648231506348,3.4926974773406982,131.19923281669617
321,0,-2.5568039417266846,1.372639775276184,0.10645125061273575,1.3767613172531128,0.07755221426486969,0.9940216541290283,0.04289499297738075,4.96334171295166,1.6684656143188477,5.538877010345459,5.904990196228027,3.493530035018921,134.86454319953918
322,0,-2.772582530975342,1.373502254486084,0.08584441989660263,1.3761823177337646,0.06250038743019104,0.996108889579773,0.042921945452690125,4.000024795532227,1.6686121225357056,5.538437366485596,5.904346466064453,3.494309663772583,134.9077045917511
323,0,-2.5546836853027344,1.3742702007293701,0.10680388659238815,1.378414273262024,0.07771680504083633,0.9939962029457092,0.042945943772792816,4.973875522613525,1.6687506437301636,5.536594390869141,5.903844833374023,3.4949002265930176,134.95081400871277
324,0,-2.532144069671631,1.3750327825546265,0.10929916799068451,1.3793699741363525,0.07948841154575348,0.9937211871147156,0.04296977445483208,5.087258338928223,1.6688907146453857,5.537416934967041,5.903279781341553,3.4954652786254883,134.99394726753235
325,0,-2.870699167251587,1.3757996559143066,0.07795184850692749,1.3780062198638916,0.05665930360555649,0.9968000054359436,0.04299373924732208,3.6261954307556152,1.6690353155136108,5.541106224060059,5.9026780128479,3.4960250854492188,135.03704118728638
326,0,-2.4173030853271484,1.3764725923538208,0.12272871285676956,1.3819329738616943,0.08916175365447998,0.9921130537986755,0.0430147685110569,5.706352233886719,1.6691746711730957,5.5395941734313965,5.902134418487549,3.4964029788970947,135.0805184841156
327,0,-2.264437437057495,1.3771566152572632,0.14307066798210144,1.3845683336257935,0.10388845205307007,0.9893224239349365,0.043036144226789474,6.648860931396484,1.669310212135315,5.540186405181885,5.901566505432129,3.49682879447937,135.12364101409912
328,0,-2.4685070514678955,1.3778901100158691,0.11672277003526688,1.3828251361846924,0.0847112312912941,0.9928751587867737,0.04305906593799591,5.421518802642822,1.6694512367248535,5.542669296264648,5.900991439819336,3.4973456859588623,135.16677284240723
329,0,-2.77530837059021,1.3786479234695435,0.08593147248029709,1.3813233375549316,0.062330253422260284,0.9961300492286682,0.04308274760842323,3.989136219024658,1.6695983409881592,5.545477390289307,5.900349140167236,3.497903823852539,135.20986080169678
330,0,-2.5007593631744385,1.3793452978134155,0.1131376177072525,1.3839774131774902,0.08202269673347473,0.9933173060417175,0.043104540556669235,5.249452590942383,1.6697382926940918,5.538558006286621,5.89974308013916,3.4983720779418945,135.2529649734497
331,0,-2.4172964096069336,1.3800482749938965,0.12304835766553879,1.3855229616165161,0.08916235715150833,0.9921128749847412,0.043126508593559265,5.706390857696533,1.6698756217956543,5.5423102378845215,5.899104595184326,3.4988677501678467,139.005774974823
332,0,-2.5185744762420654,1.3807891607284546,0.11125624924898148,1.3852641582489014,0.0805743932723999,0.9935495853424072,0.043149661272764206,5.156761169433594,1.6700209379196167,5.548743724822998,5.898453712463379,3.499422550201416,139.04892587661743
333,0,-2.9953136444091797,1.381544589996338,0.06910615414381027,1.3832719326019287,0.050020936876535416,0.9975041151046753,0.04317326843738556,3.2013399600982666,1.6701691150665283,5.545897006988525,5.8977484703063965,3.500005006790161,139.0920009613037
334,0,-2.113517999649048,1.3821732997894287,0.16698341071605682,1.3922234773635864,0.12081220746040344,0.985614538192749,0.04319291561841965,7.73198127746582,1.6703078746795654,5.541196823120117,5.8972086906433105,3.5003554821014404,139.13543963432312
335,0,-1.7424445152282715,1.3828423023223877,0.24212443828582764,1.4038792848587036,0.17509186267852783,0.9702547192573547,0.043213821947574615,11.205879211425781,1.6704418659210205,5.541781902313232,5.896579265594482,3.500831127166748,139.17853307724
336,0,-1.724666953086853,1.383588194847107,0.24660025537014008,1.4053924083709717,0.17823240160942078,0.9692113399505615,0.04323713108897209,11.40687370300293,1.670578122138977,5.544703006744385,5.895869255065918,3.5014586448669434,139.22165942192078
337,0,-1.9059805870056152,1.3844107389450073,0.20582972466945648,1.3996280431747437,0.1486767828464508,0.9783734083175659,0.04326283559203148,9.515314102172852,1.6707205772399902,5.548722267150879,5.895106315612793,3.5022265911102295,139.2647533416748
338,0,-2.2053918838500977,1.3852983713150024,0.15267004072666168,1.3936856985092163,0.11020733416080475,0.9880000352859497,0.043290574103593826,7.053269386291504,1.6708722114562988,5.5533270835876465,5.8942975997924805,3.5031120777130127,139.30782890319824
339,0,-2.44730806350708,1.3862229585647583,0.11994461715221405,1.3914024829864502,0.08652620762586594,0.9925687909126282,0.0433194674551487,5.53767728805542,1.6710304021835327,5.553515911102295,5.89341402053833,3.504068374633789,139.3509223461151
340,0,-2.5785460472106934,1.387133002281189,0.10526154935359955,1.3911211490631104,0.07588425278663635,0.9942744970321655,0.043347906321287155,4.856592178344727,1.6711809635162354,5.5477519035339355,5.892505645751953,3.5050230026245117,139.39400386810303
341,0,-2.378678560256958,1.3880094289779663,0.12863093614578247,1.3939570188522339,0.09267295897006989,0.9914848208427429,0.04337529465556145,5.931069374084473,1.6713253259658813,5.549186706542969,5.8916096687316895,3.505920886993408,143.1349012851715
342,0,-2.2978622913360596,1.3889023065567017,0.13954773545265198,1.3958951234817505,0.10047339648008347,0.9900059700012207,0.04340319707989693,6.430297374725342,1.6714742183685303,5.55238676071167,5.890722751617432,3.506829261779785,143.17806243896484
343,0,-2.5760295391082764,1.3898217678070068,0.10573133081197739,1.3938376903533936,0.07607545703649521,0.9942458868026733,0.043431930243968964,4.868829250335693,1.6716283559799194,5.554281711578369,5.889843940734863,3.507765293121338,143.2211422920227
344,0,-2.7274646759033203,1.3907150030136108,0.09093170613050461,1.3936846256256104,0.06538485735654831,0.9957430362701416,0.04345984384417534,4.184630870819092,1.671782374382019,5.552573204040527,5.8889946937561035,3.508638620376587,143.26423978805542
345,0,-2.5587356090545654,1.391539216041565,0.10770868510007858,1.3957014083862305,0.07740255445241928,0.9940445423126221,0.043485600501298904,4.953763484954834,1.6719273328781128,5.552687644958496,5.888195514678955,3.509377956390381,143.30730938911438
346,0,-2.548305034637451,1.3923557996749878,0.10890190303325653,1.3966081142425537,0.078214131295681,0.9939197897911072,0.04351111873984337,5.005704402923584,1.6720740795135498,5.554119110107422,5.8874006271362305,3.5100817680358887,143.35040640830994
347,0,-2.869009494781494,1.3931734561920166,0.07906971871852875,1.3954155445098877,0.05675511434674263,0.9967890381813049,0.04353667050600052,3.6323273181915283,1.672224521636963,5.5561017990112305,5.886613845825195,3.5107622146606445,143.39350724220276
348,0,-2.3124306201934814,1.3938945531845093,0.13802382349967957,1.4007114171981812,0.09902027249336243,0.9902902245521545,0.043559204787015915,6.337297439575195,1.6723679304122925,5.557239532470703,5.885819911956787,3.5112545490264893,143.43659830093384
349,0,-2.1602094173431396,1.3946335315704346,0.16080261766910553,1.4038732051849365,0.1153009831905365,0.9868801832199097,0.04358229786157608,7.379262924194336,1.6725056171417236,5.5560150146484375,5.88492488861084,3.511815309524536,143.47970914840698
350,0,-2.32275390625,1.3954230546951294,0.13675609230995178,1.4021083116531372,0.0980033203959465,0.990486741065979,0.043606970459222794,6.272212505340576,1.6726471185684204,5.554922103881836,5.884001731872559,3.5124740600585938,143.5228316783905
351,0,-2.4490392208099365,1.3962541818618774,0.12060360610485077,1.4014531373977661,0.08637654036283493,0.9925943613052368,0.04363294318318367,5.5280985832214355,1.6727975606918335,5.557429790496826,5.883038520812988,3.5132009983062744,147.2416136264801
352,0,-2.6866564750671387,1.3970947265625,0.09515371918678284,1.4003313779830933,0.06810828298330307,0.9953826665878296,0.043659210205078125,4.3589301109313965,1.6729482412338257,5.560967445373535,5.881958961486816,3.5139520168304443,147.28475379943848
353,0,-2.6673994064331055,1.3978824615478516,0.09705854952335358,1.4012478590011597,0.06943255662918091,0.9952023029327393,0.04368382692337036,4.443683624267578,1.6730908155441284,5.559623718261719,5.8809685707092285,3.5146214962005615,147.32785177230835
354,0,-2.5541634559631348,1.398643136024475,0.10875465720891953,1.4028650522232056,0.07775726169347763,0.9939900636672974,0.04370759800076485,4.976464748382568,1.6732326745986938,5.556081771850586,5.880044460296631,3.5152359008789062,147.37094688415527
355,0,-2.774634599685669,1.3994134664535522,0.08728458732366562,1.4021329879760742,0.06237226352095604,0.9961246252059937,0.04373167082667351,3.9918248653411865,1.6733782291412354,5.559065818786621,5.879055023193359,3.5158560276031494,147.4140293598175
356,0,-2.6467154026031494,1.4001396894454956,0.0992470234632492,1.4036529064178467,0.07088366150856018,0.9950004816055298,0.04375436529517174,4.536554336547852,1.6735223531723022,5.566703796386719,5.878076076507568,3.5163869857788086,147.45713186264038
357,0,-2.7014193534851074,1.40083646774292,0.09401040524244308,1.4039874076843262,0.06711019575595856,0.9955164790153503,0.04377613961696625,4.295052528381348,1.673660159111023,5.560902118682861,5.877139568328857,3.5168755054473877,147.50020051002502
358,0,-2.645214319229126,1.4015181064605713,0.09949397295713425,1.4050451517105103,0.07099014520645142,0.9949857592582703,0.04379744082689285,4.543369293212891,1.6738016605377197,5.559327125549316,5.876197338104248,3.5173180103302,147.54331970214844
359,0,-2.9929215908050537,1.4021943807601929,0.07030705362558365,1.4039559364318848,0.050140731036663055,0.9974921941757202,0.04381857439875603,3.2090067863464355,1.6739425659179688,5.565013885498047,5.875321865081787,3.5177488327026367,147.5863857269287
360,0,-2.223254919052124,1.402763843536377,0.15185783803462982,1.4109597206115723,0.10825616866350174,0.988416314125061,0.04383637011051178,6.928394794464111,1.6740787029266357,5.560136795043945,5.874685287475586,3.517975330352783,147.62948656082153
361,0,-1.9436147212982178,1.4033739566802979,0.20094271004199982,1.4176870584487915,0.14318543672561646,0.9799097180366516,0.04385543614625931,9.163867950439453,1.674211025238037,5.563384532928467,5.8739447593688965,3.518320322036743,151.3944685459137
362,0,-2.0742831230163574,1.404054045677185,0.17641443014144897,1.4150935411453247,0.1256464719772339,0.984458327293396,0.04387668892741203,8.041374206542969,1.6743443012237549,5.565036773681641,5.8731279373168945,3.5188088417053223,151.43763828277588
363,0,-2.431586503982544,1.404793620109558,0.12347753345966339,1.4102098941802979,0.08789727836847305,0.9923332333564758,0.04389980062842369,5.625425815582275,1.6744827032089233,5.570188045501709,5.872283458709717,3.519416332244873,151.4807140827179
364,0,-2.535114049911499,1.4055585861206055,0.11139427870512009,1.4099658727645874,0.07925267517566681,0.9937582015991211,0.04392370581626892,5.072171211242676,1.6746269464492798,5.568171501159668,5.871407985687256,3.5200769901275635,151.52385354042053
365,0,-2.472874402999878,1.406323790550232,0.11861227452754974,1.4113168716430664,0.08434207737445831,0.9929367303848267,0.04394761845469475,5.397892951965332,1.6747685670852661,5.568983554840088,5.870585918426514,3.520752429962158,151.56690549850464
366,0,-2.719919443130493,1.4070907831192017,0.09269922971725464,1.4101409912109375,0.06588006019592285,0.9956785440444946,0.04397158697247505,4.2163238525390625,1.67490553855896,5.572694301605225,5.869787216186523,3.521449327468872,151.61001658439636
367,0,-2.3948330879211426,1.4078291654586792,0.12837697565555573,1.413670301437378,0.09118789434432983,0.9917532801628113,0.043994661420583725,5.836025238037109,1.6750448942184448,5.576024532318115,5.86902379989624,3.5220768451690674,151.6530783176422
368,0,-2.3596737384796143,1.4085882902145386,0.1330426037311554,1.4148573875427246,0.09445102512836456,0.9911577701568604,0.04401838406920433,6.044865608215332,1.675184726715088,5.579173564910889,5.868454456329346,3.5227460861206055,151.6961588859558
369,0,-2.803018569946289,1.409369945526123,0.08544556796550751,1.4119576215744019,0.060626786202192307,0.9963379502296448,0.044042810797691345,3.8801143169403076,1.67532479763031,5.581509590148926,5.872786045074463,3.5234596729278564,151.73922157287598
370,0,-2.389901876449585,1.4100885391235352,0.12921863794326782,1.4159969091415405,0.09163866937160492,0.9916722178459167,0.044065266847610474,5.864874839782715,1.6754610538482666,5.581033229827881,5.876587867736816,3.5240530967712402,151.78234577178955
371,0,-2.15802001953125,1.4108220338821411,0.16302567720413208,1.4202098846435547,0.11555367708206177,0.986823320388794,0.04408818855881691,7.395435333251953,1.6755948066711426,5.583037853240967,5.880554676055908,3.5246963500976562,155.50660371780396
372,0,-2.3970730304718018,1.4116027355194092,0.12843307852745056,1.4174333810806274,0.09098386764526367,0.9917898774147034,0.04411258548498154,5.822967529296875,1.6757310628890991,5.586845397949219,5.884891510009766,3.5254290103912354,155.5497283935547
373,0,-2.724977970123291,1.4124047756195068,0.09257981181144714,1.4154356718063354,0.0655476450920105,0.9957219958305359,0.04413764923810959,4.195049285888672,1.6758716106414795,5.591814041137695,5.889402389526367,3.526200532913208,155.59281587600708
374,0,-2.4495842456817627,1.4131643772125244,0.12199773639440536,1.4184205532073975,0.08632947504520416,0.9926024675369263,0.04416138678789139,5.525086402893066,1.676010012626648,5.594772815704346,5.8936028480529785,3.526885509490967,155.63591766357422
375,0,-2.3937222957611084,1.4139267206192017,0.129076287150383,1.4198061227798462,0.09128923714160919,0.9917352199554443,0.04418521001935005,5.842511177062988,1.6761451959609985,5.597361087799072,5.897936820983887,3.5275862216949463,155.6789698600769
376,0,-2.7160098552703857,1.414708137512207,0.0935661569237709,1.4177988767623901,0.0661381334066391,0.995644748210907,0.04420962929725647,4.232840538024902,1.6762815713882446,5.599392414093018,5.9024128913879395,3.5283167362213135,155.72205090522766
377,0,-2.6055963039398193,1.41545832157135,0.10454444587230682,1.419313907623291,0.0738590806722641,0.9945743083953857,0.04423307254910469,4.726981163024902,1.6764198541641235,5.599923133850098,5.90646505355835,3.5289664268493652,155.7651343345642
378,0,-2.6117348670959473,1.4161978960037231,0.10395897179841995,1.4200084209442139,0.07340709120035172,0.9946402311325073,0.04425618425011635,4.69805383682251,1.6765570640563965,5.603488445281982,5.9103264808654785,3.529592275619507,155.80821824073792
379,0,-2.868567943572998,1.4169285297393799,0.08045345544815063,1.41921067237854,0.05678017809987068,0.9967864751815796,0.04427901655435562,3.6339313983917236,1.6766947507858276,5.607847690582275,5.9140191078186035,3.5301930904388428,155.85129380226135
380,0,-2.424527883529663,1.4175845384597778,0.125484436750412,1.4231276512145996,0.08851989358663559,0.992225170135498,0.04429951682686806,5.665273189544678,1.6768288612365723,5.607178211212158,5.917088031768799,3.5306389331817627,155.89438438415527
381,0,-2.362701416015625,1.418264627456665,0.13355158269405365,1.4245387315750122,0.09416548907756805,0.9912107586860657,0.04432076960802078,6.0265913009643555,1.676961898803711,5.609658241271973,5.920458793640137,3.5311412811279297,159.6164162158966
382,0,-2.6873159408569336,1.4189815521240234,0.09658068418502808,1.422264575958252,0.06806338578462601,0.9953886866569519,0.04434317350387573,4.3560566902160645,1.6770975589752197,5.614344596862793,5.924179553985596,3.5317137241363525,159.6595458984375
383,0,-2.689802408218384,1.419677734375,0.09638810157775879,1.4229460954666138,0.0678943544626236,0.9954115152359009,0.04436492919921875,4.34523868560791,1.6772326231002808,5.616692066192627,5.927818775177002,3.532247304916382,159.70268154144287
384,0,-2.6401541233062744,1.4203500747680664,0.10134235769510269,1.42396080493927,0.07135026901960373,0.9949349761009216,0.044385939836502075,4.566417217254639,1.6773645877838135,5.617484092712402,5.9312849044799805,3.5327370166778564,159.7458415031433
385,0,-2.8337724208831787,1.421021819114685,0.08354280143976212,1.4234753847122192,0.0587906539440155,0.996555745601654,0.04440693184733391,3.762601852416992,1.6774991750717163,5.620640277862549,5.934614658355713,3.533216953277588,159.7889802455902
386,0,-2.4711108207702637,1.4216421842575073,0.12011589854955673,1.42670738697052,0.08449094742536545,0.9929120540618896,0.044426318258047104,5.407420635223389,1.6776301860809326,5.623193264007568,5.9373931884765625,3.5336012840270996,159.83205389976501
387,0,-2.3801522254943848,1.4222832918167114,0.1316131204366684,1.428359866142273,0.09253650158643723,0.9915096759796143,0.04444635286927223,5.922336101531982,1.6777594089508057,5.625391483306885,5.940423488616943,3.534040689468384,159.87511897087097
388,0,-2.670480251312256,1.4229652881622314,0.0984961986541748,1.4263700246810913,0.06921897828578949,0.9952316880226135,0.04446766525506973,4.430014610290527,1.6778922080993652,5.627671718597412,5.943809509277344,3.5345535278320312,159.91817593574524
389,0,-2.7257862091064453,1.4236369132995605,0.0932406559586525,1.4266870021820068,0.06549468636512756,0.9957287311553955,0.04448865354061127,4.191659927368164,1.6780253648757935,5.629849910736084,5.947203636169434,3.5350515842437744,159.96130275726318
390,0,-2.664684772491455,1.4242833852767944,0.09916046261787415,1.4277310371398926,0.06962130218744278,0.9951761960983276,0.044508855789899826,4.455763339996338,1.6781543493270874,5.631478786468506,5.950438499450684,3.535508394241333,160.00436997413635
391,0,-2.7796783447265625,1.424930453300476,0.08842900395393372,1.4276716709136963,0.0620584711432457,0.996163547039032,0.04452907666563988,3.9717421531677246,1.678286075592041,5.634523391723633,5.9536333084106445,3.5359551906585693,163.7340168952942
392,0,-2.6258301734924316,1.4255452156066895,0.10318046063184738,1.4292744398117065,0.07237964868545532,0.994788408279419,0.044548287987709045,4.632297515869141,1.6784156560897827,5.636728286743164,5.956508159637451,3.5363402366638184,163.77715229988098
393,0,-2.6628026962280273,1.426162600517273,0.0994783416390419,1.429627776145935,0.06975245475769043,0.9951581954956055,0.04456758126616478,4.4641571044921875,1.678543210029602,5.638586521148682,5.959378719329834,3.536738395690918,163.82025861740112
394,0,-2.727281332015991,1.4267860651016235,0.09330729395151138,1.4298337697982788,0.06539683789014816,0.9957415461540222,0.044587064534425735,4.185397624969482,1.678673505783081,5.641868591308594,5.962269306182861,3.537142753601074,163.86335515975952
395,0,-2.851525068283081,1.427394151687622,0.0824408158659935,1.4297728538513184,0.05775616690516472,0.9966753721237183,0.04460606724023819,3.696394681930542,1.67880117893219,5.643487453460693,5.9650421142578125,3.53752064704895,163.906418800354
396,0,-2.4413466453552246,1.4279638528823853,0.12429505586624146,1.4333630800247192,0.08704356104135513,0.9924806356430054,0.04462387040257454,5.5707879066467285,1.6789277791976929,5.64268684387207,5.967434883117676,3.5378241539001465,163.94956231117249
397,0,-2.5932443141937256,1.428567886352539,0.10682410001754761,1.4325562715530396,0.07477705180644989,0.9944396018981934,0.044642746448516846,4.785731315612793,1.6790528297424316,5.645567417144775,5.97022008895874,3.538205623626709,163.99266242980957
398,0,-2.4446606636047363,1.4291818141937256,0.12398950010538101,1.434550166130066,0.08675558120012283,0.992529571056366,0.044661931693553925,5.552357196807861,1.6791777610778809,5.651177883148193,5.973229885101318,3.538618564605713,164.03578186035156
399,0,-2.4715354442596436,1.4298205375671387,0.12075560539960861,1.4349106550216675,0.08445508033037186,0.9929179549217224,0.044681891798973083,5.405125141143799,1.6793010234832764,5.653436183929443,5.976516246795654,3.539091110229492,164.07881450653076
400,0,-2.627422332763672,1.4304802417755127,0.10337293148040771,1.4342104196548462,0.07226449251174927,0.9948049783706665,0.04470250755548477,4.624927520751953,1.6794229745864868,5.653246879577637,5.979969501495361,3.53960919380188,164.12190556526184
401,0,-2.6905722618103027,1.431138515472412,0.09709145128726959,1.434428334236145,0.06784210354089737,0.9954182505607605,0.04472307860851288,4.341894626617432,1.6795443296432495,5.656160354614258,5.983395576477051,3.5401275157928467,167.8498775959015
402,0,-2.7730653285980225,1.4317879676818848,0.0894441083073616,1.4345790147781372,0.062470220029354095,0.9961127042770386,0.0447433739900589,3.998094081878662,1.6796643733978271,5.659480571746826,5.986650466918945,3.540623426437378,167.8929727077484
403,0,-2.3867995738983154,1.4324051141738892,0.13167154788970947,1.4384442567825317,0.09192340075969696,0.9916208982467651,0.044762659817934036,5.8830976486206055,1.6797822713851929,5.6594953536987305,5.989599227905273,3.5410571098327637,167.93607258796692
404,0,-2.4327609539031982,1.4330536127090454,0.12581364810466766,1.4385658502578735,0.08779409527778625,0.992351233959198,0.04478292539715767,5.61882209777832,1.679898738861084,5.661789894104004,5.992852210998535,3.5415568351745605,167.9791820049286
405,0,-2.7703585624694824,1.4337258338928223,0.08980792760848999,1.4365358352661133,0.06263954192399979,0.9960916042327881,0.044803932309150696,4.008930683135986,1.680014729499817,5.666125297546387,5.996336936950684,3.5421080589294434,168.0222508907318
406,0,-3.125030040740967,1.4343703985214233,0.06301995366811752,1.4357540607452393,0.0439356192946434,0.9980734586715698,0.04482407495379448,2.8118796348571777,1.6801297664642334,5.6670966148376465,5.999570369720459,3.5426015853881836,168.0653760433197
407,0,-1.9895777702331543,1.4348719120025635,0.19622327387332916,1.4482269287109375,0.1367531567811966,0.9816417694091797,0.04483974725008011,8.752202033996582,1.6802403926849365,5.670889854431152,6.001705646514893,3.5428082942962646,168.10880398750305
408,0,-1.5716300010681152,1.4354281425476074,0.2981475293636322,1.4660648107528687,0.20770634710788727,0.9586421847343445,0.04485712945461273,13.293206214904785,1.6803500652313232,5.673480987548828,6.004392623901367,3.5431575775146484,168.1519227027893
409,0,-1.4963078498840332,1.4360640048980713,0.32161447405815125,1.4716371297836304,0.22395552694797516,0.9522393345832825,0.04487700015306473,14.33315372467041,1.6804600954055786,5.675636291503906,6.007699489593506,3.54366135597229,168.19500589370728
410,0,-1.6195977926254272,1.4367772340774536,0.2844507396221161,1.4646642208099365,0.19797831773757935,0.9622828364372253,0.044899288564920425,12.670612335205078,1.6805719137191772,5.6773529052734375,6.01157283782959,3.544306755065918,168.23810720443726
411,0,-1.9773311614990234,1.4375560283660889,0.19901268184185028,1.4512660503387451,0.13843820989131927,0.9811954498291016,0.04492362588644028,8.860045433044434,1.680686354637146,5.678987503051758,6.015920639038086,3.5450754165649414,171.98869633674622
412,0,-2.4956588745117188,1.4383758306503296,0.11858274787664413,1.4432556629180908,0.08244211971759796,0.993249237537384,0.0449492447078228,5.2762956619262695,1.68080472946167,5.680803298950195,6.020559310913086,3.545931100845337,172.03184008598328
413,0,-2.332451820373535,1.4391840696334839,0.1396835744380951,1.4459469318389893,0.09705747663974762,0.9906675219535828,0.04497450217604637,6.211678504943848,1.6809251308441162,5.684839725494385,6.025054454803467,3.5467753410339355,172.07493376731873
414,0,-2.1449670791625977,1.439998745918274,0.16858337819576263,1.4498332738876343,0.11707188934087753,0.986479640007019,0.04499996080994606,7.492600917816162,1.6810417175292969,5.688546657562256,6.029640197753906,3.5476455688476562,172.11805653572083
415,0,-2.254946231842041,1.440845012664795,0.15111465752124786,1.4487477540969849,0.10487919300794601,0.9891200065612793,0.04502640664577484,6.712268352508545,1.6811585426330566,5.69097900390625,6.0344672203063965,3.5485715866088867,172.16114950180054
416,0,-2.4880332946777344,1.441713571548462,0.11976774036884308,1.4466798305511475,0.08307318389415741,0.9931459426879883,0.045053549110889435,5.316683769226074,1.6812790632247925,5.692074298858643,6.039449214935303,3.549530029296875,172.20424461364746
417,0,-2.4377007484436035,1.4425761699676514,0.12602558732032776,1.4480706453323364,0.08736147731542587,0.9924257397651672,0.045080505311489105,5.591134548187256,1.6814042329788208,5.694079399108887,6.044323444366455,3.5504581928253174,172.24731969833374
418,0,-2.691027879714966,1.44342839717865,0.09788060933351517,1.446743369102478,0.06781119853258133,0.9954226016998291,0.04510713741183281,4.339916706085205,1.6815263032913208,5.698514461517334,6.049117565155029,3.5513622760772705,172.29042220115662
419,0,-2.384474039077759,1.4442297220230103,0.13306762278079987,1.4503470659255981,0.09213743358850479,0.9915820956230164,0.04513217881321907,5.896795749664307,1.6816480159759521,5.702737331390381,6.053414821624756,3.552147150039673,172.33350086212158
420,0,-2.2767322063446045,1.445035457611084,0.1482880860567093,1.4526242017745972,0.1026189923286438,0.9895789623260498,0.045157358050346375,6.567615509033203,1.6817691326141357,5.704676628112793,6.057730674743652,3.552934408187866,172.37655568122864
421,0,-2.689718246459961,1.4458611011505127,0.0981740802526474,1.4491902589797974,0.06790007650852203,0.9954107999801636,0.04518315941095352,4.34560489654541,1.6818907260894775,5.705933094024658,6.062155246734619,3.5537495613098145,176.1576042175293
422,0,-2.4845809936523438,1.4466381072998047,0.12059243768453598,1.4516557455062866,0.0833604708313942,0.9930989742279053,0.045207440853118896,5.3350701332092285,1.6820131540298462,5.709272861480713,6.066061496734619,3.5544538497924805,176.20074439048767
423,0,-2.443850517272949,1.447404384613037,0.12567216157913208,1.4528498649597168,0.0868258848786354,0.9925177693367004,0.04523138701915741,5.556856632232666,1.6821329593658447,5.712386608123779,6.0698018074035645,3.555137872695923,176.24385404586792
424,0,-2.6652283668518066,1.4481735229492188,0.10076893121004105,1.451675295829773,0.0695834681391716,0.9951814413070679,0.045255422592163086,4.453341960906982,1.6822534799575806,5.714313983917236,6.073482513427734,3.555821418762207,176.28695058822632
425,0,-2.6340322494506836,1.448909044265747,0.10401487350463867,1.4526376724243164,0.07178840786218643,0.9948729276657104,0.045278407633304596,4.594458103179932,1.6823747158050537,5.715658664703369,6.0768842697143555,3.556431293487549,176.33004355430603
426,0,-2.686497926712036,1.4496183395385742,0.09874667972326279,1.4529776573181152,0.06811908632516861,0.995381236076355,0.045300573110580444,4.359621524810791,1.682494044303894,5.717952728271484,6.080175876617432,3.556990385055542,176.37316584587097
427,0,-2.7589120864868164,1.450297474861145,0.091891810297966,1.4532057046890259,0.06336066126823425,0.9960014820098877,0.04532179608941078,4.055082321166992,1.6826132535934448,5.7201337814331055,6.083324432373047,3.5574851036071777,176.41626405715942
428,0,-2.8029017448425293,1.4509341716766357,0.08797574788331985,1.4535988569259644,0.060633864253759384,0.9963371157646179,0.04534169286489487,3.8805673122406006,1.6827311515808105,5.723150730133057,6.086158275604248,3.557891845703125,176.45938324928284
429,0,-2.816411018371582,1.4515255689620972,0.08683062344789505,1.4541202783584595,0.05982024967670441,0.9964344501495361,0.045360174030065536,3.828495979309082,1.6828484535217285,5.726015567779541,6.088561058044434,3.5582048892974854,176.50247526168823
430,0,-2.7919564247131348,1.4520727396011353,0.08901376277208328,1.4547984600067139,0.06130117177963257,0.9962562918663025,0.04537727311253548,3.9232749938964844,1.6829639673233032,5.724752426147461,6.0905022621154785,3.5584282875061035,176.54558801651
431,0,-2.9834043979644775,1.4525891542434692,0.07353036105632782,1.4544490575790405,0.05062020570039749,0.9974440932273865,0.045393411070108414,3.2396931648254395,1.6830781698226929,5.727536678314209,6.092292308807373,3.5585989952087402,180.28636837005615
432,0,-2.524726629257202,1.4530291557312012,0.11635886132717133,1.4576807022094727,0.08008019626140594,0.9936280846595764,0.04540716111660004,5.1251325607299805,1.683191180229187,5.730233192443848,6.093514442443848,3.5586299896240234,180.3295226097107
433,0,-2.6402158737182617,1.4535012245178223,0.10370130091905594,1.45719575881958,0.07134586572647095,0.9949356913566589,0.045421913266181946,4.566135406494141,1.683302640914917,5.731647968292236,6.095075607299805,3.5587382316589355,180.37263107299805
434,0,-2.683708667755127,1.453992247581482,0.09932126104831696,1.4573805332183838,0.06830934435129166,0.9953555464744568,0.04543725773692131,4.371798038482666,1.6834162473678589,5.731601715087891,6.096802234649658,3.5588905811309814,180.4157156944275
435,0,-2.6312947273254395,1.4544872045516968,0.10470154881477356,1.4582507610321045,0.07198520004749298,0.994844913482666,0.045452725142240524,4.607052803039551,1.6835286617279053,5.7327680587768555,6.098676681518555,3.5590708255767822,180.45875883102417
436,0,-2.9507460594177246,1.4549990892410278,0.07609742879867554,1.4569876194000244,0.05230066925287247,0.9972721338272095,0.04546872153878212,3.347242832183838,1.6836411952972412,5.736393928527832,6.100817680358887,3.559296131134033,180.5018424987793
437,0,-2.2020585536956787,1.4554531574249268,0.16093716025352478,1.4643239974975586,0.11057529598474503,0.9879207611083984,0.04548291116952896,7.076818943023682,1.683752179145813,5.738105297088623,6.1026611328125,3.5594353675842285,180.54492378234863
438,0,-1.9079017639160156,1.4559630155563354,0.21605242788791656,1.4719058275222778,0.14839142560958862,0.9784544706344604,0.04549884423613548,9.497051239013672,1.6838620901107788,5.7393693923950195,6.1049723625183105,3.5597057342529297,180.5880310535431
439,0,-2.066030979156494,1.4565503597259521,0.18452687561511993,1.4681925773620605,0.12668760120868683,0.9842036366462708,0.045517198741436005,8.108006477355957,1.6839731931686401,5.740760803222656,6.1078290939331055,3.5601205825805664,180.6311333179474
440,0,-2.576129913330078,1.4571999311447144,0.11084603518247604,1.4614099264144897,0.07606782764196396,0.9942467212677002,0.045537497848272324,4.868340969085693,1.6840875148773193,5.742523193359375,6.111096382141113,3.5606536865234375,180.67423820495605
441,0,-2.457702159881592,1.4578558206558228,0.12483835965394974,1.4631911516189575,0.08563148230314255,0.9927206039428711,0.04555799439549446,5.480414867401123,1.6842049360275269,5.745339393615723,6.114326477050781,3.5612106323242188,184.43349766731262
442,0,-2.3373262882232666,1.4585232734680176,0.14087224006652832,1.4653104543685913,0.09658552706241608,0.9907576441764832,0.04557885229587555,6.181473731994629,1.684319019317627,5.74799108505249,6.117774486541748,3.5618088245391846,184.47664880752563
443,0,-2.3596043586730957,1.4592254161834717,0.13783492147922516,1.4657206535339355,0.09445759654045105,0.9911566972732544,0.04560079425573349,6.045286178588867,1.6844356060028076,5.750432968139648,6.121562480926514,3.562471866607666,184.5197412967682
444,0,-2.614551544189453,1.4599597454071045,0.10686995089054108,1.4638659954071045,0.07320061326026917,0.9946702122688293,0.045623742043972015,4.684839248657227,1.6845556497573853,5.753148555755615,6.125610828399658,3.563187599182129,184.56286931037903
445,0,-2.5586581230163574,1.460679531097412,0.113069087266922,1.4650492668151855,0.0774085521697998,0.9940435886383057,0.04564623534679413,4.9541473388671875,1.6846742630004883,5.7564311027526855,6.129508972167969,3.563877820968628,184.60593962669373
446,0,-2.4722936153411865,1.4613960981369019,0.1233287826180458,1.4665907621383667,0.08439107239246368,0.9929285645484924,0.04566862806677818,5.401028633117676,1.684792160987854,5.758255481719971,6.133269309997559,3.56455659866333,184.6490466594696
447,0,-2.792416572570801,1.4621269702911377,0.08958885818719864,1.4648690223693848,0.06127296760678291,0.9962596893310547,0.04569146782159805,3.9214699268341064,1.6849114894866943,5.759016036987305,6.1370368003845215,3.5652472972869873,184.69213008880615
448,0,-2.663116931915283,1.4628114700317383,0.10200262814760208,1.4663633108139038,0.06973053514957428,0.9951614737510681,0.04571285843849182,4.462754249572754,1.685030221939087,5.76115608215332,6.140309810638428,3.565833806991577,184.73527574539185
449,0,-2.6402759552001953,1.4634790420532227,0.10440689325332642,1.4671984910964966,0.07134157419204712,0.9949362874031067,0.04573372006416321,4.565860748291016,1.6851471662521362,5.765346527099609,6.143563747406006,3.5663869380950928,184.77831888198853
450,0,-2.867171287536621,1.4641486406326294,0.08325082808732986,1.4665135145187378,0.05685954540967941,0.9967774748802185,0.04575464501976967,3.6390109062194824,1.6852670907974243,5.767698764801025,6.146792411804199,3.566924810409546,184.8214132785797
0,1,3.6304452419281006,0.3499487042427063,13.203428268432617,13.208065032958984,37.729610443115234,0.0007019891054369509,0.010935897007584572,2414.695068359375,1.1363688707351685,3.535794496536255,3.096693754196167,6.547475337982178,188.53319215774536
1,1,2.819091796875,0.7753423452377319,12.99599552154541,13.019103050231934,16.761621475219727,0.0035467036068439484,0.024229448288679123,1072.7437744140625,1.143532395362854,3.766921043395996,2.92777419090271,6.789609909057617,192.27187871932983
2,1,2.7613184452056885,0.8195834159851074,12.9663724899292,12.99224853515625,15.820686340332031,0.003979400731623173,0.025611981749534607,1012.52392578125,1.144554615020752,3.7944865226745605,2.9179799556732178,6.801758766174316,192.3149962425232
3,1,2.71547269821167,0.8562769889831543,12.939844131469727,12.968144416809082,15.111750602722168,0.004359863232821226,0.026758655905723572,967.1520385742188,1.1454328298568726,3.817152500152588,2.9093637466430664,6.812332630157471,192.35807085037231
4,1,2.676534652709961,0.8885654211044312,12.9149751663208,12.94550609588623,14.534636497497559,0.0047113001346588135,0.027767669409513474,930.2167358398438,1.1462281942367554,3.836900472640991,2.901381731033325,6.821985244750977,192.40116715431213
5,1,2.6421873569488525,0.9179154634475708,12.89110279083252,12.923741340637207,14.043889045715332,0.005044624675065279,0.028684858232736588,898.8088989257812,1.1469695568084717,3.8546512126922607,2.893789768218994,6.831011772155762,192.44436740875244
6,1,2.611144542694092,0.9451496005058289,12.867857933044434,12.902522087097168,13.614625930786133,0.0053660147823393345,0.029535925015807152,871.3360595703125,1.1476733684539795,3.870917558670044,2.8864586353302,6.839571475982666,192.48750138282776
7,1,2.5826077461242676,0.9707831740379333,12.845013618469238,12.881646156311035,13.231598854064941,0.0056793903931975365,0.030336974188685417,846.8223266601562,1.1483500003814697,3.886018991470337,2.8794326782226562,6.847760200500488,192.53068280220032
8,1,2.556042432785034,0.9951646327972412,12.822421073913574,12.860981941223145,12.884723663330078,0.0059874458238482475,0.031098894774913788,824.622314453125,1.149006724357605,3.9001691341400146,2.876312017440796,6.855642318725586,192.5737841129303
9,1,2.5310709476470947,1.018541932106018,12.79997444152832,12.840435028076172,12.5669584274292,0.006292139645665884,0.031829435378313065,804.2853393554688,1.1496490240097046,3.913517713546753,2.8731439113616943,6.863260746002197,192.61692810058594
10,1,2.5074164867401123,1.0410984754562378,12.77759075164795,12.819934844970703,12.273181915283203,0.006594957318156958,0.03253432735800743,785.483642578125,1.150280475616455,3.9261744022369385,2.8699190616607666,6.870647430419922,192.6600399017334
11,1,2.4848685264587402,1.062975287437439,12.755217552185059,12.799432754516602,11.999543190002441,0.006897073704749346,0.03321797773241997,767.9707641601562,1.1509045362472534,3.9382221698760986,2.8666319847106934,6.877825736999512,196.33411979675293
12,1,2.4632630348205566,1.0842822790145874,12.732800483703613,12.778883934020996,11.743067741394043,0.007199442014098167,0.033883821219205856,751.5563354492188,1.1515235900878906,3.949723482131958,2.8632776737213135,6.884814262390137,196.3772144317627
13,1,2.4424705505371094,1.1051075458526611,12.710305213928223,12.758257865905762,11.501419067382812,0.007502851076424122,0.03453461080789566,736.0908203125,1.152139663696289,3.960728645324707,2.8598525524139404,6.891626358032227,196.42036390304565
14,1,2.4223856925964355,1.1255232095718384,12.68770980834961,12.737533569335938,11.272721290588379,0.0078079719096422195,0.03517260029911995,721.4541625976562,1.152754545211792,3.9712774753570557,2.856353521347046,6.898272514343262,196.46343326568604
15,1,2.402923107147217,1.1455879211425781,12.664983749389648,12.716689109802246,11.055444717407227,0.008115378208458424,0.035799622535705566,707.5484619140625,1.1533699035644531,3.981401205062866,2.8527791500091553,6.904763221740723,196.50657105445862
16,1,2.3840110301971436,1.1653505563735962,12.642106056213379,12.695703506469727,10.848328590393066,0.00842557568103075,0.03641720488667488,694.2930297851562,1.1539866924285889,3.9911234378814697,2.8491270542144775,6.911104679107666,196.54963159561157
17,1,2.3655900955200195,1.1848522424697876,12.619058609008789,12.674562454223633,10.650322914123535,0.008739014156162739,0.03702663257718086,681.6206665039062,1.1546061038970947,4.000466346740723,2.8453962802886963,6.91730260848999,196.59274697303772
18,1,2.3476107120513916,1.2041279077529907,12.595836639404297,12.653260231018066,10.46054744720459,0.009056081995368004,0.03762899711728096,669.4750366210938,1.1552293300628662,4.009445667266846,2.841586112976074,6.9233622550964355,196.6358346939087
19,1,2.330029249191284,1.2232069969177246,12.572419166564941,12.631782531738281,10.278243064880371,0.00937714520841837,0.038225218653678894,657.8075561523438,1.1558568477630615,4.0180745124816895,2.837695598602295,6.929288387298584,196.678950548172
20,1,2.312809705734253,1.2421146631240845,12.548799514770508,12.610123634338379,10.102770805358887,0.009702523238956928,0.03881608322262764,646.5773315429688,1.1564897298812866,4.026362895965576,2.842897415161133,6.935083389282227,196.72202324867249
21,1,2.2959206104278564,1.2608721256256104,12.524969100952148,12.588273048400879,9.933575630187988,0.010032515041530132,0.039402253925800323,635.7488403320312,1.1571284532546997,4.03432035446167,2.848522901535034,6.940750598907471,201.4922478199005
22,1,2.279334306716919,1.2794982194900513,12.500921249389648,12.566230773925781,9.770174980163574,0.010367386974394321,0.0399843193590641,625.2911987304688,1.1577738523483276,4.041953086853027,2.8540725708007812,6.946292877197266,201.5353331565857
23,1,2.2630276679992676,1.2980082035064697,12.47664737701416,12.543985366821289,9.61214828491211,0.010707395151257515,0.04056275635957718,615.177490234375,1.15842604637146,4.049265384674072,2.859549045562744,6.951712608337402,201.5784285068512
24,1,2.2469801902770996,1.3164160251617432,12.452147483825684,12.521539688110352,9.459127426147461,0.01105276308953762,0.041138000786304474,605.3841552734375,1.1590858697891235,4.056262016296387,2.8649535179138184,6.9570112228393555,201.62154388427734
25,1,2.2311737537384033,1.3347331285476685,12.427416801452637,12.49888801574707,9.31078815460205,0.011403708718717098,0.04171041026711464,595.8904418945312,1.1597535610198975,4.0629448890686035,2.8702874183654785,6.962191104888916,201.66467571258545
26,1,2.215592384338379,1.3529690504074097,12.402447700500488,12.476027488708496,9.166837692260742,0.011760426685214043,0.04228028282523155,586.6776123046875,1.1604294776916504,4.069316387176514,2.87555193901062,6.9672532081604,201.70775747299194
27,1,2.2002222537994385,1.3711321353912354,12.377238273620605,12.452953338623047,9.027020454406738,0.0121231060475111,0.042847879230976105,577.7293090820312,1.161113977432251,4.075377464294434,2.8807482719421387,6.972198963165283,201.75088262557983
28,1,2.185051679611206,1.3892300128936768,12.351795196533203,12.429673194885254,8.891108512878418,0.012491910718381405,0.0434134379029274,569.0309448242188,1.161807656288147,4.08112907409668,2.8858768939971924,6.977031230926514,201.7939383983612
29,1,2.170069456100464,1.407267451286316,12.326103210449219,12.406177520751953,8.758892059326172,0.012866999953985214,0.04397710785269737,560.569091796875,1.1625101566314697,4.086569309234619,2.890939712524414,6.981749534606934,201.83705615997314
30,1,2.155266284942627,1.425249695777893,12.3001708984375,12.382469177246094,8.630187034606934,0.013248521834611893,0.04453905299305916,552.3319702148438,1.1632221937179565,4.091698169708252,2.89593768119812,6.986355781555176,201.88010931015015
31,1,2.1406331062316895,1.4431809186935425,12.273995399475098,12.358548164367676,8.504820823669434,0.013636616058647633,0.0450994037091732,544.3085327148438,1.1639437675476074,4.096515655517578,2.9008712768554688,6.990851402282715,205.5779571533203
32,1,2.1261632442474365,1.4610637426376343,12.247574806213379,12.3344144821167,8.38264274597168,0.014031407423317432,0.04565824195742607,536.4891357421875,1.164674997329712,4.101017951965332,2.9057416915893555,6.995236873626709,205.6210458278656
33,1,2.111849546432495,1.47890043258667,12.220909118652344,12.310067176818848,8.263510704040527,0.014433013275265694,0.046215638518333435,528.8646850585938,1.1654160022735596,4.105205535888672,2.9105498790740967,6.999514102935791,205.66417455673218
34,1,2.0976860523223877,1.49669349193573,12.194005012512207,12.285513877868652,8.147295951843262,0.014841543510556221,0.04677167162299156,521.4269409179688,1.166167140007019,4.109076499938965,2.915297269821167,7.003683567047119,205.70726442337036
35,1,2.083667755126953,1.514443039894104,12.166854858398438,12.260746002197266,8.033881187438965,0.015257102437317371,0.04732634499669075,514.1683959960938,1.1669282913208008,4.1126275062561035,2.919984817504883,7.007746696472168,205.75036549568176
36,1,2.069789409637451,1.5321507453918457,12.139467239379883,12.235773086547852,7.923154830932617,0.01567978784441948,0.04787971079349518,507.0819091796875,1.1676995754241943,4.115857124328613,2.9246127605438232,7.011704921722412,205.79345536231995
37,1,2.056047201156616,1.5498158931732178,12.111839294433594,12.210592269897461,7.815018177032471,0.01610967516899109,0.048431746661663055,500.1611633300781,1.1684809923171997,4.118763446807861,2.9291834831237793,7.015559196472168,205.83655261993408
38,1,2.0424370765686035,1.5674389600753784,12.083974838256836,12.185208320617676,7.709374904632568,0.01654684916138649,0.048982467502355576,493.3999938964844,1.1692726612091064,4.121343612670898,2.93369722366333,7.019309997558594,205.87964057922363
39,1,2.0289556980133057,1.5850191116333008,12.055874824523926,12.159621238708496,7.606138229370117,0.0169913899153471,0.04953184723854065,486.7928466796875,1.1700745820999146,4.12359619140625,2.9381556510925293,7.0229597091674805,205.92275047302246
40,1,2.015599489212036,1.6025559902191162,12.027544975280762,12.133838653564453,7.505226135253906,0.017443355172872543,0.05007987469434738,480.33447265625,1.1708868741989136,4.125518798828125,2.942559242248535,7.026508331298828,205.965838432312
41,1,2.002366304397583,1.620047688484192,11.998983383178711,12.107854843139648,7.406561851501465,0.017902808263897896,0.050626490265131,474.01995849609375,1.1717092990875244,4.127109527587891,2.9469096660614014,7.0299577713012695,209.66629910469055
42,1,1.9892531633377075,1.6374931335449219,11.970192909240723,12.081676483154297,7.31007194519043,0.018369806930422783,0.05117166042327881,467.8446044921875,1.172541856765747,4.128365516662598,2.9512083530426025,7.033308029174805,209.70942091941833
43,1,1.9762576818466187,1.6548912525177002,11.941181182861328,12.05530834197998,7.215689182281494,0.018844397738575935,0.05171535164117813,461.8041076660156,1.1733847856521606,4.129286766052246,2.955456495285034,7.036562442779541,209.7525544166565
44,1,1.9633779525756836,1.6722394227981567,11.911944389343262,12.028748512268066,7.123348712921143,0.019326623529195786,0.0522574819624424,455.8943176269531,1.1742377281188965,4.12986946105957,2.95965576171875,7.03972053527832,209.7956886291504
45,1,1.9506117105484009,1.6895369291305542,11.882493019104004,12.002006530761719,7.03298807144165,0.019816532731056213,0.05279802903532982,450.1112365722656,1.1751009225845337,4.1301140785217285,2.9638068675994873,7.042784690856934,209.8388135433197
46,1,1.9379572868347168,1.7067809104919434,11.852826118469238,11.975082397460938,6.944550514221191,0.020314142107963562,0.05333690345287323,444.45123291015625,1.1759740114212036,4.144496440887451,2.9679112434387207,7.045755386352539,209.88188982009888
47,1,1.925412893295288,1.723969578742981,11.82294750213623,11.947977066040039,6.8579792976379395,0.02081950753927231,0.053874049335718155,438.9106750488281,1.1768571138381958,4.167627334594727,2.971970319747925,7.048634052276611,209.92498970031738
48,1,1.912976861000061,1.7411010265350342,11.792863845825195,11.920699119567871,6.773221969604492,0.0213326346129179,0.05440940707921982,433.4862060546875,1.1777501106262207,4.19057559967041,2.975985527038574,7.051421642303467,209.96808695793152
49,1,1.9006479978561401,1.7581723928451538,11.762575149536133,11.893248558044434,6.690228462219238,0.021853545680642128,0.054942887276411057,428.17462158203125,1.1786530017852783,4.213330268859863,2.9799587726593018,7.05411958694458,210.01120233535767
50,1,1.8884248733520508,1.7751820087432861,11.732089042663574,11.865630149841309,6.608950138092041,0.02238227054476738,0.05547443777322769,422.9728088378906,1.1795655488967896,4.23588228225708,2.983891248703003,7.056730270385742,210.05428814888
51,1,1.8763059377670288,1.7921273708343506,11.701409339904785,11.837850570678711,6.5293402671813965,0.022918809205293655,0.056003980338573456,417.8777770996094,1.1804879903793335,4.258221626281738,2.9877841472625732,7.059253692626953,213.72855162620544
52,1,1.8642898797988892,1.8090059757232666,11.670536041259766,11.809906959533691,6.451353073120117,0.023463189601898193,0.05653143674135208,412.8865966796875,1.1814196109771729,4.280337333679199,2.991638660430908,7.0616912841796875,213.77175211906433
53,1,1.8523757457733154,1.825816035270691,11.639480590820312,11.78181266784668,6.3749470710754395,0.02401539869606495,0.05705675110220909,407.9966125488281,1.182361125946045,4.302220821380615,2.995457410812378,7.06404447555542,213.81490111351013
54,1,1.8405622243881226,1.8425546884536743,11.608241081237793,11.75356388092041,6.300079345703125,0.024575456976890564,0.05757983401417732,403.205078125,1.183311939239502,4.323861122131348,2.999241352081299,7.066315174102783,213.85797905921936
55,1,1.8288483619689941,1.8592197895050049,11.576825141906738,11.725168228149414,6.226711273193359,0.02514335885643959,0.0581006184220314,398.509521484375,1.1842719316482544,4.345249176025391,3.0029916763305664,7.0685038566589355,213.90108799934387
56,1,1.8172328472137451,1.8758091926574707,11.545236587524414,11.696630477905273,6.154803276062012,0.02571910247206688,0.05861903727054596,393.90740966796875,1.1852412223815918,4.36637544631958,3.0067102909088135,7.070611953735352,213.94417023658752
57,1,1.805714726448059,1.892321228981018,11.513484954833984,11.667956352233887,6.0843186378479,0.02630268782377243,0.059135038405656815,389.3963928222656,1.1862198114395142,4.387231826782227,3.0103983879089355,7.072641372680664,213.9873149394989
58,1,1.79429292678833,1.9087525606155396,11.481566429138184,11.639145851135254,6.015219688415527,0.0268941018730402,0.05964851751923561,384.97406005859375,1.1872073411941528,4.407806396484375,3.0140573978424072,7.074592590332031,214.03038120269775
59,1,1.7829663753509521,1.9251023530960083,11.449493408203125,11.610207557678223,5.94747257232666,0.027493352070450783,0.06015944853425026,380.63824462890625,1.1882039308547974,4.428092956542969,3.0176894664764404,7.076467514038086,214.07349109649658
60,1,1.7717341184616089,1.9413678646087646,11.417267799377441,11.581145286560059,5.881042957305908,0.028100410476326942,0.060667745769023895,376.3867492675781,1.1892093420028687,4.4480814933776855,3.0212950706481934,7.0782670974731445,214.1165885925293
61,1,1.7605953216552734,1.9575468301773071,11.384893417358398,11.551959991455078,5.815898418426514,0.02871527336537838,0.06117333844304085,372.2174987792969,1.1902235746383667,4.468967437744141,3.0248770713806152,7.079992294311523,217.85795497894287
62,1,1.7495486736297607,1.9736384153366089,11.35237979888916,11.522663116455078,5.7520060539245605,0.02933793142437935,0.06167620047926903,368.1283874511719,1.1912466287612915,4.498797416687012,3.0284359455108643,7.0816450119018555,217.90105175971985
63,1,1.738593339920044,1.9896397590637207,11.31972599029541,11.493253707885742,5.689334392547607,0.02996835485100746,0.06217624247074127,364.1174011230469,1.1922783851623535,4.528691291809082,3.0319736003875732,7.083225727081299,217.94418120384216
64,1,1.7277283668518066,2.005549669265747,11.286942481994629,11.463738441467285,5.627854824066162,0.030606547370553017,0.0626734271645546,360.1827087402344,1.1933186054229736,4.558638095855713,3.0354912281036377,7.084736347198486,217.98728466033936
65,1,1.7169526815414429,2.021366834640503,11.254033088684082,11.434123992919922,5.567536354064941,0.03125247731804848,0.06316771358251572,356.32232666015625,1.194367527961731,4.588626861572266,3.0389907360076904,7.086178302764893,218.03040671348572
66,1,1.7062652111053467,2.0370891094207764,11.221000671386719,11.404411315917969,5.508350372314453,0.03190614655613899,0.06365903466939926,352.534423828125,1.1954249143600464,4.618644714355469,3.0424723625183105,7.087551116943359,218.07348251342773
67,1,1.6956651210784912,2.052716016769409,11.18785572052002,11.37460994720459,5.45026969909668,0.032567523419857025,0.06414737552404404,348.8172607421875,1.19649076461792,4.648680210113525,3.045938730239868,7.0888566970825195,218.1165976524353
68,1,1.6851513385772705,2.0682449340820312,11.154597282409668,11.344720840454102,5.3932671546936035,0.03323657438158989,0.06463265419006348,345.1690979003906,1.197564959526062,4.678719997406006,3.049391269683838,7.090097904205322,218.15970540046692
69,1,1.674722671508789,2.0836758613586426,11.121234893798828,11.314750671386719,5.337315082550049,0.033913321793079376,0.06511487066745758,341.5881652832031,1.1986476182937622,4.708752632141113,3.052830219268799,7.091273784637451,218.20283484458923
70,1,1.6643785238265991,2.0990071296691895,11.087772369384766,11.284703254699707,5.282389163970947,0.0345977246761322,0.06559397280216217,338.0729064941406,1.199738621711731,4.738763809204102,3.056257724761963,7.092386722564697,218.24592185020447
71,1,1.654117465019226,2.1142380237579346,11.054216384887695,11.254586219787598,5.228463649749756,0.03528976067900658,0.06606993824243546,334.6216735839844,1.2008380889892578,4.768741130828857,3.0596752166748047,7.0934367179870605,222.00710105895996
72,1,1.6439385414123535,2.1293675899505615,11.020570755004883,11.224401473999023,5.175513744354248,0.0359894223511219,0.06654273718595505,331.2328796386719,1.2019457817077637,4.798671245574951,3.0630834102630615,7.094425201416016,222.05019664764404
73,1,1.633840799331665,2.144394636154175,10.986839294433594,11.19415283203125,5.123515605926514,0.036696694791316986,0.06701233237981796,327.9049987792969,1.203061819076538,4.8285393714904785,3.066483974456787,7.095354080200195,222.09329199790955
74,1,1.6238231658935547,2.1593191623687744,10.95302963256836,11.163847923278809,5.072445869445801,0.037411563098430634,0.0674787238240242,324.63653564453125,1.204186201095581,4.858332633972168,3.069877862930298,7.096222877502441,222.13633394241333
75,1,1.613884449005127,2.174140691757202,10.919147491455078,11.133493423461914,5.022282123565674,0.038134001195430756,0.06794189661741257,321.4260559082031,1.2053190469741821,4.88803768157959,3.0732662677764893,7.097033500671387,222.17941689491272
76,1,1.6040234565734863,2.1888585090637207,10.8851957321167,11.103089332580566,4.973001003265381,0.03886401653289795,0.06840182840824127,318.2720642089844,1.2064601182937622,4.917638301849365,3.0766501426696777,7.097786903381348,222.22251915931702
77,1,1.5942394733428955,2.203472375869751,10.851181030273438,11.072643280029297,4.924582481384277,0.039601586759090424,0.06885851174592972,315.17327880859375,1.20760977268219,4.947122097015381,3.0800302028656006,7.098484516143799,222.26562571525574
78,1,1.5845309495925903,2.217982292175293,10.817107200622559,11.042158126831055,4.877003192901611,0.040346719324588776,0.0693119466304779,312.1282043457031,1.2087676525115967,4.976473331451416,3.0834083557128906,7.099126815795898,222.30870985984802
79,1,1.574897050857544,2.232388496398926,10.782981872558594,11.011641502380371,4.830244541168213,0.041099391877651215,0.06976214051246643,309.1356506347656,1.2099343538284302,5.005678653717041,3.086784601211548,7.0997138023376465,222.35179901123047
80,1,1.5653364658355713,2.2466907501220703,10.748806953430176,10.981095314025879,4.7842841148376465,0.041859619319438934,0.0702090859413147,306.1941833496094,1.2111095190048218,5.034721851348877,3.0901601314544678,7.100247859954834,222.39490032196045
81,1,1.5558478832244873,2.2608892917633057,10.714588165283203,10.950525283813477,4.739103317260742,0.04262738674879074,0.0706527903676033,303.3026123046875,1.2122933864593506,5.063589096069336,3.093535900115967,7.100729465484619,226.1760232448578
82,1,1.5464305877685547,2.27498459815979,10.680331230163574,10.919937133789062,4.694683074951172,0.043402690440416336,0.07109326869249344,300.459716796875,1.2134859561920166,5.092265605926514,3.0969126224517822,7.101158618927002,226.21912217140198
83,1,1.5370829105377197,2.2889769077301025,10.646038055419922,10.889331817626953,4.651002883911133,0.04418556019663811,0.0715305283665657,297.6641845703125,1.2146873474121094,5.120736122131348,3.100290536880493,7.101536750793457,226.2622435092926
84,1,1.527803897857666,2.3028671741485596,10.61171817779541,10.858717918395996,4.608046054840088,0.04497598484158516,0.07196459919214249,294.9149475097656,1.215897798538208,5.148987293243408,3.103671073913574,7.101865291595459,226.30533981323242
85,1,1.518592357635498,2.3166563510894775,10.577374458312988,10.828099250793457,4.565793514251709,0.04577399045228958,0.07239551097154617,292.2107849121094,1.217117428779602,5.177002906799316,3.1070539951324463,7.102144241333008,226.34847283363342
86,1,1.5094467401504517,2.3303444385528564,10.543007850646973,10.797476768493652,4.524227142333984,0.04657959192991257,0.07282326370477676,289.550537109375,1.2183459997177124,5.20476770401001,3.1104390621185303,7.102375030517578,226.39159512519836
87,1,1.5003660917282104,2.343933343887329,10.508626937866211,10.76685905456543,4.483330249786377,0.04739280790090561,0.07324791699647903,286.9331359863281,1.2195842266082764,5.232269763946533,3.113828420639038,7.102557182312012,226.43469882011414
88,1,1.4913489818572998,2.357424020767212,10.474235534667969,10.736249923706055,4.443085193634033,0.048213668167591095,0.07366950064897537,284.3574523925781,1.2208319902420044,5.259493827819824,3.1172211170196533,7.102692127227783,226.47776222229004
89,1,1.4823943376541138,2.370816946029663,10.439835548400879,10.705650329589844,4.403476238250732,0.049042198807001114,0.07408802956342697,281.8224792480469,1.2220892906188965,5.286424160003662,3.1206183433532715,7.102780342102051,226.52086067199707
90,1,1.4735006093978882,2.3841135501861572,10.405431747436523,10.675065040588379,4.3644866943359375,0.04987843334674835,0.07450354844331741,279.3271484375,1.2233564853668213,5.313048362731934,3.1243672370910645,7.102823734283447,226.56394624710083
91,1,1.4646663665771484,2.3973166942596436,10.371031761169434,10.644501686096191,4.326099872589111,0.05072244256734848,0.07491614669561386,276.8703918457031,1.224633812904358,5.339352607727051,3.1471924781799316,7.1028218269348145,230.3000144958496
92,1,1.4558908939361572,2.410426139831543,10.336634635925293,10.613961219787598,4.288301944732666,0.0515742152929306,0.07532581686973572,274.4513244628906,1.225921392440796,5.365323543548584,3.170469045639038,7.102774620056152,230.34315395355225
93,1,1.4471720457077026,2.4234445095062256,10.30224609375,10.583447456359863,4.251075744628906,0.052433859556913376,0.07573264092206955,272.06884765625,1.2272193431854248,5.3909478187561035,3.194207191467285,7.102684020996094,230.38629364967346
94,1,1.4385089874267578,2.436373472213745,10.26786994934082,10.55296516418457,4.214407444000244,0.053301408886909485,0.07613667100667953,269.7220764160156,1.2285281419754028,5.416212558746338,3.218416690826416,7.102550506591797,230.42937755584717
95,1,1.4299001693725586,2.4492149353027344,10.233510971069336,10.522520065307617,4.178282260894775,0.05417691543698311,0.07653796672821045,267.4100646972656,1.2298479080200195,5.441107273101807,3.243107795715332,7.1023736000061035,230.47251534461975
96,1,1.42134428024292,2.4619712829589844,10.199172973632812,10.492112159729004,4.142685413360596,0.0550604946911335,0.07693660259246826,265.1318664550781,1.231178879737854,5.46561861038208,3.2687268257141113,7.10215425491333,230.5155689716339
97,1,1.4128398895263672,2.4746437072753906,10.16485595703125,10.461747169494629,4.107604026794434,0.05595216900110245,0.07733261585235596,262.88665771484375,1.2325212955474854,5.489735126495361,3.2951431274414062,7.101893424987793,230.5586450099945
98,1,1.4043854475021362,2.4872350692749023,10.13056468963623,10.431427955627441,4.073022842407227,0.056852053850889206,0.0777260959148407,260.6734619140625,1.2338753938674927,5.513446807861328,3.322085380554199,7.101591110229492,230.60176610946655
99,1,1.395979642868042,2.4997475147247314,10.096303939819336,10.40115737915039,4.038929462432861,0.05776023864746094,0.07811710983514786,258.4914855957031,1.2352415323257446,5.536742687225342,3.3495631217956543,7.101248741149902,230.644873380661
100,1,1.3876210451126099,2.512183427810669,10.062073707580566,10.370939254760742,4.00531005859375,0.058676812797784805,0.0785057321190834,256.33984375,1.2366199493408203,5.559613227844238,3.377589225769043,7.100865364074707,230.68792629241943
101,1,1.3793081045150757,2.524545907974243,10.027880668640137,10.340780258178711,3.9721522331237793,0.05960187315940857,0.0788920596241951,254.21774291992188,1.2380110025405884,5.58204984664917,3.4061732292175293,7.100441932678223,234.43148946762085
102,1,1.3710395097732544,2.536836862564087,9.993725776672363,10.310678482055664,3.939443588256836,0.06053556501865387,0.07927615195512772,252.1243896484375,1.239414930343628,5.608951091766357,3.4353275299072266,7.099978923797607,234.47461462020874
103,1,1.3628134727478027,2.549060106277466,9.959612846374512,10.28064250946045,3.9071707725524902,0.061477985233068466,0.0796581283211708,250.05892944335938,1.2408324480056763,5.656405448913574,3.4650635719299316,7.0994768142700195,234.51773118972778
104,1,1.3546289205551147,2.5612165927886963,9.925540924072266,10.2506685256958,3.8753228187561035,0.0624292716383934,0.08003801852464676,248.02066040039062,1.2422631978988647,5.703970909118652,3.495393753051758,7.098935604095459,234.5607931613922
105,1,1.3464841842651367,2.5733110904693604,9.891517639160156,10.220766067504883,3.8438873291015625,0.06338955461978912,0.08041597157716751,246.0087890625,1.2437081336975098,5.751645565032959,3.5263285636901855,7.098355770111084,234.6039171218872
106,1,1.3383777141571045,2.5853452682495117,9.85754108428955,10.190934181213379,3.8128528594970703,0.06435897201299667,0.08079203963279724,244.0225830078125,1.2451672554016113,5.799421787261963,3.5578808784484863,7.097738265991211,234.64701294898987
107,1,1.3303080797195435,2.597323179244995,9.823616981506348,10.161177635192871,3.782208204269409,0.06533770263195038,0.0811663493514061,242.0613250732422,1.2466411590576172,5.847295761108398,3.5900633335113525,7.097082614898682,234.69014716148376
108,1,1.3222734928131104,2.6092474460601807,9.78974437713623,10.131498336791992,3.751941680908203,0.06632590293884277,0.08153898268938065,240.124267578125,1.2481300830841064,5.895260334014893,3.6228880882263184,7.096388339996338,234.73323893547058
109,1,1.3142726421356201,2.621121406555176,9.755926132202148,10.101899147033691,3.7220427989959717,0.06732373684644699,0.08191004395484924,238.2107391357422,1.2496343851089478,5.94331169128418,3.656367301940918,7.0956573486328125,234.77632212638855
110,1,1.3063040971755981,2.632948637008667,9.722166061401367,10.072383880615234,3.6925013065338135,0.06833138316869736,0.08227964490652084,236.32008361816406,1.2511545419692993,5.9914422035217285,3.690513849258423,7.094888687133789,234.81940412521362
111,1,1.2983660697937012,2.644732713699341,9.688465118408203,10.042956352233887,3.6633059978485107,0.06934903562068939,0.0826478973031044,234.4515838623047,1.2526911497116089,6.039648056030273,3.7253408432006836,7.094083309173584,238.5759289264679
112,1,1.2904568910598755,2.6564762592315674,9.654821395874023,10.0136137008667,3.634446620941162,0.0703769102692604,0.08301488310098648,232.60458374023438,1.2542442083358765,6.087921142578125,3.7608611583709717,7.093240261077881,238.619074344635
113,1,1.2825756072998047,2.6681835651397705,9.621243476867676,9.984363555908203,3.605915069580078,0.07141520082950592,0.08338073641061783,230.778564453125,1.2558143138885498,6.136257648468018,3.7970874309539795,7.092360496520996,238.6621994972229
114,1,1.2747199535369873,2.679858922958374,9.587729454040527,9.955209732055664,3.5776994228363037,0.07246412336826324,0.08374559134244919,228.97276306152344,1.2574023008346558,6.184650421142578,3.834033727645874,7.09144401550293,238.7052721977234
115,1,1.2668888568878174,2.6915042400360107,9.554278373718262,9.926148414611816,3.5497913360595703,0.07352391630411148,0.08410950750112534,227.1866455078125,1.2590079307556152,6.233091831207275,3.8717119693756104,7.090490818023682,238.74841451644897
116,1,1.259080410003662,2.703125476837158,9.520896911621094,9.897189140319824,3.5221807956695557,0.07459481805562973,0.0844726711511612,225.41957092285156,1.2606321573257446,6.281577110290527,3.910137414932251,7.089500427246094,238.7914960384369
117,1,1.2512931823730469,2.714724540710449,9.487581253051758,9.868329048156738,3.4948596954345703,0.0756770670413971,0.08483514189720154,223.6710205078125,1.2622750997543335,6.330099582672119,3.949321985244751,7.088473796844482,238.83465003967285
118,1,1.2435256242752075,2.726306676864624,9.45433521270752,9.83957290649414,3.467818021774292,0.07677095383405685,0.0851970836520195,221.9403533935547,1.2639374732971191,6.378652095794678,3.9892802238464355,7.087410926818848,238.87774777412415
119,1,1.2357759475708008,2.737874746322632,9.421157836914062,9.810921669006348,3.4410476684570312,0.07787670195102692,0.08555858582258224,220.22705078125,1.2656195163726807,6.427227973937988,4.030025959014893,7.086310386657715,238.92088150978088
120,1,1.2280430793762207,2.749433755874634,9.388053894042969,9.782378196716309,3.4145407676696777,0.07899463921785355,0.0859198048710823,218.53060913085938,1.2673218250274658,6.475821018218994,4.071573257446289,7.085174083709717,238.963965177536
121,1,1.2203247547149658,2.7609875202178955,9.355020523071289,9.753946304321289,3.3882877826690674,0.08012502640485764,0.08628086000680923,216.8504180908203,1.2690448760986328,6.524423599243164,4.113935947418213,7.084001064300537,242.70663928985596
122,1,1.2126200199127197,2.7725398540496826,9.322061538696289,9.725625991821289,3.3622822761535645,0.08126816898584366,0.08664187043905258,215.18606567382812,1.2707890272140503,6.573030471801758,4.157127380371094,7.082790374755859,242.74976181983948
123,1,1.2049267292022705,2.7840964794158936,9.289177894592285,9.697422981262207,3.336514472961426,0.08242440968751907,0.08700301498174667,213.53692626953125,1.2725551128387451,6.6216325759887695,4.201163291931152,7.081543445587158,242.79289555549622
124,1,1.1972434520721436,2.7956597805023193,9.256366729736328,9.66933536529541,3.3109774589538574,0.08359405398368835,0.08736436814069748,211.90255737304688,1.2743432521820068,6.670222759246826,4.246057510375977,7.080259323120117,242.83596563339233
125,1,1.1895689964294434,2.8072350025177,9.2236328125,9.641366958618164,3.2856645584106445,0.08477744460105896,0.08772609382867813,210.28253173828125,1.2761540412902832,6.718795299530029,4.2918243408203125,7.078937530517578,242.8790466785431
126,1,1.1819013357162476,2.818826198577881,9.190973281860352,9.613519668579102,3.2605676651000977,0.08597491681575775,0.08808831870555878,208.67633056640625,1.277988076210022,6.7673420906066895,4.338479995727539,7.077578067779541,242.92211365699768
127,1,1.174238920211792,2.830437660217285,9.1583890914917,9.585794448852539,3.2356793880462646,0.08718684315681458,0.08845117688179016,207.08348083496094,1.2798454761505127,6.815855026245117,4.386035919189453,7.076182842254639,242.9652395248413
128,1,1.166580319404602,2.8420753479003906,9.125885009765625,9.558199882507324,3.2109932899475098,0.08841358125209808,0.08881485462188721,205.50357055664062,1.2817274332046509,6.864328384399414,4.434510231018066,7.0747480392456055,243.00833797454834
129,1,1.1589239835739136,2.8537421226501465,9.093457221984863,9.530729293823242,3.186502695083618,0.0896555483341217,0.08917944133281708,203.93617248535156,1.283633828163147,6.912753582000732,4.483917713165283,7.073276042938232,243.05146861076355
130,1,1.1512680053710938,2.8654439449310303,9.061107635498047,9.50339126586914,3.1622002124786377,0.09091312438249588,0.0895451232790947,202.3808135986328,1.2855654954910278,6.961122512817383,4.53427267074585,7.071765422821045,243.09457397460938
131,1,1.143611192703247,2.8771843910217285,9.02883529663086,9.47618293762207,3.13808012008667,0.09218674898147583,0.08991201221942902,200.83712768554688,1.2875226736068726,7.009429454803467,4.585590362548828,7.070216178894043,246.8511061668396
132,1,1.1359517574310303,2.8889682292938232,8.9966402053833,9.449109077453613,3.114135980606079,0.0934767946600914,0.09028025716543198,199.30470275878906,1.2895060777664185,7.0576653480529785,4.637887001037598,7.068627834320068,246.89425373077393
133,1,1.1282881498336792,2.900801420211792,8.964526176452637,9.422174453735352,3.0903618335723877,0.0947837084531784,0.0906500443816185,197.7831573486328,1.2915163040161133,7.105822563171387,4.691177845001221,7.0670013427734375,246.93737602233887
134,1,1.1206188201904297,2.9126877784729004,8.932489395141602,9.395377159118652,3.066751480102539,0.09610798209905624,0.09102149307727814,196.2720947265625,1.2935537099838257,7.153894901275635,4.745479583740234,7.065334320068359,246.9804711341858
135,1,1.112942099571228,2.924633264541626,8.900533676147461,9.36872386932373,3.0432989597320557,0.09745002537965775,0.09139478951692581,194.77113342285156,1.2956188917160034,7.201875686645508,4.800807476043701,7.063628196716309,247.02364373207092
136,1,1.1052565574645996,2.9366414546966553,8.86865520477295,9.34221076965332,3.0199992656707764,0.09881037473678589,0.09177004545927048,193.2799530029297,1.2977120876312256,7.249754428863525,4.857178211212158,7.061881065368652,247.06674218177795
137,1,1.0975606441497803,2.9487178325653076,8.836854934692383,9.31584358215332,2.9968466758728027,0.1001894623041153,0.09214743226766586,191.79818725585938,1.299834132194519,7.297526836395264,4.914608001708984,7.060093879699707,247.10984182357788
138,1,1.0898525714874268,2.9608688354492188,8.805136680603027,9.289628028869629,2.9738354682922363,0.10158783942461014,0.09252715110778809,190.32546997070312,1.301985502243042,7.345186233520508,4.973113536834717,7.058265209197998,247.15294742584229
139,1,1.082131028175354,2.973097562789917,8.7734956741333,9.263559341430664,2.9509613513946533,0.10300600528717041,0.0929092988371849,188.8615264892578,1.304166555404663,7.392724990844727,5.032710552215576,7.056395530700684,247.19607877731323
140,1,1.0743942260742188,2.98540997505188,8.74193286895752,9.237643241882324,2.9282186031341553,0.10444450378417969,0.09329406172037125,187.40599060058594,1.3063777685165405,7.440136432647705,5.093417644500732,7.054482936859131,247.23914170265198
141,1,1.0666407346725464,2.997812509536743,8.710451126098633,9.211885452270508,2.90560245513916,0.10590388625860214,0.09368164092302322,185.95855712890625,1.3086200952529907,7.487416744232178,5.155250549316406,7.0525288581848145,250.97565484046936
142,1,1.0588691234588623,3.0103096961975098,8.679049491882324,9.186285972595215,2.883108615875244,0.10738470405340195,0.09407217800617218,184.51895141601562,1.3108937740325928,7.534560203552246,5.218226909637451,7.05053186416626,251.0187964439392
143,1,1.0510773658752441,3.0229063034057617,8.647723197937012,9.160845756530762,2.860731363296509,0.10888754576444626,0.09446582198143005,183.08680725097656,1.3131990432739258,7.581559658050537,5.282363414764404,7.04849100112915,251.06190967559814
144,1,1.043264389038086,3.035609245300293,8.61647891998291,9.13556957244873,2.838467836380005,0.1104130670428276,0.09486278891563416,181.6619415283203,1.3155368566513062,7.628414154052734,5.347676753997803,7.0464067459106445,251.10502648353577
145,1,1.035428524017334,3.0484232902526855,8.58531379699707,9.110461235046387,2.816312789916992,0.11196178942918777,0.09526322782039642,180.2440185546875,1.317907691001892,7.675119400024414,5.414186477661133,7.044278144836426,251.14812684059143
146,1,1.027567982673645,3.061353921890259,8.554224967956543,9.085519790649414,2.794261932373047,0.11353442072868347,0.09566731005907059,178.832763671875,1.3203116655349731,7.721671104431152,5.481908798217773,7.042103290557861,251.1912055015564
147,1,1.0196818113327026,3.0744075775146484,8.523218154907227,9.060750961303711,2.7723124027252197,0.11513158679008484,0.09607523679733276,177.42799377441406,1.3227498531341553,7.768068313598633,5.550860404968262,7.039884090423584,251.23429989814758
148,1,1.011767864227295,3.0875892639160156,8.492287635803223,9.036158561706543,2.7504589557647705,0.11675389856100082,0.09648716449737549,176.0293731689453,1.3252224922180176,7.814310073852539,5.621060371398926,7.037618160247803,251.27738761901855
149,1,1.0038247108459473,3.1009061336517334,8.461437225341797,9.011744499206543,2.728698253631592,0.11840212345123291,0.09690331667661667,174.63668823242188,1.3277302980422974,7.860395431518555,5.6925249099731445,7.035305500030518,251.3205213546753
150,1,0.9958510398864746,3.114363193511963,8.430665969848633,8.987512588500977,2.7070271968841553,0.12007690221071243,0.09732384979724884,173.24974060058594,1.3302735090255737,7.906325817108154,5.765273094177246,7.03294563293457,251.36363625526428
151,1,0.987845242023468,3.127967357635498,8.39997386932373,8.96346664428711,2.685441732406616,0.12177900224924088,0.09774897992610931,171.86827087402344,1.332853078842163,7.952101707458496,5.839319705963135,7.030538082122803,255.07534265518188
152,1,0.979805588722229,3.1417248249053955,8.36936092376709,8.939610481262207,2.663938283920288,0.12350913882255554,0.09817890077829361,170.49205017089844,1.335469365119934,7.997726917266846,5.914682865142822,7.02808141708374,255.1184597015381
153,1,0.9717307090759277,3.1556406021118164,8.338824272155762,8.915943145751953,2.6425139904022217,0.1252681016921997,0.09861376881599426,169.1208953857422,1.3381226062774658,8.043201446533203,5.991380214691162,7.025576114654541,255.1616051197052
154,1,0.9636191129684448,3.1697230339050293,8.308368682861328,8.892476081848145,2.6211655139923096,0.12705658376216888,0.09905384480953217,167.7545928955078,1.3408139944076538,8.088532447814941,6.069427490234375,7.023020267486572,255.20469188690186
155,1,0.9554691314697266,3.183978319168091,8.277993202209473,8.869210243225098,2.5998899936676025,0.1288754940032959,0.09949932247400284,166.39295959472656,1.3435437679290771,8.133726119995117,6.14884090423584,7.020413875579834,255.24785470962524
156,1,0.9472795128822327,3.1984124183654785,8.247697830200195,8.846149444580078,2.5786848068237305,0.13072553277015686,0.0999503880739212,165.03582763671875,1.3463125228881836,8.178786277770996,6.229637145996094,7.01775598526001,255.29091906547546
157,1,0.9390485286712646,3.2130327224731445,8.21748161315918,8.823297500610352,2.557546854019165,0.1326076090335846,0.10040727257728577,163.68299865722656,1.349120855331421,8.223721504211426,6.311830520629883,7.0150465965271,255.3340141773224
158,1,0.9307746291160583,3.227846384048462,8.187346458435059,8.80066204071045,2.536473274230957,0.13452252745628357,0.10087019950151443,162.33428955078125,1.3519694805145264,8.268538475036621,6.395435810089111,7.012283802032471,255.37708950042725
159,1,0.9224564433097839,3.2428603172302246,8.157291412353516,8.778243064880371,2.5154619216918945,0.13647128641605377,0.10133938491344452,160.98956298828125,1.3548587560653687,8.313247680664062,6.480467796325684,7.009468078613281,255.42018103599548
160,1,0.9140924215316772,3.258082151412964,8.1273193359375,8.756050109863281,2.4945101737976074,0.13845466077327728,0.10181506723165512,159.64865112304688,1.3577896356582642,8.357857704162598,6.5669379234313965,7.006598949432373,255.46323704719543
161,1,0.9056808948516846,3.2735183238983154,8.097426414489746,8.734086036682129,2.4736156463623047,0.14047357439994812,0.10229744762182236,158.3114013671875,1.360762596130371,8.402379035949707,6.6548614501953125,7.003674030303955,259.1991147994995
162,1,0.8972207307815552,3.289177417755127,8.067617416381836,8.712355613708496,2.4527766704559326,0.14252905547618866,0.10278679430484772,156.9777069091797,1.3637782335281372,8.446825981140137,6.744246482849121,7.0006937980651855,259.2421643733978
163,1,0.8887101411819458,3.3050670623779297,8.03789234161377,8.690868377685547,2.431990623474121,0.14462193846702576,0.1032833456993103,155.64739990234375,1.3668372631072998,8.491207122802734,6.835106372833252,6.997657299041748,259.28529167175293
164,1,0.8801479339599609,3.321195363998413,8.00825309753418,8.669628143310547,2.4112563133239746,0.14675331115722656,0.10378735512495041,154.32040405273438,1.3699405193328857,8.535537719726562,6.9274492263793945,6.994564533233643,259.3283734321594
165,1,0.8715323209762573,3.337569236755371,7.978696346282959,8.648638725280762,2.390571117401123,0.14892412722110748,0.10429903864860535,152.99655151367188,1.3730884790420532,8.5850191116333,7.02128267288208,6.991413593292236,259.371529340744
166,1,0.8628619313240051,3.3541977405548096,7.949225902557373,8.627910614013672,2.369933605194092,0.15113535523414612,0.1048186793923378,151.67575073242188,1.3762818574905396,8.640586853027344,7.118075370788574,6.988204002380371,259.41459822654724
167,1,0.8541355133056641,3.3710899353027344,7.919845104217529,8.607450485229492,2.3493425846099854,0.15338808298110962,0.10534656047821045,150.35792541503906,1.3795216083526611,8.696174621582031,7.216480731964111,6.984935760498047,259.4577169418335
168,1,0.8453516960144043,3.3882527351379395,7.890551567077637,8.587261199951172,2.328796625137329,0.15568338334560394,0.10588289797306061,149.04298400878906,1.3828080892562866,8.751778602600098,7.3164381980896,6.981607913970947,259.5007781982422
169,1,0.8365087509155273,3.405696392059326,7.861348628997803,8.567355155944824,2.3082940578460693,0.15802228450775146,0.10642801225185394,147.73081970214844,1.386142373085022,8.807400703430176,7.417953014373779,6.978219032287598,259.54390001296997
170,1,0.8276057243347168,3.4234282970428467,7.832237243652344,8.547737121582031,2.287834405899048,0.16040582954883575,0.10698213428258896,146.42140197753906,1.3895251750946045,8.863042831420898,7.521027088165283,6.974769592285156,259.5870020389557
171,1,0.8186408281326294,3.4414584636688232,7.803218364715576,8.528414726257324,2.267416000366211,0.1628352552652359,0.10754557698965073,145.1146240234375,1.3929569721221924,8.918701171875,7.6256608963012695,6.971258163452148,263.3167061805725
172,1,0.8096134066581726,3.4597954750061035,7.774295330047607,8.509398460388184,2.2470390796661377,0.1653115302324295,0.10811860859394073,143.8105010986328,1.3964390754699707,8.974381446838379,7.7318501472473145,6.967684268951416,263.3598544597626
173,1,0.8005215525627136,3.4784491062164307,7.745469570159912,8.490694999694824,2.2267019748687744,0.16783589124679565,0.10870153456926346,142.50892639160156,1.3999717235565186,9.030084609985352,7.839591026306152,6.964047908782959,263.4029915332794
174,1,0.7913644313812256,3.497429370880127,7.716745376586914,8.472317695617676,2.2064049243927,0.17040935158729553,0.10929466784000397,141.2099151611328,1.4035563468933105,9.085814476013184,7.94887638092041,6.9603471755981445,263.44606757164
175,1,0.7821406126022339,3.5167438983917236,7.688119411468506,8.454268455505371,2.1861469745635986,0.1730331927537918,0.10989824682474136,139.9134063720703,1.4071930646896362,9.141571044921875,8.05969524383545,6.956582546234131,263.48914551734924
176,1,0.7728490829467773,3.536404609680176,7.659599304199219,8.436565399169922,2.165928363800049,0.17570841312408447,0.1105126440525055,138.61941528320312,1.4108834266662598,9.197362899780273,8.172036170959473,6.952754020690918,263.53223299980164
177,1,0.7634890675544739,3.55642032623291,7.631187915802002,8.41921329498291,2.145749807357788,0.1784362643957138,0.11113813519477844,137.32798767089844,1.414628028869629,9.253191947937012,8.285884857177734,6.948859691619873,263.5753219127655
178,1,0.7540588974952698,3.576800584793091,7.602883815765381,8.402222633361816,2.125610113143921,0.18121790885925293,0.11177501827478409,136.03904724121094,1.4184273481369019,9.309064865112305,8.401220321655273,6.944900035858154,263.61838269233704
179,1,0.7445580363273621,3.5975568294525146,7.574694633483887,8.38560676574707,2.105510711669922,0.18405446410179138,0.11242365092039108,134.752685546875,1.4222828149795532,9.364988327026367,8.518023490905762,6.940874099731445,263.66153502464294
180,1,0.7349856495857239,3.61869740486145,7.5466203689575195,8.369375228881836,2.085452079772949,0.18694698810577393,0.11308429390192032,133.46893310546875,1.4261950254440308,9.420969009399414,8.636270523071289,6.936782360076904,263.70463013648987
181,1,0.725340723991394,3.6402335166931152,7.518664836883545,8.35353946685791,2.065434694290161,0.18989670276641846,0.11375729739665985,132.1878204345703,1.4301648139953613,9.477011680603027,8.755929946899414,6.932623863220215,267.48334193229675
182,1,0.71562260389328,3.6621761322021484,7.4908342361450195,8.338112831115723,2.045459747314453,0.1929047554731369,0.11444300413131714,130.909423828125,1.4341932535171509,9.533125877380371,8.876974105834961,6.928398609161377,267.5264356136322
183,1,0.7058307528495789,3.6845343112945557,7.46312952041626,8.323105812072754,2.0255286693573,0.19597215950489044,0.11514169722795486,129.6338348388672,1.4382810592651367,9.58931827545166,8.999368667602539,6.924105644226074,267.56956791877747
184,1,0.6959642767906189,3.707318067550659,7.435553073883057,8.308528900146484,2.0056421756744385,0.1991000771522522,0.1158536896109581,128.36109924316406,1.4424289464950562,9.645593643188477,9.123074531555176,6.919746398925781,267.61264967918396
185,1,0.6860230565071106,3.730539321899414,7.408113956451416,8.294400215148926,1.985802412033081,0.20228947699069977,0.11657935380935669,127.09135437011719,1.4466381072998047,9.701961517333984,9.248050689697266,6.915319442749023,267.655757188797
186,1,0.6760066151618958,3.7542076110839844,7.3808135986328125,8.280729293823242,1.9660110473632812,0.2055414319038391,0.11731898784637451,125.82470703125,1.4509092569351196,9.75842571258545,9.374252319335938,6.910825252532959,267.698810338974
187,1,0.6659147143363953,3.7783327102661133,7.3536553382873535,8.267529487609863,1.9462699890136719,0.20885692536830902,0.11807289719581604,124.561279296875,1.4552432298660278,9.814990043640137,9.501630783081055,6.906264305114746,267.74190402030945
188,1,0.6557470560073853,3.802924156188965,7.3266425132751465,8.254812240600586,1.9265812635421753,0.2122369408607483,0.11884137988090515,123.30120086669922,1.459640622138977,9.871660232543945,9.630134582519531,6.901635646820068,267.7849736213684
189,1,0.6455038189888,3.827993631362915,7.299782752990723,8.242594718933105,1.9069474935531616,0.21568229794502258,0.1196248009800911,122.04463958740234,1.4641026258468628,9.928438186645508,9.7597074508667,6.896941184997559,267.82805466651917
190,1,0.6351848840713501,3.853549003601074,7.273077011108398,8.230886459350586,1.8873710632324219,0.2191939502954483,0.12042340636253357,120.791748046875,1.4686294794082642,9.98532772064209,9.890291213989258,6.892179489135742,267.8711426258087
191,1,0.6247905492782593,3.8796017169952393,7.246532440185547,8.219704627990723,1.8678547143936157,0.22277264297008514,0.12123755365610123,119.5427017211914,1.4732223749160767,10.042328834533691,10.021822929382324,6.887352466583252,271.6278531551361
192,1,0.6143211722373962,3.9061598777770996,7.220151424407959,8.209060668945312,1.848401427268982,0.2264191210269928,0.12206749618053436,118.29769134521484,1.4778817892074585,10.099441528320312,10.154233932495117,6.882458686828613,271.67101979255676
193,1,0.6037771105766296,3.933231830596924,7.193936824798584,8.198966026306152,1.8290141820907593,0.23013406991958618,0.12291349470615387,117.0569076538086,1.4826080799102783,10.15666389465332,10.287460327148438,6.877500534057617,271.71420097351074
194,1,0.5931588411331177,3.9608283042907715,7.1678948402404785,8.189436912536621,1.8096959590911865,0.23391816020011902,0.12377588450908661,115.82054138183594,1.4874022006988525,10.213998794555664,10.421422004699707,6.8724775314331055,271.7573230266571
195,1,0.5824671983718872,3.988957166671753,7.142029762268066,8.180487632751465,1.7904503345489502,0.23777180910110474,0.12465491145849228,114.58882141113281,1.492264747619629,10.271442413330078,10.556049346923828,6.8673906326293945,271.8004825115204
196,1,0.5717029571533203,4.017624855041504,7.116342067718506,8.172125816345215,1.7712808847427368,0.2416955679655075,0.125550776720047,113.36197662353516,1.4971957206726074,10.32898998260498,10.69126033782959,6.862240791320801,271.8435983657837
197,1,0.5608671307563782,4.046840190887451,7.090837478637695,8.164366722106934,1.752191185951233,0.2456897795200348,0.12646375596523285,112.1402359008789,1.5021958351135254,10.386642456054688,10.82697582244873,6.857028961181641,271.8867301940918
198,1,0.5499603748321533,4.076611518859863,7.065519332885742,8.157224655151367,1.7331843376159668,0.24975477159023285,0.12739410996437073,110.92379760742188,1.507265567779541,10.463772773742676,10.963106155395508,6.851755619049072,271.9298541545868
199,1,0.5389843583106995,4.106943130493164,7.040388107299805,8.150708198547363,1.7142648696899414,0.25389063358306885,0.12834197282791138,109.71295166015625,1.5124049186706543,10.543957710266113,11.09957218170166,6.846421718597412,271.97301387786865
200,1,0.527940034866333,4.137842178344727,7.01544713973999,8.144828796386719,1.6954361200332642,0.2580975890159607,0.1293075680732727,108.5079116821289,1.5176141262054443,10.624439239501953,11.23628044128418,6.841029167175293,272.0161201953888
201,1,0.5168288350105286,4.169314861297607,6.990699291229248,8.13959789276123,1.6767021417617798,0.2623756229877472,0.13029108941555023,107.3089370727539,1.5228934288024902,10.705181121826172,11.373139381408691,6.835577964782715,275.7831082344055
202,1,0.5056525468826294,4.201364517211914,6.96614408493042,8.135025024414062,1.6580671072006226,0.26672452688217163,0.13129264116287231,106.11629486083984,1.5282427072525024,10.78614616394043,11.510061264038086,6.830069541931152,275.82626032829285
203,1,0.49441248178482056,4.2339959144592285,6.941783428192139,8.131117820739746,1.6395347118377686,0.27114424109458923,0.1323123723268509,104.93022155761719,1.5336618423461914,10.86729907989502,11.646947860717773,6.82450532913208,275.86944007873535
204,1,0.4831104278564453,4.267212867736816,6.917616844177246,8.127885818481445,1.621108889579773,0.27563440799713135,0.1333504021167755,103.75096893310547,1.5391508340835571,10.94859790802002,11.783707618713379,6.818886756896973,275.91254234313965
205,1,0.471748411655426,4.301018238067627,6.893646240234375,8.125337600708008,1.6027940511703491,0.28019458055496216,0.13440681993961334,102.57881927490234,1.5447092056274414,11.030003547668457,11.920243263244629,6.813215732574463,275.95566177368164
206,1,0.4603279232978821,4.335414886474609,6.869870185852051,8.123480796813965,1.5845935344696045,0.2848242521286011,0.13548171520233154,101.41398620605469,1.5503369569778442,11.11147403717041,12.056458473205566,6.807492256164551,275.9987950325012
207,1,0.44885140657424927,4.370402812957764,6.846287727355957,8.122319221496582,1.566511869430542,0.28952282667160034,0.13657508790493011,100.25675964355469,1.5560333728790283,11.19296646118164,12.192262649536133,6.801718711853027,276.0419228076935
208,1,0.43732064962387085,4.405982494354248,6.822895526885986,8.121858596801758,1.5485525131225586,0.2942894697189331,0.13768695294857025,99.10736083984375,1.561797857284546,11.27443790435791,12.327554702758789,6.795896053314209,276.0850670337677
209,1,0.425738126039505,4.4421539306640625,6.7996931076049805,8.122102737426758,1.5307198762893677,0.29912328720092773,0.13881731033325195,97.96607208251953,1.5676299333572388,11.355842590332031,12.464158058166504,6.79002571105957,276.1281850337982
210,1,0.4141058027744293,4.478916645050049,6.776678085327148,8.12305736541748,1.513017177581787,0.3040233254432678,0.13996614515781403,96.83309936523438,1.57352876663208,11.437137603759766,12.602400779724121,6.784109592437744,276.1713032722473
211,1,0.402426153421402,4.516267776489258,6.753845691680908,8.12472152709961,1.4954484701156616,0.3089885711669922,0.1411333680152893,95.70870208740234,1.5794932842254639,11.518277168273926,12.73995590209961,6.778149604797363,279.92367243766785
212,1,0.39070138335227966,4.554205417633057,6.731193542480469,8.127099990844727,1.4780170917510986,0.314017653465271,0.14231891930103302,94.59309387207031,1.5855228900909424,11.599214553833008,12.876729011535645,6.772145748138428,279.96684980392456
213,1,0.37893441319465637,4.59272575378418,6.708719253540039,8.130193710327148,1.4607272148132324,0.31910914182662964,0.14352267980575562,93.48654174804688,1.5916165113449097,11.67990493774414,13.012629508972168,6.766101360321045,280.009982585907
214,1,0.3671271502971649,4.631824016571045,6.686415195465088,8.133999824523926,1.443581461906433,0.32426178455352783,0.14474450051784515,92.38921356201172,1.5977727174758911,11.760302543640137,13.147562026977539,6.760015964508057,280.05315947532654
215,1,0.3552825152873993,4.671494007110596,6.664277076721191,8.138516426086426,1.4265836477279663,0.32947397232055664,0.14598418772220612,91.30135345458984,1.6039903163909912,11.84035873413086,13.281444549560547,6.75389289855957,280.0963215827942
216,1,0.343403160572052,4.711731910705566,6.642302989959717,8.143746376037598,1.40973699092865,0.3347439169883728,0.14724162220954895,90.2231674194336,1.610268235206604,11.92003059387207,13.41418743133545,6.747732639312744,280.1395118236542
217,1,0.33149170875549316,4.752530097961426,6.620486259460449,8.149685859680176,1.3930445909500122,0.3400697410106659,0.14851656556129456,89.15485382080078,1.6166051626205444,11.999272346496582,13.545706748962402,6.741537570953369,280.1827390193939
218,1,0.3195508122444153,4.79387903213501,6.598819255828857,8.156328201293945,1.3765093088150024,0.34544965624809265,0.14980871975421906,88.09659576416016,1.6229991912841797,12.078038215637207,13.67592716217041,6.735307216644287,280.22590684890747
219,1,0.30758315324783325,4.83577299118042,6.577298641204834,8.16367244720459,1.3601338863372803,0.3508816659450531,0.15111790597438812,87.04856872558594,1.6294491291046143,12.156278610229492,13.804764747619629,6.7290449142456055,280.2691514492035
220,1,0.2955915927886963,4.878200531005859,6.555917263031006,8.171712875366211,1.343921184539795,0.3563633859157562,0.1524437665939331,86.01095581054688,1.6359531879425049,12.233954429626465,13.932147979736328,6.722752094268799,280.312287569046
221,1,0.28357911109924316,4.921152114868164,6.534669399261475,8.180442810058594,1.327873945236206,0.36189278960227966,0.15378600358963013,84.98393249511719,1.6425095796585083,12.311017990112305,14.05800724029541,6.716427803039551,284.0708038806915
222,1,0.2715482711791992,4.964616775512695,6.513548374176025,8.189855575561523,1.311994194984436,0.3674674928188324,0.15514427423477173,83.9676284790039,1.6491165161132812,12.387423515319824,14.182272911071777,6.710075378417969,284.11396193504333
223,1,0.2595020532608032,5.008584499359131,6.492549896240234,8.199946403503418,1.2962844371795654,0.3730851709842682,0.15651826560497284,82.96220397949219,1.6557725667953491,12.463133811950684,14.304878234863281,6.703696250915527,284.15709829330444
224,1,0.24744336307048798,5.053041458129883,6.4716668128967285,8.21070671081543,1.2807468175888062,0.3787430226802826,0.15790754556655884,81.9677963256836,1.6624755859375,12.538102149963379,14.42576789855957,6.697289943695068,284.2002537250519
225,1,0.23537474870681763,5.097975254058838,6.45089054107666,8.222124099731445,1.2653828859329224,0.38443896174430847,0.15931172668933868,80.98450469970703,1.6692235469818115,12.612288475036621,14.544878005981445,6.690858840942383,284.24341106414795
226,1,0.2232995629310608,5.143373012542725,6.4302191734313965,8.234197616577148,1.250195026397705,0.3901696503162384,0.16073040664196014,80.01248168945312,1.6760149002075195,12.685651779174805,14.662162780761719,6.684403419494629,284.28651213645935
227,1,0.2112203985452652,5.189220428466797,6.409644603729248,8.246912002563477,1.2351845502853394,0.3959328234195709,0.1621631383895874,79.05181121826172,1.682847499847412,12.75815486907959,14.777565002441406,6.677925109863281,284.32968068122864
228,1,0.19914017617702484,5.235502243041992,6.389161109924316,8.260258674621582,1.2203530073165894,0.40172553062438965,0.16360944509506226,78.10259246826172,1.6897192001342773,12.829760551452637,14.891043663024902,6.671424388885498,284.3727858066559
229,1,0.18706172704696655,5.282204627990723,6.368763446807861,8.274227142333984,1.2057017087936401,0.40754497051239014,0.16506889462471008,77.16490936279297,1.696628212928772,12.900432586669922,15.00255298614502,6.66490364074707,284.4159138202667
230,1,0.17498783767223358,5.329310894012451,6.34844446182251,8.288805961608887,1.1912317276000977,0.4133882522583008,0.1665409654378891,76.23883056640625,1.703572392463684,12.970141410827637,15.11205768585205,6.658361911773682,284.4590382575989
231,1,0.1629214733839035,5.376805305480957,6.328199863433838,8.303984642028809,1.1769442558288574,0.4192523956298828,0.1680251657962799,75.32443237304688,1.7105497121810913,13.038856506347656,15.219524383544922,6.651800632476807,288.2188045978546
232,1,0.15086519718170166,5.424671173095703,6.308023929595947,8.31974983215332,1.1628398895263672,0.42513445019721985,0.16952097415924072,74.4217529296875,1.7175582647323608,13.106550216674805,15.324917793273926,6.645220756530762,288.2619791030884
233,1,0.13882200419902802,5.472891330718994,6.287911891937256,8.336088180541992,1.1489195823669434,0.43103155493736267,0.17102785408496857,73.53085327148438,1.7245956659317017,13.173197746276855,15.428214073181152,6.638623237609863,288.30513167381287
234,1,0.12679427862167358,5.521448612213135,6.267857074737549,8.352989196777344,1.1351834535598755,0.43694043159484863,0.17254526913166046,72.65174102783203,1.7316601276397705,13.238775253295898,15.529391288757324,6.6320085525512695,288.3482415676117
235,1,0.11478474736213684,5.570326805114746,6.247856616973877,8.370438575744629,1.1216319799423218,0.4428584575653076,0.17407271265983582,71.7844467163086,1.7387497425079346,13.303272247314453,15.628432273864746,6.625377178192139,288.39138317108154
236,1,0.10279587656259537,5.619505882263184,6.227902889251709,8.388422012329102,1.1082651615142822,0.4487822949886322,0.1756095588207245,70.92897033691406,1.7458622455596924,13.366665840148926,15.725318908691406,6.618730068206787,288.43450379371643
237,1,0.09083015471696854,5.668971061706543,6.207993984222412,8.406927108764648,1.0950829982757568,0.45470941066741943,0.17715534567832947,70.08531188964844,1.7529959678649902,13.428949356079102,15.82004165649414,6.612067222595215,288.4776403903961
238,1,0.07889007776975632,5.718701362609863,6.188122749328613,8.425936698913574,1.082085371017456,0.46063661575317383,0.17870941758155823,69.25346374511719,1.760148525238037,13.49010944366455,15.912590026855469,6.60538911819458,288.5207300186157
239,1,0.06697774678468704,5.76868200302124,6.168288230895996,8.445441246032715,1.0692716836929321,0.46656107902526855,0.18027131259441376,68.43338775634766,1.7673184871673584,13.550148010253906,16.002967834472656,6.598696708679199,288.5638873577118
240,1,0.05509521812200546,5.8188910484313965,6.148480415344238,8.465417861938477,1.0566412210464478,0.47248023748397827,0.18184034526348114,67.62503814697266,1.7745033502578735,13.60905647277832,16.091167449951172,6.591990947723389,288.60699367523193
241,1,0.04324493557214737,5.869312763214111,6.128698825836182,8.485857963562012,1.0441936254501343,0.47839099168777466,0.18341602385044098,66.8283920288086,1.7817018032073975,13.66683578491211,16.17719841003418,6.585271835327148,292.3739318847656
242,1,0.031428150832653046,5.919930458068848,6.108937740325928,8.506744384765625,1.031927227973938,0.48429107666015625,0.1849978268146515,66.04334259033203,1.7889119386672974,13.723494529724121,16.261062622070312,6.578538417816162,292.41711378097534
243,1,0.019647274166345596,5.970723628997803,6.0891923904418945,8.528059959411621,1.0198415517807007,0.49017757177352905,0.18658511340618134,65.26985931396484,1.7961317300796509,13.779035568237305,16.3427734375,6.571793079376221,292.4603023529053
244,1,0.007903730496764183,6.021677017211914,6.069458961486816,8.549790382385254,1.0079350471496582,0.49604830145835876,0.18817740678787231,64.50784301757812,1.8033597469329834,13.83346939086914,16.422344207763672,6.565035343170166,292.5034079551697
245,1,-0.00380140938796103,6.0727715492248535,6.04973030090332,8.571918487548828,0.9962058067321777,0.5019007325172424,0.18977411091327667,63.757171630859375,1.8105939626693726,13.88680648803711,16.49979019165039,6.558265686035156,292.54659628868103
246,1,-0.015466351062059402,6.123990058898926,6.030003070831299,8.594428062438965,0.9846526384353638,0.5077325105667114,0.19137468934059143,63.01776885986328,1.8178329467773438,13.939062118530273,16.57513427734375,6.551483631134033,292.5896933078766
247,1,-0.02709019184112549,6.175316333770752,6.0102715492248535,8.617301940917969,0.9732734560966492,0.5135418176651001,0.192978635430336,62.28950119018555,1.8250749111175537,13.990249633789062,16.648393630981445,6.5446906089782715,292.63282442092896
248,1,-0.03867185860872269,6.226733207702637,5.990530490875244,8.640524864196777,0.9620663523674011,0.5193262100219727,0.1945854127407074,61.57224655151367,1.8323185443878174,14.040387153625488,16.719594955444336,6.537886142730713,292.67593717575073
249,1,-0.050210658460855484,6.278227806091309,5.9707770347595215,8.664082527160645,0.9510290622711182,0.5250842571258545,0.1961946189403534,60.86585998535156,1.8395625352859497,14.089497566223145,16.788761138916016,6.53107213973999,292.7191023826599
250,1,-0.061705801635980606,6.329779624938965,5.95100212097168,8.68795394897461,0.9401594400405884,0.5308136940002441,0.19780561327934265,60.170204162597656,1.8468049764633179,14.137598037719727,16.855924606323242,6.524247169494629,292.7622125148773
251,1,-0.07315696775913239,6.381378173828125,5.931203365325928,8.712127685546875,0.9294549226760864,0.5365133285522461,0.1994180679321289,59.48511505126953,1.854045033454895,14.184713363647461,16.92111587524414,6.517411708831787,296.54542875289917
252,1,-0.08456375449895859,6.433004379272461,5.91137170791626,8.736581802368164,0.9189130663871765,0.5421813726425171,0.2010313868522644,58.8104362487793,1.861280918121338,14.232665061950684,16.9843692779541,6.510566711425781,296.5885787010193
253,1,-0.09592599421739578,6.484647750854492,5.891505241394043,8.761306762695312,0.9085312485694885,0.5478163361549377,0.20264524221420288,58.145999908447266,1.8685119152069092,14.281115531921387,17.045711517333984,6.503712177276611,296.6317503452301
254,1,-0.10724350064992905,6.536291122436523,5.87159538269043,8.786280632019043,0.8983069062232971,0.5534171462059021,0.20425909757614136,57.491641998291016,1.8757362365722656,14.328644752502441,17.105186462402344,6.4968485832214355,296.6748642921448
255,1,-0.11851667612791061,6.5879225730896,5.8516364097595215,8.811490058898926,0.8882369995117188,0.5589825510978699,0.20587258040905,56.84716796875,1.8829530477523804,14.375280380249023,17.162824630737305,6.489975929260254,296.71798753738403
256,1,-0.12974560260772705,6.639529228210449,5.831623554229736,8.836920738220215,0.8783188462257385,0.5645112991333008,0.20748528838157654,56.212406158447266,1.890161156654358,14.421039581298828,17.218664169311523,6.483094692230225,296.7611138820648
257,1,-0.14093074202537537,6.691100597381592,5.811552047729492,8.86255931854248,0.8685494661331177,0.570002555847168,0.20909689366817474,55.58716583251953,1.89736008644104,14.46595573425293,17.272747039794922,6.476204872131348,296.8042733669281
258,1,-0.15207244455814362,6.742620944976807,5.791412830352783,8.888385772705078,0.8589260578155518,0.5754554271697998,0.2107069045305252,54.97126770019531,1.9045480489730835,14.51004409790039,17.325105667114258,6.4693074226379395,296.8473882675171
259,1,-0.16317111253738403,6.794079780578613,5.771202564239502,8.914387702941895,0.8494458198547363,0.5808690786361694,0.21231499314308167,54.364532470703125,1.911724328994751,14.553333282470703,17.37578582763672,6.462401390075684,296.89056634902954
260,1,-0.1742277592420578,6.845468997955322,5.750916481018066,8.940552711486816,0.8401055335998535,0.5862430334091187,0.21392090618610382,53.766754150390625,1.9188883304595947,14.59585189819336,17.424823760986328,6.455488681793213,296.9336895942688
261,1,-0.18524280190467834,6.896774768829346,5.7305474281311035,8.966865539550781,0.8309025168418884,0.5915762782096863,0.21552421152591705,53.17776107788086,1.9260389804840088,14.637619018554688,17.472257614135742,6.448568344116211,300.67934918403625
262,1,-0.19621695578098297,6.9479875564575195,5.710091590881348,8.99331283569336,0.8218339085578918,0.5968685150146484,0.21712461113929749,52.59737014770508,1.9331755638122559,14.67866039276123,17.518131256103516,6.441640853881836,300.7225034236908
263,1,-0.2071513533592224,6.999098777770996,5.689543724060059,9.019883155822754,0.8128966093063354,0.6021191477775574,0.21872183680534363,52.02538299560547,1.9402973651885986,14.719000816345215,17.562482833862305,6.434706211090088,300.76565313339233
264,1,-0.21804635226726532,7.050096035003662,5.668899059295654,9.046561241149902,0.8040881752967834,0.6073275804519653,0.22031550109386444,51.46164321899414,1.9474034309387207,14.758663177490234,17.60535430908203,6.427764415740967,300.8087627887726
265,1,-0.2289031445980072,7.100973606109619,5.648153781890869,9.073338508605957,0.7954055666923523,0.612493634223938,0.2219054251909256,50.90595626831055,1.9544932842254639,14.7976713180542,17.64678382873535,6.4208173751831055,300.8518662452698
266,1,-0.23972252011299133,7.151723384857178,5.62730598449707,9.100204467773438,0.7868461608886719,0.6176168322563171,0.2234913557767868,50.358154296875,1.9615665674209595,14.836045265197754,17.68680763244629,6.413863182067871,300.8949818611145
267,1,-0.25050538778305054,7.202332496643066,5.606348037719727,9.127142906188965,0.7784072756767273,0.6226967573165894,0.22507289052009583,49.81806564331055,1.968622088432312,14.873807907104492,17.725473403930664,6.406901836395264,300.9381148815155
268,1,-0.2612527012825012,7.252795696258545,5.585278511047363,9.154145240783691,0.7700862884521484,0.6277334690093994,0.22664986550807953,49.2855224609375,1.9756593704223633,14.910978317260742,17.7628116607666,6.399935245513916,300.9812288284302
269,1,-0.2719653844833374,7.30310583114624,5.5640950202941895,9.181203842163086,0.76188063621521,0.6327263712882996,0.22822205722332,48.76036071777344,1.9826782941818237,14.947580337524414,17.798866271972656,6.3929619789123535,301.024382352829
270,1,-0.282644122838974,7.353255271911621,5.542795658111572,9.208309173583984,0.7537879943847656,0.6376751065254211,0.22978922724723816,48.242431640625,1.989678144454956,14.98362922668457,17.833669662475586,6.385982990264893,301.06752705574036
271,1,-0.2932901084423065,7.403237342834473,5.521377086639404,9.23544979095459,0.7458057403564453,0.6425800323486328,0.23135116696357727,47.7315673828125,1.9966583251953125,15.019147872924805,17.86726188659668,6.378997325897217,304.7672519683838
272,1,-0.30390405654907227,7.4530463218688965,5.499838829040527,9.262619018554688,0.7379316687583923,0.6474407911300659,0.23290769755840302,47.22762680053711,2.0036187171936035,15.054155349731445,17.899677276611328,6.372005462646484,304.81041288375854
273,1,-0.3144870102405548,7.502673149108887,5.478177070617676,9.28980827331543,0.7301633358001709,0.6522567272186279,0.2344585359096527,46.73045349121094,2.010558843612671,15.088665962219238,17.930953979492188,6.3650078773498535,304.85354375839233
274,1,-0.32503971457481384,7.552114009857178,5.456392288208008,9.317008018493652,0.7224986553192139,0.6570283770561218,0.2360035628080368,46.23991394042969,2.0174777507781982,15.122698783874512,17.96323013305664,6.358004093170166,304.89666175842285
275,1,-0.33556297421455383,7.6013641357421875,5.434484958648682,9.344215393066406,0.7149354815483093,0.6617552042007446,0.23754262924194336,45.7558708190918,2.0243759155273438,15.156269073486328,17.99622344970703,6.35099458694458,304.93982672691345
276,1,-0.34605786204338074,7.650417327880859,5.412452697753906,9.371420860290527,0.7074715495109558,0.6664373874664307,0.23907554149627686,45.27817916870117,2.03125262260437,15.189393043518066,18.028148651123047,6.343977928161621,304.9829468727112
277,1,-0.35652512311935425,7.6992692947387695,5.39029598236084,9.398618698120117,0.7001048922538757,0.6710748672485352,0.24060216546058655,44.80671310424805,2.0381076335906982,15.222084045410156,18.059032440185547,6.336956024169922,305.02607917785645
278,1,-0.3669654130935669,7.747914791107178,5.368015766143799,9.425804138183594,0.6928336024284363,0.6756671667098999,0.2421223372220993,44.34135055541992,2.044940948486328,15.254355430603027,18.088912963867188,6.329927444458008,305.06918573379517
279,1,-0.3773796558380127,7.796351432800293,5.3456130027771,9.452972412109375,0.6856557130813599,0.6802147030830383,0.24363598227500916,43.88196563720703,2.0517520904541016,15.28622055053711,18.117815017700195,6.322892665863037,305.1122872829437
280,1,-0.38776856660842896,7.844574928283691,5.3230881690979,9.480116844177246,0.6785693764686584,0.68471759557724,0.24514296650886536,43.42844009399414,2.0585410594940186,15.317692756652832,18.14576530456543,6.315851211547852,305.1553978919983
281,1,-0.39813295006752014,7.892581462860107,5.300442695617676,9.507235527038574,0.671572744846344,0.6891751885414124,0.24664317071437836,42.980655670166016,2.0653076171875,15.34878158569336,18.172794342041016,6.308803558349609,308.9150471687317
282,1,-0.408473402261734,7.940367698669434,5.277677536010742,9.534323692321777,0.6646641492843628,0.6935877799987793,0.2481364905834198,42.53850555419922,2.072051525115967,15.379497528076172,18.198930740356445,6.301750183105469,308.95818066596985
283,1,-0.41879069805145264,7.9879326820373535,5.254796504974365,9.561378479003906,0.6578418612480164,0.6979555487632751,0.2496228963136673,42.10187911987305,2.078773260116577,15.4098539352417,18.224193572998047,6.2946906089782715,309.0013098716736
284,1,-0.429085373878479,8.035272598266602,5.231800556182861,9.588396072387695,0.6511043310165405,0.7022783756256104,0.2511022686958313,41.670677185058594,2.0854721069335938,15.439859390258789,18.24860954284668,6.287623405456543,309.0444321632385
285,1,-0.43935850262641907,8.082388877868652,5.208693027496338,9.615378379821777,0.6444497108459473,0.7065562605857849,0.2525746524333954,41.244781494140625,2.092148780822754,15.469527244567871,18.272197723388672,6.280550479888916,309.08760714530945
286,1,-0.4496101140975952,8.129273414611816,5.185474872589111,9.642315864562988,0.6378768086433411,0.7107890248298645,0.25403979420661926,40.82411575317383,2.0988028049468994,15.49886417388916,18.29498863220215,6.273471355438232,309.1307039260864
287,1,-0.4598413109779358,8.175929069519043,5.162149429321289,9.669209480285645,0.6313838362693787,0.7149773836135864,0.2554977834224701,40.408565521240234,2.1054341793060303,15.527886390686035,18.316993713378906,6.266385555267334,309.17384338378906
288,1,-0.47005248069763184,8.222355842590332,5.138721466064453,9.696061134338379,0.624969482421875,0.7191207408905029,0.2569486200809479,39.998046875,2.1120431423187256,15.556607246398926,18.338233947753906,6.259293556213379,309.2169671058655
289,1,-0.480243980884552,8.268548965454102,5.115192413330078,9.722864151000977,0.618632435798645,0.7232195734977722,0.2583921551704407,39.59247589111328,2.1186299324035645,15.585038185119629,18.358728408813477,6.252194881439209,309.260128736496
290,1,-0.4904167354106903,8.314507484436035,5.091564655303955,9.749618530273438,0.6123711466789246,0.7272735834121704,0.2598283588886261,39.19175338745117,2.1251938343048096,15.61319637298584,18.37849235534668,6.245090007781982,309.30327701568604
291,1,-0.5005708932876587,8.36023235321045,5.067842960357666,9.776324272155762,0.6061844825744629,0.7312830686569214,0.26125726103782654,38.795806884765625,2.1317358016967773,15.641100883483887,18.39754867553711,6.237978935241699,313.0531039237976
292,1,-0.5107073783874512,8.405723571777344,5.044030666351318,9.802980422973633,0.6000709533691406,0.7352481484413147,0.262678861618042,38.404541015625,2.1382558345794678,15.668771743774414,18.415903091430664,6.230861663818359,313.0964045524597
293,1,-0.5208260416984558,8.450976371765137,5.020130634307861,9.829583168029785,0.5940296649932861,0.7391687035560608,0.2640930116176605,38.01789855957031,2.1447534561157227,15.696229934692383,18.433584213256836,6.223738193511963,313.13969349861145
294,1,-0.5309280157089233,8.495993614196777,4.996145725250244,9.856134414672852,0.5880590081214905,0.7430449724197388,0.2654998004436493,37.63577651977539,2.1512291431427,15.72349739074707,18.45058822631836,6.216608047485352,313.18295335769653
295,1,-0.5410131216049194,8.540773391723633,4.972080707550049,9.882631301879883,0.5821581482887268,0.7468771934509277,0.2668991684913635,37.258121490478516,2.1576828956604004,15.750597953796387,18.466943740844727,6.209471702575684,313.2261221408844
296,1,-0.5510824918746948,8.585317611694336,4.947938442230225,9.909074783325195,0.5763255953788757,0.7506656050682068,0.268291175365448,36.88483810424805,2.1641151905059814,15.777554512023926,18.48265838623047,6.202328681945801,313.2693200111389
297,1,-0.5611357092857361,8.629621505737305,4.923722743988037,9.935462951660156,0.5705606937408447,0.7544097304344177,0.26967567205429077,36.51588439941406,2.170525550842285,15.804388046264648,18.49774932861328,6.195179462432861,313.3125159740448
298,1,-0.5711736083030701,8.673685073852539,4.899435997009277,9.9617919921875,0.5648621320724487,0.7581102252006531,0.27105265855789185,36.15117645263672,2.1769139766693115,15.8311185836792,18.512226104736328,6.188023567199707,313.35564732551575
299,1,-0.5811966061592102,8.717510223388672,4.875082492828369,9.98806381225586,0.559228777885437,0.7617672681808472,0.272422194480896,35.79064178466797,2.1832809448242188,15.857769966125488,18.52609634399414,6.180860996246338,313.3987731933594
300,1,-0.5912050604820251,8.761094093322754,4.8506646156311035,10.014275550842285,0.5536596775054932,0.765380859375,0.27378419041633606,35.43421936035156,2.1896262168884277,15.884354591369629,18.539377212524414,6.173691749572754,313.44188022613525
301,1,-0.6011991500854492,8.804434776306152,4.826185703277588,10.040425300598145,0.5481539368629456,0.7689511179924011,0.27513858675956726,35.081851959228516,2.1959497928619385,15.910894393920898,18.552082061767578,6.166515350341797,317.13151240348816
302,1,-0.6111790537834167,8.8475341796875,4.801650524139404,10.066514015197754,0.5427106022834778,0.7724783420562744,0.2764854431152344,34.73347854614258,2.20225191116333,15.93740177154541,18.56421661376953,6.159331798553467,317.17467069625854
303,1,-0.6211455464363098,8.890388488769531,4.777059555053711,10.092536926269531,0.5373285412788391,0.7759626507759094,0.27782464027404785,34.3890266418457,2.2085323333740234,15.963886260986328,18.575786590576172,6.15214204788208,317.21780610084534
304,1,-0.6310983300209045,8.932998657226562,4.7524189949035645,10.118494987487793,0.5320071578025818,0.7794041037559509,0.2791562080383301,34.048458099365234,2.2147915363311768,15.990360260009766,18.586809158325195,6.144944190979004,317.2609281539917
305,1,-0.6410384774208069,8.975361824035645,4.727728366851807,10.144383430480957,0.5267451405525208,0.7828032374382019,0.2804800570011139,33.71168899536133,2.221029043197632,16.01683235168457,18.597286224365234,6.137739181518555,317.30406975746155
306,1,-0.6509652137756348,9.017472267150879,4.702991485595703,10.170198440551758,0.5215421319007874,0.7861596941947937,0.28179600834846497,33.37869644165039,2.2272443771362305,16.043304443359375,18.60723114013672,6.130527019500732,317.3471441268921
307,1,-0.6608796715736389,9.059334754943848,4.6782121658325195,10.195940971374512,0.5163968801498413,0.7894743084907532,0.28310421109199524,33.049400329589844,2.233438491821289,16.06978416442871,18.61664390563965,6.123306751251221,317.39029145240784
308,1,-0.6707818508148193,9.100942611694336,4.653390884399414,10.22160530090332,0.5113086700439453,0.7927468419075012,0.284404456615448,32.7237548828125,2.2396109104156494,16.096271514892578,18.62552833557129,6.116077899932861,317.43340396881104
309,1,-0.680671751499176,9.142294883728027,4.628531455993652,10.247188568115234,0.5062767863273621,0.7959778904914856,0.28569671511650085,32.40171432495117,2.2457613945007324,16.122770309448242,18.633899688720703,6.108841419219971,317.4765770435333
310,1,-0.690549910068512,9.183385848999023,4.603634357452393,10.272684097290039,0.5013003349304199,0.7991674542427063,0.2869808077812195,32.083221435546875,2.25188946723938,16.14927101135254,18.641754150390625,6.101595878601074,317.5197010040283
311,1,-0.7004163861274719,9.22421646118164,4.5787034034729,10.298091888427734,0.4963785707950592,0.8023159503936768,0.28825676441192627,31.76822853088379,2.257995843887329,16.1757869720459,18.649097442626953,6.09434175491333,321.22257804870605
312,1,-0.7102713584899902,9.264776229858398,4.553737640380859,10.32340145111084,0.491510808467865,0.805423378944397,0.28952425718307495,31.45669174194336,2.2640795707702637,16.202302932739258,18.65593910217285,6.08707857131958,321.26569986343384
313,1,-0.7201152443885803,9.305069923400879,4.528741836547852,10.348614692687988,0.48669615387916565,0.8084903955459595,0.29078343510627747,31.1485538482666,2.270141124725342,16.22882652282715,18.662275314331055,6.079806327819824,321.30886220932007
314,1,-0.7299479842185974,9.345084190368652,4.503714561462402,10.37371826171875,0.4819340705871582,0.8115168213844299,0.2920338809490204,30.843780517578125,2.276179552078247,16.255346298217773,18.66811752319336,6.072524070739746,321.3519959449768
315,1,-0.7397698760032654,9.384820938110352,4.478659152984619,10.398714065551758,0.4772237241268158,0.8145030736923218,0.2932756543159485,30.54231834411621,2.2821953296661377,16.281862258911133,18.673463821411133,6.0652313232421875,321.3951766490936
316,1,-0.7495810389518738,9.424273490905762,4.453577041625977,10.423592567443848,0.4725644886493683,0.8174494504928589,0.29450854659080505,30.24412727355957,2.2881882190704346,16.30837059020996,18.67832374572754,6.057929039001465,321.43830132484436
317,1,-0.7593817114830017,9.463433265686035,4.428467273712158,10.448344230651855,0.46795567870140076,0.8203562498092651,0.2957322895526886,29.94916343688965,2.2941572666168213,16.33616065979004,18.682695388793945,6.050616264343262,321.48148369789124
318,1,-0.769171953201294,9.502299308776855,4.4033331871032715,10.472967147827148,0.4633966088294983,0.8232238292694092,0.29694685339927673,29.65738296508789,2.300102949142456,16.36635398864746,18.68658447265625,6.04329252243042,321.5246181488037
319,1,-0.7789516448974609,9.540865898132324,4.378177642822266,10.497454643249512,0.4588868319988251,0.8260523080825806,0.29815205931663513,29.368757247924805,2.3060250282287598,16.39652442932129,18.68999481201172,6.035957336425781,321.56778383255005
320,1,-0.7887210845947266,9.579120635986328,4.352997779846191,10.521793365478516,0.4544256031513214,0.8288419842720032,0.29934751987457275,29.08323860168457,2.311922073364258,16.426660537719727,18.692934036254883,6.028611183166504,321.6109037399292
321,1,-0.7984801530838013,9.61706256866455,4.3277974128723145,10.545981407165527,0.4500123858451843,0.8315931558609009,0.3005332052707672,28.800792694091797,2.3177947998046875,16.456764221191406,18.69540023803711,6.021252632141113,325.3178565502167
322,1,-0.8082287311553955,9.654682159423828,4.302577495574951,10.57000732421875,0.445646733045578,0.8343060612678528,0.30170881748199463,28.521390914916992,2.3236424922943115,16.48682403564453,18.697402954101562,6.013881683349609,325.3610579967499
323,1,-0.8179665803909302,9.691976547241211,4.277341842651367,10.59386920928955,0.44132813811302185,0.8369808197021484,0.30287426710128784,28.2450008392334,2.329465389251709,16.516834259033203,18.698942184448242,6.00649881362915,325.4042389392853
324,1,-0.8276940584182739,9.728935241699219,4.252089023590088,10.6175537109375,0.43705594539642334,0.8396179676055908,0.3040292263031006,27.971580505371094,2.3352620601654053,16.546785354614258,18.700023651123047,5.999102592468262,325.4473717212677
325,1,-0.8374106884002686,9.765549659729004,4.226820945739746,10.641051292419434,0.4328297972679138,0.8422176241874695,0.30517342686653137,27.701107025146484,2.3410325050354004,16.576663970947266,18.700647354125977,5.991693019866943,325.490531206131
326,1,-0.8471163511276245,9.801815032958984,4.201540470123291,10.66435718536377,0.4286492168903351,0.8447800278663635,0.30630671977996826,27.433549880981445,2.3467764854431152,16.606460571289062,18.70082664489746,5.984269618988037,325.5337243080139
327,1,-0.8568105101585388,9.837725639343262,4.176251411437988,10.68746566772461,0.42451390624046326,0.8473053574562073,0.30742892622947693,27.16888999938965,2.3524937629699707,16.63616943359375,18.7005558013916,5.976832389831543,325.57687425613403
328,1,-0.8664932250976562,9.873270034790039,4.1509528160095215,10.710363388061523,0.420423299074173,0.8497939109802246,0.3085396885871887,26.90709114074707,2.3581833839416504,16.665773391723633,18.699844360351562,5.969379901885986,325.62000155448914
329,1,-0.8761641979217529,9.908443450927734,4.125648021697998,10.733043670654297,0.4163770079612732,0.8522462248802185,0.3096388578414917,26.648128509521484,2.363845109939575,16.69526481628418,18.698694229125977,5.961913108825684,325.6631851196289
330,1,-0.8858229517936707,9.943241119384766,4.100340843200684,10.755501747131348,0.41237467527389526,0.8546623587608337,0.3107262849807739,26.391979217529297,2.369478702545166,16.724634170532227,18.697114944458008,5.95443058013916,325.70630836486816
331,1,-0.8954690098762512,9.977654457092285,4.075033664703369,10.777730941772461,0.4084160029888153,0.8570422530174255,0.3118017017841339,26.13862419128418,2.3750836849212646,16.753875732421875,18.69510841369629,5.946933269500732,329.3917725086212
332,1,-0.9051023721694946,10.011674880981445,4.049727439880371,10.799718856811523,0.40450048446655273,0.8593866229057312,0.31286484003067017,25.888031005859375,2.3806591033935547,16.782970428466797,18.692676544189453,5.939419269561768,329.43492460250854
333,1,-0.9147220849990845,10.045297622680664,4.0244269371032715,10.821460723876953,0.4006279408931732,0.8616955280303955,0.31391555070877075,25.640188217163086,2.386204957962036,16.811920166015625,18.689830780029297,5.93189001083374,329.47810530662537
334,1,-0.9243279099464417,10.078516006469727,3.9991350173950195,10.842950820922852,0.3967980146408081,0.863969087600708,0.31495362520217896,25.39507293701172,2.3917205333709717,16.840713500976562,18.686573028564453,5.924343585968018,329.5212275981903
335,1,-0.9339194297790527,10.111323356628418,3.9738543033599854,10.864178657531738,0.39301031827926636,0.866208016872406,0.31597885489463806,25.152660369873047,2.397205352783203,16.869348526000977,18.682910919189453,5.916780948638916,329.56436371803284
336,1,-0.9434959292411804,10.143717765808105,3.9485905170440674,10.885144233703613,0.38926461338996887,0.8684122562408447,0.3169911801815033,24.912935256958008,2.4026591777801514,16.89781379699707,18.678852081298828,5.9092020988464355,329.60749554634094
337,1,-0.953056812286377,10.175688743591309,3.9233450889587402,10.90583610534668,0.38556063175201416,0.8705819845199585,0.3179902732372284,24.675880432128906,2.4080810546875,16.92610740661621,18.674402236938477,5.90160608291626,329.65063643455505
338,1,-0.9626014232635498,10.207235336303711,3.8981237411499023,10.926253318786621,0.38189810514450073,0.872717559337616,0.31897610425949097,24.441478729248047,2.413471221923828,16.9542236328125,18.669565200805664,5.893992900848389,329.69375801086426
339,1,-0.972129225730896,10.238348960876465,3.872929096221924,10.946386337280273,0.3782767355442047,0.8748192191123962,0.3199484050273895,24.2097110748291,2.418828248977661,16.982152938842773,18.664356231689453,5.8863630294799805,329.73688530921936
340,1,-0.9816393256187439,10.26902961730957,3.8477678298950195,10.96623420715332,0.3746963441371918,0.876887321472168,0.3209071755409241,23.980566024780273,2.4241526126861572,17.0098876953125,18.658775329589844,5.878716468811035,329.78002643585205
341,1,-0.9911311864852905,10.299273490905762,3.822643280029297,10.98579216003418,0.37115660309791565,0.878922164440155,0.32185229659080505,23.7540225982666,2.429443597793579,17.037424087524414,18.6528377532959,5.8710527420043945,333.47068524360657
342,1,-1.0006039142608643,10.329072952270508,3.7975594997406006,11.005053520202637,0.367657333612442,0.880923867225647,0.32278352975845337,23.53006935119629,2.4347000122070312,17.064746856689453,18.646547317504883,5.863372802734375,333.5138237476349
343,1,-1.010056972503662,10.358429908752441,3.77252197265625,11.024019241333008,0.364198237657547,0.8828927874565125,0.3237009346485138,23.308687210083008,2.4399218559265137,17.09185028076172,18.63991355895996,5.855676651000977,333.5569968223572
344,1,-1.0194891691207886,10.38733959197998,3.7475359439849854,11.042683601379395,0.36077919602394104,0.884829044342041,0.3246043622493744,23.089868545532227,2.4451091289520264,17.118728637695312,18.632944107055664,5.847965240478516,333.60012555122375
345,1,-1.028899908065796,10.415800094604492,3.7226061820983887,11.061043739318848,0.35739994049072266,0.88673335313797,0.3254937529563904,22.87359619140625,2.450260639190674,17.145370483398438,18.625654220581055,5.840237140655518,333.64326214790344
346,1,-1.0382883548736572,10.44381046295166,3.697737693786621,11.07909870147705,0.35406020283699036,0.8886056542396545,0.3263690769672394,22.659852981567383,2.455376148223877,17.171768188476562,18.61804962158203,5.832495212554932,333.686411857605
347,1,-1.0476534366607666,10.471367835998535,3.6729354858398438,11.096845626831055,0.3507598638534546,0.8904463052749634,0.3272302448749542,22.448631286621094,2.4604549407958984,17.19791603088379,18.610137939453125,5.8247389793396,333.7295660972595
348,1,-1.0569943189620972,10.498473167419434,3.6482059955596924,11.114285469055176,0.34749871492385864,0.892255425453186,0.3280772864818573,22.239917755126953,2.4654972553253174,17.223806381225586,18.6019344329834,5.816969394683838,333.77267622947693
349,1,-1.066309928894043,10.525120735168457,3.6235525608062744,11.131410598754883,0.3442765772342682,0.8940334320068359,0.3289100229740143,22.033700942993164,2.470501661300659,17.24942970275879,18.59344482421875,5.809186935424805,333.81581926345825
350,1,-1.0755990743637085,10.551310539245605,3.5989818572998047,11.148221015930176,0.34109336137771606,0.8957806825637817,0.32972845435142517,21.829975128173828,2.4754679203033447,17.274782180786133,18.58468246459961,5.801392555236816,333.8589451313019
351,1,-1.084860920906067,10.577044486999512,3.5744993686676025,11.164716720581055,0.3379487991333008,0.8974974751472473,0.33053264021873474,21.62872314453125,2.480396032333374,17.29985809326172,18.575654983520508,5.7935872077941895,337.5412974357605
352,1,-1.094093918800354,10.602320671081543,3.5501112937927246,11.18089771270752,0.33484286069869995,0.8991838693618774,0.3313225209712982,21.429943084716797,2.4852852821350098,17.32465362548828,18.566377639770508,5.785772323608398,337.58443546295166
353,1,-1.1032969951629639,10.627134323120117,3.5258216857910156,11.196759223937988,0.33177539706230164,0.9008399844169617,0.33209794759750366,21.233625411987305,2.4901347160339355,17.349153518676758,18.55685806274414,5.777948379516602,337.6275985240936
354,1,-1.112468957901001,10.651485443115234,3.5016367435455322,11.212296485900879,0.32874631881713867,0.9024667143821716,0.3328589200973511,21.039764404296875,2.494943857192993,17.37335777282715,18.54710578918457,5.770116806030273,337.6707317829132
355,1,-1.1216076612472534,10.67537784576416,3.477564573287964,11.227517127990723,0.32575565576553345,0.9040637016296387,0.33360555768013,20.84836196899414,2.499713182449341,17.397260665893555,18.53713607788086,5.7622785568237305,337.7138741016388
356,1,-1.1307122707366943,10.698807716369629,3.4536097049713135,11.242415428161621,0.32280322909355164,0.905631422996521,0.3343377411365509,20.659406661987305,2.504441499710083,17.420854568481445,18.526960372924805,5.754435062408447,337.75699615478516
357,1,-1.1397807598114014,10.721776008605957,3.4297800064086914,11.256991386413574,0.3198891580104828,0.9071702361106873,0.33505550026893616,20.4729061126709,2.5091285705566406,17.444135665893555,18.516592025756836,5.746587753295898,337.80018281936646
358,1,-1.1488107442855835,10.744280815124512,3.4060826301574707,11.271245002746582,0.31701356172561646,0.9086799025535583,0.335758775472641,20.288867950439453,2.5137741565704346,17.46710777282715,18.50604248046875,5.738737106323242,337.84336280822754
359,1,-1.157800316810608,10.766321182250977,3.3825249671936035,11.285173416137695,0.3141764998435974,0.9101609587669373,0.336447536945343,20.107295989990234,2.5183775424957275,17.48975944519043,18.49532127380371,5.7308855056762695,337.8865125179291
360,1,-1.1667473316192627,10.78790283203125,3.359117031097412,11.298783302307129,0.3113781213760376,0.9116133451461792,0.33712196350097656,19.928199768066406,2.5229392051696777,17.512102127075195,18.48444366455078,5.723033905029297,337.92967462539673
361,1,-1.17564857006073,10.809021949768066,3.335866928100586,11.312070846557617,0.3086187541484833,0.9130374193191528,0.3377819359302521,19.75160026550293,2.527458429336548,17.534130096435547,18.473424911499023,5.715182304382324,341.62218856811523
362,1,-1.1845014095306396,10.829679489135742,3.3127846717834473,11.32503890991211,0.30589866638183594,0.9144328832626343,0.33842748403549194,19.5775146484375,2.531935453414917,17.55584716796875,18.46227264404297,5.707334518432617,341.6653175354004
363,1,-1.1933025121688843,10.849881172180176,3.289881706237793,11.337690353393555,0.30321821570396423,0.9158002734184265,0.3390587866306305,19.40596580505371,2.536370038986206,17.577255249023438,18.451004028320312,5.699489593505859,341.70846486091614
364,1,-1.202048420906067,10.869621276855469,3.267167568206787,11.350024223327637,0.30057787895202637,0.9171392321586609,0.3396756649017334,19.236984252929688,2.540762186050415,17.598352432250977,18.43962860107422,5.691649913787842,341.751590013504
365,1,-1.21073579788208,10.888907432556152,3.244654417037964,11.362046241760254,0.2979779541492462,0.9184499382972717,0.34027835726737976,19.070589065551758,2.545112133026123,17.619129180908203,18.428163528442383,5.683816432952881,341.79478883743286
366,1,-1.2193604707717896,10.90773868560791,3.22235369682312,11.373756408691406,0.29541903734207153,0.9197326302528381,0.3408668339252472,18.906818389892578,2.549420118331909,17.63959312438965,18.416614532470703,5.675990104675293,341.83785915374756
367,1,-1.2279185056686401,10.926122665405273,3.2002789974212646,11.385163307189941,0.2929016053676605,0.9209871888160706,0.3414413332939148,18.745702743530273,2.5536863803863525,17.65972900390625,18.40499496459961,5.6681718826293945,341.8810064792633
368,1,-1.2364059686660767,10.944058418273926,3.178440570831299,11.39626693725586,0.2904261350631714,0.9222137928009033,0.3420018255710602,18.58727264404297,2.5579113960266113,17.679553985595703,18.393320083618164,5.660364151000977,341.9241375923157
369,1,-1.2448190450668335,10.96155834197998,3.1568522453308105,11.407079696655273,0.28799301385879517,0.9234123229980469,0.3425486981868744,18.43155288696289,2.562096118927002,17.69903564453125,18.38159942626953,5.652566909790039,341.9672794342041
370,1,-1.2531534433364868,10.978620529174805,3.135524034500122,11.417601585388184,0.28560274839401245,0.9245826601982117,0.34308189153671265,18.278575897216797,2.5662407875061035,17.71825408935547,18.369844436645508,5.644782066345215,342.01038336753845
371,1,-1.2614057064056396,10.995259284973145,3.114468574523926,11.427844047546387,0.28325557708740234,0.9257256984710693,0.34360185265541077,18.12835693359375,2.5703463554382324,17.737014770507812,18.358062744140625,5.63701057434082,345.68504667282104
372,1,-1.2695717811584473,11.011476516723633,3.0936954021453857,11.437812805175781,0.28095191717147827,0.9268407821655273,0.3441086411476135,17.98092269897461,2.574413776397705,17.758569717407227,18.346275329589844,5.629254341125488,345.72834300994873
373,1,-1.2776463031768799,11.027286529541016,3.0732219219207764,11.44752025604248,0.27869248390197754,0.9279285073280334,0.34460270404815674,17.836318969726562,2.578443765640259,17.781055450439453,18.33447265625,5.621513843536377,345.7716131210327
374,1,-1.2856101989746094,11.042698860168457,3.053105354309082,11.456991195678711,0.2764818072319031,0.9289862513542175,0.3450843393802643,17.694835662841797,2.5824382305145264,17.8035945892334,18.322690963745117,5.613791465759277,345.81479024887085
375,1,-1.293402910232544,11.057758331298828,3.0335373878479004,11.466314315795898,0.274335652589798,0.9300075769424438,0.3455549478530884,17.55748176574707,2.586399555206299,17.825239181518555,18.31087303161621,5.606093406677246,345.85799860954285
376,1,-1.3010289669036865,11.072490692138672,3.01450252532959,11.475507736206055,0.27225151658058167,0.930993914604187,0.3460153341293335,17.424097061157227,2.590327739715576,17.84882354736328,18.299089431762695,5.598428726196289,345.90110182762146
377,1,-1.3087546825408936,11.086987495422363,2.9952194690704346,11.484452247619629,0.27015629410743713,0.9319799542427063,0.34646835923194885,17.290002822875977,2.594226837158203,17.868860244750977,18.287214279174805,5.590812683105469,345.94433331489563
378,1,-1.316453456878662,11.101164817810059,2.976048707962036,11.493160247802734,0.2680843770503998,0.9329496622085571,0.34691140055656433,17.157400131225586,2.5980918407440186,17.891681671142578,18.275365829467773,5.583232879638672,345.9874918460846
379,1,-1.3238623142242432,11.115011215209961,2.957766056060791,11.501819610595703,0.2661055326461792,0.9338706135749817,0.3473441004753113,17.03075408935547,2.601924419403076,17.913795471191406,18.263513565063477,5.57568359375,346.0306293964386
380,1,-1.331289529800415,11.128564834594727,2.9394595623016357,11.510229110717773,0.2641364336013794,0.9347821474075317,0.3477676510810852,16.90473175048828,2.605727434158325,17.932903289794922,18.251667022705078,5.56817102432251,346.0737383365631
381,1,-1.3386212587356567,11.141759872436523,2.9214468002319336,11.518406867980957,0.26220694184303284,0.9356701970100403,0.34817999601364136,16.7812442779541,2.6094958782196045,17.95488929748535,18.239845275878906,5.560684680938721,349.78361797332764
382,1,-1.345749855041504,11.154620170593262,2.904042959213257,11.526448249816895,0.26034441590309143,0.9365232586860657,0.34858188033103943,16.66204261779785,2.613233804702759,17.975143432617188,18.23078155517578,5.553225517272949,349.82679867744446
383,1,-1.3529062271118164,11.167158126831055,2.886575698852539,11.534198760986328,0.2584879398345947,0.9373688101768494,0.34897369146347046,16.543228149414062,2.616941452026367,17.9945068359375,18.221956253051758,5.545797824859619,349.86997294425964
384,1,-1.3599120378494263,11.179337501525879,2.8695497512817383,11.541746139526367,0.256683349609375,0.9381863474845886,0.3493542969226837,16.427734375,2.620617151260376,18.014976501464844,18.213150024414062,5.538392543792725,349.9130439758301
385,1,-1.366793155670166,11.191182136535645,2.852891206741333,11.549092292785645,0.25492313504219055,0.9389798045158386,0.3497244417667389,16.315080642700195,2.6242635250091553,18.034164428710938,18.204288482666016,5.531014442443848,349.9561791419983
386,1,-1.373684048652649,11.202690124511719,2.8362135887145996,11.556140899658203,0.25317254662513733,0.9397644400596619,0.3500840663909912,16.20304298400879,2.6278796195983887,18.053783416748047,18.195404052734375,5.523664474487305,349.9992699623108
387,1,-1.3804157972335815,11.213844299316406,2.8199899196624756,11.562986373901367,0.25147396326065063,0.9405221343040466,0.3504326343536377,16.09433364868164,2.631465435028076,18.072776794433594,18.18653106689453,5.516337871551514,350.04244446754456
388,1,-1.3870611190795898,11.224662780761719,2.8040149211883545,11.569595336914062,0.2498083859682083,0.9412615299224854,0.3507707118988037,15.987736701965332,2.6350224018096924,18.09148406982422,18.17759132385254,5.509037971496582,350.08556509017944
389,1,-1.3936913013458252,11.235145568847656,2.788086414337158,11.575920104980469,0.2481575757265091,0.9419901371002197,0.35109829902648926,15.882084846496582,2.6385498046875,18.11076545715332,18.168609619140625,5.501767158508301,350.12869596481323
390,1,-1.4001837968826294,11.245287895202637,2.7725441455841064,11.58203411102295,0.24655163288116455,0.9426956176757812,0.3514152467250824,15.779304504394531,2.642047643661499,18.12880516052246,18.159605026245117,5.4945220947265625,350.17180848121643
391,1,-1.4065958261489868,11.25510311126709,2.757228136062622,11.587910652160645,0.24497582018375397,0.9433843493461609,0.35172197222709656,15.678452491760254,2.645517110824585,18.147409439086914,18.150545120239258,5.487307071685791,353.8478629589081
392,1,-1.4129650592803955,11.264594078063965,2.742032766342163,11.593524932861328,0.24342046678066254,0.9440611004829407,0.3520185649394989,15.578909873962402,2.6489570140838623,18.165922164916992,18.141408920288086,5.480123519897461,353.89102244377136
393,1,-1.4191910028457642,11.273770332336426,2.72723388671875,11.598953247070312,0.24190965294837952,0.9447149038314819,0.3523053228855133,15.482217788696289,2.6523683071136475,18.184181213378906,18.132286071777344,5.472972869873047,353.9341742992401
394,1,-1.4252753257751465,11.282649993896484,2.7128257751464844,11.604207038879395,0.24044224619865417,0.9453470706939697,0.35258281230926514,15.388303756713867,2.655749559402466,18.201210021972656,18.123056411743164,5.465864658355713,353.9773304462433
395,1,-1.4313002824783325,11.291254997253418,2.698586940765381,11.60925579071045,0.23899796605110168,0.9459662437438965,0.3528517186641693,15.295869827270508,2.659099817276001,18.221080780029297,18.11383056640625,5.458807945251465,354.02045607566833
396,1,-1.4373681545257568,11.299596786499023,2.6842434406280518,11.614046096801758,0.23755215108394623,0.9465832114219666,0.3531123995780945,15.203337669372559,2.6624176502227783,18.236982345581055,18.104543685913086,5.451808452606201,354.0635840892792
397,1,-1.4434707164764404,11.307646751403809,2.6698131561279297,11.618553161621094,0.23610687255859375,0.9471970796585083,0.353363960981369,15.11083984375,2.665700912475586,18.254369735717773,18.09523582458496,5.444859504699707,354.10672402381897
398,1,-1.4494297504425049,11.315396308898926,2.6557698249816895,11.622879028320312,0.23470409214496613,0.9477899074554443,0.35360613465309143,15.021061897277832,2.6689512729644775,18.27371597290039,18.08588981628418,5.437950611114502,354.1498579978943
399,1,-1.4552116394042969,11.322829246520996,2.64219331741333,11.627022743225098,0.2333509773015976,0.9483593106269836,0.35383841395378113,14.934462547302246,2.672168493270874,18.28783416748047,18.07651138305664,5.431075572967529,354.1930778026581
400,1,-1.460945963859558,11.329948425292969,2.628737211227417,11.630906105041504,0.2320166975259781,0.9489182829856873,0.3540608882904053,14.849068641662598,2.6753506660461426,18.306049346923828,18.067140579223633,5.4242377281188965,354.2361972332001
401,1,-1.4666634798049927,11.336774826049805,2.6153249740600586,11.63453483581543,0.23069392144680023,0.9494694471359253,0.3542742133140564,14.764410972595215,2.6784987449645996,18.32327651977539,18.057769775390625,5.4174394607543945,357.92846417427063
402,1,-1.472265601158142,11.343314170837402,2.602214813232422,11.637968063354492,0.22940516471862793,0.9500043392181396,0.3544785678386688,14.681930541992188,2.681612491607666,18.33730697631836,18.048389434814453,5.410682201385498,357.97165155410767
403,1,-1.4777488708496094,11.349586486816406,2.589416027069092,11.641227722167969,0.22815069556236267,0.9505226612091064,0.3546745777130127,14.601644515991211,2.6846911907196045,18.355512619018555,18.0390625,5.403971195220947,358.01482796669006
404,1,-1.483216643333435,11.355615615844727,2.576664447784424,11.64427661895752,0.22690662741661072,0.9510347247123718,0.3548629879951477,14.522024154663086,2.6877355575561523,18.370525360107422,18.029701232910156,5.397312164306641,358.057945728302
405,1,-1.488669514656067,11.361414909362793,2.5639612674713135,11.647130012512207,0.22567270696163177,0.9515398144721985,0.3550442159175873,14.443053245544434,2.6907455921173096,18.386011123657227,18.020429611206055,5.390706539154053,358.1010904312134
406,1,-1.493987798690796,11.366969108581543,2.5516083240509033,11.649837493896484,0.22447569668293,0.9520277976989746,0.3552177846431732,14.36644458770752,2.6937203407287598,18.40218734741211,18.011159896850586,5.384151458740234,358.14422821998596
407,1,-1.49921715259552,11.372321128845215,2.5394952297210693,11.652413368225098,0.22330491244792938,0.9525032043457031,0.35538503527641296,14.29151439666748,2.696662425994873,18.417280197143555,18.00191879272461,5.377652645111084,358.18742966651917
408,1,-1.5045223236083984,11.377437591552734,2.5271947383880615,11.654732704162598,0.22212336957454681,0.9529811143875122,0.35554492473602295,14.215895652770996,2.6995675563812256,18.432064056396484,17.992719650268555,5.371208667755127,358.23062324523926
409,1,-1.509803056716919,11.382331848144531,2.514965772628784,11.656866073608398,0.22095347940921783,0.9534521102905273,0.3556978702545166,14.141022682189941,2.7024385929107666,18.447235107421875,17.983484268188477,5.364814758300781,358.2737624645233
410,1,-1.5148605108261108,11.386960983276367,2.503296375274658,11.658875465393066,0.21983884274959564,0.9538989067077637,0.3558425307273865,14.069685935974121,2.705274820327759,18.46151351928711,17.974300384521484,5.358463287353516,358.3168966770172
411,1,-1.5197935104370117,11.391324043273926,2.4919323921203613,11.660703659057617,0.2187570482492447,0.9543306827545166,0.3559788763523102,14.00045108795166,2.7080743312835693,18.475576400756836,17.965097427368164,5.3521552085876465,361.9977972507477
412,1,-1.5247828960418701,11.395468711853027,2.4804322719573975,11.662299156188965,0.2176682949066162,0.9547640085220337,0.3561083972454071,13.930770874023438,2.71083927154541,18.489530563354492,17.955904006958008,5.345898151397705,362.0409257411957
413,1,-1.5297621488571167,11.39935302734375,2.4689536094665527,11.663661003112793,0.21658717095851898,0.9551919102668762,0.3562297821044922,13.861578941345215,2.713566541671753,18.503585815429688,17.946697235107422,5.339687824249268,362.0840673446655
414,1,-1.5346155166625977,11.402995109558105,2.457785129547119,11.664861679077148,0.21553856134414673,0.9556056261062622,0.3563435971736908,13.79446792602539,2.7162575721740723,18.51677131652832,17.937538146972656,5.333523273468018,362.12721014022827
415,1,-1.5394209623336792,11.406381607055664,2.4467289447784424,11.665848731994629,0.21450527012348175,0.9560115337371826,0.3564494252204895,13.728337287902832,2.718912363052368,18.529354095458984,17.92838478088379,5.327404022216797,362.1703453063965
416,1,-1.5442432165145874,11.40952205657959,2.43562912940979,11.666596412658691,0.2134733647108078,0.9564154744148254,0.3565475642681122,13.6622953414917,2.7215309143066406,18.543638229370117,17.91925048828125,5.3213300704956055,362.2134482860565
417,1,-1.548995018005371,11.412420272827148,2.424698829650879,11.667154312133789,0.21246139705181122,0.9568098783493042,0.3566381335258484,13.597529411315918,2.724114179611206,18.554628372192383,17.91014289855957,5.315298080444336,362.25656509399414
418,1,-1.553615927696228,11.415064811706543,2.414079427719116,11.667540550231934,0.21148188412189484,0.9571899771690369,0.35672077536582947,13.53484058380127,2.726663112640381,18.5677490234375,17.9009952545166,5.309305191040039,362.29970049858093
419,1,-1.5581735372543335,11.417476654052734,2.4036097526550293,11.667738914489746,0.21052022278308868,0.9575619101524353,0.35679614543914795,13.473294258117676,2.729177236557007,18.580698013305664,17.891887664794922,5.303354263305664,362.3428370952606
420,1,-1.5627249479293823,11.419671058654785,2.3931546211242676,11.667737007141113,0.2095642387866974,0.957930326461792,0.35686472058296204,13.412111282348633,2.7316577434539795,18.59081268310547,17.882766723632812,5.29744815826416,362.3859586715698
421,1,-1.5672411918640137,11.421655654907227,2.3827850818634033,11.667555809020996,0.20861993730068207,0.9582931995391846,0.35692673921585083,13.351675987243652,2.734105348587036,18.604259490966797,17.873640060424805,5.291586875915527,366.07746863365173
422,1,-1.5716874599456787,11.423429489135742,2.37258243560791,11.667214393615723,0.207694411277771,0.958646833896637,0.35698217153549194,13.292442321777344,2.7365198135375977,18.615612030029297,17.864524841308594,5.285768508911133,366.1206350326538
423,1,-1.5760676860809326,11.42501163482666,2.3625400066375732,11.666726112365723,0.20678666234016418,0.958992600440979,0.35703161358833313,13.234346389770508,2.738903522491455,18.625673294067383,17.85539436340332,5.279993534088135,366.16380405426025
424,1,-1.5803782939910889,11.426397323608398,2.352663040161133,11.666086196899414,0.20589718222618103,0.9593306183815002,0.35707491636276245,13.177419662475586,2.741255044937134,18.639480590820312,17.846248626708984,5.274259567260742,366.20692920684814
425,1,-1.584606409072876,11.427614212036133,2.3429863452911377,11.66533088684082,0.2050284743309021,0.9596591591835022,0.35711294412612915,13.121822357177734,2.7435762882232666,18.64862060546875,17.83713150024414,5.2685723304748535,366.2500743865967
426,1,-1.5887666940689087,11.428666114807129,2.3334736824035645,11.664454460144043,0.20417726039886475,0.9599801301956177,0.3571458160877228,13.067344665527344,2.745866537094116,18.660675048828125,17.827991485595703,5.262932300567627,366.2931821346283
427,1,-1.5928807258605957,11.42957592010498,2.3240785598754883,11.663470268249512,0.20333899557590485,0.9602949619293213,0.35717424750328064,13.01369571685791,2.7481260299682617,18.67172622680664,17.81886863708496,5.257345676422119,366.33629059791565
428,1,-1.5969457626342773,11.430360794067383,2.3148093223571777,11.662396430969238,0.20251411199569702,0.9606037735939026,0.3571987748146057,12.96090316772461,2.7503557205200195,18.68233299255371,17.809751510620117,5.2518134117126465,366.37941241264343
429,1,-1.600943684577942,11.431018829345703,2.305706024169922,11.661237716674805,0.20170608162879944,0.9609053134918213,0.3572193384170532,12.909189224243164,2.752554416656494,18.69231414794922,17.80059242248535,5.246337413787842,366.42261004447937
430,1,-1.6048427820205688,11.431574821472168,2.2968451976776123,11.6600341796875,0.20092114806175232,0.9611972570419312,0.35723671317100525,12.858953475952148,2.754722833633423,18.704206466674805,17.791475296020508,5.240921497344971,366.46573209762573
431,1,-1.608702540397644,11.432045936584473,2.2880911827087402,11.658775329589844,0.2001471370458603,0.9614840149879456,0.35725143551826477,12.809416770935059,2.756861925125122,18.71278953552246,17.782325744628906,5.235571384429932,370.178254365921
432,1,-1.612676739692688,11.432435989379883,2.2790937423706055,11.657394409179688,0.19935329258441925,0.96177738904953,0.35726362466812134,12.758610725402832,2.758970260620117,18.72279930114746,17.773183822631836,5.230286598205566,370.22141456604004
433,1,-1.6167060136795044,11.432731628417969,2.2699878215789795,11.655908584594727,0.19855165481567383,0.9620724320411682,0.3572728633880615,12.707305908203125,2.761049509048462,18.735008239746094,17.764007568359375,5.225062370300293,370.264577627182
434,1,-1.6205461025238037,11.43289566040039,2.261320114135742,11.65438461303711,0.19779066741466522,0.9623516798019409,0.3572779893875122,12.658602714538574,2.7630980014801025,18.739688873291016,17.754796981811523,5.21988582611084,370.3077304363251
435,1,-1.6242009401321411,11.432927131652832,2.2530765533447266,11.652817726135254,0.19706909358501434,0.9626157283782959,0.357278972864151,12.612421989440918,2.765117645263672,18.754024505615234,17.745582580566406,5.214756488800049,370.35085129737854
436,1,-1.6279070377349854,11.432820320129395,2.244720935821533,11.651101112365723,0.19634008407592773,0.9628814458847046,0.3572756350040436,12.565765380859375,2.767106533050537,18.759681701660156,17.736364364624023,5.209674835205078,370.3939504623413
437,1,-1.6317058801651,11.432584762573242,2.23616361618042,11.649224281311035,0.1955956369638443,0.9631520509719849,0.3572682738304138,12.518120765686035,2.7690658569335938,18.768129348754883,17.727136611938477,5.204638957977295,370.4371030330658
438,1,-1.6353888511657715,11.432205200195312,2.2278690338134766,11.647262573242188,0.19487658143043518,0.9634125232696533,0.3572564125061035,12.472101211547852,2.770995616912842,18.779964447021484,17.71790313720703,5.199645042419434,370.48022413253784
439,1,-1.6388856172561646,11.431679725646973,2.2199902534484863,11.645241737365723,0.19419632852077484,0.9636583924293518,0.3572399914264679,12.42856502532959,2.7728960514068604,18.783456802368164,17.708667755126953,5.194692611694336,370.52337622642517
440,1,-1.6423671245574951,11.431028366088867,2.212148904800415,11.643109321594238,0.1935214251279831,0.9639015197753906,0.3572196364402771,12.385371208190918,2.774768114089966,18.79536247253418,17.699478149414062,5.189783573150635,370.5664789676666
441,1,-1.6459373235702515,11.430253028869629,2.204115629196167,11.640825271606445,0.19283173978328705,0.9641489386558533,0.3571954071521759,12.341231346130371,2.776611804962158,18.801773071289062,17.690282821655273,5.184919357299805,374.2940421104431
442,1,-1.6494781970977783,11.429364204406738,2.1961541175842285,11.638445854187012,0.19215016067028046,0.9643933176994324,0.35716763138771057,12.29761028289795,2.7784292697906494,18.80820655822754,17.681119918823242,5.180095672607422,374.3371934890747
443,1,-1.652851939201355,11.428342819213867,2.1885616779327393,11.63601303100586,0.19150297343730927,0.9646241068840027,0.35713571310043335,12.256190299987793,2.780219316482544,18.81897735595703,17.67197608947754,5.17531156539917,374.3804349899292
444,1,-1.6561038494110107,11.427200317382812,2.1812381744384766,11.633517265319824,0.19088123738765717,0.9648450613021851,0.3571000099182129,12.216399192810059,2.781982421875,18.822965621948242,17.66285514831543,5.170567989349365,374.4235317707062
445,1,-1.6593520641326904,11.425966262817383,2.1739296913146973,11.630935668945312,0.19026221334934235,0.9650649428367615,0.3570614457130432,12.17678165435791,2.7837204933166504,18.832843780517578,17.653785705566406,5.165867805480957,374.4666714668274
446,1,-1.6625922918319702,11.424631118774414,2.1666438579559326,11.628264427185059,0.18964672088623047,0.9652827978134155,0.35701972246170044,12.13739013671875,2.7854316234588623,18.8387508392334,17.644739151000977,5.16121244430542,374.5097916126251
447,1,-1.6657109260559082,11.423218727111816,2.159630537033081,11.625571250915527,0.18905621767044067,0.9654914140701294,0.35697558522224426,12.099597930908203,2.7871179580688477,18.846202850341797,17.635753631591797,5.156603813171387,374.5529885292053
448,1,-1.6686813831329346,11.421727180480957,2.1529436111450195,11.6228666305542,0.1884954571723938,0.9656884670257568,0.3569289743900299,12.063709259033203,2.7887778282165527,18.853086471557617,17.6268310546875,5.152044296264648,374.59609293937683
449,1,-1.6716883182525635,11.42017936706543,2.146188974380493,11.620096206665039,0.18792952597141266,0.965887188911438,0.3568806052207947,12.02748966217041,2.790412187576294,18.859594345092773,17.61798667907715,5.1475396156311035,374.63924288749695
450,1,-1.674868106842041,11.418587684631348,2.1390769481658936,11.617218971252441,0.187332883477211,0.9660962820053101,0.3568308651447296,11.989304542541504,2.792020559310913,18.866371154785156,17.609214782714844,5.143089771270752,374.6823465824127
0,2,3.6432998180389404,0.345235139131546,13.194107055664062,13.198622703552246,38.21773910522461,0.0006841837312094867,0.010788598097860813,2445.935302734375,1.1359971761703491,3.462240695953369,2.946169376373291,6.5826416015625,378.35978603363037
1,2,2.821631908416748,0.7727315425872803,12.985175132751465,13.008147239685059,16.804250717163086,0.0035287945065647364,0.02414786070585251,1075.4720458984375,1.142836093902588,3.6784820556640625,2.8622043132781982,6.825442790985107,382.13776993751526
2,2,2.7638347148895264,0.8168402314186096,12.95553207397461,12.981258392333984,15.860546112060547,0.003959502559155226,0.02552625723183155,1015.074951171875,1.1438159942626953,3.7098753452301025,2.8585076332092285,6.837271690368652,382.1810200214386
3,2,2.7180309295654297,0.8533742427825928,12.929011344909668,12.95714282989502,15.150459289550781,0.004337710794061422,0.026667945086956024,969.62939453125,1.1446568965911865,3.7362165451049805,2.8553318977355957,6.847541809082031,382.2241599559784
4,2,2.679172992706299,0.8854827880859375,12.904172897338867,12.934517860412598,14.573036193847656,0.004686620086431503,0.027671337127685547,932.67431640625,1.1454178094863892,3.7596237659454346,2.852440118789673,6.856903076171875,382.26729679107666
5,2,2.6449317932128906,0.9146357774734497,12.880345344543457,12.912778854370117,14.082486152648926,0.005017148330807686,0.028582368046045303,901.2791137695312,1.1461261510849,3.781076669692993,2.8497273921966553,6.865644454956055,382.31042647361755
6,2,2.614013671875,0.9416590332984924,12.857168197631836,12.891606330871582,13.653740882873535,0.0053354776464402676,0.02942684479057789,873.8394165039062,1.146798014640808,3.801119327545166,2.8471391201019287,6.873926162719727,382.3535883426666
7,2,2.5856142044067383,0.9670696258544922,12.834404945373535,12.870787620544434,13.271438598632812,0.0056455363519489765,0.03022092580795288,849.3720703125,1.1474432945251465,3.8200862407684326,2.844641923904419,6.8818440437316895,382.39670753479004
8,2,2.559196710586548,0.9912171959877014,12.811907768249512,12.85019302368164,12.925429344177246,0.005950019229203463,0.03097553737461567,827.2274780273438,1.1480690240859985,3.8382012844085693,2.842214345932007,6.889459609985352,382.43984293937683
9,2,2.5343806743621826,1.0143510103225708,12.789566993713379,12.829728126525879,12.608620643615723,0.006250886712223291,0.03169846907258034,806.9517211914062,1.1486800909042358,3.8556196689605713,2.839841842651367,6.896816730499268,382.4829704761505
10,2,2.510887861251831,1.0366556644439697,12.767305374145508,12.809321403503418,12.3158597946167,0.00654963031411171,0.032395489513874054,788.2150268554688,1.1492805480957031,3.87245512008667,2.8375136852264404,6.903947830200195,382.52611231803894
11,2,2.4885056018829346,1.0582729578018188,12.745062828063965,12.788923263549805,12.043266296386719,0.0068474276922643185,0.03307102993130684,770.76904296875,1.1498733758926392,3.888791561126709,2.8352224826812744,6.910874843597412,386.33661341667175
12,2,2.4670698642730713,1.0793137550354004,12.722794532775879,12.768491744995117,11.78785514831543,0.007145230192691088,0.03372855484485626,754.4227294921875,1.1504610776901245,3.9046926498413086,2.832960844039917,6.91761589050293,386.3798031806946
13,2,2.4464492797851562,1.0998666286468506,12.700459480285645,12.747995376586914,11.547272682189941,0.007443826645612717,0.03437083214521408,739.0254516601562,1.1510454416275024,3.9202075004577637,2.8307266235351562,6.9241862297058105,386.4229462146759
14,2,2.4265382289886475,1.1200042963027954,12.678032875061035,12.727409362792969,11.319628715515137,0.007743893191218376,0.03500013425946236,724.4562377929688,1.1516283750534058,3.9353761672973633,2.828514814376831,6.9305949211120605,386.4660966396332
15,2,2.40725040435791,1.1397857666015625,12.655487060546875,12.706709861755371,11.10339069366455,0.008046003989875317,0.03561830520629883,710.6170043945312,1.15221107006073,3.950226306915283,2.826321840286255,6.936851501464844,386.50921535491943
16,2,2.388514280319214,1.159260869026184,12.632803916931152,12.685882568359375,10.897292137145996,0.00835066381841898,0.03622690215706825,697.4266967773438,1.1527950763702393,3.964783191680908,2.8241477012634277,6.942963123321533,386.55233359336853
17,2,2.370269536972046,1.1784709692001343,12.609963417053223,12.664912223815918,10.700275421142578,0.008658315055072308,0.036827217787504196,684.817626953125,1.153381109237671,3.979064464569092,2.8219892978668213,6.948935508728027,386.59545969963074
18,2,2.3524656295776367,1.1974515914916992,12.586957931518555,12.643789291381836,10.511454582214355,0.008969360031187534,0.0374203622341156,672.7330932617188,1.15397047996521,3.993084192276001,2.819845199584961,6.954773426055908,386.63861060142517
19,2,2.335059642791748,1.2162320613861084,12.56376838684082,12.622498512268066,10.33007526397705,0.00928415171802044,0.03800725191831589,661.1248168945312,1.1545637845993042,4.0068535804748535,2.8177146911621094,6.9604811668396,386.6817708015442
20,2,2.31801438331604,1.2348384857177734,12.540390014648438,12.60103988647461,10.155489921569824,0.009603013284504414,0.03858870267868042,649.9513549804688,1.15516197681427,4.020379543304443,2.8155972957611084,6.966062068939209,386.72491931915283
21,2,2.3012986183166504,1.253292441368103,12.51681137084961,12.579400062561035,9.987143516540527,0.009926244616508484,0.03916538879275322,639.1771850585938,1.155765414237976,4.0336689949035645,2.8134918212890625,6.9715189933776855,390.4815511703491
22,2,2.2848846912384033,1.2716128826141357,12.49302864074707,12.557579040527344,9.824553489685059,0.01025411020964384,0.03973790258169174,628.7714233398438,1.1563749313354492,4.046724796295166,2.8113980293273926,6.97685432434082,390.52475357055664
23,2,2.268749237060547,1.2898156642913818,12.469036102294922,12.535567283630371,9.667301177978516,0.01058686338365078,0.04030673950910568,618.707275390625,1.1569910049438477,4.059548854827881,2.8102734088897705,6.982069969177246,390.567889213562
24,2,2.252870798110962,1.3079147338867188,12.44482421875,12.5133638381958,9.51501178741455,0.010924729518592358,0.04087233543395996,608.9607543945312,1.15761399269104,4.072142124176025,2.813999652862549,6.987168312072754,390.611043214798
25,2,2.237231731414795,1.3259215354919434,12.420390129089355,12.490962982177734,9.367363929748535,0.011267921887338161,0.04143504798412323,599.5112915039062,1.158244252204895,4.084502220153809,2.817657709121704,6.992150783538818,390.6541996002197
26,2,2.221816301345825,1.3438467979431152,12.395734786987305,12.468366622924805,9.224068641662598,0.011616636998951435,0.04199521243572235,590.3403930664062,1.1588823795318604,4.096630096435547,2.821249485015869,6.997018814086914,390.69731998443604
27,2,2.2066102027893066,1.3616982698440552,12.370848655700684,12.445566177368164,9.084867477416992,0.011971055530011654,0.042553070932626724,581.4315185546875,1.159528374671936,4.108520030975342,2.824777364730835,7.001773834228516,390.74046182632446
28,2,2.191601514816284,1.3794838190078735,12.345736503601074,12.422568321228027,8.949533462524414,0.012331344187259674,0.04310886934399605,572.7701416015625,1.1601829528808594,4.120171070098877,2.828242778778076,7.0064167976379395,390.78361678123474
29,2,2.17677903175354,1.3972094058990479,12.320395469665527,12.399368286132812,8.817858695983887,0.012697665020823479,0.043662793934345245,564.3429565429688,1.1608461141586304,4.1315789222717285,2.831648826599121,7.010950088500977,390.8267436027527
30,2,2.1621334552764893,1.4148801565170288,12.294822692871094,12.375967025756836,8.689656257629395,0.013070163317024708,0.04421500489115715,556.1380004882812,1.1615182161331177,4.142738342285156,2.8349976539611816,7.015373706817627,390.8698744773865
31,2,2.147656202316284,1.432499885559082,12.269018173217773,12.352362632751465,8.564760208129883,0.013448973186314106,0.044765621423721313,548.1446533203125,1.1621993780136108,4.15364408493042,2.8382909297943115,7.019688129425049,394.6530282497406
32,2,2.1333396434783936,1.4500716924667358,12.2429780960083,12.328554153442383,8.443016052246094,0.013834219425916672,0.045314740389585495,540.35302734375,1.1628895998001099,4.168735504150391,2.8419013023376465,7.023895740509033,394.6961808204651
33,2,2.1191771030426025,1.4675989151000977,12.21671199798584,12.304548263549805,8.324285507202148,0.014226020313799381,0.04586246609687805,532.7542724609375,1.163589358329773,4.187244415283203,2.8458776473999023,7.027997970581055,394.7393398284912
34,2,2.1051628589630127,1.4850826263427734,12.190211296081543,12.280338287353516,8.208439826965332,0.014624484814703465,0.04640883207321167,525.3401489257812,1.1642985343933105,4.205611228942871,2.84981107711792,7.031993865966797,394.7825448513031
35,2,2.0912911891937256,1.5025248527526855,12.163480758666992,12.255931854248047,8.09536075592041,0.01502971164882183,0.04695390164852142,518.1030883789062,1.1650173664093018,4.223835468292236,2.8537046909332275,7.035886287689209,394.8256640434265
36,2,2.0775578022003174,1.5199259519577026,12.136524200439453,12.231328010559082,7.9849443435668945,0.015441789291799068,0.04749768599867821,511.03643798828125,1.1657459735870361,4.241910457611084,2.857560873031616,7.039675235748291,394.8688049316406
37,2,2.063957929611206,1.5372865200042725,12.109336853027344,12.206526756286621,7.877085208892822,0.01586081087589264,0.048040203750133514,504.1334533691406,1.1664842367172241,4.259833335876465,2.8613803386688232,7.043362140655518,394.9119803905487
38,2,2.050488233566284,1.554606556892395,12.081927299499512,12.181533813476562,7.771694660186768,0.01628684625029564,0.048581454902887344,497.3884582519531,1.1672323942184448,4.277599334716797,2.865166425704956,7.046947956085205,394.9551463127136
39,2,2.037144899368286,1.5718854665756226,12.054291725158691,12.156346321105957,7.668683052062988,0.01671997830271721,0.049121420830488205,490.79571533203125,1.1679904460906982,4.29520320892334,2.8689210414886475,7.050433158874512,394.9982736110687
40,2,2.0239248275756836,1.5891228914260864,12.026433944702148,12.130970001220703,7.567969799041748,0.017160261049866676,0.0496600903570652,484.3500671386719,1.1687582731246948,4.31264066696167,2.8726460933685303,7.053820610046387,395.041433095932
41,2,2.0108256340026855,1.606317400932312,11.998358726501465,12.105405807495117,7.469481945037842,0.017607755959033966,0.05019741877913475,478.0468444824219,1.1695361137390137,4.3299055099487305,2.876344680786133,7.057109355926514,398.8163013458252
42,2,1.9978442192077637,1.6234685182571411,11.970067024230957,12.079657554626465,7.373144149780273,0.018062526360154152,0.05073339119553566,471.8812255859375,1.1703238487243652,4.346995830535889,2.8800182342529297,7.060301780700684,398.85954236984253
43,2,1.9849786758422852,1.6405739784240723,11.941560745239258,12.053728103637695,7.2788920402526855,0.01852460205554962,0.05126793682575226,465.8490905761719,1.1711214780807495,4.363902568817139,2.88366961479187,7.063398361206055,398.9027111530304
44,2,1.9722267389297485,1.6576327085494995,11.91284465789795,12.027619361877441,7.186661243438721,0.018994037061929703,0.05180102214217186,459.9463195800781,1.1719290018081665,4.380623817443848,2.8873002529144287,7.066400527954102,398.94583201408386
45,2,1.9595863819122314,1.67464280128479,11.883920669555664,12.001334190368652,7.096391201019287,0.01947086863219738,0.05233258754014969,454.1690368652344,1.1727463006973267,4.397151947021484,2.890913486480713,7.069309711456299,398.9889941215515
46,2,1.9470560550689697,1.691602349281311,11.854792594909668,11.974874496459961,7.008025646209717,0.019955134019255638,0.05286257341504097,448.5136413574219,1.1735734939575195,4.413483619689941,2.8945112228393555,7.072126388549805,399.03212451934814
47,2,1.934633731842041,1.7085096836090088,11.825464248657227,11.948247909545898,6.921508312225342,0.02044684998691082,0.053390927612781525,442.9765319824219,1.1744105815887451,4.42961311340332,2.8980958461761475,7.074851989746094,399.0752491950989
48,2,1.9223183393478394,1.725361943244934,11.795937538146973,11.921451568603516,6.836790084838867,0.02094605192542076,0.05391756072640419,437.5545654296875,1.1752572059631348,4.445534706115723,2.90166974067688,7.077488422393799,399.1183865070343
49,2,1.9101080894470215,1.7421581745147705,11.766220092773438,11.89449691772461,6.753818511962891,0.021452752873301506,0.05444244295358658,432.244384765625,1.1761138439178467,4.461245536804199,2.9052348136901855,7.08003568649292,399.1615319252014
50,2,1.8980016708374023,1.758894681930542,11.736308097839355,11.867377281188965,6.672547340393066,0.021966971457004547,0.05496545881032944,427.04302978515625,1.1769797801971436,4.4767374992370605,2.9087936878204346,7.082496166229248,399.2047884464264
51,2,1.8859978914260864,1.7755705118179321,11.706212997436523,11.840105056762695,6.592930316925049,0.02248871885240078,0.05548657849431038,421.9475402832031,1.1778556108474731,4.492008686065674,2.912348985671997,7.084869861602783,402.9679915904999
52,2,1.8740956783294678,1.7921828031539917,11.675935745239258,11.812679290771484,6.5149245262146,0.023018009960651398,0.05600571259856224,416.9551696777344,1.1787407398223877,4.507051944732666,2.915902853012085,7.087158679962158,403.0111503601074
53,2,1.8622936010360718,1.808729648590088,11.645482063293457,11.785106658935547,6.4384870529174805,0.0235548485070467,0.05652280151844025,412.06317138671875,1.1796355247497559,4.521866321563721,2.9194564819335938,7.089364528656006,403.05426955223083
54,2,1.850590467453003,1.8252086639404297,11.614853858947754,11.757390022277832,6.3635759353637695,0.024099230766296387,0.05703777074813843,407.26885986328125,1.180539846420288,4.536442756652832,2.9230141639709473,7.091487884521484,403.09740591049194
55,2,1.8389854431152344,1.8416173458099365,11.58405590057373,11.729532241821289,6.290153503417969,0.024651162326335907,0.057550542056560516,402.56982421875,1.1814533472061157,4.550780773162842,2.926577091217041,7.09352970123291,403.1405267715454
56,2,1.8274774551391602,1.8579540252685547,11.553095817565918,11.7015380859375,6.218181610107422,0.025210648775100708,0.058061063289642334,397.963623046875,1.1823763847351074,4.564873218536377,2.9301469326019287,7.095491409301758,403.1836531162262
57,2,1.8160655498504639,1.8742156028747559,11.521970748901367,11.673409461975098,6.147623062133789,0.025777669623494148,0.05856923758983612,393.4478759765625,1.183308482170105,4.57871675491333,2.9337270259857178,7.097373962402344,403.2267847061157
58,2,1.804748296737671,1.8904012441635132,11.490694046020508,11.645155906677246,6.078441619873047,0.026352232322096825,0.05907503888010979,389.020263671875,1.184249997138977,4.592308521270752,2.937319278717041,7.099178791046143,403.269935131073
59,2,1.7935253381729126,1.906507968902588,11.459264755249023,11.616777420043945,6.010604381561279,0.026934310793876648,0.05957837402820587,384.6786804199219,1.1852006912231445,4.605645179748535,2.940925121307373,7.100907802581787,403.31307578086853
60,2,1.7823948860168457,1.9225339889526367,11.42768669128418,11.588277816772461,5.944075107574463,0.027523919939994812,0.0600791871547699,380.4208068847656,1.1861604452133179,4.618720531463623,2.9445481300354004,7.102562427520752,403.3561999797821
61,2,1.7713568210601807,1.938477635383606,11.39596939086914,11.559662818908691,5.878824234008789,0.02812102995812893,0.060577426105737686,376.2447509765625,1.187129259109497,4.631532669067383,2.9481890201568604,7.104141712188721,407.1163830757141
62,2,1.7604095935821533,1.9543368816375732,11.364114761352539,11.530938148498535,5.814818859100342,0.028725629672408104,0.061073027551174164,372.1484069824219,1.1881072521209717,4.644078731536865,2.951850652694702,7.105648517608643,407.159597158432
63,2,1.749552607536316,1.970110297203064,11.332130432128906,11.502108573913574,5.752028465270996,0.029337704181671143,0.06156594678759575,368.12982177734375,1.1890944242477417,4.656354904174805,2.9555351734161377,7.107083797454834,407.2027349472046
64,2,1.7387844324111938,1.9857953786849976,11.300013542175293,11.473172187805176,5.690422058105469,0.029957249760627747,0.062056105583906174,364.18701171875,1.1900904178619385,4.674350261688232,2.9592442512512207,7.108448028564453,407.2459030151367
65,2,1.7281044721603394,2.0013911724090576,11.267776489257812,11.444140434265137,5.629971981048584,0.03058423288166523,0.06254347413778305,360.3182067871094,1.1910954713821411,4.718189716339111,2.962979793548584,7.109743118286133,407.2890408039093
66,2,1.7175116539001465,2.0168964862823486,11.235424041748047,11.415017127990723,5.57064962387085,0.031218649819493294,0.0630280151963234,356.5215759277344,1.1921098232269287,4.762190341949463,2.9667444229125977,7.1109700202941895,407.3321979045868
67,2,1.7070050239562988,2.0323092937469482,11.202957153320312,11.38580322265625,5.51242733001709,0.03186047449707985,0.06350966542959213,352.79534912109375,1.193132996559143,4.806343078613281,2.9705398082733154,7.112130165100098,407.375319480896
68,2,1.6965833902359009,2.04762864112854,11.170381546020508,11.356504440307617,5.455276966094971,0.0325097031891346,0.06398839503526688,349.1377258300781,1.1941651105880737,4.850640296936035,2.974367141723633,7.113223552703857,407.4184789657593
69,2,1.6862459182739258,2.0628533363342285,11.137703895568848,11.327127456665039,5.399173736572266,0.0331663079559803,0.06446416676044464,345.547119140625,1.1952064037322998,4.89507532119751,2.978229284286499,7.114251613616943,407.46162128448486
70,2,1.6759916543960571,2.077982187271118,11.104928016662598,11.297674179077148,5.344091892242432,0.033830273896455765,0.06493694335222244,342.0218811035156,1.1962567567825317,4.939639091491699,2.9821279048919678,7.115216255187988,407.5047676563263
71,2,1.6658194065093994,2.0930137634277344,11.07205581665039,11.268146514892578,5.290006160736084,0.03450160101056099,0.0654066801071167,338.5603942871094,1.1973159313201904,4.984323978424072,2.9860644340515137,7.11611795425415,411.26343035697937
72,2,1.6557282209396362,2.1079483032226562,11.039097785949707,11.238554954528809,5.236892223358154,0.03518025577068329,0.06587338447570801,335.1611022949219,1.1983845233917236,5.0291218757629395,2.9900412559509277,7.116957664489746,411.30663442611694
73,2,1.645716905593872,2.1227848529815674,11.006056785583496,11.208902359008789,5.184725284576416,0.035866234451532364,0.06633702665567398,331.8224182128906,1.1994622945785522,5.074023723602295,2.994058847427368,7.117736339569092,411.34979701042175
74,2,1.6357847452163696,2.1375222206115723,10.97293758392334,11.179193496704102,5.133484840393066,0.03655950725078583,0.06679756939411163,328.54302978515625,1.2005493640899658,5.119022369384766,2.9981207847595215,7.118454456329346,411.3930251598358
75,2,1.6259300708770752,2.15216064453125,10.939743041992188,11.149429321289062,5.083144187927246,0.03726010397076607,0.06725502014160156,325.32122802734375,1.2016457319259644,5.164106845855713,3.0022265911102295,7.119113922119141,411.43616104125977
76,2,1.6161524057388306,2.1666994094848633,10.906482696533203,11.119619369506836,5.033685207366943,0.0379679799079895,0.06770935654640198,322.1558532714844,1.202751636505127,5.209270000457764,3.006380319595337,7.119714736938477,411.4793303012848
77,2,1.606450080871582,2.181138038635254,10.873154640197754,11.089763641357422,4.985083103179932,0.03868314251303673,0.06816056370735168,319.0453186035156,1.2038668394088745,5.254501819610596,3.0109546184539795,7.1202592849731445,411.52266931533813
78,2,1.5968225002288818,2.195476531982422,10.839768409729004,11.059868812561035,4.937319278717041,0.039405569434165955,0.06860864162445068,315.9884338378906,1.2049918174743652,5.299793243408203,3.0159130096435547,7.12074613571167,411.56583762168884
79,2,1.5872679948806763,2.2097153663635254,10.806326866149902,11.029938697814941,4.8903703689575195,0.04013529792428017,0.06905360519886017,312.98370361328125,1.2061264514923096,5.3451337814331055,3.0209193229675293,7.121178150177002,411.6089813709259
80,2,1.5777857303619385,2.2238545417785645,10.772834777832031,10.999977111816406,4.844217300415039,0.04087230935692787,0.06949545443058014,310.0299072265625,1.2072709798812866,5.3905158042907715,3.0259742736816406,7.121556758880615,411.6522068977356
81,2,1.568374514579773,2.237894058227539,10.739298820495605,10.969991683959961,4.79884147644043,0.04161658510565758,0.0699341893196106,307.1258544921875,1.208425521850586,5.435929775238037,3.031081199645996,7.121880054473877,415.41015338897705
82,2,1.559032917022705,2.2518346309661865,10.705719947814941,10.939982414245605,4.754221439361572,0.042368173599243164,0.07036983221769333,304.2701721191406,1.209590196609497,5.481365203857422,3.0362393856048584,7.122150897979736,415.4533531665802
83,2,1.549759864807129,2.265676736831665,10.672104835510254,10.909955978393555,4.710338592529297,0.043127067387104034,0.07080239802598953,301.461669921875,1.2107652425765991,5.526811599731445,3.0414509773254395,7.122369289398193,415.4965262413025
84,2,1.5405542850494385,2.2794203758239746,10.638456344604492,10.879913330078125,4.667176246643066,0.043893277645111084,0.0712318867444992,298.69927978515625,1.211950659751892,5.572260856628418,3.0467171669006348,7.1225361824035645,415.53969621658325
85,2,1.53141450881958,2.293067693710327,10.604782104492188,10.84986400604248,4.624713897705078,0.0446668341755867,0.07165836542844772,295.981689453125,1.2131469249725342,5.617703437805176,3.0520386695861816,7.122652053833008,415.5828239917755
86,2,1.5223397016525269,2.3066179752349854,10.571081161499023,10.819808006286621,4.582935333251953,0.045447733253240585,0.07208181172609329,293.307861328125,1.2143539190292358,5.66312837600708,3.057417631149292,7.122718334197998,415.62593269348145
87,2,1.5133283138275146,2.3200738430023193,10.537363052368164,10.789752006530762,4.54182243347168,0.04623604565858841,0.07250230759382248,290.6766357421875,1.2155721187591553,5.708526134490967,3.0628533363342285,7.122734546661377,415.6691150665283
88,2,1.5043789148330688,2.3334357738494873,10.50362777709961,10.759698867797852,4.501357078552246,0.04703178629279137,0.07291986793279648,288.08685302734375,1.2168015241622925,5.753889083862305,3.068347930908203,7.1227030754089355,415.7122368812561
89,2,1.4954906702041626,2.3467044830322266,10.469880104064941,10.729650497436523,4.461524963378906,0.04783498868346214,0.07333451509475708,285.53759765625,1.2180424928665161,5.799205303192139,3.073901891708374,7.122622489929199,415.7553436756134
90,2,1.486661672592163,2.359882354736328,10.436125755310059,10.699615478515625,4.42230749130249,0.048645686358213425,0.07374632358551025,283.0276794433594,1.2192952632904053,5.8444671630859375,3.079517126083374,7.122495174407959,415.79853224754333
91,2,1.477890968322754,2.3729701042175293,10.402366638183594,10.66959285736084,4.383690357208252,0.04946395754814148,0.07415531575679779,280.5561828613281,1.220560073852539,5.889664649963379,3.085193157196045,7.122321128845215,419.5456392765045
92,2,1.469177007675171,2.385970115661621,10.368608474731445,10.6395902633667,4.3456573486328125,0.050289832055568695,0.07456156611442566,278.1220703125,1.2218372821807861,5.934789657592773,3.0909311771392822,7.12209939956665,419.58882689476013
93,2,1.4605183601379395,2.398883581161499,10.334851264953613,10.60960865020752,4.308192253112793,0.05112338811159134,0.07496511191129684,275.72430419921875,1.223127007484436,5.979833126068115,3.0967321395874023,7.121833801269531,419.63198614120483
94,2,1.4519137144088745,2.411713123321533,10.301103591918945,10.579654693603516,4.271280765533447,0.05196468532085419,0.07536603510379791,273.3619689941406,1.2244298458099365,6.02478551864624,3.1025960445404053,7.121522426605225,419.6751182079315
95,2,1.4433616399765015,2.42445969581604,10.267363548278809,10.549727439880371,4.234908103942871,0.0528138093650341,0.07576436549425125,271.03411865234375,1.2257455587387085,6.069639205932617,3.1085238456726074,7.121166229248047,419.7182881832123
96,2,1.4348607063293457,2.4371259212493896,10.233637809753418,10.519834518432617,4.199059963226318,0.05367080867290497,0.07616018503904343,268.7398376464844,1.2270749807357788,6.114386558532715,3.114516019821167,7.120765686035156,419.7614266872406
97,2,1.4264092445373535,2.4497146606445312,10.199929237365723,10.48997974395752,4.163721561431885,0.05453580245375633,0.0765535831451416,266.4781799316406,1.2284183502197266,6.159020900726318,3.120573043823242,7.120322227478027,419.8045778274536
98,2,1.4180059432983398,2.4622271060943604,10.166237831115723,10.460161209106445,4.128879070281982,0.05540889501571655,0.07694459706544876,264.2482604980469,1.2297756671905518,6.2035322189331055,3.1266942024230957,7.11983585357666,419.8477108478546
99,2,1.4096492528915405,2.4746668338775635,10.13257122039795,10.430387496948242,4.094519138336182,0.056290172040462494,0.07733333855867386,262.0492248535156,1.2311476469039917,6.2479166984558105,3.132880687713623,7.119305610656738,419.8908517360687
100,2,1.4013378620147705,2.4870352745056152,10.09892749786377,10.400657653808594,4.060628890991211,0.05717974901199341,0.07771985232830048,259.8802490234375,1.232534408569336,6.2921648025512695,3.1391327381134033,7.118733882904053,419.9339609146118
101,2,1.393070101737976,2.499336004257202,10.065313339233398,10.370979309082031,4.027194976806641,0.058077745139598846,0.07810425013303757,257.740478515625,1.2339365482330322,6.346303462982178,3.1454501152038574,7.118119716644287,423.67682433128357
102,2,1.384844422340393,2.5115714073181152,10.031729698181152,10.341353416442871,3.994204521179199,0.05898428335785866,0.0784866064786911,255.62908935546875,1.2353541851043701,6.410001754760742,3.151832342147827,7.1174635887146,423.7200322151184
103,2,1.3766592741012573,2.523744583129883,9.99817943572998,10.311782836914062,3.9616446495056152,0.05989951267838478,0.07886701822280884,253.54525756835938,1.236788034439087,6.473667621612549,3.1582794189453125,7.116767406463623,423.76319575309753
104,2,1.3685129880905151,2.535858392715454,9.9646635055542,10.282271385192871,3.9295032024383545,0.06082356348633766,0.07924557477235794,251.4882049560547,1.2382383346557617,6.5372819900512695,3.165138006210327,7.116029262542725,423.8063442707062
105,2,1.360404372215271,2.5479159355163574,9.931187629699707,10.252822875976562,3.897768974304199,0.06175658851861954,0.07962237298488617,249.45721435546875,1.2397054433822632,6.600822925567627,3.1868789196014404,7.115251541137695,423.849506855011
106,2,1.352331280708313,2.559919834136963,9.897747993469238,10.223434448242188,3.866428852081299,0.06269878149032593,0.07999749481678009,247.45144653320312,1.24118971824646,6.664267539978027,3.2088959217071533,7.114433288574219,423.8926651477814
107,2,1.3442926406860352,2.5718743801116943,9.86435317993164,10.194116592407227,3.835472345352173,0.06365028023719788,0.08037107437849045,245.47023010253906,1.2426917552947998,6.727596759796143,3.2311887741088867,7.113574981689453,423.9357578754425
108,2,1.3362865447998047,2.583782196044922,9.831001281738281,10.16486644744873,3.8048877716064453,0.0646112933754921,0.08074319362640381,243.5128173828125,1.2442119121551514,6.79079008102417,3.2537546157836914,7.112677097320557,423.97888684272766
109,2,1.3283113241195679,2.595647096633911,9.79769515991211,10.135690689086914,3.7746639251708984,0.06558199226856232,0.08111397176980972,241.5784912109375,1.2457507848739624,6.853827476501465,3.2765934467315674,7.111739635467529,424.02203845977783
110,2,1.3203656673431396,2.6074726581573486,9.76443862915039,10.106590270996094,3.7447903156280518,0.06656258553266525,0.08148352056741714,239.6665802001953,1.247308611869812,6.916689872741699,3.2997021675109863,7.110763072967529,424.06517362594604
111,2,1.3124475479125977,2.6192619800567627,9.731228828430176,10.077567100524902,3.7152559757232666,0.06755328923463821,0.08185193687677383,237.77638244628906,1.2488858699798584,6.979357719421387,3.3230788707733154,7.109747409820557,427.8209354877472
112,2,1.3045556545257568,2.631019115447998,9.698070526123047,10.048624038696289,3.6860508918762207,0.06855431944131851,0.08221934735774994,235.90725708007812,1.2504831552505493,7.041812896728516,3.3467206954956055,7.108692646026611,427.86416888237
113,2,1.296688199043274,2.6427483558654785,9.664966583251953,10.019765853881836,3.6571648120880127,0.06956591457128525,0.0825858861207962,234.0585479736328,1.2521010637283325,7.104038238525391,3.3706254959106445,7.107600212097168,427.90732169151306
114,2,1.2888435125350952,2.6544528007507324,9.631915092468262,9.990991592407227,3.6285877227783203,0.07058831304311752,0.08295165002346039,232.2296142578125,1.2537397146224976,7.166016101837158,3.3947906494140625,7.106468200683594,427.9505069255829
115,2,1.281019926071167,2.6661367416381836,9.598918914794922,9.962305068969727,3.6003100872039795,0.07162179052829742,0.08331677317619324,230.4198455810547,1.2553999423980713,7.227728366851807,3.419212579727173,7.10529899597168,427.99364256858826
116,2,1.2732157707214355,2.6778037548065186,9.565977096557617,9.933708190917969,3.572321891784668,0.07266657799482346,0.0836813673377037,228.62860107421875,1.2570819854736328,7.28916072845459,3.4438886642456055,7.104090690612793,428.0367856025696
117,2,1.2654296159744263,2.6894586086273193,9.533095359802246,9.905205726623535,3.5446150302886963,0.0737229585647583,0.08404558151960373,226.85536193847656,1.2587865591049194,7.3502984046936035,3.468815803527832,7.10284423828125,428.0799651145935
118,2,1.2576591968536377,2.7011055946350098,9.500271797180176,9.876798629760742,3.517179012298584,0.07479123771190643,0.08440954983234406,225.09945678710938,1.2605141401290894,7.411128044128418,3.4939894676208496,7.101559162139893,428.12313580513
119,2,1.2499035596847534,2.7127485275268555,9.467509269714355,9.848488807678223,3.4900062084198,0.07587171345949173,0.08477339148521423,223.3603973388672,1.2622650861740112,7.471635341644287,3.5194058418273926,7.1002373695373535,428.16628551483154
120,2,1.2421603202819824,2.7243921756744385,9.434806823730469,9.820280075073242,3.4630868434906006,0.07696468383073807,0.0851372554898262,221.63755798339844,1.264040231704712,7.5318074226379395,3.54506254196167,7.098877429962158,428.20943999290466
121,2,1.2344285249710083,2.736039638519287,9.402165412902832,9.792171478271484,3.4364142417907715,0.07807046175003052,0.08550123870372772,219.93051147460938,1.265839695930481,7.59163236618042,3.5709540843963623,7.097478866577148,431.99176931381226
122,2,1.2267059087753296,2.747697591781616,9.369588851928711,9.764171600341797,3.409978151321411,0.07918939739465714,0.0858655497431755,218.2386016845703,1.2676643133163452,7.651100158691406,3.597076177597046,7.096043109893799,432.0349187850952
123,2,1.2189910411834717,2.7593681812286377,9.33707332611084,9.736274719238281,3.383772134780884,0.08032184839248657,0.08623025566339493,216.56141662597656,1.269514560699463,7.710201740264893,3.623425006866455,7.094568729400635,432.07807517051697
124,2,1.2112822532653809,2.7710580825805664,9.3046236038208,9.708490371704102,3.3577873706817627,0.08146815001964569,0.0865955650806427,214.8983917236328,1.2713909149169922,7.768925189971924,3.649994134902954,7.093057155609131,432.12126660346985
125,2,1.2035777568817139,2.782771110534668,9.27224063873291,9.680819511413574,3.332016944885254,0.08262865990400314,0.08696159720420837,213.24908447265625,1.2732940912246704,7.827264308929443,3.6767795085906982,7.091507911682129,432.16442608833313
126,2,1.195876121520996,2.7945117950439453,9.239922523498535,9.6532621383667,3.306453227996826,0.08380379527807236,0.08732849359512329,211.61300659179688,1.2752245664596558,7.885211944580078,3.7037765979766846,7.0899200439453125,432.2075731754303
127,2,1.1881754398345947,2.8062856197357178,9.207673072814941,9.625823974609375,3.2810890674591064,0.08499392867088318,0.08769642561674118,209.9897003173828,1.2771828174591064,7.9427595138549805,3.73097825050354,7.08829402923584,432.2506866455078
128,2,1.1804741621017456,2.818096160888672,9.175488471984863,9.598502159118652,3.255917549133301,0.08619949221611023,0.088065505027771,208.37872314453125,1.2791693210601807,7.9999003410339355,3.7583789825439453,7.086630344390869,432.2938151359558
129,2,1.172770380973816,2.8299503326416016,9.1433744430542,9.571306228637695,3.230931043624878,0.08742089569568634,0.08843594789505005,206.7795867919922,1.2811849117279053,8.056632041931152,3.785973310470581,7.084928035736084,432.33695244789124
130,2,1.1650627851486206,2.8418514728546143,9.111328125,9.544235229492188,3.2061240673065186,0.08865851908922195,0.0888078585267067,205.1919403076172,1.2832300662994385,8.112946510314941,3.8137547969818115,7.083188056945801,432.38012528419495
131,2,1.1573495864868164,2.85380482673645,9.079350471496582,9.517289161682129,3.1814897060394287,0.08991289883852005,0.08918140083551407,203.61534118652344,1.285305142402649,8.168840408325195,3.8417153358459473,7.081408977508545,436.11397433280945
132,2,1.14962899684906,2.8658173084259033,9.047446250915527,9.490478515625,3.1570212841033936,0.09118444472551346,0.08955679088830948,202.0493621826172,1.287411093711853,8.224310874938965,3.8698489665985107,7.079592227935791,436.15715861320496
133,2,1.1418994665145874,2.877892017364502,9.015610694885254,9.463799476623535,3.1327133178710938,0.09247364103794098,0.08993412554264069,200.49365234375,1.2895481586456299,8.279353141784668,3.8981478214263916,7.077735900878906,436.2003104686737
134,2,1.1341595649719238,2.89003586769104,8.98384952545166,9.437259674072266,3.1085598468780518,0.09378095716238022,0.090313620865345,198.9478302001953,1.2917171716690063,8.333964347839355,3.9266045093536377,7.075840950012207,436.2434368133545
135,2,1.1264073848724365,2.9022531509399414,8.95215892791748,9.410856246948242,3.08455491065979,0.09510696679353714,0.09069541096687317,197.41151428222656,1.293918490409851,8.388139724731445,3.9552090167999268,7.073907375335693,436.286598443985
136,2,1.1186414957046509,2.9145498275756836,8.92054271697998,9.384597778320312,3.0606932640075684,0.09645207971334457,0.09107968211174011,195.88436889648438,1.2961528301239014,8.441879272460938,3.9839766025543213,7.071933746337891,436.32974672317505
137,2,1.110859990119934,2.9269304275512695,8.888997077941895,9.358482360839844,3.036968946456909,0.09781691431999207,0.09146657586097717,194.3660125732422,1.2984205484390259,8.495176315307617,4.013624668121338,7.069921970367432,436.37287878990173
138,2,1.103061556816101,2.9394021034240723,8.857528686523438,9.332518577575684,3.0133776664733887,0.09920196235179901,0.09185631573200226,192.85617065429688,1.300722599029541,8.5480318069458,4.043393135070801,7.067869663238525,436.41603922843933
139,2,1.0952447652816772,2.9519693851470947,8.826135635375977,9.306706428527832,2.9899144172668457,0.10060781240463257,0.09224904328584671,191.35452270507812,1.3030593395233154,8.60044002532959,4.073271751403809,7.0657782554626465,436.45924973487854
140,2,1.0874073505401611,2.9646387100219727,8.794816970825195,9.281049728393555,2.9665729999542236,0.1020350381731987,0.09264495968818665,189.8606719970703,1.3054313659667969,8.652397155761719,4.103250026702881,7.0636467933654785,436.50239658355713
141,2,1.0795482397079468,2.9774160385131836,8.76357650756836,9.25555419921875,2.943349599838257,0.10348423570394516,0.09304425120353699,188.37437438964844,1.3078393936157227,8.703901290893555,4.1333160400390625,7.061474323272705,440.26573753356934
142,2,1.0716657638549805,2.9903059005737305,8.732410430908203,9.230217933654785,2.9202399253845215,0.1049560159444809,0.09344705939292908,186.89535522460938,1.3102836608886719,8.75494384765625,4.163457870483398,7.059261798858643,440.30891156196594
143,2,1.0637582540512085,3.0033154487609863,8.701323509216309,9.205050468444824,2.8972392082214355,0.10645095258951187,0.09385360777378082,185.42330932617188,1.312765121459961,8.805524826049805,4.193664073944092,7.057008266448975,440.3520555496216
144,2,1.0558242797851562,3.0164506435394287,8.67031478881836,9.18005084991455,2.8743433952331543,0.10796979814767838,0.09426408261060715,183.95797729492188,1.3152841329574585,8.855634689331055,4.2239203453063965,7.054714202880859,440.395206451416
145,2,1.0478620529174805,3.029717206954956,8.639384269714355,9.15522575378418,2.851547956466675,0.10951310396194458,0.09467866271734238,182.4990692138672,1.3178412914276123,8.905268669128418,4.254212379455566,7.052379131317139,440.43837690353394
146,2,1.0398701429367065,3.043121576309204,8.608532905578613,9.130577087402344,2.8288495540618896,0.11108160018920898,0.09509754925966263,181.04637145996094,1.3204371929168701,8.95442008972168,4.284526824951172,7.050002574920654,440.4815549850464
147,2,1.0318468809127808,3.0566699504852295,8.57776165008545,9.106110572814941,2.806243896484375,0.11267595738172531,0.09552093595266342,179.599609375,1.3230724334716797,9.003080368041992,4.314847469329834,7.047584056854248,440.5246522426605
148,2,1.023790955543518,3.070368766784668,8.54707145690918,9.081827163696289,2.7837278842926025,0.11429694294929504,0.09594902396202087,178.15858459472656,1.3257474899291992,9.051239967346191,4.345159530639648,7.045124053955078,440.5677843093872
149,2,1.0157004594802856,3.0842249393463135,8.516461372375488,9.057735443115234,2.7612969875335693,0.11594521254301071,0.0963820293545723,176.72300720214844,1.3284629583358765,9.09889030456543,4.375445365905762,7.042620658874512,440.6109035015106
150,2,1.0075743198394775,3.0982444286346436,8.485933303833008,9.033835411071777,2.7389490604400635,0.11762157082557678,0.09682013839483261,175.29273986816406,1.3312194347381592,9.14601993560791,4.405688762664795,7.040075778961182,440.6540701389313
151,2,0.9994105100631714,3.1124346256256104,8.455488204956055,9.01013469696045,2.716679811477661,0.11932677775621414,0.09726358205080032,173.8675079345703,1.3340176343917847,9.192619323730469,4.4358696937561035,7.037487506866455,444.42289876937866
152,2,0.9912077784538269,3.126801013946533,8.425124168395996,8.986635208129883,2.6944868564605713,0.12106156349182129,0.09771253168582916,172.44715881347656,1.336857557296753,9.238673210144043,4.465970993041992,7.034856796264648,444.4661362171173
153,2,0.9829644560813904,3.1413512229919434,8.394842147827148,8.963339805603027,2.6723666191101074,0.12282683700323105,0.09816722571849823,171.03146362304688,1.3397401571273804,9.284168243408203,4.495971202850342,7.032182693481445,444.5093741416931
154,2,0.9746791124343872,3.156092643737793,8.364645004272461,8.940258026123047,2.6503167152404785,0.12462332844734192,0.09862789511680603,169.62026977539062,1.3426660299301147,9.329092025756836,4.525852680206299,7.0294647216796875,444.5526728630066
155,2,0.9663500785827637,3.171032190322876,8.3345308303833,8.917389869689941,2.628333806991577,0.1264520138502121,0.09909475594758987,168.21336364746094,1.3456355333328247,9.373427391052246,4.555590629577637,7.026702880859375,444.5957851409912
156,2,0.9579759240150452,3.186176300048828,8.304499626159668,8.894742012023926,2.6064155101776123,0.12831366062164307,0.09956800937652588,166.8105926513672,1.348649024963379,9.417158126831055,4.5880126953125,7.02389669418335,444.6389756202698
157,2,0.949554979801178,3.2015328407287598,8.274551391601562,8.87231731414795,2.584559202194214,0.13020922243595123,0.10004790127277374,165.4117889404297,1.3517072200775146,9.460267066955566,4.649044513702393,7.0210466384887695,444.68209624290466
158,2,0.9410860538482666,3.2171084880828857,8.2446870803833,8.85012149810791,2.562763214111328,0.13213957846164703,0.10053464025259018,164.016845703125,1.3548104763031006,9.50273609161377,4.711212635040283,7.018151760101318,444.7252502441406
159,2,0.9325671195983887,3.232912302017212,8.2149076461792,8.828160285949707,2.5410239696502686,0.13410575687885284,0.10102850943803787,162.6255340576172,1.3579596281051636,9.544548034667969,4.7745256423950195,7.015212535858154,444.7683947086334
160,2,0.9239969849586487,3.2489511966705322,8.185213088989258,8.806439399719238,2.5193400382995605,0.1361086368560791,0.10152972489595413,161.23776245117188,1.3611549139022827,9.585680961608887,4.838995456695557,7.012228012084961,444.8115544319153
161,2,0.9153740406036377,3.2652320861816406,8.155600547790527,8.78496265411377,2.497709274291992,0.1381491720676422,0.10203850269317627,159.8533935546875,1.3643968105316162,9.626116752624512,4.904630184173584,7.00919771194458,448.5671103000641
162,2,0.9066967964172363,3.2817633152008057,8.12607192993164,8.76373291015625,2.4761297702789307,0.1402284950017929,0.10255510360002518,158.47230529785156,1.3676856756210327,9.665831565856934,4.971438884735107,7.006122589111328,448.6102876663208
163,2,0.8979635834693909,3.298553466796875,8.096627235412598,8.742758750915527,2.454599380493164,0.1423475742340088,0.10307979583740234,157.0943603515625,1.3710222244262695,9.704805374145508,5.039428234100342,7.003001689910889,448.6534125804901
164,2,0.8891730308532715,3.3156096935272217,8.067265510559082,8.72204303741455,2.4331166744232178,0.144507497549057,0.10361280292272568,155.71946716308594,1.3744068145751953,9.743017196655273,5.108604907989502,6.9998345375061035,448.6965889930725
165,2,0.8803234100341797,3.332941770553589,8.03798770904541,8.701595306396484,2.41167950630188,0.14670932292938232,0.10415443032979965,154.3474884033203,1.3778399229049683,9.78044319152832,5.179836750030518,6.996621608734131,448.73969173431396
166,2,0.8714135885238647,3.350555658340454,8.008790969848633,8.681414604187012,2.390287399291992,0.14895416796207428,0.10470486432313919,152.9783935546875,1.381321907043457,9.817059516906738,5.252748012542725,6.9933624267578125,448.7828423976898
167,2,0.8624416589736938,3.368462562561035,7.979677677154541,8.66151237487793,2.3689377307891846,0.15124325454235077,0.10526445508003235,151.6120147705078,1.384853482246399,9.852845191955566,5.326880931854248,6.990056991577148,448.8259732723236
168,2,0.8534061908721924,3.3866689205169678,7.9506449699401855,8.641891479492188,2.3476297855377197,0.15357759594917297,0.10583340376615524,150.24830627441406,1.3884347677230835,9.887775421142578,5.402238845825195,6.9867048263549805,448.8691232204437
169,2,0.8443057537078857,3.405184745788574,7.921692848205566,8.622557640075684,2.326362133026123,0.15595853328704834,0.10641202330589294,148.88717651367188,1.3920663595199585,9.921825408935547,5.478823184967041,6.983305931091309,448.91223216056824
170,2,0.835138738155365,3.4240188598632812,7.892821788787842,8.60351848602295,2.305133819580078,0.1583872139453888,0.10700058937072754,147.528564453125,1.3957487344741821,9.954971313476562,5.556633472442627,6.979861259460449,448.9553327560425
171,2,0.8259038329124451,3.443179130554199,7.864028453826904,8.584778785705566,2.2839441299438477,0.16086480021476746,0.10759934782981873,146.17242431640625,1.399482250213623,9.987189292907715,5.63566780090332,6.976368427276611,452.73386907577515
172,2,0.8165993690490723,3.4626760482788086,7.835315227508545,8.566346168518066,2.262791872024536,0.16339264810085297,0.10820862650871277,144.8186798095703,1.4032673835754395,10.018454551696777,5.71592378616333,6.972829818725586,452.7770597934723
173,2,0.807223916053772,3.4825193881988525,7.8066816329956055,8.548229217529297,2.2416763305664062,0.16597197949886322,0.10882873088121414,143.46728515625,1.407104730606079,10.04874324798584,5.797397613525391,6.96924352645874,452.8202302455902
174,2,0.7977762222290039,3.502716064453125,7.778121471405029,8.530427932739258,2.220597267150879,0.16860413551330566,0.10945987701416016,142.11822509765625,1.410994291305542,10.07802963256836,5.880082607269287,6.965610980987549,452.86337208747864
175,2,0.7882544994354248,3.5232787132263184,7.749640464782715,8.512955665588379,2.1995537281036377,0.17129050195217133,0.11010245978832245,140.7714385986328,1.4149370193481445,10.10628890991211,5.9639692306518555,6.961931228637695,452.906534910202
176,2,0.7786574363708496,3.544215440750122,7.721234321594238,8.495818138122559,2.1785454750061035,0.1740322858095169,0.11075673252344131,139.42691040039062,1.4189331531524658,10.133499145507812,6.049050331115723,6.958204746246338,452.9496684074402
177,2,0.7689838409423828,3.5655360221862793,7.6929030418396,8.479021072387695,2.1575727462768555,0.1768309324979782,0.11142300069332123,138.08465576171875,1.422982931137085,10.15963363647461,6.135315418243408,6.954431056976318,452.99278116226196
178,2,0.7592321038246155,3.5872504711151123,7.664644241333008,8.462573051452637,2.1366348266601562,0.17968778312206268,0.11210157722234726,136.74462890625,1.4270870685577393,10.18466854095459,6.222748756408691,6.950610637664795,453.03591418266296
179,2,0.7494010329246521,3.6093688011169434,7.636458873748779,8.446481704711914,2.115732431411743,0.18260422348976135,0.11279277503490448,135.40687561035156,1.4312458038330078,10.208578109741211,6.311338424682617,6.946743488311768,453.0790674686432
180,2,0.7394894957542419,3.631901502609253,7.608345985412598,8.430754661560059,2.0948657989501953,0.1855817288160324,0.11349692195653915,134.0714111328125,1.435459852218628,10.231342315673828,6.401066303253174,6.942829608917236,453.1222460269928
181,2,0.7294958233833313,3.654859781265259,7.580306053161621,8.4154052734375,2.0740346908569336,0.18862156569957733,0.11421436816453934,132.73822021484375,1.4397295713424683,10.252934455871582,6.491911888122559,6.938869476318359,456.8908154964447
182,2,0.7194194197654724,3.6782522201538086,7.552337169647217,8.400436401367188,2.0532407760620117,0.1917252540588379,0.11494538187980652,131.40740966796875,1.4440553188323975,10.273333549499512,6.583857536315918,6.934863090515137,456.9340081214905
183,2,0.7092587351799011,3.702089548110962,7.52443790435791,8.385858535766602,2.0324840545654297,0.19489413499832153,0.11569029837846756,130.0789794921875,1.4484375715255737,10.29251480102539,6.676878452301025,6.930810928344727,456.977130651474
184,2,0.6990126967430115,3.726383686065674,7.496610164642334,8.371684074401855,2.011765480041504,0.19812966883182526,0.11644949018955231,128.75299072265625,1.4528770446777344,10.310458183288574,6.770949840545654,6.926712512969971,457.02027106285095
185,2,0.6886805295944214,3.7511441707611084,7.468852996826172,8.357921600341797,1.9910866022109985,0.20143313705921173,0.11722325533628464,127.4295425415039,1.4573739767074585,10.327140808105469,6.866046905517578,6.922568321228027,457.063414812088
186,2,0.6782612800598145,3.7763819694519043,7.441166877746582,8.34458065032959,1.9704487323760986,0.20480605959892273,0.11801193654537201,126.10871887207031,1.4619289636611938,10.342541694641113,6.9621381759643555,6.918379783630371,457.10659527778625
187,2,0.6677538156509399,3.802107572555542,7.413549900054932,8.331670761108398,1.949852705001831,0.2082497924566269,0.11881586164236069,124.79057312011719,1.466542363166809,10.356643676757812,7.059193134307861,6.914145469665527,457.14975357055664
188,2,0.6571579575538635,3.8283321857452393,7.3860063552856445,8.319208145141602,1.929301381111145,0.21176552772521973,0.11963538080453873,123.47528839111328,1.471215009689331,10.369424819946289,7.157180309295654,6.909866809844971,457.1928925514221
189,2,0.6464725136756897,3.855064868927002,7.358531475067139,8.307196617126465,1.908795714378357,0.21535474061965942,0.12047077715396881,122.16292572021484,1.4759469032287598,10.380866050720215,7.2560625076293945,6.905544281005859,457.2360167503357
190,2,0.6356972455978394,3.8823184967041016,7.3311309814453125,8.295653343200684,1.888338327407837,0.21901866793632507,0.12132245302200317,120.85365295410156,1.4807389974594116,10.390952110290527,7.355801582336426,6.901177406311035,457.2791268825531
191,2,0.6248316764831543,3.910102128982544,7.303802967071533,8.284590721130371,1.8679314851760864,0.22275838255882263,0.1221906915307045,119.54761505126953,1.4855916500091553,10.399667739868164,7.456361293792725,6.8967671394348145,461.02110600471497
192,2,0.6138753890991211,3.938427448272705,7.27655029296875,8.274019241333008,1.8475775718688965,0.2265753298997879,0.12307585775852203,118.24496459960938,1.490505337715149,10.406997680664062,7.557695388793945,6.892314434051514,461.0642943382263
193,2,0.6028283834457397,3.9673047065734863,7.249375343322754,8.263954162597656,1.8272796869277954,0.23047049343585968,0.12397827208042145,116.9458999633789,1.4954806566238403,10.412927627563477,7.659762382507324,6.887818813323975,461.10740995407104
194,2,0.5916904807090759,3.9967422485351562,7.222275257110596,8.254405975341797,1.8070405721664429,0.23444482684135437,0.12489819526672363,115.65059661865234,1.5005178451538086,10.417445182800293,7.76251745223999,6.88328218460083,461.15054965019226
195,2,0.5804619789123535,4.02675199508667,7.19525671005249,8.245389938354492,1.7868636846542358,0.23849943280220032,0.12583599984645844,114.3592758178711,1.505617618560791,10.420543670654297,7.86591100692749,6.878703594207764,461.19370675086975
196,2,0.5691426992416382,4.057344436645508,7.168320655822754,8.236920356750488,1.766751766204834,0.2426353245973587,0.12679201364517212,113.07211303710938,1.5107804536819458,10.422211647033691,7.969892978668213,6.874084949493408,461.23685693740845
197,2,0.5577335357666016,4.088528156280518,7.141469478607178,8.229012489318848,1.7467091083526611,0.2468530833721161,0.12776650488376617,111.78938293457031,1.5160068273544312,10.422444343566895,8.074413299560547,6.869426250457764,461.2799940109253
198,2,0.546234667301178,4.120312213897705,7.114704132080078,8.221677780151367,1.7267390489578247,0.2511535584926605,0.12875975668430328,110.51129913330078,1.5212969779968262,10.421235084533691,8.179415702819824,6.86472749710083,461.3231325149536
199,2,0.5346471667289734,4.152706146240234,7.088029384613037,8.214932441711426,1.7068458795547485,0.25553736090660095,0.12977206707000732,109.2381362915039,1.5266515016555786,10.41858196258545,8.284847259521484,6.859991073608398,461.36626863479614
200,2,0.5229716300964355,4.185718536376953,7.0614471435546875,8.208792686462402,1.6870334148406982,0.26000484824180603,0.13080370426177979,107.97013854980469,1.5320707559585571,10.414485931396484,8.390649795532227,6.8552165031433105,461.40937662124634
201,2,0.5112091898918152,4.219357967376709,7.034961223602295,8.20327091217041,1.6673060655593872,0.2645566165447235,0.13185493648052216,106.70758819580078,1.53755521774292,10.408947944641113,8.4967622756958,6.850404262542725,465.1557250022888
202,2,0.49936145544052124,4.253630638122559,7.008574485778809,8.198383331298828,1.6476688385009766,0.2691926062107086,0.13292595744132996,105.4508056640625,1.543104887008667,10.401970863342285,8.603130340576172,6.845555782318115,465.1988868713379
203,2,0.48742908239364624,4.288545608520508,6.982288837432861,8.194143295288086,1.6281250715255737,0.2739132046699524,0.13401705026626587,104.20000457763672,1.5487202405929565,10.393562316894531,8.709686279296875,6.840672016143799,465.2419934272766
204,2,0.475414514541626,4.324108600616455,6.95611047744751,8.190567016601562,1.6086808443069458,0.27871817350387573,0.13512839376926422,102.95557403564453,1.5544016361236572,10.383731842041016,8.818011283874512,6.835753917694092,465.2851107120514
205,2,0.4633188247680664,4.360326290130615,6.9300408363342285,8.187667846679688,1.5893399715423584,0.2836073935031891,0.13626019656658173,101.71775817871094,1.560149073600769,10.372491836547852,8.932847023010254,6.830801010131836,465.32824182510376
206,2,0.45114436745643616,4.397204875946045,6.904086112976074,8.185463905334473,1.5701079368591309,0.28858041763305664,0.1374126523733139,100.48690795898438,1.5659630298614502,10.359855651855469,9.04834270477295,6.825815200805664,465.3713631629944
207,2,0.43889328837394714,4.434745788574219,6.8782453536987305,8.183961868286133,1.5509897470474243,0.29363662004470825,0.13858580589294434,99.26334381103516,1.571843147277832,10.34583854675293,9.164405822753906,6.820796489715576,465.4145016670227
208,2,0.42656758427619934,4.472955226898193,6.852522850036621,8.183177947998047,1.5319900512695312,0.2987755835056305,0.13977985084056854,98.04736328125,1.577789545059204,10.330461502075195,9.280500411987305,6.815746307373047,465.45764899253845
209,2,0.4141698479652405,4.511836051940918,6.82692289352417,8.183125495910645,1.513114094734192,0.3039962351322174,0.1409948766231537,96.83930206298828,1.5838022232055664,10.313745498657227,9.396540641784668,6.810665607452393,465.50076699256897
210,2,0.401702880859375,4.551389217376709,6.801446914672852,8.18381404876709,1.494367241859436,0.30929750204086304,0.14223091304302216,95.6395034790039,1.5898808240890503,10.29571533203125,9.512442588806152,6.8055548667907715,465.5439250469208
211,2,0.38916921615600586,4.591617107391357,6.776098251342773,8.185257911682129,1.4757542610168457,0.3146781623363495,0.14348803460597992,94.44827270507812,1.5960254669189453,10.276395797729492,9.628120422363281,6.800414562225342,469.29434156417847
212,2,0.3765719532966614,4.632519245147705,6.750879287719727,8.187466621398926,1.4572803974151611,0.3201366364955902,0.14476622641086578,93.26594543457031,1.6022355556488037,10.255816459655762,9.743487358093262,6.79524564743042,469.33750581741333
213,2,0.36391398310661316,4.6740946769714355,6.725790500640869,8.190446853637695,1.4389504194259644,0.325671523809433,0.14606545865535736,92.09282684326172,1.608510971069336,10.234009742736816,9.858454704284668,6.7900495529174805,469.38065004348755
214,2,0.3511984944343567,4.716340065002441,6.700831413269043,8.194205284118652,1.4207693338394165,0.33128103613853455,0.1473856270313263,90.92923736572266,1.6148505210876465,10.242498397827148,9.97293472290039,6.784825801849365,469.4237859249115
215,2,0.33842891454696655,4.759253025054932,6.676004409790039,8.198751449584961,1.4027420282363892,0.3369629383087158,0.1487266570329666,89.7754898071289,1.6212539672851562,10.303324699401855,10.08684253692627,6.779575824737549,469.4669179916382
216,2,0.3256084620952606,4.802830219268799,6.651309967041016,8.20409107208252,1.3848730325698853,0.342715322971344,0.15008844435214996,88.63187408447266,1.627720832824707,10.363882064819336,10.200088500976562,6.7743000984191895,469.5100357532501
217,2,0.3127407133579254,4.84706449508667,6.626746654510498,8.210226058959961,1.3671669960021973,0.34853577613830566,0.15147076547145844,87.49868774414062,1.6342498064041138,10.424149513244629,10.31258773803711,6.7689995765686035,469.5531816482544
218,2,0.2998291552066803,4.891949653625488,6.60231351852417,8.217159271240234,1.349628210067749,0.3544219136238098,0.1528734266757965,86.37620544433594,1.6408401727676392,10.484108924865723,10.424253463745117,6.763674259185791,469.5963261127472
219,2,0.2868775725364685,4.937475204467773,6.578005790710449,8.224889755249023,1.332261085510254,0.3603708744049072,0.15429610013961792,85.26470947265625,1.6474906206130981,10.543737411499023,10.535003662109375,6.75832462310791,469.6394534111023
220,2,0.27388936281204224,4.983633518218994,6.553823471069336,8.233419418334961,1.315069317817688,0.366379976272583,0.15573854744434357,84.16443634033203,1.6541998386383057,10.603014945983887,10.644755363464355,6.752951145172119,469.6826272010803
221,2,0.26086822152137756,5.030412673950195,6.529760360717773,8.242743492126465,1.2980566024780273,0.37244629859924316,0.1572003960609436,83.07562255859375,1.6609667539596558,10.661917686462402,10.753427505493164,6.747554302215576,473.4540605545044
222,2,0.24781765043735504,5.077801704406738,6.505813121795654,8.25285816192627,1.2812262773513794,0.3785669803619385,0.15868130326271057,81.99848175048828,1.6677896976470947,10.720426559448242,10.860939025878906,6.742134094238281,473.49724411964417
223,2,0.23474165797233582,5.125784397125244,6.481975078582764,8.263755798339844,1.2645820379257202,0.38473859429359436,0.16018076241016388,80.9332504272461,1.6746671199798584,10.778514862060547,10.967218399047852,6.736690998077393,473.54038977622986
224,2,0.2216436266899109,5.1743483543396,6.4582414627075195,8.275431632995605,1.24812650680542,0.39095792174339294,0.1616983860731125,79.88009643554688,1.6815972328186035,10.836161613464355,11.072186470031738,6.731226444244385,473.58357524871826
225,2,0.20852729678153992,5.223474025726318,6.4346022605896,8.287870407104492,1.2318625450134277,0.39722171425819397,0.16323356330394745,78.83920288085938,1.6885781288146973,10.893342971801758,11.175775527954102,6.725738048553467,473.6266942024231
226,2,0.19539615511894226,5.273146152496338,6.4110517501831055,8.301063537597656,1.2157925367355347,0.40352657437324524,0.16478581726551056,77.81072235107422,1.6956080198287964,10.950035095214844,11.277915000915527,6.720227241516113,473.6698172092438
227,2,0.18225325644016266,5.323345184326172,6.387578010559082,8.314995765686035,1.1999180316925049,0.40986910462379456,0.16635453701019287,76.79475402832031,1.702684760093689,11.006213188171387,11.378539085388184,6.714694499969482,473.7129361629486
228,2,0.16910231113433838,5.374049186706543,6.364171028137207,8.329649925231934,1.1842412948608398,0.4162457585334778,0.16793903708457947,75.79144287109375,1.7098058462142944,11.061853408813477,11.477588653564453,6.7091383934021,473.75614070892334
229,2,0.15594667196273804,5.425238609313965,6.340822696685791,8.345012664794922,1.1687638759613037,0.4226527512073517,0.1695387065410614,74.80088806152344,1.71696937084198,11.116934776306152,11.575004577636719,6.703559398651123,473.7992653846741
230,2,0.1427890807390213,5.4768900871276855,6.317518711090088,8.361063003540039,1.1534864902496338,0.42908671498298645,0.17115281522274017,73.82313537597656,1.724172830581665,11.171433448791504,11.670732498168945,6.697957515716553,473.84241914749146
231,2,0.1296328455209732,5.528980255126953,6.294248104095459,8.377778053283691,1.1384103298187256,0.43554434180259705,0.17278063297271729,72.85826110839844,1.7314136028289795,11.225324630737305,11.76471996307373,6.692331790924072,477.5751283168793
232,2,0.11648052930831909,5.581484317779541,6.270996570587158,8.395139694213867,1.1235356330871582,0.4420216679573059,0.17442138493061066,71.90628051757812,1.7386893033981323,11.278589248657227,11.85848617553711,6.686682224273682,477.61830592155457
233,2,0.10333526879549026,5.634377479553223,6.247753620147705,8.413122177124023,1.108863115310669,0.44851553440093994,0.1760742962360382,70.96723937988281,1.7459975481033325,11.331205368041992,11.9505615234375,6.681008815765381,477.6614828109741
234,2,0.09019934386014938,5.687630653381348,6.2245001792907715,8.4316987991333,1.0943924188613892,0.45502224564552307,0.17773845791816711,70.0411148071289,1.7533349990844727,11.383153915405273,12.040786743164062,6.6753106117248535,477.7046525478363
235,2,0.07707520574331284,5.741220951080322,6.201226711273193,8.450847625732422,1.0801233053207397,0.46153852343559265,0.17941315472126007,69.12789154052734,1.7606995105743408,11.434416770935059,12.129124641418457,6.669586658477783,477.7477779388428
236,2,0.06396542489528656,5.7951154708862305,6.177914619445801,8.470537185668945,1.0660555362701416,0.46806079149246216,0.1810973584651947,68.22755432128906,1.7680878639221191,11.488548278808594,12.215546607971191,6.66383695602417,477.7909092903137
237,2,0.05087172985076904,5.84929084777832,6.154553413391113,8.490743637084961,1.0521879196166992,0.47458603978157043,0.1827903389930725,67.34002685546875,1.7754976749420166,11.549528121948242,12.300020217895508,6.658061504364014,477.83401012420654
238,2,0.037796370685100555,5.903715133666992,6.131124973297119,8.511436462402344,1.0385197401046753,0.48111075162887573,0.1844910979270935,66.46526336669922,1.7829259634017944,11.609546661376953,12.382529258728027,6.652257919311523,477.87714862823486
239,2,0.02474120259284973,5.958359718322754,6.1076154708862305,8.532585144042969,1.0250498056411743,0.48763200640678406,0.18619874119758606,65.60318756103516,1.7903697490692139,11.668583869934082,12.46304988861084,6.646427154541016,477.9202883243561
240,2,0.011707762256264687,6.013197422027588,6.084012508392334,8.55416488647461,1.0117765665054321,0.494146466255188,0.18791241943836212,64.75370025634766,1.7978266477584839,11.726630210876465,12.541568756103516,6.640568256378174,477.96344208717346
241,2,-0.0013022554339841008,6.068197727203369,6.060300350189209,8.57614517211914,0.9986985921859741,0.5006511807441711,0.18963117897510529,63.916709899902344,1.8052936792373657,11.78366756439209,12.618080139160156,6.634679794311523,481.70481061935425
242,2,-0.014287548139691353,6.123331069946289,6.036465644836426,8.598493576049805,0.9858140349388123,0.5071433782577515,0.19135409593582153,63.092098236083984,1.8127679824829102,11.839683532714844,12.692574501037598,6.628761291503906,481.7479646205902
243,2,-0.027246491983532906,6.178566932678223,6.012495517730713,8.621183395385742,0.9731213450431824,0.5136197805404663,0.19308021664619446,62.27976608276367,1.820246934890747,11.894669532775879,12.765055656433105,6.6228132247924805,481.7910976409912
244,2,-0.04017799720168114,6.233880043029785,5.988379955291748,8.644186973571777,0.9606184363365173,0.5200781226158142,0.1948087513446808,61.47957992553711,1.8277281522750854,11.948615074157715,12.835526466369629,6.616832733154297,481.834223985672
245,2,-0.05308103561401367,6.289237976074219,5.964104175567627,8.667470932006836,0.9483031630516052,0.5265156626701355,0.19653868675231934,60.691402435302734,1.8352086544036865,12.001511573791504,12.9039888381958,6.610820770263672,481.8773424625397
246,2,-0.06595445424318314,6.3446149826049805,5.939660549163818,8.69101333618164,0.9361734986305237,0.5329294204711914,0.19826921820640564,59.915103912353516,1.8426861763000488,12.05335807800293,12.970460891723633,6.604776859283447,481.92050099372864
247,2,-0.07879717648029327,6.399981498718262,5.915038108825684,8.71478271484375,0.9242273569107056,0.5393171906471252,0.19999942183494568,59.150550842285156,1.8501580953598022,12.10414981842041,13.034955024719238,6.59869909286499,481.9636812210083
248,2,-0.09160838276147842,6.455312252044678,5.89022970199585,8.73875617980957,0.9124624133110046,0.5456764698028564,0.20172850787639618,58.3975944519043,1.8576226234436035,12.153887748718262,13.097490310668945,6.592588424682617,482.00678038597107
249,2,-0.10438734292984009,6.510580539703369,5.865227699279785,8.762907981872559,0.9008762836456299,0.552004873752594,0.20345564186573029,57.65608215332031,1.865077018737793,12.202576637268066,13.158086776733398,6.586442947387695,482.0499119758606
250,2,-0.11713334172964096,6.565760612487793,5.840024471282959,8.787212371826172,0.8894665837287903,0.558300256729126,0.20518001914024353,56.92586135864258,1.8725193738937378,12.250221252441406,13.21677017211914,6.580262660980225,482.093022108078
251,2,-0.1298454999923706,6.620828628540039,5.81461763381958,8.81164836883545,0.8782311081886292,0.5645603537559509,0.20690089464187622,56.206790924072266,1.8799477815628052,12.296828269958496,13.273564338684082,6.574046611785889,485.85826873779297
252,2,-0.1425231546163559,6.675757884979248,5.789000034332275,8.836191177368164,0.8671674728393555,0.5707828402519226,0.2086174339056015,55.49871826171875,1.8873602151870728,12.342409133911133,13.328502655029297,6.567795276641846,485.90144062042236
253,2,-0.15516597032546997,6.730529308319092,5.7631707191467285,8.860821723937988,0.8562730550765991,0.5769663453102112,0.21032904088497162,54.801475524902344,1.8947551250457764,12.386977195739746,13.381610870361328,6.5615081787109375,485.944598197937
254,2,-0.16777318716049194,6.785116672515869,5.737125396728516,8.885518074035645,0.8455455899238586,0.5831081867218018,0.2120348960161209,54.11491775512695,1.902130365371704,12.430545806884766,13.432926177978516,6.555184364318848,485.98772263526917
255,2,-0.18034449219703674,6.839501857757568,5.710864543914795,8.910261154174805,0.8349825143814087,0.5892072319984436,0.213734433054924,53.438880920410156,1.909485101699829,12.47313117980957,13.482481002807617,6.548824310302734,486.0308494567871
256,2,-0.19287951290607452,6.893664360046387,5.684386730194092,8.93503475189209,0.8245813250541687,0.5952615141868591,0.21542701125144958,52.7732048034668,1.916817545890808,12.51475715637207,13.530305862426758,6.542426586151123,486.0739731788635
257,2,-0.20537783205509186,6.947583198547363,5.657691955566406,8.959820747375488,0.8143395781517029,0.6012690663337708,0.2171119749546051,52.117733001708984,1.9241262674331665,12.555437088012695,13.57644271850586,6.53599214553833,486.11709237098694
258,2,-0.2178391069173813,7.0012407302856445,5.630781650543213,8.984601974487305,0.8042548298835754,0.6072287559509277,0.2187887728214264,51.47230911254883,1.9314104318618774,12.595199584960938,13.620926856994629,6.529520034790039,486.1602430343628
259,2,-0.2302633374929428,7.054619789123535,5.603656768798828,9.009363174438477,0.7943243980407715,0.6131391525268555,0.22045686841011047,50.836761474609375,1.9386687278747559,12.634062767028809,13.663788795471191,6.523011207580566,486.20336866378784
260,2,-0.24265028536319733,7.107703685760498,5.576319217681885,9.034090995788574,0.7845458388328552,0.618998646736145,0.22211574018001556,50.210933685302734,1.9459002017974854,12.672054290771484,13.705071449279785,6.516464710235596,486.2465341091156
261,2,-0.25499987602233887,7.160475254058838,5.548770904541016,9.058767318725586,0.7749165892601013,0.6248064637184143,0.22376485168933868,49.594661712646484,1.9531038999557495,12.718513488769531,13.746085166931152,6.509880065917969,489.9951958656311
262,2,-0.26731202006340027,7.212921142578125,5.521016597747803,9.083383560180664,0.765434205532074,0.6305609345436096,0.2254037857055664,48.987789154052734,1.9602793455123901,12.771369934082031,13.786599159240723,6.503257751464844,490.03836488723755
263,2,-0.2795870006084442,7.265025615692139,5.493056297302246,9.107922554016113,0.7560959458351135,0.636261522769928,0.22703205049037933,48.390140533447266,1.9674254655838013,12.823240280151367,13.825591087341309,6.496598243713379,490.08152294158936
264,2,-0.29182472825050354,7.316775321960449,5.464895248413086,9.132375717163086,0.746899425983429,0.64190673828125,0.22864922881126404,47.80156326293945,1.9745416641235352,12.874135971069336,13.863094329833984,6.489901542663574,490.12469267845154
265,2,-0.30402544140815735,7.368156909942627,5.4365363121032715,9.156726837158203,0.7378420829772949,0.6474961638450623,0.2302549034357071,47.221893310546875,1.9816274642944336,12.924073219299316,13.899144172668457,6.4831671714782715,490.16778898239136
266,2,-0.3161891996860504,7.419159889221191,5.407985210418701,9.180971145629883,0.7289215326309204,0.6530286073684692,0.23184874653816223,46.650978088378906,1.9886826276779175,12.973067283630371,13.933773040771484,6.476395606994629,490.21091651916504
267,2,-0.3283163607120514,7.469768047332764,5.379242420196533,9.205089569091797,0.7201351523399353,0.6585037112236023,0.23343025147914886,46.08864974975586,1.9957060813903809,13.021125793457031,13.967016220092773,6.4695868492126465,490.2540442943573
268,2,-0.34040719270706177,7.519974231719971,5.350315570831299,9.22907829284668,0.7114805579185486,0.6639204025268555,0.23499919474124908,45.53475570678711,2.0026981830596924,13.068263053894043,13.998895645141602,6.462741374969482,490.29714179039
269,2,-0.35246187448501587,7.569765090942383,5.321207046508789,9.252923011779785,0.7029553651809692,0.6692785024642944,0.23655515909194946,44.98914337158203,2.009658098220825,13.114494323730469,14.029452323913574,6.45585823059082,490.34026527404785
270,2,-0.3644809424877167,7.619132041931152,5.291922092437744,9.276616096496582,0.6945570707321167,0.674577534198761,0.2380978763103485,44.45165252685547,2.0165855884552,13.159829139709473,14.058707237243652,6.448939323425293,490.3834316730499
271,2,-0.37646451592445374,7.668065071105957,5.2624664306640625,9.300149917602539,0.6862834692001343,0.6798164248466492,0.23962703347206116,43.922142028808594,2.0234808921813965,13.204279899597168,14.08669376373291,6.441983699798584,494.1990923881531
272,2,-0.38841333985328674,7.716555595397949,5.232843399047852,9.323512077331543,0.6781319975852966,0.6849957704544067,0.2411423623561859,43.400447845458984,2.030343532562256,13.247855186462402,14.123473167419434,6.434992790222168,494.2422580718994
273,2,-0.40032729506492615,7.764593124389648,5.203059196472168,9.346695899963379,0.6701006889343262,0.6901145577430725,0.2426435351371765,42.886444091796875,2.0371735095977783,13.290563583374023,14.160745620727539,6.42796516418457,494.28557229042053
274,2,-0.4122074246406555,7.812170505523682,5.173117160797119,9.3696928024292,0.6621869206428528,0.6951726675033569,0.24413032829761505,42.37996292114258,2.0439703464508057,13.33241081237793,14.197064399719238,6.420902729034424,494.32876777648926
275,2,-0.424053817987442,7.859282493591309,5.1430253982543945,9.392498970031738,0.6543886661529541,0.7001699805259705,0.2456025779247284,41.88087463378906,2.050734758377075,13.373407363891602,14.23244857788086,6.41380500793457,494.37191700935364
276,2,-0.4358671009540558,7.905919551849365,5.112787246704102,9.415102005004883,0.6467036604881287,0.7051064968109131,0.24705998599529266,41.389034271240234,2.0574660301208496,13.413553237915039,14.266908645629883,6.406672477722168,494.4150686264038
277,2,-0.4476477801799774,7.952077865600586,5.082409381866455,9.437500953674316,0.6391297578811646,0.7099818587303162,0.2485024333000183,40.90430450439453,2.064164876937866,13.452856063842773,14.300460815429688,6.399506092071533,494.45819115638733
278,2,-0.4593965709209442,7.997748374938965,5.0518951416015625,9.459684371948242,0.6316646933555603,0.7147961258888245,0.24992963671684265,40.42654037475586,2.070831060409546,13.491310119628906,14.33311653137207,6.392305850982666,494.501296043396
279,2,-0.4711138606071472,8.042928695678711,5.021252632141113,9.481650352478027,0.6243064999580383,0.7195493578910828,0.2513415217399597,39.95561599731445,2.0774648189544678,13.528921127319336,14.364882469177246,6.385073184967041,494.5443994998932
280,2,-0.4828004837036133,8.08761215209961,4.990484714508057,9.503389358520508,0.6170529127120972,0.7242417931556702,0.2527378797531128,39.49138641357422,2.0840659141540527,13.565686225891113,14.395771026611328,6.377807140350342,494.5875515937805
281,2,-0.494456946849823,8.131797790527344,4.95959997177124,9.52490234375,0.609902024269104,0.7288733720779419,0.2541186809539795,39.033729553222656,2.090635299682617,13.601608276367188,14.425797462463379,6.370510101318359,498.3167448043823
282,2,-0.5060837864875793,8.175477027893066,4.9286017417907715,9.54617977142334,0.6028518676757812,0.7334440350532532,0.2554836571216583,38.58251953125,2.097172498703003,13.63668155670166,14.454967498779297,6.3631815910339355,498.35990381240845
283,2,-0.517681896686554,8.218650817871094,4.897496223449707,9.567219734191895,0.595900297164917,0.7379544377326965,0.2568328380584717,38.13761901855469,2.103677749633789,13.670906066894531,14.48328971862793,6.355823040008545,498.4031186103821
284,2,-0.5292519330978394,8.26131534576416,4.86629056930542,9.588019371032715,0.5890454649925232,0.7424044609069824,0.25816610455513,37.698909759521484,2.110151529312134,13.704280853271484,14.510774612426758,6.3484344482421875,498.44637298583984
285,2,-0.5407941341400146,8.303467750549316,4.83499002456665,9.608573913574219,0.5822856426239014,0.746794581413269,0.25948336720466614,37.26628112792969,2.116593837738037,13.73680305480957,14.537431716918945,6.341017723083496,498.4895935058594
286,2,-0.5523093938827515,8.345108032226562,4.80360221862793,9.628885269165039,0.5756189227104187,0.7511245012283325,0.2607846260070801,36.8396110534668,2.1230051517486572,13.768477439880371,14.563270568847656,6.333573341369629,498.532901763916
287,2,-0.563798189163208,8.386232376098633,4.772132396697998,9.648944854736328,0.5690436363220215,0.7553951144218445,0.2620697617530823,36.418792724609375,2.129385232925415,13.799299240112305,14.58829402923584,6.3261027336120605,498.5761573314667
288,2,-0.5752606391906738,8.426841735839844,4.740589141845703,9.668756484985352,0.5625582337379456,0.7596060633659363,0.2633388042449951,36.003726959228516,2.1357345581054688,13.829273223876953,14.612513542175293,6.318605899810791,498.61937975883484
289,2,-0.5866975784301758,8.466937065124512,4.708979606628418,9.688318252563477,0.5561609268188477,0.7637581825256348,0.264591783285141,35.59429931640625,2.1420533657073975,13.858405113220215,14.635932922363281,6.311084270477295,498.6625382900238
290,2,-0.5981088280677795,8.50651741027832,4.677312850952148,9.707630157470703,0.5498505234718323,0.7678513526916504,0.2658286690711975,35.190433502197266,2.148341655731201,13.886703491210938,14.658561706542969,6.303539752960205,498.705691576004
291,2,-0.6094950437545776,8.545580863952637,4.645594120025635,9.726689338684082,0.5436252951622009,0.7718859314918518,0.2670494019985199,34.79201889038086,2.15459942817688,13.914175033569336,14.68040657043457,6.2959723472595215,502.449177980423
292,2,-0.6208558678627014,8.58413314819336,4.613836288452148,9.745503425598145,0.5374842286109924,0.7758616805076599,0.2682541608810425,34.398990631103516,2.160827398300171,13.940836906433105,14.701469421386719,6.288383483886719,502.49235343933105
293,2,-0.63219153881073,8.622169494628906,4.5820441246032715,9.764062881469727,0.5314258933067322,0.7797797918319702,0.2694427967071533,34.01125717163086,2.167024612426758,13.966703414916992,14.721761703491211,6.280775547027588,502.5354962348938
294,2,-0.6435020565986633,8.659696578979492,4.550229072570801,9.782378196716309,0.5254490375518799,0.7836397290229797,0.27061551809310913,33.62873840332031,2.173192024230957,13.991799354553223,14.741281509399414,6.273148536682129,502.5786483287811
295,2,-0.6547872424125671,8.6967134475708,4.518400192260742,9.800446510314941,0.5195525884628296,0.7874420881271362,0.2717722952365875,33.251365661621094,2.1793291568756104,14.016145706176758,14.76003646850586,6.265504360198975,502.62177562713623
296,2,-0.666046679019928,8.733221054077148,4.486566066741943,9.818270683288574,0.5137355327606201,0.7911865711212158,0.2729131579399109,32.87907409667969,2.1854360103607178,14.039769172668457,14.778032302856445,6.257843494415283,502.6649124622345
297,2,-0.6772803664207458,8.76922607421875,4.454737663269043,9.835853576660156,0.507996678352356,0.7948741912841797,0.27403831481933594,32.51178741455078,2.1915128231048584,14.062699317932129,14.795417785644531,6.250168323516846,502.70803022384644
298,2,-0.6884880065917969,8.804727554321289,4.4229230880737305,9.853195190429688,0.5023350119590759,0.7985050082206726,0.2751477360725403,32.14944076538086,2.197559356689453,14.084966659545898,14.8125,6.242478847503662,502.7511613368988
299,2,-0.6996688842773438,8.839726448059082,4.39113187789917,9.870299339294434,0.49674975872039795,0.8020787239074707,0.2762414515018463,31.79198455810547,2.203575372695923,14.106605529785156,14.828826904296875,6.234777450561523,502.79430079460144
300,2,-0.7108233571052551,8.874228477478027,4.359372138977051,9.887166023254395,0.4912395775318146,0.8055964708328247,0.27731963992118835,31.439332962036133,2.2095603942871094,14.127640724182129,14.844566345214844,6.227065563201904,502.83741188049316
301,2,-0.7219504117965698,8.908235549926758,4.327654838562012,9.903800964355469,0.4858038127422333,0.8090578317642212,0.2783823609352112,31.09144401550293,2.215514898300171,14.148109436035156,14.860930442810059,6.219343662261963,506.5558271408081
302,2,-0.7330500483512878,8.941746711730957,4.295985221862793,9.920198440551758,0.4804413914680481,0.8124637603759766,0.2794295847415924,30.748249053955078,2.22143816947937,14.16804027557373,14.876556396484375,6.21161413192749,506.5990514755249
303,2,-0.7441221475601196,8.974769592285156,4.264372825622559,9.936366081237793,0.4751512408256531,0.8158145546913147,0.28046154975891113,30.409679412841797,2.227329969406128,14.187464714050293,14.891438484191895,6.2038774490356445,506.6421616077423
304,2,-0.7551661729812622,9.007304191589355,4.23282527923584,9.952302932739258,0.46993252635002136,0.8191105127334595,0.28147825598716736,30.075681686401367,2.233189821243286,14.206408500671387,14.90557861328125,6.1961350440979,506.6853017807007
305,2,-0.7661817073822021,9.039347648620605,4.201347351074219,9.968005180358887,0.4647843539714813,0.82235187292099,0.2824796140193939,29.746198654174805,2.2390172481536865,14.224899291992188,14.918972969055176,6.188388347625732,506.7284379005432
306,2,-0.777168869972229,9.070906639099121,4.169947147369385,9.983476638793945,0.459705650806427,0.8255393505096436,0.28346583247184753,29.421161651611328,2.244811773300171,14.242965698242188,14.931615829467773,6.180638790130615,506.77157711982727
307,2,-0.7881274223327637,9.101982116699219,4.138629913330078,9.998716354370117,0.454695463180542,0.8286735415458679,0.2844369411468506,29.100509643554688,2.25057315826416,14.260631561279297,14.943503379821777,6.172887802124023,506.8146963119507
308,2,-0.7990569472312927,9.13257122039795,4.107400417327881,10.013720512390137,0.44975289702415466,0.8317545652389526,0.2853928506374359,28.7841854095459,2.256300687789917,14.277920722961426,14.954633712768555,6.165136337280273,506.8578131198883
309,2,-0.8099575042724609,9.162676811218262,4.076263904571533,10.028487205505371,0.4448769688606262,0.8347834944725037,0.2863336503505707,28.472126007080078,2.261993885040283,14.294851303100586,14.965001106262207,6.157384872436523,506.9009428024292
310,2,-0.8208288550376892,9.19229793548584,4.045224666595459,10.043017387390137,0.44006675481796265,0.8377602696418762,0.2872593104839325,28.16427230834961,2.2676517963409424,14.311446189880371,14.974601745605469,6.149635314941406,506.9440567493439
311,2,-0.8316708207130432,9.221430778503418,4.014285564422607,10.057299613952637,0.4353213310241699,0.840686023235321,0.2881697118282318,27.860565185546875,2.273273468017578,14.327719688415527,14.98343276977539,6.141887664794922,510.66681385040283
312,2,-0.8424831628799438,9.250079154968262,3.983452558517456,10.071338653564453,0.4306398332118988,0.8435609936714172,0.2890649735927582,27.560949325561523,2.2788591384887695,14.343685150146484,14.991488456726074,6.134143829345703,510.7100040912628
313,2,-0.8532658815383911,9.27823257446289,3.9527251720428467,10.08512020111084,0.4260213375091553,0.8463857769966125,0.28994476795196533,27.265365600585938,2.284406900405884,14.359346389770508,14.998767852783203,6.126404285430908,510.75315737724304
314,2,-0.8640184998512268,9.305898666381836,3.9221107959747314,10.098649024963379,0.4214650094509125,0.8491610288619995,0.2908093333244324,26.9737606048584,2.2899169921875,14.382742881774902,15.005269050598145,6.118669033050537,510.7962920665741
315,2,-0.8747408390045166,9.333065032958984,3.891608953475952,10.111910820007324,0.41697007417678833,0.8518872261047363,0.29165828227996826,26.686084747314453,2.2953877449035645,14.406794548034668,15.010987281799316,6.110939025878906,510.8394100666046
316,2,-0.8854327201843262,9.359734535217285,3.8612239360809326,10.12490463256836,0.4125356376171112,0.8545651435852051,0.29249170422554016,26.402280807495117,2.300818920135498,14.430301666259766,15.015923500061035,6.10321569442749,510.8825776576996
317,2,-0.8960938453674316,9.385902404785156,3.830958366394043,10.13762378692627,0.40816089510917664,0.8571951985359192,0.29330945014953613,26.122297286987305,2.3062095642089844,14.453262329101562,15.020074844360352,6.095498085021973,510.92570447921753
318,2,-0.9067234396934509,9.411564826965332,3.800816059112549,10.15006160736084,0.40384528040885925,0.8597779870033264,0.2941114008426666,25.846097946166992,2.311558961868286,14.475677490234375,15.023442268371582,6.087786674499512,510.96883964538574
319,2,-0.9173211455345154,9.436716079711914,3.770798921585083,10.162211418151855,0.39958804845809937,0.8623138070106506,0.2948973774909973,25.57363510131836,2.316866397857666,14.497549057006836,15.026029586791992,6.080082416534424,511.01196932792664
320,2,-0.9278862476348877,9.461352348327637,3.740910530090332,10.174064636230469,0.39538857340812683,0.8648035526275635,0.29566726088523865,25.304868698120117,2.3221304416656494,14.518878936767578,15.027836799621582,6.072385787963867,511.05509662628174
321,2,-0.9384180903434753,9.485472679138184,3.711155652999878,10.18562126159668,0.3912462592124939,0.8672471642494202,0.29642102122306824,25.03976058959961,2.3273513317108154,14.539676666259766,15.0288667678833,6.064696311950684,514.813971042633
322,2,-0.9489157199859619,9.50907039642334,3.681537389755249,10.196867942810059,0.38716059923171997,0.8696460723876953,0.29715844988822937,24.778278350830078,2.3325278759002686,14.559942245483398,15.029123306274414,6.057014465332031,514.8571157455444
323,2,-0.9593778848648071,9.532143592834473,3.6520614624023438,10.207806587219238,0.3831311762332916,0.8719996213912964,0.29787948727607727,24.520395278930664,2.3376595973968506,14.579686164855957,15.028618812561035,6.049339771270752,514.9002394676208
324,2,-0.9698038697242737,9.554689407348633,3.6227312088012695,10.218428611755371,0.3791573941707611,0.8743089437484741,0.2985840439796448,24.26607322692871,2.342745780944824,14.59891414642334,15.02779769897461,6.041673183441162,514.9433772563934
325,2,-0.9801923036575317,9.576708793640137,3.5935537815093994,10.22873306274414,0.37523892521858215,0.8765745162963867,0.2992721498012543,24.015291213989258,2.3477861881256104,14.617642402648926,15.026325225830078,6.0340142250061035,514.9865524768829
326,2,-0.9905421733856201,9.598194122314453,3.5645322799682617,10.2387113571167,0.37137529253959656,0.8787968158721924,0.29994356632232666,23.76801872253418,2.3527798652648926,14.635876655578613,15.02413272857666,6.026363849639893,515.0297045707703
327,2,-1.0008518695831299,9.619147300720215,3.5356733798980713,10.24836540222168,0.36756619811058044,0.8809757232666016,0.3005983531475067,23.52423667907715,2.35772705078125,14.653643608093262,15.021230697631836,6.018721580505371,515.0728149414062
328,2,-1.011120319366455,9.639566421508789,3.50698184967041,10.257688522338867,0.3638111650943756,0.883112370967865,0.30123645067214966,23.28391456604004,2.3626270294189453,14.670961380004883,15.017629623413086,6.011087894439697,515.1159682273865
329,2,-1.0213464498519897,9.659453392028809,3.4784634113311768,10.266680717468262,0.36010974645614624,0.8852072954177856,0.30185791850090027,23.04702377319336,2.3674795627593994,14.687858581542969,15.013349533081055,6.003462314605713,515.15909075737
330,2,-1.0315284729003906,9.678805351257324,3.4501233100891113,10.275341033935547,0.35646170377731323,0.8872602581977844,0.3024626672267914,22.813549041748047,2.372284412384033,14.708544731140137,15.008407592773438,5.995845794677734,515.2022721767426
331,2,-1.0416659116744995,9.697626113891602,3.421966075897217,10.283666610717773,0.35286635160446167,0.8892725706100464,0.30305081605911255,22.583446502685547,2.3770415782928467,14.731419563293457,15.002819061279297,5.988237380981445,518.9293873310089
332,2,-1.0517570972442627,9.71591567993164,3.3939969539642334,10.291659355163574,0.34932342171669006,0.891244113445282,0.30362236499786377,22.356698989868164,2.38175106048584,14.7540864944458,14.996604919433594,5.98063850402832,518.9725773334503
333,2,-1.0618011951446533,9.733672142028809,3.3662185668945312,10.299309730529785,0.34583234786987305,0.8931763172149658,0.30417725443840027,22.133270263671875,2.3864123821258545,14.776542663574219,14.989787101745605,5.973049163818359,519.0157220363617
334,2,-1.0717970132827759,9.750897407531738,3.3386359214782715,10.306623458862305,0.3423926830291748,0.8950687050819397,0.3047155439853668,21.913131713867188,2.3910255432128906,14.798782348632812,14.982383728027344,5.9654693603515625,519.0588662624359
335,2,-1.0817441940307617,9.767596244812012,3.311251640319824,10.3135986328125,0.3390037417411804,0.8969225883483887,0.30523738265037537,21.696239471435547,2.3955905437469482,14.820799827575684,14.974420547485352,5.957898139953613,519.1019928455353
336,2,-1.0916413068771362,9.783767700195312,3.284069538116455,10.320234298706055,0.33566510677337646,0.8987380862236023,0.3057427406311035,21.482566833496094,2.4001076221466064,14.842573165893555,14.96591567993164,5.950336456298828,519.1451625823975
337,2,-1.1014881134033203,9.799410820007324,3.2570900917053223,10.326523780822754,0.3323761224746704,0.9005163908004761,0.3062315881252289,21.272071838378906,2.404576301574707,14.864083290100098,14.956893920898438,5.942785263061523,519.1882758140564
338,2,-1.111283540725708,9.814531326293945,3.2303178310394287,10.33247184753418,0.3291362226009369,0.9022579193115234,0.3067041039466858,21.06471824645996,2.408997058868408,14.885307312011719,14.94737720489502,5.935244083404541,519.2313799858093
339,2,-1.1210273504257202,9.829127311706543,3.2037525177001953,10.33807373046875,0.3259447515010834,0.9039629697799683,0.30716022849082947,20.860464096069336,2.413369655609131,14.906211853027344,14.937386512756348,5.927713394165039,519.2745366096497
340,2,-1.1307189464569092,9.843201637268066,3.177396535873413,10.343329429626465,0.3228011131286621,0.9056325554847717,0.3076000511646271,20.659271240234375,2.417694091796875,14.92677116394043,14.9269437789917,5.920193195343018,519.3177406787872
341,2,-1.1403577327728271,9.856756210327148,3.1512506008148193,10.348237991333008,0.3197046220302582,0.907267153263092,0.3080236315727234,20.461095809936523,2.4219706058502197,14.946949005126953,14.916070938110352,5.912683486938477,523.0511758327484
342,2,-1.1499431133270264,9.869791030883789,3.1253163814544678,10.352795600891113,0.316654771566391,0.9088676571846008,0.3084309697151184,20.265905380249023,2.426198720932007,14.966713905334473,14.904783248901367,5.905185699462891,523.0943491458893
343,2,-1.1594748497009277,9.882308006286621,3.0995943546295166,10.357002258300781,0.31365084648132324,0.910434365272522,0.3088221251964569,20.073654174804688,2.4303789138793945,14.986031532287598,14.893102645874023,5.897699356079102,523.1374914646149
344,2,-1.168952226638794,9.894309997558594,3.0740859508514404,10.360858917236328,0.31069231033325195,0.9119678139686584,0.30919718742370605,19.884307861328125,2.4345109462738037,15.004868507385254,14.881043434143066,5.890225887298584,523.1806638240814
345,2,-1.178375005722046,9.905801773071289,3.048792600631714,10.364363670349121,0.3077784776687622,0.9134693145751953,0.3095563054084778,19.69782257080078,2.4385952949523926,15.023189544677734,14.868618965148926,5.882765293121338,523.2237856388092
346,2,-1.1877424716949463,9.916781425476074,3.023714065551758,10.36751651763916,0.304908812046051,0.914938747882843,0.3098994195461273,19.514163970947266,2.442631483078003,15.040958404541016,14.85584545135498,5.87531852722168,523.266937494278
347,2,-1.197054386138916,9.927254676818848,2.998852014541626,10.370318412780762,0.30208271741867065,0.9163769483566284,0.310226708650589,19.333293914794922,2.446619987487793,15.058143615722656,14.842728614807129,5.867886543273926,523.3100390434265
348,2,-1.2063106298446655,9.93722915649414,2.974207639694214,10.372773170471191,0.2992994785308838,0.9177847504615784,0.3105384111404419,19.155166625976562,2.4505608081817627,15.074718475341797,14.829278945922852,5.860470294952393,523.3532195091248
349,2,-1.2155102491378784,9.946703910827637,2.9497811794281006,10.374879837036133,0.2965586483478546,0.919162392616272,0.31083449721336365,18.979753494262695,2.4544544219970703,15.090656280517578,14.815500259399414,5.853070259094238,523.3963248729706
350,2,-1.2246532440185547,9.955689430236816,2.925574541091919,10.376644134521484,0.2938595712184906,0.9205107092857361,0.3111152946949005,18.8070125579834,2.458300828933716,15.105940818786621,14.801397323608398,5.845688343048096,523.4394567012787
351,2,-1.2337393760681152,9.964191436767578,2.9015886783599854,10.378069877624512,0.2912016212940216,0.9218301773071289,0.3113809823989868,18.636903762817383,2.4621009826660156,15.120560646057129,14.786970138549805,5.838325023651123,527.202241897583
352,2,-1.2427685260772705,9.97221565246582,2.8778235912323,10.379159927368164,0.2885841727256775,0.9231216311454773,0.3116317391395569,18.46938705444336,2.4658546447753906,15.134501457214355,14.77221965789795,5.830982208251953,527.2453999519348
353,2,-1.2517402172088623,9.979769706726074,2.854280710220337,10.379919052124023,0.2860066592693329,0.9243854284286499,0.3118678033351898,18.304426193237305,2.469562530517578,15.147764205932617,14.757142066955566,5.823659420013428,527.2885663509369
354,2,-1.260654091835022,9.98686408996582,2.8309617042541504,10.380356788635254,0.2834685444831848,0.9256221055984497,0.3120895028114319,18.141986846923828,2.4732255935668945,15.160354614257812,14.741739273071289,5.816359519958496,527.3317096233368
355,2,-1.2695108652114868,9.993505477905273,2.807865619659424,10.380475044250488,0.2809690237045288,0.9268324971199036,0.3122970461845398,17.982017517089844,2.47684383392334,15.172272682189941,14.726001739501953,5.809082508087158,527.3748369216919
356,2,-1.2783098220825195,9.999702453613281,2.7849934101104736,10.380281448364258,0.27850762009620667,0.9280169010162354,0.31249070167541504,17.824487686157227,2.4804182052612305,15.183526039123535,14.709924697875977,5.801830291748047,527.4179804325104
357,2,-1.2870519161224365,10.00546932220459,2.7623450756073,10.379785537719727,0.27608349919319153,0.929176390171051,0.31267091631889343,17.669343948364258,2.483949661254883,15.194127082824707,14.69350528717041,5.794602394104004,527.4611027240753
358,2,-1.29573655128479,10.010810852050781,2.7399206161499023,10.378993034362793,0.2736961841583252,0.9303107857704163,0.3128378391265869,17.516555786132812,2.487438440322876,15.204086303710938,14.676739692687988,5.7874016761779785,527.5042238235474
359,2,-1.304364800453186,10.015742301940918,2.7177200317382812,10.377915382385254,0.2713448405265808,0.9314210414886475,0.3129919469356537,17.366069793701172,2.4908859729766846,15.213412284851074,14.659619331359863,5.7802276611328125,527.5473358631134
360,2,-1.3129366636276245,10.020272254943848,2.695742130279541,10.376554489135742,0.26902884244918823,0.9325082898139954,0.31313350796699524,17.217845916748047,2.494292974472046,15.222119331359863,14.64542007446289,5.773082256317139,527.5905292034149
361,2,-1.3214528560638428,10.024409294128418,2.6739859580993652,10.374920845031738,0.26674747467041016,0.9335724115371704,0.31326279044151306,17.07183837890625,2.497659683227539,15.230224609375,14.6323823928833,5.765964984893799,531.3379101753235
362,2,-1.3299134969711304,10.028164863586426,2.6524510383605957,10.373021125793457,0.26450014114379883,0.9346142411231995,0.3133801519870758,16.928009033203125,2.5009872913360596,15.237746238708496,14.618986129760742,5.758877277374268,531.3810777664185
363,2,-1.338318943977356,10.031546592712402,2.631136417388916,10.37086296081543,0.2622862160205841,0.9356339573860168,0.3134858310222626,16.786317825317383,2.5042762756347656,15.244705200195312,14.605225563049316,5.751819610595703,531.4241924285889
364,2,-1.3466695547103882,10.034564018249512,2.6100409030914307,10.368451118469238,0.26010507345199585,0.9366325736045837,0.31358012557029724,16.646724700927734,2.5075275897979736,15.251118659973145,14.591094017028809,5.744792461395264,531.4673943519592
365,2,-1.3549654483795166,10.037220001220703,2.589163064956665,10.365787506103516,0.25795620679855347,0.9376101493835449,0.313663125038147,16.509197235107422,2.510741710662842,15.25700569152832,14.576584815979004,5.737795829772949,531.5105299949646
366,2,-1.3632068634033203,10.039527893066406,2.568502902984619,10.362881660461426,0.2558390200138092,0.9385675191879272,0.3137352466583252,16.37369728088379,2.5139193534851074,15.262369155883789,14.561694145202637,5.73082971572876,531.5536758899689
367,2,-1.3713936805725098,10.041489601135254,2.5480587482452393,10.359735488891602,0.25375306606292725,0.9395046830177307,0.3137965500354767,16.240196228027344,2.5170607566833496,15.267251968383789,14.546417236328125,5.723894119262695,531.5968089103699
368,2,-1.3795254230499268,10.043107986450195,2.527830123901367,10.356348037719727,0.25169798731803894,0.9404224753379822,0.3138471245765686,16.108671188354492,2.5201663970947266,15.271568298339844,14.530754089355469,5.7169904708862305,531.640016078949
369,2,-1.3875999450683594,10.044390678405762,2.5078213214874268,10.352726936340332,0.24967381358146667,0.9413208365440369,0.31388720870018005,15.979124069213867,2.5232365131378174,15.275565147399902,14.514699935913086,5.710116386413574,531.6831469535828
370,2,-1.3956037759780884,10.045344352722168,2.488065481185913,10.348884582519531,0.24768345057964325,0.9421988725662231,0.31391701102256775,15.851740837097168,2.5262720584869385,15.278604507446289,14.498252868652344,5.703274250030518,531.726313829422
371,2,-1.4034401178359985,10.04597282409668,2.468798875808716,10.344879150390625,0.24575009942054749,0.9430465698242188,0.31393665075302124,15.728006362915039,2.529271364212036,15.282255172729492,14.481399536132812,5.696467399597168,535.4880402088165
372,2,-1.410843849182129,10.046317100524902,2.450671911239624,10.340903282165527,0.24393734335899353,0.9438366293907166,0.3139474093914032,15.611989974975586,2.532233715057373,15.28475570678711,14.464137077331543,5.689716815948486,535.5312278270721
373,2,-1.4183677434921265,10.046364784240723,2.432314157485962,10.336614608764648,0.24210888147354126,0.944628894329071,0.3139488995075226,15.49496841430664,2.5351457595825195,15.2833251953125,14.446280479431152,5.683050632476807,535.5743968486786
374,2,-1.426595687866211,10.046159744262695,2.4123339653015137,10.331731796264648,0.24012498557567596,0.945483386516571,0.31394249200820923,15.367999076843262,2.5380122661590576,15.288290977478027,14.42785930633545,5.676467418670654,535.6175208091736
375,2,-1.4338399171829224,10.045641899108887,2.3947982788085938,10.3271484375,0.23839175701141357,0.9462253451347351,0.3139263093471527,15.257072448730469,2.540834665298462,15.289216041564941,14.408894538879395,5.669942855834961,535.6606616973877
376,2,-1.441064476966858,10.044873237609863,2.3773772716522217,10.322373390197754,0.2366756796836853,0.9469559788703918,0.3139022886753082,15.14724349975586,2.5436110496520996,15.28427791595459,14.389392852783203,5.663495063781738,535.7038142681122
377,2,-1.448473572731018,10.043841361999512,2.359585762023926,10.317286491394043,0.23492862284183502,0.9476951956748962,0.31387004256248474,15.035431861877441,2.5463342666625977,15.285740852355957,14.369324684143066,5.657125473022461,535.7469408512115
378,2,-1.455569863319397,10.04258918762207,2.342608690261841,10.312196731567383,0.2332673966884613,0.9483944773674011,0.3138309121131897,14.929113388061523,2.5490031242370605,15.285443305969238,14.348472595214844,5.650847911834717,535.7900741100311
379,2,-1.4630612134933472,10.041133880615234,2.3247878551483154,10.306745529174805,0.2315264344215393,0.9491227865219116,0.3137854337692261,14.817691802978516,2.5516180992126465,15.28287124633789,14.326873779296875,5.644660949707031,535.8331873416901
380,2,-1.4697788953781128,10.039436340332031,2.3088326454162598,10.301504135131836,0.2299763262271881,0.9497676491737366,0.313732385635376,14.718484878540039,2.55417799949646,15.285114288330078,14.304848670959473,5.63854455947876,535.8763182163239
381,2,-1.4771199226379395,10.037575721740723,2.291520833969116,10.295825004577637,0.2282942533493042,0.9504633545875549,0.3136742413043976,14.610832214355469,2.556688070297241,15.294692993164062,14.282546997070312,5.632508277893066,539.6285676956177
382,2,-1.484457015991211,10.035503387451172,2.2742996215820312,10.289983749389648,0.22662536799907684,0.9511498212814331,0.3136094808578491,14.504023551940918,2.5591514110565186,15.297045707702637,14.25993537902832,5.626535415649414,539.6717162132263
383,2,-1.4911843538284302,10.033126831054688,2.2585158348083496,10.284188270568848,0.225105881690979,0.9517712593078613,0.313535213470459,14.406776428222656,2.561567544937134,15.296387672424316,14.237053871154785,5.620602130889893,539.7148365974426
384,2,-1.4981625080108643,10.030531883239746,2.2422304153442383,10.278091430664062,0.2235405296087265,0.9524078965187073,0.31345412135124207,14.306593894958496,2.5639426708221436,15.303242683410645,14.213927268981934,5.614720821380615,539.7579786777496
385,2,-1.50503408908844,10.027690887451172,2.2262449264526367,10.271842002868652,0.22200973331928253,0.953027069568634,0.3133653402328491,14.208622932434082,2.566277265548706,15.307308197021484,14.190561294555664,5.608885288238525,539.801121711731
386,2,-1.511625051498413,10.024568557739258,2.2109313011169434,10.265484809875488,0.2205512672662735,0.9536135792732239,0.3132677674293518,14.115281105041504,2.568570852279663,15.306392669677734,14.16696548461914,5.603086471557617,539.8442525863647
387,2,-1.5181832313537598,10.021219253540039,2.1957454681396484,10.258954048156738,0.21910960972309113,0.954190194606781,0.3131631016731262,14.023015022277832,2.570826768875122,15.310639381408691,14.143192291259766,5.59733247756958,539.8873541355133
388,2,-1.5249216556549072,10.01765251159668,2.180222988128662,10.252157211303711,0.21763812005519867,0.9547758102416992,0.31305164098739624,13.928839683532715,2.5730466842651367,15.314952850341797,14.119216918945312,5.591626167297363,539.9305291175842
389,2,-1.5311568975448608,10.013832092285156,2.165844678878784,10.245375633239746,0.21628530323505402,0.955311119556427,0.31293225288391113,13.842259407043457,2.575230836868286,15.315997123718262,14.09505844116211,5.585954666137695,539.9736676216125
390,2,-1.5375803709030151,10.009795188903809,2.151109457015991,10.238324165344238,0.2149004489183426,0.9558563828468323,0.312806099653244,13.753628730773926,2.5773799419403076,15.318588256835938,14.070708274841309,5.58032751083374,540.0168147087097
391,2,-1.5439609289169312,10.005544662475586,2.1365203857421875,10.231112480163574,0.21353363990783691,0.9563916325569153,0.31267327070236206,13.666152954101562,2.579495429992676,15.322113037109375,14.046158790588379,5.574743747711182,543.7496891021729
392,2,-1.5499814748764038,10.001079559326172,2.1227481365203857,10.223875999450684,0.21225190162658691,0.9568912982940674,0.31253373622894287,13.584121704101562,2.581578493118286,15.325160026550293,14.021440505981445,5.569197654724121,543.7928612232208
393,2,-1.5562905073165894,9.996403694152832,2.1084115505218506,10.216334342956543,0.21091701090335846,0.9574086666107178,0.312387615442276,13.498688697814941,2.5836286544799805,15.327631950378418,13.996535301208496,5.563692092895508,543.8359797000885
394,2,-1.5622292757034302,9.99152946472168,2.094905376434326,10.208785057067871,0.2096681445837021,0.9578903913497925,0.3122352957725525,13.418761253356934,2.5856478214263916,15.33446979522705,13.974287033081055,5.558226585388184,543.8791129589081
395,2,-1.5681504011154175,9.986473083496094,2.081484079360962,10.201089859008789,0.20843034982681274,0.9583654403686523,0.31207728385925293,13.339542388916016,2.5876364707946777,15.337648391723633,13.952795028686523,5.552801609039307,543.922248840332
396,2,-1.5741642713546753,9.981237411499023,2.0679190158843994,10.193203926086426,0.20718061923980713,0.9588426351547241,0.3119136691093445,13.259559631347656,2.5895941257476807,15.343718528747559,13.931042671203613,5.547419548034668,543.9654033184052
397,2,-1.5797209739685059,9.975825309753418,2.055345058441162,10.185359001159668,0.20603258907794952,0.9592791199684143,0.3117445409297943,13.18608570098877,2.5915205478668213,15.349124908447266,13.908979415893555,5.542080879211426,544.0085275173187
398,2,-1.5853846073150635,9.970285415649414,2.042602062225342,10.177367210388184,0.20486897230148315,0.9597194790840149,0.3115714192390442,13.111614227294922,2.5934174060821533,15.352519989013672,13.886642456054688,5.536794662475586,544.0516357421875
399,2,-1.5910563468933105,9.964599609375,2.0298917293548584,10.169252395629883,0.20371031761169434,0.9601556658744812,0.31139373779296875,13.037460327148438,2.5952823162078857,15.357511520385742,13.864004135131836,5.531559467315674,544.0947458744049
400,2,-1.5965681076049805,9.95877742767334,2.017554759979248,10.161090850830078,0.20259059965610504,0.9605752229690552,0.31121179461479187,12.965798377990723,2.597114324569702,15.362255096435547,13.841042518615723,5.526378154754639,544.1378486156464
401,2,-1.6021606922149658,9.952840805053711,2.0051069259643555,10.152807235717773,0.20146076381206512,0.9609965682029724,0.31102627515792847,12.893488883972168,2.5989179611206055,15.364605903625488,13.817874908447266,5.5212507247924805,547.8852353096008
402,2,-1.6074950695037842,9.94676399230957,1.993221402168274,10.144508361816406,0.20038893818855286,0.9613944292068481,0.3108363747596741,12.824892044067383,2.600691080093384,15.369089126586914,13.794496536254883,5.516169548034668,547.9283933639526
403,2,-1.612641453742981,9.940570831298828,1.9817553758621216,10.136188507080078,0.19936032593250275,0.9617745876312256,0.3106428384780884,12.759060859680176,2.602433919906616,15.372573852539062,13.770883560180664,5.511142730712891,547.9715774059296
404,2,-1.6176718473434448,9.934285163879395,1.9705644845962524,10.127840042114258,0.19835996627807617,0.9621429443359375,0.3104464113712311,12.695037841796875,2.60414719581604,15.37413215637207,13.747191429138184,5.506168842315674,548.0146939754486
405,2,-1.6220754384994507,9.927963256835938,1.9606575965881348,10.119715690612793,0.19748839735984802,0.9624622464179993,0.31024885177612305,12.639257431030273,2.605829954147339,15.378679275512695,13.723394393920898,5.501266002655029,548.0577747821808
406,2,-1.626541018486023,9.921638488769531,1.9506781101226807,10.111580848693848,0.19660846889019012,0.9627836346626282,0.31005120277404785,12.582942008972168,2.6074764728546143,15.380091667175293,13.699769973754883,5.496445178985596,548.1009252071381
407,2,-1.6323878765106201,9.91535758972168,1.93807852268219,10.102992057800293,0.19546228647232056,0.963200569152832,0.3098549246788025,12.509586334228516,2.609090566635132,15.382554054260254,13.676326751708984,5.4917097091674805,548.1440536975861
408,2,-1.6381961107254028,9.908995628356934,1.9256178140640259,10.094364166259766,0.19433027505874634,0.9636101126670837,0.3096561133861542,12.437137603759766,2.6106717586517334,15.386940002441406,13.65291690826416,5.487026691436768,548.1871926784515
409,2,-1.6424965858459473,9.902498245239258,1.9160974025726318,10.086174011230469,0.19349636137485504,0.9639103412628174,0.3094530701637268,12.383767127990723,2.612224817276001,15.385543823242188,13.62944507598877,5.482375621795654,548.2303578853607
410,2,-1.6470162868499756,9.895919799804688,1.9061896800994873,10.077836990356445,0.1926237940788269,0.9642234444618225,0.3092474937438965,12.327922821044922,2.6137502193450928,15.390862464904785,13.605944633483887,5.477769374847412,548.2735121250153
411,2,-1.6524569988250732,9.889257431030273,1.8945703506469727,10.069101333618164,0.19157862663269043,0.9645970463752747,0.30903929471969604,12.261032104492188,2.615246295928955,15.394318580627441,13.58243179321289,5.473206996917725,552.0757875442505
412,2,-1.65712571144104,9.882490158081055,1.8844553232192993,10.060555458068848,0.19068628549575806,0.9649145603179932,0.30882781744003296,12.203922271728516,2.6167168617248535,15.402310371398926,13.560590744018555,5.468678951263428,552.1189460754395
413,2,-1.6613001823425293,9.875622749328613,1.8753010034561157,10.052098274230957,0.18989191949367523,0.9651960730552673,0.30861321091651917,12.153082847595215,2.6181623935699463,15.409173965454102,13.538920402526855,5.4641852378845215,552.1621186733246
414,2,-1.6661869287490845,9.868687629699707,1.8648488521575928,10.043338775634766,0.18896624445915222,0.9655229449272156,0.30839648842811584,12.093839645385742,2.6195833683013916,15.421407699584961,13.517218589782715,5.4597320556640625,552.2052822113037
415,2,-1.6709318161010742,9.861677169799805,1.8547028303146362,10.034570693969727,0.18807174265384674,0.965837299823761,0.3081774115562439,12.036591529846191,2.6209816932678223,15.42952823638916,13.495490074157715,5.455317497253418,552.2483859062195
416,2,-1.6750723123550415,9.854586601257324,1.8457112312316895,10.0259428024292,0.1872946321964264,0.9661095142364502,0.3079558312892914,11.986856460571289,2.622358798980713,15.437287330627441,13.473674774169922,5.4509358406066895,552.2915422916412
417,2,-1.6794381141662598,9.847429275512695,1.8363360166549683,10.01718521118164,0.18647871911525726,0.9663941860198975,0.30773216485977173,11.934638023376465,2.623713731765747,15.449044227600098,13.451844215393066,5.446590900421143,552.3346633911133
418,2,-1.6839032173156738,9.840222358703613,1.8268170356750488,10.008358001708984,0.18564794957637787,0.9666832089424133,0.3075069487094879,11.881468772888184,2.625048875808716,15.458888053894043,13.429980278015137,5.442286014556885,552.3778483867645
419,2,-1.6880017518997192,9.832969665527344,1.8180040121078491,9.999621391296387,0.18488860130310059,0.9669461250305176,0.3072803020477295,11.832870483398438,2.6263656616210938,15.471603393554688,13.40807819366455,5.438017845153809,552.4209730625153
420,2,-1.6920361518859863,9.825665473937988,1.809339165687561,9.990866661071777,0.18414418399333954,0.9672030210494995,0.30705204606056213,11.78522777557373,2.6276612281799316,15.481413841247559,13.38612174987793,5.433790683746338,552.4641225337982
421,2,-1.6960643529891968,9.81834888458252,1.800723671913147,9.982112884521484,0.18340392410755157,0.9674575924873352,0.30682340264320374,11.7378511428833,2.628938674926758,15.494181632995605,13.364118576049805,5.429612159729004,556.294629573822
422,2,-1.6999183893203735,9.811031341552734,1.7924599647521973,9.973426818847656,0.18269842863082886,0.967699408531189,0.30659472942352295,11.692699432373047,2.630197763442993,15.506542205810547,13.342071533203125,5.425480842590332,556.3377809524536
423,2,-1.703873634338379,9.803714752197266,1.784053087234497,9.9647216796875,0.1819772571325302,0.9679456949234009,0.30636608600616455,11.646544456481934,2.631437063217163,15.516352653503418,13.31997299194336,5.421403884887695,556.3809015750885
424,2,-1.7079532146453857,9.79642105102539,1.7754677534103394,9.956010818481445,0.1812363713979721,0.9681979417800903,0.30613815784454346,11.599127769470215,2.632660150527954,15.530572891235352,13.297855377197266,5.417376518249512,556.4240343570709
425,2,-1.711801528930664,9.789093971252441,1.7673254013061523,9.94735050201416,0.18054024875164032,0.9684342741966248,0.3059091866016388,11.55457592010498,2.6338634490966797,15.540939331054688,13.275678634643555,5.413389205932617,556.4671473503113
426,2,-1.7154775857925415,9.781779289245605,1.7595248222351074,9.938769340515137,0.17987778782844543,0.9686580300331116,0.30568060278892517,11.512178421020508,2.6350510120391846,15.553604125976562,13.25346565246582,5.409449577331543,556.5102667808533
427,2,-1.719132661819458,9.774463653564453,1.7517943382263184,9.93020248413086,0.1792215257883072,0.968879222869873,0.30545198917388916,11.47017765045166,2.6362202167510986,15.56476879119873,13.231223106384277,5.405553817749023,556.553421497345
428,2,-1.7224740982055664,9.767169952392578,1.744647741317749,9.921764373779297,0.17862367630004883,0.9690800905227661,0.30522406101226807,11.431915283203125,2.6373705863952637,15.578947067260742,13.208948135375977,5.40170955657959,556.5965850353241
429,2,-1.7254770994186401,9.759917259216309,1.7381248474121094,9.91347885131836,0.17808806896209717,0.9692595601081848,0.30499741435050964,11.397636413574219,2.638502359390259,15.585522651672363,13.186789512634277,5.397922992706299,556.6397364139557
430,2,-1.728977084159851,9.75272274017334,1.7307753562927246,9.905109405517578,0.17746585607528687,0.9694674015045166,0.30477258563041687,11.35781478881836,2.6396114826202393,15.605461120605469,13.164711952209473,5.394199371337891,556.6828899383545
431,2,-1.7331759929656982,9.745591163635254,1.7222628593444824,9.896602630615234,0.17672225832939148,0.9697149991989136,0.3045497238636017,11.310224533081055,2.6407010555267334,15.608089447021484,13.142796516418457,5.390535354614258,560.4494230747223
432,2,-1.7368143796920776,9.738458633422852,1.7147520780563354,9.888273239135742,0.17608043551445007,0.9699280858039856,0.3043268322944641,11.269147872924805,2.6417691707611084,15.624590873718262,13.120972633361816,5.3869147300720215,560.4925966262817
433,2,-1.739722490310669,9.731321334838867,1.708519458770752,9.880165100097656,0.17556911706924438,0.9700971841812134,0.3041037917137146,11.23642349243164,2.642817497253418,15.635117530822754,13.09926700592041,5.383334159851074,560.5357127189636
434,2,-1.7431427240371704,9.724210739135742,1.701441764831543,9.871939659118652,0.1749696582555771,0.9702948331832886,0.30388158559799194,11.198058128356934,2.643845796585083,15.643080711364746,13.077750205993652,5.3798017501831055,560.5788495540619
435,2,-1.746994972229004,9.717105865478516,1.6936615705490112,9.863602638244629,0.17429691553115845,0.9705160856246948,0.3036595582962036,11.15500259399414,2.6448516845703125,15.656339645385742,13.056370735168457,5.37631368637085,560.6219835281372
436,2,-1.7502902746200562,9.710007667541504,1.6868565082550049,9.85544204711914,0.173723503947258,0.9707042574882507,0.303437739610672,11.118304252624512,2.645840883255005,15.666086196899414,13.035111427307129,5.372863292694092,560.6651282310486
437,2,-1.7534271478652954,9.702898979187012,1.680342435836792,9.84732437133789,0.17317941784858704,0.9708821773529053,0.3032155930995941,11.08348274230957,2.6468114852905273,15.675312042236328,13.013952255249023,5.369446754455566,560.708253622055
438,2,-1.7569016218185425,9.695794105529785,1.673288106918335,9.83912181854248,0.17257875204086304,0.9710779190063477,0.3029935657978058,11.045040130615234,2.647763967514038,15.68758773803711,12.992972373962402,5.366071701049805,560.7514088153839
439,2,-1.7601245641708374,9.688699722290039,1.666683316230774,9.831008911132812,0.17202343046665192,0.9712584614753723,0.3027718663215637,11.009499549865723,2.6487016677856445,15.695924758911133,12.97588062286377,5.362730503082275,560.7945528030396
440,2,-1.763082504272461,9.681584358215332,1.6605404615402222,9.822956085205078,0.1715153604745865,0.9714232087135315,0.3025495111942291,10.976983070373535,2.649620532989502,15.708474159240723,12.958813667297363,5.359424114227295,560.83766913414
441,2,-1.766225814819336,9.674480438232422,1.6541143655776978,9.81486988067627,0.17097707092761993,0.9715970754623413,0.3023275136947632,10.942532539367676,2.6505231857299805,15.715174674987793,12.94179916381836,5.356154918670654,564.5856893062592
442,2,-1.7693119049072266,9.667374610900879,1.647806167602539,9.806803703308105,0.17045022547245026,0.9717669486999512,0.30210545659065247,10.908814430236816,2.6514105796813965,15.730441093444824,12.924827575683594,5.352919101715088,564.6288862228394
443,2,-1.772207498550415,9.660255432128906,1.6418317556381226,9.798782348632812,0.16995738446712494,0.9719255566596985,0.3018829822540283,10.877272605895996,2.6522793769836426,15.734381675720215,12.90789794921875,5.349716663360596,564.6720111370087
444,2,-1.7752197980880737,9.65314769744873,1.63568913936615,9.79074764251709,0.16944620013237,0.9720892906188965,0.3016608655452728,10.84455680847168,2.653132438659668,15.750185012817383,12.890998840332031,5.346551895141602,564.7151799201965
445,2,-1.7781987190246582,9.646036148071289,1.6296225786209106,9.782722473144531,0.16894219815731049,0.972250759601593,0.3014386296272278,10.812300682067871,2.6539690494537354,15.756093978881836,12.874141693115234,5.343418598175049,564.7583749294281
446,2,-1.7808740139007568,9.638910293579102,1.624067783355713,9.774772644042969,0.16849081218242645,0.9723946452140808,0.3012159466743469,10.783411979675293,2.654787063598633,15.767833709716797,12.857300758361816,5.340320110321045,564.8016140460968
447,2,-1.7835102081298828,9.631814002990723,1.6185996532440186,9.766867637634277,0.168047234416008,0.9725357890129089,0.3009941875934601,10.755023002624512,2.6555912494659424,15.776883125305176,12.840497970581055,5.337258338928223,564.8447971343994
448,2,-1.7862505912780762,9.624706268310547,1.6129789352416992,9.758927345275879,0.16758733987808228,0.9726818203926086,0.3007720708847046,10.725589752197266,2.6563758850097656,15.787588119506836,12.823698043823242,5.334232807159424,564.8880245685577
449,2,-1.788833498954773,9.617629051208496,1.6076351404190063,9.751066207885742,0.16715504229068756,0.9728185534477234,0.3005509078502655,10.697922706604004,2.6571452617645264,15.79463005065918,12.806979179382324,5.331245422363281,564.9312691688538
450,2,-1.7912567853927612,9.610576629638672,1.60256826877594,9.74327564239502,0.1667504757642746,0.9729464054107666,0.3003305196762085,10.672030448913574,2.6578986644744873,15.808732032775879,12.790225982666016,5.328298091888428,564.9745643138885
