tau,total_energy_fraction,total_critical_fraction,C0_fraction,E0_fraction,N0,minority0,scale0,Rinf0,concentration0,Q3_0,Q8_0,Q16_0,C1_fraction,E1_fraction,N1,minority1,scale1,Rinf1,concentration1,Q3_1,Q8_1,Q16_1
0.0,1.0,1.0,1.0,1.0,6.465486640239153,0.36812104467476636,1.0,1.0,12.225505060972358,1.0,1.0,1.0,0.0,0.0,0.0,0.0,0.0,0.0,0.0,0.0,0.0,0.0
0.0025,0.999825738950398,0.9997979349960832,0.999780131509085,0.9998140969597553,6.4652669962391265,0.3681182789026763,0.999966028233875,1.0004089054811456,12.231225609032462,1.000280516326153,1.0009282629713838,1.0008431798585757,1.7719595892756614e-05,1.1466823802663662e-05,9.991067490584587,0.4095041496382844,1.5452924190428807,0.004984353705178678,27.807680684433116,0.004709875617474442,0.004932277131365666,0.005006782566427924
0.005,0.9996515145552823,0.9996066292344181,0.9995353679464013,0.999604903209723,6.465036883225569,0.36811545606416124,0.9999304372526602,1.0008428372967046,12.237375728874001,1.0005459130585501,1.0018362653122952,1.00166386082338,7.09249106604244e-05,4.5910464488079475e-05,9.988225286942901,0.409290567878413,1.5448528227990346,0.009968010835568511,27.784755446912555,0.009424767230936177,0.009868921861078263,0.010015885911346228
0.0075,0.9994773220183542,0.9994260909924662,0.999265652224598,0.9993723533131128,6.4647963325075,0.36811259782254147,0.9998932318988403,1.001401489716803,12.245175282301942,1.0007961133544903,1.0027239259509781,1.0024621750904528,0.00015967881930020625,0.00010339074343499909,9.985432337699626,0.40907781472455945,1.5444208446048655,0.014948641565454283,27.758331876831484,0.014144238380499717,0.014809368510571429,0.015026817511378581
0.01,0.9993031565431743,0.9992563273946361,0.9989709336405722,0.9991163877571465,6.464545376879846,0.3681097259064384,0.9998544172447208,1.001918206769257,12.252587335182566,1.0010310439148222,1.0035911698571862,1.0032382645504574,0.0002840350304731824,0.00018396091698752716,9.982689393795496,0.40886591326281035,1.5439966006064232,0.019923922303722738,27.72842527095824,0.018867855861584598,0.01975305863572202,0.02003910229590431
0.0125,0.9991290133332927,0.9990973444095042,0.9986511678817401,0.998836952965128,6.464284050596235,0.3681068621002242,0.9998139985882217,1.0023929523646482,12.259612036369326,1.0012506349941896,1.0044379279955487,1.0039922805313937,0.00044403815638537335,0.00028766769374240247,9.979997164495218,0.408654884890773,1.543580200503835,0.024891538019344628,27.695052656976486,0.023595189851444945,0.024699441233969735,0.025052282749723934
0.015,0.9989548875923818,0.9989491468474869,0.9983063170281458,0.9985340013046112,6.46401238934158,0.3681040282344411,0.9997719814486357,1.002825700124355,12.26624960378002,1.0014548204091418,1.00526413727508,1.0047243835261799,0.0006397237845243665,0.00041455125495964686,9.977356316743366,0.4084447493189445,1.5431717474516833,0.029849184562831955,27.658232788327545,0.028325814029748837,0.029647972944325057,0.030065918967415832
0.0175,0.998780774524374,0.9988117383589508,0.9979363495504329,0.9982074910916878,6.463730430204423,0.3681012461762003,0.9997283715623508,1.003216433385204,12.27250032422699,1.001643537544163,1.0060697404949452,1.0054347429052226,0.0008711185509964534,0.0005646452779852981,9.974767474596161,0.40823552457848106,1.5427713379711203,0.034794570980466275,27.61798613782189,0.033059305692440734,0.03459811824005499,0.03507958865821959
0.02,0.998606669333603,0.998685121432755,0.9975412403037094,0.9978573865914077,6.463438211649115,0.36809853781957086,0.9996831748785484,1.0035651451993768,12.278364553229475,1.0018167273556178,1.0068546862865957,1.0061235366141104,0.0011382402152279863,0.000737976962579538,9.972231218730371,0.4080272270353013,1.5423790618739113,0.03972542181810628,27.574334890027142,0.037795245857520574,0.039549349613809875,0.040092887100501545
0.0225,0.9984325672249504,0.9985692973952083,0.997120970517332,0.997483658014359,6.463135773487834,0.3680959250759662,0.9996363975548743,1.0038718383295389,12.28384271480779,1.001974334373338,1.007618929052389,1.0067909508566453,0.001441097735814138,0.0009345670600484983,9.969748086030002,0.40781987141042947,1.541995002198509,0.044639479411403823,27.527302932441703,0.04253321936267976,0.04450114775493119,0.045105427045106124
0.025,0.9982584634039942,0.9984642664094343,0.9966755277806518,0.9970862815094387,6.46282315685246,0.36809342986454013,0.9995880459530895,1.0041365252391747,12.28893530125897,1.0021163066998795,1.0083624289008177,1.0074371797634614,0.0017796913473183175,0.0011544299050832807,9.967318569251475,0.4076134708064583,1.541619235158267,0.049534506159284696,27.47691584546515,0.04727281495599377,0.04945300171865837,0.05011683856716914
0.0275,0.9980843530771616,0.9983700274751305,0.9962049060247593,0.996665239152837,6.462500404166371,0.3680910741025992,0.9995381266347074,1.0043592280780924,12.293642872913521,1.0022425960077364,1.009085151578459,1.0080624250465304,0.0021540126378459946,0.001397573450215249,9.964943116767587,0.4074080367399834,1.5412518301018394,0.05440828677758567,27.423200891177938,0.05201362538054896,0.05440440908693396,0.055126768866266024
0.03,0.9979102314518877,0.9982865784287094,0.9957091055002703,0.9962205189332787,6.462167559116136,0.36808887969604165,0.999486646356616,1.0045399786630904,12.297966057872928,1.0023531575345666,1.009787068398774,1.0086668956399314,0.002564044627237467,0.0016639993028023535,9.96262213239034,0.4072035791798334,1.5408928494857785,0.059258630529781225,27.36618700094519,0.056755247453261506,0.0593548761204905,0.060134882015085656
0.0325,0.9977360937367741,0.9982139159438116,0.9951881327512042,0.9957521147335548,6.46182466662316,0.3680868685298309,0.9994336120666925,1.0046788184537756,12.301905551727701,1.0024479500763868,1.0104681561678805,1.0092508073272928,0.003009761845745044,0.001953702764467083,9.960355975272503,0.4070001065908999,1.5405423488593084,0.06408337343178169,27.305904761860294,0.06149728213948767,0.06430391790188987,0.06514085865715663
0.035,0.9975619351417524,0.9981520355321765,0.9946420005850029,0.9952600263083895,6.461471772815308,0.3680850624585124,0.9993790308994133,1.0047757985235146,12.305462117255484,1.0025269359787363,1.011128397107421,1.009814382356399,0.00349113041308103,0.002266672872912554,9.958144959887557,0.40679762598334074,1.5402003768612247,0.0688803804278399,27.24238640204624,0.06623933462186156,0.06925105846917583,0.0701443956545018
0.0375,0.9973877508782529,0.998100931544861,0.9940707280387465,0.9947442592586865,6.461108924998503,0.3680834832967818,0.9993229101714627,1.0048309795255288,12.308636584099126,1.00259008112583,1.0117677787746535,1.010357849041499,0.004008108117743672,0.0026028924460491953,9.955989356087295,0.40659614296691166,1.5398669752288023,0.07364754753466496,27.17566577483332,0.07098101436104112,0.07419583093979581,0.0751452056864588
0.04,0.9972135361593736,0.9980605971737931,0.9934743403416219,0.9942048250022051,6.460736171628331,0.36808215281011203,0.9992652573773401,1.0048444316541303,12.311429848424327,1.0026373549277177,1.0123862939799049,1.0108814413539293,0.004560644496548744,0.002962338128370378,9.953889389236332,0.406395661810159,1.5395421788185997,0.0785912753793987,27.17787043405846,0.07572193515265879,0.0791377776244445,0.08014301680126791
0.0425,0.997039286200053,0.9980310244536474,0.9928528688737097,0.9936417407407172,6.460353562281704,0.3680810927054479,0.9992060801849776,1.004816234601105,12.31384287255664,1.0026687303054815,1.0129839407014936,1.0113853985017114,0.005148680914314454,0.0033449804395211634,9.951845240422308,0.4061961855041837,1.539226015638971,0.08360111273607602,27.200975018702632,0.08046171518113596,0.08407645013048451,0.08513757192239609
0.045,0.9968649962172491,0.9980122042640334,0.9922063511211496,0.9930550294237026,6.459961147628536,0.36808032462197404,0.9991453864313588,1.0047464775072676,12.315876684597672,1.0026841836745017,1.0135607219982792,1.0118699644988713,0.005772150643666965,0.003750783825010019,9.949857046740599,0.4059977158306711,1.5389185068941016,0.08861372266715437,27.22214836790707,0.08519997707024732,0.08901140945460415,0.0901286283119256
0.0475,0.9966906614301156,0.9980041263319837,0.9915348306277548,0.9924447197086398,6.459558979403506,0.3680798701219639,0.9990831841181521,1.0046352589091965,12.317532378020205,1.002683694925819,1.014116645919947,1.0123353877252659,0.006430978944952563,0.004179706709018878,9.94792490165182,0.40580025343386134,1.538619667039302,0.09362764589983097,27.241391579187912,0.08993634792868752,0.09394222606438281,0.09511595699368718
0.05,0.9965162770601862,0.9980067792347286,0.9908383569431475,0.9918108459179544,6.459147110377918,0.36807975068171767,0.9990194814073577,1.0044826866811791,12.318811111242129,1.0026672474056348,1.0146517254151752,1.0127819204777793,0.007125083146260649,0.00463170154927212,9.946048855410579,0.4056037978961216,1.5383295038473213,0.09864142715507694,27.258706450930447,0.0946704593881497,0.09886847996844579,0.10009934213914964
0.0525,0.9963418383315589,0.998020150402749,0.990116985567486,0.9911534479926919,6.458725594331629,0.3680799876825925,0.9989542866169663,1.004288877972406,12.319714107179054,1.0026348278929782,1.0151659782378073,1.013209818513823,0.007854372723578874,0.00510671489393012,9.944228915563368,0.4054083478167675,1.5380480184853556,0.10365361623885652,27.274095480023966,0.09940194763399444,0.1037897607749098,0.10507858041939079
0.055,0.9961673404710842,0.9980442261230938,0.9893707778928631,0.9904725714429802,6.458294486025124,0.3680806024021347,0.9988876082166396,1.004053959139437,12.320242652775436,1.0025864265755844,1.015659426851169,1.0136193405881069,0.008618749381117827,0.005604687440477621,9.942465047513524,0.4052139008937667,1.5377752056024294,0.10866276912212175,27.287561858586912,0.10413045343074627,0.10870566773783878,0.11005348032675909
0.0575,0.9959927787085547,0.9980789915429528,0.9885998011414558,0.9897682672953527,6.457853841171715,0.36808161600531675,0.9988194548234105,1.003778065673998,12.320398098514232,1.002522037024022,1.0161320983306579,1.0140107479837337,0.009418107131857945,0.006125554096581569,9.940757175150965,0.4050204540079532,1.5375110534267944,0.11366744900774584,27.299109469801515,0.10885562214455809,0.11361580979145598,0.11502386147008573
0.06,0.9958181482768992,0.9981244306734709,0.9878041283005037,0.9890405920370079,6.457403716409867,0.3680830495358859,0.9987498351974033,1.003461342126144,12.320181857904968,1.0024416561641116,1.016584024264741,1.0143843040387146,0.010252332378385043,0.00666924404289695,9.939105181544189,0.40482800330936664,1.537255543872959,0.1186662273826163,27.30874288287988,0.11357710376423781,0.11851980557188424,0.11998955384752204
0.0625,0.995643444412377,0.9981805263937995,0.986983838054208,0.9882896075570773,6.4569441692757055,0.36808492390782926,0.9986787582375808,1.0031039420228534,12.319595406950247,1.0023452842476792,1.0170152406544914,1.0147402736690523,0.011121303994093718,0.007235680797802764,9.937508909691859,0.4046365443053293,1.537008652657935,0.12372309696476856,27.330917094861366,0.11829455292200877,0.12341728342621831,0.1249503971012503
0.065,0.9954686623547767,0.9982472604553658,0.9861390147126318,0.9875153810849816,6.456475258175692,0.3680872598969597,0.9986062329775184,1.0027060277821074,12.318640283590732,1.0022329248216855,1.0174257878117943,1.0150789228895942,0.012024893404849194,0.007824782284053278,9.93596816333133,0.4044460719498682,1.5367703494262897,0.12880769331212977,27.357817873458256,0.12300762891466137,0.12830788140876626,0.1299062397584415
0.0675,0.995293797347616,0.9983246134863587,0.9852697481376956,0.986717985125958,6.4559970423594555,0.3680900781326276,0.998532268581202,1.0022677706225278,12.317318087128653,1.0021045846957661,1.0178157102563585,1.0154005183339063,0.0129629646712083,0.008436460897332507,9.934482707801035,0.404256580734087,1.5365405978835287,0.1338896508033533,27.382790844784104,0.12771599572547224,0.1331912472643341,0.13485693846291713
0.07,0.9951188446383444,0.9984125649964157,0.9843761336663556,0.9858974973938365,6.4555095818928505,0.36809339908956173,0.9984568743388613,1.001789350468637,12.31563047762996,1.0019602739082163,1.0181850566116584,1.015705326774441,0.01393537457130892,0.009070623576701879,9.933052270953862,0.40406806477709306,1.5363193559373665,0.13896756430595328,27.405844261136835,0.13241932204678172,0.13806703839846587,0.13980235720199882
0.0725,0.9949437994785483,0.9985110933815057,0.983458272031062,0.9850540007411537,6.455012937631193,0.3680972430798431,0.9983800596628296,1.0012709558518278,12.313579175305232,1.0018000056904466,1.0185338794999397,1.0159936146443307,0.014941972684544641,0.009727171876932898,9.931676544118309,0.4038805179170871,1.5361065758463843,0.1440400414136355,27.426987003842477,0.13711728130113043,0.1429349218345932,0.14474236653301303
0.075,0.9947686571241575,0.998620175928993,0.9825162692775896,0.9841875830866912,6.45450717119271,0.36810163024501646,0.9983018340834378,1.0007127838071186,12.311165959869541,1.001623796429949,1.018862235436415,1.016265647562148,0.01598260147614706,0.01040600204271774,9.930355183104236,0.40369393380222535,1.5359022043755892,0.14910570335719073,27.446228570387483,0.14180955165726303,0.1477945741580913,0.14967684281384527
0.0775,0.9945934128356549,0.9987397888228824,0.9815502366803419,0.9832983373405245,6.4539923449322245,0.36810658054833995,0.998222207244944,1.0001150397657879,12.3083926698815,1.001431665631828,1.0191701847227788,1.016521689861009,0.017057096382802853,0.011107005084751482,9.929087809249976,0.40350830598087206,1.5357061829583656,0.15416318588672648,27.463579060845262,0.14649581603298376,0.1526456814472815,0.15460566744182033
0.08,0.9944180618782876,0.9988699071492279,0.9805602906552207,0.9823863613266746,6.453468521915041,0.3681121137671779,0.9981411889014951,0.9994779374439818,12.305261202061706,1.0012236358789635,1.0194577913401621,1.0167620041233991,0.018165285899435613,0.011830066857679969,9.927874010507376,0.4033236279908657,1.5355184478642976,0.15921114012405513,27.479049163636954,0.1511757620796197,0.15748793919146792,0.15952872610501737
0.0825,0.9942425995222807,0.9990105049017041,0.9795465526701699,0.9814517577034553,6.452935765891089,0.36811824948553856,0.9980587889131267,0.998801698727393,12.301773510590909,1.0009997327908653,1.0197251228416577,1.0169868507231252,0.01930699166728415,0.012575068139906949,9.926713342561499,0.4031398934474319,1.53533893037235,0.16424823338415592,27.492650140667955,0.15584908217171076,0.16232105219613985,0.16444590804991782
0.085,0.994067021043051,0.9991615549873283,0.9785091491534895,0.9804946338816081,6.452394141269292,0.3681250070867578,0.9979750172417994,0.9980865535521174,12.297931606388207,1.0007599849812807,1.0199722502445345,1.0171964873757837,0.020482028563409277,0.013341884715253561,9.925605329981497,0.402957096129387,1.5351675569488699,0.16927314996473716,27.504393811883197,0.16051547339945144,0.16714473447552097,0.1693571053690326
0.08750000000000001,0.9938913217214264,0.9993230292323304,0.9774482114000234,0.9795151019403198,6.451843713092188,0.3681324057463317,0.9978898839474735,0.9973327397817984,12.293737556369681,1.0005044240145924,1.0201992479222575,1.0173911686991315,0.021690204791759968,0.014130387456462,9.924549467399276,0.40277523006329136,1.535004249429889,0.1742845919030317,27.514292539285456,0.16517463755714976,0.17195870913269043,0.17426221231186503
0.09,0.9937154968438634,0.999494898388159,0.9763638754753273,0.9785132785412202,6.451284547010805,0.36814046442489945,0.9978033991842226,0.9965405030811718,12.289193482687788,1.0002330843610725,1.0204061934964386,1.017571145784739,0.02293132197592743,0.014940442410533593,9.923545220712521,0.4025942896052179,1.5348489252071917,0.17933504491818825,27.530612976143132,0.16982628112756068,0.17676270822755002,0.17916112462225
0.0925,0.9935395417026697,0.999677132137622,0.975256282117921,0.9774892848404564,6.450716709259781,0.3681492018613768,0.9977155731963858,0.9957100967861341,12.284301561952041,0.9999460033510239,1.020593167728829,1.0177366657822722,0.02420517525371203,0.01577191088588956,9.92259202830867,0.4024142695198281,1.534701497417624,0.18450509802581472,27.56493291817046,0.1744701152639402,0.1815564726329562,0.184053738904763
0.095,0.9933634515962243,0.9998696991011524,0.9741255766397275,0.976443246398941,6.450140266632757,0.36815863656624165,0.997626416314762,0.994841781770453,12.279064024431404,0.9996432211278697,1.0207602544134655,1.0178879714977143,0.02551155337362324,0.01662464954134023,9.921689302306445,0.402235165056452,1.5345618751351175,0.18966657374092602,27.597247188364474,0.17910585577157268,0.18633975187938223,0.18893995202252922
0.0975,0.9931872218292059,1.0000725668431976,0.9729719088248122,0.9753752930908752,6.449555286458036,0.3681687868149727,0.9975359389528446,0.9939358263092504,12.273483153238901,0.9993247806002298,1.0209075402690866,1.0180253010068157,0.02685023879342679,0.017498510476845763,9.920836429811631,0.40205697202189766,1.5344299635649186,0.19481771236771903,27.627512163892884,0.18373322308977022,0.19111230398851792,0.19381966052838676
0.1,0.9930108477128154,1.0002857018787221,0.9717954328265221,0.9742855590106457,6.448961836574497,0.3681796706416406,0.9974441516030966,0.9929925059393905,12.267561283499022,0.9989907273930297,1.021035114831918,1.01814888728499,0.02822100778084634,0.01839334132604824,9.920032774183763,0.4018796868497251,1.5343056642395025,0.19995707385510827,27.655731858036972,0.18835194227438093,0.1958738952962599,0.19869276013097403
0.10250000000000001,0.9928343245650062,1.0005090696798238,0.9705963070631372,0.9731741823781951,6.448359985307783,0.3681913058326518,0.9973510648332673,0.992012103316907,12.261300801498443,0.9986411097976933,1.0211430703489441,1.018258957854834,0.02962363051651886,0.01930898535055164,9.91927767631051,0.40170330666574616,1.5341888752156798,0.20508323304396517,27.681910984293175,0.19296174298022364,0.20062430026558312,0.20355914519692708
0.105,0.9926576477107133,1.0007426346824577,0.9693746941121408,0.9720413054429665,6.447749801446786,0.3682037099206463,0.9972566892827559,0.9909949080716026,12.254704143820724,0.9982759787214764,1.021231501671751,1.0183557344523715,0.03105787119929437,0.020245281535922345,9.918570455886613,0.4015278293495294,1.5340794912724054,0.2101947805615135,27.70605494568798,0.19756235944395723,0.20536330128982486,0.2084187082899929
0.1075,0.9924808124820844,1.0009863602932627,0.9681307606032149,0.9708870743865253,6.447131354220374,0.3682169001785469,0.9971610356590112,0.989941216658973,12.247773796465527,0.9978953876360052,1.0213005061510587,1.0184394327130606,0.03252348815396066,0.02120206468937901,9.917910412694244,0.4013532535917093,1.5339774041088097,0.21529032368613105,27.72816982352006,0.20215353046870838,0.21009068848694942,0.2132713397474998
0.11,0.9923038142187122,1.001240208896489,0.9668646771100722,0.9697116392239588,6.44650471327442,0.3682308936137611,0.9970641147339792,0.9888513322095905,12.240512293953143,0.9974993925250683,1.021350183532023,1.0185102618785153,0.03402023394146361,0.022179165539136358,9.917296827881856,0.4011795789469242,1.5338825025419933,0.22036848718181923,27.7482623655709,0.20673499941061385,0.21480625948539409,0.21811692729427112
0.1125,0.9921266482678693,1.001504141861022,0.965576618041227,0.9685151537041504,6.445869948649109,0.36824570696253345,0.996965937340593,0.9877255643760965,12.232922218414872,0.9970880518317268,1.021380635850407,1.018568424524807,0.03554785547168251,0.023176410835363113,9.916728965238617,0.4010068058822256,1.5337946727041425,0.2254279141016997,27.766339973825332,0.2113065141661553,0.21950981920212898,0.22295535569374164
0.115,0.9919493099847441,1.0017781195475048,0.9642667615298178,0.967297775209039,6.44522713075651,0.36826135668444865,0.9968665143693045,0.9865642291779533,12.225006198670027,0.9966614264047925,1.021391967329708,1.018614116313126,0.03710609411880822,0.02419362345270986,9.916206072461609,0.40083493582082785,1.5337137982385216,0.2304672665599991,27.78241069174393,0.21586782715841807,0.2242011796135937,0.22778650643572898
0.11750000000000001,0.9917717947326774,1.0020621013155475,0.962935289322588,0.9660596646519545,6.444576330358459,0.36827785895708365,0.9967658567646627,0.9853676488441026,12.216766909290298,0.9962195794447289,1.0213842842793301,1.0186475257634724,0.03869468583936031,0.025230622494357948,9.915727382413188,0.40066397118108665,1.533639760493947,0.2354852264720742,27.79648319112884,0.22041869532066616,0.22888015952019583,0.23261025746003663
0.12,0.9915940978834014,1.0023560455310323,0.9615823866681249,0.9648009863751351,6.443917618544703,0.36829522967080724,0.9966639755219335,0.9841361516536872,12.208207069652197,0.9957625764490325,1.021357694993875,1.0186688340519596,0.04031336129286651,0.0262872233975359,9.915292114365904,0.4004939154106183,1.5335724387173346,0.24048049626212825,27.808566758624618,0.2249588800787552,0.23354658430508157,0.23742648291481946
0.1225,0.9914162148172793,1.0026599095735065,0.9602082422044729,0.9635219080465289,6.443251066711337,0.3683134844237261,0.9965608816837656,0.9828700717749831,12.199329442978316,0.9952904851571406,1.0213123096536394,1.018678214832187,0.04196184596521562,0.02736323804044525,9.91489947523258,0.40032477301549657,1.5335117102439542,0.24545179953835927,27.818671281895483,0.22948814733031297,0.23820028568790652,0.24223505294842945
0.125,0.9912381409235471,1.0029736498436619,0.9588130478462167,0.9622226005559721,6.442576746539528,0.36833263851677567,0.9964565863368983,0.9815697491027014,12.190136835368227,0.9948033754949095,1.0212482402263878,1.0186758340810456,0.043639860294682094,0.028458474850532784,9.914548660779264,0.4001565495844823,1.533457450685032,0.25039788173536925,27.826807235519354,0.2340062674190066,0.24284110147435095,0.24703583353328123
0.1275,0.991059871600556,1.003297221770905,0.9573969986711468,0.9609032379108485,6.441894729974535,0.3683527069489547,0.996351100608918,0.9802355290938106,12.180632094819769,0.994301319518688,1.0211656003704694,1.018661849969201,0.04534711980060754,0.02957273891404175,9.914238856818876,0.39998925180826705,1.5334095341123708,0.25531751072375164,27.832985666639033,0.23851301510985412,0.24746887530213546,0.2518286863201331
0.13,0.9908814022560155,1.003630579821013,0.9559602928066,0.9595639971313262,6.44120508920499,0.36837370441270045,0.9962444356650524,0.9788677626020377,12.170818110241507,0.9937843913590313,1.021064505339355,1.0186364127563812,0.04708333521471163,0.030705832086769993,9.913969240383542,0.3998228874937297,1.5333678332396699,0.2602094773868535,27.83721818040944,0.24300816956521848,0.25208345638430396,0.25661346852106764
0.1325,0.9907027283072396,1.0039736775038748,0.9545031313155895,0.9582050581452681,6.4405078966424965,0.36839564528940416,0.9961366027050158,0.9774668057111979,12.160697810457204,0.9932526671641195,1.0209450718876465,1.018599664711483,0.048848212614992205,0.03185755310595837,9.913738980873708,0.3996574655732307,1.533332219600257,0.26507259616479234,27.839516925279312,0.24749151432056213,0.25668469925054344,0.2613900328193813
0.135,0.9905238451813917,1.0043264673813237,0.9530257180828134,0.9568266036829111,6.439803224901495,0.3684185436450643,0.9960276129598951,0.9760330195675111,12.150274163203049,0.9927062250429541,1.0208074181786233,1.0185517400574067,0.05064145356216145,0.0330276977032287,9.913547241182314,0.3994929961089842,1.5333025637209607,0.27020172138826987,27.870427646245503,0.25196283725954916,0.2612724634873164,0.2661582273045452
0.1375,0.990344748315733,1.0046889010750528,0.951528259700648,0.955428819171411,6.439091146779424,0.36844241322607574,0.9959174776890803,0.9745667702110556,12.139550174118488,0.9921451450083717,1.020651663693385,1.0184927649403996,0.05246275523855296,0.034216058718486125,9.913393178792406,0.3993294902925722,1.5332787352918755,0.275334409385774,27.90187707060569,0.2564219305874533,0.26584661347757504,0.2709178954303849
0.14,0.9901654331578695,1.0050609292746218,0.950010965355221,0.9540118926293434,6.43837173523717,0.36846726745515285,0.9958062081772425,0.9740104195543144,12.14027006087671,0.9915695089199192,1.02047792914163,1.0184228574235887,0.05431181058942221,0.03542242621469704,9.913275946846714,0.39916696043968153,1.5332606033317904,0.28044583957988556,27.931395606239146,0.2608685908033148,0.2704070181408286,0.27566887599464096
0.14250000000000002,0.9899858951660028,1.005442501745553,0.9484740467126589,0.9525760145612545,6.437645063379798,0.36849311942738494,0.9956938157313515,0.9745895715838062,12.155268555924023,0.9909794004266299,1.0202863363741346,1.0183421275042752,0.056188308466551255,0.036646587593449714,9.913194695187878,0.3990054199801632,1.533248036349078,0.28553482845427863,27.95899432375845,0.2653026186728356,0.2749535506743208,0.28041100313810413
0.145,0.9898061298091788,1.0058335673375158,0.9469177178056075,0.95112137785235,6.436911204437584,0.3685199819064222,0.9955803116777437,0.9751379847458851,12.170017749649594,0.9903749049097651,1.02007700829696,1.0182506771544482,0.05809193377405738,0.03788832771120159,9.913148571368133,0.3988448834435316,1.5332409024978597,0.29060021531554747,27.984684784517718,0.26972381920240673,0.2794860882960691,0.28514410636158444
0.1475,0.9896261325675404,1.006234073992605,0.9453421949201105,0.9496481776634116,6.436170231747312,0.3685478673207893,0.9954657073592288,0.9756557734944357,12.184518248191383,0.9897561094255763,1.019850068787438,1.0181486003838978,0.06002236761629439,0.03914742899611357,9.913136721627398,0.39868536644003644,1.5332390697292848,0.2956408627135235,28.008479025241133,0.2741320016138171,0.28400451199049903,0.2898680105590444
0.15,0.9894458989325785,1.0066439687537114,0.9437476964829453,0.9481566113260284,6.435422218733892,0.36857678776032626,0.9953500141322467,0.9761430559916057,12.198770675171199,0.9891231026481409,1.0196056426119682,1.0180359833251784,0.06197928744772512,0.04042367156536909,9.913158291838851,0.398526885637455,1.5332424059377798,0.3006556568300368,28.030389542612145,0.27852697931970344,0.2885087062573936,0.2945825360653247
0.1525,0.9892654244073849,1.0070631977729876,0.9421344429494949,0.9466468782382272,6.434667238892223,0.36860675497275375,0.9952332433640617,0.9766709825224015,12.213663911275043,0.9884759748123167,1.0193438553456613,1.0179129043396329,0.06396236722463411,0.04171683334287281,9.913212428421197,0.39836945873376856,1.533250779102146,0.3056435078365559,28.050429277855343,0.28290856990041624,0.29299855886485476,0.2992874987169942
0.155,0.9890847045069068,1.0074917063204114,0.9405026566922502,0.9451191797605829,6.433905365769386,0.36863778036036127,0.9951154064300102,0.9772909338898411,12.229841863162195,0.9878148176568593,1.01906483329385,1.0177794341435469,0.06597127755854024,0.04302669017722142,9.913298279216974,0.3982131044258978,1.5332640574214056,0.31060335022118435,28.068611601341384,0.28727659508325326,0.2974739606069546,0.3039827099249695
0.1575,0.9889037347581999,1.0079294387924478,0.9388525618900211,0.9435737191128943,6.433136672947087,0.36866987497681697,0.994996514710783,0.9778809249750915,12.24577923619833,0.9871397243677389,1.018768703415507,1.0176356359534957,0.06800568587116092,0.04435301595983735,9.913414994336359,0.3980578423746836,1.53328210944531,0.31553414308554495,28.084950297243857,0.2916308807245329,0.3019348050667259,0.30866797675767393
0.16,0.9887225107006848,1.0083763387208113,0.9371843844179407,0.942010701271499,6.432361234024422,0.36870304952409677,0.9948765795897607,0.978441057176719,12.261476412410568,0.9864507895216973,1.0184555932485786,1.0174815656498086,0.0700652565507716,0.04569558274315404,9.91356172696606,0.39790369316631374,1.533304804199451,0.32043487041212443,28.09945954827558,0.29597125679195563,0.3063809883851168,0.31334310203362636
0.1625,0.9885410278864015,1.0088323487813335,0.9354983517383402,0.9404303328673073,6.4315791226008985,0.3687373143495324,0.9947556124503878,0.9789714355101488,12.276933792264975,0.9857481090300815,1.0181256308372557,1.0173172719570838,0.0721496511097974,0.04705416085874027,9.913737634142983,0.39775067827039906,1.533332011304919,0.32530454130269104,28.112153920529842,0.30029755734006564,0.3108124090365043,0.3180078844224795
0.165,0.9883592818802662,1.0092974108029336,0.9337946927925719,0.9388328220846285,6.430790412259755,0.36877267944297537,0.9946336246735924,0.979472168525581,12.292151794288248,0.9850317800829931,1.0177789446612069,1.0171427966405773,0.0742585283434677,0.048428519035250216,9.913941877492524,0.39759881999491964,1.5333636010924951,0.3301421901884316,28.123048348450823,0.30460962047501283,0.3152289676113256,0.3226621185536458
0.1675,0.9881772682603269,1.0097714657767,0.9320736378938547,0.9372183785608608,6.429995176551576,0.36880915443407764,0.9945106276352519,0.9799433682266421,12.307130854702658,0.9843019010937946,1.0174156635667675,1.016958174717289,0.07639154448935859,0.049818424516084876,9.914173623931335,0.3974481414382598,1.5333994447113448,0.3349468770124866,28.132158119955406,0.30890728831535935,0.31963056660636174,0.3273055951317765
0.17,0.9879949826180221,1.0102544538650795,0.9303354186212139,0.9355872132871156,6.429193488978175,0.36884674858968536,0.9943866327037009,0.9803851499898075,12.321871427074225,0.983558571644015,1.0170359167001126,1.0167634346805154,0.07854835338764388,0.05122364317665055,9.914432046334648,0.3972986664385627,1.533439414232232,0.3397176873855868,28.13949886172722,0.31319040695911976,0.3240171102231622,0.33193810105846505
0.17250000000000001,0.9878124205584367,1.010746314411181,0.9285802677145829,0.9339395385098413,6.428385422976787,0.3688854708113475,0.9942616512372853,0.9807976324846411,12.336373981974015,0.9828018924287151,1.0166398334424007,1.0165585987366075,0.08072860664187104,0.05264393964109973,9.91471632416824,0.397150419520638,1.5334833827452627,0.34445373271551905,28.145086524701803,0.3174588264718145,0.3283885041750699,0.33655941955966084
0.17500000000000002,0.9876295777005597,1.0112469859481925,0.9268084189711339,0.9322755676335155,6.427571051904518,0.36892532963293545,0.9941356945819577,0.981180937594889,12.350639006652482,0.9820319652026501,1.016227543346909,1.0163436830526786,0.08293195378007545,0.054079077398440534,9.915025644085247,0.3970034258406589,1.5335312244521937,0.3491541503111666,28.148937369760354,0.32171240088663317,0.33274465550326504,0.34116933031837315
0.1775,0.9874464496775444,1.0117564062089182,0.9250201071429023,0.9305955151244611,6.426750449023111,0.3689663332183756,0.9940087740689216,0.9815351903404573,12.364667004726734,0.9812488927272879,1.0157991760781424,1.0161186980139674,0.08515804241604384,0.055528818917901096,9.915359200488142,0.3968577111288887,1.5335828147533503,0.35381810346188447,28.15106795364752,0.3259509881601251,0.33708547240220743,0.34576760961233693
0.18,0.9872630321369628,1.0122745121354333,0.9232155678357633,0.928899596415853,6.425923687483972,0.3690084893594916,0.9938809010123146,0.9818605188003067,12.37845849588051,0.9804527787170244,1.015354861352928,1.0158836484895832,0.0874065184105362,0.0569929257634368,9.91571619605621,0.3967133016306781,1.533638030329212,0.35861333972715753,28.164733322379977,0.33017445012167196,0.34141086405481647,0.3503540304563904
0.1825,0.9870793207410666,1.0128012398888606,0.9213950374098212,0.9271880278139667,6.425090840313498,0.36905180547395844,0.9937520867069396,0.9821570540362957,12.392014015576791,0.9796437277861345,1.0148947288834773,1.0156385341053604,0.08967702603227436,0.05847115870726919,9.916095842238999,0.396570224045973,1.533696749216732,0.3635048762187411,28.186795056225048,0.33438265244459203,0.3457207404776874,0.3549283627493841
0.185,0.9868953111670443,1.0133365248592732,0.9195587528812644,0.9254610264057271,6.424251980398685,0.36909628860336574,0.9936223424260385,0.9824954321348157,12.406224363277323,0.9788218453966926,1.014418908322416,1.0153833495225522,0.09196920811850565,0.05996327784234746,9.916497359716283,0.39642850546757447,1.5337588508804776,0.36836020394475666,28.20680614922939,0.33857546462447896,0.3500150123766018,0.35949037342549695
0.1875,0.9867109991072801,1.0138803016757225,0.9177069518257396,0.9237188099676058,6.423407180473024,0.3691419454113912,0.9934916794191114,0.9829419047186271,12.421927797096613,0.9779872378071703,1.0139275292097654,1.0151180847211378,0.09428270623494979,0.06146904269362522,9.916919978825028,0.396288173318389,1.5338242162786697,0.3731783000106604,28.22477945999462,0.342752759958142,0.35429359101254704,0.3640398266098857
0.19,0.9865263802696106,1.0144325042163942,0.9158398722832951,0.9219615968759189,6.422556513102676,0.36918878218208395,0.9933601089097774,0.9833594943609374,12.437394934268276,0.9771400120217231,1.0134207209218664,1.0148427252865175,0.09661716083493949,0.06298821232804722,9.917362939954153,0.3961492552879048,1.5338927279242383,0.3779581697234591,28.24072840160651,0.34691441551955454,0.35855638807841733,0.36857648377862573
0.1925,0.9863414503775836,1.0149930656188937,0.9139577526649392,0.9201896060185696,6.421700050672944,0.3692368048182576,0.9932276420936832,0.983821577539285,12.453553454607297,0.976280275740187,1.0128986126222255,1.0145572526984228,0.09897221141756576,0.06452054546314408,9.917825493907626,0.3960117792681268,1.5339642699409823,0.3826988468625577,28.254666928402752,0.35106031213129163,0.3628033155865291,0.37310010392293336
0.195,0.986156205170716,1.015561918290667,0.9120608316608576,0.9184030567082794,6.420837865375025,0.3692860188399932,0.9930942901364535,0.9843919417581137,12.471212642918262,0.975408137308804,1.0123613332142702,1.0142616446209038,0.10134749668464282,0.066065800574135,9.918306902236754,0.3958757732891975,1.5340387281149628,0.3873993939223291,28.266609522700666,0.35519033433334024,0.3670342857670396,0.3776104437176714
0.1975,0.9859706404047504,1.0161389939195504,0.9101493481503313,0.9166021685973513,6.419970029193039,0.36933642938325295,0.9929600641716847,0.9849342528460194,12.488647070745575,0.9745237056716918,1.0118090112959948,1.0139558751922935,0.10374265469630939,0.0676237359994419,9.9188064375424,0.3957412654549267,1.534115989941248,0.3920589023268418,28.276571181496546,0.3593043703521601,0.3712492109773162,0.38210725769415155
0.2,0.9857847518519122,1.0167242234844585,0.908223541113392,0.914787161593999,6.419096613891364,0.36938804119860374,0.9928249752989865,0.9854486098411374,12.505856877824574,0.9736270903230843,1.0112417751164682,1.0136399153141,0.10615732302508787,0.069194110044522,9.919323383747976,0.39560828387844776,1.534195944666134,0.39667649261719534,28.28456740314708,0.36340231207123663,0.37544800362226466,0.38659029841724585
0.2025,0.985598535301166,1.0173175372662044,0.9062836495442511,0.912958255780281,6.41821769100223,0.3694408586500529,0.9926890345820629,0.9859351148719242,12.522842223428201,0.9727184012603606,1.0106597525341898,1.0133137329378379,0.10859113890822633,0.07077668108392879,9.919857036344073,0.3954768566182076,1.5342784833249838,0.40125131461192753,28.29061417404248,0.3674840550027883,0.3796305760855819,0.3910593166668088
0.20500000000000002,0.9854119865584718,1.0179188648584632,0.9043299123665378,0.9111156713316716,6.417333331813636,0.3694948857139954,0.9925522530468434,0.9863938730853778,12.539603286090543,0.971797748937876,1.0100630709772638,1.0129772933488463,0.11104373939815372,0.07237120766151542,9.920406702605623,0.3953470116144961,1.5343634987758132,0.40578254754096804,28.294727955279935,0.37154949825964817,0.3837968406718619,0.3955140616234036
0.20750000000000002,0.9852251014470401,1.0185281351788658,0.9023625683503671,0.9092596284382995,6.416443607357506,0.3695501259782736,0.9924146416796504,0.9868249925762334,12.556140263340632,0.970865244221609,1.009451857405368,1.0126305594462284,0.11351476151088344,0.07397744858869865,9.92097170178252,0.39521877662670873,1.5344508857287735,0.41026940015362356,28.296925669345036,0.37559854452652564,0.3879467095594443,0.3999542810582998
0.21,0.9850378758075856,1.0191452764802382,0.9003818560312767,0.9073903472278806,6.415548588398168,0.3696065826413508,0.9922762114254191,0.9872285843171441,12.572453371446365,0.9699209983446401,1.0088262382734874,1.0122734920180672,0.11600384237220639,0.07559516304070489,9.921551365264644,0.39509217917152784,1.5345405407716772,0.4147111108010875,28.297224686808075,0.3796311000304405,0.3920800947638555,0.40437972152768903
0.2125,0.984850305498583,1.0197702163619728,0.8983880136310478,0.905508047690369,6.414648345421115,0.3696642585115995,0.992136973185957,0.9876047620898815,12.588542845168455,0.9689651228634752,1.008186339497388,1.0119060500111792,0.11851061936152091,0.07722411065072497,9.922145036722254,0.3949672464622026,1.5346323623917104,0.41936201912477133,28.312863753423937,0.3836470745107958,0.39619690811166086,0.408790128571037
0.215,0.9846623863965183,1.0204028817815438,0.8963812789804338,0.903612949604355,6.413742948622024,0.36972315600670436,0.9919969378182467,0.9879536424175674,12.604408937524246,0.9679977296152417,1.0075322864207972,1.0115281907946923,0.12103473025315292,0.07886405160190789,9.922752072222703,0.39484400534909453,1.5347262509934858,0.42409100917338655,28.334610978221896,0.387646381189189,0.4002970612245096,0.4131852469134572
0.2175,0.9844741143961413,1.021043199066159,0.8943618894438197,0.9017052724652205,6.412832467896098,0.3697832771531831,0.9918561161327978,0.9882753444979474,12.620051919561194,0.9670189306757622,1.0068642037842623,1.0111398704168184,0.1235758133550273,0.08051474671712874,9.923371840324517,0.3947224822616486,1.534822108913593,0.4287799942119272,28.354477896679988,0.39162893673689153,0.40438046551311874,0.41756482067195927
0.22,0.984285485410717,1.0216910939245492,0.8923300818458221,0.8997852354150777,6.411916972827664,0.3698446235860239,0.9917145188920371,0.9885699901377266,12.63547208013985,0.966028838318524,1.006182215695656,1.0107410438542503,0.1261335076445583,0.08217595754647028,9.924003722149797,0.39460270315193957,1.5349198404317972,0.4334282225863269,28.372480736976634,0.3955946612387338,0.4084470321809179,0.42192859356539203
0.2225,0.9840964953722765,1.022346491458898,0.8902860923998485,0.8978530571745021,6.410996532680077,0.36990719654844306,0.9915721568087471,0.9888377036879684,12.65066972572607,0.965027564974549,1.0054864456022954,1.0103316652536716,0.12870745290163363,0.08384744645236276,9.924647111435945,0.3944846934399329,1.5350193517790396,0.438034968916508,28.388636011635597,0.39954347815662994,0.412496672237039,0.426276309127864
0.225,0.9839071402318644,1.0230093161769038,0.8882301566386253,0.8959089559760716,6.410071216385903,0.36997099689176205,0.9914290405445491,0.9891331623563413,12.666343724974967,0.9640152231931768,1.004777016264641,1.009911688164929,0.131297289838576,0.08552897669233057,9.925301414567754,0.3943684779605898,1.5351205511424002,0.4425995340038666,28.402960504505806,0.4034753142941556,0.4165292965183158,0.4306077109253916
0.2275,0.9837174159597878,1.0236794920039818,0.8861625093467033,0.8939531494997267,6.409141092537383,0.370036025075407,0.9912851807084261,0.9894465048738253,12.682368350867549,0.9629919256037776,1.0040540497315422,1.009481065765491,0.13390266022697256,0.08722031249929994,9.925966050590823,0.3942540809129358,1.5352233486671731,0.44712124472080444,28.415471257989516,0.4073900997609646,0.4205448157199256,0.4349225427754899
0.23,0.9835273185458632,1.0243569422955965,0.8840833844949461,0.8919858548099553,6.408206229377185,0.37010228116703076,0.9911405878552941,0.9897340345236851,12.698183305869946,0.961957784878406,1.0033176673170003,1.0090397510758558,0.13652320702127096,0.08892121915942604,9.92664045120734,0.3941415258112018,1.5353276564562142,0.4515994538830487,28.42618556052177,0.4112877679379662,0.4245431404342858,0.4392205489693907
0.2325,0.9833368439996613,1.0250415898497283,0.8819930151770099,0.8900072882948085,6.407266694789458,0.37016976484275965,0.9909952724846183,0.9899958582715037,12.713788680226868,0.9609129136954007,1.002567989578401,1.0085876971656422,0.13915857447905008,0.09063146308740298,9.927324060755213,0.39403083543813766,1.5354333885667126,0.4560335401054837,28.435120934303356,0.41516825544324565,0.4285241811977976,0.44350147449653804
0.23500000000000001,0.9831459883507513,1.0257333569194695,0.879891633547809,0.8880176656067554,6.406322556291144,0.37023847538756566,0.9908492450390679,0.9902320855834144,12.729184583243653,0.9598574247039381,1.0018051362962002,1.0081248573501542,0.14180840827787963,0.09235081189922534,9.928016336171495,0.39392203180058416,1.5355404610045358,0.4607158396289912,28.460390786820195,0.41903150209836737,0.43248784854500444,0.44776506527099047
0.23750000000000002,0.9829547476489451,1.0264321652257482,0.877779470763974,0.8860172016053721,6.405373881023595,0.37030841169576595,0.9907025159032216,0.9904428283655221,12.744371143080155,0.9587914304895488,1.0010292264550098,1.0076511853772492,0.14447235562869393,0.0940790344823736,9.928716746941188,0.3938151360873858,1.5356487917163082,0.4654422128392956,28.489055742782455,0.4228774508952795,0.43643405306972316,0.4520110683593226
0.24,0.9827631179645353,1.0271379359701776,0.8756567569262972,0.8840061103018699,6.4044207357444805,0.37037957227165075,0.990555095402314,0.9906282009043029,12.759348506551552,0.9577150435405954,1.000240378226061,1.007166635604406,0.14715006538561115,0.09581590106340244,9.929424775032246,0.3937101686297097,1.5357583005793614,0.47012316477482924,28.51560157839374,0.4267060479628453,0.44036270549268375,0.45623923220960977
0.2425,0.982571095388539,1.0278505898480266,0.8735237210241577,0.8819846048054555,6.403463186819959,0.37045195523024105,0.9904069938010266,0.9907883198079893,12.774116838935702,0.95662837621572,0.9994387089510017,1.0066711631659295,0.1498411881521397,0.09756118327291356,9.93013991481787,0.3936071488638317,1.5358689093897135,0.47475790945288765,28.54004398625921,0.43051724253123347,0.4442737167352073,0.4604493068810476
0.245,0.9823786760329346,1.0285700470613117,0.8713805908819252,0.8799528972715254,6.402501300217146,0.37052555829817735,0.9902582213023216,0.9909233039489497,12.78867632378723,0.9555315407122615,0.9986243351269988,1.006164724130273,0.15254537638372018,0.09931465420790117,9.930861672986932,0.3935060952964367,1.5359805418482155,0.4793456907433264,28.562399139640434,0.43431098689453523,0.4481669979984364,0.4646410442737486
0.2475,0.9821858560308976,1.0292962273320023,0.8692275931073317,0.8779111988516787,6.401535141496892,0.37060037881474023,0.9901087880463249,0.9910332744070515,12.80302716275787,0.954424649035641,0.997797372393101,1.0056472756474963,0.15526228448656154,0.10107608849146203,9.93158956844348,0.3934070254724754,1.536093123545008,0.48388578234592466,28.582683678318034,0.4380872363728635,0.4520424608476265,0.4688141983582455
0.25,0.9819926315370384,1.030029049915341,0.8670649530417973,0.8758597196455511,6.400564775806795,0.37067641373300514,0.9899587041092461,0.9911183544140277,12.817169575423039,0.9533078129697163,0.9969579355178376,1.0051187760869407,0.15799156891273664,0.10284526232986627,9.932323132196249,0.3933099559456064,1.5362065819424322,0.4883774877443185,28.600914694442842,0.4418459492735734,0.45590001730100127,0.47296852540421674
0.2525,0.9817989987276339,1.030768433613269,0.8648928947127048,0.8737986686544509,6.399590267874549,0.37075365962113094,0.9898079795023494,0.9911786692988246,12.831103799114413,0.9521811440481018,0.9961061383880081,1.0045791851651982,0.1607328882515119,0.10462195356699082,9.933061907238992,0.39321490225124545,1.5363208463565206,0.4928201401370589,28.6171097183819,0.4455870868509526,0.45973957992267017,0.47710378420794897
0.255,0.9816049538008615,1.0315142967879591,0.8627116407876025,0.8717282537367924,6.398611682001541,0.37083211266378413,0.989656624170963,0.9912143464339406,12.844830088758227,0.9510447535264483,0.9952420939986342,1.004028464064529,0.1634859033168936,0.10640594173612017,9.933805448422575,0.39312187888223615,1.5364358479372147,0.4972131023463558,28.63128670456592,0.44931061326488825,0.46356106191910323,0.48121973631804243
0.2575,0.9814104929770286,1.0322665573754461,0.8605214125303267,0.8696486815653104,6.397629082056764,0.3709117686637001,0.9895046479935379,0.9912255151827409,12.85834871671914,0.9498987523556791,0.9943659144440329,1.0034665755418735,0.16625027723138028,0.10819700810912493,9.934553322319571,0.3930308992671464,1.5365515196474215,0.5015557667050841,28.64346401734445,0.4530164955396167,0.4673643772386629,0.4853161462588741
0.26,0.9812156124988027,1.0330251328993545,0.8583224297590183,0.8675601575860415,6.396642531470983,0.37099262304338065,0.9893520607807452,0.9912123068477461,12.87165997264935,0.9487432511561283,0.993477710909985,1.0028934840286647,0.1690256755059207,0.10999493574303143,9.935305107082291,0.3929419757511875,1.5366677962410564,0.5058475549226226,28.653660416854837,0.45670470352322656,0.4711494406736912,0.4893927817513231
0.2625,0.9810203086314372,1.0337899404847155,0.8561149108060255,0.8654628859790582,6.395652093231215,0.3710746708469304,0.9891988722746236,0.991174854619876,12.884764163342759,0.9475783601925559,0.9925775936669522,1.002309155721644,0.1718117661160816,0.11179950952400108,9.936060392294864,0.3928551195797458,1.5367846142401647,0.5100879179301231,28.661895044911365,0.4603752098471065,0.4749161679646565,0.4934494139302877
0.265,0.9808245776629987,1.0345608968718711,0.8538990724796627,0.863357069620935,6.394657829875482,0.3711579067420314,0.9890450921477658,0.9911132935286481,12.897661612593879,0.9464041893500817,0.9916656720643215,1.0017135586649244,0.17460821957443967,0.11361051620874058,9.936818778820324,0.3927703408845096,1.5369019119112695,0.5142763357057937,28.66818741092073,0.4640279898838419,0.4786644759058716,0.497485817558513
0.2675,0.9806284159045912,1.0353379184304585,0.851675130027812,0.8612429100489343,6.393659803487838,0.37124232502205695,0.9888907300025511,0.9910277603933049,12.910352661061209,0.9452208481110578,0.990742054525634,1.001106662823555,0.17741470899921705,0.1154277444633689,9.937579878643295,0.3926876486721661,1.5370196292410423,0.5184123170808026,28.67255737783003,0.4676630217056861,0.4823942824522989,0.501501771236273
0.27,0.9804318196905775,1.0361209211734699,0.8494432971033414,0.8591206074268841,6.392658075693705,0.3713279196083252,0.9887357953704233,0.9909183937748642,12.922837666134798,0.9440284455328705,0.9898068485447686,1.0004884401488596,0.18023091017918808,0.11725098489977055,9.938343314709025,0.39260705081563874,1.5371377079114055,0.5224953995264116,28.675025148113633,0.4712802860475356,0.4861055068269763,0.5054970576064624
0.2725,0.9802347853788014,1.0369098207713838,0.847203785731316,0.8569903605127345,6.391652707655472,0.3714146840524917,0.9885802977112099,0.9907853339290729,12.935117001807736,0.9428270902266614,0.9888601606830474,0.9998588646358336,0.18305650163489093,0.11908003010946698,9.939108720759473,0.39252855404782677,1.5372560912741804,0.5265251489229492,28.675611249805236,0.47487976627270345,0.4897980696285979,0.5094714635546621
0.275,0.9800373093508065,1.0377045325663603,0.8449568062779793,0.8548523666277645,6.3906437600683885,0.37150261153908315,0.9884242464124873,0.9906287227602447,12.94719105855118,0.9416168903369716,0.9879020965672305,0.9992179123728997,0.18589116467618402,0.1209146746950429,9.939875741167066,0.3924521639578055,1.5373747243253757,0.5305011593112507,28.674336522581665,0.4784614483273482,0.49347189293880833,0.5134247804037723
0.2775,0.9798393880120542,1.0385049715864965,0.8427025674214784,0.8527068216274212,6.389631293156753,0.37159169488817,0.9882676507889908,0.9904487037759677,12.959060243192754,0.9403979535222948,0.9869327608883658,0.9985655615843257,0.1887345834561943,0.12275471529916568,9.940644030766771,0.39237788498944004,1.5374935536792131,0.5344230526271876,28.671222103904906,0.48202532068895604,0.49712690042877355,0.517356804102813
0.28,0.9796410177921404,1.039311052560136,0.8404412761243043,0.8505539198737646,6.388615366670351,0.37168192655817867,0.9881105200820648,0.9902454220426586,12.970724978797834,0.9391703869365413,0.9859522574014687,0.9979017926656236,0.19158644502170802,0.12459995063124053,9.941413254687046,0.39230572044235773,1.5376125275419827,0.5382904784199227,28.666289415229066,0.4855713743239064,0.5007630174646155,0.5212673354095271
0.28250000000000003,0.9794421951450106,1.0401226899302258,0.8381731376074246,0.8483938542094941,6.387596039881229,0.37177329864884395,0.9879528634591622,0.9900190241419426,12.982185704553586,0.9379342972113873,0.9849606889259919,0.9972265882122402,0.1944464393600631,0.12645018149174553,9.94218308818029,0.3922356724752256,1.537731595685818,0.542103113554529,28.659560148279088,0.489099602648741,0.5043801712113062,0.5251561800664286
0.28500000000000003,0.9792429165491724,1.04093979786872,0.8358983553260738,0.846226815933531,6.386573371580699,0.37186580290429927,0.9877946900133824,0.9897696581278465,12.99344287565536,0.936689790439473,0.9839581573470629,0.9965399330418733,0.19731425944260433,0.12830521079429422,9.942953216453253,0.3921677421112687,1.5378507094224654,0.5458606618996168,28.651056251408214,0.49261000149042117,0.5079782907346448,0.5290231489699764
0.28750000000000003,0.9790431785079081,1.0417622902910142,0.83361713094718,0.844052994778131,6.385547420076675,0.37195943071630616,0.9876360087630587,0.9895393410663592,13.005047209003935,0.9354369721584443,0.9829447636174541,0.9958418142107237,0.20018960126476917,0.13016484358547523,9.94372333449797,0.3921019292459658,1.5379698215771365,0.549562854000618,28.640799916041143,0.49610256904309996,0.51155730710095,0.5328680583325632
0.29,0.978842977549486,1.042590080870419,0.8313296643283894,0.8418725788874981,6.3845182431912555,0.3720541731276203,0.9874768286513849,0.989397989261144,13.017918994019016,0.9341759473358463,0.9819206077602605,0.9951322210240184,0.20307216388287636,0.1320288870625207,9.944493146923644,0.39203823265685467,1.5380888864625055,0.5532094467393814,28.62881356321018,0.49957730582215754,0.5151171534741275,0.5366907298370498
0.2925,0.9786423102273687,1.0434230830526545,0.8290361534986666,0.8396857547978752,6.383485898258623,0.3721500208354946,0.9873171585460896,0.9892335051695206,13.03058516764924,0.9329068203549232,0.980885788872251,0.9944111450411205,0.20596164944769207,0.13389715058885776,9.945262367789965,0.3919766500153746,1.538207859852928,0.5568002229807356,28.61511983019158,0.503034214618222,0.5186577652097886,0.5404909907835816
0.295,0.9784411731204216,1.0442612100703708,0.8267367946404337,0.8374927074190804,6.382450442123199,0.37224696419531716,0.9871570072391516,0.9890460249655746,13.043046039087326,0.931629695001247,0.9798404051278722,0.9936785800755453,0.208857763234855,0.13576944570759816,9.946030720442248,0.39191717790067304,1.538326698958944,0.5603349912066782,28.599741557249583,0.5064733004518455,0.522179079946119,0.5442686742284689
0.2975,0.9782395628331196,1.045104374957678,0.8244317820732204,0.8352936200174613,6.381411931138101,0.37234499322438386,0.9869963834465612,0.9888356861772031,13.055301932419699,0.9303446744499367,0.9787845537838691,0.992934522190203,0.2117602136722409,0.13764558615302422,9.946797937348759,0.39185981181530055,1.5384453624021155,0.5639635079329058,28.59030215629617,0.5098945705273238,0.525681037691218,0.54802361911492
0.3,0.9780374759957525,1.0459524905646926,0.8221213082387905,0.8330886742002381,6.380370421163883,0.3724440976058027,0.9868352958081248,0.9886026276477774,13.06735318651517,0.9290518612536679,0.9777183311845044,0.9921789696881692,0.21466871236435492,0.13952538786012894,9.947563759940625,0.39180454620271393,1.5385638101902679,0.5682863333902738,28.616921703704577,0.5132980341844078,0.5291635809066481,0.5517556703954547
0.3025,0.9778349092646296,1.0468054695720854,0.8198055636877165,0.8308780499012066,6.379325967567556,0.3725442666925297,0.9866737528873141,0.9883469894984994,13.079200154914721,0.9277513573318159,0.9766418327673405,0.9914119230992988,0.21758297411383828,0.14140866897227117,9.948327938454597,0.39175137446651004,1.5386820036931692,0.5725563004055455,28.641506989897035,0.5166837028486413,0.5326266545869623,0.5554646791458429
0.305,0.9776318593222824,1.0476632245056305,0.8174847370673641,0.8286619253677692,6.37827862522189,0.37264548951153353,0.9865117631711575,0.9880689130914302,13.090843205722193,0.9264432639604727,0.9755551530695684,0.9906333851629682,0.22050271694018192,0.14329524984700653,9.949090231778985,0.3917002889913069,1.5387999056187018,0.5767729561942152,28.664076398515657,0.52005158998093,0.536070206334993,0.5591505026704403
0.3075,0.9774283228776669,1.0485256677507504,0.8151590151112598,0.8264404771492664,6.37722844850501,0.3727477547680875,0.9863493350701784,0.9877685409931677,13.102282721495524,0.9251276817624808,0.9744583857348503,0.9898433608072459,0.2234276620957381,0.14518495306015597,9.94985040730302,0.3916512811651907,1.5389174799895624,0.580935874169747,28.684648617309133,0.5234017110265827,0.539494186432712,0.5628130045988184
0.31,0.9772242966663635,1.049392711567049,0.812828582629803,0.8242138800865754,6.376175491300265,0.3728510508501864,0.9861864769183741,0.987446016939158,13.113519099138388,0.9238047106980769,0.9733516235206562,0.9890418571247676,0.22635753407912607,0.1470776034081753,9.950608240769848,0.39160434140364403,1.5390346921205273,0.5850446536347716,28.703242623941176,0.5267340833645644,0.5428985479074928,0.5664520549736067
0.3125,0.9770197774507786,1.050264268102832,0.8104936225022945,0.8219823073029477,6.375119806996396,0.3729553658330859,0.9860231969732421,0.9871014857986097,13.124552749791876,0.9224744500565658,0.9722349583060679,0.9882288833455882,0.22929206064612576,0.14897302790888814,9.951363516133396,0.3915594591748722,1.5391515085963126,0.5890989194595674,28.719877671926536,0.530048726257033,0.5462832465936293,0.5700675303294903
0.315,0.9768147620203408,1.051140249409606,0.8081543156702442,0.8197459301960536,6.374061448487975,0.3730606874839625,0.9858595034158487,0.9867350935399983,13.135384098726021,0.921136998448757,0.9711084811000275,0.987404450807276,0.2322309728181573,0.15087105580064664,9.952116025419254,0.39151662302644197,1.5392678972500566,0.5930983217485616,28.734573276704403,0.5333456607983024,0.549648241188984,0.5736593137633271
0.3175,0.9766092471917004,1.0520205674565521,0.8058108411319256,0.8175049184312014,6.3730004681761345,0.37316700326669056,0.9856954043509404,0.9863469871971382,13.146013585230975,0.9197924538000061,0.9699722820500093,0.9865685729225049,0.23517400488844245,0.1527715185399832,9.9528655685897,0.3914758206131477,1.5393838271424458,0.5970425354955917,28.74734920185945,0.5366249098623114,0.552993493306665,0.5772272949953738
0.32,0.9764032298089248,1.0529051341449727,0.803463375938145,0.8152594399357037,6.3719369179695935,0.3732743003467349,0.9855309078071037,0.9859373148357944,13.156441662507492,0.9184409133439903,0.9688264504510902,0.9857212651443804,0.2381208944259459,0.15467424979781763,9.953611953413033,0.39143703872602037,1.5394992685415025,0.6009312602286538,28.758225445500187,0.5398864980496028,0.556318967521648,0.5807713704216204
0.3225,0.9761967067436932,1.053793861322701,0.8011120951891892,0.8130096608943571,6.3708708492859305,0.37338256559615474,0.9853660217369621,0.9855062255208258,13.166668797556577,0.9170824736170273,0.9676710747553993,0.9848625449297479,0.24107138227719244,0.1565790854542827,9.954354995337225,0.39140026332239386,1.5396141929030451,0.6047642196448858,28.76722222680471,0.5431304516358049,0.5596246314122821,0.5842914431572697
0.325,0.9759896748954914,1.054686660798472,0.7987571720329214,0.8107557457460024,6.369802313053202,0.37349178559871654,0.9852007540174251,0.9850538692838275,13.176695471068093,0.9157172304529639,0.9665062425819237,0.9839924317006902,0.24402521256605875,0.15848586359223232,9.955094517368046,0.39136547955694273,1.5397285728518366,0.6085411612365105,28.774359972743415,0.5463567985255602,0.5629104555966405,0.5877874230713971
0.3275,0.9757821311918046,1.0555834443562495,0.7963987776639887,0.8084978571811413,6.36873135971178,0.3736019466551129,0.9850351124499742,0.9845803970912628,13.186522177307998,0.9143452789787349,0.9653320407266508,0.9831109468044418,0.24698213269163372,0.16039442448949484,9.955830349951592,0.39133267181360853,1.539842382163415,0.6122618559084794,28.779659304988446,0.5495655682122567,0.5661764137636915,0.5912592268128642
0.33,0.9755740725883085,1.0564841237695033,0.7940370813241112,0.8062361561405688,6.367658039216536,0.3737130347882845,0.9848691047609994,0.9840859608130542,13.196149424004197,0.9129667136105465,0.964148555173027,0.9822181134719155,0.24994189332424424,0.162304610609934,9.956562330861303,0.39130182373832956,1.5399555957466209,0.6159260975885409,28.78314102701913,0.5527567917257211,0.5694224826992885,0.5947067778275577
0.3325,0.97536549606906,1.0573886108154293,0.7916722503034147,0.8039708018150001,6.36658240103925,0.37382503574883896,0.9847027386021721,0.9835707131916313,13.205577732230626,0.9115816280506793,0.9629558711027149,0.9813139567750405,0.2529042483997395,0.16421626659337935,9.957290305089446,0.3912729182724905,1.5400681896268111,0.6195337028304588,28.78482611143287,0.5559305015834104,0.5726486423069954,0.5981300063670557
0.335,0.975156398646686,1.0582968172891163,0.7893044499427799,0.801701951645654,6.365504494171354,0.3739379350205682,0.9845360215508696,0.9830348078113951,13.21480763628951,0.9101901152848973,0.9617540729066261,0.980398503583087,0.2558689551121265,0.16612923924448736,9.958014124742947,0.39124593768700966,1.5401801409297489,0.6230845104111047,28.784735687470327,0.5590867317476728,0.5758548756237798,0.6015288494888357
0.3375,0.9749467773625707,1.0592086550176387,0.7869338436371704,0.7994297613257652,6.364424367126938,0.3740517178260553,0.9843689611106402,0.9824783990686033,13.223839683591585,0.9087922675804353,0.9605432441962156,0.9794717825181579,0.25883577390464774,0.16804337752059245,9.958733648943632,0.39122086361698233,1.5402914278661732,0.626578380922128,28.78289102876389,0.5622255175804994,0.5790411688306226,0.6049032510481422
0.34,0.9747366292870425,1.0601240358740893,0.7845605928399088,0.7971543848029947,6.3633420679460375,0.3741663691323708,0.984201564711711,0.9819016421416414,13.23267443453409,0.9073881764845518,0.9593234678150172,0.9785338239100092,0.26180446845939,0.1699585325186077,9.95944874373269,0.39119767709679854,1.5404020297170236,0.6300151963569144,28.779313541317677,0.5653468957974456,0.5822075112581103,0.608253161681662
0.3425,0.9745259515195579,1.0610428717915277,0.7821848570678682,0.7948759742827105,6.362257644198208,0.3742818736568535,0.9840338397115417,0.9813046929616768,13.241312462376442,0.9059779328236381,0.9580948258504051,0.9775846597503505,0.26477480568551076,0.1718745574610325,9.960159281979301,0.3911763585956568,1.5405119268193064,0.6333948596935242,28.774024751727566,0.5684509044206859,0.5853538953870911,0.6115785387831559
0.34500000000000003,0.9743147411888834,1.061965074776855,0.7798067939075466,0.7925946802321014,6.36117114298639,0.3743982158729708,0.9838657933954212,0.980687708183668,13.249754353113364,0.9045616267028718,0.9568573996455599,0.9766243236467704,0.2677465557061661,0.1737913076811236,9.960865143293299,0.39115688805339466,1.5406211005525883,0.6367172944742947,28.76704629564884,0.5715375827325879,0.5884803168444868,0.6148793464712096
0.34750000000000003,0.9741029954532784,1.0628905569245986,0.777426559021993,0.7903106513851026,6.3600826109510535,0.3745153800162563,0.98369743297711,0.9800508451577225,13.258000705345385,0.9031393475063877,0.9556112698116304,0.975652850776423,0.2707194918442242,0.1757086406072854,9.96156621394173,0.3911392449165594,1.5407295333260884,0.6399824443827773,28.758399906519085,0.5746069712314774,0.591586774394369,0.6181555555492793
0.35000000000000003,0.9738907115006733,1.0638192304306098,0.775044306158552,0.7880240347480985,6.358992094274614,0.37463335009031984,0.9835287655995218,0.9793942619007844,13.26605213014662,0.9017111838979397,0.9543565162400669,0.974670277839602,0.27369339060683984,0.1776264157467315,9.962262386769131,0.39112340817464375,1.540837208566351,0.6431902728186693,28.748107404543372,0.577659111588847,0.5946732699244194,0.6214071434582162
0.3525,0.9736778865488463,1.0647510076056617,0.7726601871573968,0.785734975606373,6.3578996386861535,0.3747521098729251,0.9833597983354553,0.9787181170686362,13.273909250929597,0.9002772238220483,0.9530932181151175,0.9736766430133157,0.2766680316689699,0.17954449466847192,9.962953561121363,0.3911093563964123,1.5409441107054616,0.6463407624713844,28.736190685948383,0.5806940466080608,0.5977398084279032,0.6246340942214639
0.355,0.9734645178455995,1.0656858008889496,0.7702743519608191,0.7834436175312823,6.3568052894664,0.37487164292213165,0.9831905381883624,0.9780225699282059,13.281572703307154,0.8988375545056638,0.951821453926468,0.9726719859049767,0.2796431978559006,0.18146274098567433,9.963639642772812,0.3910970677662466,1.5410502251697895,0.6494339148928878,28.722671712511616,0.583711820187993,0.6007863979812972,0.6278363983831243
0.3575,0.9732506026689307,1.0666235228614807,0.7678869486232448,0.7811501023881169,6.355709091453003,0.3749919325824956,0.983020992093166,0.9773077803301592,13.289043134951216,0.89739226246027,0.950541301482013,0.971656347506304,0.28261867512485744,0.18338102033744944,9.964320543856724,0.3910865201204384,1.5411555383692128,0.652469750070411,28.70757250137141,0.5867124772949667,0.6038130497177208,0.6310140529391085
0.36,0.9730361383272036,1.0675640862593572,0.7654981233219458,0.7788545703446272,6.354611089046075,0.3751129619913265,0.9828511669171159,0.9765739086817734,13.296321205448434,0.8959414334841954,0.949252837920744,0.9706297701475304,0.28559425254576537,0.18529920037010664,9.964996182798531,0.3910776909833637,1.541260037686805,0.655448305999632,28.69091511512294,0.5896960639389445,0.6068197777963287,0.6341670612615798
0.3625,0.9728211221593156,1.0685074039869378,0.7631080203684172,0.7765571598801841,6.35351132621403,0.3752347140849927,0.9826810694606924,0.9758211159200711,13.303407586152515,0.8944851526651703,0.9479561397257386,0.9695922974520012,0.28856972228122085,0.1872171507179265,9.965666484251791,0.3910705576034685,1.5413637114689283,0.658369638258906,28.672721652204814,0.592662627140818,0.6098065993678309,0.6372954330169143
0.365,0.9726055515348634,1.069453389129879,0.7607167822203899,0.7742580077955449,6.352409846499683,0.37535717160527404,0.9825107064585494,0.9750495634852063,13.310302960033264,0.8930235043833298,0.9466512827372415,0.9685439742912411,0.2915448795657376,0.1891347429834914,9.966331379036687,0.39106509698900405,1.5414665490157198,0.6612338195850865,28.653014237580386,0.5956122148872287,0.6127735345363087,0.6403991840774006
0.3675,0.9723894238543032,1.0704019549680461,0.7583245494944507,0.7719572492232014,6.351306693026631,0.37548031710575397,0.9823400845805014,0.9742594132940968,13.317008021522192,0.8915565723146535,0.9453383421658197,0.9674848467405619,0.2945195226843214,0.19105185071761813,9.966990804080668,0.39106128594344775,1.5415685405719124,0.6640409394514767,28.631815013717116,0.5985448760786617,0.6157206063175048,0.6434783364269114
0.37,0.9721727365491116,1.0713530149882935,0.7559314609792397,0.7696550176382781,6.350201908505903,0.37560413295824807,0.9821692104325521,0.9734508277142823,13.32352347635468,0.8900844394347946,0.9440173926055836,0.966414962035274,0.2974934529504285,0.19296834939892993,9.967644702361106,0.3910591011005493,1.5416696773179648,0.6667911036484151,28.6091461318671,0.6014606604753937,0.6186478405937677,0.6465329180607774
0.3725,0.9719554870819392,1.072306482897098,0.7535376536491969,0.7673514448699571,6.34909553524291,0.3757286013592627,0.9819980905579695,0.9726239695380022,13.329850041408616,0.888607188023262,0.9426885080474573,0.9653343685275574,0.30046647468335413,0.19488411641310727,9.968293022849576,0.39105851895894295,1.5417699513614427,0.6694844338669861,28.585029743650743,0.6043596186455298,0.6215552660658358,0.6495629628801036
0.375,0.9717376729467642,1.0732622726330538,0.7511432626788294,0.7650466611134029,6.347987615144614,0.3758537043364803,0.9818267314383945,0.9717790019564883,13.335988444539446,0.8871248996679281,0.9413517618924899,0.9642431156440507,0.3034383951851008,0.19679903103185184,9.968935720457631,0.3910595159162706,1.5418693557286338,0.6721210672863063,28.5594879929455,0.607241801915952,0.6244429142016441,0.6525685105807634
0.3775,0.9715192916690403,1.0742202983792064,0.7487484214574733,0.7627407949421601,6.3468781897270246,0.37597942375526355,0.981655139495,0.9709160885344518,13.341939424411638,0.8856376552698527,0.9400072269651955,0.9631412538441954,0.3064090247167659,0.1987129743915984,9.96957275598366,0.3910620683027594,1.5419678843563267,0.6747011561648332,28.532543008080435,0.6101072623279218,0.627310819182348,0.6555496065373151
0.38,0.9713003408058412,1.0751804745752314,0.7463532616045209,0.7604339733210007,6.345767300122915,0.3761057413251761,0.9814833210896854,0.9700353931847652,13.347703730326447,0.8841455350484219,0.9386549755269062,0.9620288345793826,0.30937817647448895,0.20062582947200558,9.97020409606067,0.39106615241420417,1.542065532083735,0.6779448592379947,28.534521160276338,0.6129560525994142,0.6301590178457489,0.658506301682081
0.3825,0.9710808179460023,1.0761427159294426,0.7439579129850873,0.7581263216191929,6.344654987089835,0.37623263860651246,0.9813112825263145,0.969137080143322,13.353282122046007,0.8826486185468053,0.937295079289135,0.9609059102529354,0.312345666564994,0.2025374810742562,9.970829713104637,0.3910717445442999,1.5421622946445102,0.6813734235443639,28.544956029322318,0.6157882260963214,0.6329875496273139,0.6614386523796377
0.385,0.9708607207102575,1.0771069374306301,0.7415625037260909,0.7558179636241694,6.343541291018369,0.37636009701683193,0.9811390300519941,0.9682213139440732,13.358675369613698,0.8811469846377367,0.9359276094269304,0.9597725341809564,0.3153113139807584,0.2044478157991952,9.971449585263173,0.3910788210162807,1.5422581686588,0.6847459193360493,28.55368105816177,0.6186038368181855,0.6357964564989785,0.66434672029696
0.3875,0.9706400467513716,1.0780730543597132,0.7391671602327203,0.7535090215555705,6.342426251940654,0.3764880978374923,0.9809665698583909,0.967288259394225,13.363884253170735,0.8796407115295825,0.9345526365922149,0.9586287605540688,0.3182749405748387,0.20635672202533048,9.972063696364264,0.3910873582138151,1.5423531516253208,0.6880622512116461,28.560713767547714,0.6214029393885807,0.6385857829059227,0.6672305722694665
0.39,0.9704187937542696,1.079040982301207,0.7367720072052639,0.7511996160796367,6.341309909539168,0.37661662222017717,0.9807939080830904,0.9663380815495938,13.368909562768982,0.8781298767726037,0.9331702309271016,0.9574746444000684,0.32123637103537733,0.20826408988672235,9.972672035864756,0.391097332611115,1.5424472419133908,0.6913223391817114,28.56607173300025,0.6241855890178104,0.6413555757015044,0.6700902801632165
0.3925,0.9701969594361615,1.0800106371544949,0.7343771676562761,0.7488898663239296,6.3401923031557565,0.3767456511934108,0.9806210508109933,0.9653709456901091,13.373752098179992,0.8766145572653425,0.9317804620771698,0.9563102415475127,0.3241954328598157,0.21016981125078366,9.973274598798367,0.3911087208022152,1.5425404387548878,0.6945261183406836,28.569772577717,0.6269518414565715,0.6441058840805389,0.6729259207335028
0.395,0.9699745415466617,1.0809819351448977,0.7319827629280554,0.746579889892357,6.339073471800911,0.37687516566905693,0.9804480040757512,0.9643870172954595,13.378412668700195,0.8750948292611671,0.930383399204699,0.9551356085902496,0.32715195632883065,0.21207377969601154,9.973871385722926,0.3911214995293833,1.5426327422360897,0.6976735385440556,28.571833965825125,0.62970175295428,0.6468367595111045,0.6757375754800926
0.3975,0.9697515378679056,1.081954792834539,0.7295889127104122,0.7442698028804796,6.337953454163307,0.3770051464487945,0.9802747738612404,0.9633864620208694,13.382892092952288,0.8735707683750434,0.9289791110018483,0.9539508028529071,0.3301057744800143,0.2139758904896707,9.974462402666624,0.3911356457106208,1.5427241532893614,0.700764564091188,28.572273595974597,0.6324353802241415,0.649548255665054,0.6785253304993636
0.4,0.9695279462146618,1.0829291271329933,0.7271957350586997,0.7419597198910786,6.336832288619563,0.3771355742305663,0.9801013661030733,0.9623694456730085,13.387191198682816,0.872042449590544,0.9275676657037718,0.9527558823573451,0.3330567230813106,0.21587604056544527,9.975047661073,0.39115113646622024,1.542814673684645,0.7037991734141164,28.571109195271397,0.6351527804177904,0.6522404283474086,0.6812892763335838
0.4025,0.9693037644344378,1.0839048553077215,0.7248033464120898,0.7396497540499607,6.33571001324427,0.3772664296149949,0.9799277866901475,0.9613361341860166,13.391310822555901,0.8705099472670654,0.9261491311016622,0.9515509057900754,0.33600464060422064,0.21777412850107677,9.975627177744418,0.39116794914434144,1.5429043060207186,0.7067773587726819,28.568358513548553,0.6378540111041403,0.6549133354248065,0.6840295078175879
0.405,0.9690789904075855,1.084881894994281,0.7224118616120643,0.737340017021982,6.334586665820215,0.3773976931117603,0.9797540414662281,0.9602866935976516,13.395251809943199,0.8689733351472305,0.9247235745557169,0.950335932470656,0.33894936819678817,0.2196700544960019,9.976200974783849,0.3911860613455778,1.5429930537161913,0.7096991259562803,28.56403931797264,0.6405391302419087,0.6575670367531719,0.6867461239230949
0.40750000000000003,0.9688536220473981,1.0858601642063108,0.7200213939211072,0.7350306190272682,6.3334622838488706,0.3775293451459359,0.9795801362315709,0.9592212900255449,13.399015014710033,0.8674326863644529,0.923291063008014,0.9491110223210494,0.3418907496563721,0.2215637203490045,9.976769079534707,0.39120545094647874,1.543080921000198,0.7125644939924985,28.558169387982236,0.6432081961459984,0.6602015941047712,0.6894392276009185
0.41000000000000003,0.9686276573002061,1.0868395813452925,0.7176320550415701,0.7327216688576099,6.332336904561099,0.377661366064276,0.979406076744576,0.9581400896435613,13.402601298997787,0.8658880734506511,0.9218516629952949,0.9478762358359561,0.34482863140221237,0.22345502943589393,9.977331524518506,0.39122609612200276,1.5431679129027562,0.7153734948628846,28.5507665105547,0.6458612674563243,0.662817071094811,0.6921089256213201
0.41250000000000003,0.9684010941454666,1.0878200652100738,0.7152439551346935,0.730413273893019,6.331210564928059,0.377793736141452,0.9792318687234768,0.9570735984809247,13.40643652529912,0.8643395683440895,0.9204054406616461,0.9466316340541079,0.3477628624477946,0.22534388668722052,9.97788834737026,0.3912479753668734,1.543254035244776,0.718126173226044,28.541848475796233,0.6484984031139659,0.665413533107733,0.6947553284127479
0.41500000000000004,0.9681739305958518,1.088801535006166,0.7128572028397615,0.7281055401184192,6.330083301672346,0.377926435586231,0.9790575178480613,0.9560854981978569,13.41141432110977,0.8627872423973317,0.918952461771072,0.9453772785305199,0.350693294373014,0.22723019856603885,9.978439590771268,0.3912710675158151,1.5433392946276623,0.7208225861482631,28.531433072850536,0.6511196623441183,0.6679910472233532,0.6973785498992151
0.4175,0.9679461646973301,1.0897839103548015,0.7104719052933709,0.7257985721404568,6.328955151279358,0.37805944454759416,0.978883029761431,0.9550811249462019,13.41620905108332,0.8612311663852995,0.9174927917199509,0.9441132313096907,0.3536197812961431,0.22911387304572664,9.978985302379305,0.39129535176264707,1.5434236984225198,0.7234628028417869,28.519538086119514,0.6537251046450837,0.6705496821429883,0.699978707336559
0.42,0.9677177945292453,1.0907671113017625,0.7080881681487945,0.723492473204414,6.327826150008819,0.3781927431207888,0.9787084100717836,0.9540606297596057,13.420821370124813,0.85967141051344,0.916026495549373,0.9428395548997462,0.35654217984560005,0.2309948195878684,9.97952553475593,0.39132080767821487,1.5435072547589082,0.7260469044108845,28.506181291790163,0.6563147897815577,0.6730895081157022,0.7025559211478273
0.4225,0.9674888182043919,1.0917510583259666,0.7057060955954189,0.7211873452112035,6.326696333906544,0.37832631135331185,0.9785336643542311,0.9530241638879311,13.425251942325211,0.8581080444259643,0.9145536379573532,0.9415563122475122,0.3594603491315198,0.23287294912021012,9.98006034529085,0.3913474152271452,1.5435899725131434,0.7285749836057789,28.491380454659783,0.6588887777746049,0.6756105968648081,0.705110314758037
0.425,0.9672592338690857,1.0927356723478214,0.7033257903782392,0.7188832887344299,6.325565738816374,0.37846012925081834,0.9783587981526473,0.9519718787729312,13.42950144072204,0.8565411372140849,0.9130742833109088,0.9402635667145072,0.36237415071712403,0.23474817401469075,9.980589796123194,0.3913751547834058,1.5436718612961238,0.7310471445845051,28.475153325252318,0.6614471288808341,0.6781130215147438,0.7076420144285419
0.4275,0.967029039703232,1.0937208747373355,0.700947353817393,0.7165804030374996,6.3244344003923,0.3785941767829541,0.978183816981542,0.9509039260239835,13.433570547056407,0.8549707574242779,0.9115884956580046,0.9389613820538395,0.3652834485898881,0.23662040806555737,9.981113954059582,0.39140400714466045,1.5437529314406548,0.7334635026827163,28.457517637216846,0.6639899035646677,0.6805968565184444,0.7101511490912563
0.43,0.9667982339203894,1.094706587321994,0.6985708858277145,0.7142787860907649,6.323302354110773,0.37872843388910615,0.9780087263279659,0.9498204573938879,13.437459951526474,0.8533969730666447,0.9100963387393555,0.9376498223880011,0.36818810913250233,0.23848956646756614,9.981632890488951,0.3914339535454091,1.543833193988278,0.7358241841914335,28.43849110499961,0.6665171624707171,0.6830621775853153,0.7126378501829594
0.4325,0.9665668147678309,1.0956927323943926,0.6961964849382916,0.7119785345886834,6.322169635283171,0.37886288048406835,0.9778335316534378,0.9487216247547274,13.441170352537455,0.8518198516233519,0.9085978760000837,0.9363289521875386,0.3710880010936224,0.2403555657942756,9.982146681293992,0.3914649756689043,1.5439126606755715,0.7381293261427065,28.418091421779742,0.6690289663985906,0.6855090616099189,0.715102251479929
0.435,0.9663347805266006,1.0966792327196293,0.6938242483120117,0.7096797439669805,6.321036279068438,0.3789974964636199,0.9776582383959003,0.947607580073797,13.444702456448262,0.850239460057117,0.9070931706012306,0.9349988362505903,0.3739829955584067,0.24221832397643345,9.982655406759209,0.3914970556578395,1.543991343919931,0.7403790761031168,28.396336257658483,0.6715253762794483,0.6879375866014652,0.7175444889331195
0.4375,0.9661021295115685,1.0976660115424586,0.6914542717650782,0.7073825084197974,6.3199023204858875,0.3791322617100105,0.9774828519716994,0.9464784753895942,13.448056977314844,0.8486558648197048,0.9055822854311107,0.9336595396832719,0.37687296591883446,0.24407776028046063,9.983159151475524,0.3915301761238074,1.5440692568048142,0.742573591975024,28.37324325809127,0.6740064531534257,0.6903478316142012,0.7199647005041239
0.44,0.9658688600714813,1.098652992594196,0.6890866497864822,0.7050869209168129,6.318767794428137,0.3792671560973525,0.9773073777775854,0.9453344627878875,13.451234636630405,0.8470691318604208,0.9040652831165146,0.9323111278808959,0.3797577878438003,0.24593379528703446,9.983658004241391,0.39156432015552656,1.544146413064447,0.7447130418054392,28.348830042551224,0.6764722581481716,0.692739876678784,0.7223630260021329
0.4425,0.9656349705890098,1.0996401000993885,0.6867214755574151,0.7027930732203231,6.317632735674196,0.37940215949691386,0.9771318211927373,0.94417569437785,13.454236163062495,0.8454793266345879,0.90254222603375,0.9309536665100104,0.3826373392489829,0.24778635086977194,9.984152057960499,0.39159947132584016,1.5442228270680014,0.7467976036023597,28.32311420341263,0.678922852459849,0.6951138027347094,0.7247396069221154
0.445,0.9654004594807952,1.1006272587822368,0.684358840970608,0.7005010559022661,6.316497178902687,0.3795372517823114,0.9769561875808076,0.9430023222682722,13.457062292187153,0.8438865141120016,0.9010131763195225,0.9295872214912355,0.3855115002664786,0.2496353501740152,9.984641409535913,0.39163561369749017,1.5442985138032224,0.7488274651583918,28.29611330504163,0.6813582973371711,0.6974696915638777,0.7270945862844341
0.4475,0.9651653251974901,1.10161439387278,0.6819988366495815,0.6982109583611796,6.31536115870518,0.3796724128345995,0.9767804822919842,0.9418144985438488,13.459713766220164,0.8422907587853781,0.8994781958816518,0.9282118589828878,0.3883801532141999,0.25148071759571866,9.985126159760865,0.3916727318276753,1.5443734888595368,0.7508028238814506,28.26784488308204,0.6837786540669157,0.699807625725349,0.7294281084760998
0.45,0.9649295662237979,1.1026014311128394,0.6796415519677966,0.6959228688390785,6.31422470959966,0.3798076225472532,0.9766047106650741,0.9406123752415444,13.462191333745508,0.8406921246787904,0.8979373464096189,0.9268276453653679,0.3912431825650315,0.2533223787604389,9.985606413206083,0.39171081077140135,1.5444477684106273,0.7527238866322992,28.238326443922883,0.6861839839598342,0.7021276884913542,0.7317403190938755
0.4525,0.9646931810785108,1.1035882967617294,0.6772870750676886,0.6936368744382392,6.313087866044086,0.37994286083104184,0.9764288780296003,0.9393961043270438,13.4644957494412,0.8390906753561003,0.896390689384947,0.9254346472263012,0.3941004749157405,0.2551602605024264,9.986082278103787,0.3917498360836367,1.5445213691964894,0.7545908695686726,28.20757546433437,0.6885743483391119,0.7044299637846114,0.7340313647894244
0.455,0.9644561683145432,1.1045749176017345,0.6749354928795764,0.6913530611378818,6.31195066245006,0.38007810761879146,0.9762529897079156,0.9381658376712814,13.466627773802424,0.8374864739293733,0.89483828609141,0.9240329313464071,0.3969519189556383,0.25699429084381936,9.986553866228416,0.3917897938202867,1.5445943085049856,0.7564039979956988,28.175609391258632,0.690949808533847,0.7067145361169904,0.7363013931166956
0.4575,0.964218526518963,1.1055612209433614,0.6725868911404312,0.6890715138107362,6.310813133196582,0.38021334287003405,0.9760770510173308,0.9369217270270588,13.468588172862258,0.8358795830672717,0.8932801976250663,0.9226225646860867,0.39979740543498776,0.2588243989739377,9.987021292774157,0.3918306705380039,1.5446666041529005,0.7581635062223159,28.142445641741332,0.69331042587619,0.7089814905295699,0.7385505523817364
0.46,0.9639802543130219,1.1065471346303677,0.670241354412496,0.686792316239485,6.309675312643882,0.38034854657553974,0.9759010672722529,0.9356639240057536,13.470377717909987,0.8342700650034163,0.8917164849041204,0.9212036143727045,0.4026368271331563,0.2606505152286774,9.98748467622936,0.39187245329285364,1.544738274466519,0.7598696374233587,28.108101602989773,0.6956562616983581,0.7112309125341149,0.7407789914951086
0.4625,0.9637413503521823,1.10753258704458,0.6678989661017437,0.6845155511330682,6.3085372351473445,0.3804836987617318,0.9757250437863402,0.9343925800541094,13.471997185207048,0.832657981544708,0.8901472086786039,0.9197761476885497,0.4054700788265098,0.2624725710700027,9.987944138248,0.391915129637855,1.5448093382617454,0.7615226435069694,28.072594632543527,0.6979873773277147,0.71346288805601,0.7429868598270876
0.465,0.9635018133261407,1.1085175071105018,0.6655598084761623,0.6822413001428453,6.307398935071468,0.3806187794949817,0.97554898587466,0.9331078464311293,13.473447355700817,0.83104339407962,0.8885724295398845,0.9183402320594624,0.40829705725604865,0.2642904990655358,9.98839980351827,0.3919586876194224,1.5448798148237777,0.763769248471109,28.059692119661193,0.7003038340801747,0.7156775033786635,0.7451743070658096
0.4675,0.9632616419588519,1.1095018242997225,0.6632239626838597,0.6799696438786027,6.3062604468039005,0.3807537688857814,0.9753728988558605,0.9318098741850581,13.474729014736228,0.8294263635864692,0.8869922079299906,0.9168959350441028,0.4111176610947819,0.2661042328682416,9.98885179962844,0.3920031157727312,1.5449497238863619,0.7662630441052274,28.056477869454532,0.7026056932537582,0.7178748450894091,0.7473414830785304
0.47000000000000003,0.9630208350085483,1.1104854686351362,0.6608915087709779,0.6777006619243976,6.3051218047695174,0.38088864709279285,0.9751967880543477,0.9304988141304629,13.475842951765385,0.8278069506417102,0.8854066041507584,0.9154433243238477,0.41393179091484406,0.2679137071962067,9.989300256930202,0.3920484031160383,1.545019085610655,0.7687085597596574,28.0520696507462,0.7048930161234044,0.7200550000269101,0.7494885377761487
0.47250000000000003,0.962779391267759,1.11146837069497,0.6585625256994045,0.6754344328542328,6.303983043444527,0.3810233943267723,0.9750206588024669,0.9291748168254179,13.476789960055214,0.8261852154282675,0.8838156783728003,0.9139824676933016,0.4167393491543522,0.26971885781251137,9.989745308399561,0.39209453914398285,1.5450879205637102,0.7711057915849623,28.046477004430653,0.70716586393419,0.7222180552300818,0.7516156209811459
0.47500000000000003,0.9625373095633256,1.112450461616639,0.6562370913642803,0.6731710342475509,6.30284419737062,0.3811579908543677,0.9748445164426917,0.9278380325487899,13.477570836393314,0.8245612177437163,0.8822194906442886,0.9125134330514013,0.41954024008400825,0.2715196215051915,9.99018708949555,0.392141513819904,1.5451562496966231,0.7734547440614576,28.039709532557314,0.7094242978897414,0.7243640978885351,0.753722882299077
0.47750000000000004,0.9622945887564163,1.1134316731004248,0.6539152826112876,0.6709105427045465,6.301705301169118,0.3812924170017882,0.9746683663298118,0.9264886112776362,13.478186380792046,0.8229350170081615,0.8806181008995639,0.9110362883931041,0.42233436977344985,0.2733159360672916,9.990625738016892,0.39218931756720404,1.5452240943223645,0.7757554300651027,28.031776902456727,0.7116683791384782,0.7264932152945396,0.7558104709937509
0.48,0.9620512277425388,1.1144119374129873,0.651597175253719,0.6686530338612845,6.300566389555149,0.38142665315834556,0.9744922138331256,0.925126702664713,13.478637396191033,0.8213066722720125,0.8790115689675595,0.9095511018016408,0.4251216460573539,0.27510774027700585,9.991061393956844,0.39223794125979605,1.5452914760933267,0.7780078709362479,28.022688850856436,0.7138981687617719,0.7286054947965098,0.757878535866224
0.4825,0.961807225451552,1.115391187390713,0.6492828440893156,0.666398582404623,6.299427497351814,0.38156067977986513,0.9743160643386316,0.9237524560161032,13.478924688158141,0.8196762422238082,0.8773999545800506,0.9080579414413206,0.4279019785013011,0.2768949738779078,9.99149419935642,0.39228737621166987,1.5453584169786243,0.7802211217612539,28.012779225892004,0.7161137277658943,0.7307010237540006,0.759927225137725
0.485,0.9615625808476729,1.116369356442903,0.6469723629168719,0.6641472620869328,6.29828865950435,0.38169447739196705,0.974139923251219,0.9223660202689695,13.479049064589118,0.8180437851980488,0.875783317379724,0.9065568755508783,0.430675278367406,0.27867757755926664,9.991924298156187,0.3923376141656161,1.5454249392411696,0.782397036670737,28.00211982518736,0.718315117078754,0.7327798894942144,0.7619566863366193
0.4875,0.9613172929294861,1.1173463785548023,0.6446658045526024,0.6618991457406129,6.297149911094272,0.38182802659321646,0.9739637959968541,0.9209675439694414,13.479011335405998,0.8164093591829851,0.8741617169280776,0.9050479724373512,0.433441458579726,0.28045549293645095,9.992351836046923,0.39238864728114703,1.5454910654145773,0.7845182356635338,27.990095241927435,0.7205023975501972,0.7348421792699945,0.7639670661895178
0.49,0.9610713607299497,1.118322188290478,0.6423632408462642,0.6596543052923952,6.296011287353491,0.3819613080581439,0.9737876880247652,0.9195571752506388,13.478812312254426,0.814773021828353,0.872535212713144,0.9035313004704714,0.4362004336894549,0.282228662531419,9.9927769603193,0.3924404681216549,1.5455568182799118,0.7865847768748819,27.97671787824418,0.72267562994992,0.7368879802193065,0.765958510516619
0.4925,0.9608247833163994,1.11929672079554,0.6400647426970345,0.657412811777436,6.2948728236784035,0.38209430254013416,0.9736116048096206,0.9181350618108515,13.478452808200108,0.8131348304530346,0.8709038641570507,0.9020069280775695,0.4389521198399155,0.28399702975329594,9.993199819712876,0.3924930696408499,1.5456222208423334,0.7885967285614072,27.962000215857724,0.7248348749575756,0.7389173793261736,0.7679311641313696
0.495,0.9605775597905528,1.1202699117997155,0.63777038006914,0.6551747353531953,6.29373455564393,0.3822269908741868,0.9734355518537008,0.9167013508918737,13.4779336374245,0.8114948420526356,0.8692677306234153,0.9004749237389806,0.44169643473136316,0.2857605388790382,9.993620564264614,0.3925464451685195,1.5456872963076695,0.7905541691203659,27.945954818572176,0.7269801931474086,0.7409304633830638,0.769885170744518
0.4975,0.9603296892885128,1.1212416976192763,0.6354802220072341,0.6529401453130984,6.2925965190175,0.38235935397954707,0.9732595346890612,0.9152561892575188,13.477255614919992,0.8098531133069615,0.8676268714245879,0.8989353559839449,0.44443329758561256,0.28751913503418514,9.994039345157192,0.3926005883956536,1.5457520680589516,0.7924571871104399,27.92859433475615,0.729111644974686,0.7429273189546935,0.7718206728726272
0.5,0.9600811709807686,1.1222120151593247,0.6331943366515266,0.6507091100999828,6.291458749772997,0.3824913728622099,0.9730835588796888,0.9137997231723143,13.47641955618479,0.8082097005874089,0.8659813458287371,0.8973882933869998,0.4471626291105038,0.28927276417369907,9.994456314567348,0.3926554933589792,1.5458165596329594,0.794305881273556,27.9099314997922,0.7312292907686829,0.744908032343232,0.7737378117510966
0.5025000000000001,0.959832004072197,1.1231808019159435,0.6309127912526583,0.6484816973193281,6.290321284104614,0.3826230286172986,0.9729076300236451,0.912332098380404,13.475426276917688,0.8065646599642823,0.8643312130667996,0.895833804564858,0.44988435146422284,0.291021373062894,9.994871625514499,0.39271115442494936,1.5458807946968083,0.7961166122367288,27.890548487553406,0.7333331907329121,0.7468726895548772,0.7756367272517422
0.505,0.9595821878020642,1.1241479959782188,0.6286356521863281,0.6462579737522702,6.28918415844065,0.38275430243132014,0.9727317537552004,0.9108534600846625,13.474276592713018,0.8049180472140569,0.8626765323392912,0.8942719581737733,0.45259838821949144,0.2927649092584539,9.9952854317099,0.3927675662732317,1.5459447970246187,0.797889689683472,27.870459845934818,0.7354234049470433,0.7488213762677776,0.7775175578049656
0.5075000000000001,0.9593317214440243,1.1251135360301463,0.6263629849676684,0.6440380053684033,6.288047409457211,0.3828851755843003,0.9725559357469528,0.909363952926052,13.472971318756034,0.8032699178265847,0.8610173628229931,0.89270282290739,0.4553046643276436,0.2945033210895417,9.995697887406575,0.39282472387974293,1.5460085904743037,0.7996153361924284,27.849328583349273,0.7374999933510742,0.7507541778012669,0.7793804403265376
0.51,0.9590806043061193,1.1260773613524295,0.6240948542653743,0.6418218573383673,6.286911074091847,0.3830156294518016,0.9723801817119369,0.9078637209632248,13.471511269519,0.8016203270122431,0.8593537636775246,0.8911264674950768,0.45800310608260797,0.2962365576389989,9.9961091472503,0.3928826224992737,1.546072198964524,0.8012936802939756,27.827165563800765,0.7395630157229012,0.7526711790863791,0.7812255101490024
0.5125,0.9588288357307779,1.127039411824189,0.6218313239155853,0.6396095940462279,6.28577518955706,0.3831456455068272,0.9722044974057134,0.9063529076524077,13.469897258458262,0.799969329709023,0.8576857940518092,0.8895429607007523,0.46069364108480976,0.29796456872463867,9.99651936613183,0.39294125764775206,1.5461356464518297,0.8029248598738972,27.803981765764615,0.7416125316638856,0.7545724646376158,0.7830529009577074
0.515,0.958576415094814,1.1279996279245919,0.6195724569355266,0.6374012791016485,6.284639793353742,0.3832752053216157,0.972028888628448,0.9048316558275721,13.468130097712674,0.7983169805895577,0.8560135130904479,0.8879523713221961,0.4633761982050154,0.29968730488063133,9.996928699040678,0.3930006250841907,1.546198956908045,0.8045090222212962,27.77978828447094,0.7436486005858639,0.756458118525919,0.7848627447314449
0.5175,0.9583233418094222,1.1289579507344236,0.6173183155369086,0.63519697535186,6.283504923284476,0.3834042905693306,0.9718533612269679,0.9033001076809319,13.466210597803649,0.7966633340680909,0.8543369799400135,0.8863547681908636,0.46605070754813516,0.3014047173389846,9.99733730092064,0.3930607207923643,1.546262154297924,0.8060463240707066,27.754596333950182,0.7456712816968152,0.758328224352822,0.7866551716876802
0.52,0.9580696153201765,1.1299143219376164,0.6150689611390922,0.6329967448934298,6.282370617466743,0.38353288302564975,0.9716779210968045,0.9017584047437672,13.464139567337169,0.7950084443073906,0.8526562537552759,0.8847502201721936,0.4687171004170055,0.30311675801112015,9.997745326527298,0.3931215409622647,1.5463252625571104,0.8075369316378508,27.72841724882859,0.7476806339905576,0.7601828652257311,0.7884303102323343
0.5225,0.9578152351070226,1.1308686838227509,0.6128244543820202,0.6308006490838353,6.281236914345995,0.3836609645702593,0.971502574184216,0.9002066878676187,13.461917812708146,0.7933523652256216,0.8509713937053717,0.8831387961664311,0.4713753092761703,0.304823379469547,9.998152930287787,0.3931830819713786,1.5463883055704473,0.8089810206485113,27.701262485862138,0.7496767162565287,0.7620221237343024,0.790188286914073
0.525,0.9575602006842721,1.131820979284548,0.6105848551389227,0.6286087485528462,6.280103852708604,0.38378851718825857,0.9713273264881896,0.8986450972058654,13.45954613780748,0.7916951505031754,0.8492824589799344,0.8815205651099595,0.47402526771568154,0.3065245349296342,9.998560266162979,0.393245340365836,1.546451307150662,0.8103787763599981,27.673143625197994,0.7516595870749834,0.7638460819278654,0.7919292263830422
0.5275,0.9573045116005927,1.1327711518253645,0.608350222528797,0.6264211032137194,6.278971471694679,0.38391552297148124,0.9711521840624243,0.8970737721957098,13.45702534373215,0.7900368535894458,0.847589508795197,0.8798955959771578,0.4766669104149418,0.30822017823148484,9.998967487512353,0.3933083128414735,1.5465142910174663,0.8117303935747076,27.644072371353257,0.7536293047827569,0.7656548212938552,0.793653251353983
0.53,0.9570481674389969,1.1337191455567053,0.6061206149286696,0.6242377722742108,6.277839810810747,0.38404196411973857,0.9709771530172917,0.8954928515405967,13.454356228498733,0.7883775277095407,0.8458926024000809,0.878263957782788,0.47930017310660983,0.3099102638219131,9.999374746961774,0.39337199622486,1.5465772807771057,0.8130360766452774,27.61406055390103,0.7555859274523432,0.7674484227372066,0.7953604825736422
0.5325,0.9567911678168259,1.1346649052007578,0.6038960899856434,0.6220588142474097,6.2767089099422675,0.38416782294199087,0.9708022395217721,0.8939024731930911,13.45153958676072,0.7867172258709553,0.8441917990822886,0.8766257195849236,0.481924992540592,0.31159474673652854,9.999782196274344,0.3934363874543284,1.5466402999023845,0.8142960394708767,27.58312012785502,0.7575295128771147,0.7692269665606624,0.7970510387923921
0.535,0.9565335123857321,1.1356083760919555,0.601676704628735,0.6198842869623988,6.275578809366036,0.3842930818574545,0.9706274498053727,0.8923027743382349,13.44857620953004,0.7850560008702218,0.8424871581744092,0.8749809504884216,0.4845413064481448,0.313273582581929,10.00018998622458,0.39350148356106046,1.546703371713205,0.815510505484172,27.55126317374409,0.7594601185598786,0.7709905324459555,0.7987250367399555
0.5375,0.956275200831655,1.1365495041785665,0.5994625150805087,0.6177142475747471,6.274449549762399,0.38441772339664965,0.9704527901600168,0.8906938913774074,13.445466883903094,0.7833939052995422,0.8407787390600556,0.8733297196489556,0.487149053506111,0.31494672751800795,10.000598266476093,0.39356728165026655,1.5467665193576488,0.8166797076285421,27.518501897369095,0.7613778017016456,0.7727391994358134,0.8003825911051237
0.54,0.9560162328747935,1.1374882360243033,0.5972535768685092,0.6155487525768379,6.273321172227321,0.3845417302023951,0.9702782669419107,0.8890759599127162,13.44221239279174,0.781730991553403,0.8390666011800453,0.8716720962776136,0.4897481733013166,0.3166141382403785,10.001007185462973,0.39363377888250617,1.54682976579363,0.8187027922171328,27.51505909626334,0.7632826191881289,0.7744730459167444,0.8020238145193523
0.5425,0.9557566082695734,1.1384245188099442,0.5950499448365022,0.6133878578080402,6.272193718284295,0.3846650850307585,0.9701038865733843,0.8874491147319334,13.438813514659568,0.780067311835174,0.8373508040386377,0.8700081496460694,0.4923386062951527,0.31827577196292045,10.001416890275022,0.39370097245519126,1.5468931337711462,0.8207042199615119,27.51135607655771,0.7651746275744354,0.7761921496025558,0.803648817544106
0.545,0.9554963268046072,1.1393583003349486,0.592851673155525,0.6112316184647252,6.2710672298960715,0.3847877707519658,0.9699296555447078,0.8858134897940085,13.43527102326386,0.7784029181636947,0.8356314072098449,0.8683379490923364,0.49492029378837,0.319931586400454,10.001827526547101,0.3937688595843135,1.5469566458151622,0.8226561105547364,27.506461199641226,0.7670538830705792,0.7778965875185611,0.8052577086618117
0.5475,0.9552353883026496,1.1402895290190458,0.5906588153347543,0.6090800891101354,6.269941749476227,0.3849097703512778,0.9697555804158784,0.8841692182151715,13.431585687403537,0.7767378623798524,0.8339084703438242,0.8666615640271151,0.49749317788611225,0.32158153975154663,10.00223923835264,0.39383743748643857,1.5470203242091405,0.8245584621388186,27.500382030313407,0.7689204415318664,0.7795864359864336,0.8068505942702854
0.55,0.9549737926205449,1.1412181539037787,0.5884714242321968,0.6069333236841128,6.268817319900554,0.3850310669298405,0.9695816678183835,0.8825164322556468,13.427758270673493,0.7750721961531555,0.8321820531733685,0.8649790639407361,0.5000572014632165,0.3232255906814583,10.002652168101587,0.3939067033610053,1.5470841909792574,0.826411285588999,27.493126383541913,0.7707743584561625,0.7812617706096574,0.8084275786804782
0.5525,0.9547115396491682,1.142144124653971,0.5862895520652084,0.6047913755126871,6.267693984518275,0.3851516437055142,0.9694079244569345,0.8808552633070048,13.423789531225648,0.7734059709883025,0.8304522155205064,0.8632905184107129,0.5026123081298058,0.3248636983052308,10.00306645644285,0.3939766543729698,1.547148267879314,0.8282146046124877,27.484702326208943,0.7726156889732009,0.7829226662595372,0.8099887641173882
0.555,0.9544486293133592,1.143067391559093,0.5841132504208476,0.6026542973175362,6.26657178716307,0.3852714840136881,0.9692343571111725,0.8791858418801597,13.419680221536996,0.7717392382317482,0.8287190173032223,0.861595997109906,0.5051584421972024,0.32649582217092754,10.00348224217143,0.3940472876358304,1.5472125763763716,0.8299684558349903,27.4751181784753,0.7744444878190199,0.7845691970617237,0.8115342507239774
0.5575,0.9541850615718483,1.1439879055344997,0.5819425702660707,0.6005221412253189,6.265450772163936,0.38539057130808746,0.9690609726373485,0.877508297594038,13.415431088185088,0.7700720490782713,0.8269825185423089,0.8598955698153073,0.5076955486441872,0.3281219222430294,10.003899662140338,0.39411860019507144,1.5472771376371295,0.8316728888745073,27.46438251475276,0.7762608093154844,0.7862014363832112,0.8130641365679319
0.56,0.9539208364171761,1.1449056181225168,0.5797775619577735,0.5983949587768899,6.2643309843558495,0.38550888916157805,0.9688877779699715,0.8758227591649325,13.411042871631075,0.7684044545775518,0.8252427793683635,0.8581893064174511,0.5102235730836318,0.3297419588859919,10.004318851177445,0.39419058901205684,1.5473419725150641,0.8333279664019119,27.45250416427592,0.7780647073611895,0.7878194568197671,0.8145785176510872
0.5625,0.953655953875605,1.1458204814933461,0.5776182752526879,0.5962728009364002,6.263212469090259,0.38562642126697494,0.9687147801234323,0.874129354396554,13.406516306010802,0.7667365056407583,0.8234998600289364,0.8564772769304559,0.5127424617295261,0.3313558928479713,10.00473994200729,0.3942632509484097,1.5474071015383344,0.8349337641878553,27.43949221126599,0.7798562354268203,0.7894233301837563,0.8160774879213643
0.5650000000000001,0.9533904140070244,1.146732448445781,0.575464759317138,0.5941557181002923,6.262095272245373,0.38574315143786114,0.9685419861935937,0.8724282101708026,13.401852118934068,0.7650682530471561,0.8217538208958451,0.8547595515027058,0.5152521613644266,0.3329636852447207,10.00516306517805,0.39433658275090516,1.547472544898487,0.8364903711355675,27.42535599467991,0.7816354465419242,0.7910131274923157,0.8175611392870185
0.5675,0.9531242169048486,1.1476414724077117,0.5733170627366655,0.5920437601061932,6.260979440236292,0.3858590636094233,0.9683694033593585,0.8707194524392629,13.397051031292445,0.7633997474507382,0.8200047224726582,0.8530362004281673,0.517752619307348,0.3345652975436654,10.005588348993632,0.3944105810369075,1.547538322439954,0.8379978892991645,27.410105107539074,0.7834023932712663,0.7925889189558423,0.819029561633042
0.5700000000000001,0.952857362695908,1.1485475074364153,0.5711752335255275,0.589936976241714,6.259865020024917,0.38597414183930995,0.9681970388842023,0.8690032062154487,13.392113757075876,0.7617310393868827,0.8182526254023635,0.8513072941583592,0.5202437833821142,0.3361606915481579,10.006015919451016,0.3944852422803772,1.5476044536503601,0.8394564338871103,27.39374939583325,0.7851571276913902,0.7941507739667609,0.8204828428395335
0.5725,0.9525898515403347,1.1494505082186373,0.5690393191360786,0.5878354152531623,6.258752059129715,0.3860883703085186,0.9680249001176823,0.8672795955677934,13.387041003198258,0.7600621792790445,0.8164975904752277,0.8495729033149652,0.5227256018861944,0.33774982938191883,10.006445900182854,0.39456056279847224,1.547670957651646,0.8408661332505079,27.37629895699617,0.7868997013720962,0.7956987610885251,0.8219210688018562
0.5750000000000001,0.952321683631441,1.1503504300704654,0.5669093664680386,0.5857391253541713,6.257640605635262,0.38620173332231894,0.967852994496915,0.8655487436134146,13.381833469332376,0.7583932174454784,0.8147396786368526,0.8478330987031059,0.5251980235600353,0.3393326734736647,10.00687841240537,0.3946365387387676,1.5477378531920105,0.8422271288559489,27.357764137950557,0.7886301653623645,0.7972329480448255,0.823344323452402
0.5775,0.9520528591955939,1.1512472289370141,0.5647854218776566,0.5836481542342564,6.256530708201623,0.3863142153112175,0.9676813295480261,0.8638107725126495,13.37649184775427,0.7567242041059985,0.812978950996441,0.8460879513252622,0.5276609975569079,0.3409091865419269,10.007313574871578,0.3947131660671104,1.5478051586386723,0.8435395752426803,27.338155532721494,0.7903485701828069,0.7987534017089614,0.8247526887837889
0.58,0.9517833784920833,1.1521408613919457,0.5626675311867785,0.5815625490673008,6.255422416073544,0.38642580083197187,0.9675099128875722,0.8620658034643816,13.371016823197449,0.7550551893887735,0.8112154688352772,0.8443375323958605,0.530114473413283,0.34247933158006266,10.007751503829796,0.39479044055613166,1.547872891971457,0.8448036399638895,27.317483979617908,0.792054965820063,0.8002601880933471,0.8261462448733086
0.5825,0.9515132418129851,1.1530312846368511,0.5605557396918212,0.5794823565199794,6.254315779089451,0.38653647456865925,0.9673387522239331,0.8603139567021592,13.365409072716973,0.753386223337163,0.8094492936154299,0.8425819133565194,0.5325584010197452,0.3440430718414599,10.00819231298745,0.3948683577744278,1.5479410707771961,0.8460195035119639,27.295760557983773,0.7937494017116857,0.8017533723391191,0.8275250699084498
0.585,0.9512424494830208,1.1539184565005305,0.558450092172663,0.5774076227601271,6.253210847690266,0.3866462213338089,0.9671678553586749,0.8585553514911259,13.359669265563834,0.7517173559166079,0.8076804869886853,0.8408211658919607,0.5349927305924572,0.3456003708249391,10.00863611348009,0.3949469130764266,1.5480097122449363,0.847187359227612,27.272996584521028,0.7954319267345614,0.8032330187058156,0.8288892402133317
0.5875,0.9509710018594105,1.1548023354382042,0.5563506329014561,0.5753383934650533,6.252107672928059,0.38675502606960066,0.9669972301878886,0.8567901061257573,13.353798063069688,0.7500486370215735,0.8059091108057151,0.8390553619465847,0.5374174126451864,0.3471511922603502,10.009083013845673,0.3950261015929481,1.5480788331619608,0.8483074131927819,27.249203609188093,0.7971025891948159,0.8046991905610961,0.8302388302758702
0.59,0.9506988993317226,1.1556828805307013,0.5542574056513646,0.5732747138298133,6.251006306474471,0.3868628738491419,0.9668268847034927,0.8550183379284261,13.34779611854222,0.7483801164825554,0.8041352271254925,0.837284573741718,0.539832397961897,0.3486955000943685,10.009533120003917,0.3951059182224694,1.5481484499105969,0.8493798841073699,27.22439341067871,0.798761436816444,0.8061519503704824,0.8315739127755256
0.5925,0.9504261423217187,1.1565600514836574,0.5521704537052367,0.5712166285754379,6.249906800629001,0.3869697498778237,0.966656826994514,0.8532401632487887,13.341664077171368,0.7467118440731499,0.8023588982249498,0.8355088737935255,0.5422376375699196,0.350233258476491,10.009986535240712,0.3951863576230997,1.5482185784658047,0.8504050031497465,27.198577991487035,0.8004085167300761,0.807591359687096,0.8328945586114725
0.595,0.950152731283193,1.1574338086267628,0.5500898198642142,0.5691641819571275,6.248809208327065,0.38707563949476637,0.9664870652483364,0.8514556974640117,13.335402575946524,0.7450438695171913,0.8005801866088985,0.8337283349315933,0.5446330827137028,0.3517644317452324,10.010443360197508,0.395267414205271,1.5482892343935353,0.8513830138211829,27.171769572566415,0.8020438754605088,0.8090174791413752,0.8342008369310444
0.5975,0.9498786667018068,1.1583041129130978,0.5480155464562858,0.5671174177724149,6.247713583147894,0.3871805281743586,0.9663176077519195,0.8496650549798342,13.329012243584998,0.7433762424959617,0.7987991550202023,0.831943030318184,0.5470186848291546,0.35328898441452533,10.010903692865549,0.3953490821251457,1.5483604328498395,0.8523141717743009,27.14398058759004,0.8036675589079461,0.8104303684307578,0.8354928151583136
0.6,0.9496039490949176,1.1591709259185738,0.5459476753447853,0.5650763793692997,6.246619979322222,0.3872844015278965,0.9661484628929904,0.8479012234095674,13.323010250025337,0.7417090126554792,0.7970158664502164,0.8301530334681568,0.5493943955185773,0.35480688116032744,10.011367628584772,0.39543135527874257,1.5484321885806975,0.8531987446257402,27.115223676823206,0.8052796123249837,0.8118300863093226,0.8367705590226865
0.6025,0.9493285790114033,1.1600342098415124,0.5438862479368424,0.5630411096543595,6.245528451739805,0.3873872453053262,0.9659796391612044,0.8461346481917265,13.31693281822974,0.740042229613854,0.795230384149493,0.8283584182695564,0.5517601665262076,0.35631808680743626,10.011835260047414,0.39551422729678065,1.5485045159225765,0.8540370117532436,27.085511680617966,0.806880080294957,0.8132166905773828,0.8380341325873786
0.605,0.9490525570314773,1.1608939275023658,0.5418313051917871,0.5610116511008393,6.2444390559567164,0.3874890453970975,0.9658111451492752,0.8443605826871474,13.310704220701616,0.7383759429687043,0.793442771638755,0.8265592590048673,0.5541159497143625,0.3578225663165192,10.012306677305965,0.3955976915402357,1.5485774288036604,0.8548292640774602,27.054857632541843,0.8084690067133542,0.8145902380710349,0.8392835982776818
0.6075,0.9487758837664988,1.1617500423435887,0.5397828876295112,0.5589880457567215,6.243351848202475,0.3875897878361294,0.9656429895540761,0.8425791376470686,13.304324935525694,0.7367102023046456,0.7916530927201394,0.8247556303729241,0.5564616970402008,0.35932028477136113,10.01278196778547,0.3956817410966086,1.5486509407457543,0.8555758038287721,27.02327475215386,0.8100464347715514,0.815950784651668,0.8405190169089126
0.61,0.9484985598587771,1.1626025184296538,0.5377410353387883,0.5569703352527806,6.242266885386959,0.3876894587998938,0.9654751811777099,0.8407904231066502,13.297795435381758,0.7350450572008669,0.7898614114887078,0.8229476075114812,0.5587973605331085,0.36081120736633665,10.013261216299997,0.3957663687768969,1.5487250648668287,0.8562769442995164,26.990776437441742,0.8116124069418913,0.8172983851954431,0.8417404477139642
0.6125,0.9482205859813642,1.1634513204471937,0.5357057879855555,0.5549585608106211,6.241184225107116,0.3877880446126181,0.9653077289285467,0.8389945483882135,13.291116187534108,0.7333805572387923,0.7880677923442296,0.8211352660204252,0.5611228922727147,0.3622952993941133,10.01374450507303,0.3958515671132638,1.5487998138841765,0.8569330095820177,26.95737625693532,0.8131669649636954,0.818633093582763,0.8429479483703902
0.615,0.9479419628378429,1.1642964137052465,0.533677184821158,0.5529527632507006,6.240103925653484,0.38788553174761004,0.9651406418222322,0.8371916221052337,13.28428765383179,0.7317167520098194,0.7862723000032231,0.8193186819856283,0.5634382443675456,0.3637725262335932,10.014231913761714,0.39593732835739687,1.548875200118161,0.8575443342928837,26.923087941512197,0.8147101498305003,0.819954962687748,0.8441415750269591
0.6175,0.9476626911621042,1.1651377641355753,0.5316552646905555,0.55095298300034,6.239026046016481,0.3879819068297058,0.9649739289826612,0.8353817521670931,13.277310290719708,0.7300536911231306,0.7844749995112618,0.8174979320034294,0.5657433689343281,0.36524285333810025,10.014723519484741,0.39602364447954547,1.5489512354965296,0.8581112632840621,26.887925375912502,0.8162420017786192,0.8212640443677436,0.8453213823296242
0.62,0.9473827717181161,1.1659753382930178,0.5296400660404925,0.548959260101718,6.237950645892512,0.38807715663784165,0.9648075996429212,0.8335650457845855,13.270184549260808,0.7283914242135646,0.7826759562555305,0.8156730932057297,0.5680382180779481,0.36670624622382386,10.015219396853642,0.3961105071682288,1.5490279315592534,0.8588307419548686,26.85805053087017,0.817762560276261,0.8225603894528934,0.8464874234468872
0.6225,0.947102205299685,1.1668091033558248,0.5276316269276332,0.5469716342198514,6.236877785689843,0.3881712681077503,0.9646416631462015,0.8317416094761637,13.262910875169231,0.7267300009495625,0.7808752359776283,0.8138442432856892,0.5703227438720787,0.36816267045852663,10.015719618007406,0.39619790783060116,1.5491052994638828,0.8603062258457704,26.85226592684666,0.8192718640118172,0.8238440477358016,0.8476397500945089
0.625,0.9468209927302047,1.1676390271259403,0.5256299850266566,0.5449901446505587,6.23580752653427,0.38826422833477897,0.9644761289466701,0.8299115490749257,13.25548970885459,0.7250694710411868,0.7790729047866065,0.8120114605240087,0.5725968983404809,0.3696120916505252,10.016224252650192,0.39628583759346225,1.5491833499913783,0.8617356332229842,26.845444350039795,0.8207699508807916,0.8251150679613201,0.848778412559561
0.6275000000000001,0.9465391348624007,1.1684650780291737,0.5236351776383155,0.543014830328406,6.234739930274572,0.38835602457682983,0.9643110066103168,0.8280749697363238,13.247921485477306,0.7234098842482145,0.7772690291722318,0.8101748238157783,0.5748606334389907,0.37105447543795594,10.016733368091906,0.3963742873049001,1.5492620935523882,0.8631191337297586,26.837596055272734,0.8222568579740913,0.8263734978165058,0.8499034597238083
0.63,0.9462566325780626,1.1692872251152182,0.5216472416974542,0.5410457298346335,6.233675059487736,0.3884466442574198,0.9641463058157612,0.8262319759465895,13.24020663501503,0.7217512903882973,0.7754636760184591,0.8083344126978699,0.5771139010382006,0.3724897874783332,10.017247029291584,0.3964632475365499,1.5493415401939574,0.8644569110144572,26.82873158350186,0.8237326215697169,0.8276193839207668,0.8510149390864132
0.6325000000000001,0.9459734867877674,1.1701054380574736,0.5196662137809867,0.5390828814050592,6.232612977483987,0.38853607496885706,0.9639820363550311,0.8243826715318479,13.232345582339999,0.7200937393451655,0.7736569126171007,0.806490307376855,0.5793566529068401,0.37391799343841053,10.017765298903264,0.3965527085864539,1.5494216996066232,0.8657491624496819,26.818861752203258,0.825197277116201,0.8288527718162498,0.8521128967859736
0.635,0.9456896984305978,1.1709196871526308,0.5176921301158276,0.5371263229379575,6.231553748311557,0.38862430447553054,0.9638182081343002,0.8225271596679179,13.224338747307346,0.7184372810768561,0.7718488066816794,0.8046425887574239,0.5815888406958672,0.37533905898435294,10.01828823732428,0.39664266048250496,1.5495025811318839,0.8669960988355448,26.807997645422954,0.8266508592054921,0.8300737059584996,0.8531973776218968
0.6375000000000001,0.9454052684738495,1.1717299433199957,0.5157250265867813,0.5351760920019092,6.230497436761284,0.3887113207173104,0.9636548311745987,0.8206655428907679,13.2161865448542,0.7167819656239753,0.7700394263614395,0.802791338471277,0.5838104159232705,0.37675294977223006,10.018815902745695,0.39673309298645343,1.5495841937700003,0.8681979440877473,26.796150603511474,0.8280934015512686,0.8312822297074228,0.8542684250751312
0.64,0.9451201979127334,1.1725361781005237,0.5137649387443783,0.5332322258436196,6.229444108370951,0.38879711181305393,0.963491915612485,0.8187979231076125,13.207889385109482,0.7151278431179999,0.768228840255506,0.8009366389064643,0.5860213299595929,0.3781596314388358,10.019348351204837,0.39682399559845777,1.5496665461881196,0.8693549349111359,26.783332212564435,0.8295249369746336,0.8324783853185946,0.8553260813282609
0.6425,0.9448344877700685,1.1733383636555625,0.5118119018126619,0.5312947613957001,6.228393829429428,0.3888816660642137,0.9633294717006863,0.8169244016086248,13.199447673514195,0.7134749637896123,0.7664171174271647,0.7990785732371439,0.5882215340141713,0.37955906959284264,10.019885636639577,0.3969153575621573,1.5497496467286722,0.8704673204594486,26.769554293590453,0.8309454973927964,0.8336622139349409,0.8563703872849948
0.645,0.9445481390959717,1.1741364727652988,0.5098659506969184,0.5293637352844086,6.227346666980597,0.38896497195854335,0.9631675098087052,0.8150450790792398,13.190861810952102,0.7118233779770576,0.7646043274182479,0.7972172254537286,0.5904109791221017,0.38095122980629637,10.020427810944355,0.3970071678702406,1.5498335034180364,0.8715353619819662,26.754828891428737,0.8323551138079621,0.8348337555788176,0.8574013825890596
0.6475,0.9442611529675377,1.1749304788269224,0.5079271199913475,0.5274391838373458,6.226302688827042,0.3890470181738974,0.9630060404233913,0.8131600556130312,13.18213219389058,0.7101731361345117,0.7627905402636004,0.79535268039339,0.5925896161319204,0.3823360776064539,10.02097492402769,0.39709941527048653,1.5499181239754327,0.8725593324578179,26.739168263438348,0.8337538162948916,0.8359930491445245,0.8584191056425216
0.65,0.9439735304885171,1.1757203558525406,0.5059954439866706,0.5255211430910997,6.225261963533556,0.3891277935821207,0.9628450741494825,0.8112694307251221,13.173259214531425,0.7085242888404465,0.7609758265056001,0.7934850237708863,0.5947573956940038,0.38371357846797083,10.021527023870995,0.3971920882722483,1.5500035158220213,0.873539516218703,26.722584867981702,0.8351416339874695,0.837140132391272,0.859423593623562
0.6525,0.9436852727889868,1.1765060784668646,0.5040709566776704,0.5236096487988343,6.224224560430412,0.3892072872530225,0.962684621710112,0.8093733033661177,13.16424326097148,0.7068768868059808,0.7591602572087176,0.7916143422096796,0.5969142682496801,0.38508369780543916,10.02208415658858,0.39728517515335116,1.550089686090183,0.874476208560797,26.70509135272466,0.8365185950660844,0.8382750419366227,0.8604148825037206
0.655,0.9433963810250162,1.1772876219047268,0.5021536917706575,0.521704736437817,6.223190549616435,0.38928548845843436,0.9625246939472826,0.8074717719365198,13.155084717372713,0.7052309808832099,0.7573439039740805,0.7897407232733121,0.5990601840210474,0.3864464009662773,10.02264636648869,0.39737866396737453,1.5501766416329585,0.8753697153466281,26.686700542775785,0.8378847267471211,0.8393978132504293,0.8613930070646285
0.6575,0.943106856378328,1.1780649620084758,0.5002436826908604,0.5198064412168777,6.222160001961854,0.38936238667634504,0.9623653018223083,0.805564934301604,13.145783964141692,0.703586622073503,0.7555268389540245,0.7878642554969965,0.6011950930014888,0.3878016532239749,10.023213696135308,0.3974725425512839,1.5502643890336085,0.8762203525977299,26.667425428687153,0.839240055274771,0.840508480649284,0.862358000914262
0.66,0.9428167000559552,1.1788380752253111,0.4983409625897317,0.5179147980837925,6.2211329891109735,0.38943797159511245,0.9622064564162272,0.8036528878067214,13.136341378118063,0.7019438615357593,0.7537091348666006,0.7859850284193893,0.6033189449468801,0.38914941977169126,10.023786186410742,0.39756679853338023,1.550352934615293,0.8770284460788479,26.647279154339135,0.8405846059150567,0.8416070772914951,0.8633098965027175
0.6625,0.9425259132898902,1.1796069386046217,0.4964455643521645,0.5160298417325878,6.220109583484591,0.3895122331177482,0.9620481689301759,0.8017357292930032,13.126757332771794,0.7003027505946119,0.751890865010014,0.7841031326145079,0.6054316893674775,0.3904896657162083,10.02436387657869,0.3976614193415322,1.5504422844508263,0.8777943308745317,26.62627500473125,0.8419184029521026,0.8426936351726017,0.8642487251375465
0.665,0.9422344973367318,1.1803715297953943,0.49455752060361374,0.5141516066107542,6.2190898582822465,0.3895851613662732,0.9618904506857364,0.7998135551134301,13.117032198408994,0.6986633407485673,0.7500721032769665,0.7822186597237458,0.6075332755204791,0.39182235607223986,10.024946804347707,0.3977563922116566,1.5505324443724924,0.8785183509589063,26.60442639370112,0.8432414696844682,0.8437681851214438,0.8651745169986634
0.6675,0.9419424534773237,1.1811318270437556,0.4926768637171152,0.5122801269263635,6.218073887484243,0.389656746686143,0.9617333131252502,0.7978864611492386,13.107166342385895,0.697025683678072,0.7482529241688733,0.780331702487949,0.6096236524032529,0.3931474557570958,10.025535005934957,0.39785170419641114,1.5506234199819058,0.8792008587594381,26.581746851593316,0.8445538284187958,0.8448307567967919,0.8660873011528457
0.67,0.9416497830163877,1.1818878091907083,0.4908036258201935,0.5104154366550829,6.217061745853443,0.38972697965073977,0.9615767678120946,0.7959545428266305,13.09716012933077,0.6953898312534986,0.7464334028099272,0.778442354779508,0.611702768747222,0.3944649295857041,10.026128516130058,0.3979473421740662,1.5507152166598863,0.8798422147155092,26.558250012899343,0.8458555004681881,0.8458813786845529,0.8669871055678535
0.6725,0.9413564872821499,1.1826394556701167,0.4889378388016525,0.5085575695470741,6.216053508936854,0.38979585106593073,0.9614208264309286,0.7940178951337541,13.087013921373481,0.6937558355430392,0.7446136149609786,0.7765507116344202,0.6137705730124063,0.3957747422659936,10.026727368358937,0.3980432928575207,1.550807839576335,0.8804427868326075,26.533949603890182,0.8471465061563931,0.846920078095562,0.8678739571261952
0.675,0.941062567625959,1.1833867465069834,0.4870795343182393,0.5067065591337715,6.215049253066978,0.38986335197469146,0.9612655007879017,0.7920766126379183,13.076728078382224,0.6921237488204889,0.7427936370332006,0.7746568692842754,0.6158270133826148,0.3970768583946399,10.027331594747556,0.39813954280343017,1.550901293700091,0.8810029502329441,26.508859430261854,0.8484268648050441,0.847946881163974,0.8687478816385645
0.6775,0.9407680254218962,1.1841296623160587,0.48522874380117215,0.5048624387345269,6.214049055362918,0.3899294736617915,0.9611108028108254,0.7901307895030101,13.066302958207235,0.6904936235728755,0.7409735461015085,0.7727609251881126,0.6178720377612926,0.3983712424531824,10.02794122618543,0.398236078421416,1.5509955838087548,0.8815230867032974,26.48299336481458,0.8496965947133471,0.84896181284627,0.8696089038569838
0.68,0.940472862066378,1.184868184300795,0.48338549846252366,0.5030252414631148,6.21305299373125,0.3899942076585422,0.9609567445493067,0.7881805195070735,13.05573891693099,0.6888655125079308,0.7391534199177007,0.7708629780641029,0.6199055937680247,0.39965785880451865,10.028556292388782,0.3983328859833264,1.551090714498458,0.8820035842408948,26.456365335185538,0.850955713147964,0.849964896920898,0.8704570474876923
0.6825,0.9401770789777462,1.1856022942526654,0.48154982930144696,0.5011950002340836,6.212061146866605,0.3900575457476032,0.9608033381748395,0.7862258960600192,13.045036309124606,0.687239468561412,0.7373333369232861,0.768963127920998,0.6219276287357066,0.40093667168978603,10.02917682196334,0.39842995163252465,1.5511866901935736,0.8824448365981139,26.428989311654686,0.85220423633753,0.8509561559885689,0.8712923352038207
0.685,0.9398806775958525,1.1863319745508292,0.47972176711023684,0.49937174776894405,6.211073594251992,0.3901194799678462,0.9606505959808541,0.7842670122214231,13.034195488109937,0.6856155449042663,0.7355133762619662,0.7670614760892926,0.6239380897083932,0.402207645225644,10.02980284246658,0.39852726139317723,1.551283515156345,0.8828472428268092,26.400879295042962,0.8534421794674235,0.8519356114732314,0.8721147886579079
0.6875,0.9395836593816295,1.187057208162136,0.47790134248021204,0.49755551660218333,6.210090416158815,0.39018000261927216,0.9604985303827198,0.7823039607183737,13.023216806227031,0.6839937949496159,0.7336936177917309,0.7651581252520417,0.6259369234398423,0.4034707434019727,10.03043438046941,0.3986248011795255,1.5513811934964254,0.8832112068230402,26.372049304721607,0.8546695566761091,0.8529032836237694,0.8729244284943166
0.6900000000000001,0.9392860258166514,1.187777978641427,0.47608858580740776,0.4957463390870921,6.209111693646581,0.3902391062679789,0.9603471539176998,0.7803368339633351,13.012100615106476,0.6823742723595336,0.7318741420965382,0.7632531794752717,0.6279240763927755,0.4047259300800009,10.031071461617259,0.39872255680511864,1.5514797291803264,0.8835371368729803,26.342513366750907,0.8558863810530978,0.853859191516438,0.8737212743616125
0.6925,0.9389877784026872,1.18849427013209,0.4742835272980663,0.49394424740139364,6.208137508562261,0.39029678375117377,0.960196479244852,0.7783657240719809,13.000847265946215,0.680757031051591,0.7300550304975342,0.761346744237925,0.629899494738879,0.4059731689908893,10.03171411069043,0.3988205139919962,1.5515791260407532,0.8838254452007833,26.312285502166393,0.8570926646386922,0.8548033530581024,0.8745053449249934
0.6950000000000001,0.9386889186612403,1.189206067366807,0.4724861969739119,0.49214927355265997,6.207167943539316,0.39035302818222684,0.9600465191448788,0.7763907228809607,12.989457109792376,0.6791421252051586,0.7282363650637765,0.7594389264612702,0.6318631243595747,0.4072124237347845,10.032362351663757,0.3989186583798053,1.5516793877858308,0.8848876596273302,26.30549204525745,0.8582884184259137,0.8557357849903151,0.8752766578788486
0.6975,0.9383894481330779,1.1899133556684363,0.47069662467719925,0.4903614493835048,6.206203081996329,0.3904078329557587,0.9598972865199157,0.7744119219655571,12.977930497823628,0.6775296092674463,0.726418228622424,0.7575298345377137,0.6338149108475917,0.40844365778037195,10.033016207765442,0.39901697553484533,1.5517805180082052,0.8859266294083978,26.298367047427604,0.8594736523649904,0.8566565028942916,0.8760352299595489
0.7000000000000001,0.9380893683777535,1.1906161209509454,0.46891484007551726,0.4885808065765378,6.205243008135237,0.390461191752755,0.959748794393257,0.7724294126572002,12.966267781638692,0.6759195379592652,0.7246007047683498,0.7556195783589442,0.6357547995093734,0.4096668344649491,10.033675701535131,0.399115450959032,1.5518825201940243,0.8869199411083245,26.29024707819454,0.8606483753705766,0.8575655211968445,0.8767810769585753
0.7025,0.9377886809731171,1.191314349720324,0.46714087266634163,0.48680737665906787,6.2042878069391545,0.3905130985457021,0.9596010559090202,0.770443286060786,12.954469313546428,0.6743119662804933,0.7227838778731384,0.7537082693433366,0.6376827353683566,0.410881916995048,10.034340854881085,0.3992140700987759,1.5519853977317821,0.8878679014147888,26.281144969931056,0.8618125953316721,0.8584628531773428,0.8775142137361078
0.705,0.9374873875148177,1.1920080290753938,0.4653747517813161,0.4850411910075406,6.2033375641697495,0.39056354760373435,0.9594540843317393,0.7684536330717753,12.942535446858196,0.6727069495152319,0.7209678330934256,0.751796020462546,0.6395986631691557,0.41208886844762865,10.035011689136528,0.3993128183537728,1.5520891539210329,0.8887708267002994,26.271073708038205,0.862966319124153,0.8593485109757634,0.8782346542351928
0.7075,0.9371854896157997,1.1926971467084382,0.4636165065902527,0.48328228085169883,6.202392366364138,0.39061253349778563,0.9593078930458847,0.7664605443930211,12.93046653618189,0.6711045432366336,0.7191526563785419,0.749882946267219,0.6415025273826926,0.413287651771874,10.035688225115065,0.3994116810857043,1.5521937919809627,0.8896290425668404,26.260046418039312,0.8641095526248106,0.8602225056019112,0.8789424114966286
0.71,0.9368829889057886,1.1933816909055786,0.4618661661048375,0.4815306772784494,6.201452300831321,0.39066005110573593,0.959162495555313,0.7644641105512946,12.918262937717342,0.66950480331138,0.7173384344774157,0.7479691629117409,0.643394272212304,0.4144782297916063,10.03637048316521,0.39951064362684713,1.5522993150588236,0.890442883388966,26.248076352738337,0.8652423007248501,0.8610848469458818,0.8796374976747059
0.7125,0.9365798870307761,1.1940616505468258,0.4601237591820269,0.4797864112354258,6.200517455648094,0.39070609561754455,0.9590179054826323,0.762464421913469,12.9059250095526,0.6679077859037925,0.7155252549447001,0.7460547881779532,0.64527384160086,0.4156605652083529,10.03705848322394,0.39960969128859347,1.5524057262382152,0.8912126918561791,26.235176879462315,0.8663645673414692,0.8619355437898409,0.8803199240539479
0.715,0.936276185652496,1.19473701510575,0.45838931452712545,0.47804951353423286,6.199587919654443,0.3907506625403618,0.9588741365684927,0.7604615687023296,12.893453111960719,0.6663135474795548,0.7137132061460777,0.7441399414977534,0.6471411792389223,0.416834620605077,10.03775224486932,0.3997088093698786,1.5525130285472266,0.8919388185153945,26.22136146740725,0.8674763554294985,0.8627746038211912,0.8809897010669879
0.7175,0.9359718864478995,1.195407774648719,0.4566628606965296,0.47632001485335973,6.198663782448401,0.39079374770360914,0.9587312026707889,0.7584708981747866,12.881106720001315,0.6647221448090336,0.7119023772627118,0.7422247439745077,0.6489962285739688,0.41800035845059547,10.038451787372178,0.3998079831655201,1.5526212249664264,0.8926216213142981,26.206643675106665,0.8685776669972047,0.8636020336471969,0.8816468383137297
0.72,0.9356669911086263,1.1960739198336683,0.45494442610013075,0.47459794574075304,6.197745134380355,0.39083534726402264,0.95858911776378,0.756500000301993,12.869015077058073,0.6631336349701742,0.7100928582947988,0.740309318403195,0.6508389328207005,0.4191577411046962,10.039157129746734,0.3999071979744639,1.5527303184366945,0.8932614651463809,26.191037138040898,0.8696685031204094,0.864417838811133,0.8822913445819275
0.7225,0.9353615013404761,1.1967354419083753,0.45323403900336406,0.47288333661603554,6.196832066546775,0.3908754577106497,0.95844789593712,0.7545276441537414,12.856817188562424,0.661548075350944,0.7082847400641926,0.7383937892892055,0.6526692349724486,0.4203067308239656,10.039868290800314,0.4000064391079401,1.5528403118669112,0.8938587213984024,26.174555556405128,0.8707488639431467,0.8652220238100002,0.8829232278693087
0.725,0.9350554188628782,1.1973923327082379,0.45153172752889636,0.47117621777236224,6.195924670783387,0.3909140758697938,0.958307551394802,0.7525539115332909,12.844513416614381,0.6599655236512986,0.7064781142160595,0.7364782828657138,0.6544870778136846,0.42144728976833146,10.04058528918202,0.4001056918975219,1.5529512081414847,0.894413767501021,26.157212683052965,0.8718187486753213,0.8660145921138659,0.8835424954073621
0.7275,0.9347487454083637,1.1980445846535497,0.4498375196579442,0.469476619377906,6.195023039657741,0.3909511989099018,0.9581680984540079,0.750578884069746,12.832104124508444,0.6583860378846613,0.7046730732195383,0.7345629271095544,0.6562924039336367,0.4225793800083242,10.041308143430426,0.4002049417030878,1.5530630101277274,0.8949269864832788,26.139022311631567,0.8728781555974551,0.8667955461868481,0.8841491536868871
0.73,0.9344414827220373,1.198692190746303,0.4481514432312175,0.46778457147696273,6.194127266461219,0.3909868243463884,0.9580295515438733,0.7486026432328204,12.819589677023782,0.656809676378912,0.7028697103673668,0.7326478517555142,0.6580851557410005,0.4237029635330504,10.042036872020242,0.40030417392068,1.5531757206830754,0.8953987665316093,26.11999826492327,0.8739270820704981,0.8675648875097706,0.8847432084853998
0.7325,0.9341336325610541,1.199335144566545,0.4464735259494801,0.4661001039906713,6.193237445200414,0.3910209500463934,0.9578919252041532,0.7466252703470164,12.80697044071249,0.6552364977768744,0.7010681197744573,0.7307331883089779,0.6598652754797328,0.4248180022588706,10.042771493408047,0.40040337399025544,1.5532893426621595,0.8958295005539665,26.10015438340747,0.8749655245482412,0.8683226166044837,0.8853246648964471
0.735,0.9338251966940976,1.1999734402683377,0.4448037953737291,0.46442324671734375,6.192353670587947,0.39105357423347115,0.9577552340838024,0.7446468466052147,12.794246784185793,0.6536665610362967,0.6992683963753847,0.7288190700568412,0.6616327052459015,0.42592445803876733,10.043512026076947,0.4005025274033195,1.5534038789237132,0.8962195857496627,26.079504514055298,0.8759934785910005,0.869068733059845,0.8858935273608924
0.7375,0.9335161769008624,1.2006070725753797,0.4431422789249853,0.4627540293323999,6.191476038032678,0.3910846954922072,0.9576194929394612,0.7426674530816652,12.781419078398237,0.6520999254292954,0.6974706359207737,0.7269056320766225,0.6633873870055622,0.42702229267238334,10.044258488580336,0.40060161971043745,1.5535193323373426,0.8965694231854097,26.05806249936814,0.8770109388799274,0.8698032355593186,0.8864497997001719
0.74,0.9332065749715422,1.2012360367763586,0.4414890038836973,0.4610924813879065,6.190604643629313,0.3911143127727632,0.9574847166338477,0.7406871707443891,12.768487696929965,0.6505366505412604,0.6956749349725614,0.7249930112437076,0.6651292626136248,0.4281114679167067,10.045010899584668,0.4007006365286134,1.5536357057901387,0.8968794173780386,26.03584216666972,0.8780178992321336,0.8705261219101534,0.8869934851515349
0.7425,0.93289639270632,1.201860328720115,0.43984399738875984,0.4594386323117199,6.189739584147436,0.39114242539535,0.9573509201340616,0.7387060804669893,12.755453016267142,0.6489767962692385,0.69388139089812,0.7230813462366457,0.666858273833661,0.42919194549737427,10.045769277911242,0.40079956354852597,1.5537530021931432,0.897149975884302,26.012857317659964,0.87901435261711,0.8712373890740734,0.8875245864052325
0.745,0.9325856319148643,1.2024799448106946,0.43820728643614665,0.457792511406231,6.1888809570199435,0.39116903305462786,0.9572181185097959,0.7367242630398817,12.742315416080773,0.647420422819805,0.6920901018632273,0.7211707775404402,0.6685743623586098,0.43026368712056057,10.046533642577153,0.4008983865416137,1.5538712244876807,0.8973815088980972,25.989121718237122,0.8800002911746787,0.8719370331993891,0.8880431056435906
0.7475,0.932274294415831,1.2030948820023928,0.4365788978771645,0.45615414784671804,6.188028860330902,0.3911941358240364,0.9570863269314577,0.7347417991809596,12.729075279504027,0.6458675907063376,0.6903011668238742,0.7192614474477597,0.6702774698323146,0.4313266544854168,10.047304012835252,0.40099709136699596,1.5539903756515396,0.8975744288554115,25.96464908859339,0.8809757062346061,0.8726250496544452,0.888549044581901
0.75,0.9319623820363666,1.2037051377948649,0.4349588584163289,0.4545235706793077,6.187183392802812,0.39121773416005545,0.9569555606681995,0.732758769545715,12.715732993408515,0.6443183607456593,0.6885146855169038,0.7173535000580105,0.6719675378718417,0.43238080929702083,10.048080408213261,0.40109566397822266,1.554110458705022,0.8977291500472145,25.939453093587343,0.8819405883381515,0.8733014330622804,0.8890424045110115
0.7525000000000001,0.9316498966116188,1.2043107102284099,0.4333471946088717,0.4529008088185501,6.186344653783315,0.3912398289063973,0.9568258350858625,0.7307752547368241,12.702288948679662,0.6427727940541477,0.6867307584494747,0.7154470812742018,0.6736445080905101,0.4334261132797977,10.048862848552044,0.4011940904298401,1.5542314767168626,0.8978460882404683,25.913547333395243,0.8828949272619804,0.8739661773363785,0.8895231863414866
0.755,0.9313368399842488,1.204911597879502,0.4317439328578838,0.4512858910446155,6.185512743231293,0.39126042129813354,0.956697165644827,0.7287913353132442,12.688743540491723,0.6412309520433221,0.6849494868873538,0.7135423387975474,0.675308322121569,0.434462528191368,10.049651354042993,0.40129235688376474,1.5543534328100113,0.8979256603073881,25.886945334441698,0.8838387120447698,0.8746192757173746,0.8899913906491925
0.7575000000000001,0.9310232140039455,1.2055077998566612,0.4301490994111031,0.44967884600011554,6.184687761702439,0.3912795129657578,0.9565695678977806,0.7268070917988233,12.675097168582706,0.6396928964148988,0.6831709728420318,0.7116394221197354,0.6769589216424551,0.43549001583678065,10.050445945264618,0.4013904496154548,1.5544763301672928,0.8979682838630048,25.859660540608605,0.8847719310152456,0.8752607208105676,0.8904470177221224
0.76,0.9307090205269444,1.2060993157967288,0.4285627203573541,0.448079702186561,6.183869810334216,0.39129710593918443,0.9564430574873913,0.7248226046904757,12.661350237529739,0.6381586891553099,0.6813953190566697,0.7097384825128119,0.6785962483995625,0.4365085380830876,10.051246643218343,0.40148835501987395,1.5546001720369431,0.8979743769110633,25.83170630472034,0.8856945718279426,0.875890504624087,0.8908900676082779
0.7625000000000001,0.9303942614155449,1.2066861458616152,0.42698482162264884,0.44648848796045953,6.183058990830274,0.3913132026516852,0.9563176501438982,0.7228379544659387,12.647503157025245,0.636628392529699,0.6796226289908808,0.7078396730166122,0.6802202442334593,0.4375180568742171,10.052053469363486,0.4015860596172374,1.5547249617380183,0.8979443574982255,25.803095880301505,0.886606621496403,0.8765086186075615,0.8913205401643981
0.765,0.9300789385376294,1.2072682907355636,0.42541542896595796,0.4449052315290669,6.182255405444273,0.39132780594376365,0.9561933616826092,0.7208532215911538,12.633556342154476,0.6351020690753668,0.677853006804352,0.7059431484236806,0.6818308511044835,0.4385185342461047,10.052866445651466,0.4016835500585374,1.5548507026656881,0.8978786433765175,25.773842413602992,0.8875080663912402,0.8771150536911247,0.8917384351053136
0.7675000000000001,0.929763053766179,1.2078457516229648,0.423854567974662,0.4433299609457968,6.181459156963158,0.3913409190669656,0.9560702080013131,0.7188684865272976,12.619510213674817,0.6335797815946513,0.6760865573393111,0.7040490652616136,0.683428011118659,0.43950993234204216,10.053685594559262,0.4017808131308436,1.5549773982964081,0.8977776516739285,25.74395893589078,0.8883988922576751,0.8777098003246044,0.8921437520537033
0.77,0.92944660897879,1.2084185302467372,0.42230226405968974,0.4417627041053011,6.180670348689825,0.3913525456876252,0.9559482050776007,0.7168838297374989,12.605365198297264,0.6320615931472688,0.6743233861018519,0.7021575817727645,0.685011666553872,0.4404922134282069,10.05451093912211,0.4018778357623758,1.5551050521929781,0.8982662921371967,25.731347328275408,0.8892790842405268,0.8782928485167413,0.8925364905900165
0.7725,0.9291296060571834,1.2089866288472646,0.420758542450357,0.44020348873822873,6.1798890844252234,0.3913626898905428,0.9558273689660945,0.7148993316932687,12.591121728970553,0.6305475670421297,0.6725635992421173,0.7002688578912395,0.6865817598862526,0.44146533990933884,10.055342502965422,0.401974605027349,1.5552336680094792,0.8989401977660868,25.724382242784504,0.8901486269095902,0.8788641878742862,0.8929166503023259
0.775,0.9288120468867125,1.2095500501818721,0.41922342818891145,0.43865234240567225,6.1791154684498855,0.39137135618259145,0.9557077157955933,0.7129150728806738,12.57678024516828,0.6290377668286277,0.6708073035333504,0.6983830552171156,0.6881382338167138,0.4424292743445309,10.056180310336032,0.40207110815059355,1.5553632494961065,0.8995705562391415,25.71650511097176,0.8910075042826543,0.879423807640839,0.893284230835876
0.7775,0.9284939333558614,1.210108797524793,0.4176969461247947,0.43710929249331315,6.178349605504822,0.3913785494962466,0.9555892617661167,0.710931133806279,12.562341193179316,0.627532256287415,0.6690546063498198,0.6965003369878119,0.6896810312976018,0.4433839794631072,10.057024386132648,0.4021673325119515,1.5554938005038779,0.9001577262198996,25.707728774875584,0.8918556998461171,0.8799716967352968,0.8936392319421091
0.78,0.9281752673557384,1.2106628746675618,0.41617912090862963,0.4355743662052735,6.177591600771851,0.3913842751930332,0.955472023145863,0.7089475950028773,12.547805026401782,0.6260310994206657,0.6673056156436226,0.6946208680465324,0.6912100955594206,0.4443294181805639,10.057874755935636,0.4022632656504575,1.5556253249892422,0.9007020709474104,25.69806609410714,0.8926931965753883,0.8805078437897914,0.8939816535269351
0.7825,0.9278560507795615,1.211212285919749,0.4146699769859433,0.43404759055768355,6.176841559853312,0.39138853906688226,0.955356016268071,0.7069645370350278,12.533172205640774,0.6245343604418416,0.665560439920366,0.6927448148077072,0.6927253701375942,0.4452655536145492,10.058731446036095,0.40235889526830954,1.5557578270185757,0.9012039578431535,25.687529935689263,0.8935199769566882,0.8810322371870145,0.8943114956980547
0.785,0.9275362855221327,1.2117570361099417,0.41316953859063227,0.4325289923719758,6.176099588751148,0.39139134734739,0.955241257527786,0.7049820405044132,12.518443199409907,0.6230421037649736,0.6638191882137323,0.6908723452193434,0.6942267988992414,0.4461923491008678,10.059594483464238,0.4024542092346411,1.5558913107725705,0.9016637581204381,25.676133164028666,0.8943360230107782,0.8815448650968359,0.8946287588111391
0.7875,0.927215973479304,1.2122971305868493,0.41167782973818057,0.43101859826791256,6.17536579384539,0.39139270670296816,0.9551277633785302,0.7030001860550249,12.503618484236723,0.6215543939934637,0.6620819700589263,0.6890036287222078,0.6957143260699374,0.44710976820948983,10.060463896017144,0.40254919558910335,1.5560257805505289,0.9020818463962476,25.663888631017887,0.8951413163184236,0.8820457155121421,0.894933443514699
0.79,0.9268951165474333,1.2128325752204083,0.4101948742186389,0.4295164346563585,6.17464028187199,0.3913926242438778,0.955015550328876,0.7010190543781812,12.488698544971847,0.6200712959084212,0.6603488954650021,0.6871388362057474,0.6971878962604408,0.4480177747605557,10.061339712285859,0.40264384254527297,1.5561612407745535,0.9024586003055253,25.650809166263887,0.8959358380471238,0.8825347762838289,0.8952255507934925
0.7925,0.9265737166228298,1.2133633764027547,0.40872069558937385,0.4280225277318057,6.173923159900035,0.39139110752513295,0.9549046349389204,0.6990387262173745,12.473683875101756,0.6185928744565379,0.6586200748860679,0.6852781399606627,0.6986474544933745,0.44891633284036225,10.062221961681923,0.402738138493898,1.5562976959936508,0.9027944001179212,25.636907567441124,0.8967195689786039,0.8830120351549101,0.8955050820103513
0.795,0.9262517756011892,1.2138895410489172,0.40725531716759605,0.4265369034646622,6.173214535308313,0.3913881645492651,0.9547950338166612,0.6970592823729428,12.45857497706487,0.6171191947375068,0.656895619191365,0.683421713628038,0.7000929462298433,0.44980540681732306,10.063110674463319,0.40283207200599863,1.556435150887744,0.9030896283570504,25.62219659076771,0.8974924895369223,0.8834774797937032,0.8957720389463182
0.7975,0.9259292953770191,1.2144110765971046,0.405798762022678,0.4250595875933138,6.1725145157612324,0.3913838037689339,0.9546867636142724,0.6950808037065572,12.443372362570614,0.6156503219909744,0.6551756396342172,0.6815697321449462,0.7015243173959764,0.45068496135789277,10.064005881759924,0.40292563183583935,1.5565736102716106,0.9033446694223487,25.606688941604368,0.898254579817252,0.883931097826079,0.8960264238390248
0.8,0.9256062778430554,1.2149279910084385,0.4043510529682705,0.4235906056159691,6.1718232091841,0.39137803408937355,0.9545798410242805,0.6931033711455068,12.428076552921034,0.6141863215829939,0.6534602478198444,0.6797223716864267,0.702941514409386,0.4515549614424483,10.064907615598454,0.4030188069237902,1.5567130790987391,0.9035599092136652,25.590397265177234,0.899005819615469,0.8843728768667714,0.8962682394192578
0.8025,0.925282724889672,1.2154402927660273,0.40291221255422915,0.4221299827822998,6.171140723737753,0.39137086487066036,0.9544742827756408,0.6911270656867686,12.412688079334455,0.6127272589919743,0.6517495556720373,0.6778798096037595,0.7043444842055286,0.45241537238111734,10.065815908926997,0.40311158639909694,1.556853562465125,0.9037357347587499,25.573334137426457,0.899746188458822,0.8848028045497451,0.8964974889456842
0.805,0.9249586384042812,1.2159479908732578,0.40148226305836227,0.42067774408488706,6.170467167792527,0.3913623059297898,0.9543701056297113,0.6891519684008396,12.397207483270558,0.6112731997941596,0.650043675398691,0.676042224358945,0.705733174263955,0.45326615982954466,10.066730795639142,0.4032039595825767,1.5569950656130012,0.9038725338438639,25.555512055984252,0.900475665637906,0.8852208685576466,0.8967141762377318
0.8075,0.9246340202707315,1.2164510948512302,0.4000612264780117,0.4192339142504873,6.169802649901596,0.39135236754254843,0.9542673263761289,0.6871781604353104,12.381635316756341,0.6098242096486806,0.6483427194561933,0.6742097954553103,0.7071075326344372,0.45410728980458537,10.067652310597767,0.40329591598926184,1.5571375939345182,0.9039706946477658,25.536943431286968,0.9011942302396706,0.885627056650347,0.8969183057066425
0.81,0.9243088723687014,1.2169496147352652,0.3986491245214803,0.41779851773112947,6.169147278773659,0.39134106044516836,0.9541659618285853,0.6852057230181554,12.365972142712197,0.6083803542821983,0.6466468005126679,0.6723827033641716,0.7084675079629487,0.45493872869991225,10.068580489658483,0.40338744533100956,1.5572811529753707,0.9040306053793855,25.51764057782729,0.9019018611802271,0.8860213566926132,0.8971098823847264
0.8125,0.9239831965730907,1.2174435610704524,0.3972459785993197,0.41637157869506053,6.168501163244981,0.3913283958357507,0.9540660288205025,0.6832347374607189,12.350218535277422,0.6069416994731459,0.6449560314100808,0.6705611294474848,0.7098130495174789,0.45576044330152116,10.069515369692802,0.4034785375190982,1.5574257484383789,0.9040526539195352,25.497615705554047,0.9025985372360428,0.8864037566809304,0.8972889119528719
0.8150000000000001,0.9236569947534138,1.2179329449062277,0.39585180981549184,0.41495312101754944,6.1678644122508235,0.3913143853754449,0.953967544200614,0.681265285160372,12.334375080134514,0.6055083110355717,0.6432705251252056,0.6687452558764295,0.711144107213653,0.4565724008031161,10.070456988611065,0.4035691826668293,1.5575713861870368,0.9040372274670399,25.47688091142783,0.9032842370732337,0.8867742447695034,0.89745540076636
0.8175,0.9233302687731948,1.2184177777900116,0.3944666389584217,0.4135431682715713,6.167237134796221,0.3912990411893703,0.9538705248284451,0.6792974476028212,12.318442374831454,0.6040802548025993,0.641590394729467,0.6669352655458805,0.7124606316401243,0.4573745688213557,10.07140538538506,0.40365937109215644,1.5577180722490096,0.9039847121897376,25.455448171142553,0.9039589392755788,0.887132809295473,0.8976093558790665
0.8200000000000001,0.923003020489366,1.2188980717599522,0.3930904864919557,0.41214174371838236,6.166619439926177,0.3912823758672681,0.9537749875697028,0.6773313063640423,12.302421029101257,0.6026575966095278,0.6399157533476718,0.6651313419847351,0.713762574083703,0.45816691541093313,10.072360600070443,0.4037490933203596,1.5578658128196017,0.9038954928807984,25.433329331023433,0.904622622372022,0.8874794388033614,0.8977507850661113
0.8225,0.9226752517516753,1.2193738393368703,0.3917233725462429,0.4107488702980078,6.1660114366952214,0.3912644024638686,0.9536809492915673,0.6753669431118327,12.286311665178207,0.6012404022765906,0.6382467141156457,0.6633336692620753,0.715049886554178,0.45894940907946813,10.073322673828853,0.40383834008678404,1.558014614265176,0.9037699526208859,25.410536100113333,0.9052752648643041,0.8878141220687852,0.897879696845043
0.8250000000000001,0.9223469644021006,1.2198450935155034,0.39036531690855775,0.4093645706196568,6.165413234136415,0.39124513449896325,0.9535884268578988,0.6734044396069553,12.270114918109998,0.5998287375914022,0.6365833901367999,0.6615424318891573,0.7163225218087856,0.45972201880217894,10.074291648949774,0.4039271023396654,1.5581644831265378,0.9036084724466873,25.38708004246023,0.9059168452551221,0.8881368481214371,0.8979961004956295
0.8275,0.9220181602742719,1.2203118477551924,0.3890163390140805,0.4079888669520861,6.164824941229742,0.39122458595716625,0.9534974371243478,0.6714438777038751,12.253831436065296,0.5984226682910979,0.6349258944376562,0.6597578147172476,0.7175804333762731,0.46048471403630514,10.075267568872073,0.4040153712430562,1.558315426122263,0.9034114310263813,25.362972569619213,0.906547342076826,0.8884476062673672,0.8981000060783371
0.8300000000000001,0.9216888411929068,1.2207741159701584,0.3876764579366557,0.40662178121392756,6.164246666869971,0.39120277128735453,0.953407996933385,0.6694853393510714,12.23746188063606,0.5970222600441245,0.6332743399223628,0.6579800028313225,0.7188235755805028,0.46123746473524974,10.076250478205127,0.40410313817987603,1.558467450151968,0.9031792043426483,25.33822493338349,0.9071667339203225,0.8887463861105669,0.8981914244515713
0.8325,0.9213590089732562,1.2212319125195321,0.3863456923795457,0.40526333496400263,6.163678519833961,0.3911797054017721,0.9533201231092439,0.6675289065909292,12.221006927134248,0.5956275784316498,0.63162883932624,0.656209181439685,0.7200519035635425,0.46198024136240634,10.077240422749595,0.404190394755102,1.558620562299522,0.9029121653838271,25.31284821875919,0.9077749994640011,0.8890331775738579,0.8982703672877455
0.835,0.9210286654205628,1.2216852521973063,0.3850240606661993,0.4039135493916402,6.1631206087474295,0.39115540367478635,0.9532338324527821,0.6655746615592096,12.20446726488239,0.5942386889286605,0.6299895051684008,0.6544455357595574,0.7212653733081799,0.4627130149046402,10.078237449517605,0.4042771327991167,1.558774769836168,0.9026106838438728,25.286853337199506,0.9083721175024044,0.8893079709191063,0.8983368470882552
0.8375,0.9206978123295317,1.2221341502223766,0.3837115807310545,0.4025724453070184,6.1625730420512435,0.3911298819412831,0.9531491417362662,0.6636226864841019,12.18784359749776,0.5928556568848371,0.6283564497034932,0.6526892508987372,0.722463941659806,0.46343575688538846,10.079241606752394,0.40436334437123234,1.5589300802235624,0.9022751258317662,25.26025102011409,0.908958066974414,0.8895707567667468,0.8983908771974114
0.84,0.920366451483813,1.2225786222288213,0.3824082701103933,0.4012400431315504,6.162035927967177,0.3911031564946873,0.9530660676980764,0.6616730636848737,12.171136643169786,0.5914785475052571,0.6267297848726227,0.6509405117334147,0.7236475663476117,0.4641484393773502,10.080252943947258,0.4044490217634072,1.5590865011167045,0.9019058535910504,25.233051812669952,0.9095328269907769,0.8898215261146292,0.8984324718153952
0.8425,0.9200345846554963,1.2230186842565685,0.38111414593326876,0.39991636288833216,6.161509374463246,0.39107524408459715,0.952984627037345,0.6597258755701244,12.154347134930568,0.5901074258309236,0.6251096222535082,0.649199502782278,0.7248162060050384,0.4648510350147357,10.08127151186369,0.404534157504169,1.5592440403667422,0.9015032252301811,25.205266067900325,0.9100963768608215,0.89006027035619,0.8984616460102911
0.845,0.9197022136046179,1.2234543527425534,0.3798292249125222,0.39860142419267286,6.160993489218564,0.39104616191401775,0.9529048364085204,0.6577812046356685,12.137475820918324,0.5887423567191161,0.6234960730099406,0.647466408077045,0.7259698201894355,0.4655435170050493,10.082297362548614,0.40461874436276024,1.559402706023638,0.9012439765355609,25.181832266704756,0.9106486961184398,0.8902869812979459,0.8984784157292477
0.8475,0.9193693400786764,1.2238856445124546,0.3785535233359083,0.3972952462427265,6.160488379587763,0.39101592763618276,0.9528267124158641,0.6558391334620672,12.120523464633708,0.5873834048235875,0.6218892478406107,0.6457414110295941,0.7271083694008774,0.46622585914038084,10.083330549350636,0.4047027753535187,1.5595625063386818,0.9016391027956904,25.177010133133585,0.9111897645474688,0.8905016511763186,0.8984827978088108
0.85,0.9190359658121597,1.2243125767730572,0.37728705705734844,0.39599784781024244,6.159994152565039,0.3909845593509509,0.9527502716078904,0.6538997447118268,12.103490845188965,0.5860306345746641,0.620289256927376,0.6440246942958651,0.7282318151000983,0.46689803580818745,10.084371126935096,0.4047862437405029,1.5597234497668198,0.9019929939959146,25.171352538872135,0.9117195622062974,0.8907042726738011,0.8984748099844772
0.8525,0.9187020925260792,1.2247351671052489,0.3760298414883268,0.39470924723145506,6.159510914747769,0.3909520756007651,0.9526755304717379,0.651963121126307,12.086378757550044,0.5846841101592922,0.6186962098830474,0.64231643963675,0.7293401197255094,0.4675600220015491,10.08541915129793,0.4048691430423734,1.5598855449687976,0.902305972849288,25.164869952458396,0.9122380694513075,0.890894838934466,0.8984544708995011
0.855,0.9183677219275133,1.2251534334576193,0.37478189158944897,0.39342946239812965,6.159038772299786,0.3909184953661635,0.9526025054274907,0.6500293455223514,12.069188012771667,0.5833438955010495,0.617110215698772,0.6406168277761891,0.7304332467092735,0.46821179332888685,10.086474679778105,0.4049514670375349,1.560048800813084,0.9025783616061386,25.157572738512652,0.9127452669588431,0.891073343578839,0.8984218001129886
0.8575,0.918032855709158,1.2255673941405927,0.3735432218621793,0.39215851074878144,6.158577830914294,0.39088383806083016,0.9525312128224417,0.6480985007886886,12.05191943822563,0.5820100542401435,0.6155313826910974,0.6389260382567246,0.7315111604924125,0.4688533260231361,10.087537771068613,0.40503320976954343,1.5602132263775714,0.9028104816962749,25.149471149125397,0.9132411357457952,0.891239780718141,0.8983768181072993
0.86,0.917697495548884,1.2259770678209774,0.3723138463407726,0.3908964092600875,6.158128195776457,0.39084812352617593,0.9524616689253066,0.6461706698821295,12.03457387782241,0.5806826497134285,0.6139598184488018,0.6372442492927789,0.7325738265389377,0.4694845969503735,10.08860848522585,0.4051143655527807,1.5603788309510265,0.9030026533817263,25.14057531556217,0.91372565718914,0.8913941449679196,0.8983195462947777
0.8625,0.9173616431093011,1.2263824735167947,0.3710937785844171,0.3896431744385056,6.157689971525675,0.3908113720254393,0.9523938899203893,0.6442459358235996,12.017152192226403,0.5793617449344958,0.6123956297795821,0.6355716376219439,0.7336212113489925,0.4701055836178979,10.089686883677318,0.40519492897839193,1.5605456240342814,0.9031551954207976,25.130895240303474,0.9141988130447245,0.8915364314610736,0.898250007023808
0.865,0.9170253000373313,1.2267836305922106,0.369883031669604,0.3883988223121183,6.157263262217581,0.39077360423729973,0.9523278919017037,0.6423243816940458,11.999655259064998,0.5780474025738195,0.6108389226566865,0.6339083783545886,0.7346532824710125,0.470716264181772,10.090773029227545,0.4052748949204826,1.5607136153411487,0.9032684247442007,25.120440789436866,0.9146605854654806,0.8916666358602905,0.8981682235841852
0.8675,0.9166884679637884,1.2271805587523792,0.3686816181827378,0.3871633684227176,6.15684817128576,0.39073484124899477,0.9522636908670533,0.640406090630252,11.982083973131791,0.5767396849389113,0.6092898021655909,0.632254644822113,0.7356700085129045,0.4713166174538319,10.091866986062147,0.4053542585425636,1.5608828147990508,0.9033426561439873,25.109221685417662,0.9151109570190875,0.891784754369888,0.8980742202117767
0.87,0.9163511485029707,1.2275732780379887,0.3674895502130024,0.38593682781814576,6.156444801503208,0.3906951045489362,0.9522013027120704,0.6384911458206072,11.964439246584243,0.5754386539545715,0.6077483724508096,0.6306106084241924,0.7366713591522588,0.4719066229081791,10.092968819749947,0.4054330153042343,1.5610532325493471,0.903378201975983,25.097247500213378,0.9155499107051599,0.8918907837470689,0.8979680220924202
0.8725,0.9160133432522621,1.2279618088193076,0.3663068393454967,0.38471921504490647,6.156053254943588,0.3906544160188196,0.9521407432242225,0.6365796305008582,11.946722009136103,0.5741443711433247,0.6062147366629388,0.6289764384753747,0.7376573051456081,0.47248626068716576,10.094078597243104,0.4055111609680843,1.5612248789473537,0.9033753718763492,25.084527648845945,0.9159774299720427,0.8919847213125681,0.8978496553649924
0.875,0.9156750537917518,1.2283461717895259,0.36513349665465133,0.38351054414106045,6.1556736329422375,0.39061279792522563,0.9520820280767829,0.6346716279498937,11.928933208244912,0.572856897606055,0.6046889969060342,0.6273523020514089,0.7386278183367543,0.4730555116068924,10.095196386875154,0.40558869160679634,1.561397764562041,0.9033344724928705,25.07107138334385,0.9163934987331586,0.892066564960675,0.8977191471235588
0.8775000000000001,0.9153362816838673,1.228726387957215,0.3639695326979405,0.38231082862941995,6.1553060360569996,0.39057027291071006,0.9520251728227715,0.6327672214855886,11.911073809294932,0.5715762940028518,0.6031712541854153,0.625738363835702,0.7395828716641808,0.47361435716223166,10.096322258356974,0.4056656036104262,1.561571900175409,0.9032558072314666,25.05688778711492,0.9167981013827723,0.8921363131685918,0.8975765254184747
0.88,0.9149970284730319,1.2291024786377496,0.362814957509898,0.38112008151105226,6.154950564028875,0.3905268639843851,0.9519701928888694,0.6308664944607504,11.893144795775783,0.570302620534096,0.6016616083559996,0.624134785966308,0.7405224391675725,0.47416277953139796,10.097456282770528,0.4057418936938332,1.56174729678152,0.9031396760183902,25.04198576974835,0.9171912228109089,0.892193965005081,0.8974218192563038
0.8825000000000001,0.9146572956853444,1.2294744654435819,0.3616697805964486,0.3799383152591044,6.1546073157425,0.3904825945119926,0.9519171035693064,0.6289695302592004,11.875147169457158,0.5690359369218111,0.6001601580712661,0.6225417278838733,0.7414464959934656,0.4747007615800763,10.098598532560445,0.4058175589042331,1.5619239655851962,0.9029863750784612,25.026374062252604,0.9175728484171344,0.8922395201383366,0.8972550585983698
0.885,0.9143170848282874,1.2298423702732952,0.3605340109295628,0.37876554181295957,6.15427638918649,0.3904374882054764,0.9518659200197263,0.6270764122920228,11.857081950559856,0.5677763023912791,0.5986670007329431,0.620959346180967,0.7423550184000437,0.47522828686512875,10.099749081523296,0.40589259662884136,1.562101918000362,0.9027961967296289,25.010061212733746,0.9179429641230681,0.8922729788429954,0.8970762743577435
0.8875000000000001,0.9139763973904672,1.2302062152994209,0.35940765694224286,0.37760177257273253,6.153957881413639,0.39039156911205664,0.9518166572510325,0.6251872239940088,11.838950177923403,0.5665237756529671,0.5971822324415201,0.6193877944532359,0.7432479837610978,0.47574533963789023,10.100908004794544,0.405967004602574,1.562281165648023,0.9025694291940601,24.993055582516504,0.9183015563838034,0.8922943420061985,0.8968854983944425
0.89,0.9136352348413878,1.2305660229550592,0.35829072652384547,0.3764470183941117,6.153651888501018,0.3903448616028185,0.9517693301232155,0.6233020488203229,11.820752909170492,0.5652784148847896,0.5957059479476788,0.6178272231528291,0.7441253705691627,0.4762519048470662,10.10207537883314,0.40604078091577134,1.562461720353887,0.9023063564258558,24.975365342708127,0.9186486121986016,0.8923036111325843,0.8966827635085761
0.8925000000000001,0.9132935986312658,1.230921815919399,0.3571832270157454,0.37530128958355324,6.153358505509951,0.3902973903608236,0.9517239533391633,0.6214209702434172,11.802491220868443,0.5640402777147199,0.5942382406047357,0.61627777944454,0.7449871584378378,0.47674796814124126,10.103251281403624,0.40611392402190905,1.562643594145593,0.9020072579554366,24.95699847120316,0.9189841191211854,0.8923007883480901,0.8964681034311742
0.895,0.9129514901908826,1.2312736171022922,0.3560851652073428,0.3741645958938313,6.153077826445907,0.3902491803687579,0.951680541438457,0.619544071750205,11.784166208687763,0.5628094212037724,0.5927792023221884,0.6147396070651222,0.7458333281032979,0.47723351587100543,10.104435791555753,0.40618643274526095,1.562826799249561,0.9016724087505223,24.93796275012479,0.9193080652697994,0.8922858764024216,0.8962415528123889
0.8975,0.9126089109314818,1.231621449628082,0.3549965473324146,0.3730369465199452,6.152809944218311,0.3902002568961299,0.9516391087911558,0.61767143683951,11.76577898755787,0.5615859018294131,0.5913289235204504,0.6132128461862186,0.7466638614249909,0.47770853509070293,10.105628989601467,0.40625830628847753,1.5630113480874301,0.9013020790935836,24.91826576369678,0.9196204393369308,0.8922588786700401,0.8960031472067707
0.9,0.9122658622447101,1.2319653368189474,0.3539173790658097,0.37191835009538493,6.15255495060028,0.3901506454860377,0.9515996695915687,0.6160046171660242,11.751173986452946,0.5603697754694664,0.5898874930868616,0.6116976332813603,0.7474787413855194,0.4781730135598042,10.10683095708918,0.4063295442400449,1.5631972532720813,0.9008965344755497,24.897914896538154,0.9199212305984101,0.8922197991495079,0.8957529230552816
0.9025,0.9119223455026026,1.2323053021780492,0.3528476655204833,0.3708088146887521,6.152312936188295,0.39010037194151825,0.9515622378520183,0.614372577660987,11.737100057424808,0.5591610973864719,0.5884549983330487,0.6101941009974661,0.7482779520896979,0.4786269397439014,10.108041776775268,0.4064001465815909,1.5633845276032279,0.9004560355054915,24.876917332370905,0.9202104289216029,0.8921686424610271,0.8954909176637258
0.905,0.9115783620576118,1.232641369372799,0.35178741124486745,0.3697083478007326,6.152083990361823,0.39004946231150583,0.9515268273965938,0.6127457785352879,11.722994104628457,0.5579599222122178,0.5870315249537159,0.6087023780312807,0.7490614787627693,0.4790703028153249,10.109261532592633,0.4064701136950049,1.5635731840625535,0.899980837835958,24.85528005313002,0.9204880247726217,0.8921054138420051,0.8952171691772608
0.9075,0.9112339132426762,1.2329735622185867,0.35073662022057045,0.3686169563614162,6.151868201242882,0.38999794287641265,0.9514934518548986,0.6111971305534944,11.71025266874772,0.5567663039324118,0.5856171569869312,0.6072225890111655,0.7498293077477716,0.4795030926533777,10.110490309616234,0.4065394463693416,1.5637632358083808,0.899471192103575,24.83300983846378,0.9207540092229398,0.8920301191404848,0.8949317165506719
0.91,0.9108890003713336,1.2333019046633018,0.34969529586039494,0.36753464672795516,6.151665655655561,0.38994584013335953,0.9514621246557887,0.6096915497558812,11.698208231386818,0.5555802958717447,0.5842119767759735,0.6057548543846498,0.7505814265020364,0.4799252998441827,10.111728194025495,0.40660814580747945,1.5639546961698574,0.8989273438844945,24.810113265611328,0.9210083739556068,0.8919427648062777,0.8946345995140923
0.9125,0.9105436247378638,1.2336264207729748,0.34866344100666863,0.3664614246825519,6.1514764390855134,0.3898931807810767,0.9514328590211077,0.6081911904627144,11.686136328460318,0.5544019506794308,0.5828160649328007,0.6042992903121309,0.7513178235928043,0.4803369156801402,10.112975273063475,0.40667621363250783,1.5641475786406396,0.8983495336642487,24.786596709644506,0.9212511112709187,0.8918433578796512,0.8943258585338819
0.915,0.9101977876174658,1.233947134718836,0.3476410579298719,0.3653972954307664,6.151300635639404,0.3898399917044997,0.9514056679594148,0.606696104918622,11.67403756932415,0.5532313203151942,0.5814295003031921,0.602856008567097,0.7520384886919463,0.48073793215899185,10.114231634992642,0.40674365189381884,1.5643418968720544,0.8977379968215556,24.76246634406001,0.9214822140914279,0.8917319059774399,0.8940055347684024
0.9175,0.9098514902664591,1.2342640707660522,0.3466281483275523,0.36434226360013106,6.151138328004335,0.38978629995908276,0.951380564259709,0.6052063455425635,11.661912580791148,0.5520684560356747,0.5800523599336108,0.601425116443218,0.7527434125697796,0.48112834198249,10.11549736904724,0.4068104630728817,1.5645376646657299,0.8970929636256164,24.737728141708686,0.9217016759662494,0.8916084172764596,0.893673670018456
0.92,0.9095047339225026,1.2345772532643455,0.3456247133235113,0.3632963332390594,6.150989597407243,0.38973213275485674,0.9513575604851491,0.6037219649316409,11.64976200737191,0.550913408381229,0.5786847190398323,0.6000067166686377,0.7534325870879767,0.4815081385546738,10.116772565382117,0.40687665008868146,1.564734895965682,0.8964146592464524,24.712387876048645,0.9219094910746647,0.8914729004941336,0.8933303066721989
0.9225,0.9091575198048298,1.234886706640642,0.3446307534672478,0.36225950781603483,6.150854523574263,0.38967751744025236,0.951336668966769,0.6022430158649235,11.637586511510078,0.5497662271631474,0.5773266509773738,0.5986009073277712,0.7541060051915683,0.48187731597975664,10.118057315017971,0.4069422163028029,1.5649336048498452,0.8957033037778537,24.686451122709887,0.922105654228998,0.8913253648662618,0.8929754876443905
0.925,0.9088098491144825,1.2351924553938212,0.34364626873364496,0.36123179021906493,6.150733184690099,0.389622481485717,0.9513179017971939,0.6007695513072198,11.625386773810831,0.5486269614512185,0.575978227213758,0.5972077817908819,0.7547636609000532,0.482235869059634,10.119351709782979,0.4070071655241462,1.5651338055210449,0.8949591122725367,24.659923261358685,0.9222901608766918,0.8911658201218924,0.8926092563098889
0.9275,0.9084617230345495,1.2354945240915722,0.34267125852288194,0.36021318275538516,6.150625657357367,0.38956705246714596,0.9513012708243507,0.5993016244127275,11.61316349326123,0.5474956595616111,0.5746395173026406,0.5958274286516984,0.7554055492976328,0.4825837932910241,10.12065584225082,0.407071502013258,1.5653355122974109,0.8941822947891369,24.632809477851293,0.9224630071014521,0.8909942764552884,0.8922316564313563
0.93,0.9081131427303909,1.2357929373692764,0.3417057216605575,0.35920368715139855,6.150532016555921,0.38951125804915365,0.9512867876451785,0.5978392885284926,11.600917387441143,0.5463723690451634,0.5733105888598233,0.5944599316732919,0.756031666522605,0.4829210848622592,10.121969805675088,0.4071352304862676,1.5655387396022342,0.8941948520314998,24.627748507895692,0.9226241896233108,0.8908107444950114,0.8918427320812161
0.9325,0.9077641093498501,1.2360877199307692,0.3407496563980077,0.3582033045528335,6.1504523356022,0.3894551259682072,0.9512744635993401,0.5963825971976058,11.588649192723377,0.5452571366760594,0.5719915075411756,0.5931053697424089,0.756642009755953,0.4832477406497523,10.123293693920191,0.40719835611841376,1.565743501953279,0.8942100617354793,24.623062300923593,0.9227737057975289,0.8906152352701817,0.891442527557942
0.935,0.9074146240234419,1.2363788965507632,0.3398030604128026,0.3572120355251063,6.150386686108564,0.3893986840156455,0.9512643097629333,0.5949316041620685,11.576359664461751,0.5441500084408671,0.5706823370224783,0.591763816832431,0.757236577209188,0.48356375821416525,10.124627601388783,0.40726088454715237,1.5659498139515577,0.8941852240403627,24.617574806085333,0.9229115536124065,0.8904077601740056,0.8910310872968535
0.9375,0.9070646878645156,1.2366664920786536,0.33886593080940763,0.35622988005387324,6.150335137942644,0.3893419600206059,0.9512563369422025,0.5934863633652645,11.564049577165768,0.5430510295279248,0.5693831389812086,0.590435341975095,0.7578153681115019,0.48386913579631313,10.125971622945917,0.4073228218748336,1.5661576902696015,0.8941205216746279,24.611291225205616,0.923037731686198,0.8901883309246924,0.8906084557756359
0.9400000000000001,0.9067143019693845,1.236950531443383,0.3379382641199945,0.35525683754575804,6.1502977591867145,0.38928498183287974,0.951250555667256,0.5920469289539722,11.551719724660709,0.5419602443170652,0.5680939730802721,0.5891200092410802,0.7583783826963068,0.4841638723128423,10.127325853840023,0.4073841746709357,1.5663671456392372,0.8940161343682518,24.604216607287047,0.9231522392633537,0.8899569595239201,0.8901746774148824
0.9425,0.9063634674174224,1.2372310396589974,0.33702005630538806,0.35429290682924036,6.150274616097105,0.38922777730571834,0.9512469761857882,0.5906133552798578,11.539370920231955,0.5408776963696819,0.5668148969536935,0.5878178777295352,0.7589256221872428,0.48444796735172446,10.12869038962093,0.4074449499738461,1.5665781948389084,0.893872238804403,24.596355847859783,0.9232550762102693,0.8897136582130368,0.8897297964740142
0.9450000000000001,0.906012185271121,1.2375080418305269,0.33611130275613643,0.35333808615569484,6.150265773063627,0.38917037427860895,0.9512456084568036,0.5891856969004001,11.527003996752416,0.5398034284191304,0.5655459661942741,0.5865290015665914,0.7594570887837415,0.48472142116761086,10.130065326055174,0.40750515529217535,1.5667908526805758,0.8936890085838013,24.58771368865183,0.9233462430106627,0.8894584394272058,0.8892738569429933
0.9475,0.9056604565761126,1.2377815631597993,0.3352119982936924,0.3523923732005671,6.150271292569081,0.38911280056004205,0.9512464621443542,0.587764008579193,11.514619806792075,0.5387374823614708,0.5642872343432169,0.5852534299128656,0.7599727856462439,0.48498423467709717,10.131450759038792,0.4075647986055937,1.5670051339962305,0.8934666142019854,24.578294717585333,0.9234257407606975,0.8891913157477408,0.8888069024303051
0.9500000000000001,0.9053082823611507,1.2380516289508308,0.3343221371716943,0.3514557650646759,6.150291235148797,0.3890550839102871,0.9512495466112822,0.5863483452855814,11.502219222708646,0.5376798992465424,0.5630387528817227,0.583991206979934,0.7604727168811685,0.48523640945394575,10.132846784507885,0.40762388836517505,1.5672210536240594,0.8932052230397559,24.568103369105504,0.9234935711639476,0.8889122998528797,0.8883289760477312
0.9525,0.9049556636380561,1.2383182646144588,0.3334417130773375,0.3505282582756324,6.150325659350275,0.38899725202419816,0.9512548709129774,0.5849387621935913,11.489803136718512,0.5366307192693703,0.5618005712245552,0.5827423720557158,0.7609568875257375,0.48547794772431935,10.134253498347245,0.4076824334932366,1.5674386263943139,0.8929049993670662,24.557143924849044,0.9235497365262767,0.888621404467283,0.8878401202924868
0.9550000000000001,0.9046026014016282,1.2385814956719334,0.33257071913282427,0.3496098487893654,6.150374621692894,0.38893933251406526,0.9512624437911447,0.5835353146801165,11.477372460947032,0.5355899817618928,0.5605727367155737,0.5815069595386779,0.7614253035327603,0.4857088523620721,10.135670996297304,0.4077404433826602,1.5676578671149175,0.8925661043606534,24.545420514659437,0.9235942397507344,0.8883186423105353,0.8873403769273254
0.9575,0.9042490966295202,1.2388413477572457,0.3317091478968861,0.34870053199174506,6.150438176627738,0.38888135289253023,0.9512722736675918,0.582138058322325,11.464928127457526,0.5345577251849931,0.5593552946252194,0.5802849989807314,0.7618779717554742,0.48592912688415196,10.137099373859687,0.4077979278956813,1.5678787905568583,0.8921886961356837,24.53293711795631,0.9236270843326347,0.8880040260449558,0.8868297868592611
0.96,0.90389515028209,1.2390978466180382,0.330856991366367,0.3478003027002966,6.150516376497513,0.38882334055558454,0.9512843686380289,0.5807730785,11.452984398326187,0.5335339871208005,0.558148288149951,0.5790765151386629,0.7623148999325468,0.48613877544615736,10.138538726201679,0.40785489736213376,1.5681014114394123,0.8917729297916812,24.51969756546596,0.9236482743549684,0.8876775682230184,0.8863083900175728
0.9625,0.9035407633022206,1.239351018115023,0.3300142409778608,0.3469091551659934,6.150609271496634,0.3887653227656637,0.9512987364658956,0.5795569038292285,11.443844096958655,0.532518804265218,0.556951758413606,0.577881528033899,0.7627360966733253,0.48633780283809463,10.139989148059836,0.4079113625771367,1.5683257444152365,0.8913189574729659,24.505705541319376,0.9236578144839938,0.8873392812346894,0.8857762252317785
0.965,0.9031859366151215,1.2396008882199094,0.32918088760939485,0.3460270830751255,6.150716909631415,0.38870732663485597,0.9513153845762033,0.5783473169799844,11.434706168074312,0.5315122124206743,0.5557657444706704,0.576700053020381,0.7631415714434261,0.48652621448037775,10.141450733643012,0.40796733479821395,1.5685518040553694,0.8908269284438182,24.49096458552349,0.9236557099643619,0.886989177254993,0.8852333301102908
0.9675,0.9028306711281078,1.2398474830119235,0.32835692158215013,0.34515407955123106,6.150839336680455,0.38864937910823816,0.9513343200494093,0.5771443691137895,11.42557148000335,0.5305142464890842,0.5545902833114259,0.5755321008602742,0.7635313345507403,0.4867040164201062,10.14292357653502,0.40802282574183474,1.5687796048341758,0.8902969891785144,24.47547809681032,0.9236419666133142,0.8866272681921078,0.8846797409204548
0.97,0.902474967730366,1.2400908286730672,0.3275423326622109,0.34429013715708534,6.150976596155191,0.3885915069473534,0.9513555496153143,0.5759481115256794,11.416440918083554,0.5295249404650201,0.5534254098689422,0.5743776778072258,0.76390539713193,0.4868712153276547,10.144407769597171,0.4080778475793703,1.569009161114273,0.8897292834663549,24.459249335867575,0.9236165908143168,0.8862535656362948,0.8841154924706924
0.9725,0.902118827292703,1.2403309514823373,0.3267371100623346,0.3434352478967374,6.151128729260647,0.3885337367138437,0.951379079646992,0.5747585956339643,11.40731538450402,0.5285443274290832,0.5522711570278722,0.573236785696827,0.7642637711394754,0.48702781849360527,10.14590340487081,0.4081324129324578,1.569240487131456,0.8891239525317428,24.442281428952967,0.923579589510478,0.88586808080996,0.883540617995463
0.975,0.9017622506672844,1.240567877809162,0.32594124244373296,0.3425894032175844,6.151295774856411,0.3884760947532477,0.9514049161547536,0.5735758729689218,11.398195798121424,0.5275724395414675,0.5511275556350013,0.5721094220439239,0.764606469329332,0.48717383382604507,10.147410573480052,0.4081865348677719,1.5694735969796556,0.8884811351693145,24.424577371893236,0.9235309701967848,0.8854708245191366,0.8829551490437486
0.9775,0.901405238687359,1.2408016341063544,0.3251547179178553,0.3417525940124754,6.151477769417842,0.3884186071789752,0.9514330647801484,0.5723999951603777,11.389083094247901,0.5266093080357062,0.5499946345114973,0.5709955801463824,0.7649335052492411,0.48730926984825257,10.148929365534844,0.4082402268912019,1.5697085045959425,0.8878009678940769,24.406140034467466,0.92347074091,0.885061807106673,0.8823591153717579
0.98,0.9010477921669715,1.241032246902892,0.3243775240481636,0.3409248106218332,6.151674746997559,0.3883612998564679,0.9514635307900062,0.571231013924124,11.379978224409493,0.5256549632126041,0.5488724204667959,0.5698952491948825,0.7652448932277379,0.4874341356967888,10.15045987003444,0.4082935029414379,1.5699452237455995,0.8870835851064381,24.386972165172924,0.9233989102169335,0.8846410384074026,0.8817525448405351
0.9825,0.9006899119006612,1.241259742796835,0.32360964785189006,0.34010604283578355,6.151886739187204,0.38830419838755237,0.9514963190705241,0.5700689810471224,11.370882156074044,0.5247094344343671,0.5477609383140523,0.568808414388301,0.7655406483638879,0.4875484411200097,10.152002174771384,0.40834637738297236,1.5701837680072712,0.8863291192719728,24.367076396370187,0.9233154872028717,0.8842085277055657,0.8811354633191357
0.985,0.900331598663143,1.241484148448667,0.32285107580176575,0.3392962798962813,6.152113775079538,0.38824732809499457,0.9515314341214038,0.5689139483714376,11.361795872347418,0.5237727501189323,0.5466602108870866,0.5677350570542118,0.7658207865177784,0.487652196477009,10.153556366236069,0.40839886499852435,1.5704241507582015,0.8855377011157015,24.34645524980316,0.9232204814611414,0.883764283694745,0.8805078945940091
0.9875,0.8999728532089692,1.2417054905753095,0.32210179382771076,0.3384955104992205,6.152355881230885,0.388190714007259,0.9515688800500428,0.5677659677768429,11.352720371636925,0.5228449377344963,0.5455702590587362,0.5666751547740163,0.7660853243017921,0.4877454127370037,10.155122529521924,0.40845098098090116,1.5706663851595701,0.8847094598306134,24.325111142488016,0.9231139030839131,0.8833083144405679,0.8798698602852124
0.99,0.899613676272167,1.2419237959450025,0.3213617873184756,0.337703722796519,6.1526130816239775,0.3881343808434789,0.9516086605657881,0.5666250911620415,11.343656667280753,0.5219260237942341,0.5444911017605303,0.5656286815121987,0.7663342790726776,0.4878281014791664,10.156700748231293,0.40850274092430805,1.570910484141934,0.8838445233001032,24.3030463929641,0.9229957626540999,0.8828406273464162,0.8792213797700316
0.9925,0.8992540685658493,1.2421390913731845,0.3206310411232232,0.3369209043981634,6.1528853976312385,0.38807835299864035,0.9516507789742565,0.5654913704244515,11.33460578714238,0.5210160338511916,0.5434227560035974,0.5645956077491947,0.7665676689244332,0.4879002748929113,10.158291104381998,0.4085541608151264,1.5711564603907762,0.8829430183339536,24.2802632278982,0.9228660712382157,0.8823612291223868,0.878562470114572
0.995,0.8988940307817899,1.2423514037194172,0.3199095395530426,0.3361470423742058,6.153172847978543,0.3880226545289834,0.9516952381717306,0.5643648574384976,11.325568773168879,0.5201149924933337,0.5423652369007089,0.5635759006173461,0.7667855126820179,0.4879619457786368,10.159893678314708,0.40860525702217626,1.5714043263321789,0.8820050709174213,24.256763789032618,0.9227248403802158,0.8818701257577152,0.8778931460138235
0.9975,0.898533563589964,1.242560759885342,0.3191972663823855,0.3353821232566997,6.15347544870952,0.3879673091376222,0.9517420406396366,0.5632456040323686,11.316546680912241,0.5192229233387334,0.5413185576893651,0.562569524039415,0.7669878298958979,0.48801312754892395,10.161508548601095,0.40865604628648494,1.5716540941186183,0.881030806472945,24.232550140465857,0.9225720820965144,0.8813673224968771,0.8772134197406743
1.0,0.8981726676380456,1.2427671868135521,0.31849420485041885,0.33462613304156646,6.153793213150461,0.38791234016038917,0.9517911884391177,0.5621336619632002,11.307540579012992,0.5183398490308819,0.5402827297558236,0.5615764388691237,0.7671746408374348,0.48805383423019233,10.16313579195288,0.4087065457105834,1.571905775614897,0.8800203501339324,24.207624276253576,0.9224078088721407,0.8808528238195623,0.8765233011042876
1.0025,0.8978113435508607,1.2429707114872082,0.31780033766228544,0.3338790571903826,6.154126151875888,0.3878577705519024,0.9518426832057072,0.5610494824069929,11.298962374026784,0.5174657912340994,0.5392577626599754,0.5605966030331995,0.7673459664951205,0.48808408046480695,10.164775483131809,0.4087567727473507,1.5721593823842195,0.8789738270300175,24.18198812831564,0.9222320336569455,0.8803266334246905,0.8758227974182028
1.0050000000000001,0.8974495919297921,1.2431713609301625,0.31711564699027023,0.33314088063208097,6.154474272674856,0.3878036228718639,0.9518965261441182,0.5602949347501985,11.296899970890708,0.5166007706290268,0.5382436641609708,0.5596299716743941,0.7675018285716565,0.48810388151363004,10.166427694860683,0.4088067451884291,1.5724149256744324,0.8778913625831127,24.155643574633846,0.9220447698603464,0.8797887542186219,0.8751119134784557
1.0075,0.8970874133521354,1.2433691622072824,0.31644011447486625,0.33241158776455976,6.154837580518079,0.3877499192715888,0.9519527180231582,0.5595517609346158,11.294951682198562,0.5157448069081779,0.5372404402434987,0.5586764972949709,0.7676422494818713,0.4881132532590078,10.168092497735469,0.40885648115223094,1.5726724164044301,0.8767730828135191,24.128592447722706,0.9218460313446706,0.879239188307694,0.8743906515519496
1.01,0.8967248083704048,1.243564142424666,0.3157737212257402,0.33169116245619285,6.155216077525938,0.3876966814807764,0.952011259170781,0.5588146209157074,11.293009794805226,0.514897918771544,0.5362480951446268,0.5577361299001525,0.7677672523514658,0.48811221220817447,10.169769960138671,0.4089059990715574,1.572931865150757,0.8756191146552585,24.100836543354053,0.9216358324183825,0.8786779369951694,0.8736590113752158
1.0125,0.896361777511591,1.2437563287293898,0.31511644782259707,0.3309795880472405,6.155609762937483,0.3876439307945262,0.9520721494692923,0.5580835463172857,11.291074787073908,0.5140601239222762,0.5352666313811105,0.5568088171410406,0.7678768610165629,0.48810077549705555,10.171460148154003,0.4089553176808463,1.5731932821344086,0.8744295862797355,24.07237762951385,0.9214141878300541,0.8781050007826698,0.8729169901636368
1.0150000000000001,0.8959983212763712,1.2439457483084628,0.3144682743159449,0.33027684735115703,6.156018633080488,0.38759168806061045,0.9521353883507185,0.5573585687481217,11.289147148726435,0.5132314390623948,0.5342960497770801,0.5558945044565342,0.7679711000240342,0.4880789608944422,10.17316312548251,0.40900445600306784,1.5734566772078604,0.8732046274267181,24.043217455567543,0.9211811127630577,0.8775203793761085,0.8721645826311012
1.0175,0.8956344401382794,1.2441324283866677,0.3138291802277626,0.3295829226557955,6.1564426813426865,0.3875399736670157,0.9522009747923577,0.5566397197728568,11.28722738030927,0.5124118798884204,0.5333363494920184,0.554993135213783,0.7680499946325626,0.48804678680650415,10.17487895336023,0.40905343333627997,1.5737220598423307,0.8723490307361284,24.024502129955042,0.9209366228307906,0.8769240716961156,0.8714017810199672
1.02,0.8952701345428369,1.2443163962230215,0.31319914455207526,0.32889779572450983,6.156881898144231,0.38748880752976717,0.9522689073125196,0.5559270308814581,11.285315992625728,0.5116014610870238,0.5323875280489424,0.5541046508467374,0.768113570814389,0.4880042722816014,10.176607690477505,0.4091022692398573,1.5739894391153024,0.8718138769457413,24.01488931707974,0.9206807340725073,0.8763160758928926,0.870628575141118
1.0225,0.8949054049066525,1.2444976791056466,0.312578145755441,0.328221447797158,6.157336270911512,0.38743820908105103,0.9523391839664767,0.5552205334572444,11.283413506134956,0.5108001963307678,0.5314495813627034,0.55322899099237,0.7681618552576789,0.48795143701534865,10.178349392899976,0.4091509835204024,1.5742588236983022,0.8712397465164106,24.004481262589284,0.9204134629498558,0.8756963893653958,0.869844952423786
1.025,0.8945402516165002,1.2446763043449192,0.3119661617773561,0.32755385959100647,6.157805784052384,0.3873881972576587,0.9524118023426326,0.5545202587435215,11.281520450318329,0.510008098273966,0.5305225037683176,0.5523660936241579,0.7681948753694285,0.4878883013558772,10.18010411399136,0.4091995962173461,1.5745302218449573,0.8706267393035878,23.99327931378565,0.9201348263440845,0.8750650087847007,0.8690508979747203
1.0275,0.8941746750283809,1.2448522992648436,0.3113631700305835,0.32689501130154214,6.158290418932901,0.3873387904897702,0.9524867595589234,0.5538262378088687,11.279637363013986,0.5092251785486075,0.5296062880492467,0.551515895182444,0.7682126592788264,0.4878148863092339,10.181871904338042,0.40924812758824336,1.5748036413793323,0.8699749582598764,23.981284832718686,0.9198448415538167,0.8744219301213526,0.8682463946461769
1.03,0.8938086754665753,1.245025691192686,0.31076914740141215,0.326244882603194,6.158790153855646,0.3872900066901061,0.9525640522594658,0.553138501511112,11.277764789720283,0.5084514477602139,0.5287009254655342,0.5506783307012986,0.7682152358409574,0.4877312135448524,10.183652811675378,0.40929659809376645,1.5750790896845306,0.86928450968565,23.968499203138652,0.9195435262932308,0.8737671486764751,0.8674314231121188
1.0325,0.8934422532227008,1.2451965074469993,0.3101840702498508,0.325603452649969,6.15930496403968,0.387241863243472,0.9526436766114565,0.5524570804600359,11.275903282868947,0.5076869154837034,0.5278064057817156,0.5498533339315379,0.7682026346407437,0.48763730540102035,10.185446880815807,0.4093450283823985,1.5753565736915753,0.8685555034802946,23.954923837493915,0.9192308986905006,0.8731006591163561,0.8666059619519142
1.035,0.8930754085547769,1.245364775324239,0.30960791440976393,0.32497070007600626,6.1598348216022245,0.387194376996727,0.9527256283023389,0.5517820049788682,11.27405340106872,0.506931590259211,0.5269227172944084,0.5490408374595579,0.7681748859969945,0.48753318489027336,10.187254153578522,0.4093934392748286,1.5756360998685328,0.8677880533927104,23.94056018393944,0.9189069772864259,0.8724224555102088,0.86576998774076
1.0375,0.892708141686308,1.245530522084249,0.309040655188953,0.32434660299605217,6.160379695542088,0.3871475642492065,0.952809902537239,0.5511133050645822,11.272215708320212,0.5061854795878339,0.5260498468594892,0.5482407728216748,0.7681320209664337,0.48741887570463144,10.18907466872069,0.4094418517480501,1.5759176742098726,0.8669822772696247,23.92540973331983,0.9185717810332201,0.8717325313707658,0.8649234751459812
1.04,0.8923404528053934,1.2456937749349495,0.3084822673691855,0.32373113900585987,6.160939551724892,0.38710144074363095,0.9528964940366816,0.5504510103470532,11.270390773202719,0.505448589927385,0.5251877799187626,0.5474530706136732,0.7680740713475727,0.487294402220604,10.190908461869977,0.4094902869191652,1.576201302226034,0.8661382973002414,23.909474026089438,0.9182253292934035,0.8710308796973523,0.8640663970283077
1.0425,0.8919723420638679,1.2458545610165972,0.3079327252061762,0.32312428518251496,6.161514352870128,0.38705602165753505,0.9529853970345872,0.5497951500471048,11.268579168033627,0.504720926688216,0.524336500526028,0.546677660595285,0.7680010696842896,0.48715978950388533,10.19275556545816,0.40953876602890077,1.5764869889331548,0.865256240255718,23.892754659130755,0.9178676418387456,0.8703174930210648,0.8631987245472084
1.045,0.8916038095764797,1.2460129073859978,0.30739200242951803,0.32252601808468717,6.162104058540043,0.3870113215952499,0.9530766052765539,0.5491457529334776,11.266781468001048,0.5040024942291266,0.5234959913724385,0.5459144717893494,0.7679130492689866,0.4870150633136671,10.194616008655625,0.40958731042484287,1.5767747388429427,0.8643362377219581,23.875253292432372,0.9174987388491778,0.869592363451675,0.86232042726933
1.0475,0.8912348554201105,1.2461688410010505,0.306860072242565,0.32193631375281007,6.162708625130389,0.38696735458047093,0.9531701120184258,0.5485028472787498,11.264998250270237,0.5032932958533495,0.5226662338110609,0.545163432575412,0.7678100441451956,0.4868602501065011,10.196489817306423,0.4096359415444042,1.5770645559526304,0.863378426324243,23.856971655587742,0.9171186409115344,0.8688554827258884,0.8614314732791045
1.05,0.8908654796330392,1.246322388705974,0.3063369073222624,0.321355147709185,6.163328005863018,0.3869241340494437,0.9532659100251489,0.5478664608142368,11.263230093064404,0.5025933338045908,0.5218472078805291,0.5444244707775594,0.7676920891095209,0.4866953770396545,10.198377013863604,0.4096846808975417,1.5773564437349723,0.8623829479422639,23.837911554077113,0.9167273690179227,0.8681068422565956,0.8605318292906169
1.0525,0.890495682214255,1.2464735772174989,0.3058224798189219,0.32078249495800987,6.163962150780307,0.38688167284479935,0.9533639915699071,0.5472366206839002,11.261477574720395,0.5019026092630782,0.5210388923276991,0.5436975137463013,0.7675592197128173,0.48652047197390547,10.200277617324561,0.40973355004925055,1.577650405128246,0.8613499499141942,23.81807487529665,0.9163249445634803,0.8673464331827723,0.8596214607598504
1.055,0.8901254631228157,1.2466224331122682,0.30531676135593744,0.32021832998532773,6.164611006741394,0.38683998321006496,0.953464348433542,0.5466133533972892,11.259741272719884,0.5012211223416193,0.5202412646292093,0.5429824884343372,0.7674114722605221,0.4863355634757446,10.202191643165992,0.40978257060186707,1.577946442526192,0.8602795852285529,23.797463594300858,0.9159113893433983,0.8665742464197219,0.8587003319965137
1.0575,0.8897548222772547,1.2467689828155766,0.30481972302943533,0.3196626267588926,6.165274517420224,0.38679907678487746,0.9535669719042488,0.5459966847815475,11.25802176269669,0.5005488720816805,0.5194543010118543,0.5422793214660778,0.767248883812082,0.4861406808189542,10.204119103278318,0.40983176417722306,1.5782445577678708,0.8591720127027113,23.776079779227626,0.9154867255493182,0.8657902727093787,0.8577684062747083
1.06,0.8893837595550378,1.2469132525915068,0.304331335407853,0.31911535872794894,6.165952623305318,0.3867589646009212,0.9536718527775421,0.5453866399325187,11.256319617420939,0.4998858564494901,0.5186779764716926,0.5415879392008199,0.7670714921794376,0.4859358539855585,10.206060005899166,0.40988115239870343,1.5785447521273748,0.8580273971470666,23.753925596378462,0.9150509757654085,0.8649945026704395,0.8568256459418089
1.0625,0.8890122747920632,1.2470552685344127,0.30385156853144124,0.31857649882291944,6.166645261701297,0.3867196570786099,0.9537789813564905,0.5447832431649884,11.25463540576095,0.4992320723321471,0.5179122647918094,0.5409082677894947,0.7668793359245561,0.4857211136661433,10.208014355545815,0.40993075687326797,1.5788470263033796,0.8568459095140342,23.731003314930476,0.9146041629644133,0.8641869268481317,0.8558720125250106
1.065,0.8886403677822104,1.247195056561615,0.30338039191168215,0.31804601945499866,6.167352366732068,0.38668116402452524,0.9538883474522102,0.5441865179621092,11.25296969162384,0.4985875155337229,0.5171571385586742,0.5402402332249576,0.7666724543560289,0.4854964912595687,10.209982152946345,0.4099805991735094,1.5791513804084958,0.8556277270312113,23.707315311261,0.9141463105038421,0.8633675357634736,0.8549074668351346
1.0675000000000001,0.8882680382769306,1.2473326424070819,0.3029177745306189,0.3175238925156482,6.16807386934567,0.3866434946296253,0.953999940384614,0.5435964869240668,11.251323032876074,0.4979521807713424,0.5164125691770348,0.5395837613858037,0.7664508875247793,0.48526201887210385,10.211963394969457,0.4100307008198269,1.5794578139584132,0.854373033318219,23.68286407287034,0.913677442122316,0.8625363199619293,0.8539319690673699
1.07,0.8878952859848828,1.2474680516158003,0.3024636848400926,0.3170100893759906,6.168809697320737,0.38660665746822725,0.9541137489834111,0.5430131717160493,11.249695980245438,0.4973260616712431,0.5156785268833125,0.5389387780737384,0.7662146762189499,0.4850177293160319,10.213958074552885,0.41008108326280623,1.5797663258608294,0.8530820184869243,23.657652201892542,0.9131975819358553,0.8616932700614097,0.8529454788987666
1.0725,0.8875221105716116,1.2476013095385,0.3020180907608823,0.31650458088610134,6.169559775274549,0.3865706604977677,0.9542297615893522,0.5425422113684749,11.250279202492719,0.4967091507648155,0.5149549807574695,0.5383052090445609,0.7659638619580722,0.48476365610778366,10.215966180630481,0.41013176786589833,1.5800769144041726,0.852291574019274,23.646572853506825,0.9127067544335508,0.8608383767996051,0.851947955582393
1.075,0.8871485116592688,1.2477324413263458,0.30158095968174864,0.3160073373741984,6.170324024672639,0.3865355110593376,0.9543479660557158,0.5421617415057257,11.252625009504861,0.4961014394846342,0.5142418987333384,0.5376829800328522,0.7656984869866363,0.4844998334656695,10.217987698058144,0.4101827758884996,1.5803895772461436,0.8518265857715929,23.64478345316566,0.9122049844723428,0.859971631080684,0.8509393580381772
1.0775000000000001,0.8867744888263784,1.2478614719252383,0.30115225845837906,0.31551832864573076,6.171102363839947,0.38650121587898584,0.9544683497500326,0.5417868819549019,11.254974894041744,0.4955029181604618,0.51353924760742,0.5370720167704919,0.7654185942672088,0.48422629630729036,10.220022607538764,0.410234128469533,1.5807043114021089,0.851319485712428,23.64208837352844,0.9116922972715029,0.8590930240214166,0.8499196449405424
1.08,0.8864000416076467,1.247988426069364,0.30073195341224107,0.3150375239823694,6.171894707973524,0.3864677810697822,0.9545908995560513,0.5414176439305888,11.257329070296068,0.4949135760151802,0.5128469930461662,0.536472244999161,0.7651242274732635,0.4839430802467119,10.222070885546666,0.41028584661163076,1.5810211132334133,0.8507703357976152,23.638487010903923,0.9111687184077615,0.8582025469968086,0.8488887748030229
1.0825,0.8860251694938199,1.2481133282737085,0.30032001032934547,0.3145648921409075,6.172700969156748,0.3864352121346257,0.9547156018759363,0.5410540376534079,11.259687744058418,0.4943334011606788,0.5121650995917886,0.535883590477015,0.7648154309819042,0.48365022159149923,10.224132504251838,0.41033795116601274,1.5813399784356612,0.8501792049188053,23.633978871128477,0.9106342738116058,0.8573001916853534,0.8478467060601177
1.085,0.8856498719315897,1.2482362028253027,0.2999163944589298,0.3141004013520756,6.173521056375093,0.3864035139697831,0.954842442632708,0.5406960722990228,11.262051111687446,0.4937623805937628,0.5114935306666384,0.535305978979743,0.7644922498666786,0.48334775733970314,10.22620743144466,0.4103904628181459,1.5816609020270749,0.8495461689533144,23.62856357142941,0.910088989764755,0.8563859501140149,0.8467933971466688
1.0875000000000001,0.8852741483235532,1.2483570737730856,0.2995210705120719,0.3136440193192842,6.17435487553345,0.38637269086913767,0.9549714072729205,0.540343755947106,11.264419359075463,0.4932005001921099,0.5108322485762274,0.5347393362962489,0.7641547298906848,0.48303572517690085,10.228295630461673,0.41044340207425595,1.5819838783370122,0.8488713108029742,23.622240842021927,0.9095328928985531,0.8554598147030693,0.8457288065751003
1.09,0.8848979980282247,1.2484759649163584,0.2991340026602465,0.31319571321730455,6.175202329475012,0.38634274652912964,0.9551024807695832,0.5399970955304143,11.266792660612584,0.4926477447103187,0.5101812145109629,0.5341835882192197,0.763802917500187,0.4827141634733871,10.23039706011321,0.4104967892487458,1.5823089009947744,0.8481547204228038,23.615010527461504,0.9089660101929515,0.85452177831092,0.8446528930108522
1.0925,0.8845214203601061,1.2485928997919262,0.29875515453384227,0.31275544969090374,6.176063318001777,0.3863136840543648,0.9552356476253318,0.539656096784129,11.269171178152662,0.49210409777609554,0.5095403885466887,0.5336386605308587,0.763436859818954,0.48238311128161326,10.232511674613681,0.41055064445255085,1.5826359629188236,0.8473964948402721,23.606872587771782,0.9083883689760198,0.8535718342790051,0.843565615346349
1.095,0.8841444145898163,1.2487079016601388,0.29838448922065575,0.3123231948534507,6.176937737896665,0.38628550596386807,0.9553708918758489,0.5393207641956169,11.271555059984223,0.49156954188651525,0.5089097296441331,0.5331044789840874,0.7630566046435431,0.48204260833397045,10.234639423515462,0.4106049875824394,1.582965056306557,0.8465967381658195,23.597827099366025,0.9077999969242984,0.8526099764769008,0.8424669327738321
1.0975,0.8837669799442813,1.2488209934901313,0.2980219692643857,0.31189891428551314,6.177825482947333,0.38625821419795975,0.955508197093548,0.538991100954769,11.273944439809709,0.49104405840424226,0.508289195647366,0.5325809692795259,0.762662200439742,0.4816926950410051,10.236780251647343,0.4106598383112324,1.583296172624787,0.8457555615952024,23.587874255776956,0.907200922064537,0.8516361993477148,0.8413568048573538
1.1,0.8833891156069804,1.2489321979446664,0.2976675566631493,0.3114825730334669,6.178726443971684,0.3862318101257283,0.9556475463915177,0.5386671089050791,11.276339435736272,0.4905276275538698,0.5076787432813882,0.5320680570385788,0.7622536963403838,0.4813334124901557,10.238934099058536,0.4107152160788898,1.583629302601081,0.8448730834040984,23.57701436820681,0.906591172777654,0.8506504979538576,0.8402351916042137
1.1025,0.8830108207182583,1.2490415373650283,0.29732121286804686,0.31107413560814207,6.179640508845131,0.386206294553077,0.9557889224277404,0.5383487884956205,11.278740149281441,0.49002022841861353,0.50707832814897,0.5315656677729624,0.7618311421447412,0.48096480244508777,10.241100900969405,0.4107711400843738,1.5839644362161416,0.8439494289352603,23.565247865905494,0.9059707778062128,0.8496528680232497,0.8391020535360687
1.105,0.8826320943756879,1.2491490337564513,0.29698289878180295,0.31067356598353213,6.180567562529681,0.3861816677313182,0.9559323074095886,0.5380361387340804,11.281146664396857,0.48952183893745216,0.5064879047268667,0.5310737268510148,0.7613945883196933,0.48058690734570364,10.243280587729844,0.4108276292781677,1.5843015626973678,0.8429847305783928,23.55257529638129,0.9053397662653514,0.8486433059960419,0.8379573517599357
1.1075,0.882252935634487,1.2492547087745716,0.2966525747575132,0.31028082759559383,6.181507487104837,0.38615792936629345,0.9560776830986056,0.5377291571410121,11.283559046513338,0.489032435902567,0.5059074263615432,0.5305921594611392,0.7609440860028506,0.4801997703088909,10.245473084786546,0.41088470235529206,1.5846406705137936,0.8419791277427724,23.53899732544491,0.9046981676516722,0.8476218090718857,0.8368010480392488
1.11,0.8818733435079843,1.2493585837133436,0.29633020059752896,0.3098958833411676,6.182460161800397,0.38613507862799235,0.9562250308155789,0.5374278397054661,11.285977341610423,0.48855199495679397,0.5053368452645407,0.5301208905727315,0.7604796870078058,0.47980343513006934,10.247678312660083,0.41094237774863207,1.5849817473725427,0.8409327668225339,23.52451473708458,0.9040460118472746,0.8465883752578125,0.8356331048651319
1.1125,0.881493316968122,1.2494606794948053,0.29601573555251215,0.30951869557705164,6.183425463031167,0.38611311416064825,0.9563743314459076,0.5371321808421605,11.288401575313712,0.48808049059126746,0.5047761125076238,0.529659844894953,0.7600014438316591,0.4793979462855814,10.249896186932931,0.41100067362235476,1.5853247802169763,0.8398458011544317,23.509128433166996,0.9033833291251108,0.8455430034167598,0.834453485527996
1.115,0.8811128549459925,1.2495610166609672,0.29570913832069634,0.30914922611926116,6.184403264433646,0.3860920340932842,0.956525565445278,0.5368421733503522,11.29083175202309,0.48761789614362155,0.5042251780178457,0.5292089468337039,0.7595094096649458,0.4789833489359681,10.252126618249303,0.41105960786517504,1.585669755226667,0.838718390967824,23.49283943295702,0.9027101501589138,0.8444856933167936,0.8332621541895864
1.1175,0.8807319563323954,1.2496596153679898,0.295410367047389,0.3087874362425087,6.185393436904688,0.3860718360506849,0.9566787128456421,0.5365578083745788,11.29326785407518,0.48716418379681675,0.5036839905726762,0.5287681204471602,0.7590036384040673,0.47855968893015116,10.254369512327775,0.41111919808320296,1.5860166578193526,0.8375507033265546,23.47564887244718,0.902026506036932,0.8434164456810729,0.8320590759555614
1.12,0.8803506199784125,1.2497564953826676,0.2951193793247526,0.30843328667994185,6.1863958486421895,0.3860525171647684,0.9568337532615117,0.5362790753674356,11.29570984094331,0.4867193245785717,0.5031524977953329,0.5283372894002389,0.758484184666297,0.478127012810537,10.256624769987386,0.4111794615920968,1.5863654726549714,0.836342912062406,23.457558003487744,0.9013324282787608,0.8423352622386011,0.8308442169487098
1.1225,0.8799688446959786,1.2498516760810985,0.2948361321919025,0.3080867376231736,6.18741036518784,0.3860340740863306,0.9569906658965693,0.5360059620545632,11.298157648478336,0.4862832883614108,0.5026306461504609,0.527916376918351,0.7579511038074032,0.47768536781903864,10.258892287187972,0.41124041540823186,1.5867161836419021,0.8350951976997738,23.43856819270751,0.9006279488548056,0.8412421457758164,0.829617544382885
1.125,0.8795866292584529,1.2499451764492624,0.29456058213535935,0.30774774872264377,6.18843684947192,0.386016502997133,0.9571494295505983,0.5357384544020193,11.300611188193745,0.48585604386336445,0.5021183809403074,0.527505305740807,0.7574044519418878,0.47723480190399625,10.261171955085212,0.4113020762386023,1.5870687739454767,0.8338077473712527,23.418680920216453,0.8999131002076795,0.8401371001890671,0.8283790266377631
1.1275,0.8792039724011704,1.2500370150851152,0.29429268508989426,0.3074162790883487,6.189475161860207,0.38599979962230496,0.9573100226267367,0.5354765365862153,11.30307034659858,0.48543755864937516,0.5016156463015325,0.5271039980742326,0.7568442859658069,0.47677536372796075,10.263463660100799,0.4113644604691776,1.5874232259988341,0.8324807547238622,23.39789777808255,0.8991879152751486,0.8390201305380144,0.8271286333345075
1.1300000000000001,0.8788208728219692,1.250127210201667,0.29403239643980433,0.3070922872909739,6.190525160202984,0.3859839592430263,0.9574724231390573,0.5352201909665956,11.30553498458162,0.48502779913346306,0.5011223852027994,0.5267123755463508,0.7562706635820926,0.4763071026762845,10.265767284007953,0.4114275841514536,1.5877795215161457,0.8311144198157082,23.376220468576648,0.8984524275149569,0.8378912430999932,0.8258663354124436
1.1325,0.8784373291816899,1.2502157796304376,0.2937796710206537,0.3067757313634674,6.191586699886146,0.3859689767094588,0.957636608720473,0.5349693980612398,11.308004936850411,0.4846267305817076,0.5006385394432828,0.5263303591604783,0.7556836433282537,0.4758300688664464,10.268082704032336,0.41149146298696554,1.5881376415082236,0.829708949002962,23.353650802181775,0.8977066709318346,0.8367504454253516,0.8245921052068246
1.135,0.878053340104637,1.2503027408246141,0.2935344631215152,0.30646656880308454,6.192659633884436,0.3859548464538866,0.9578025566309692,0.5347241365255654,11.31048001142864,0.48423431711609577,0.5001640496522267,0.5259578692510765,0.7550832846062849,0.4753443131580162,10.270409792968202,0.4115561123095619,1.5884975663004863,0.8282645548171305,23.33019069536581,0.8969506801062126,0.8355977463937623,0.8233059165277812
1.1375,0.8776689041790011,1.2503881108612078,0.2932967264877427,0.3061647565739364,6.193743812816791,0.38594156250403194,0.9579702437661661,0.5344843831342964,11.31295998921519,0.4838505217192913,0.4996988552896755,0.5255948254406778,0.7544696477145718,0.474849887163145,10.272748419309526,0.4116215470652805,1.5888592755532391,0.826781455832698,23.305842168119405,0.8961844902237867,0.8344331562714735,0.8220077447405065
1.1400000000000001,0.8772840199572438,1.2504719064415184,0.29306641432430286,0.3058702511100683,6.194839085003781,0.3859291184965017,0.9581396466662004,0.5342501127668609,11.31544462360815,0.4834753062403677,0.49924289464849403,0.5252411465985053,0.7538427938815311,0.47434684325745036,10.275098447395525,0.41168778178971754,1.5892227482841814,0.8252598765253464,23.2806073412643,0.895408137105575,0.8332566867694426,0.8206975668467295
1.1425,0.876898685956442,1.2505541438892454,0.29284347929969,0.3055830083190928,6.19594529652714,0.38591750769032757,0.9583107415249345,0.5340212983963623,11.317933640196749,0.48310863140151483,0.49879610485777526,0.5248967508010669,0.7532027853006826,0.4738352345911435,10.277459737569936,0.4117548305828309,1.5895879628930425,0.8237000471210696,23.254488433540704,0.8946216572385759,0.8320683511022405,0.8193753615674845
1.145,0.8765129006585992,1.2506348391456699,0.2926278735504433,0.30530298358639407,6.197062291291346,0.3859067229805546,0.95848350419948,0.5337979110822488,11.32042673652388,0.4827504568057369,0.49835842188772234,0.5245615552949957,0.7525496851668094,0.4733151151002323,10.279832146353103,0.4118227070811796,1.589954897188197,0.822102203436648,23.227487758486006,0.8938250878069554,0.8308681640475922,0.8180411094271568
1.1475,0.8761266625109275,1.2507140077614092,0.2924195486862805,0.3050301317799212,6.198189911087208,0.3858967569118368,0.9586579102200329,0.5335799199667902,11.322923581921463,0.4824007409456121,0.4979297805560759,0.5242354764623751,0.7518835577128221,0.4727865395176176,10.282215526625812,0.4118914244276595,1.590323528415099,0.8204665867120727,23.19960772112103,0.8930184667234652,0.8296561420063682,0.8166947928387468
1.1500000000000001,0.8757399699261107,1.2507916648843747,0.2922184557958593,0.3047644072555768,6.199327995657444,0.3858876016919958,0.9588339348000162,0.5334248023253667,11.326644975332925,0.48205944121295785,0.4975101145361318,0.5239184297887576,0.7512044682469149,0.4722495633838849,10.284609727823675,0.41196099523885743,1.5906938332863458,0.8187934434356643,23.170850814464224,0.8922018326607657,0.8284323030627931,0.8153363961902499
1.1525,0.8753528212825566,1.2508678252436731,0.2920245454531688,0.30450576386320793,6.200476382764138,0.38587924920550276,0.9590115528465136,0.5333310273295345,11.33156097575261,0.4817265139092678,0.4970993563663877,0.5236103298340603,0.7505124831895597,0.47170424305758607,10.287014596140533,0.4120314315702042,1.5910657880131396,0.8170830251627887,23.141219615898375,0.8913752250823369,0.8271966670446127,0.8139659059320219
1.155,0.8749652149246541,1.2509425031293315,0.29183776772455133,0.30425415495319685,6.201634908258064,0.38587169102683805,0.9591907389709912,0.5332421233253342,11.336473494606059,0.48140191425711865,0.4966974374618227,0.5233110902064811,0.7498076701098767,0.4711506357247939,10.289429974739475,0.41210274487916915,1.5914393683379227,0.8153355883292267,23.11071678341945,0.8905386842728893,0.8259492555829075,0.8125833106649535
1.1575,0.8745771491630433,1.251015712367839,0.29165807217635087,0.3040095333836496,6.2028034061497666,0.385864918433694,0.9593714675002917,0.5331580445267946,11.341381850263156,0.4810855964125856,0.4963042881268046,0.5230206235395484,0.7490900977608838,0.4705887994077087,10.291855703969606,0.4121749459867867,1.5918145495679068,0.8135513940604452,23.07934505180168,0.8896922513683045,0.8246900921712333,0.8111886012292687
1.16,0.8741886222749226,1.2510874662936207,0.2914854078831766,0.3037718515281719,6.203981708682316,0.38585892241997893,0.9595537124878872,0.5330787434182824,11.346285336508306,0.4807775134786084,0.4959198375695967,0.5227388414723881,0.7483598361131261,0.47001879297209137,10.29429162158688,0.4122480450378608,1.5921913066092273,0.811831193584015,23.049960271617973,0.8888359683849695,0.8234192022237249,0.809781770793735
1.1625,0.8737996325044,1.2511577777166534,0.29131972343677165,0.30354106128422165,6.205169646405659,0.38585369370858846,0.959737447725379,0.5330041707764402,11.351183222916877,0.48047761751929896,0.4955440139184186,0.52246565463325,0.7476169563861746,0.4694406761332974,10.296737562977057,0.41232205146022677,1.592569614001428,0.8107462637270899,23.038798801120326,0.8879698782476934,0.8221366131318186,0.8083628149450872
1.165,0.873410178062915,1.2512266588865124,0.29116096695546884,0.30331711408202316,6.2063670482524484,0.3858492227639115,0.9599226467542249,0.532934275695136,11.356074755288645,0.4801858595751463,0.4951767442389977,0.5222009726263136,0.7468615310774858,0.46885450946069096,10.29919336137876,0.4123969739234955,1.5929494459519604,0.8096211056528214,23.02669323815865,0.8870940248151467,0.8208423543192314,0.8069317317774808
1.1675,0.8730202571297428,1.2512941214532158,0.29100908609421733,0.3030999608940259,6.207573741615261,0.38584549980403776,0.9601092828776843,0.5328690056132535,11.360959156134939,0.4799021896790784,0.49481795455353517,0.5219447040217556,0.7460936339881187,0.4682603543802245,10.301658848104658,0.4124728202977192,1.5933307763703939,0.808455904912939,23.013644357922598,0.8862084529028641,0.8195364572948709,0.8054885219818416
1.17,0.8726298678526037,1.251360176425265,0.2908640280551595,0.30288955224489045,6.20878955242506,0.385842514812638,0.9602973291729519,0.5328083063451415,11.365835625215743,0.47962655687333666,0.49446756986099744,0.5216967563490393,0.7453133402448334,0.46765827317497893,10.304133852758726,0.4125495976124458,1.5937135789020183,0.807250850685801,22.999652971342876,0.8853132083041375,0.8182189557033754,0.8040331889350312
1.1725,0.8722390083483963,1.2514248341253273,0.2907257395987362,0.30268583822197903,6.2100143052308345,0.385840257550491,0.9604867585034762,0.5327521221135044,11.370703340122576,0.4793589092271179,0.4941255141586283,0.521457036093354,0.7445207263181054,0.4670483289834776,10.306618203447531,0.4126273120166297,1.5940978269605237,0.8060451053450621,22.985831214136216,0.8844083378085861,0.8168898853730444,0.8025657387888475
1.175,0.8718476767040725,1.251488104144026,0.29059416705529767,0.3024887684863328,6.211247823280228,0.38583871756662896,0.9606775435314301,0.5327003955845118,11.375561456902444,0.47909919385493027,0.493791710464574,0.5212254486951114,0.7437158700356427,0.4664305857956074,10.309111726983511,0.41270596873987175,1.5944834937594405,0.8048929041192611,22.97372539422978,0.8834938892179224,0.8155492843609835,0.801086180558992
1.1775,0.8714558709776736,1.2515499952923232,0.29046925633719484,0.30229829228411015,6.212489928601065,0.3858378842090777,0.9608696567303201,0.532653067904875,11.38040911071785,0.4788473569356145,0.4934660808414952,0.5210018985523827,0.7428988505910307,0.46580510844600376,10.31161424907842,0.4127855720554472,1.594870552342059,0.8036980649342409,22.960590244636343,0.8825699113585553,0.8141971929953732,0.7995945262142605
1.18,0.8710635891995459,1.2516105155530066,0.29035095295132374,0.30211435845846335,6.2137404420835844,0.3858377466351668,0.9610630703977053,0.5326100787406333,11.385245416537513,0.4786033437319838,0.49314854642104045,0.5207862890261332,0.7420697485471899,0.4651719626047898,10.31412559452499,0.41286612524556315,1.5952589756095266,0.8024608140105133,22.946427233497165,0.8816364540909727,0.812833653914879,0.7980907907663902
1.1825,0.8706708293737487,1.2516696720318021,0.2902392020120949,0.30193691546182777,6.214999183563272,0.3858382938213878,0.9612577566680092,0.5325713663173662,11.390069469852012,0.4783670986110328,0.49283902742903857,0.5205785224480942,0.741228645834403,0.46453121476559617,10.316645587365215,0.41294763056925876,1.5956487363468763,0.8011813830768979,22.93123792217672,0.8806935683157324,0.8114587121053276,0.7965749923611548
1.185,0.8702775894796739,1.2517274709086776,0.29013394825479333,0.30176591136859365,6.216265971904056,0.38583951457277527,0.9614536875253866,0.5325368674615489,11.39488034740841,0.47813856506465974,0.49253744321126625,0.5203785001310894,0.7403756257427461,0.4638829322308278,10.319174051043712,0.41303008923332507,1.5960398072467465,0.7998600092293738,22.915023963284263,0.8797413059760312,0.8100724149339003,0.7950471523715099
1.1875,0.8698838674738817,1.2517839173899277,0.2900351360492933,0.3016012938881296,6.217540625081702,0.3858413975317928,0.9616508348166226,0.5325065176427398,11.399677107957533,0.47791768573084104,0.49224371225963515,0.520186122381611,0.7395107729088491,0.4632271830941917,10.321710808544832,0.4131135013665731,1.5964321609305872,0.7984969348097979,22.897787099300846,0.8787797200567666,0.8086748121812432,0.7935072954937767
1.19,0.8694896612921644,1.2518390156616765,0.2899427094140862,0.3014430103781223,6.218822960267154,0.38584393118670013,0.961849170264023,0.5324802510162928,11.40445879300742,0.4777044024151925,0.49195775223863614,0.5200012885144257,0.7386341732970073,0.46256403622054937,10.32425568251243,0.4131978659977285,1.5968257699671844,0.7970924073090733,22.879529161942592,0.8778088645801159,0.807265956072018,0.7919554498480751
1.1925000000000001,0.8690949688518417,1.2518927688454886,0.28985661203057367,0.3012910078581908,6.220112793909624,0.3858471038793862,0.9620486654782643,0.5324580004662636,11.4092244275762,0.47749865611283865,0.4916794800118702,0.5198238968689637,0.7377459141747721,0.46189356122321024,10.326808495351509,0.41328318103716294,1.5972206068883825,0.7956466792995216,22.86025207239641,0.876828794598071,0.8058459013045683,0.7903916470844099
1.195,0.868699788054282,1.2519451789568192,0.28977678725757466,0.30114523302373114,6.221409941819107,0.3858509038126501,0.9622492919711582,0.5324396976481801,11.413973020937608,0.4773003870305025,0.49140881166848926,0.5196538448272359,0.7368460840832577,0.4612158284388368,10.329369069311149,0.41336944326260644,1.5976166442019086,0.79416000840136,22.839957842568943,0.875839566182156,0.8044147050805227,0.7888159224960255
1.1975,0.8683041167876491,1.2519962468670962,0.28970317814598423,0.3010056322599411,6.222714219248048,0.3858553190569181,0.9624510211682806,0.5324252730313399,11.418703567352143,0.4771095346087395,0.4911456625493655,0.5194910288330052,0.7359347728025099,0.4605309089001886,10.331937226548476,0.4134566483089014,1.5980138544012685,0.7926326572882417,22.81864857749216,0.8748412364104924,0.802972427135276,0.7872283151418065
1.2,0.8679079529298568,1.2520459722702624,0.2896357274535199,0.3008721516559666,6.224025440971865,0.3858603375563883,0.9626538244214273,0.5324146559402916,11.42341504677705,0.4769260375442736,0.4908899472728026,0.5193353444119249,0.7350120713123902,0.4598388743069827,10.334512789173735,0.4135447906617741,1.598412209972716,0.7910648937368273,22.796326479029634,0.8738338633525858,0.8015191297704253,0.785628867979673
1.2025000000000001,0.8675112943517193,1.2520943536546432,0.2895743776594835,0.3007447370191112,6.225343421367948,0.3858659471345946,0.962857673020832,0.5324077745951696,11.428106425548311,0.4767498338124102,0.4906415797596033,0.5191866861923509,0.7340780717495438,0.45913979699520213,10.337095579276891,0.4136338636555095,1.598811683399369,0.7894569907252633,22.772993851026417,0.8728175060523984,0.8000548778893262,0.7840176280130202
1.205,0.8671141389202673,1.252141388281025,0.28951907097946034,0.3006233338890397,6.22666797449284,0.3858721354993914,0.9630625382071041,0.53240455615055,11.432776657028136,0.4765808606893298,0.49040047325731,0.5190449479265344,0.7331328673610998,0.45843374990522834,10.339685418936375,0.41372385947431456,1.5992122471625614,0.7878092265852941,22.748653106041367,0.8717922245105576,0.7985797390370367,0.7823946464523422
1.2075,0.8667164845022104,1.2521870721678159,0.2894697493798753,0.30050788755190777,6.227998914157213,0.3858788902473594,0.9632683911828245,0.5324049267325196,11.437424682211859,0.4764190547739957,0.4901665403634404,0.5189100225119002,0.7321765524558633,0.45772080654921354,10.342282130211107,0.41381476915706017,1.5996138737406091,0.7861218852124253,22.72330677379394,0.8707580796672371,0.7970937834459496,0.7807599788941746
1.21,0.8663183289675002,1.252231400084146,0.289426354592322,0.30039834305434293,6.229336053998332,0.3858861988676369,0.9634752031237535,0.5324088114736694,11.44204943028868,0.47626435200973855,0.48993969304755247,0.5187818020121252,0.7312092223538135,0.45700104097814365,10.34488553511707,0.4139065826049943,1.6000165356051872,0.7843952563381951,22.6969575114476,0.8697151333881141,0.7955970840884563,0.7791136855194604
1.2125000000000001,0.8659196701929681,1.2522743655516941,0.2893888281275806,0.30029464521720406,6.230679207549666,0.3858940487451841,0.9636829451895981,0.5324161345457553,11.446649819151434,0.4761166877055642,0.4897198426719887,0.5186601776777544,0.7302309733348017,0.4562745277490633,10.347495455590192,0.4139992885919257,1.6004202052155887,0.7826296358680435,22.66960811583772,0.8686634484522865,0.7940897167379531,0.7774558313132992
1.215,0.8655205060659839,1.2523159608559429,0.2893571112892418,0.30019673864904417,6.23202818830738,0.3859024271634861,0.9638915885342952,0.5324268191898089,11.45122475585144,0.4759759965570716,0.4895069000111657,0.5185450399661083,0.7292419025873728,0.4555413418929523,10.350111713437407,0.4140928747762925,1.600824855011156,0.7808253262876055,22.641261537733687,0.8676030885352602,0.7925717600394666,0.7757864863078318
1.2175,0.8651208344880988,1.2523561770674343,0.28933114518685854,0.30010456775920524,6.233382809793466,0.38591132130670236,0.9641011043157763,0.5324407877435251,11.455773136995635,0.47584221266687016,0.4893007752693068,0.518436278560269,0.7282421081586726,0.45480155888374385,10.352734130278265,0.41418732771446415,1.6012304574022485,0.7789826371393755,22.61192089820156,0.8665341181898639,0.7910432955910477,0.7741057258496927
1.22,0.8647206533786189,1.2523950040734482,0.2893108707485529,0.30001807677047665,6.234742885615336,0.38592071826126506,0.9643114637051851,0.5324579616658172,11.460293849084337,0.4757152695644059,0.4891013780965365,0.5183337823869745,0.7272316889064004,0.4540552546089652,10.355362527479603,0.4142826328745672,1.6016369847601397,0.7771018855706352,22.58158950710458,0.8654566028323911,0.789504408036956,0.7724136308930323
1.2225,0.8643199606780629,1.252432430620333,0.28929622873301536,0.29993720973125565,6.236108229521772,0.38593060501692766,0.9645226378955295,0.5324782615584802,11.464785768789367,0.47559510022512524,0.48890861760329835,0.5182374396332932,0.7262107444537537,0.45330250534246563,10.357996726086075,0.4143787746500976,1.602044409406272,0.7751833969522897,22.55027088374434,0.8643706087341317,0.7879551851734385,0.7707102883185877
1.225,0.863918754351454,1.2524684443664975,0.2892871597408447,0.29986191052715544,6.23747865545524,0.38594096846725967,0.9647345981097752,0.5325016071849832,11.469247763173883,0.47548163708893604,0.48872240237308434,0.5181471377620014,0.7251793751482775,0.4525433877196563,10.360636546749644,0.4144757363725785,1.6024527036013507,0.7732275055667713,22.517968779604033,0.8632762030171531,0.7863957180676501,0.768995791278604
1.2275,0.8635170323913978,1.2525030319458677,0.2892836042251892,0.2997921228920163,6.238853977600624,0.3859517954095794,0.9649473156083815,0.5325279174864802,11.47367868985675,0.4753748120779446,0.48854264047351514,0.5180627635256537,0.7241376820254618,0.4517779787156452,10.363281809661245,0.4145735003225437,1.6028618395347758,0.7712345553614978,22.484687203107924,0.8621734536543929,0.784826101189955,0.7672702395666442
1.23,0.8631147928208989,1.2525361790413536,0.2892855025016669,0.2997277904182865,6.24023401043057,0.3859630725443134,0.9651607616963152,0.5325571105952066,11.47807739712595,0.47527455661343093,0.48836923946584737,0.5179842029793867,0.7230857667778523,0.4510063556265875,10.365932334488113,0.4146720477381846,1.6032717893149473,0.7692049007624814,22.45043044625761,0.8610624294747335,0.7832464325594742,0.7655337400104258
1.2325,0.8627120336958727,1.2525678704676628,0.28929279475755887,0.299668856566752,6.241618568747746,0.3859747864737682,0.9653749077295865,0.5325891038455141,11.482442724007443,0.47518080163196375,0.48820210641303347,0.5179113414925776,0.7220237317303261,0.45022859605450083,10.36858794032031,0.4147713588210843,1.6036825249609958,0.7671389075406393,22.41520311294669,0.8599432001738858,0.7816568139023325,0.7637864068848305
1.235,0.8623087531073124,1.2525980902625926,0.2893054210602854,0.2996152646756089,6.243007467724364,0.3859869237002997,0.9655897251213623,0.5326238137828757,11.486773500297351,0.47509347760064186,0.48804114788650726,0.5178440637595421,0.720951679822056,0.4494447778957108,10.37124844563015,0.41487141273857686,1.6040940183965062,0.7650369537211538,22.379010148692053,0.8588158363317341,0.7800573508215852,0.7620283623411361
1.2375,0.8619049491830748,1.2526268217857546,0.28932332136519767,0.2995669579688845,6.244400522939524,0.3859994706238715,0.965805185347742,0.5326611561712714,11.49106854656718,0.47501251453161397,0.4878862699719136,0.517782253809527,0.7198697145955272,0.4486549793329966,10.373913668248125,0.4149721876224176,1.6045062414457951,0.7628994305239764,22.341856871453704,0.8576804094364665,0.7784481529773212,0.7602597368473853
1.24,0.8615006200892555,1.2526540478235864,0.2893464355227316,0.2995238795642313,6.24579755041489,0.38601241353899596,0.9660212599532746,0.532701045999451,11.495326674153416,0.4749378419959076,0.4877373782740564,0.5177257950163312,0.718777940192803,0.4478592788314033,10.376583425359025,0.41507366056361245,1.604919165833309,0.7607267433212873,22.303749003147857,0.8565369919153845,0.7768293342748928,0.7584806696336
1.2425,0.8610957640311282,1.2526797506994085,0.2893747032849918,0.2994859724801313,6.247198366649401,0.3860257386310666,0.9662379205563284,0.5327433974866371,11.499546685144152,0.4748693891365444,0.4875943779213794,0.5176745701079521,0.7176764613590414,0.4470577551375813,10.379257533521596,0.4151758076034457,1.6053327631866665,0.7585193125955441,22.264692701392597,0.8553856571718406,0.7752010130587106,0.7566913091343842
1.245,0.8606903792536278,1.2527039123873036,0.2894080643118489,0.2994531796425607,6.248602788653735,0.3860394319721054,0.9664551388544211,0.5327881240882989,11.503727372376819,0.4748070846811453,0.48745717357034063,0.517628461176719,0.7165653834530631,0.44625048728239375,10.381935808715054,0.41527860372093917,1.6057470050438516,0.7562775748797246,22.22469459096363,0.8542264796275816,0.7735633123084856,0.7548918134203053
1.2475,0.8602844640413713,1.252726514628615,0.28944645817664943,0.2994254438911846,6.250010633985284,0.38605347951596725,0.9666728866296291,0.5328351385026853,11.50786751946206,0.4747508569541923,0.48732566941008487,0.5175873496904402,0.7154448124645582,0.44543755458642587,10.384618066415204,0.4153820228171809,1.606161862864987,0.7540019836596643,22.183761794384324,0.8530595347698021,0.7719163598343203,0.7530823506084077
1.25,0.8598780167181982,1.2527475390499703,0.2894898243716507,0.29940270798515733,6.251421720784416,0.3860678670930689,0.966891135754196,0.532884352678854,11.51196590084972,0.47470063388904304,0.4871997691678489,0.5175511165051297,0.7143148550373094,0.4446190366679169,10.387304121702597,0.4154860376971613,1.6065773080490626,0.7524658791323283,22.164667621370967,0.85188489920207,0.7702602884665637,0.7512630992413102
1.2525,0.8594710356462439,1.2527669672818382,0.2895381023133037,0.2993849146086201,6.252835867812833,0.386082580404737,0.9671098581964661,0.5329356778269533,11.516021281953131,0.4746563430398391,0.48707937611556335,0.5175196418799244,0.7131756184975969,0.44379501345253325,10.389993789404503,0.4155906200499481,1.6069933119558941,0.7511834287550215,22.153159213547244,0.8507026506978772,0.7685952362359741,0.7494342486236342
1.2550000000000001,0.8590635192245429,1.2527847810767732,0.2895912313475135,0.2993720063759924,6.254252894494761,0.38609760501729884,0.9673290260272538,0.53298902443154,11.520032419348292,0.474617911593402,0.4869643930781337,0.5174928054948255,0.7120272108867546,0.4429655651843111,10.39268688427185,0.4156957404282079,1.6074098459334893,0.7498605450107779,22.14057796997392,0.8495128682552127,0.7669213465394049,0.7475959991040569
1.2575,0.858655465887174,1.2528009624266216,0.28964915075501296,0.2993639258371644,6.255672620961682,0.38611292635607314,0.9675486114267634,0.5330443022687095,11.523998061064054,0.47458526638130405,0.48685472244388606,0.517470486471906,0.710869740996668,0.4421307724370231,10.395383221191402,0.41580136822823766,1.6078268813508654,0.7484975183228995,22.12692625433405,0.8483156321502375,0.7652387682860456,0.7457485622911287
1.26,0.8582468741009672,1.2528154936780636,0.28971179975698136,0.2993606154826955,6.257094868101244,0.3861285296994448,0.9677685866921534,0.5331014204277889,11.52791694697891,0.4745583338923209,0.4867502661776643,0.5174525634006197,0.7097033184068534,0.4412907161251626,10.398082615432712,0.41590747167180053,1.6082443896362448,0.7470946566329473,22.112206915987635,0.8471110239881015,0.7635476560191717,0.7438921611911675
1.2625,0.8578377423627918,1.2528283576459216,0.28977911752104096,0.29936201774913007,6.2585194576108725,0.38614440017324314,0.9679889242458284,0.5331602873383113,11.531787809338823,0.47453704028526167,0.4866509258370435,0.5174389143678246,0.7085280535216362,0.44044547751371427,10.400784882928333,0.4160140177911597,1.6086623423203945,0.7456522858698791,22.096423308262352,0.8458991267492941,0.7618481700084325,0.7420270302571079
1.2650000000000001,0.8574280691964485,1.2528395377236612,0.2898510431677513,0.299368075024534,6.2599462120565015,0.38616052274566953,0.9682095966445229,0.5332208108029235,11.535609373409164,0.4745213114024953,0.4865566025920958,0.5174294169930872,0.7073440576058692,0.4395951382258656,10.403489840584886,0.416120972418767,1.6090807110847374,0.7441707502769886,22.079579302814818,0.8446800248299531,0.7601404763079301,0.7401534153381176
1.2675,0.8570178531492031,1.2528490179904515,0.289927515777713,0.299378729654352,6.2613749549367155,0.38617688222304414,0.9684305765892222,0.533282898036801,11.539380358271947,0.47451107278440746,0.48646719724909965,0.5174239484697786,0.7061514428176026,0.4387397802478374,10.40619730662163,0.4162283001830973,1.6094994678137196,0.7426504125797376,22.061679299538802,0.8434538040748033,0.7584247467757362,0.7382715735211465
1.27,0.8566070927879886,1.252856783314023,0.2900084743993736,0.2993939239476756,6.262805510752402,0.3861934632466624,0.968651836935935,0.53334645571405,11.543099477777265,0.47450624968476623,0.4863826102785298,0.5174223856123952,0.7049503222361247,0.4378794859300644,10.408907100932112,0.41633596451210414,1.6099185846507442,0.7410916539808566,22.042728231585258,0.8422205518017147,0.7567011590510501,0.7363817728573288
1.2725,0.8561957866953207,1.2528628194483933,0.2900938580576102,0.2994136001839962,6.264237705081919,0.3862102502910694,0.9688733507073197,0.5334113900214562,11.546765441655447,0.4745067670870605,0.4863027418475947,0.5174246049104412,0.703740809883877,0.4370143379840331,10.411619045463743,0.4164439276457253,1.6103380340568805,0.7394948739730659,22.02273156516859,0.8409803568155911,0.754969896485903,0.7344842919682663
1.2750000000000001,0.8557839334649694,1.2528671131253104,0.2901836057631407,0.29943770062050656,6.265671364661568,0.38622722766406337,0.9690950911051308,0.53347760671981,11.550376956793428,0.4745125497220633,0.48622749185750613,0.5174304825891058,0.702523020740861,0.4361444194741941,10.41433296460931,0.4165521506587707,1.6107577888714177,0.7378604899643719,22.00169529396218,0.8397333094094398,0.7532311480291833,0.7325794195296801
1.2775,0.8553715316974331,1.2528696521380391,0.2902776565227886,0.2994661674999908,6.267106317470995,0.3862443795087438,0.9693170315234277,0.533545011212897,11.55393272867575,0.47452352208663656,0.48615675998558616,0.5174398946768467,0.7012970707503369,0.4352698138045028,10.417048685603682,0.41666059349539347,1.6111778223732227,0.7361889367159867,21.979625928030462,0.8384795013531973,0.7514851080617447,0.7306674536326572
1.28,0.8549585799952679,1.2528704254158731,0.29037594935060107,0.29949894305932606,6.268542392823016,0.38626168980791065,0.9695391455624673,0.5336135086240775,11.55743146298736,0.474539608463759,0.48609044573220894,0.5174527170798572,0.7000630768148431,0.43439060469929763,10.419766038918665,0.41676921501616215,1.6115981083418103,0.7344806655983052,21.956530477400005,0.8372190258695208,0.7497319761824304,0.7287487010256294
1.2825,0.8545450769583329,1.2528694230875452,0.2904784232797903,0.2995359695385959,6.269979421457171,0.38627914239110356,0.9697614070431749,0.5336830038802155,11.560871867371663,0.4745607329437015,0.48602844847247834,0.5174688256632568,0.69882115678183,0.433506876178401,10.422484858648495,0.4168779730585354,1.6120186211169678,0.7327361436759254,21.932416430533006,0.8359519775957482,0.7479719569460137,0.7268234762432826
1.285,0.8541310211790015,1.2528666365315153,0.29058501737543924,0.29957718919079174,6.2714172356361555,0.3862967209445431,0.969983790022058,0.5337534018025429,11.564252653333769,0.4745868194463226,0.48597066751243756,0.5174880963386964,0.6975714294185061,0.4326187125265153,10.425204982878435,0.41698682451127866,1.6124393356557638,0.7309558526381504,21.907291728127575,0.8346784525319721,0.7462052595552328,0.724892100631626
1.2875,0.8537164112374116,1.252862058410961,0.29069567074788627,0.29962254429205953,6.272855669244204,0.38631440902420083,0.970206268806423,0.5338246072038595,11.567572538275007,0.47461779174441837,0.48591700214948924,0.5175104051579117,0.6963140143758219,0.43172619825717523,10.4279262540291,0.4170957254030722,1.6128602275858046,0.7291402875965439,21.881164732822565,0.833398547975782,0.7444320975102462,0.7229549012813927
1.29,0.853301245696811,1.252855682691213,0.2908103225666753,0.2996719771524225,6.274294557886319,0.386332190072178,0.9704288179697234,0.5338965249912869,11.570830247641053,0.47465357348797166,0.48586735173659834,0.5175356284116078,0.6950490321418413,0.43082941807170455,10.430648519169376,0.4172046310052328,1.6132812732536332,0.7272899557757475,21.854044195525617,0.8321123624441314,0.7426526882199527,0.7210122098846543
1.2925,0.8528855230990685,1.252847504637317,0.29092891207493454,0.2997254301268939,6.275733738987207,0.38635004743651574,0.9706514123668615,0.5339690602736191,11.574024517162272,0.4746940882291185,0.48582161574974014,0.5175636427328981,0.6937766039850821,0.4299284568137944,10.43337163029148,0.4173134959481327,1.6137024497672707,0.7254053751275927,21.825939219202656,0.8308199955829613,0.7408672525805857,0.7190643615318945
1.295,0.8524692419604103,1.2528375207894422,0.2910513786040252,0.2997828456268714,6.277173051888717,0.3863679643944988,0.9708740271492587,0.534042118472121,11.577154095161255,0.47473925944764367,0.4857796938579438,0.51759432520437,0.692496851888698,0.4290233994204728,10.436095444542303,0.4174222743505463,1.6141237350319977,0.7234870729014662,21.7968592210614,0.8295215480669388,0.7390760145278396,0.7171116934686945
1.2975,0.8520524007674545,1.252825728913948,0.2911776615882839,0.29984416613169174,6.278612337944523,0.3863859241794375,0.971096637779501,0.5341156054334726,11.580217744899054,0.4747890105768072,0.4857414859951786,0.5176275534676952,0.6912098984766438,0.4281143308703491,10.438819824406215,0.4175309199608,1.61454510777863,0.7215355842056335,21.766813894123608,0.8282171214914765,0.7372792005694025,0.7151545438325386
1.3,0.8516349979736001,1.2528121279281315,0.29130770057966965,0.2999093342002066,6.280051440610827,0.3864039100108435,0.971319220045366,0.5341894275433915,11.583214246928623,0.47484326502927443,0.48570689243323895,0.5176632058345758,0.6899158669331634,0.4272013361301002,10.441544637835436,0.41763938630827163,1.614966547583681,0.7195514505947732,21.735813169207983,0.826906818258982,0.735477039305185,0.7131932503909613
