tau,total_energy_fraction,total_critical_fraction,C0_fraction,E0_fraction,N0,minority0,scale0,Rinf0,concentration0,Q3_0,Q8_0,Q16_0,C1_fraction,E1_fraction,N1,minority1,scale1,Rinf1,concentration1,Q3_1,Q8_1,Q16_1
0.0,1.0,1.0,1.0,1.0,6.465486640239153,0.3681210446747663,1.0,1.0,12.225505060972356,1.0,1.0,1.0,0.0,0.0,0.0,0.0,0.0,0.0,0.0,0.0,0.0,0.0
0.0025,0.9999959153580986,0.9999819956620389,0.9999641852962322,0.9999842690108255,6.465356787208046,0.36811850293159787,0.999979915969465,1.0004823062231873,12.231252047528825,1.0003643838181662,1.0010043617186353,1.0009173550117607,1.772645997807078e-05,1.1471150007884446e-05,9.991168286368481,0.4095027715467228,1.5453080088645759,0.0049853342970709175,27.808186752435955,0.004710797919479843,0.004933233635493104,0.00500775093569866
0.005,0.9999918307784178,0.999974716882731,0.9999034005326943,0.9999451845480711,6.465216471436533,0.3681158986972621,0.9999582136940879,1.000989356394762,12.237424483041046,1.0007137145927822,1.0019886740276893,1.0018123884824517,7.097985347625492e-05,4.594510540799078e-05,9.988426194731145,0.40928778656763126,1.5448838966840217,0.009971930749940407,27.785760233183613,0.00942845775658705,0.009872748392364813,0.010019758185239529
0.0075,0.9999877461485558,0.9999781898126519,0.9998175651104344,0.9998826596057575,6.465065723258723,0.36811325379462145,0.9999348978655667,1.0016213592501935,12.245248251972159,1.0010479055480095,1.0029528431895132,1.0026852190578885,0.0001598643433783534,0.00010350775514644231,9.985732710568541,0.4090736059682281,1.5444673024951419,0.014957453445307837,27.759826220311602,0.014152544629634342,0.014817978822370676,0.015035526917413134
0.01,0.999983661355949,0.9999924394573811,0.9997066047482354,0.9997966130245208,6.464904574546737,0.3681105901263593,0.9999099734134793,1.002211456990851,12.252684266701788,1.0013668733896706,1.0038967814653308,1.0035359752696273,0.0002844749868797868,0.00018423849538692802,9.983088622661258,0.4088602537482351,1.5440583482965782,0.019939569506225423,27.730398213904277,0.018882626388694656,0.019768366002673735,0.02005457911294517
0.0125,0.9999795762878735,1.000017489674115,0.999570451502649,0.9996869695163364,6.464733058684311,0.36810792966551364,0.9998834455012015,1.0027595907806501,12.259732567362304,1.0016705383214404,1.004820407077867,1.004364795291491,0.0004448977845273109,0.00028821023152106215,9.980494679013901,0.4086477522262772,1.5436571497802571,0.02491595143864599,27.69749146249238,0.023618273751817027,0.024723357760285027,0.025076453705189322
0.015,0.9999754908314499,1.0000533631686976,0.9994090437838566,0.999553659685346,6.46455121054012,0.3681052944459657,0.9998553195217803,1.0032657115166481,12.266393263810045,1.0019588240588968,1.0057236441699793,1.0051718266803542,0.0006412097314814822,0.0004154893834372736,9.977951586122147,0.40843612203681423,1.5432638162180274,0.029884279480538945,27.661122960496023,0.02835906043553165,0.029682408889959953,0.030100706673093915
0.0175,0.9999714048736451,1.0001000814930703,0.9992223263673612,0.9993966200447923,6.464359066440815,0.36810270655289307,0.9998256010937645,1.0037297798477556,12.272666535518592,1.0022316578414898,1.006606422759407,1.0059572261012542,0.0008734788707439886,0.0005661358939457007,9.975460008314013,0.40822538213353177,1.542878450359775,0.034842243950339316,27.621311444422478,0.03310456327884562,0.034644981365316414,0.03512691108512834
0.02,0.9999673183012766,1.000157665043126,0.9990102504015281,0.9992157930300614,6.4641566641438475,0.3681001881131984,0.9997942960570009,1.0041517661886847,12.278552631454021,1.0024889704424065,1.0074686786897329,1.0067211590369278,0.001141764348109049,0.0007402032402603984,9.973020567166744,0.4080155497991547,1.542501148343236,0.0397875475914922,27.578077387822578,0.0378543623593198,0.03961054454291297,0.04015465709306665
0.0225,0.9999632310010155,1.0002261330569588,0.9987727734109852,0.9990111270078458,6.463944042810063,0.36809776128592114,0.9997614104683955,1.0045316507290953,12.28405186993165,1.0027306961760656,1.0083103535776727,1.007463799481941,0.0014461164686160885,0.0009377384484444098,9.970633841000508,0.40780664066161704,1.542131999615686,0.04471790790986059,27.531442995011467,0.042608041101139534,0.04457857535900022,0.04518355187476545
0.025,0.9999591428593902,1.0003055036134985,0.9985098592959115,0.9987825762814444,6.463721242976122,0.3680954482526439,0.9997269505976483,1.004869423437891,12.289164638453919,1.0029567729032516,1.009131394756796,1.008185329621622,0.0017865767542996885,0.0011587821107278734,9.968300364449709,0.40759866871649203,1.5417710868676375,0.049631059500777314,27.48143219356099,0.04736518637636663,0.04954855851863461,0.05021321952533869
0.0275,0.9999550537627895,1.0003957936315229,0.998221478327232,0.9985301010922099,6.463488306526773,0.3680932712079013,0.9996909229229641,1.0051650840626414,12.293891393529067,1.0031671420341737,1.0099317552177904,1.0088859394960645,0.002163178003052218,0.0014033684056142606,9.96602062811268,0.4073916463555629,1.5414184859786588,0.054524756362541955,27.428070625573184,0.052125388600226516,0.05451998667682364,0.05524330089642293
0.03,0.9999509635974659,1.0004970188690328,0.9979076071377537,0.9982536676171709,6.463245276666978,0.36809125234960133,0.9996533341267423,1.0054186421240845,12.29823266047014,1.0033617485295003,1.0107113935453935,1.009565826649529,0.0025759443484344837,0.001671525120695027,9.963795078280125,0.407185584401382,1.5410742659753718,0.059396774193191296,27.371385637745945,0.05688824182065366,0.0594923606113526,0.06027345338353899
0.0325,0.9999468722495407,1.0006091939229835,0.9975682287092739,0.9979532479628526,6.462992197893953,0.36808941386946725,0.9996141910912513,1.0056301169057014,12.302189033174121,1.0035405408993172,1.0114702738520935,1.0102251957656239,0.0030248913202899686,0.0019632736780983485,9.96162411674245,0.40698049214764426,1.5407384890016538,0.06424491266740671,27.31140627024355,0.061653343803640445,0.06446518938692884,0.06530335066188936
0.035,0.9999427796050061,1.0007323322293604,0.9972033323556956,0.9976288201553228,6.462729115969107,0.3680877779435089,0.9995735008942894,1.0057995374383264,12.305761173880702,1.0037034712000046,1.0122083657087302,1.0108642582887233,0.0035100259060387093,0.002278629162503138,9.959508100676013,0.40677637740517214,1.5404112103010423,0.06906699769046282,27.2481632443864,0.06642029611279085,0.06943799051026639,0.07033268237127857
0.0375,0.9999386855497296,1.0008664460635859,0.9968129137021977,0.9972803681264993,6.46245607788995,0.3680863667225326,0.9995312708048392,1.0059269424797865,12.308949812910459,1.0038504950290479,1.0129256440721128,1.0114832320321219,0.004031346612547341,0.0026176003516551736,9.957447342607855,0.40657324655328686,1.5400924782112824,0.07386088362617085,27.181688949175975,0.07118870418082043,0.07441029007572723,0.07536115375120485
0.04,0.9999345899694576,1.0010115465412532,0.9963969746604965,0.9969078816967524,6.462173131861935,0.3680852023226963,0.9994875082787125,1.006012380489559,12.311755748382092,1.0039815715177933,1.013622089209774,1.0120823407735153,0.004588843528492274,0.002980189749327814,9.955442110458437,0.40637110459631554,1.5397823341709347,0.07882737336428008,27.181989457016368,0.0759581773772126,0.07938162290112968,0.08038848522753904
0.0425,0.99993049274982,1.0011676436191674,0.9959555234002558,0.9965113565538454,6.461880327270314,0.36808430681612,0.9994422209541979,1.0060559095984396,12.314179845908482,1.0040966633221717,1.0142976866219866,1.0126618138384442,0.005182498387153133,0.0033663936206754035,9.95349262766156,0.40616995522496346,1.539480812737924,0.08386777677119553,27.205315903778835,0.08072832907271706,0.084351532653334,0.08541441195257793
0.045,0.999926393776333,1.0013347460966915,0.9954885743166881,0.9960907942282542,6.461577714651969,0.3680837022215555,0.9993954166477035,1.0060575975732269,12.316223038271241,1.004195736611421,1.0149524269611714,1.0132218856724142,0.005812284629593406,0.0037762020299330536,9.951599073360427,0.4059698008822585,1.5391879416198633,0.08891277841892264,27.22670169341415,0.08549877670058878,0.08931957196321871,0.09043868330062592
0.0475,0.9999222929344039,1.0015128616173814,0.9949961479944135,0.9956462020649129,6.461265345667314,0.3680834104951278,0.9993471033494112,1.0060175217764213,12.317886325073609,1.0042787610548267,1.0155863059488135,1.013762795402471,0.0064781674682045445,0.004209598880421874,9.949761582678594,0.40577064283375586,1.5389037417159617,0.09396090459722695,27.246147098931605,0.09026914181277457,0.09428530252966857,0.09546106232161897
0.05,0.9999181901093349,1.0017019966709002,0.9944782711676238,0.995177593191441,6.460943273072178,0.3680834535211497,0.9992972892189277,1.0059357691209645,12.319170772371358,1.0043457098065176,1.016199324290027,1.0142847863890805,0.00718010395060847,0.004666561956824027,9.94798024706436,0.40557248124167483,1.5386282271702896,0.09901068384083668,27.263653108556067,0.09503905012844091,0.09924829521220521,0.10048132515564931
0.0525,0.9999140851863266,1.0019021565952042,0.9939349766766269,0.9946849864828974,6.46061155068981,0.3680838531030209,0.9992459825809551,1.0058124360200238,12.320077512281708,1.0043965594883406,1.0167914875858826,1.0147881057692159,0.007918043023931336,0.005147062969696994,9.946255114706835,0.4053753152426224,1.5383614054361314,0.10406064805243839,27.279221424337685,0.09980813157490051,0.10420813011190816,0.10549926041157486
0.055,0.9999099780504833,1.0021133455789855,0.9933663034208244,0.994168406523127,6.460270233382926,0.36808463095421484,0.9991931919209667,1.0056476283318558,12.3206077425699,1.0044312901708554,1.0173628062436415,1.0152730039916418,0.008691925599478477,0.005651067602201167,9.944586191021868,0.4051791430285436,1.5381032773511425,0.10910933361712591,27.2928544598212,0.10457602032325088,0.10916439664029183,0.11051466851319629
0.0575,0.9999058685868157,1.002335566664363,0.9927722963082026,0.9936278835627546,6.459919377025856,0.36808580868936147,0.9991389258809,1.0054414612997764,12.320762726213438,1.00444988535248,1.017913295385012,1.0157397343454286,0.009501684617856648,0.0061785355590194165,9.942973439205701,0.4049839619305294,1.5378538372229813,0.11415528250636604,27.304555336791573,0.10934235482090887,0.11411669357582713,0.11552736101675407
0.06,0.9999017566802464,1.002568821749816,0.9921530062014006,0.9930634534738911,6.45955903847681,0.3680874078154295,0.9990831932548664,1.0051940594872717,12.320543790943901,1.0044523319368246,1.0184429747525705,1.0161885524828016,0.010347245114604603,0.0067294206174513165,9.941416780854075,0.40478976850509885,1.5376130729250646,0.11919704336959393,27.314327881115315,0.11410677782264507,0.1190646291078238,0.12053715990373041
0.0625,0.9998976422156137,1.0028131115933419,0.9915084898604353,0.9924751577016188,6.459189275550252,0.3680894497230162,0.9990260029848785,1.004905556708298,12.31995232876619,1.0044386202082596,1.0189518686144658,1.016619715937485,0.011228524286407136,0.0073036706806684825,9.939916096644371,0.4045965586225666,1.5373809660020739,0.1243084730413953,27.338737183599754,0.11886893642128402,0.12400782086741771,0.12554389685313302
0.065,0.9998935250776756,1.0030684358158342,0.9908388098821607,0.9918630432123235,6.45881014698943,0.36809195567774744,0.9989673641566019,1.0045760959528123,12.318989795455295,1.0044087438057432,1.0194400056675486,1.0170334836397548,0.01214543155798022,0.007901227833120793,9.938471227078157,0.4044043275571001,1.5371574917848012,0.1294407671125625,27.365851216473548,0.1236284820787278,0.1289458959454428,0.13054741249758728
0.0675,0.9998894051511138,1.0033347929046725,0.990144034636538,0.991227162438948,6.458421712439027,0.36809494681179367,0.9989072859951245,1.0042058293075975,12.31765771003051,1.0043626996949528,1.0199074189390451,1.0174301154294685,0.01309786864972653,0.008522028398086157,9.9370819732814,0.40421307007806484,1.5369426195139173,0.13457217358719206,27.39102234033596,0.12838507065772098,0.13387849089700224,0.135547555667664
0.07,0.9998852823205395,1.0036121802175098,0.9894242381998057,0.9905675732232374,6.458024032418001,0.36809844411550663,0.9988457778607558,1.003794917872436,12.315957654207235,1.0043004881387392,1.020354145686914,1.0178098715683799,0.014085729646270568,0.009166002997358893,9.93574809785948,0.40402278054225726,1.5367363124722142,0.1397012627003713,27.414258111784477,0.13313836245415064,0.138805251732592,0.1405441826289215
0.0725,0.9998811564704961,1.0039005939862526,0.9886795002846319,0.9898843387550583,6.457617168292576,0.3681024684291804,0.9987828492448505,1.0033435316716992,12.313891271826355,1.0042221126659316,1.0207802272990083,1.0181730122530912,0.01510890106599136,0.009833076613073814,9.934469325803972,0.4038334529866205,1.5365385281248536,0.1448266159859615,27.435566739831422,0.13788802222755234,0.1437258338956741,0.1455371563161445
0.075,0.9998770274854649,1.0042000293212259,0.9879099061673344,0.9891775275088674,6.457201182249419,0.36810704043493936,0.9987185097656581,1.0028518495614347,12.311460268261431,1.0041275800385323,1.0211857091911765,1.018519797130027,0.01616726193167811,0.010523168651664501,9.933245345448107,0.40364508122104276,1.5363492182671472,0.14994682723928246,27.45495707359401,0.14263371922647655,0.14863990222663714,0.15052634556920977
0.0775,0.9998728952498687,1.0045104802155103,0.9871155466122664,0.988447213177412,6.456776137269019,0.36811218064875967,0.9986527691642076,1.0023200591320156,12.308666409803804,1.0040169002173451,1.021570640704424,1.0188504848138464,0.017260683842439947,0.011236193009955315,9.932075809467703,0.4034576589208419,1.5361683291793677,0.1550605034525842,27.472438589223646,0.1473751272002187,0.1535471309131306,0.15551162437491275
0.08,0.9998687596480771,1.0048319395494472,0.9862965177934537,0.9876934746027514,6.45634209709925,0.3681179094126232,0.9985856373002164,1.0017483566064525,12.30551152302581,1.0038900863261075,1.0219350750012708,1.0191653324107268,0.018389031047005552,0.011972058143387105,9.930960335924343,0.4032711797185434,1.5359958017880935,0.1601662657219596,27.488021376113238,0.15211192439221985,0.15844720342680368,0.16049287111893706
0.0825,0.9998646205644105,1.005164399095303,0.9854529212135791,0.9869163957046759,6.455899126229152,0.3681242468868092,0.998517124148037,1.0011369467344466,12.301997494122444,1.0037471546141854,1.0222790689614192,1.0194645950479653,0.019552160518551173,0.012730667136376635,9.92989850934738,0.4030856372945681,1.5358315718335598,0.1652627501244611,27.501716122423787,0.15684379353854014,0.16333981244653048,0.16546996785195914
0.085,0.9998604778831444,1.005507849522088,0.9845848636204133,0.9861160654066223,6.455447289862924,0.3681312130423261,0.9984472397926327,1.000486042682288,12.298126268231623,1.0035881244178764,1.022602683076864,1.0197485254113565,0.02074992203119754,0.013511917774809194,9.928889881851449,0.4029010254664558,1.535675570042503,0.17034860856428272,27.51353409997258,0.16157042186851947,0.16822465976824985,0.17044279957364086
0.08750000000000001,0.9998563314885149,1.0058622804005168,0.983692456920788,0.9852925775591683,6.454986653894134,0.3681388276534839,0.9983759944255906,0.9997958659186967,12.293899848733512,1.0034130181203789,1.022905981346566,1.0200173732917954,0.021982158238316007,0.014315702620662873,9.927933974286077,0.40271733827625944,1.5355277223059658,0.17542250958698385,27.523487148527444,0.16629150110125507,0.17310145620160025,0.175411253537989
0.09,0.9998521812647229,1.006227680208112,0.9827758180922114,0.9844460308611995,6.454517284880176,0.3681471102906107,0.9983033983411694,0.9990666460967137,12.289320296529127,1.0032218611104653,1.023189031170803,1.0202713851425462,0.023248704752783306,0.015141909088761585,9.927030277413898,0.40253457007576093,1.535387949861529,0.18055553665482105,27.54263144990969,0.17100672743791984,0.1779699214535782,0.18037521858325398
0.0925,0.999848027095938,1.0066040363344375,0.9818350690922278,0.9835765287788458,6.454039250016938,0.36815608031291314,0.9982294619323826,0.9982986209317563,12.284389729298761,1.003014681739914,1.0234519032453246,1.0205108036486008,0.02454939022932175,0.015990419525651927,9.926178253114108,0.4023527156091697,1.535256169479448,0.18579418415073476,27.57717958728851,0.1757158015517559,0.18282978399949842,0.18533458448920262
0.095,0.9998438688663046,1.0069913350864614,0.9808703367656244,0.9826841794622758,6.453552617113725,0.3681657568614834,0.998154195687119,0.9974920360759538,12.279110320740594,1.0027915112797392,1.0236946714554251,1.0207358673095195,0.025884036449057873,0.01686111129059667,9.925377335607681,0.402171770092985,1.5351322936521528,0.1910255570805191,27.60965595796341,0.18041842857744736,0.18768078094158416,0.19028924136424402
0.0975,0.9998397064599455,1.007389561694043,0.9798817527495869,0.9817690956604513,6.453057454568427,0.3681761588524521,0.9980776101843022,0.9966471449888817,12.27348429978991,1.0025523838752697,1.0239174127700443,1.0209468100371069,0.027252458406427506,0.017753856838674892,9.924626932700974,0.4019917292927165,1.5350162307865927,0.19624816575076717,27.64006316597166,0.18511431810082968,0.1925226578555618,0.195239079064515
0.1,0.999835539760967,1.0077987003155324,0.978869453376913,0.9808313946339363,6.452553831342927,0.36818730497028934,0.9979997160900873,0.9957642088048281,12.267513949819568,1.0022973365001078,1.0241202071360116,1.021143860769239,0.02865446439854917,0.018668523805975668,9.923926427044327,0.40181258959617816,1.5349078853989016,0.2014605331614151,27.668404548466913,0.18980318414894456,0.19735516862568317,0.20018398664664758
0.10250000000000001,0.9998313686534643,1.0082187340434905,0.9778335795773844,0.9798711980658581,6.4520418169387685,0.3681992136612526,0.9979205241540973,0.9948434961967125,12.26120160782212,1.0020264089090316,1.0243031373725453,1.021327243101089,0.030089856117180278,0.019604975096868614,9.923275177402344,0.40163434808308845,1.5348071583108693,0.2066611959867393,27.69468416617941,0.19448474517995984,0.20217807526864245,0.2051238518555605
0.105,0.999827193021525,1.0086496449105118,0.9767742767774101,0.9788886319711217,6.451521481373087,0.36821190312698254,0.9978400452057002,0.9938852832368003,12.254549663574249,1.0017396435898933,1.0244662890661054,1.0214971749349497,0.031558428743362454,0.020563068973330906,9.922672519932599,0.40145700259073064,1.5347139468477144,0.21184870552861668,27.718906793212923,0.1991587240735747,0.20699114774689878,0.21005856064823117
0.1075,0.9998230127492349,1.0090914138951586,0.9756916947980414,0.9778838266039785,6.450992895154778,0.36822539131824605,0.9977582901503237,0.9928898532543461,12.24756055878408,1.001437085714573,1.0246097504657135,1.0216538681497727,0.033059971044852934,0.02154265914630612,9.922117769469557,0.4012805517754487,1.534628145036666,0.2170216286410651,27.741077906219445,0.2038248481231577,0.21179416377195642,0.21498799675403615
0.11,0.9998188277206826,1.009544020927995,0.9745859877514726,0.9768569163640465,6.450456129260959,0.36823969592882666,0.9976752699658138,0.9918574966903072,12.240236786222038,1.0011187830890425,1.0247336123788309,1.0217975282914562,0.03459426547642902,0.022543594869065937,9.921610220810615,0.4011049951697754,1.5345496438058719,0.22217854862518027,27.76120367299306,0.20848284902964123,0.21658690859819327,0.21991204127188985
0.1125,0.9998146378199643,1.010007444897723,0.9734573139361329,0.9758080397008858,6.449911255113677,0.368254834389561,0.9975909956988327,0.9907885109492721,12.232580888835852,1.0007847861025974,1.0248379680678996,1.0219283542848492,0.0361610882831417,0.023565721032541127,9.921149150001217,0.4009303332350106,1.534478331183164,0.22731806609368957,27.779290940525218,0.2131324628959861,0.22136917480786636,0.2248305723040736
0.115,0.999810442931188,1.0104816636574174,0.9723058357304756,0.9747373390172313,6.449358344556885,0.36827082386252086,0.9975054784612979,0.9896832002487517,12.224595458850454,1.0004351476763111,1.0249229131476376,1.02204653816832,0.03776020960658281,0.024608878262583393,9.920733815616106,0.4007565674090939,1.5344140924942267,0.23243879980444224,27.795347222563862,0.2177734302204594,0.22614076208795383,0.22974346462633638
0.11750000000000001,0.9998062429384805,1.0109666540308535,0.9711317194855795,0.9736449605709837,6.448797469833698,0.3682876812353399,0.9974187294268638,0.9885418754659808,12.216283136853436,1.0000699232107673,1.0249885454831804,1.0221522648516592,0.039391393594218484,0.025672903019114766,9.920363460033963,0.40058370014963496,1.5343568105597412,0.23753938746225825,27.80938068671928,0.22240549588739042,0.2309014769995246,0.234650589393559
0.12,0.9998020377259897,1.0114623918189343,0.9699351354166629,0.972531054376061,6.448228703563907,0.36830542311568387,0.9973307598274448,0.9873648539823854,12.207646610866824,0.9996891705331231,1.0250349650891557,1.0222457118979649,0.04105439851182834,0.026757627697116048,9.920037310702593,0.4004117349719908,1.5343063658910692,0.24261848648865428,27.821400141159184,0.22702840915638345,0.23565113274035657,0.2395518138800233
0.1225,0.999797827177891,1.0119688518062089,0.968716257493624,0.9713957741022097,6.4476521187217815,0.36832406582586263,0.9972415809497811,0.9861524595258624,12.198688615405905,0.9992929498435587,1.0250622740297757,1.0223270493300596,0.04274897685907762,0.027862880729400838,9.919754581392223,0.400240676482303,1.5342626368840968,0.2476747747590618,27.831415020935705,0.23164192364742164,0.2403895489015434,0.24444700125310165
0.125,0.9997936111783918,1.0124860077674855,0.9674752633307164,0.9702392769738847,6.447067788614137,0.36834362539758314,0.9971512041320475,0.984905022011031,12.18941193052584,0.9988813236611519,1.0250705763200296,1.0223964394618703,0.04447487548823542,0.028988486691116356,9.919514473434285,0.4000705304054275,1.5342255000108347,0.2527069513072495,27.83943537398629,0.23624579732170733,0.2451165512188557,0.24933601037899772
0.1275,0.9997893896117375,1.0130138324745375,0.9662123340754596,0.9690617236682904,6.446475786858682,0.3683641175668414,0.9970596407605031,0.9836228773776136,12.17981938085691,0.9984543567692061,1.0250599778280518,1.022454036755089,0.04623183572603943,0.03013426640590706,9.919316176943504,0.3999013036077182,1.5341948300084334,0.2577137369967467,27.84547184685019,0.24083979246341725,0.249831971319636,0.25421869565901106
0.13,0.9997851623622139,1.0135522977028997,0.9649276542969004,0.9678632782126897,6.445876187362634,0.36838555776895204,0.9969669022661853,0.982306367427096,12.169913834629124,0.9980121161600732,1.025030586178737,1.0224999877013043,0.048019593498693336,0.031300037053672125,9.919158872020958,0.39973300411464496,1.53417050006526,0.2626938751591606,27.849535670141332,0.24542367566190829,0.254535646466022,0.25909490689468473
0.1325,0.9997809293141556,1.014101374238763,0.9636214118733258,0.9666441078810808,6.44526906430163,0.3684079611337133,0.9968730001216468,0.9809558396578303,12.159698202686991,0.9975546709795398,1.02498251065868,1.0225344307296853,0.04983787945996961,0.0324856122798425,9.919041729936113,0.399565641123248,1.5341523820037182,0.2676910556940289,27.856313446811786,0.24999721779358602,0.25922741929530385,0.2639644891801064
0.135,0.9997766903519478,1.0146610318859608,0.9622937978795317,0.9654043830903376,6.444654492098896,0.36843134248070625,0.9967779458377342,0.9795716470987321,12.149175437495321,0.9970820924708508,1.0249158621224956,1.0225574961401773,0.05168641912237702,0.03369080230609845,9.91896391428588,0.3993992250094559,1.5341403464595182,0.27294045434454545,27.88971876221183,0.25456019400290136,0.26390713755822454,0.2688272828195823
0.1375,0.9997724453600337,1.015231239473048,0.9609450064737561,0.9641442772959185,6.4440325454047045,0.3684557163147259,0.9966817509604111,0.978154148141735,12.138348532136773,0.9965944539184171,1.02483075290059,1.02256930606204,0.05356493299133841,0.03491541404244365,9.918924582128929,0.3992337673303152,1.534134263057117,0.2781709941250865,27.921157833040088,0.25911238368143635,0.2685746538560382,0.2736831232688802
0.14,0.9997681942229183,1.015811964860483,0.9595752347843759,0.962863966887234,6.443403299076127,0.368481096821343,0.9965844270676262,0.977838389312115,12.141309285557904,0.9960918305912457,1.024727296708434,1.0225699744374532,0.055473136702311174,0.03615925120054714,9.918922885093542,0.39906928082119464,1.5341340005810684,0.2833814248597117,27.950640888594076,0.2636535704460147,0.27322982537713975,0.27853184109824874
0.14250000000000002,0.9997639368251734,1.016403174947902,0.9581846827964681,0.9615636310827785,6.442766828157034,0.36850749786259357,0.9964859857662195,0.9784820943656515,12.156312991333962,0.9955742996861439,1.024605608557404,1.0225596070298002,0.057410741160770024,0.03742211440826004,9.918957970457585,0.3989057793880567,1.5341394271430575,0.28857051831395464,27.97817868923427,0.2681835421177937,0.27787251363407417,0.2833732619754461
0.145,0.999759673051443,1.017004835681497,0.9567735532383401,0.9602434518251141,6.442123207858405,0.36853493297279544,0.9963864386888774,0.9790946522766046,12.17106604485713,0.9950419402707602,1.0244658046672286,1.022538301456113,0.059377452684958934,0.03870380132520974,9.919028982199178,0.39874327809489807,1.534150410344407,0.2937370687032882,28.00378251091074,0.27270209070242074,0.2825025842017258,0.28820720666707106
0.1475,0.9997554027864477,1.0176169120614946,0.955342051468122,0.9589036136758035,6.441472513538895,0.3685634153544892,0.9962857974911276,0.9796761661445967,12.185569021381157,0.994494833226521,1.024308002380097,1.022506147243083,0.061372973151306916,0.04000410675936997,9.919135062016828,0.3985817931464846,1.534166817433858,0.2988798931688315,28.027464129584104,0.27720901237074824,0.28711990645747987,0.29303349105656434
0.15,0.9997511259149912,1.0182393681497415,0.9538903853605237,0.9575443037103856,6.440814820685723,0.3685929578745022,0.9961840738483814,0.9802267430050609,12.199822514624653,0.9939330611915129,1.0241323200764687,1.0224632259059077,0.06339700014239087,0.041322822784502014,9.91927535031795,0.3984213418665219,1.534188515460461,0.30399783222059545,28.049235805576078,0.2817041074402303,0.2917243533241303,0.29785192617733675
0.1525,0.9997468423219634,1.0188721670773937,0.9524187651938454,0.9561657114134843,6.4401502048957875,0.36862357306013316,0.9960812794530145,0.9808264993458417,12.214823494317647,0.9933567085033664,1.0239388770926265,1.0224096110491852,0.06544922709731742,0.04265973885835817,9.919448987174839,0.3982619426714163,1.5342153714214353,0.30908975014862394,28.069110267883588,0.286187180357781,0.2963158010162916,0.3026623182595855
0.155,0.9997425518923467,1.0195152710527209,0.9509274035373421,0.9547680285741399,6.439478741857105,0.36865527309545665,0.9959774260114957,0.9815102721214684,12.23100715404586,0.9927658611421796,1.0237277936400064,1.022345368488942,0.06752934346438513,0.04401464194153609,9.9196551132472,0.3981036150397997,1.5342472524048525,0.3141545354024543,28.08710069848911,0.29065803968526527,0.300894128791055,0.30746446878947975
0.1575,0.99973825451122,1.020168641369019,0.9494165151390263,0.9533514491814475,6.438800507330517,0.3686880698177448,0.9958725252415572,0.982163655821704,12.246948865878926,0.9921606066735276,1.023499190726339,1.0222705563948316,0.06963703485587877,0.04538731661686923,9.919892870670646,0.3979463794780003,1.5342840257270591,0.3191911009393613,28.103220716698004,0.29511649808822027,0.305459218703599,0.31225817457950855
0.16,0.9997339500637655,1.0208322384126431,0.9478863168140038,0.9519161693205955,6.438115577131674,0.36872197471400575,0.9957665888694085,0.9827867410228358,12.26264898187072,0.9915410341915973,1.0232531900786273,1.0221852254514423,0.07177198320483778,0.046777545209236854,9.920161403910447,0.39779025748165864,1.5343255590647247,0.3241983845419143,28.117484363532586,0.2995623723242359,0.310010955368447,0.3170432278489192
0.1625,0.9997296384352706,1.0215060216711562,0.9463370273334281,0.9504623870693799,6.437424027113326,0.36875699891763614,0.9956596286269971,0.9833796221384323,12.278107873438696,0.9909072342624886,1.02298991406799,1.0220894190376044,0.07393386692363306,0.04818510790567412,9.920459860580264,0.3976352714936941,1.534371720581471,0.3291753491054055,28.1299060862104,0.30399548322210473,0.3145492257270264,0.3218194163132925
0.165,0.9997253195111369,1.0221899497416038,0.9447688673141543,0.9489903023952821,6.436725933147859,0.36879315320518746,0.9955516562493074,0.9839423973380611,12.293325930982856,0.9902592988677231,1.0227094856363919,1.0219831734225244,0.07612236106417795,0.04960978287566187,9.920787392225355,0.3974814448588433,1.5344223790490106,0.3341209828957628,28.14050072273292,0.3084156556493609,0.3190739188221605,0.3265865232824315
0.1675,0.9997209931768811,1.0228839803389134,0.9431820591091822,0.9475001170531866,6.436021371110145,0.3688304479932446,0.9954426834717087,0.9844751684666139,12.308303563518187,0.9895973213480064,1.0224120282252764,1.0218665179775168,0.07833713747959264,0.051051346391473504,9.92114315507018,0.3973288017749927,1.534477403962775,0.3390342997785849,28.1492834866091,0.3128227184778375,0.32358492558008595,0.33134432776585887
0.17,0.9997166593181427,1.0235880703044247,0.9415768266989627,0.945992034483817,6.435310416860664,0.3688688933354148,0.9953327220273441,0.984978040964293,12.323041198320396,0.9889213963472923,1.0220976657061165,1.0217394754020834,0.08057786498713475,0.05250957294845614,9.92152631073019,0.39717736724154273,1.5345366656520076,0.3439143394199765,28.156269951736295,0.31721650455904227,0.3280821386005545,0.33609260458533513
0.17250000000000001,0.9997123178206883,1.0243021756145498,0.9399533955836485,0.9444662597129646,6.434593146228921,0.3689084989194276,0.9952217836445658,0.9854511237872996,12.337539280585007,0.9882316197572367,1.0217665223128976,1.0216020619630417,0.08284420953220377,0.053984235385121884,9.921936026887883,0.397027167005041,1.5346000353843248,0.3487601674598815,28.161476037459494,0.3215968507249928,0.3325654519555409,0.3408311244939145
0.17500000000000002,0.9997079685704158,1.0250262513895763,0.9383119926763608,0.9429229992515856,6.4338696349971185,0.36894927406434325,0.99510988004441,0.9858945293292732,12.351798273099654,0.9875280886624526,1.0214187225765416,1.021454287745392,0.08513583435322196,0.055475105002925136,9.922371477933133,0.39687822750233015,1.5346673854647566,0.3535708756586441,28.16491799382805,0.32596359778656536,0.33703476099703983,0.34555965430116187
0.1775,0.9997036114533593,1.0257602519026061,0.9366528461975507,0.9413624609968311,6.433139958884156,0.36899122771787035,0.9949970229381218,0.9863083733435108,12.365818655929518,0.9868109012862148,1.0210543912612708,1.0212961569135999,0.08745240014719094,0.05698195168560198,9.922831845568053,0.396730575801459,1.534738589329297,0.35834790939700806,28.166795323312893,0.3303165904850729,0.3414899621743913,0.3502779570042362
0.18,0.9996992463556952,1.0265041305886395,0.9349761855705166,0.9397848541340836,6.432404193529871,0.36903436845379106,0.9948832240247182,0.986692774866008,12.379600926115758,0.9860801569354019,1.0206736533029246,1.0211276679819588,0.08979356523572014,0.05850454401794802,9.92331631937662,0.39658423954060656,1.534813521633008,0.3633938961448816,28.190660752686945,0.3346556774525154,0.34593095286153713,0.35498579192462887
0.1825,0.999694873163746,1.0272578400538102,0.9332822413181528,0.9381903890400626,6.431662414479606,0.3690787044694944,0.9947684949886008,0.9870478561393539,12.393145597386734,0.985335955946269,1.020276633749221,1.0209488140927117,0.09215898573132032,0.060042649403911685,9.923824097359423,0.3964392468652734,1.5348920583327275,0.36840522920714314,28.212431077427713,0.3389807111908836,0.350357631194564,0.35968291485041465
0.185,0.9996904917639847,1.028021332084764,0.9315712449609864,0.936579277187062,6.430914697169018,0.3691242435836165,0.9946528474972062,0.9875754364006561,12.408987504133728,0.9845783996310187,1.0198634577019647,1.0207595833006164,0.09454831570375558,0.06159603418388174,9.924354386434,0.3962956263639896,1.5349740767644533,0.37338080506493554,28.23211843386595,0.34329154805638007,0.3547698959198453,0.36436907818392605
0.1875,0.9996861020430408,1.028794557658202,0.9298434289165721,0.9349517310483791,6.430161116909227,0.3691709932337889,0.9945362931987098,0.9880824109126576,12.424703093209763,0.9838075902249639,1.0194342502611895,1.0205599588626553,0.09696120734624467,0.06316446375104853,9.924906402901215,0.3961534070027937,1.535059455715479,0.378319548342047,28.24973555429039,0.34758804824298256,0.35916764625305364,0.3690440310948114
0.19,0.999681703887704,1.029577466950573,0.9280990264002944,0.9333079640049962,6.429401748872193,0.3692189604744935,0.994418843719763,0.9886793295059961,12.44168276628182,0.9830236308343185,1.0189891364712405,1.02034991953163,0.09939731114130418,0.06474770266672102,9.925479372878295,0.39601261805873067,1.5351480754913693,0.38322041216021513,28.265295753637638,0.3518700757617868,0.3635507817492638,0.3737075196784676
0.1925,0.999677297184929,1.0303700093479327,0.9263382713276411,0.9316481902535628,6.428636668076424,0.3692681519750263,0.9943005106632832,0.9893427974129628,12.459634318661122,0.9822266253846281,1.0185282412687704,1.020129439852393,0.10185627602602616,0.06634551477448318,9.926072532699157,0.39587328905261493,1.5352398179778777,0.38808237846450877,28.278812916108215,0.3561374984156844,0.367919202184328,0.37835928711986466
0.195,0.9996728818218409,1.0311721334559638,0.9245613982179961,0.9299726247157387,6.427865949372949,0.36931857401756835,0.9941813056062843,0.9899776137576682,12.477359666701455,0.9814166785698711,1.0180516894326466,1.019898490459532,0.10433774955658431,0.06795766331307652,9.926685129282658,0.39573544968130303,1.5353345666979028,0.3929044583191624,28.29030148172217,0.3603901877723983,0.3722728074476562,0.3829990738627938
0.1975,0.9996684576857386,1.0319837871101647,0.9227686421000046,0.9282814829489389,6.427089667431595,0.36937023249536544,0.9940612400977543,0.9905838655117846,12.49485890732005,0.9805938958022471,1.0175596055357523,1.0196570383753378,0.10684137807176611,0.06958391102789753,9.927316420469618,0.3955991297497124,1.5354322068636144,0.39768569217424937,28.299776432826906,0.3646280191386045,0.37661149744648786,0.3876266177845693
0.2,0.9996640246641005,1.0328049173862075,0.920960238418554,0.9265749810585358,6.426307896727525,0.36942313291101775,0.9939403256565729,0.9911616430203904,12.512132158141657,0.9797583831626824,1.0170521138986675,1.0194050473069751,0.10936680685532951,0.07122402028100239,9.927965675329288,0.39546435910281974,1.5355326254238553,0.40242515010360824,28.30725328056828,0.3688508715356591,0.3809351720217036,0.3922416543762164
0.2025,0.9996595826445879,1.0336354706104687,0.9191364229434201,0.9248533356115546,6.425520711528092,0.36947728037487887,0.9938185737694785,0.9917110399293192,12.529179557214269,0.9789102473520743,1.0165293385452039,1.019142477941779,0.11191368029698848,0.07287775315951467,9.92863217443617,0.3953311675578639,1.5356357111069554,0.40712193201444535,28.312748051335415,0.3730586276761708,0.38524373087517155,0.3968439169281632
0.20500000000000002,0.9996551315150505,1.0344753923707326,0.9172974316796172,0.923116763551909,6.424728185879977,0.3695326796035666,0.9936959958890785,0.9922321531133804,12.54600126273544,0.9780495956432887,1.0159914031597814,1.0188692882397026,0.11448164205183385,0.07454487158233462,9.929315210118057,0.39519958483697437,1.5357413544590945,0.411775167829051,28.31627727318832,0.37725117394037944,0.3895370735085873,0.40143313672142955
0.20750000000000002,0.9996506711635292,1.0353246275270744,0.9154435007794882,0.9213654821172115,6.423930393596601,0.3695893349185856,0.9935726034319028,0.9927250826054862,12.562597452789126,0.9771765358339276,1.015438431046624,1.0185854337219733,0.11707033519800251,0.07622513740505346,9.930014086676133,0.3950696405004341,1.5358494478783473,0.41638401763908556,28.31785796227665,0.38142840035176145,0.3938150991737222,0.406009043224291
0.21,0.9996462014782624,1.036183120222917,0.9135748664565745,0.9195997087571984,6.423127408245836,0.3696472502450631,0.9934484077765027,0.9931899315267047,12.578968325092923,0.9762911761998904,1.0148705450907431,1.0182908677550913,0.11967940239241195,0.07791831252297919,9.930728120578138,0.3949413638807827,1.5359598856445567,0.4210131100810936,28.321909695823347,0.3855902005519619,0.39807770683395,0.4105713642943572
0.2125,0.9996417223476891,1.0370508138962735,0.911691764901299,0.9178196610537982,6.4223193031380195,0.3697064291106004,0.9933234202615975,0.9936268060172694,12.595114096755587,0.975393625449747,1.0142878677206928,1.017985541829348,0.12230848602438374,0.07962415897218518,9.931456640625514,0.39481478401795267,1.536072563945188,0.4259137182046988,28.34508354342774,0.3897364717753201,0.4023247951368864,0.4151198263859734
0.215,0.9996372336604525,1.037927651291164,0.9097944321984862,0.9160255566428769,6.421506151314232,0.3697668746442388,0.993197652184261,0.9940358151685649,12.61103500404471,0.9744839926799521,1.0136905208730695,1.0176694058311464,0.12495722836698575,0.08134243902849717,9.932198988095497,0.3946899295956233,1.5361873808973046,0.43077523404604046,28.36632894854105,0.39386711482133696,0.4065562623979346,0.41965415476281887
0.2175,0.9996327353054056,1.03881357446922,0.9078831042467537,0.9142176131376866,6.420688025534893,0.3698285895755448,0.993071114798158,0.9945019506046463,12.627809071790807,0.9735623873309152,1.0130786259587221,1.0173424083084217,0.1276252717259296,0.08307291530433833,9.932954516859203,0.3945668288789703,1.5363042365658328,0.43559683296793233,28.385661906231352,0.3979820340225296,0.41077200659449203,0.42417407371553223
0.22,0.9996282271716136,1.039708524821467,0.9059580166797961,0.9123960480540436,6.4198649982686335,0.3698915762338136,0.9929438193118234,0.9949577408821655,12.644580454471008,0.9726289191439325,1.012452303830651,1.017004496728564,0.13031225858586662,0.08481535084335769,9.933722593476642,0.39444550965397396,1.5364230329782573,0.44037771722935104,28.403098727788525,0.4020811372100405,0.41497192537054284,0.4286793067841588
0.2225,0.999623709148359,1.0406124430802912,0.9040194047895822,0.9105610787372573,6.419037141681463,0.3699558365473931,0.992815776886986,0.9953868551532606,12.661140833076816,0.9716836981190106,1.0118116747535646,1.0166556177283,0.133017831753934,0.08656950921277105,9.934502597269727,0.3943259991684424,1.5365436741359129,0.4451171159402546,28.41865602699485,0.40616433568138227,0.41915591605131913,0.43316957698517106
0.225,0.999619181125145,1.0415252693315888,0.9020675034514868,0.9087129222908311,6.418204527626228,0.37002137204313157,0.9926869986369385,0.9957893852078407,12.677490221070798,0.9707268344735808,1.0111568583750643,1.016295717355046,0.1357416345004097,0.08833515459334912,9.935293920374296,0.3942083240748956,1.5366660660220308,0.4498142849962814,28.43235070663984,0.41023154416959773,0.42332387566769114,0.43764460704277475
0.2275,0.9996146429916992,1.0424469430270962,0.9001025470513738,0.9068517955069519,6.417367227632376,0.37008818384594844,0.9925574956249547,0.9961654257194066,12.693628652467975,0.9697584386021341,1.0104879736984198,1.0159247412993204,0.13848331069634384,0.09011205186699235,9.936095967772165,0.3940925103754428,1.5367901166066964,0.4544685069940914,28.444199945284254,0.4142826808117943,0.42747570098990956,0.4421041196241737
0.23,0.9996100946379772,1.0433774029969003,0.8981247694146409,0.9049779147987849,6.416525312895986,0.37015627267853185,0.9924272788627468,0.9965150741812978,12.709556181613626,0.9687786210367848,1.0098051390569174,1.0155426351178642,0.14124250494804125,0.09189996670183721,9.936908157304227,0.39397858336877845,1.536915735848875,0.4590790911281048,28.454221184276665,0.4183176671179712,0.4316112885703009,0.44654783757843075
0.2325,0.9996055359541667,1.0443165874621303,0.8961344037372417,0.9030914961345826,6.415678854270128,0.3702256388611638,0.9922963593089751,0.9968384308438335,12.72527288296845,0.9677874924087801,1.0091084720897296,1.015149344447172,0.14401886272828052,0.09369866563484353,9.93772991966567,0.3938665675994082,1.537042835695672,0.463842319695125,28.47452234667919,0.4223364279405442,0.4357305347944882,0.450975484178525
0.23500000000000001,0.9996009668306901,1.045264434047824,0.8941316825186922,0.9011927549736248,6.414827922255491,0.3702962823116751,0.9921647478677974,0.9971355986523674,12.740778850900872,0.966785163410961,1.0083980897192943,1.0147448152071992,0.14681203050416133,0.09550791615181795,9.938560698384268,0.3937564868092084,1.537171330078976,0.4687569782041353,28.5047441194266,0.42633889144438725,0.43983333594068935,0.45538678336617494
0.23750000000000002,0.999596387158209,1.046220879795972,0.8921168374970667,0.8992819062039906,6.413972586991311,0.3703682025455321,0.992032455387467,0.9974066831862715,12.756074199486518,0.9657717447611865,1.007674108130152,1.014328993795074,0.14962165586148302,0.09732748676483371,9.93939994978284,0.3936483638914094,1.5373011349096517,0.4736268080613632,28.53279257968954,0.4303249890763326,0.4439195882466222,0.45978145999896597
0.24,0.9995917968276258,1.0471858611787332,0.8900900995859897,0.8973591640821728,6.413112918246601,0.3704413986760561,0.9918994926589758,0.9976517925988555,12.771159062314599,0.9647473471667255,1.0069366427492183,1.0139018272686766,0.15244738762556487,0.09915714708701229,9.940247142926827,0.39354222084708423,1.5374321680694318,0.4784509426432749,28.558683048050877,0.4342946555320338,0.44798918798352827,0.46415924009929754
0.2425,0.9995871957300885,1.0481593141118186,0.8880516988136253,0.8954247421745359,6.412248985411675,0.37051586941477854,0.9917658704147428,0.9978710375582437,12.78603359230117,0.963712081289623,1.0061858082274555,1.0134632635200256,0.15528887597842794,0.10099666790463722,9.941101759557965,0.39343807874421244,1.537564349400659,0.48322854605295296,28.582431367781464,0.4382478287204613,0.4520420315368157,0.46851985110464245
0.245,0.9995825837569933,1.0491411739680452,0.8860018642636616,0.8934788533006222,6.411380857489958,0.37059161307193306,0.9916315993273488,0.998064531189203,12.800697961509064,0.9626660577130478,1.0054217184229066,1.0130132514384291,0.1581457725722689,0.10284582124657606,9.941963294015162,0.3933359576793798,1.5376976006940473,0.48795881315799267,28.60405389032854,0.4421844497281759,0.45607801549279675,0.47286302211858466
0.2475,0.999577960799987,1.050131375591045,0.8839408240182909,0.8915217094783007,6.410508603090109,0.3706686275570856,0.9914966900083162,0.9982323890159344,12.81515236097427,0.9616093869086227,1.00464448638506,1.012551741063433,0.16101773063916253,0.10470438045099172,9.942831253143348,0.3932358767421631,1.537831845674585,0.4926409696026185,28.62356746076606,0.4461044627837121,0.4600970367310026,0.47718848416210335
0.25,0.99957332675097,1.05112985330914,0.8818688051031777,0.8895535218707598,6.409632290418432,0.370746910379905,0.9913611530069367,0.9983747289058252,12.82939700053862,0.9605421792047367,1.0038542243405109,1.012078683727615,0.16390440509694262,0.10657212022932848,9.943705156191447,0.39313785398224105,1.5379670099857539,0.49727427179454214,28.640989403213915,0.4500078152209262,0.46409899252153136,0.4814959704245404
0.2525,0.9995686815020995,1.0521365409493608,0.8797860334344118,0.8875745007353396,6.408751987271577,0.3708264586510759,0.9912249988091419,0.9984916710141636,12.843432108688477,0.9594645447558361,1.0030510436798814,1.0115940321893315,0.16680545265121616,0.10844881672756483,9.944584534700246,0.3930419063792616,1.5381030211721858,0.5018580068671159,28.656337506233342,0.4538944574406962,0.46808378062689465,0.4857852165136973
0.255,0.9995640249457916,1.0531513718516192,0.8776927337674342,0.8855848553741945,6.407867761029558,0.3709072690833539,0.9910882378364232,0.9985833377298089,12.857257932399293,0.9583765935126859,1.0022350549459718,1.0110977407555415,0.16972053189347805,0.11033424758472789,9.945468932381187,0.39294804981548603,1.5382398086609168,0.5063914926173287,28.669630008205303,0.457764342871607,0.4720512994078117,0.4900559607044937
0.2575,0.9995593569747238,1.054174278883019,0.8755891296479282,0.8835847940867803,6.406979678649051,0.37098933799276657,0.9909508804447955,0.9986498536218167,12.870874736985652,0.9572784351935951,1.0014063678231009,1.0105897653948797,0.17264930339529996,0.11222819198867104,9.946357904986922,0.39285629905122466,1.5383773037413646,0.510874077420218,28.68088558269877,0.4616174279304812,0.47600144793241084,0.49430794418562496
0.26,0.9995546774818374,1.0552051944523027,0.8734754433646621,0.8815745241241545,6.406087806657,0.37107266129995925,0.9908129369238082,0.9986913453870042,12.884282805956643,0.9561701792565741,1.0005650911276094,1.0100700638411741,0.17559142979857761,0.11413043072912049,9.947251020174463,0.39276666770306495,1.5385154395441645,0.5153051401202705,28.690123323835664,0.46545367198220566,0.47993412608829106,0.49854091130365824
0.2625,0.9995499863603396,1.0562440505244257,0.8713518959042711,0.8795542516450809,6.405192211144522,0.37115723453168864,0.9906744174956024,0.9987079417984545,12.897482440876221,0.9550519348724132,0.9997113327994847,1.0095385956876224,0.17854657590182815,0.11604074624800012,9.948147857361876,0.3926791682248903,1.5386541510190026,0.5196840899004044,28.697362731659492,0.4692730372975706,0.48384923469690305,0.5027546098040123
0.265,0.9995452835037063,1.057290778635254,0.8692187069079615,0.8775241816739217,6.4042929577611085,0.37124305282246484,0.9905353323140142,0.9986997736549391,12.91047396122825,0.9539238108987105,0.9988451998950794,1.008995322471878,0.18151440874253805,0.11795892268705012,9.949048007579233,0.3925938118916755,1.5387933749115636,0.5240103661291272,28.702623697514216,0.4730754890109297,0.48774667562971386,0.5069487910682794
0.2675,0.9995405688056831,1.0583453099063747,0.8670760946301217,0.8754845180603053,6.403390111709129,0.37133011091634194,0.9903956914637245,0.9986669737312533,12.923257704285955,0.9527859158548617,0.9979667985808892,1.0084402077523071,0.184494597675571,0.11988474593275816,9.949951073314654,0.3925106087860403,1.5389330497397198,0.5282834381864828,28.705926489440635,0.4768609950850593,0.4916263519256299,0.5111232103473551
0.27,0.999535842160287,1.0594075750600103,0.8649242758988193,0.8734354634405516,6.402483737738634,0.37141840316885855,0.9902555049594552,0.9986096767294452,12.935834024985486,0.9516383578980141,0.9970762341283543,1.0078732171756994,0.18748681444765122,0.12181800365862616,9.950856668356247,0.3924295677875333,1.539073115769082,0.5325028052694043,28.707291737597075,0.48062952628347544,0.49548816790915745,0.5152776269898636
0.2725,0.9995311034618093,1.0604775044340364,0.8627634660781688,0.8713772192008413,6.4015739001424645,0.37150792354912954,0.9901147827452128,0.9985280192309222,12.948203295803209,0.9504812447999818,0.9961736109096527,1.0072943185367262,0.190490733267948,0.12375848536480037,9.9517644176306,0.39235069656461313,1.5392135149880215,0.5366679961771016,28.7067404197116,0.4843810561237433,0.4993320293087976,0.5194118046653791
0.275,0.9995263526048163,1.0615550279970836,0.8605938790325427,0.8693099854421054,6.400660662751651,0.371598665642088,0.9899735346935766,0.9984221396494211,12.960365906636454,0.949314683925116,0.9952590323944582,1.0067034818294611,0.19350603087479226,0.1257059824150955,9.952673957038607,0.39227400156928754,1.5393541910822766,0.5407785690771263,28.70429384657305,0.48811556082481605,0.5031578433751794,0.523525511581965
0.2775,0.9995215894841508,1.0626400753637253,0.8584157270926099,0.8672339609466179,6.39974408893113,0.37169062265087904,0.9898317706050367,0.9982921781848169,12.972322264687357,0.9481387822091284,0.9943326011476215,1.0061006792912748,0.19653238659856456,0.1276602880714481,9.953584933289283,0.39219948803436433,1.5394950894092496,0.5448341112527556,28.69997364756831,0.4918330192663675,0.5069655189984567,0.5276185206975759
0.28,0.9995168139949333,1.0637325758097327,0.8562292210231736,0.8651493431462723,6.398824241575751,0.3717837873994055,0.9896895002073756,0.9981382767777542,12.98407279434945,0.9469536461388581,0.9933944188277534,1.005485885439437,0.19956948242080047,0.1296211975258377,9.954497003732175,0.39212715997326303,1.5396361569720864,0.5488342388323615,28.693801756273412,0.4955334129522212,0.5107549668245063,0.5316906099248909
0.28250000000000003,0.9995120260325637,1.0648324582873983,0.8540345699927843,0.8630563280925153,6.397901183106593,0.371878152335024,0.9895467331550994,0.9979605790650844,12.995617937096728,0.9457593817329616,0.9924445861866694,1.0048590771007553,0.202617003029565,0.13158850792971694,9.955409836189077,0.3920570201823317,1.5397773423936476,0.5527785965014202,28.685800396106107,0.4992167259717126,0.5145260993694832,0.5357415623291663
0.28500000000000003,0.9995072254927223,1.0659396514409085,0.8518319815451059,0.8609551104279185,6.396974975467585,0.3719737095313939,0.9894034790289145,0.9977592303360758,13.006958151374725,0.944556094523505,0.9914832030696735,1.004220233434583,0.20567463587115548,0.13356201842099658,9.95632310878554,0.39198907024560736,1.5399185958904502,0.5566668571978476,28.675992066048018,0.5028829449556255,0.5182788311323105,0.5397711663187313
0.28750000000000003,0.9995024122713697,1.0670540836217657,0.8496216615720037,0.8588458833593628,6.396045680122424,0.37207045069147615,0.9892597473352509,0.9975343774893851,13.018093912493358,0.9433438895384496,0.9905103684166457,1.003569335949544,0.20874207119819557,0.13554153014863193,9.957236509782796,0.3919233105419564,1.5400598692466692,0.5604987217913332,28.664399526444235,0.5065320590286168,0.5220130787047002,0.543779215827769
0.29,0.9994975862647492,1.068175682904243,0.8474038142883297,0.8567288386328097,6.395113358051811,0.37216836715068274,0.989115547505835,0.9973844402437895,13.030309575390506,0.9421228712850551,0.9895261802639045,1.002906368514296,0.21181900211419205,0.13752684629486303,9.958149737410595,0.3918597402545246,1.5402011157882853,0.5642739187473677,28.651045784888698,0.5101640597622515,0.5257287608783213,0.5477655104910543
0.2925,0.9994927473693866,1.0693043771008683,0.8451786422083759,0.8546041665096343,6.394178069750982,0.37226744988017657,0.9889708888973077,0.9972654495946065,13.043032846216233,0.9408931437341895,0.9885307357468167,1.0022313173626893,0.21490512461462669,0.13951777209515992,9.959062499701439,0.3917983573824257,1.540342290357445,0.5679922037766577,28.635954082203746,0.5137789411292566,0.5294257987487585,0.5517298558103514
0.295,0.9994878954820908,1.0704400937779244,0.842946346123966,0.852472055744496,6.393239875227545,0.37236768949031906,0.9888257807908895,0.9971227502936484,13.05554902850365,0.9396548103054022,0.9875241311031264,1.0015441710936333,0.218000137624664,0.1415141148559302,9.959974514326667,0.3917391587545928,1.540483349287109,0.5717891498977397,28.62594606530717,0.5173766994570379,0.5331041158159208,0.555672063312201
0.2975,0.9994830304999541,1.07158276027096,0.8407071250841589,0.8503326935647144,6.392298833999638,0.37246907623426634,0.988680232392096,0.9969564769833655,13.067858444603592,0.9384079738527441,0.9865064616769711,1.0008449206660175,0.22110374303355765,0.14351568397004524,9.960885508434837,0.3916821400457138,1.540624250376054,0.576320321997923,28.65350741653052,0.5209573333789147,0.5367636380805907,0.5595919506968506
0.3,0.999478152320353,1.0727323037003011,0.8384611763765275,0.8481862656511275,6.391355005094376,0.3725716000117108,0.9885342528304978,0.9967667657850208,13.079961432468943,0.9371527366516368,0.985477821923562,1.0001335593889984,0.22421564572584304,0.14552229093024546,9.96179521849277,0.39162729579417116,1.540764952864289,0.5807981121024974,28.678975661169815,0.524520843782819,0.540404294136821,0.5634893419781148
0.3025,0.9994732608409488,1.0738886509865542,0.8362086955099884,0.8460329561204026,6.390408447046616,0.3726752503727683,0.9883878511595285,0.9965537542599351,13.091858345544761,0.9358892003869456,0.9844383054145,0.999410082907981,0.22733555360940605,0.14753374934048552,9.962703390129604,0.3915746194219039,1.540905417408935,0.5852220029781173,28.70236931839108,0.5280672337584255,0.5440260152599193,0.5673640676139844
0.305,0.9994683559596866,1.0750517288660937,0.8339498761991493,0.843872947508768,6.38945921789805,0.37278001652200754,0.9882410363563461,0.9963175813713833,13.10354955265889,0.9346174661413169,0.9833880048436965,0.9986744891865911,0.23046317764052243,0.14954987492528202,9.963609777984242,0.3915241032561046,1.5410456060606286,0.5895915050251853,28.723707244476575,0.5315965085431004,0.5476287354897746,0.5712159646278141
0.3075,0.999463437574796,1.0762214639065286,0.8316849103501364,0.8417064207571427,6.388507375196558,0.37288588732262146,0.9880938173217311,0.99605838744712,13.115035437912637,0.9333376343837835,0.9823270120338835,0.9979267784849635,0.23359823184596315,0.15157048553712849,9.964514145556363,0.3914757385526686,1.5411854822404805,0.5939061559851031,28.74300861778713,0.5351086754673823,0.551212391709318,0.5750448767199707
0.31,0.9994585055847915,1.0773977825221337,0.829413988047881,0.8395335551976273,6.387552975995933,0.3729928513007364,0.9879462028800454,0.9957763141425057,13.12631640057142,0.9320498049594602,0.9812554179436742,0.9971669533346128,0.23674043334226458,0.153595401162042,9.965416265061368,0.3914295155213061,1.5413250107176397,0.5981655206325545,28.760292923838573,0.5386037439013529,0.5547769237179196,0.5788506543698267
0.3125,0.9994535598884716,1.0785806109892468,0.8271372975448219,0.8373545285413302,6.386596076855879,0.3731008966498589,0.9877982017792313,0.9954715044042175,13.13739285495496,0.9307540770801661,0.9801733126751607,0.9963950185101949,0.23988950235226417,0.1556244439233076,9.966315917289467,0.3913854233522287,1.5414641575874979,0.6023691904536087,28.775579940504144,0.5420817252021559,0.5583222742995624,0.5826331549280216
0.315,0.9994486003849185,1.0797698754616185,0.8248550252509961,0.8351695168674983,6.3856367338423246,0.3732100112354563,0.9876498226908602,0.995144102434523,13.148265230326798,0.9294505493158027,0.9790807854820167,0.9956109809984232,0.24304516221900138,0.15765743808348753,9.96721289146899,0.39134345024432154,1.541602890250549,0.6065167833104467,28.78888972335423,0.5455426326611111,0.5618483892856475,0.586392242698942
0.3175,0.9994436269734983,1.0809655019857096,0.8225673557254853,0.8329786946139212,6.384675002528078,0.37332018259966887,0.9875010742102337,0.9947942536560909,13.158933970782918,0.9281393195864205,0.9779779247780865,0.9948148499644031,0.24620713941708888,0.15969421004476228,9.968106985134224,0.3913035834347106,1.5417411773919483,0.6106079430934984,28.80024259114512,0.5489864814491474,0.5653552176123176,0.5901277890133843
0.32,0.9994386395538607,1.08216741651593,0.820274471669182,0.8307822345685785,6.383710937993752,0.37343139796615027,0.9873519648565269,0.9944221046773204,13.169399535139073,0.9268204851550174,0.9768648181464349,0.9940066367156517,0.2493751635616553,0.16173458834767063,9.968998003997807,0.39126580922963483,1.5418789889617748,0.6146423393618041,28.809659111468417,0.5524132885641146,0.5688427113722022,0.5938396722913953
0.3225,0.9994336380259375,1.0833755449298146,0.817976553918844,0.8285803078624973,6.382744594829052,0.37354364424503433,0.9872025030729876,0.9940278032581682,13.17966239681681,0.9254941426209571,0.9757415523488323,0.9931863546640305,0.25254896741496397,0.16377840366831678,9.96988576182783,0.3912301130365315,1.5420162961560235,0.6186196669723995,28.817160086572446,0.5558230727866692,0.5723108258605173,0.5975277780953085
0.325,0.9994286222899431,1.0845898130431237,0.8156737814424037,0.8263730839637927,6.3817760271343476,0.373656908038024,0.987052697227179,0.9936114982764498,13.189723043727644,0.9241603879140147,0.9746082133356607,0.9923540192858393,0.2557282868908111,0.16582548881411197,9.970770080329638,0.391196479397244,1.5421530713983238,0.6225396456995316,28.822766539366963,0.5592158546291592,0.5757595196154709,0.6011919991730116
0.3275,0.9994235922463734,1.0858101466248702,0.8133663313354961,0.8241607306728567,6.380805288522561,0.3737711756435993,0.9869025556112727,0.9931733396945996,13.19958197815545,0.9228193162891518,0.9734648862562112,0.9915096480802889,0.2589128610568064,0.1678756787181174,9.971650789032475,0.39116489202226096,1.5422892883224073,0.6264020198445127,28.826499699622616,0.5625916562773754,0.5791887544529496,0.6048322354915009
0.33,0.9994185477960048,1.0870364714122602,0.811054378819178,0.8219434141186652,6.37983243212141,0.3738864330623426,0.9867520864423943,0.9927134785268625,13.20923971663663,0.9214710223219886,0.9723116554693535,0.9906532605265588,0.2621024321346379,0.16992881043205646,9.972527725180889,0.391135333825895,1.5424249217553119,0.6302065578370132,28.82838099037587,0.5659505015433693,0.5825984954954836,0.6084483942608048
0.3325,0.9994134888398943,1.0882687131255495,0.8087380972387954,0.8197212987561738,6.378857510575917,0.3740026660023746,0.9866012978630125,0.9922320668069046,13.21869678983793,0.9201155999049534,0.9711486045545626,0.9897848780396561,0.26529674549842397,0.1719847231180619,9.973400733630903,0.3911077869623107,1.542559947701322,0.6339530518285985,28.828432014550444,0.5692924158220422,0.5859887111955066,0.6120403899483693
0.335,0.9994084152793768,1.0895067974828014,0.8064176580639759,0.8174945473647675,6.377880576051277,0.3741198598849007,0.9864501979413827,0.9917292575558208,13.227953742431746,0.9187531422440879,0.9699758163232749,0.9889045239252526,0.26849554967125044,0.17404325803922388,9.97426966675094,0.39108223286231125,1.5426943433266458,0.6376413172793024,28.82667454180582,0.5726174260437136,0.5893593733529462,0.6156081442840178
0.3375,0.9994033270160669,1.0907506502145505,0.8040932308897036,0.8152633210477367,6.376901680236026,0.3742379998498617,0.9862987946720357,0.9912052047505232,13.237011132968638,0.9173837418564853,0.9687933728305587,0.9880122233336879,0.2716985963199931,0.176104258549004,9.975134384327363,0.3910586522707935,1.5428280869448046,0.6412711925380314,28.82313049562303,0.5759255606226675,0.5927104571272037,0.6191515862556196
0.34,0.9993982239518551,1.092000197078362,0.80176498343845,0.8130277792327462,6.375920874345541,0.3743570707616867,0.986147095976321,0.9906600632924867,13.245869533746923,0.9160074905683459,0.9676013553870788,0.9871080032133056,0.2749056402485212,0.178167570079579,9.975994753474634,0.39103702528478285,1.5429611580027378,0.6448425384175767,28.81782194063771,0.5792168494051059,0.596041941043592,0.6226706520956053
0.3425,0.9993931059889081,1.0932553638732836,0.7994330815633225,0.8107880796732658,6.374938209125852,0.37447705721514307,0.985995109702995,0.9900939889768436,13.254529530679184,0.9146244795136402,0.9663998445713369,0.9861918922632871,0.27811643938937564,0.18023304012917762,9.976850648549814,0.3910173313919591,1.5430935370675793,0.6483552377650172,28.810771070230125,0.5824913236192341,0.5993538069943289,0.6261652852584996
0.34500000000000003,0.9993879730296686,1.0945160764541912,0.7970976892521994,0.8085443784509347,6.373953734857776,0.37459794354127923,0.9858428436288609,0.9895071384618069,13.262991723155517,0.9132347991333608,0.9651889202421706,0.9852639208861275,0.2813307547940158,0.18230051824847096,9.977701951071456,0.39099954950958776,1.5432252058141116,0.6518091950282657,28.802000194381296,0.5857490158286083,0.6026460402341851,0.6296354363896318
0.34750000000000003,0.9993828249768516,1.0957822607460181,0.79475896863282,0.8062968299788239,6.372967501361378,0.3747197138134591,0.9856903054594585,0.9888996692384021,13.27125672390338,0.9118385391753389,0.9639686615514916,0.9843241211398989,0.2845483506217212,0.18436985602607786,9.978548549642547,0.3909836580237679,1.5433561470128487,0.6552043358195195,28.79153172780406,0.5889899598880319,0.6059186293709129,0.6330810632852222
0.35000000000000003,0.9993776617334456,1.09705384275787,0.7924170799787925,0.8040455870055696,6.37197955800075,0.3748423518534789,0.9855375028298035,0.9882717396005016,13.279325158843907,0.9104357886946277,0.9627391469572475,0.9833725266904267,0.28776899412723767,0.18644090707324348,9.979390339877442,0.3909696348289166,1.5434863445187341,0.6585406064763409,28.779388178357255,0.592214190902784,0.6091715663505907,0.636502130844032
0.3525,0.9993724832027098,1.098330748597027,0.7900721817164916,0.8017908006203461,6.370989953689113,0.37496584123776716,0.9853844433051765,0.9876235086151385,13.287197666944548,0.9090266360544843,0.9615004542365891,0.982409172763509,0.29099245564724746,0.188513527007748,9.980227224332477,0.3909574573674028,1.54361578326041,0.6618179736211021,28.765592135750953,0.5954217451959427,0.6124048464380273,0.6398986110107905
0.355,0.999367289288173,1.0996129044828216,0.7877244304328092,0.7995326202586476,6.369998736894234,0.37509016530365863,0.9852311343819611,0.986955136093093,13.294874900067953,0.9076111689278574,0.9602526604992304,0.9814340960972823,0.29421850858574683,0.19058757343710095,9.98105911244016,0.39094710266925325,1.543744449230038,0.6650364237194814,28.75016626054979,0.5986126602840478,0.6156184681923891,0.6432704827116115
0.3575,0.9993620798936325,1.1009002367604026,0.7853739808837292,0.7972711937088469,6.369005955644179,0.3752153071557418,0.9850775834885331,0.9862667825597319,13.302357522816934,0.906189474299112,0.9589958422009783,0.9804473348948446,0.2974469293984032,0.19266290594107502,9.98188592044655,0.3909385473918482,1.5438723294736139,0.6681959626387131,28.733133273481148,0.6017869748455468,0.6188124334382168,0.6466177317816284
0.36,0.9993568549231525,1.1021926719143753,0.7830209860036929,0.7950066671195055,6.368011657533372,0.3753412496722715,0.9849237979861984,0.9855586092260917,13.309646212375482,0.9047616384660807,0.9577300751574249,0.9794489287772308,0.30067749757596823,0.19473938605363045,9.982707571351723,0.39093176785953315,1.5439994120817595,0.6712966152062371,28.714515945054043,0.6049447286743906,0.62198674723201,0.649940350885075
0.3625,0.9993516142810616,1.1034901365823224,0.7806655969157213,0.7927391850074007,6.367015889728977,0.3754679755116435,0.9847697851701797,0.9848307779601949,13.316741658345654,0.9033277470426292,0.9564554345577814,0.9784389187368265,0.30390999562681253,0.1968168772442802,9.983523994852932,0.3909267401030681,1.5441256861809323,0.6743384247694009,28.694337085494084,0.6080859626256471,0.6251414178245684,0.6532383394280582
0.365,0.9993463578719523,1.1047925575682014,0.7783079629422675,0.7904688902662423,6.36601869897761,0.3755954671189258,0.9846155522706543,0.9840834512585784,13.323644562580341,0.9018878849617088,0.9551719949788383,0.9774173470912993,0.3071442090586483,0.1988952448989431,9.984335127290237,0.39092343989884376,1.5442511419250144,0.677321452756828,28.672619534999143,0.6112107185566421,0.6282764566192806,0.6565117034642616
0.3675,0.9993410856006788,1.1060998618556177,0.7759482316167613,0.7881959241760491,6.365020131612365,0.3757237067324398,0.9844611064538412,0.9833167922180313,13.33035563901172,0.9004421364788433,0.9538798303990427,0.9763842574381248,0.31037992635949996,0.20097435630033036,9.985140911594304,0.39092184280779235,1.544375770487241,0.6802457782420424,28.649386154319576,0.6143190392683329,0.6313918781265558,0.6597604555938301
0.37,0.9993357973723543,1.1074119766209725,0.7735865486958224,0.785920426413158,6.364020233560145,0.37585267639038744,0.9843064548231354,0.9825309645075253,13.336875613475394,0.8989905851760283,0.95257901421267,0.9753396946097694,0.31361693897797915,0.20305408060790953,9.985941297236051,0.39092192421392497,1.54449956405241,0.6831114975099154,28.624659815666128,0.6174109684505118,0.6344876999146126,0.662984614855695
0.3725,0.9993304930923506,1.1087288292464785,0.7712230581721052,0.7836425350608338,6.363019050349331,0.37598235793751733,0.9841516044202929,0.9817261323403269,13.343205223530147,0.8975333139660252,0.9512696192440836,0.9742837046295877,0.3168550413029166,0.20513428883748608,9.986736240177844,0.390923659362428,1.544622515809335,0.6859187236264764,28.598463393948006,0.6204865506308571,0.6375639425568187,0.6661842066135911
0.375,0.9993251726662942,1.110050347333045,0.7688579022877478,0.781362386620454,6.362016627117746,0.37611273303182446,0.9839965622266633,0.9809024604462803,13.349345218273141,0.8960704050970356,0.9499517177620641,0.9732163346684901,0.32009403064240033,0.2072148538404427,9.987525702825938,0.39092702339725494,1.5447446199434893,0.6888569818840703,28.57867724345881,0.6235458311291315,0.6406206295758003,0.6693592624360292
0.3775,0.9993198360000659,1.1113764587130217,0.7664912215483963,0.7790801160232395,6.36101300862095,0.3762437831512771,0.9838413351644729,0.9800601140442449,13.355296358150598,0.8946019401577396,0.9486253814941924,0.9721376330024235,0.32333370720226257,0.2092956502826717,9.988309653983798,0.3909319913981494,1.5448658716297865,0.6925443689955507,28.59071984278815,0.6265888560188094,0.6436577873845293,0.6725098199704901
0.38,0.9993144829997965,1.1127070914628,0.764123154737772,0.7767958566425031,6.360008239240831,0.3763754896005651,0.9836859300981527,0.9791992588146848,13.361059414763805,0.8931280000826983,0.9472906816412802,0.9710476489707064,0.3265738740640573,0.21137655462323726,9.989088068806032,0.3909385384170401,1.5449862670254537,0.6961742189494766,28.600983148110227,0.6296156720997674,0.6466754452246022,0.6756359228121048
0.3825,0.9993091135718668,1.1140421739152588,0.7617538389327538,0.7745097403063901,6.359002362994521,0.37650783351786205,0.983530353835718,0.9783200608723885,13.366635170670436,0.8916486651581264,0.9459476888918255,0.9699464329352507,0.3298143371625635,0.21345744509279815,9.989860928752544,0.3909466395137481,1.5451058032629432,0.6997463812609379,28.60948506835329,0.6326263268874408,0.6496736351019226,0.6787376203670884
0.385,0.9993037276229029,1.1153816346720562,0.7593834095189477,0.7722218973110822,6.3579954235435965,0.3766407958815971,0.9833746131301913,0.9774226867393171,13.372024419181086,0.8901640150280161,0.944596473436487,0.9688340362407064,0.33305490526284837,0.21553820167182286,9.990628221542641,0.39095626979094916,1.5452244784428317,0.7032607221921838,28.616243583976754,0.6356208685980933,0.6526523917199994,0.6818149677112039
0.3875,0.9992983250597746,1.1167254026157487,0.757012000206713,0.7699324564344385,6.356987464203614,0.3767743575172272,0.983218714681077,0.9765073033175613,13.377227964150956,0.8886741287005467,0.9432371049825614,0.9677105111755406,0.3362953899369186,0.21761870606862457,9.991389941108778,0.39096740442833827,1.545342291626668,0.70671712440706,28.62127673899966,0.6385993460997776,0.6556117524110728,0.6848680254435218
0.39,0.9992929057895926,1.1180734069217333,0.7546397430476193,0.76764154495005,6.3559785279539165,0.37690849910400603,0.9830626651358783,0.9755740778624031,13.382246619766633,0.8871790845546703,0.94186965276845,0.9665759109340873,0.33953560553998324,0.21969884169724332,9.992146087549525,0.3909800187159396,1.5454592428296974,0.7101154866306546,28.624602633407967,0.6415618088596713,0.6585517570652767,0.6878968595357592
0.3925,0.9992874697197048,1.119425577070011,0.7522667684513051,0.7653492886416765,6.35496865744776,0.3770432011817408,0.9829064710916633,0.9746231779554719,13.387081210327953,0.8856789603468723,0.9404941855781053,0.965430289579568,0.34277536918635454,0.22177849365519986,9.992896667081574,0.3909940880865143,1.5455753330134396,0.7134557233146416,28.62623941594144,0.6445083069038049,0.6614724480580453,0.6909015411774719
0.395,0.9992820167576943,1.1207818428567493,0.7498932052027122,0.7630558118180464,6.353957895022728,0.37717844415753243,0.9827501390966761,0.9736547714779745,13.391732570024784,0.884173833218174,0.9391107717554417,0.9642737020081062,0.3460145007250006,0.22385754870114352,9.993641691990367,0.3910095881470151,1.5456905640780523,0.7167377643087899,28.626205277260105,0.6474388907877485,0.664373870175969,0.6938821466173796
0.3975,0.9992765468113759,1.1221421344056475,0.747519180479667,0.7607612373279902,6.352946282711436,0.3773142083124914,0.9825936756519917,0.9726690265840089,13.396201542708841,0.8826637797014258,0.9377194792187036,0.9631062039137386,0.3492528227147697,0.225935895232415,9.994381180579175,0.39102649470903994,1.5458049388544544,0.7199615545390637,28.624518443489702,0.6503536115726536,0.6672560705412979,0.6968387570011055
0.4,0.9992710597887919,1.1235063821790954,0.7451448198707867,0.7584656865758862,6.351933862252524,0.37745047380842395,0.9824370872132174,0.9716661116739349,13.400488981660367,0.8811488757288622,0.9363203754747742,0.9619278517544303,0.3524901603992969,0.22801342326254476,9.99511515711619,0.39104478381824137,1.5459184610961443,0.7231270536927258,28.621197170144477,0.6532525207939558,0.6701190985352917,0.6997714582056179
0.4025,0.99926555559821,1.124874516989116,0.7427702473936794,0.7561692795373914,6.350920675101948,0.377587220694482,0.9822803801922376,0.970646195367802,13.404595749349722,0.879629196639885,0.9349135276334178,0.9607387027190953,0.3557263416816034,0.2300900243987028,9.99584365177946,0.3910644317826462,1.5460311354706817,0.7262342359108038,28.61625973642536,0.6561356704245944,0.6729630057206133,0.7026803406706599
0.405,0.9992600341481187,1.1262464700080919,0.740395585513416,0.7538721347754366,6.349906762444526,0.37772442891377145,0.9821235609590013,0.9696094464788282,13.408522717193845,0.8781048171890382,0.9334990024214436,0.9595388146956241,0.35896119709839786,0.23216559181911758,9.996566700599404,0.3910854151998466,1.5461429675507983,0.7292830894882556,28.609724439890186,0.6590031128444088,0.675787845762947,0.7055654992274479
0.40750000000000003,0.9992544953472243,1.1276221727792686,0.7380209551612493,0.751574369456461,6.348892165205776,0.37786207830991203,0.9819666358433519,0.9685560339869227,13.412270765307618,0.8765758115541654,0.9320768661967821,0.9583282462399131,0.3621945597940849,0.23424002025047805,9.997284345398604,0.3911077109830217,1.5462539638050838,0.7322736165821373,28.60160959149245,0.6618549008144878,0.6785936743520311,0.7084270329249397
0.41000000000000003,0.9992489391044468,1.1290015572270333,0.7356464757535537,0.7492760993668636,6.347876924064026,0.37800014863354514,0.9818096111369001,0.9675712320448188,13.417020908284911,0.875042253344736,0.9306471849624625,0.957107056545896,0.3654262654944834,0.23631320594533287,9.997996633728672,0.39113129638575594,1.5463641315882226,0.7352058329280382,28.59193351098385,0.664691087454358,0.6813805491222809,0.7112650448539566
0.41250000000000003,0.9992433653289151,1.1303845556669658,0.7332722652109627,0.7469774389296503,6.346861079462776,0.3781386195487814,0.9816524930949375,0.9666112361296906,13.422168307921039,0.8735042156103144,0.9292100243804852,0.9558753054165637,0.36865615248025924,0.2383850466594985,9.998703618803983,0.39115614902561735,1.5464734791307433,0.7380797675650164,28.58071452267544,0.6675117262250059,0.6841485295731777,0.7140796419694521
0.41500000000000004,0.9992377739299652,1.1317711008156552,0.7308984399776813,0.7446785012212535,6.345844671623327,0.37827747063958583,0.9814952879383879,0.9656340666343989,13.427130180255867,0.8719617708491616,0.9277654497855767,0.9546330532359748,0.3718840615600702,0.24045544162948793,9.999405359432076,0.39118224690646614,1.5465820155282552,0.7408954625692256,28.567970951551104,0.6703168709166899,0.6868976769895839,0.7168709349112223
0.4175,0.9992321648171327,1.1331611258002845,0.7285251150409501,0.7423793979885025,6.344827740557671,0.37841668141609347,0.9813380018558017,0.964639876307415,13.43190718229098,0.8704149910169573,0.9263135261988233,0.9533803609422352,0.375109836043426,0.24252429154997016,10.000101919940516,0.3912095684394634,1.5466897507301354,0.743652972796398,28.553721119726518,0.6731065756362605,0.6896280543621541,0.7196390378233487
0.42,0.9992265379001523,1.134554564167972,0.7261524039506361,0.7400802396657267,6.343810326081599,0.3785562313208516,0.981180641005384,0.9636288182129715,13.436499980361221,0.8688639475356561,0.9248543183411695,0.9521172900014504,0.3783333217132584,0.2445914985512689,10.000793370100078,0.39123809246275376,1.5467966955276482,0.7463523656333004,28.537983343245894,0.6758808947877873,0.6923397263079868,0.7223840681726662
0.4225,0.9992208930889499,1.1359513498948657,0.7237804188389324,0.7377811353919669,6.342792467828079,0.37869609973498425,0.981023211517063,0.9626010457035634,13.440909249854457,0.8673087113024253,0.9233878906467843,0.9508439023826258,0.3815543667982015,0.24665696617691055,10.001479785044115,0.39126779825979796,1.546902861541474,0.7489937207582474,28.520775929207744,0.678639883045829,0.6950327589916707,0.7251061465665478
0.425,0.9992152302936401,1.137351417394984,0.721409270440143,0.7354821930282788,6.3417742052608475,0.37883626598427395,0.9808657194945918,0.9615567123924417,13.445135674926256,0.8657493526985747,0.921914307276275,0.9495602605335126,0.38477282194457857,0.24872059936122662,10.002161245183974,0.39129866557633375,1.5470082612086262,0.7515771299107157,28.50211717321054,0.6813835953245299,0.6977072200468595,0.7278053965702949
0.4275,0.9992095494245212,1.1387547015287875,0.7190390681105302,0.7331835191751067,6.340755577688229,0.3789767093451571,0.980708171017687,0.9604959721260965,13.449179948209565,0.8641859415985594,0.9204336321297545,0.9482664273573773,0.38798854018809176,0.2507823044070208,10.00283783612035,0.39133067463594706,1.547112907768742,0.7541026966700672,28.48202535710788,0.6841120867470626,0.7003631784985124,0.7304819445244203
0.43,0.9992038503920707,1.1401611376114775,0.7166699198482074,0.73088521918971,6.339736624277167,0.3791174090506291,0.9805505721441976,0.9594189789567334,13.453042770519444,0.8626185473790988,0.9189459288597489,0.9469624661906907,0.3912013769252105,0.25284198896330323,10.003509648550526,0.3913638061542371,1.5472168152497343,0.7565705362433431,28.460518747062277,0.686825412618395,0.7030007046859182,0.7331359193621079
0.4325,0.9991981331069392,1.1415706614210015,0.7143019323130557,0.7285873972036234,6.338717384067462,0.379258344296055,0.9803929289123082,0.9583258871147444,13.456724850553046,0.8610472389283791,0.9174512608839431,0.9456484407817121,0.3944111898842549,0.25489956200310054,10.004176778171392,0.3913980413515624,1.5473199984527917,0.7589807752620594,28.43761559188558,0.6895236284015811,0.7056198701866276,0.7357674524271319
0.435,0.9991923974799469,1.1429832092057557,0.7119352108466452,0.7262901561401345,6.337697895986214,0.37939949424488295,0.980235247342772,0.9572168509811773,13.460226904584836,0.859472084655293,0.9159496913977563,0.9443244152699578,0.39761783909616927,0.25695493380134427,10.004839325578242,0.3914333619643586,1.5474224729367274,0.7613335515878846,28.413334121653637,0.6922067896970042,0.7082207477413927,0.7383766772925099
0.4375,0.9991866434220785,1.144398717691975,0.7095698594921425,0.7239935977317579,6.336678198862448,0.379540838034256,0.9800775334411734,0.9560920250602056,13.46354965615727,0.8578931524986969,0.914441283386746,0.9429904541665401,0.40082118686498036,0.25900801591284284,10.005497396159283,0.3914697502550194,1.5475242550016604,0.7636290141270548,28.38769254658171,0.6948749522233683,0.7108034111802227,0.7409637295801609
0.44,0.9991808708444778,1.145817124090792,0.7072059810141844,0.7216978225376945,6.335658331441915,0.37968235478052,0.9799197932002168,0.9549515639516064,13.466693835766947,0.856310509936663,0.9129260996388361,0.9416466223353555,0.4040210977379356,0.2610587211503402,10.006151099985866,0.39150718902033893,1.5476253616720408,0.7658673226533277,28.360709056146597,0.6975281717997317,0.7133679353496407,0.7435287467818428
0.4425,0.9991750796584417,1.1472383661049625,0.7048436769187059,0.719402929961256,6.33463833240207,0.3798240235846247,0.9797620326020436,0.9537956223232412,13.469660180546398,0.8547242239957248,0.9114042027563583,0.9402929849751077,0.4072174384753149,0.2631069635626628,10.006800551698447,0.3915456615985128,1.5477258106790093,0.7680486476392522,28.332401818440722,0.7001665043283151,0.7159143960412303,0.7460718680816224
0.445,0.9991692697754168,1.1486623819352504,0.702483047472696,0.717109018267238,6.33361824036721,0.37996582353741365,0.9796042576205733,0.9526243548835487,13.47244943394161,0.8531343612601198,0.9098756551679132,0.9389296076021509,0.41041007801990964,0.2651526584129573,10.007445870388318,0.39158515187470094,1.5478256204421068,0.7701731700954831,28.302788979742935,0.7027900057776697,0.7184428699215429,0.7485932341801409
0.4475,0.9991634411069931,1.1500891102864688,0.7001241917238745,0.7148161845992307,6.332598093923763,0.38010773372480233,0.9794464742238684,0.9514379163540501,13.475062345385313,0.8515409878810316,0.908340519140039,0.9375565560341268,0.4135988874661628,0.2671957221570194,10.008087179475082,0.39162564428515934,1.5479248100503216,0.7722410814178481,28.271888664289854,0.705398732167601,0.7209534344634391,0.7510929871209255
0.45,0.9991575935648983,1.1515184903731852,0.6977672075202663,0.712524524996848,6.331577931635714,0.38024973323283995,0.9792886883765202,0.950236461441868,13.477499669966242,0.8499441695858334,0.9067988567886854,0.9361738963743902,0.4167837400289618,0.26923607242171266,10.008724606580037,0.391667123819948,1.5480233992425083,0.7742525832418231,28.239718974231728,0.7079927395591802,0.7234461678789172,0.7535712701189857
0.4525,0.9991517270609945,1.1529504619250968,0.6954121915296615,0.7102341344128626,6.330557792060168,0.3803918011526538,0.9791309060420558,0.9490201448122635,13.47976216809435,0.8483439716873238,0.9052507300904932,0.9347816949971905,0.419964511012077,0.27127362798347726,10.009358283395443,0.3917095760242291,1.548121408387166,0.776207887304059,28.206297989755488,0.7105720840503842,0.7259211490534846,0.7560282273919409
0.455,0.99914584150727,1.1543849651920908,0.6930592392589444,0.7079451067302334,6.3295377137630435,0.38053391658527314,0.9789731331853653,0.9477891210611865,13.48185060516212,0.8467404590929463,0.9036962008938703,0.9333800185336008,0.4231410777762376,0.27330830874692613,10.009988345549813,0.39175298699817146,1.5482188584616041,0.7781072153105598,28.171643769358273,0.7131368217737311,0.728378457482116,0.7584640039939041
0.4575,0.9991399368158366,1.1558219409490111,0.6907084450732763,0.7056575347790079,6.328517735334858,0.3806760586463289,0.9788153757751437,0.9465435446878475,13.483765751202023,0.8451336963139826,0.9021353309298636,0.9319689338581686,0.4263133197068368,0.27534003572352506,10.01061493246932,0.39179734339547956,1.548315771030506,0.7799507988110932,28.13577435025366,0.7156870088937485,0.730818173206835,0.7608787456523516
0.46,0.9991340128989225,1.157261330500145,0.6883599022151197,0.7033715103530928,6.327497895406641,0.38081820647062997,0.9786576397863522,0.9452835700673058,13.485508380540217,0.8435237474747068,0.9005681818228207,0.9305485080762695,0.4294811181812579,0.27736873101035414,10.01123818723545,0.3918426324205724,1.5484121682239134,0.7820333989500494,28.109293927978644,0.7182227016040047,0.7332403767559456,0.7632725986081899
0.4625,0.9991280696688679,1.1587030756834618,0.6860137028230856,0.7010871242268709,6.326478232665928,0.3809603392166097,0.978499931202691,0.9440093514230756,13.487079271446499,0.8419106763214967,0.8989948151008401,0.9291188085121483,0.43264435653581285,0.2793943177689455,10.011858256439012,0.39188884182443556,1.5485080727146445,0.7848244842465807,28.10891240870313,0.7207439561239922,0.7356451490849483,0.7656457094592394
0.465,0.9991221070381189,1.1601471188746235,0.6836699379505966,0.6988044661716617,6.325458785872834,0.3811024360706433,0.9783422560190861,0.9427210427997493,13.48847920578062,0.8402945462319097,0.8974152922060018,0.9276799026976172,0.4358029200322885,0.2814167202041934,10.01247529003071,0.39193595989917834,1.5486035076951854,0.7875585852609264,28.107030824902555,0.723250828696823,0.7380325715191444,0.7679982250073273
0.4675,0.9991161249192235,1.1615934029907844,0.6813286975843458,0.6965236249720038,6.324439593876216,0.381244476251232,0.9781846202441894,0.9414187980356391,13.489708968635034,0.8386754202237413,0.8958296745043777,0.9262318583614013,0.4389566958240908,0.2834358635433322,10.013089441168376,0.3919839754713262,1.548698496854059,0.7902354160872206,28.10365306841509,0.7257433755854467,0.7404027256979534,0.770330292109197
0.47000000000000003,0.9991101232248243,1.1630418714942057,0.6789900706625428,0.6942446884417542,6.323420695629881,0.3813864390130512,0.978027029902885,0.9401027707354315,13.490769347974018,0.837053360964119,0.8942380232958164,0.9247747434191046,0.442105572921986,0.2854516740149767,10.013700866061148,0.39203287789388513,1.548793064351727,0.7928549306393695,28.098791331775484,0.7282216530626386,0.742755693520941,0.772642057531409
0.47250000000000003,0.9991041018676546,1.1644924683956883,0.6766541450929379,0.6919677434399929,6.322402130208868,0.38152830365086193,0.9778694910388073,0.9387731142428625,13.491661134269396,0.8354284307786073,0.8926403998234964,0.9233086259637769,0.4452494421594326,0.28746407882822117,10.01430972381072,0.39208265703721495,1.5488872347960339,0.7954170938014095,28.09245788445731,0.7306857173963928,0.7450915570955697,0.7749336678094221
0.47500000000000003,0.9990980607605325,1.1659451382578356,0.6743210077706053,0.6896928758867176,6.321383936825747,0.3816700495032805,0.9777120097168625,0.9374299816134055,13.49238512013277,0.8338006916600482,0.8910368652832502,0.9218335742570677,0.4483881961575052,0.28947300615179294,10.014916176249915,0.39213330327875107,1.5489810332172418,0.7979218814598714,28.08466507591084,0.7331356248357656,0.7474103986866616,0.7772052691110237
0.47750000000000004,0.9990919998163561,1.1673998261981395,0.6719907445954841,0.6874201707783273,6.320366154846969,0.38181165595640565,0.9775545920257572,0.9360735255869829,13.492942099944457,0.8321702052770795,0.8894274808326493,0.9203496567209399,0.4515217292894102,0.2914783850932562,10.015520387778844,0.39218480749161777,1.5490744850426879,0.8003692805420639,28.07542533870788,0.7355714316003792,0.7497123006675741,0.7794570071042657
0.48,0.9990859189480976,1.168856477891877,0.6696634404896638,0.6851497122028801,6.319348823809237,0.3819531024473011,0.9773972440805305,0.9347038985606931,13.49333286947908,0.830537032982616,0.8878123075998535,0.918856941929937,0.4546499376445969,0.29348014567826325,10.016122525198892,0.3922371610321759,1.549167616071109,0.8027592890596883,28.064751191773198,0.7379931938748656,0.7519973454730747,0.7816890268300627
0.4825,0.9990798180687985,1.1703150395748043,0.6673391794144061,0.6828815833551227,6.318331983435873,0.382094368467329,0.9772399720250854,0.9333212525615707,13.493558225528085,0.8289012358223694,0.8861914066922231,0.9173554986039797,0.457772718992469,0.29547821882985126,10.016722757544754,0.3922903557265504,1.5492604524466613,0.8050919161571904,28.052655243682377,0.7404009678043995,0.7542656155539068,0.7839014725795987
0.485,0.9990736970915645,1.171775458045614,0.6650180443869017,0.6806158665512836,6.317315673653203,0.38223543356533585,0.9770827820347227,0.9319257392193786,13.493618965519163,0.8272628745433448,0.8845648392046915,0.9158453956016853,0.460889972745705,0.297472536347781,10.017321255914895,0.39234438385618536,1.5493530206326995,0.8073671821642123,28.039150196005387,0.7427948094861926,0.7565171933330255,0.7860944877766632
0.4875,0.9990675559295598,1.1732376806681328,0.6627001174967511,0.6783526432436278,6.316299934606925,0.38237627735068624,0.9769256803186729,0.930517509739444,13.493515887132816,0.8256220096022701,0.8829326662279057,0.9143267019141949,0.464001599923196,0.29946303088791704,10.017918193300641,0.39239923814247324,1.549445347385342,0.8095851186515122,28.024248846675555,0.7451747749573697,0.7587521611634875,0.7882682148650451
0.49,0.9990613944960033,1.1747016553732181,0.6603854799221718,0.6760919940347708,6.315284806678445,0.38251687949614566,0.9767686731226233,0.9290967148755576,13.493249787916248,0.8239787011739483,0.8812949488561354,0.9127994866595089,0.4671075031126117,0.30144963594164764,10.018513744414216,0.39245491173050784,1.5495374597268736,0.8117457684896947,28.007964093363576,0.7475409201829513,0.7609706012879734,0.7904227952010957
0.4925,0.9990552127041628,1.1761673306603257,0.6580742119459296,0.6738339986917515,6.314270330501208,0.382657219740611,0.9766117667312432,0.9276635049029438,13.492821464894792,0.8223330091595155,0.8796517481949587,0.9112638190773137,0.47020758643260635,0.3034322858153425,10.019108085516043,0.39251139817201036,1.5496293849190361,0.8138491859100764,27.99030893683617,0.7498933010463698,0.7631725957999091,0.7925583689515481
0.495,0.9990490104673511,1.17763465559872,0.6557663929709935,0.6715787361598627,6.313256546976976,0.3827972778916898,0.9764549674707013,0.9262180295913287,13.492231714181173,0.8206849931945822,0.8780031253687363,0.9097197685243131,0.4733017554946782,0.3054109156098463,10.019701394241597,0.3925686914074798,1.5497211504362458,0.8158954365670082,27.97129648427922,0.7522319733480741,0.7653582266061688,0.7946750749966824
0.4975,0.9990427876989207,1.1791035798282983,0.6534621015359162,0.6693262845762473,6.312243497292053,0.38293703382812855,0.9762982817111766,0.9247604381781318,13.491481330582888,0.8190347126572586,0.8763491415278782,0.9081674044700556,0.4763899173646924,0.3073854612000073,10.020293849428098,0.3926267857476183,1.5498127839387905,0.8178845976009561,27.950939952565403,0.754556992813764,0.7675275753913124,0.7967730508389056
0.5,0.9990365443122606,1.1805740535600229,0.6511614153299481,0.6670767212832588,6.31123122293348,0.3830764675020925,0.9761417158693615,0.9232908793418033,13.49057110720812,0.8173822266760774,0.8746898578559282,0.9066067964932725,0.47947198052408163,0.3093558592142365,10.020885630941347,0.39268567585408437,1.5499043132460457,0.8198167577016365,27.929252671446328,0.7568684150837204,0.7696807235833333,0.7988524325167977
0.5025000000000001,0.9990302802207912,1.1820460275759626,0.6488644112078842,0.664830122841597,6.310219765705136,0.38321555894130094,0.9759852764109533,0.9218095011753481,13.48950183507057,0.8157275941378516,0.873025335576472,0.9050380142787305,0.4825478548307337,0.3113220470140943,10.02147691950299,0.39274535671962657,1.549995766309758,0.8216920171704961,27.90624808664974,0.7591662956813973,0.7718177523208661,0.8009133545246665
0.505,0.9990239953379612,1.183519453228953,0.6465711652046573,0.6625865650432231,6.309209167743796,0.38335428825102014,0.9758289698531376,0.9203164511600652,13.488274302693661,0.8140708736954806,0.871355635959896,0.9034611276146173,0.4856174514795781,0.3132839626738999,10.022067896518514,0.392805823647652,1.550087171187443,0.8235104879818071,27.881939762862118,0.7614506899896866,0.7739387424218104,0.8029559497376323
0.5075000000000001,0.9990176895772447,1.1849942824419182,0.6442817525496803,0.6603461229240624,6.308199471535104,0.38349263561592045,0.9756728027670581,0.9188118761395438,13.486889295714597,0.8124121237757174,0.8696808203300147,0.9018762063904717,0.48868068296287825,0.3152415449603584,10.022658743906195,0.3928670722312843,1.5501785560159267,0.825272293841662,27.856341386577675,0.7637216532364098,0.7760437743533272,0.8049803493422532
0.51,0.9990113628521365,1.1864704677068962,0.641996247680948,0.6581088707765061,6.307190719929458,0.38363058130180316,0.9755167817802745,0.9172959222939661,13.485347596488964,0.8107514025868946,0.8680009500705892,0.9002833205956815,0.4917374630302386,0.3171947333121974,10.023249643927313,0.3929290983319679,1.550269948985087,0.8269775702441244,27.82946676879475,0.7659792404836543,0.7781329282031478,0.806986682772678
0.5125,0.9990050150761511,1.1879479620838393,0.6397147242589089,0.6558748821617194,6.306182956157812,0.383768105657203,0.9753609135792062,0.9157687351147478,13.483649983696246,0.8090887681266152,0.8663160866317668,0.8986825403185702,0.4947877066483328,0.31914346781980696,10.02384077901789,0.392991898057674,1.550361378311829,0.8286456878432041,27.801974811063346,0.7682235066183053,0.7802062836521396,0.8089750776523048
0.515,0.998998646162819,1.1894267191992651,0.6374372551801141,0.6536442299217639,6.305176223847391,0.3839051891148768,0.9752052049115622,0.9142304593795757,13.481797231947064,0.8074242781894111,0.8646262915364605,0.8970739357460958,0.49783132996035917,0.32108768920487507,10.02443233162214,0.3930554677407684,1.550452872214325,0.8303167427418189,27.7752097699692,0.770454506345196,0.7822639199480707,0.8109456597409034
0.5175,0.998992256025685,1.1909066932448518,0.6351639125906533,0.6514169861915491,6.304170567037286,0.38404181219318373,0.9750496625887545,0.912681239127884,13.479790111392685,0.8057579903743801,0.8629316263867034,0.8954575771641848,0.5008682502452294,0.3230273388000089,10.025024484027982,0.3931198039155974,1.5505444588865727,0.8319387374384334,27.747428441595417,0.7726722941976598,0.7843059158805086,0.8128985528871397
0.52,0.998985844578306,1.1923878389760774,0.6328947678993877,0.6491932224106164,6.303166030193961,0.3841779554973689,0.9748942934882954,0.9111212176368225,13.477629387337544,0.8040899620928134,0.8612321528700013,0.8938335349587332,0.503898385876498,0.324962358528336,10.025617418204718,0.3931849032958536,1.550636166473291,0.8335118424261738,27.718642958799567,0.7748769245204176,0.7863323497567853,0.8148338789864338
0.5225,0.9989794117342503,1.1938701117109947,0.6306298917909854,0.6469730093347672,6.302162658226629,0.38431359972075924,0.9747391045561757,0.9095505373977595,13.475315819855382,0.8024202505758348,0.8595279327657128,0.8922018796172957,0.5069216562810398,0.32689269088307665,10.026211315643227,0.3932507627517793,1.550728023045202,0.835036239350348,27.688865607941494,0.7770684514257522,0.7883432993789651,0.8167517579440564
0.525,0.9989729574070946,1.1953534673292494,0.6283693542387698,0.6447564170475417,6.301160496502513,0.3844487256458832,0.9745841028092262,0.9079693400933774,13.472850163409811,0.800748912882097,0.8578190279514846,0.8905626817314938,0.5099379818974863,0.32881827890708204,10.026806357198844,0.3933173792872691,1.5508200565747299,0.8365121210411326,27.65810882988305,0.7792469287674445,0.7903388420217432,0.8186523076433619
0.5275,0.9989664815104253,1.1968378622714162,0.6261132245173853,0.6425435149715565,6.300159590861966,0.38458331414552305,0.9744292953374549,0.9063777665754021,13.470233166479936,0.7990760059054537,0.8561055004097701,0.8889160120001672,0.5129472841344352,0.3307390661723336,10.027402722937149,0.39338475001693046,1.5509122949121497,0.8379396915345282,27.62638522060305,0.7814124101234743,0.7923190544112102,0.8205356439190373
0.53,0.9989599839578348,1.198323253538735,0.6238615712152864,0.6403343718797038,6.2991599876334705,0.38471734618371367,0.9742746893063675,0.9047759568430135,13.467465571191747,0.7974015863825815,0.8543874122344555,0.8872619412332944,0.5159494853284486,0.3326549967594012,10.02800059198292,0.39345287214316127,1.5510047657622248,0.8393191660809038,27.593707531414417,0.7835649487814108,0.7942840127044116,0.8224018805352353
0.5325,0.9989534646629233,1.1998095986932906,0.621614462247056,0.638129055906222,6.298161733648458,0.384850802816696,0.9741202919592599,0.9031640500219886,13.464548112956031,0.7957257109006683,0.8526648256376225,0.8856005403567074,0.5189445087018614,0.3345660152368596,10.028600142372456,0.39352174293330305,1.551097496661366,0.8409488531504649,27.56986105810101,0.7857045977229941,0.7962337924696379,0.8242511291684428
0.535,0.9989469235392961,1.201296855858669,0.619371964865554,0.6359276345576379,6.297164876255991,0.3849836651938382,0.9739661106194883,0.9015421843446106,13.461481520113399,0.7940484359051686,0.8509378029564667,0.8839318804176266,0.5219322783204265,0.33647206664066637,10.029201550909516,0.39359135969692555,1.5511905149553513,0.8432050838078259,27.567073156194375,0.7878314096068911,0.7981684686673775,0.8260834993949251
0.5375,0.9989403605005651,1.202784983721089,0.6171341456739039,0.6337301747235843,6.296169463337277,0.38511591455853506,0.9738121526927147,0.8999104971303951,13.45826651358725,0.7923698177076091,0.8492064066603969,0.882256032591029,0.5249127190508276,0.3383730964535065,10.02980499302507,0.3936617197632985,1.5512838477776325,0.8454090401780407,27.563036173970914,0.7899454367501566,0.8000881156318743,0.8278990986825765
0.54,0.9989337754603448,1.2042739415309776,0.6149010706373148,0.6315367426874996,6.295175543319979,0.3852475322490946,0.9736584256691196,0.8982691247676626,13.454903806545092,0.790689912493448,0.847470699358339,0.8805730681868843,0.5278857565180906,0.3402690505841102,10.030410642641131,0.393732820459102,1.5513775220282746,0.847560674119801,27.55775771047393,0.7920467311092008,0.8019928070532233,0.8296980323869945
0.5425,0.9989271683322553,1.2057636891049308,0.6126728050947476,0.6293474041372084,6.294183165192372,0.38537849969962423,0.9735049371255922,0.8966182026960023,13.451394104069117,0.7890087763299839,0.8457307438062563,0.8788830586582614,0.5308513170629381,0.3421598753465553,10.031018672038858,0.39380465908642653,1.5514715643535564,0.8496599521528223,27.551245658492547,0.7941353442622457,0.8038826159599491,0.8314804037515764
0.545,0.9989205390299188,1.2072541868279743,0.6104494137704235,0.6271622241753879,6.293192378517277,0.3855087984409257,0.9733516947278849,0.8949578653896523,13.447738102836379,0.7873264651743154,0.8439866029149137,0.877186075610335,0.5338093276991264,0.34404551743956685,10.03162925173117,0.39387723290111,1.5515660011262677,0.8517068556239279,27.543508207461187,0.7962113274019252,0.8057576147020088,0.8332463139114417
0.5475,0.9989138874669603,1.208745395656007,0.6082309607851796,0.6249812673299239,6.292203233445802,0.3856384101014066,0.9731987062327391,0.8932882463418349,13.443936490809326,0.7856430348813529,0.8422383397578946,0.8754821908103007,0.5367597160708111,0.3459259239258263,10.032242550340108,0.3939505390914562,1.5516608584267408,0.8537013808579111,27.534553845880716,0.7982747313326389,0.8076178749341628,0.8349958619009568
0.55,0.9989072135570055,1.2102372771182959,0.606017509667677,0.6228045975641576,6.291215780730869,0.38576731640802,0.9730459794899773,0.89160947805007,13.43998994693706,0.7839585412118908,0.8404860175798902,0.8737714761982138,0.5397024104099887,0.3478010422113064,10.03285873447913,0.39402457475737795,1.5517561620246458,0.8556435392923569,27.524391363245066,0.8003256064379242,0.809463467599659,0.8367291446646368
0.5525,0.9989005172136799,1.2117297933198714,0.603809123365465,0.6206322782870323,6.290230071740532,0.38589549918723937,0.972893522444563,0.8899216920024919,13.435899140867944,0.7822730398407438,0.8387296998052746,0.8720540038987639,0.5426373394940629,0.3496708200246482,10.033477968640543,0.39409933689000226,1.5518519373615802,0.8575333575956334,27.51302985145819,0.8023640026508336,0.8112944629141758,0.8384462570711927
0.555,0.9988937983506071,1.2132229069436666,0.6016058642559072,0.6184643723631399,6.289246158471068,0.3860229403660774,0.9727413431386248,0.8882250186651989,13.431664732673937,0.7805865863649504,0.836969450046977,0.870329846233996,0.5455644326035842,0.3515352053965938,10.034100415088343,0.3941748223517781,1.5519482095344939,0.8593708777672918,27.500478705727364,0.8043899694404233,0.8131109303499643,0.8401472919304651
0.5575,0.9988870568814091,1.2147165812522391,0.5994077941569771,0.6163009421226796,6.288264093559852,0.38614962197315744,0.9725894497134487,0.8865195874706492,13.427287372587077,0.778899236312045,0.8352053321156643,0.8685990757369847,0.5484836194802069,0.3533941466394906,10.034726233756512,0.39425102785711735,1.5520450032799598,0.86115615722017,27.48674762492031,0.8064035557935638,0.8149129386201378,0.841832340013004
0.56,0.9988802927197017,1.2162107800889297,0.5972149743379311,0.614142049371332,6.287283930298009,0.386275526139844,0.9724378504114344,0.8848055268071215,13.422767700748452,0.7772110451484058,0.8334374100292479,0.8668617651664736,0.5513948302849092,0.35524759232688186,10.03535558215308,0.39432794995360576,1.5521423429593355,0.8628892688435138,27.471846611374833,0.8084048101870943,0.8167005556630414,0.8435014900720159
0.5625,0.9988735057790953,1.2177054678783203,0.5950274655298698,0.6119877554000599,6.28630572264283,0.38640063510144357,0.9722865535780157,0.8830829640092669,13.418106346970102,0.7755220682876804,0.8316657480227205,0.8651179875224816,0.5542979955565188,0.3570954912731924,10.03598861527002,0.3944055850038134,1.5522402525448258,0.8645703010464939,27.455785970151236,0.8103937805606521,0.8184738486266466,0.8451548288674172
0.5650000000000001,0.9988666959731928,1.219200609625882,0.5928453279361973,0.6098381209948449,6.285329525229997,0.38652493119847986,0.9721355676635516,0.8813520253497479,13.413303930509993,0.7738323610992982,0.8298904105583373,0.8633678160628823,0.5571930461705754,0.358937792513522,10.036625485499128,0.39448392916773517,1.5523387556064738,0.8661993577815362,27.438576307719277,0.8123705142939375,0.8202328838529012,0.8467924411917099
0.5675,0.9988598632155864,1.2206961709167325,0.5906686212429886,0.6076932064463719,6.284355393385562,0.3866483968780544,0.9719849012251782,0.8796128360319925,13.40836105986043,0.7721419789170747,0.8281114623361506,0.8616113243209638,0.5600799132985653,0.3607744452835515,10.037266342553988,0.3945629783858907,1.55243787530009,0.8677765585469389,27.420228530073054,0.8143350581858252,0.8219777268619702,0.848414409897399
0.5700000000000001,0.9988530074198589,1.2221921179134616,0.5884974046292827,0.6055530715596711,6.283383383137717,0.3867710146953006,0.9718345629286306,0.8778655201840682,13.403278332550109,0.7704509770479272,0.8263289683049067,0.8598485861239679,0.5629585283675531,0.36260539899956734,10.037911333398132,0.3946427283631132,1.5525376343561414,0.8693020383682992,27.400753840268795,0.8162874584337599,0.8237084423362968,0.8500208159256688
0.5725,0.9988461284995801,1.223688417353024,0.5863317367773072,0.6034177756637309,6.2824135512283625,0.3868927673149384,0.9716845615500308,0.8761102008536815,13.398056334960025,0.7687594107807139,0.8245429936733164,0.8580796756126149,0.5658288230202309,0.36443060323860604,10.038560602179409,0.394723174553054,1.5526380550696013,0.8707759477583419,27.380163735382414,0.8182277606135906,0.8254250941044158,0.8516117383360275
0.5750000000000001,0.998839226368306,1.2251850365427348,0.5841716758826548,0.6012873776210953,6.2814459551244575,0.38701363751294077,0.9715349059776438,0.8743470000043168,13.392695642153427,0.7670673353951962,0.8227536039217086,0.8563046672616151,0.5686907290753984,0.3662500077187179,10.039214290170616,0.39480431214343154,1.5527391592907651,0.8721984526547946,27.358470002885287,0.8201560096606798,0.8271277451244474,0.8531872543366456
0.5775,0.9988323009395799,1.2266819433554628,0.5820172796644182,0.5991619358374545,6.280480653029157,0.3871336081783197,0.9713856052136003,0.87257603851252,13.387196817719989,0.7653748061710883,0.8209608648140793,0.8545236359011695,0.5715441784888868,0.36806356227934894,10.039872535716349,0.39488613604205214,1.5528409684170321,0.8735697343360288,27.33568471643877,0.8220722498561751,0.828816457467208,0.8547474393151043
0.58,0.9988253521269298,1.22817910622414,0.5798686053753016,0.5970415082712449,6.279517703892765,0.387252662315043,0.9712366683755905,0.8707974361663342,13.381560413634455,0.7636818783972157,0.8191648424105381,0.8527366567394611,0.5743891033149295,0.3698712168618346,10.04053547418608,0.39496864086362893,1.5529435033856462,0.8748899893142513,27.311820231109696,0.8239765248175954,0.8304912922988718,0.8562923668692914
0.5825,0.9988183798438686,1.229676494135763,0.5777257098117161,0.5949261524432664,6.278557167423459,0.38737078304408995,0.9710881046985229,0.8690113116648954,13.375786970129868,0.7619886073808406,0.8173656030801772,0.850943805386141,0.5772254356679812,0.37167292149000214,10.041203237933349,0.395051820917425,1.5530467846673848,0.8761594292061045,27.286889178011066,0.8258688774789518,0.8321523098631264,0.8578221088381851
0.585,0.9988113840038954,1.231174076625075,0.5755886493238722,0.5928159254463272,6.2775991040978365,0.38748795360565774,0.9709399235361553,0.8672177826191962,13.36987701558568,0.7602950484571602,0.8155632135143576,0.8491451578768093,0.5800531076849831,0.37346862625087507,10.041875956260926,0.39513567019574547,1.5531508322611716,0.8773782805806243,27.260904458374497,0.8277493500738139,0.8337995694627791,0.8593367353322936
0.5875,0.9988043645204959,1.2326718237681609,0.5734574798258759,0.5907108839549285,6.276643575171219,0.38760415736152865,0.9707921343626892,0.8654169655540257,13.363831066430885,0.7586012569989761,0.8137577407404366,0.8473407906984964,0.5828720514880725,0.37525828127547384,10.042553755391902,0.395220182363302,1.5532556656896033,0.8785467847845619,27.23387923706242,0.8296179841179344,0.8354331294407681,0.8608363147635245
0.59,0.998797321307143,1.2341697061761931,0.5713322568058397,0.58861108423499,6.27569064268779,0.3877193777976068,0.9706447467743369,0.8636089759110904,13.357649627062505,0.7569072884265354,0.8119492521359349,0.8455307808161426,0.5856821991477287,0.3770418367197087,10.043236758446406,0.39530535074747175,1.5533613039953502,0.8796651977451894,27.205826935530784,0.8314748203806221,0.8370530471605608,0.8623209138742924
0.5925,0.9987902542772986,1.2356676949895644,0.5692130353360084,0.5865165821536277,6.274740369490466,0.3878335985266366,0.9704977704908488,0.8617939280533322,13.351333189779657,0.7552131982175475,0.8101378154431643,0.8437152057000838,0.588483482646353,0.37881924274536094,10.043925085423867,0.39539116832946875,1.5534677657384117,0.8807337897507683,27.17676122425475,0.8333198988515835,0.8386593789859251,0.8637905977656941
0.595,0.9987831633444154,1.2371657618726581,0.567099870082909,0.5844274331889838,6.2737928192305805,0.38794680329111014,0.9703512153570112,0.8599719352704425,13.344882234733479,0.7535190419173821,0.8083234987843149,0.841894143354541,0.5912758338422767,0.38059044950115256,10.04461885319045,0.39547762773644574,1.5535750689941736,0.881752845208978,27.14669601463203,0.835153258710689,0.8402521802600798,0.8652454299246113
0.5975,0.9987760484219388,1.2386638790094582,0.5649928153175202,0.582343692440112,6.272848056377295,0.3880589759663741,0.9702050913441015,0.8581431097855878,13.338297229893248,0.7518248751494587,0.8065063706770159,0.8400676723471158,0.5940591844342,0.38235540710390553,10.045318175471552,0.39556472123453995,1.5536832313522473,0.8827226623836594,27.115645450380757,0.836974938299423,0.8418315052842453,0.8666854722496292
0.6,0.9987689094233091,1.2401620191001983,0.5628919249254666,0.5802654146369157,6.271906146226782,0.38817010056394224,0.970059408551309,0.8563075627633453,13.33157863102896,0.7501307536258282,0.8046865000503717,0.8382358718392925,0.5968334659260622,0.38411406561979566,10.046023162849044,0.39565244072287425,1.5537922699160431,0.883643553110342,27.083623898450686,0.8387849750920673,0.8433974072956324,0.8681107850756854
0.6025,0.9987617462619642,1.2416601553591862,0.5607972524172294,0.5781926541501411,6.270967154911123,0.38828016123502096,0.9699141772071105,0.8544654043188625,13.324726881710665,0.7484367331579476,0.8028639562614782,0.8363988216179408,0.5995986095923496,0.38586637504571175,10.046733922762908,0.3957407777285206,1.5539022013030233,0.8845158424911016,27.050645939468538,0.8405834056672604,0.844949938444926,0.8695214271974138
0.605,0.9987545588513417,1.2431582615138987,0.5587088509383742,0.5761254650014161,6.270031149406922,0.388389142274252,0.9697694076706033,0.8526167435282296,13.317742413324831,0.7467428696676489,0.8010388091124199,0.8345566021278179,0.6023545464438574,0.38761228529073133,10.047450559517136,0.3958297234024331,1.5540130416456153,0.8853398685693696,27.01672635774013,0.8423702656812034,0.8464891497733272,0.870917455891147
0.6075,0.9987473471048806,1.2446563118053817,0.5566267732797858,0.5740639008733355,6.269098197543613,0.388497028123675,0.9696251104327894,0.8507616884400763,13.31062564510798,0.7450492191982954,0.7992111288677429,0.8327092945050586,0.6051012071939229,0.389351746157732,10.048173174289486,0.39591926851635045,1.5541248065927198,0.8861159819854093,26.981880130833513,0.8441455898430477,0.8480150911892416,0.8722989269355998
0.61,0.9987401109360248,1.2461542809899178,0.5545510718879064,0.5720080151195801,6.268168368011438,0.38860380337691114,0.96948129611781,0.8489003460883764,13.303376984197735,0.74335583792612,0.7973809862724012,0.8308569806116403,0.6078385222251542,0.3910847073251572,10.04890186514496,0.39600940346067054,1.5542375113117952,0.8868445456132259,26.946122418768898,0.8459094118923006,0.8495278114447006,0.8736658946312549
0.6125,0.9987328502582237,1.247652144341872,0.5524817988749674,0.5699578607750674,6.2672417303690855,0.38870945278356434,0.9693379754841263,0.8470328225064512,13.295996825701447,0.7416627821717415,0.7955484525701612,0.8289997430708071,0.6105664215566893,0.3928111183289666,10.049636727052635,0.39610011824329117,1.5543511704914617,0.8875259341797649,26.909468552842547,0.8476617645770849,0.8510273581116198,0.8750184118185104
0.615,0.9987255649849338,1.2491498776575372,0.5504190060292078,0.5679134905661241,6.266318355050947,0.38881396125383666,0.9691951594256425,0.8451592227421596,13.288485552782396,0.7399701084118436,0.7937135995224531,0.8271376653034319,0.6132848348120215,0.394530928544794,10.050377851905731,0.3961914024894153,1.5544657983446049,0.8888204580686946,26.89190050418558,0.8494026796313768,0.8525137775579942,0.8763565298946531
0.6175,0.9987182550296207,1.2506474572597683,0.5483627448250701,0.5658749569206708,6.265398313374011,0.388917313863349,0.9690528589727717,0.8432796508742441,13.280843536763555,0.7382778732910126,0.7918764994276486,0.8252708315652857,0.6159936911874346,0.39624408717035,10.051125328544654,0.3962832454423129,1.5545814086119387,0.8904489840880035,26.884869011040042,0.8511321877500724,0.8539871149241385,0.8776802988297397
0.62,0.9987109203057591,1.2521448600031162,0.5463130664333677,0.5638423119784153,6.264481677544342,0.389019495858158,0.9689110852934382,0.8413942100298126,13.27307113724877,0.7365861336337173,0.7900372251407414,0.8233993269851861,0.6186929194210999,0.3979505432080995,10.051879242782912,0.3963756359650295,1.5546980145660159,0.8920358357977415,26.876988435758594,0.8528503185627915,0.8554474140990669,0.8789897671814603
0.6225,0.9987035607268331,1.2536420632791467,0.5442700217314135,0.5618156076010421,6.2635685206631475,0.3891204926599528,0.9687698496940153,0.8395030024029145,13.265168702261143,0.734894946456423,0.7881958500934062,0.8215232376039858,0.6213824477628785,0.39965024544825284,10.052639677435629,0.3964685625430331,1.5548156290156359,0.8935739384240139,26.86805069888143,0.8545571006100013,0.856894717697122,0.8802849821090806
0.625,0.9986961762063358,1.2551390450215987,0.5422336613131081,0.5597948953823954,6.262658916732439,0.38922028987141893,0.9686291636202019,0.8376061292741765,13.257136568398321,0.7332043689798441,0.786352448314399,0.8196426504143567,0.624062203944891,0.4013431424521024,10.05340671235071,0.39656201328778606,1.5549342643106667,0.895063498950544,26.858067865235096,0.8562525613260393,0.8583290670349247,0.8815659893865281
0.6275000000000001,0.9986887666577697,1.256635783711031,0.5402040354989807,0.5577802266586475,6.261752940660268,0.3893188732817478,0.9684890386578313,0.8357036910314503,13.248975061004296,0.7315144586414071,0.784507094450273,0.8177576534013288,0.626732115152898,0.4030291825357429,10.054180424442398,0.396655975941225,1.5550539323472337,0.8965047401745617,26.84705230636668,0.8579367270188211,0.8597505021087353,0.8828328334146975
0.63,0.9986813319946447,1.2581322583786119,0.5381811943461785,0.5557716525184488,6.26085066826553,0.38941622887227295,0.9683494865336147,0.833795787191426,13.240684494357243,0.729825273107689,0.7826598637863663,0.815868335583533,0.6293921079985487,0.4047083137542054,10.054960887727226,0.3967504378811331,1.555174644573282,0.8978979003072147,26.835016687449713,0.8596096228351087,0.8611590615722812,0.8840855572330321
0.6325000000000001,0.998673872130477,1.2596284486087446,0.5361651876584069,0.5537692238130568,6.259952176282376,0.38951234282221164,0.9682105191158242,0.8318825164221629,13.232265171873015,0.7281368702868204,0.7808108322680279,0.813974787055093,0.6320421084925348,0.40638048388603604,10.055748173362238,0.39684538612738046,1.5552964119944859,0.8992432325547453,26.821973953818937,0.8612712727288615,0.8625547827151113,0.8853242025304209
0.635,0.9986663869787881,1.2611243345402698,0.5341560649958166,0.5517729911664386,6.259057542364228,0.3896072015144884,0.968072148414912,0.8299639765664788,13.223717386323601,0.7264493083410536,0.7789600765220437,0.8120770990281175,0.6346820420186943,0.4080456404183417,10.056542349685445,0.3969408073490078,1.5554192451805087,0.9005410046813658,26.80793731716272,0.8629216994368742,0.8639377014415061,0.8865488096554378
0.6375000000000001,0.998658876453102,1.262619896866053,0.5321538756848414,0.5497830049853494,6.25816684508739,0.38970079154162096,0.967934386584071,0.8280402646661558,13.215041420070182,0.7247626456994086,0.7771076738782194,0.8101753638757406,0.6373118333090878,0.40970373053232556,10.057343482258382,0.39703668787212076,1.5555431542715816,0.9017914985547846,26.792920241401433,0.8645609244534117,0.8653078522499762,0.8877594176259369
0.64,0.9986513404669453,1.2641151168308562,0.5301586688279903,0.5477993154693834,6.25728016395435,0.38979309971164744,0.9677972459197439,0.8261114769869016,13.206237545310128,0.72307694107036,0.7752537023910887,0.8082696751756538,0.6399314064200685,0.41135470108932254,10.058151633910668,0.39713301368855847,1.555668148985399,0.9029950096753263,26.77693642827966,0.8661889680020102,0.866665268213358,0.8889560641379993
0.6425,0.9986437789338434,1.2656099762274868,0.5281704933135942,0.545821972621,6.256397579396719,0.3898841130540771,0.9676607388620789,0.8241777090440255,13.19730602433753,0.7213922534545577,0.7733982408617054,0.806360127754082,0.6425406847093514,0.4129984986173417,10.058966864786537,0.3972297704652916,1.5557942386243127,0.9041518466895949,26.759999802700396,0.8678058490078029,0.8680099809595041,0.8901387855742096
0.645,0.9986361917673204,1.2671044573913315,0.5261893978255155,0.543851026255522,6.255519172777901,0.38997381882585114,0.9675248779953421,0.8222390556287791,13.188247109816778,0.7197086421575732,0.7715413688594892,0.8044468177301537,0.6451395908140716,0.4146350692981153,10.059789232393065,0.39732694355450027,1.5559214320827925,0.9052623308896383,26.742124497828417,0.869411585072737,0.8693420206525667,0.8913076170112458
0.6475,0.9986285788808976,1.268598543193471,0.5242154308528212,0.5418865260111105,6.2546450263954965,0.3900622045173032,0.9673896760482893,0.8202956108353175,13.17906104506873,0.7180261668026691,0.76968316674409,0.8025298425606209,0.647728046629815,0.4162643589546454,10.06061879165006,0.39742451800427436,1.5560497378551423,0.9063267956985596,26.72332483999018,0.8710061924541033,0.870661415974847,0.8924625922267402
0.65,0.9986209401880911,1.2700922170327131,0.5222486406994261,0.5399285213587134,6.253775223483488,0.39014925785811355,0.967255145894504,0.8183474680882498,13.169748064369262,0.7163448873435814,0.7678237156872452,0.8006093010848803,0.6503059732905894,0.4178863130392347,10.06145559494136,0.39752247856987244,1.5561791640434348,0.9073455861435388,26.7036153333972,0.8725896860462032,0.8719681941091899,0.893603743705374
0.6525,0.9986132756024123,1.2715854628269325,0.5202890754937048,0.5379770616119862,6.252909848214204,0.3902349668232576,0.9671213005527012,0.8163947201707354,13.160308393259763,0.7146648640773072,0.7659630976945997,0.7986852935702587,0.652873291149692,0.4195008766219824,10.062299692167333,0.39762080972547,1.556309718365629,0.9083190583172255,26.683010644719612,0.8741620793650232,0.8732623807218943,0.8947311026441696
0.655,0.9986055850373667,1.2730782650042283,0.5183367831980769,0.5360321959371854,6.252048985700148,0.3903193196389536,0.9669881531870106,0.8144374592530982,13.150742248869408,0.712986157656892,0.7641013956274626,0.7967579217575192,0.655429919761427,0.42110799437972096,10.063151130798378,0.39771949567632187,1.5564414081638487,0.9092475788284601,26.661525587536264,0.8757233845357437,0.8745439999461004,0.895844698956934
0.6575,0.9985978684064525,1.2745706084944424,0.5163918116185601,0.534093973363026,6.251192721995663,0.39040230478861965,0.9668557171072334,0.8124757769219262,13.141049840249034,0.7113088291042032,0.7622386932244786,0.7948272889065451,0.6579757778636184,0.4227076105853687,10.064009955929189,0.397818520371263,1.5565742404127727,0.910131524243293,26.63917510668731,0.8772736122825843,0.8758130743656206,0.8969445612778245
0.66,0.9985901256231617,1.276062478721625,0.5144542084142881,0.532162442790498,6.250341144098453,0.39048391101885527,0.9667240057690782,0.8105097642096285,13.131231368716362,0.709632939822686,0.7603750751231848,0.7928934998421632,0.6605107833608672,0.42429966909767663,10.064876210333505,0.39791786751546704,1.556708221728104,0.9109712805172665,26.61597426255497,0.8788127719199458,0.8770696249991766,0.8980307169640014
0.6625,0.998582356600978,1.2775538615980475,0.5125240211069821,0.5302376530026321,6.249494339950982,0.3905641273454654,0.9665930327743774,0.808539511624417,13.121287028212489,0.7079585516100855,0.7585106268814277,0.790956661000057,0.6630348533085038,0.42588411335134496,10.065749934519173,0.3980175205833851,1.556843358375086,0.9117672424199205,26.591938215297304,0.8803408713447469,0.8783136712850081,0.899103192097348
0.665,0.9985745612533777,1.279044743520321,0.5106012970903638,0.5283196526741978,6.248652398441735,0.39064294305955033,0.9664628118712812,0.8065651091806776,13.111217005669292,0.7062857266711239,0.7566454349986064,0.78901688047272,0.6655479038971993,0.4274608863474986,10.06663116678323,0.39811746283179006,1.5569796562770215,0.9125198129524866,26.5670822090595,0.8818579170310608,0.8795452310658254,0.9001620114852492
0.6675,0.9985667394938271,1.2805351113681442,0.5086860836394917,0.526408490381318,6.247815409406306,0.390720347733682,0.966333356954428,0.8045866464296949,13.101021481387667,0.7046145276301162,0.7547795869367097,0.7870742680553889,0.6680498504382156,0.42902993064451445,10.06751994326686,0.3982176773128561,1.5571171210237735,0.9132294027597244,26.54142155618629,0.883363914022909,0.8807643205740853,0.9012071986604253
0.67,0.9985588912357825,1.2820249525061032,0.5067784279199948,0.5245042146109777,6.2469834636283,0.39079633122819163,0.9662046820650811,0.8026042124906838,13.090700629426072,0.7029450175435041,0.7529131711411003,0.785128935291889,0.670540607349291,0.43059118834920806,10.068416298010064,0.3983181468872134,1.5572557578802206,0.9138964295368499,26.51497162145828,0.8848588659157935,0.881970954417578,0.9022387758798441
0.6725,0.9985510163926866,1.283514254788843,0.5048783769971775,0.5226068737703984,6.246156652839981,0.3908708836975886,0.9660768013912316,0.8006178960820769,13.080254617999124,0.701277259912271,0.7510462770609986,0.7831809955203145,0.6730200881411872,0.43214460110840347,10.069320263005839,0.39841885423692514,1.5573955717946366,0.9145213174325098,26.487747806374472,0.8863427748292233,0.8831651455653406,0.9032567641227485
0.675,0.9985431148779678,1.2850030065698081,0.5029859778449586,0.5207165161962456,6.245335069722633,0.3909439955971301,0.9659497292676523,0.7986277855530026,13.06968360988554,0.6996113186941911,0.7491789951696035,0.7812305639184479,0.6754882054049525,0.43369011010092273,10.070231868253869,0.3985197818783503,1.557536567406994,0.9151044964487419,26.45976553350221,0.8878156413834115,0.884346905333918,0.9042611830878603
0.6775,0.9985351866050327,1.286491196713589,0.5011012773546044,0.5188331901636372,6.2445188079065135,0.3910156576895529,0.9658234801758919,0.7966339689148916,13.058987762844884,0.69794725831587,0.7473114169837825,0.779277757548819,0.6779448707999843,0.4352276560300564,10.071151141813592,0.39862091217486517,1.5576787490571737,0.9156464018388765,26.431040230915393,0.8892774646820912,0.8855162433740319,0.9052520511898526
0.68,0.9985272314872642,1.2879788146117663,0.4992243223432125,0.5169569438949041,6.243707961970374,0.391085861051977,0.9656980687441997,0.7946365338731203,13.048167230042216,0.6962851436845535,0.745443635083253,0.7773226954032803,0.6803899950430109,0.43675717911658923,10.072078109856722,0.39872222734943547,1.5578221207930862,0.9161474735043277,26.401587316741175,0.8907282422986974,0.8866731676577394,0.9062293855552139
0.6825,0.9985192494380122,1.2894658502020042,0.4973551595618931,0.5150878255680638,6.242902627440408,0.39115459708298134,0.9655735097473636,0.7926355678586104,13.037222160479825,0.6946250401996595,0.7435757431291595,0.7753654984469645,0.6828234878981445,0.43827861909248095,10.073012796719139,0.398823709497043,1.5579666863786987,0.9166081553912606,26.3714221838354,0.8921679702652235,0.8878176844662093,0.9071932020176708
0.685,0.998511240370588,1.2909522939899742,0.49549383570359423,0.5132258833249518,6.242102900788539,0.39122185750984395,0.9654498181064448,0.7906311580592834,13.026152699434952,0.6929670137639758,0.7417078358819551,0.7734062896614854,0.6852452581681899,0.43979191519531813,10.073955224952314,0.3989253405969876,1.558112449301989,0.9172768265447978,26.34768172544445,0.8935966430640705,0.8889497983782688,0.9081435151133717
0.6875,0.9985032041982526,1.2924381370735842,0.49364039741051424,0.511371165278962,6.241308879429949,0.391287634395934,0.9653270088883965,0.7886233914512644,13.014958988902427,0.691311130794463,0.7398400092184731,0.7714451940872145,0.6876552136874177,0.4412970061636687,10.074905415374271,0.3990271025250972,1.5582594127828264,0.918536684539061,26.341323017578194,0.8950142536230828,0.8900695122599283,0.9090803380760892
0.6900000000000001,0.9984951408342065,1.2939233711688665,0.49179489128103837,0.509523719522334,6.240520661719742,0.3913519201482332,0.9652050973055465,0.7866123548297246,13.003641168041048,0.6896574582325873,0.7379723601480785,0.7694823388644703,0.6900532613160458,0.44279383023349017,10.075863387120222,0.39912897706589145,1.5584075797808044,0.9197478210960843,26.333940430982793,0.8964207933137427,0.8911768272551317,0.9100036828327452
0.6925,0.998487050191578,1.2954079886368002,0.48995736387613836,0.5076835941329347,6.239738346948608,0.39141470752495866,0.9650840987149275,0.7845981348392509,12.992199373622464,0.6880060635541201,0.7361049868277781,0.7675178532734394,0.6924393069366768,0.44428232513575017,10.076829157692938,0.39923094592475367,1.558556953003031,0.9209105714393607,26.325548409327038,0.8978162519525177,0.8922717427780182,0.9109135599996114
0.6950000000000001,0.9984789321834079,1.2968919825102891,0.4881278617251713,0.5058508371804682,6.238962035337435,0.39147598964325264,0.9649640286174439,0.7825808180036217,12.980633740481398,0.6863570147783413,0.7342379885761657,0.7655518687726448,0.6948132554529642,0.4457624280954245,10.077802743013022,0.3993329907401706,1.5587075349119046,0.9220252817869095,26.316161557443657,0.8992006178055696,0.8933542565070237,0.9118099788795888
0.6975,0.9984707867226348,1.2983753465204995,0.4863064313310155,0.5040254967320573,6.238191828030749,0.39153575998690254,0.9648449026568562,0.7805604907548763,12.968944401965944,0.6847103804765721,0.7323714658860779,0.7635845190357718,0.6971750107907771,0.44723407583204594,10.078784157469094,0.3994350930961041,1.5588593277328757,0.9230923087403634,26.305794624334542,0.9005738775973272,0.8944243643811874,0.9126929474610206
0.7000000000000001,0.9984626137220796,1.2998580751217694,0.4844931191744795,0.502207620857135,6.237427827088874,0.39159401241404673,0.9647267366185691,0.7785372394615678,12.957131490386887,0.6830662297799696,0.7305055204358398,0.7616159399866622,0.6995244759021307,0.44869720456196904,10.079773413968054,0.39953723453455525,1.5590123334622206,0.9241120186688627,26.294462486167273,0.9019360165231509,0.8954820605990554,0.9135624724185166
0.7025,0.9984544130944272,1.3013401635143502,0.4826879717179293,0.5003972576315853,6.236670135478814,0.39165074116482723,0.9646095464282214,0.7765111504560842,12.94519513746491,0.6814246323865131,0.7286402550989745,0.7596462698322778,0.7018615527721394,0.45015175000251106,10.080770523985436,0.3996393965683789,1.5591665538748305,0.9250847870891012,26.2821801292931,0.9032870182656046,0.8965273376205865,0.9144185591163118
0.705,0.9984461847522084,1.302821607664313,0.4808910354080737,0.49859445514107864,6.235918857063741,0.39170594086894533,0.9644933481500597,0.7744823100609407,12.933135474774764,0.6797856585671153,0.726775773952267,0.7576756490934539,0.7041861424292277,0.45159764737811886,10.081775497615928,0.39974156069439565,1.5593219905320246,0.9260109980429135,26.268962633317788,0.904626865011617,0.8975601861724825,0.9152612116146887
0.7075,0.9984379286077825,1.3043024043200513,0.4791023566778598,0.49679926148354814,6.235174096591075,0.3917596065530829,0.9643781579850951,0.7724508046139507,12.920952634185554,0.6781493791707874,0.7249121822820723,0.7557042206332512,0.7064981449588088,0.4530348314286888,10.082788343624166,0.3998437084068383,1.5594786447894065,0.9268910434738332,26.254825154258526,0.9059555374656575,0.898580595257342,0.9160904326799962
0.71,0.9984296445733177,1.3057825510249297,0.4773219819474328,0.49501172477075506,6.234435959679164,0.39181173364815425,0.9642639922690426,0.7704167204921835,12.908646748296437,0.6765158656287824,0.7230495865887646,0.7537321296827264,0.7087974595206001,0.4544632364201508,10.083809069495715,0.3999458212111541,1.5596365178047484,0.9277253226041097,26.239782907821272,0.907273014859653,0.8995885521670443,0.9169062237987935
0.7125,0.9984213325607726,1.3072620461257727,0.47554995762411956,0.49323189312890153,6.2337045528025214,0.39186231799636057,0.9641508674700382,0.7683801441346441,12.896217950867172,0.6748851899576584,0.7211880945892436,0.7517595238639593,0.7110839843697134,0.4558827961573959,10.084837681488414,0.40004788063816754,1.559795610545935,0.9285142413136422,26.22385115283336,0.9085792749659618,0.9005840425006938,0.9177085851966016
0.715,0.9984129924818768,1.308740888777022,0.47378633010140614,0.4914598146982508,6.232979983275693,0.39191135585802706,0.9640388001861435,0.7663411620636067,12.883666377243099,0.6732574247612165,0.7193278152174145,0.749786553210163,0.7133576168816018,0.4572934439996008,10.085874184684053,0.40014986825859195,1.5599559237989526,0.929258211522315,26.207045174866952,0.909874294114047,0.90156705018745,0.9184975158617127
0.7175,0.9984046242481135,1.3102190789405552,0.47203114575688293,0.48969553763172485,6.2322623592357385,0.3919588439182101,0.9639278071426365,0.7642998609045603,12.870992164774371,0.6716326432312855,0.7174688586225816,0.7478133701827439,0.7156182535809045,0.45869511287796744,10.086918583040461,0.400251765697857,1.5601174581759487,0.9299576505771567,26.18938027008805,0.9111580472037729,0.902537557514464,0.9192730135744326
0.72,0.9983962277707019,1.3116966173812934,0.4702844509491442,0.4879391100924542,6.231551789623429,0.3920047792930729,0.9638179051891026,0.7622563274047287,12.858195453229326,0.6700109191473193,0.7156113361656988,0.7458401296851621,0.7178657901741706,0.46008773531586417,10.0879708794441,0.40035355465120465,1.560280214123365,0.9306129806456954,26.170871729364883,0.9124305077149633,0.9034955451600859,0.9200350749420515
0.7225,0.9983878029605795,1.3131735056588811,0.4685462920136335,0.48619058025026607,6.2308483841632025,0.39204915953603753,0.9637091112963353,0.7602106484501526,12.845276385202153,0.66839232687478,0.7137553604134454,0.7438669890734819,0.7201001215863965,0.46147124345131674,10.089031075763234,0.4004552168989874,1.5604441919301606,0.9312246281167877,26.151534822667855,0.9136916477217408,0.9044409922324116,0.920783695439746
0.725,0.9983793497283864,1.314649746115839,0.4668167152574387,0.4844499962771033,6.23015225334195,0.39209198264373024,0.9636014425530547,0.758162911081335,12.832235106515206,0.6667769413622837,0.7119010451301014,0.7418941081635014,0.7223211420012532,0.46284556906176527,10.090099172901821,0.40055673432208777,1.560609391736149,0.9317930230100842,26.131384783790537,0.9149414379151957,0.9053738763131295,0.9215188694574941
0.7275,0.9983708679844506,1.3161253418627092,0.465095766953047,0.48271740634137755,6.229463508386744,0.3921332470617491,0.9634949161624626,0.7561132025074684,12.819071766616467,0.665164838137493,0.7100485052672197,0.7399216492343799,0.7245287449048334,0.46421064359096603,10.09117517085428,0.4006580889173694,1.5607758135404664,0.9323185983951495,26.110436795417996,0.9161798476322577,0.9062941735065257,0.9222405903529762
0.73,0.9983623576387738,1.317600296760798,0.46338349333108164,0.48099285860127056,6.228782261241545,0.39217295169028954,0.9633895494386402,0.7540616101192901,12.805786518972948,0.6635560933017747,0.7081978569511036,0.73794977702869,0.726722823132693,0.4655663981778869,10.092259068761285,0.40075926281305496,1.5609434572102032,0.9328017898210954,26.088705974564927,0.9174068448880469,0.9072018584933876,0.9229488505102925
0.7325,0.9983538186010178,1.3190746154031903,0.46167994057204964,0.47927640119700143,6.228108624543036,0.3922110958896718,0.9632853598028104,0.7520082215006191,12.792379521460946,0.661950783523577,0.70634921746812,0.7359786587488473,0.7289032689199241,0.466912763687415,10.093350864966812,0.4008602382839285,1.561112322489227,0.9332430347573927,26.06620735840156,0.9186223964106451,0.9080969045894389,0.9236436414042017
0.735,0.998345250780494,1.3205483030947522,0.4599851547971378,0.47756808224209585,6.227442711595611,0.39224767948582245,0.963182364779469,0.7499531244386647,12.778850936754434,0.6603489860304865,0.704502705247885,0.7340084640498858,0.7310699739539538,0.46824967074266916,10.094450557076605,0.4009609977662506,1.5612824090072237,0.933642772046337,26.04295589048014,0.9198264676781372,0.9089792838078168,0.9243249536694457
0.7375,0.9983366540861516,1.3220213658318407,0.45829918205810155,0.47586794981369257,6.226784636345615,0.39228270277576294,0.9630805819924008,0.7478964069332024,12.76520093271291,0.6587507786000689,0.7026584398443856,0.7320393650285637,0.7332228294297265,0.469577049758688,10.095558142018284,0.4010615238722807,1.5614537162889965,0.9340014413674275,26.018966407369586,0.9210190229582906,0.9098489669250055,0.9249927771745894
0.74,0.9983280284265686,1.3234938102824558,0.4566220683262994,0.47417605194193635,6.226134513354905,0.3923161665331627,0.9629800291605901,0.7458381572047418,12.751429682770386,0.6571562395495344,0.7008165419151012,0.730071536208805,0.7353617261069114,0.4708948309772496,10.096673616103342,0.4011617994043071,1.561626243764054,0.9343194827136984,25.994253625700246,0.9222000253513177,0.9107059235495366,0.9256471010996794
0.7425,0.9983193737099436,1.3249656437675024,0.45495385948092676,0.47249243659851015,6.225492457773763,0.3923480720140142,0.9628807240940316,0.7437784637018234,12.73753736632724,0.6555654477242727,0.698977133198212,0.7281051545234903,0.7374865543687457,0.47220294450256756,10.097796975091084,0.40126180736808836,1.5617999907764988,0.9345973358798534,25.96883212961494,0.9233694368354366,0.9115501221926989,0.9262879140169106
0.745,0.9983106898440882,1.326436874243816,0.4532946012965116,0.4708171516843645,6.2248585853132115,0.39237842096248166,0.9627826846894482,0.7417174151075966,12.723524169146998,0.6539784824853206,0.6971403364879815,0.7261403992926241,0.739597204282126,0.4735013203375996,10.09892821425486,0.4013615309856294,1.5619749565952719,0.9348354399618216,25.9427163586172,0.9245272183147535,0.9123815303404174,0.9269152039733748
0.7475,0.99830197673642,1.327907510289516,0.4516443394297321,0.4691502450167084,6.224233012216743,0.39240721561697167,0.9626859289259183,0.7396551003458375,12.709390283759902,0.6523954236958082,0.695306275608413,0.7241774521979152,0.7416935656585536,0.4747898884207154,10.100067328450486,0.4014609537072223,1.5621511404247357,0.9350342328672012,25.915920595802206,0.9256733296700979,0.9132001145254438,0.927528958574904
0.75,0.9982932342939577,1.3293775610921799,0.4500031194056197,0.46749176431532186,6.223615855231486,0.39243445871646604,0.9625904748604167,0.7375916085865787,12.69513590987559,0.650816351706434,0.6934750753852769,0.7222164972537992,0.7437755281155435,0.4760685786624641,10.10121431218713,0.40156005922270466,1.562328541415638,0.935194150835882,25.88845895645166,0.9268077298132017,0.9140058403989564,0.928129165069934
0.7525000000000001,0.9982844624233156,1.330847036440269,0.44837098660320956,0.4658417571882594,6.2230072315787694,0.3924601535071428,0.9624963406232614,0.7355270292515161,12.680761254806795,0.6492413473400322,0.6916468616166122,0.7202577207749435,0.7458429811381383,0.4773373209822111,10.102369159700558,0.40165883147190323,1.5625071586764396,0.9353156279700191,25.860345376969953,0.927930376744576,0.9147986728007045,0.9287158104323026
0.755,0.9982756610307004,1.3323159467181303,0.44674798624069734,0.46420027111700274,6.2224072589241,0.39248430374930404,0.9624035444134703,0.7334614520193586,12.666266533906246,0.6476704918752823,0.6898217610417935,0.7183013113402527,0.7478958141401735,0.47859604534441785,10.103531865028762,0.4017572546542511,1.5626869912850119,0.935399095772455,25.831593604136064,0.9290412276140135,0.9155785758268408,0.929288881441874
0.7575000000000001,0.9982668300219069,1.3337843029048462,0.44513416336015776,0.46256735344112504,6.221816055346503,0.3925069137246077,0.9623121044940189,0.7313949668312711,12.65165197101854,0.6461038670296158,0.6879999013092556,0.7163474597533892,0.7499339165249949,0.47984468179437406,10.104702422089918,0.4018553132375882,1.5628680383006954,0.9354449826926329,25.802217184644405,0.9301402387779965,0.9163455128946715,0.9298483647619233
0.76,0.9982579693023146,1.3352521165771136,0.4435295628118773,0.46094305134252195,6.221233739307191,0.39252798824359236,0.9622220391869951,0.7293276638965518,12.636917798948733,0.6445415549413633,0.6861814109429499,0.7143963589997993,0.7519571777453559,0.4810831604932149,10.10588082476253,0.4019529919661727,1.5630502987766937,0.9360360587127456,25.78827335917531,0.9312273658355475,0.9170994468036332,0.9303942470122603
0.7625000000000001,0.9982490787768866,1.33671939991628,0.441934229238344,0.4593274118292587,6.220660429617521,0.3925475326534604,0.962133366868642,0.7272596336986603,12.62206425994902,0.6429836381511874,0.6843664193075966,0.7124482042002176,0.7539654873622764,0.48231141175208947,10.107067066967614,0.40205027586795355,1.5632337717727869,0.9369081128714375,25.78243724954945,0.9323025636527892,0.9178403397919206,0.9309265148371766
0.765,0.9982401583501649,1.3381861657195935,0.4403482070579361,0.45772048171907764,6.220096245406195,0.3925655528460751,0.9620461059642865,0.7251909670016873,12.607091606224538,0.6414301995828516,0.6825550565727783,0.710503192560588,0.7559587351026982,0.4835293660653825,10.108261142752765,0.4021471502611689,1.5634184563683313,0.9377341916228642,25.775694058184268,0.9333657863975124,0.9185681535883354,0.9314451549674204
0.7675000000000001,0.9982312079262695,1.3396524274156714,0.43877154044833994,0.45612230762260286,6.219541306085674,0.39258205526610773,0.9619602749431431,0.7231217548573278,12.592000100458902,0.6398813225233744,0.6807474536759052,0.7085615233183196,0.7579368109158224,0.48473695414292944,10.10946304637789,0.40224360076035454,1.563604351675522,0.9385146798344568,25.7680577697869,0.9344169875769439,0.9192828494590723,0.9319501542755468
0.77,0.9982222274088938,1.3411181990841388,0.43720427332972533,0.4545329359262727,6.218995731317732,0.39259704691925956,0.9618758923129871,0.7210520886123927,12.576790016359704,0.6383370906026101,0.6789437422840581,0.7066233976847578,0.7598996050280808,0.4859341069411973,10.110672772402454,0.40233961328185897,1.5637914568528857,0.9392499654059523,25.759542317564115,0.9354561200745775,0.9199843882493205,0.9324414998241818
0.7725,0.9982132167013021,1.3425834954793177,0.4356464493476989,0.4529524127750251,6.218459640978152,0.39261053538047114,0.961792976614694,0.7189820599168532,12.561461639223571,0.6367975877722901,0.6771440547547005,0.7046890187837248,0.7618470079967379,0.4871207556934466,10.11189031577401,0.4024351740489702,1.5639797711189733,0.939940438679473,25.7501615685011,0.9364831361853702,0.9206727304197426,0.9329191789069178
0.775,0.998204175706325,1.3440483320577978,0.4340981118560524,0.45138078405475307,6.2179331551205275,0.3926225288020236,0.9617115464166409,0.7169117607323785,12.54601526651999,0.6352628982845288,0.6753485240952244,0.7027585915859507,0.7637789107621826,0.48829683193891565,10.113115671917889,0.40253026959677096,1.5641692937662328,0.9405864918445491,25.739929308630703,0.937497987649824,0.921347836078035,0.9333831790817589
0.7775,0.9981951043263528,1.3455127250096393,0.4325593038993179,0.44981809537454726,6.217416393939135,0.39263303592142923,0.9616316203089638,0.7148412833413046,12.530451208492481,0.633733106669792,0.6735572839212888,0.7008323228391936,0.7656952046990141,0.48946226755110306,10.114348836827928,0.40262488677683733,1.5643600241750413,0.9411885183381,25.72885922828668,0.9385006256879499,0.9220096650059509,0.9338334881972377
0.78,0.9981860024633276,1.346976691292876,0.4310300681951413,0.44826439204873597,6.216909477730878,0.3926420660690087,0.9615532168976719,0.7127707203559267,12.514769788775244,0.6322082977143292,0.6717704684138809,0.6989104209938212,0.7675957816660616,0.4906169947652435,10.115589807158129,0.4027190127619004,1.5645519618278823,0.9417469122396424,25.716964907341403,0.9394910010339185,0.9226581766822815,0.934270094411503
0.7825,0.9981768700187346,1.3484402486708944,0.4295104471164869,0.44671971907873537,6.21641252685633,0.39264962917505075,0.961476354798622,0.7107001647279868,12.498971345022861,0.6306885564370484,0.6699882122750243,0.6969930961236106,0.7694805340555149,0.49176094620509475,10.116838580315218,0.4028126350505837,1.5647451063236602,0.9422620676622452,25.70425980043451,0.9404690639718029,0.923293330302417,0.9346929862048573
0.785,0.9981677068935885,1.349903415752166,0.4280004826736823,0.44518412113472067,6.215925661699843,0.3926557357764553,0.9614010526313486,0.7086297097582052,12.483056229550218,0.6291739680658195,0.6682106506820535,0.6950805598415143,0.7713493548413546,0.4928940549091559,10.118095154552101,0.40290574147232255,1.5649394573921571,0.942734378139998,25.690757222205857,0.941434764372542,0.9239150847951689,0.935102152386337
0.7875,0.9981585129884185,1.3513662120316938,0.42650021649632197,0.4436576425371361,6.215449002628774,0.3926603970227686,0.9613273290127579,0.7065594491056845,12.467024809979387,0.6276646180131829,0.666437919240358,0.6931730252101342,0.7732021376272852,0.4940162543564469,10.119359529062281,0.4029983201925673,1.5651350149086343,0.9431642360129667,25.67647033255165,0.9423880517321873,0.9245233988375896,0.935497582095041
0.79,0.998149288203249,1.3528286579334343,0.4250096898150505,0.44214032723806024,6.214982669951874,0.39266362468152494,0.9612552025506912,0.7044894767970002,12.450877469889898,0.6261605918514868,0.6646701539345107,0.6912707066466516,0.7750387766943548,0.49512747849196664,10.120631704075276,0.40309035971835283,1.56533177890859,0.9435520318107957,25.66141212192764,0.9433288752116481,0.9251182308685115,0.935879264796956
0.7925,0.9981400324375768,1.3542907748528428,0.42352894344325215,0.44063221880245584,6.214526783876859,0.3926654311428238,0.9611846918373632,0.7024198872347875,12.434614609468646,0.6246619752874846,0.6629074910776916,0.6893738198219732,0.7768591670484373,0.4962276617519354,10.121911680953158,0.4031818489043126,1.565529749602693,0.9438981536362522,25.64559539672731,0.9442571836781096,0.9256995391014983,0.9362471902780183
0.795,0.9981307455903429,1.3557525851986179,0.42205801775868373,0.439133360389336,6.214081464467248,0.39266582942308015,0.9611158154426864,0.7003507752056358,12.41823664615539,0.6231688541364219,0.6611500672593299,0.687482581553876,0.7786632044677094,0.497316739088904,10.123199462288337,0.4032727769591994,1.5657289273919046,0.944202986550084,25.629032764765675,0.9451729257482334,0.9262672815378139,0.9366013486341156
0.7975,0.9981214275599029,1.357214112432653,0.4205969526850936,0.4376437947328889,6.2136468315985285,0.3926648331678979,0.9610485919074904,0.6982822358871049,12.401744015280025,0.6216813142956366,0.6593980192909005,0.6855972096939589,0.7804507855502163,0.4983946459967835,10.124495052002706,0.4033631334529642,1.5659293128828133,0.9444669119586075,25.61173662090074,0.9460760498332342,0.926821415979908,0.9369417302586187
0.8,0.9981120782439884,1.3586753811071863,0.4191457876738812,0.4361635641236115,6.213223004913747,0.39266245665402943,0.960983039736654,0.6962143648536981,12.38513717068762,0.6201994417177061,0.6576514841498257,0.6837179230082437,0.7822218077615601,0.49946131853581627,10.12579845544819,0.40345290832443476,1.5661309069031881,0.9446903070054419,25.593719132825335,0.9469665041859595,0.9273619000457708,0.9372683258279039
0.8025,0.9981026975396672,1.3601364168981573,0.41770456168585685,0.4346927103895104,6.212810103778608,0.3926587147903917,0.9609191773921602,0.694147258081637,12.368416585347623,0.6187233223831863,0.6559105989214531,0.6818449410513153,0.7839761694826868,0.5005166933574674,10.12710967950886,0.40354209188962725,1.5663337105177697,0.9448735439687421,25.57499222706144,0.9478442369501472,0.9278886911843583,0.9375811262851437
0.805,0.9980932853432986,1.3615972466338664,0.41627331317317207,0.4332312748774352,6.212408247236203,0.39265362311811863,0.9608570232860942,0.6920810119523177,12.351582751943798,0.617253042272996,0.6541755007391034,0.6799784840339275,0.7857137700576796,0.501560707729183,10.128428732704506,0.4036306748507202,1.5665377250442922,0.9450169896652404,25.55556757518778,0.9487091962104984,0.9284017466921074,0.9378801228224575
0.8075,0.9980838415504819,1.3630578983181594,0.4148520800614943,0.4317792984346151,6.212017553961511,0.39264719780963725,0.9607965957736065,0.6900157232543462,12.334636183441958,0.6157886873405123,0.6524463267221993,0.6781187726840548,0.7874345098414006,0.502593299558913,10.129755625295731,0.40371864830571613,1.5667429520697362,0.9451210048623067,25.535456580330386,0.9495613300426345,0.9289010237304048,0.9381653068613083
0.81,0.9980743660560046,1.3645184011475564,0.4134408997325062,0.4303368213904755,6.211638142215772,0.39263945566675595,0.9607379131458555,0.6879514891840949,12.317577413632977,0.6143303434834211,0.6507232139125211,0.6762660281014232,0.7891382902467524,0.5036144074192651,10.13109036939035,0.40380600375881764,1.5669493934667862,0.9451859436991792,25.514670363944116,0.9504005865608347,0.9293864793437048,0.9384366700308386
0.8125,0.9980648587537835,1.3659787855219907,0.41203980900680975,0.42890388353881004,6.211270129800913,0.3926304141177565,0.9606809936229586,0.6858884073447497,12.300406997649219,0.612878096515312,0.6490062992086447,0.6744204716055997,0.790825013791275,0.5046239705711195,10.13243297905092,0.403892733131546,1.5671570514104611,0.9452121531184615,25.493219752912378,0.9512269139625429,0.9298580704778671,0.9386942041436724
0.8150000000000001,0.9980553195368059,1.367439083049111,0.41064884412731806,0.42748052412038645,6.2109136340141555,0.39262009121347907,0.9606258553469719,0.6838265757438498,12.283125512453042,0.6114320321370355,0.6472957192986487,0.6725823245777767,0.7924945841427367,0.5056219289865044,10.133783470403058,0.4039788287746391,1.5673659283948684,0.9451999723089707,25.47111526699234,0.9520402605705945,0.9303157539981664,0.9389379011685691
0.8175,0.9980457482970672,1.3688993265424338,0.40926804074321227,0.42606678180605845,6.210568771602991,0.39260850562238553,0.9605725163749264,0.6817660927893682,12.265733557296812,0.6099922359079684,0.6455916105911951,0.6707518082964358,0.7941469061633297,0.506608223370512,10.135141861744064,0.40406428348076506,1.5675760272500034,0.945149732161062,25.44836710663389,0.9528405748738044,0.9307594867063753,0.9391677531992441
0.8200000000000001,0.9980361449255063,1.3703595500139558,0.4078974338945374,0.42466269468045553,6.210235658720649,0.3925956766245833,0.9605209946719397,0.6797070572844057,12.24823175415446,0.6085587932173382,0.6438941091451083,0.668929143767126,0.7957818859520577,0.5075827951820171,10.136508173651409,0.4041490904981002,1.5677873511585307,0.9450617547356421,25.424985141203248,0.9536278055654923,0.9311892253562749,0.9393837524186159
0.8225,0.998026509311942,1.3718197886621841,0.4065370579975046,0.4232683002263098,6.209914410882249,0.3925816241047816,0.9604713081044352,0.6776495684206105,12.230620748125336,0.6071317892556942,0.6422033505975919,0.6671145515466356,0.7973994308848711,0.5085455866529583,10.137882429090284,0.4042332435448188,1.5679999036724162,0.9449363527482565,25.400978897645917,0.9544019015798264,0.9316049266669861,0.9395858910578018
0.8250000000000001,0.9980168413450086,1.37328007885684,0.40518694683055745,0.42188363530947715,6.2096051429217685,0.3925663685441486,0.9604234744334853,0.6755937257704603,12.212901207811765,0.6057113089866109,0.6405194700912421,0.6653082515618857,0.7989994496521095,0.5094965408059401,10.139264653519549,0.4043167368245483,1.5682136887293152,0.9447738290698393,25.376357549629276,0.9551628121264342,0.9320065473335573,0.9397741613492385
0.8275,0.9980071409120908,1.3747404581217568,0.4038471335212501,0.42050873616469503,6.209307968949966,0.39254993101102825,0.9603775113083042,0.6735396292785774,12.195073825672289,0.6042974371186997,0.6388426022000242,0.6635104629239108,0.8005818522928161,0.5104356014699315,10.1406548749951,0.4043995650428383,1.5684287106685608,0.9445744762459972,25.35112990721126,0.9559104867235607,0.9323940440343567,0.9399485554734883
0.8300000000000001,0.997997407899263,1.3762009651176816,0.4025176505339751,0.4191436383821135,6.209023002313389,0.39253233315047087,0.9603334362599073,0.6714873792522658,12.177139318353284,0.6028902580778728,0.6371728808543974,0.6617214037373387,0.8021465502255181,0.5113627132938531,10.142053124269813,0.40448172342468747,1.5686449742466202,0.9443385760370027,25.325304407089437,0.9566448752290353,0.9327673734349414,0.9401090654994447
0.8325,0.9979876421912275,1.3776616396268007,0.4011985296585654,0.4177883768946225,6.2087503555545505,0.39251359717252704,0.9602912666949528,0.6694370763514804,12.15909842700188,0.6014898559799032,0.6355104392657784,0.6599412909058142,0.8036934562750999,0.5122778217578773,10.143459434888925,0.40456320773315646,1.5688624846518477,0.9440663989810095,25.298889103492204,0.9573659278672806,0.9331264921882408,0.940255683317917
0.835,0.9979778436712573,1.3791225225408237,0.3998898019997865,0.4164429859659911,6.208490140373366,0.3924937458392515,0.9602510198897757,0.6673888215784569,12.140951917563825,0.6000963146034456,0.6338554098505492,0.6581703399338574,0.8052224846954577,0.5131808731823031,10.144873843279843,0.4046440142890783,1.569081247518376,0.9443096191460679,25.286657416723898,0.9580735952512516,0.9334713569310639,0.9403884005687976
0.8375,0.9979680122211405,1.3805836558543496,0.3985914979677211,0.415107499179824,6.208242467589874,0.392472802450367,0.9602127129846233,0.6653427162672416,12.122700581070134,0.5987097173635686,0.6322079241538162,0.6564087647256752,0.8067335511876901,0.5140718147339105,10.146296388835326,0.40472413999185,1.5693012689389803,0.944887957445523,25.283753816654237,0.9587678284000463,0.9338019242771227,0.9405072085622922
0.84,0.9979581477211275,1.382045082665055,0.3973036472690391,0.41378194942933183,6.208007447108249,0.39245079082753836,0.9601763629780883,0.6632988620733697,12.10434523391656,0.5973301472858367,0.630568112773149,0.6546567773814925,0.808226572913657,0.5149505944297557,10.147727113988884,0.404803582341256,1.5695225554767411,0.9454222467746969,25.28001961886351,0.9594485787537828,0.9341181508069518,0.9406120981949395
0.8425,0.9979482500498817,1.383506847181901,0.3960262788991387,0.41246636890790656,6.207785187882075,0.3924277352972207,0.960141986721738,0.6612573609639447,12.085886718140301,0.5959576869809696,0.6289361052825231,0.6529145879919995,0.8097014685048338,0.5158171611384141,10.149166064281522,0.4048823394602386,1.5697451141753676,0.9459127326228035,25.27546345906101,0.9601157981868106,0.9344199930552632,0.9407030598613721
0.845,0.9979383190844338,1.3849689947421673,0.394759421135131,0.41116078910048426,6.207575797880782,0.39240366067205135,0.9601096009149235,0.6592183152083748,12.06732590169829,0.5945924186200744,0.6273120301567101,0.6511824044315496,0.8111581580664868,0.5166714645787521,10.150613288418771,0.40496041011848294,1.5699689525680172,0.946359652078367,25.270093653016065,0.9607694390192865,0.9347074074964362,0.9407800833629855
0.8475,0.997928354700137,1.386431571837602,0.3935031015296387,0.4098652407756755,6.2073793840571545,0.3923785922307752,0.9600792220997535,0.6571818273700206,12.048663678751412,0.5932344239104428,0.6256960146963595,0.6494604321507801,0.8125965631772969,0.5175134553163557,10.152068838317252,0.4050377937566423,1.5701940786844988,0.9467632332296263,25.263918182971594,0.961409454027022,0.9349803505289654,0.9408431578148262
0.85,0.9979183567706263,1.3878946261494196,0.39225734690537,0.408579753978639,6.207196052315691,0.39235255569670857,0.9600508666562015,0.6551480002989958,12.029900969959044,0.591883784071978,0.6240881849540313,0.647748873969364,0.8140166068846714,0.5183430847578168,10.153532769140083,0.40511449051098103,1.5704205010567485,0.9471236945984125,25.25694468496331,0.9620357964500509,0.9352387784597843,0.940892271552122
0.8525,0.9979083251677796,1.3893582065912713,0.3910221833504246,0.4073043580246698,6.207025907481668,0.39232557721476774,0.9600245507973203,0.6531169371263589,12.011038722787978,0.5905405798142859,0.6224886656614381,0.6460479298696277,0.8154182136960861,0.5191603051431337,10.155005139320494,0.4051905012381644,1.5706482287224817,0.9474412446120937,25.249180437150304,0.962648420000312,0.9354826474894503,0.9409274120379543
0.855,0.9978982597616809,1.3908223633587056,0.3897976362142859,0.4060390814934759,6.206869053270581,0.39229768332711085,0.9600002905645157,0.651088741259919,11.992077911839619,0.5892048913144383,0.620897580158169,0.6443577967918082,0.8168013095668973,0.5199650695365349,10.156486010573357,0.4052658275398853,1.5708772712269772,0.9477160811180948,25.2406323492599,0.9632472788691246,0.9357119136991957,0.9409485657735595
0.8575,0.9978881604205848,1.3922871479830397,0.3885837301044505,0.40478395222411173,6.2067255922577225,0.3922689009474647,0.9599781018228415,0.6490635163818502,11.973019539198905,0.5878767981954381,0.6193150503221663,0.6426786684317451,0.8181658218851571,0.5207573318160896,10.157975447894271,0.40534047178697685,1.5711076386229355,0.94794839094535,25.23130695324425,0.9638323277349228,0.9359265330408513,0.9409557182127244
0.86,0.9978780270108824,1.3937526133870637,0.38738048888364407,0.40353899731054016,6.2065956258475685,0.3922392573342277,0.9599580002562641,0.6470413664482962,11.953864634808074,0.5865563795054202,0.6177411965022309,0.6410107350418208,0.8195116794540326,0.5215370466625063,10.159473519546074,0.4054144371426338,1.5713393414683916,0.9481383495167583,25.221210395238096,0.9644035217709119,0.936126461330596,0.9409488536816515
0.8625,0.9978678593970691,1.3952188139395634,0.386187935667574,0.40230424309779583,6.206479254242589,0.3922087800624647,0.9599400013628389,0.645126473769134,11.936539975605662,0.5852437136976126,0.6161761374528317,0.6393541832359865,0.8208388124724866,0.5223041695475409,10.160980297032783,0.4054877275843427,1.5715723908226864,0.9482861205162997,25.21034842889626,0.9649608166515672,0.9363116542474025,0.9409279553055261
0.865,0.9978576574417128,1.3966858055053906,0.3850060928231709,0.40107971517872004,6.2063765764112055,0.3921774969949206,0.9599241204497543,0.6433029242893784,11.920758532208604,0.5839388786109798,0.6146199902714862,0.6377091957997063,0.8221471525148989,0.5230586567224588,10.162495855060959,0.40556034792411516,1.571806798240489,0.9483918556139959,25.198726410176448,0.9655041685577977,0.9364820673369358,0.9408930049428653
0.8675,0.9978474210054241,1.398153645487706,0.38383498196726956,0.39986543839124494,6.206287690054469,0.39214543625220205,0.9599103726281776,0.641538318497233,11.905925528469139,0.582641951451389,0.6130728703389855,0.6360759515056649,0.8234366325103076,0.5238004652069836,10.16402027148854,0.4056323038266201,1.5720425757638845,0.9484556942512945,25.186349293617816,0.9660335341824597,0.9366376560215078,0.940843983128506
0.87,0.9978371499468266,1.3996223928591123,0.38267462396569013,0.3986614368162027,6.206212691571159,0.39211262618227777,0.9598987728078573,0.6397781573708063,11.8910318170869,0.5813530087733182,0.611534891262705,0.6344546249360599,0.824707186721917,0.5245295527791447,10.165553627261279,0.40570360182483245,1.5722797359125413,0.9484777634887852,25.173221630149026,0.9665488707382129,0.9367783756165018,0.9407808690258433
0.8725,0.997826844122532,1.4010921081787213,0.38152503893267803,0.3974677337756384,6.206151676021014,0.3920790953294574,0.9598893356914359,0.6380225202608618,11.876078113361684,0.5800721264623053,0.6100061648232471,0.6328453863122859,0.8259587507274476,0.5252458779663937,10.167096006336696,0.4057742493328439,1.5725182916719511,0.9484581779174442,25.15934756644176,0.9670501359686761,0.936904181353478,0.9407036403886709
0.875,0.9978165033871134,1.4025628535927024,0.3803862462306706,0.39628435183161065,6.206104737085766,0.3920448724030104,0.9598820757684231,0.6363367919751132,11.862282544434693,0.5787993797182376,0.6084868009246237,0.6312484013327845,0.8271912614008107,0.5259494000383025,10.16864749559564,0.40584425465552937,1.5727582564797489,0.9483970396338173,25.14473084580717,0.967537288163078,0.9370150284099332,0.9406122735326561
0.8775000000000001,0.9978061275930861,1.4040346928166092,0.37925826447036404,0.3951113127854616,6.20607196702785,0.39200998624557504,0.95987700730881,0.6347172021286004,11.849579391201129,0.5775348430394708,0.6069769075481728,0.6296638310197817,0.8284046568954582,0.5266400790010779,10.17020818474114,0.40591362699481837,1.5729996442100689,0.9482944382788014,25.129374810614742,0.9680102861743696,0.9371108719454303,0.9405067433161842
0.88,0.9977957165908884,1.4055076910986402,0.3781411115110566,0.3939486376775425,6.20605345664657,0.39197446580150735,0.9598741443562884,0.6331022288648298,11.836822746935125,0.5762785902077436,0.60547659071036,0.628091831575591,0.8295988766296152,0.5273178755940373,10.17177816618443,0.405982376452392,1.5732424691559157,0.9481504511388961,25.113282406195143,0.9684690894407474,0.9371916671435783,0.9403870231299682
0.8825000000000001,0.9977852702288673,1.4069819151640317,0.3770348044612528,0.39279634678738173,6.206049295231685,0.3919383400852994,0.959873500721073,0.6314919376461289,11.824013101323628,0.5750306942738658,0.6039859544245878,0.6265325542490752,0.8307738612734299,0.527982751288091,10.173357534917658,0.40605051402870007,1.5734867460094781,0.9479651433081129,25.096456186173352,0.9689136580104495,0.9372573692590673,0.940253084894497
0.885,0.9977747883532718,1.408457433141828,0.37593935967951586,0.3916544596342786,6.2060595705144275,0.39190163815018664,0.9598750899723258,0.6298863944928008,11.811150971836257,0.5737912275441747,0.6025051006670827,0.6249861452127968,0.8319295527379129,0.5286346682861773,10.174946388372831,0.40611805161827974,1.5737324898403113,0.9477385679080773,25.07889831916382,0.9693439525695652,0.9373079336687514,0.9401048990641047
0.8875000000000001,0.9977642708082459,1.409934314476359,0.37485479277555733,0.390522994978308,6.206084368615999,0.3918643890570473,0.9598789254301887,0.6282856660290173,11.79823690485579,0.5725602615677455,0.6010341293468919,0.6234527454512906,0.8330658941653653,0.5292735895254889,10.176544826266385,0.4061850020014402,1.573979716071297,0.9474707663633464,25.06061059674944,0.969759934472451,0.9373433159255636,0.9399424346361545
0.89,0.9977537174358333,1.4114126298267198,0.37378111861155455,0.38940197082171357,6.206123773993737,0.3918266218436757,0.9598850201574585,0.6266898195307774,11.78527147684184,0.5713378671243415,0.59957313827996,0.621932490660797,0.8341828299208536,0.5298994786812439,10.178152950428768,0.4062513788324649,1.5742284404522853,0.9471617687285677,25.04159444265792,0.9701615657743279,0.9373634718138883,0.9397656591636288
0.8925000000000001,0.9977431280759821,1.4128924509583833,0.3727183513036828,0.3882914044106626,6.206177869385126,0.3917883654945057,0.9598933869509264,0.6250989229752311,11.772255295515382,0.5701241142130635,0.5981222231672131,0.620425511160705,0.8352803055841626,0.5305123001716742,10.17977086461836,0.40631719662456184,1.5744786790313157,0.9468115940638755,25.021850923045946,0.9705488092663646,0.9373683574049294,0.939574538769263
0.895,0.9977325025665574,1.4143738506316652,0.37166650422384556,0.3871913122373281,6.2062467357499616,0.39174964891083697,0.9599040383324337,0.6235130450905743,11.759189001050109,0.568919072041637,0.5966814775765147,0.6189319318168423,0.8363582679415844,0.5311120191638552,10.181398674319203,0.40638247073186734,1.5747304481233297,0.9464202508548378,25.00138075780157,0.9709216285102753,0.9373579291105762,0.9393690381592988
0.8975,0.9977218407433589,1.4158569024920769,0.3706255900015758,0.386101710042253,6.20633045221091,0.39171050088161663,0.9599169865396773,0.6219322554056601,11.746073267255277,0.5677228090162403,0.5952509929283122,0.6174518719766666,0.8374166649768647,0.5316986015799677,10.183036486522019,0.4064472173288672,1.5749837642763047,0.945987737473363,24.980184332779032,0.9712799878718853,0.9373321437343214,0.9391491206349692
0.9,0.9977111424401399,1.4173416809675952,0.3695956205260751,0.38502261281694,6.206429095992829,0.3916709500548174,0.9599322435168249,0.6203566242984132,11.732908802734007,0.5665353927317726,0.5938308584847436,0.6159854454163115,0.8384554458606506,0.5322720141035918,10.184684409488318,0.40651145338764905,1.5752386442347663,0.9455140426762055,24.958261712887687,0.9716238525550793,0.9372909585179066,0.9389147480999681
0.9025,0.9977004074886301,1.4188282611775316,0.3685766069483394,0.38395403480660095,6.206542742361087,0.39163102490945423,0.9599498209049756,0.6187862230421153,11.719696352000142,0.5653568899624797,0.592421161341933,0.6145327602993695,0.8394745609378664,0.5328322241856688,10.186342552497571,0.4065751966534285,1.5754951049006864,0.9449991461380766,24.935612655966512,0.9719531886344575,0.9372343311825783,0.9386658810623872
0.905,0.9976896357185604,1.4203167188570032,0.3675685596833139,0.38289598951298526,6.206671464559225,0.39159075372828517,0.9599697300325171,0.6172211238486214,11.706436696536914,0.5641873666528416,0.5910219864251757,0.6130939191472258,0.8404739617125707,0.5333792000498271,10.188011025577786,0.4066384656188054,1.5757531632918107,0.9444430190168118,24.912236627387266,0.9722679630858412,0.9371622199640894,0.9384024786299573
0.9075,0.997678826957685,1.4218071303000401,0.3665714884120013,0.38184848969719914,6.206815333746127,0.3915501645712452,0.9599919819054089,0.6156613999076042,11.693130655781145,0.5630268879086033,0.589633416486691,0.6116690188207097,0.8414536008300296,0.5339129106968705,10.18968993922022,0.4067012794972027,1.576012836497534,0.9438456245485477,24.888132815341635,0.9725681438136382,0.9370745836409046,0.9381244984978233
0.91,0.9976679810318027,1.4232995723231232,0.36558540208344015,0.3808115473824178,6.206974418932952,0.3915092852496778,0.9600165871974273,0.6141071254209755,11.679779088017463,0.5618755179878008,0.5882555321056224,0.6102581505128026,0.8424134320559558,0.5344333259083306,10.191379404079365,0.40676365819591404,1.5762741416324997,0.9432069186713483,24.86330014677963,0.9728536996744692,0.9369713815554127,0.9378318969285734
0.9125,0.9976570977647742,1.424794122249581,0.364610308916461,0.3797851738563901,6.207148786919883,0.3914681433014336,0.9600435562403832,0.612558375631723,11.666382891168674,0.560733320291646,0.5868884116899736,0.6088613997521353,0.8433534102531054,0.534940416249122,10.193079530659842,0.40682562228914876,1.5765370957881693,0.9425268506761751,24.837737303976628,0.973124600497311,0.9368525736282993,0.937524628724731
0.915,0.9976461769785331,1.426290857913783,0.36364621640112493,0.3787693796736337,6.207338502232823,0.39142676596692494,0.9600728990143299,0.6110152268465155,11.652943003470238,0.5596003573551076,0.5855321314801951,0.6074788464170141,0.8442734913556565,0.535434153069465,10.194790428992082,0.406887192991405,1.5768017159826635,0.9418053638844518,24.81144274171415,0.9733808171010336,0.9367181203665875,0.9372026471944312
0.9175,0.9976352184930901,1.4277898576826382,0.36269313129974995,0.377764174657225,6.207543627060001,0.39138518016623386,0.960104625137759,0.6094777564515719,11.639460404019298,0.5584766908369995,0.5841867655541845,0.6061105647597542,0.8451736323420399,0.5359145085063582,10.196512208299403,0.40694839213143413,1.577068019109269,0.9415708947372265,24.798333868758462,0.9736223213102569,0.9365679828661296,0.9368659041114681
0.92,0.9976242221265286,1.4292912004905909,0.36175105964743987,0.3767695679000978,6.207764221188502,0.3913434124773843,0.9601387438577836,0.6079460429214357,11.62593611319123,0.5573623815095563,0.5828523858335134,0.6047566234411308,0.8460537912070758,0.5363814554850083,10.198244976659009,0.4070092421269818,1.5773360218840053,0.9416995247706591,24.795136604519485,0.9738490859702849,0.9364021228096138,0.936514349671315
0.9225,0.9976131876949921,1.4307949658832415,0.3608200067520421,0.37578556776578137,6.208000341940642,0.39130148911589646,0.9601752640402972,0.606420165820485,11.612371192919847,0.5562574892473425,0.5815290620907672,0.6034170855748237,0.8469139269344432,0.5368349677206882,10.199988840660055,0.4070697659604042,1.5776057407927404,0.9417794435358009,24.791002900758002,0.9740610849618362,0.9362205024612821,0.9361479324450558
0.925,0.9976021150126613,1.4323012340639523,0.3598999771934793,0.3748121818885272,6.208252044110102,0.3912594359157465,0.9602141941600957,0.6049002057971606,11.598766746840038,0.5551620730153625,0.5802168619579493,0.6020920087817752,0.847753999470596,0.5372750197215684,10.201743905061761,0.4071299871551737,1.57787719203831,0.9418105617946173,24.78593123118813,0.9742582932163457,0.9360230846596689,0.9357665993333961
0.9275,0.9975910038917218,1.4338100859374776,0.3589909748224224,0.37384941717279463,6.208519379897825,0.3912172783118529,0.9602555422909632,0.603513404664248,11.587565416849372,0.5540761908563593,0.5789158509359735,0.6007814452544286,0.8485739697012806,0.5377015867930738,10.203510272454723,0.4071899297531994,1.5781503914881347,0.9417927855061,24.77991985210834,0.9744406867326653,0.9358098328096532,0.9353702955230631
0.93,0.9975798541423248,1.4353216031447449,0.3580930027582941,0.37289727979209325,6.208802398847544,0.3911750413242028,0.9602993160957001,0.6021854824803562,11.577348405017062,0.5529998998773805,0.5776260924053287,0.5994854418308493,0.8493737994317823,0.5381146450443143,10.20528804292832,0.40724961829280854,1.5784253546227782,0.9417260163583154,24.77296681537427,0.9746082425959388,0.935580710875053,0.9349589644479398
0.9325,0.9975686655725354,1.4368358680835045,0.35720606338661537,0.3719557751871957,6.209101147780981,0.3911327495437202,0.9603455228161003,0.6008639714671158,11.567109228647892,0.55193325623571,0.5763476476380466,0.5982040400787302,0.8501534513719364,0.5385141713970895,10.207077313746936,0.4073090777871644,1.5787020964858702,0.941610152346128,24.765069982484206,0.9747609389990646,0.9353356833728247,0.9345325477572289
0.935,0.9975574379882812,1.4383529639106034,0.35633015835572635,0.3710249080637559,6.209415670732715,0.39109042711995107,0.9603941692628776,0.5995489488552385,11.55684895794154,0.5508763151242546,0.575080575811121,0.5969372763892525,0.8509128891267961,0.5389001435979007,10.208878179037155,0.4073683337028376,1.5789806316357244,0.941445088395226,24.756227039792787,0.97489875526634,0.9350747153697846,0.9340909852928562
0.9375,0.9975461711932896,1.4398729745230658,0.3554652885729233,0.37010468238937794,6.209746008884731,0.39104809775061317,0.9604452618055426,0.5982404928477144,11.54656870125397,0.5498291307564741,0.5738249340215251,0.5956851820807084,0.8516520771936742,0.5392725402333151,10.210690729487759,0.4074274119382084,1.5792609740989387,0.9412307170322303,24.746435514847747,0.97502167187842,0.9347977724825102,0.9336342150781666
0.9400000000000001,0.9975348649890261,1.441395984516953,0.3546114542000618,0.36919510139018585,6.210092200500752,0.39100578467301933,0.9604988063622457,0.5969386825813079,11.53626960460831,0.5487917563509547,0.5725807773029232,0.594447783511674,0.8523709809660684,0.5396313407489264,10.212515052063571,0.4074863388013577,1.5795431373261362,0.9409669290999243,24.735692793826047,0.9751296704984621,0.9345048208809468,0.9331621733198671
0.9425,0.9975235191746298,1.4429220791249042,0.353768654648667,0.3682961675469348,6.210454280860387,0.39096351065733537,0.9605548083895921,0.5956435980833875,11.52595285110923,0.5477642441157202,0.5713481586441042,0.5932251022033654,0.8530695667447767,0.5399765254720668,10.214351229733738,0.40754514098710853,1.579827134149939,0.9406536145160161,24.723996140030707,0.9752227340000185,0.9341958272960283,0.9326747944250552
0.9450000000000001,0.9975121335468501,1.4444513441352804,0.3529368885745807,0.3674078825906945,6.210832282193177,0.3909212980015774,0.9606132728724414,0.5943553202241992,11.51561966026169,0.5467466452323406,0.5701271290090419,0.5920171549706104,0.8537478017563137,0.5403080756383221,10.216199341214297,0.4076038455529057,1.5801129767451516,0.9402906630734605,24.711342713400533,0.9753008464961488,0.9338707590315743,0.9321720110351579
0.9475,0.9975007078999844,1.4459838657977129,0.3521161538721482,0.3665302474981085,6.211226233612592,0.39087916852819654,0.960674204313698,0.593073930664475,11.505271287191146,0.5457390098398353,0.5689177373583524,0.5908239540606447,0.8544056541785765,0.54062597342184,10.218059460724417,0.40766247989327425,1.58040067659106,0.939877965280236,24.6977295909825,0.9753639933677655,0.9335295839806589,0.9316537540786424
0.9500000000000001,0.9974892420258193,1.447519730721444,0.35130644766791913,0.3656632624862022,6.211636161049984,0.39083714358202953,0.9607376067240967,0.5917995117980129,11.494909021757698,0.5447413870182934,0.5677200306717448,0.5896455072986797,0.855043093173584,0.5409302019693573,10.219931657755236,0.40772107171267025,1.5806902444356778,0.9394154132366362,24.68315378832143,0.9754121612904754,0.9331722706467291,0.931119952844498
0.9525,0.9974777357135751,1.4490590257740006,0.35050776631380276,0.3648069270066827,6.212062087188507,0.39079524402932386,0.9608034836119819,0.5905321466886101,11.484534187552196,0.5437538247720819,0.5665340539708896,0.5884818182389467,0.8556600889270392,0.5412207454378439,10.221815996849967,0.4077796489966247,1.580981690261736,0.9389029015485693,24.667612281733593,0.9754453382618349,0.9327987881698717,0.9305705350786736
0.9550000000000001,0.997466188749853,1.4506018379883008,0.34972010537958087,0.36396123973963335,6.212504031396963,0.39075349025748307,0.9608718379730761,0.5892719190004748,11.474148140757741,0.5427763700124594,0.5653598503419544,0.5873328863196744,0.856256612694444,0.5414975890356543,10.223712537393844,0.4078382399811861,1.5812750232541937,0.9383403282760344,24.651102031448957,0.9754635136311864,0.9324091063588241,0.9300054271059045
0.9575,0.9974546009185848,1.4521482544862017,0.34894345964465495,0.36312619858648065,6.212962009663551,0.39071190217510443,0.9609426722802321,0.5880189129210371,11.463752268856329,0.5418090685393597,0.5641974609568979,0.586198707020252,0.856832636853528,0.5417607190670807,10.225621333412747,0.4078968731207673,1.5815702517690935,0.9377275959167531,24.63362000562898,0.9754666781326636,0.9320031957295412,0.9294245539795893
0.96,0.9974429720009836,1.4536983624257338,0.34817782308888484,0.3623018006620878,6.213436034529488,0.39067049921182984,0.9610159884731676,0.5867732130749284,11.453347989157736,0.540851965022009,0.5630469250924938,0.5850792720186783,0.8573881349628193,0.5420101229802324,10.227542433379691,0.40795557705459773,1.5818673833036307,0.9370646124258284,24.615163205290806,0.9754548239210584,0.9315810275513723,0.92882783966255
0.9625,0.9974313017754949,1.4552522489778554,0.347423188882367,0.36148804228582004,6.2139261150225344,0.39062930031747767,0.9610917879481825,0.5855349044278454,11.442936747126646,0.5399051029779837,0.5619082801459818,0.5839745693473147,0.8579230818263022,0.542245789418191,10.229475880029163,0.4080143805720609,1.5821664244674372,0.9363512922730963,24.59572869019132,0.9754279446102684,0.9311425739020709,0.9282152072415636
0.965,0.9974195900177419,1.456810001336623,0.34667954937401435,0.3606849189714323,6.214432256590554,0.3905883239598945,0.9611700715478839,0.5843053853932614,11.43254570889368,0.5389685247503319,0.5607815616462319,0.58288458354496,0.8584374535642176,0.5424677082734222,10.231421710180156,0.40807331257724205,1.5824673809552106,0.9355875575404502,24.57531360574247,0.9753860353145838,0.9306878077329755,0.9275865791783935
0.9675,0.9974078365004694,1.458371706764417,0.3459468960788285,0.3598924254156548,6.214954461035384,0.39054758812094836,0.9612508395509574,0.583203948990485,11.424511647831308,0.5380422714824642,0.5596668032593557,0.5818092958033543,0.8589312276901915,0.5426758707454378,10.233379954569932,0.4081324020530263,1.5827702575210036,0.9347733390616657,24.55391521103849,0.9753290926934167,0.9302167029456684,0.9269418775996502
0.97,0.9973960409934759,1.4599374526713824,0.3452252196638032,0.3591105554853913,6.215492726447432,0.39050711029009366,0.9613340916620511,0.582213200544899,11.41850157991669,0.5371263830905895,0.558564036787837,0.5807486841064157,0.8594043831949647,0.5428702694016924,10.235350637701899,0.4081916780250516,1.5830750579546944,0.9339085776070485,24.53153090807433,0.9752571149999142,0.9297292344812383,0.9262810246270546
0.9725,0.9973842032635405,1.4615073267259078,0.34451450993246796,0.3583393022035037,6.2160470471417115,0.3904669074549671,0.961419827001883,0.5813921509433212,11.415681054775758,0.5362208982334996,0.5574732921624355,0.5797027233607709,0.8598569006370572,0.5430508982416632,10.237333777712216,0.408251169525747,1.5833817850613556,0.9329932251144424,24.508158272218076,0.9751701021322032,0.9292253784229094,0.9256039427486061
0.975,0.997372323074333,1.4630814169908062,0.3438147558081571,0.3575786577332267,6.2166174135961825,0.39042699608853054,0.9615080440977039,0.5805773719547805,11.412848230127773,0.5353258542796202,0.5563945974263853,0.5786713855165082,0.860288762240678,0.5432177527639809,10.239329386261161,0.4083109055585704,1.583690440644452,0.9320272459666891,24.483795083967472,0.9750680556843402,0.928705112112227,0.9249105552296534
0.9775,0.9973604001863149,1.464659812078164,0.3431259453161884,0.35682861336133764,6.2172038123936435,0.3903873921323553,0.9615987408743102,0.579768931506326,11.410004045712713,0.5344412872714139,0.5553279787116999,0.5776546396774678,0.8606999520010951,0.54337083003635,10.241337468456463,0.40837091506240614,1.5840010254939827,0.9310106183135068,24.45843936197122,0.9749509789951462,0.9281684142782305,0.9242007865610373
0.98,0.9973484343566253,1.4662426013145629,0.34244806556522156,0.3560891594802907,6.217806226168561,0.39034811097574573,0.96169191464582,0.5789668976789653,11.40714946415905,0.5335672318873277,0.5542734602077415,0.5766524522008405,0.8610904557974859,0.5435101287678357,10.24335802281659,0.40843122687591693,1.5843135393808032,0.9299433354329699,24.432089397227905,0.9748188771971014,0.927615265178115,0.9234745629392979
0.9825,0.9973364253389526,1.4678298749076422,0.3417811027281688,0.3553602855696101,6.218424633560566,0.39030916743052596,0.9617875621084807,0.5781713385065197,11.404285467428132,0.5327037214015755,0.553231064122543,0.5756647867862849,0.861460261512979,0.543635649382863,10.245391041282708,0.40849186970147094,1.5846279810584747,0.9288254071243707,24.404743788293267,0.974671757267767,0.9270456467468099,0.9227318127715253
0.985,0.9973243728833923,1.4694217241046215,0.34112504202310506,0.3546419801769127,6.219059009176451,0.3902705757014523,0.9618856793347907,0.5773823217631584,11.401413053024662,0.5318507876422001,0.5522008106377116,0.5746916045552024,0.8618093591611893,0.5437473940960245,10.247436509287859,0.4085528720681124,1.584944348273963,0.9276568611204205,24.376401477230576,0.9745096280838894,0.92645954275176,0.9219724671949104
0.9875,0.9973122767362955,1.4710182413334139,0.3404798676946965,0.35393423089899173,6.2197093235627054,0.3902323493523726,0.9619862617692524,0.5765999147423454,11.398533230022796,0.531008460947983,0.5511827178580396,0.5737328641211925,0.8621377410180429,0.5438453669864941,10.249494405891568,0.4086142622929291,1.5852626377884602,0.9264377445026158,24.347061785936244,0.9743325004767039,0.9258569389480472,0.9211964605985391
0.99,0.9973001366401028,1.472619520317153,0.33984556299670843,0.353237024363445,6.220375543190531,0.3901945012684144,0.9620893042260537,0.5758241840303975,11.395647014966036,0.530176770124892,0.5501768017572031,0.5727885216530394,0.8624454017571059,0.5439295740705465,10.251564703986924,0.40867606844011123,1.5855828454094103,0.9254757484094005,24.32480989225563,0.9741403872862696,0.9252378232279285,0.9204037311326871
0.9925,0.9972879523331779,1.474225656153288,0.3392221101761761,0.3525503462113509,6.221057630455351,0.3901570436146525,0.9621948008889922,0.5750551952781745,11.392755427705861,0.5293557424028149,0.5491830761211203,0.571858530931801,0.8627323385859995,0.5440000233703757,10.253647370585423,0.4087383182770103,1.5859049660345674,0.9250455829003192,24.316868339781035,0.9739333034122736,0.9246021857579625,0.9195942211889635
0.995,0.9972757235496277,1.475836745348838,0.338609490459808,0.35187418108150126,6.22175554369246,0.3901199877918701,0.9623027453138968,0.5742930129746497,11.389859487248177,0.5285454033933613,0.548201552490665,0.5709428434037325,0.8629985513808556,0.5440567249771401,10.255742367182593,0.40880103922659833,1.5862289937085452,0.9245638546787315,24.3079040314931,0.9737112658583834,0.9239500190962758,0.9187678778333634
0.9975,0.9972634500191335,1.4774528858040143,0.33800768404315507,0.35120851259667707,6.222469237210261,0.39008334439018505,0.9624131304337669,0.5735377002261589,11.386960207678408,0.5277457770494755,0.547232240105475,0.5700414082308143,0.863244042815182,0.5440996911059462,10.25784965020466,0.40886425831590284,1.5865549216919008,0.9240304649174872,24.29791288830044,0.973474293766951,0.923281318282232,0.9179246531737499
1.0,0.997251131466777,1.479074176737388,0.3374166700830107,0.3505533233524084,6.2231986613419705,0.39004712314145445,0.9625259485667702,0.5727893185450589,11.384058594234816,0.5269568856275891,0.546275145850573,0.5691541723406183,0.8634688184790215,0.5441289361403542,10.259969171533216,0.4089280021202387,1.5868827425422858,0.9234453344550934,24.28689121264711,0.9732224084407852,0.9225960808909087,0.917064504643709
1.0025,0.9972387676128834,1.4807007185472933,0.3368364266934093,0.3499085949085924,6.223943762516175,0.3900113328715,0.9626411914271555,0.5720479276512849,11.381155639595613,0.5261787496530456,0.5453302742074265,0.5682810804771091,0.8636728869839584,0.5441444766639724,10.262100879101475,0.4089922967033719,1.5872124482066656,0.9228084045835335,24.27483571019051,0.9729556333487206,0.9218943070453968,0.9161873951861649
1.0050000000000001,0.9972263581728769,1.4823326126065206,0.3362669309454767,0.349274307784258,6.224704483345885,0.3899759814532928,0.9627588501390266,0.5713135852899464,11.378252320439028,0.5254113878894283,0.5443976272109153,0.5674220752537845,0.8638562600494106,0.5441463314768203,10.264244717552314,0.40905716755409743,1.587544030123098,0.9221196376843888,24.26174350810365,0.9726739941118105,0.9211759993810342,0.9152932933226814
1.0075,0.9972139028571563,1.4839699609906842,0.33570815887124494,0.34865044145566504,6.2254807627350255,0.3899410757623106,0.9628789152528123,0.5705863470676081,11.375349594326414,0.5246548173122965,0.5434772044134797,0.5665770972102888,0.8640189525657734,0.5441345215944114,10.266400628944783,0.40912263952009176,1.5878774793300072,0.9213790176949485,24.247612169530715,0.9723775184673972,0.9204411629572773,0.9143821730979874
1.01,0.9972014013710017,1.4856128661451025,0.3351600854714013,0.34803697435781095,6.2262725360005255,0.3899066216353167,0.9630013767641504,0.5698662663093219,11.372448396947709,0.5239090530876809,0.5425690028574677,0.5657460848733321,0.8641609826303965,0.5441090702279223,10.268568553493017,0.40918873674026557,1.5882127865804687,0.9205865503906294,24.232439703828206,0.9720662362090472,0.9196898051149311,0.9134540138938313
1.0125,0.9971888534145105,1.4872614305004284,0.3346226847267785,0.34743388388929713,6.227079735007366,0.3898726238338068,0.9631262241347748,0.5691533939378041,11.369549639755952,0.5231741085555474,0.5416730170564281,0.5649289748224029,0.8642823715530773,0.544070002744398,10.270748430318914,0.40925548257719263,1.588549942458625,0.9197422634759788,24.216224572359117,0.9717401791013243,0.9189219352788532,0.9125088001116207
1.0150000000000001,0.9971762586825698,1.48891575605336,0.33409592961324375,0.346841146420384,6.22790228831327,0.3898390860133203,0.9632534463148942,0.5684477783754129,11.366654208003803,0.5224499952182681,0.5407892389857829,0.5641257017603961,0.8643831438287456,0.5440173466066489,10.272940198198395,0.4093228995514894,1.5888889374951067,0.9188462064834648,24.198965689768187,0.9713993807690818,0.9181375647088791,0.9115465207291977
1.0175,0.9971636168648705,1.49057594393492,0.33357979211948835,0.3462587373039355,6.228740121319076,0.3898060106997177,0.9633830317664503,0.5677494654688112,11.363762959180448,0.5217367227339413,0.5399176580829858,0.5633361985889057,0.8644633270762467,0.5439511312933238,10.275143796280144,0.4093910092802688,1.5892297622781997,0.9178984504868237,24.180662420843138,0.9710438765616719,0.9173367062044743,0.9105671687431918
1.02,0.9971509276459588,1.4922420939943783,0.333074243267083,0.345686630888837,6.229593156420305,0.3897733992733747,0.9635149684865605,0.5670584984353867,11.360876721832174,0.5210342989142512,0.5390582612569251,0.5625603964875314,0.8645229519435659,0.5438713882005287,10.277359164755941,0.40945983242197087,1.5895724075575215,0.9168990876434316,24.1613145732493,0.9706737033938311,0.9165193737713372,0.9095707405143681
1.0225,0.9971381907053265,1.4939143044309542,0.3325792531320411,0.3451248005353527,6.230461313155221,0.3897412519620462,0.9636492440304171,0.5663749178296957,11.357996294734884,0.5203427297264088,0.5382110329059602,0.5617982249961618,0.8645620519813876,0.543778150527276,10.279586245462843,0.409529388629985,1.5899168643371615,0.9158482305874877,24.14092238659957,0.9702888995666662,0.9156855822606657,0.9085572350388244
1.025,0.9971254057175367,1.495592671507262,0.3320947908670281,0.34457321863179335,6.231344508344416,0.38970956784289984,0.9637858455328777,0.5656987615274044,11.355122446372002,0.5196620192985829,0.5373759549436122,0.561049612098791,0.8645806634884655,0.5436714531479232,10.281824982399536,0.409599696517519,1.590263123955542,0.914746011702204,24.119486518476815,0.96988950457339,0.914835346993952,0.9075266531724608
1.0275,0.9971125723523737,1.4972772893772563,0.33162082472328513,0.3440318566117746,6.232242656217166,0.38967834485392855,0.9639247597280073,0.5650300647234384,11.352255914657363,0.5189921699280374,0.5365530068305464,0.5603144843070398,0.8645788253337804,0.5435513324755403,10.284075322142204,0.40967077363614396,1.5906111781497403,0.9135925823041725,24.097008028147652,0.9694755588949705,0.9139686833877481,0.906478996839483
1.03,0.9970996902750113,1.4989682500568058,0.33115732207128384,0.3435006849712838,6.2331556685199985,0.3896475798146189,0.9640659729658709,0.5643688599403709,11.349397406829876,0.5183331820910196,0.5357421656111108,0.5595927667411651,0.8645565787618006,0.5434178263207682,10.286337214149027,0.4097426364703479,1.5909610191025845,0.9123881117761787,24.073488358785855,0.969047103791484,0.9130856065937715,0.905414268257521
1.0325,0.997086759146185,1.5006656435569272,0.3307042494191201,0.34297967328472895,6.234083454603484,0.3896172684554072,0.9642094712259571,0.5637151770424684,11.346547599435935,0.5176850544532744,0.5349434059523446,0.558884383205986,0.8645139671882063,0.54327097375116,10.288610610946638,0.40981530045026876,1.5913126394714925,0.9111327866856822,24.04892931905184,0.9686041810958936,0.9121861311698842,0.9043324692120943
1.035,0.9970737786223569,1.502369558188473,0.33026157242767296,0.34246879021913085,6.235025921483847,0.3895874054550987,0.9643552401267074,0.5631982719451483,11.346310606718331,0.5170477838800315,0.5341567001830524,0.5581892562588411,0.8644510359941331,0.543110814956168,10.290895468196547,0.4098887799845432,1.5916660323987455,0.9098268099247403,24.02333306484709,0.9681468330181816,0.9112702707967855,0.903233600411475
1.0375,0.9970607483558586,1.5040800810335417,0.32982925592161555,0.34196800354563045,6.235982973876896,0.38955798448509305,0.9645032649307637,0.5627762526684271,11.347848752428588,0.5164213654443388,0.5333820183302801,0.5575073072664304,0.8643678323272588,0.5429373911228514,10.293191744644153,0.4099630885148992,1.5920211915036016,0.9084703999034196,23.99670208198073,0.9676751019679112,0.9103380380537572,0.9021176609495942
1.04,0.9970476679950019,1.5057972985642498,0.3294072638954526,0.3414772801475361,6.236954514202543,0.38952899825896176,0.9646535305456672,0.5623607883367158,11.349384046468455,0.5158057924325877,0.5326193281503576,0.5568384564472391,0.8642644049178632,0.5427507443270164,10.295499401957313,0.41003823859372496,1.5923781108573278,0.9070637898228836,23.96903917035254,0.9671890304020814,0.9093894442645223,0.900984647899617
1.0425,0.9970345371841459,1.5075212973752445,0.3289955595138907,0.34099658602421323,6.237940442559224,0.3895004385856905,0.9648060215199035,0.5619518973158516,11.350916827949655,0.5152010563460696,0.5318685951515991,0.5561826228961809,0.8641408039173514,0.5425509174438695,10.297818404465565,0.4101142419853641,1.5927367849428666,0.9056072270467773,23.940347430084113,0.9666886607038174,0.9084244994213093,0.8998345560544742
1.045,0.9970213555637134,1.5092521649839767,0.32859410510600345,0.34052588629023806,6.238940656668395,0.38947229642475095,0.9649607220343157,0.5615495949419209,11.352447396548827,0.5146071468975638,0.5311297826058136,0.5555397245882002,0.86399708076566,0.5423379540814179,10.300148718814148,0.4101911097913016,1.5930972086013242,0.9043888261188815,23.91824307154138,0.9661740350963837,0.9074432121918165,0.8986673778234063
1.0475,0.9970081227701568,1.5109899906437738,0.3282028621528419,0.3400651451693846,6.239955051790148,0.38944456194111604,0.9651176158890552,0.5611538934360639,11.353976010560448,0.5140240520022135,0.530402851545993,0.5549096783578322,0.8638332880925432,0.5421118985388337,10.302490313549379,0.41026885259872,1.593459376967841,0.9038398716603915,23.914143555541344,0.9656451955959918,0.9064455900100757,0.8974831032859133
1.05,0.9969948384358753,1.5127348661102609,0.3278217912683516,0.33961432598319474,6.240983520611779,0.3894172245583933,0.9652766864863448,0.560764801795501,11.355502884502197,0.513451757761927,0.5296877607479145,0.5542923998521964,0.863649479656074,0.5418727957908656,10.304843158653307,0.4103474806511196,1.5938232853996184,0.903234576526683,23.908859368392573,0.9651021840051345,0.9054316392485419,0.8962817203969656
1.0525,0.9969815021890851,1.5144868863023042,0.3274508521736862,0.339173391134086,6.242025953111768,0.3893902730084241,0.9654379168094424,0.5603823256576735,11.357028186213727,0.5128902484423628,0.5289844666939517,0.5536878034555585,0.8634457103198813,0.5416206914982469,10.307207225045737,0.410427004038819,1.5941889293988987,0.9025730694665592,23.902390985884043,0.9645450419444138,0.9044013654653245,0.8950632153304642
1.055,0.9969681136536649,1.5162461498045174,0.3270900036652505,0.3387423020831756,6.243082236402174,0.3893636953759742,0.9656012893982637,0.5600064671357691,11.358552033414417,0.5123395064427176,0.5282929235180961,0.5530958021844935,0.8632220360688326,0.5413556320429351,10.309582484071088,0.410507432906204,1.5945563045335973,0.9018554931625826,23.894739156896538,0.9639738109171484,0.9033547737175864,0.8938275729422208
1.0575,0.9969546724489775,1.5180127591688672,0.3267392035770488,0.33832101932323755,6.244152254552784,0.3893374791375026,0.9657667863221845,0.5596372246256027,11.360074489716878,0.5117995122590044,0.527613082932065,0.5525163075537701,0.8629785140611735,0.5410776645860609,10.311968906985804,0.41058877767159513,1.5949254063580238,0.9010820047307403,23.885904915401447,0.9633885324031082,0.9022918689299453,0.89257477732959
1.06,0.9969411781896986,1.519786820987068,0.3263984087381634,0.337909502347448,6.245235888400732,0.38931161119342206,0.9659343891505939,0.5592745925857754,11.361595560129114,0.5112702444414171,0.5269448941333635,0.551949229414332,0.8627152027136614,0.540786837145655,10.31436646445973,0.41067104925460507,1.5952962303357587,0.9002527761988742,23.875889591595012,0.9627892479811595,0.9012126563054196,0.8913048124625705
1.0625,0.9969276304856541,1.5215684457218182,0.3260675749264176,0.33750770961480914,6.246333015349374,0.389286077893717,0.9661040789217883,0.5589185612951489,11.363115186117962,0.5107516795469076,0.5262883036972344,0.551394475766151,0.8624321618150652,0.5404831986906652,10.316775126101954,0.41075425930488874,1.5956687717663192,0.8993679949282684,23.86469482132786,0.962175999478884,0.9001171417660394,0.8900176628607738
1.065,0.9969140289416999,1.5233577473020066,0.32574665681949605,0.3371155985133562,6.247443509160486,0.38926086505722535,0.9662758361108296,0.5585691165938335,11.364633240347365,0.510243792088555,0.525643255455529,0.5508519525501533,0.8621294526625923,0.5401667992474268,10.319194860018484,0.4108384204253226,1.5960430257167442,0.8984278639477462,23.852322553117695,0.961548829143199,0.8990053324107447,0.8887133142921103
1.0675000000000001,0.9969003731576391,1.5251548425033852,0.3254356079449838,0.33673312532244415,6.248567239743893,0.3892359579852944,0.9664496405970091,0.5582262396159342,11.366149521244632,0.509746554483558,0.525009690366596,0.550321563424859,0.861807138215374,0.5398376900146663,10.321625632406025,0.4109235463819313,1.5964189869587662,0.8974326021769627,23.83877505221845,0.9609077798227742,0.8978772369794443,0.887391754472042
1.07,0.9968866627282021,1.5269598501507609,0.32513438063093403,0.33636024517555607,6.249704072948816,0.3892113414708382,0.9666254716315748,0.5578899065240969,11.367663747582771,0.5092599370019097,0.5243875463812262,0.549803209534663,0.8614652832590592,0.5394959234832178,10.324067407183188,0.41100965229238695,1.5967966499117705,0.8963824445245929,23.824054901446377,0.9602528951546065,0.8967328663139669,0.8860529737464616
1.0725,0.9968728972430849,1.5287728901897686,0.32484292595868103,0.3359969120251785,6.250853870361348,0.38918699980405175,0.9668033078064073,0.5575600882572711,11.369175553294786,0.5087839077180195,0.5237767583104749,0.5492967892777891,0.8611039545757955,0.5391415535569248,10.326520145657947,0.41109675478469493,1.5971760085913622,0.8952776418570944,23.8081649987138,0.9595842197526097,0.8955722338088439,0.8846969657461681
1.075,0.9968590762870484,1.5305940826854698,0.32456119371966224,0.3356430786113276,6.252016489112632,0.3891629167761385,0.9669831270243527,0.5572367503039294,11.370684482753207,0.5083184324677221,0.5231772577017095,0.5488021980827299,0.8607232211143678,0.5387746356716002,10.328983806228383,0.4111848721178153,1.5975570565630808,0.8941184608436825,23.791108551471307,0.9589017993974075,0.8943953558471881,0.8833237280059921
1.0775000000000001,0.9968451994400734,1.5324235468113436,0.32428913237799367,0.335298696435284,6.253191781702455,0.38913907568240247,0.9671649064719365,0.5569198525131559,11.372189986753368,0.5078634748133112,0.5225889727294761,0.5483193282023836,0.8603231541559007,0.538395226909403,10.331458344112296,0.4112740242564958,1.5979397869005796,0.8929051836923226,23.77288906848883,0.9582056812246306,0.8932022522191437,0.8819332625463961
1.08,0.9968312662775596,1.5342613998958243,0.3240266890404592,0.33496371573999933,6.254379595843026,0.3891154593259318,0.9673486225952022,0.5566093489554554,11.37369141943041,0.5074189960180907,0.5220118281076827,0.5478480685350583,0.8599038274713035,0.5380033861064935,10.333943711100972,0.41136423289354535,1.5983241921475424,0.8916381077989834,23.753510349592865,0.9574959139085878,0.8919929465222329,0.8805255764193188
1.0825,0.9968172763705503,1.5361077565944277,0.3237738094354109,0.3346380854984673,6.255579774327791,0.3890920500228924,0.9675342510794211,0.5563051878438454,11.375188036317418,0.5069849550324097,0.5214457450291585,0.5473883044809876,0.8594653174674229,0.537599173952322,10.33643985533234,0.41145552141416486,1.5987102642825977,0.8903175453375619,23.732976474105463,0.9567725478391135,0.8907674665443174,0.8791006822228911
1.085,0.9968032292859695,1.5379627282535522,0.32353043790185015,0.33432175341112075,6.256792154929978,0.3890688296101748,0.9677217668334003,0.5560073115238254,11.376678993716238,0.5065613084935456,0.5208906411378903,0.5469399178420179,0.8590077033196604,0.5371826530793556,10.338946721079854,0.41154791479876035,1.5990979946866652,0.8889438228201875,23.711291788787396,0.9560356352904001,0.8895258446306479,0.8776585985910852
1.0875000000000001,0.9967891245868385,1.5398264225268465,0.32329651738966697,0.3340146659130226,6.258016570335395,0.3890457794558218,0.9679111439790891,0.5557156565382574,11.378163349505352,0.5061480107403379,0.5203464305381373,0.5465027867706974,0.8585310670895536,0.5367538881424347,10.341464248554804,0.4116414394628442,1.5994873741123812,0.8875172806568906,23.688460896066495,0.9552852305803834,0.8882681180366248,0.8761993506643563
1.09,0.9967749618324576,1.541698943296043,0.32307198947167837,0.3337167681912909,6.2592528481136505,0.38902288047234995,0.9681023558471271,0.5554301537702235,11.379640065453307,0.505745013843131,0.51981302384333,0.546076785773222,0.8580354938264934,0.5363129458872624,10.343992373721953,0.4117361230351094,1.5998783926555817,0.8860382727397932,23.66448864323144,0.9545213902185014,0.8869943292673726,0.8747229705458545
1.0925,0.9967607405785172,1.5435803909349204,0.3228567943677398,0.3334280042128387,6.260500810731494,0.3890001131327816,0.9682953749789085,0.5551507286637144,11.381108011045772,0.5053522676491086,0.5192903282661321,0.545661785768647,0.8575210716533362,0.535859895207765,10.346531028131073,0.41183199407743576,1.6002710397292483,0.8845071660702255,23.63938011309553,0.9537441730416613,0.8857045264041298,0.8732294977449702
1.095,0.9967464603771218,1.545470862937376,0.3226508709808298,0.33314831676215706,6.261760275611409,0.388977457488961,0.9684901731356438,0.5548773015187777,11.382565968772514,0.5049697198425869,0.5187782477494796,0.545257654204614,0.8569878918361612,0.535394807192208,10.349080138769894,0.4119290817533344,1.600665304040763,0.882924340437913,23.61314061639298,0.9529536403381011,0.8843987634158237,0.8717189796060195
1.0975,0.9967321207766985,1.5473704549088991,0.3224541569446507,0.33287764748853066,6.263031055237948,0.3889548931915518,0.9686867213148065,0.5546097878547235,11.38401264076234,0.5045973160194365,0.5182766831368044,0.5448642552276575,0.8564360488387941,0.5349177551580193,10.351639627947423,0.4120274154540025,1.6010611735738618,0.8812901881500453,23.58577568587481,0.9521498559579126,0.8830771004521221,0.8701914717150533
1.1,0.9967177213217715,1.5492792618961202,0.32226658868196356,0.3326159369617813,6.264312957313574,0.38893239951102165,0.9688849897742364,0.5543480988323349,11.385446656602593,0.5042349997739678,0.5177855323781647,0.5444814499041104,0.8558656403629781,0.5344288146752614,10.354209413219932,0.41212702439360754,1.6014586355771883,0.8796051137953553,23.55729107173973,0.9513328864083983,0.8817396041118526,0.8686470382723778
1.1025,0.9967032615525927,1.5511973800033683,0.32208810147260714,0.33236312473539015,6.265605784965088,0.3889099553589298,0.9690849480640685,0.5540921417239244,11.386866582138095,0.5038827127962991,0.5173046907676742,0.5441090964858222,0.8552767673751874,0.5339280635785939,10.35678940737533,0.41222793718747835,1.6018576765618748,0.8778695340150116,23.527692737684962,0.9505028009312414,0.8803863476780789,0.8670857524127988
1.105,0.9966887410046166,1.5531249082206455,0.32191862952993383,0.3321191494156777,6.26690933700083,0.3888875393089273,0.9692865650665118,0.5538418204186252,11.388270929014956,0.5035403949784247,0.5168340512065337,0.5437470507134361,0.8546695341210694,0.5334155819674254,10.359379518494542,0.4123301814284093,1.602258282311037,0.8760838772390774,23.496986856517605,0.9496596715615064,0.8790174113084699,0.8655076964502267
1.1075,0.996674159207822,1.5550619503665106,0.3217581060842527,0.3318839487356091,6.268223408218061,0.388865129617084,0.9694898090433924,0.5535970359495487,11.389658164718117,0.5032079845264886,0.5163735044851737,0.5433951661488897,0.8540440481283628,0.5328914521937627,10.361979650110673,0.41243378327715396,1.6026604379043914,0.8742485833355208,23.465179803952548,0.9488035731668566,0.877632882167147,0.8639129620186252
1.11,0.9966595156858923,1.5570086170343533,0.32160646347177263,0.33165745963175314,6.269547789758892,0.3888427042414277,0.9696946476912042,0.5533576870293893,11.391026722848238,0.5028854180768183,0.5159229395775299,0.5430532945281821,0.8534004201989122,0.5323557588370733,10.364589701487974,0.4125387670832782,1.603064127761402,0.8723641031093973,23.432278148968482,0.9479345834636642,0.8762328544821568,0.8623016500778722
1.1125,0.9966448099552647,1.5589650274229558,0.3214636332274959,0.33143961832293517,6.270882269511983,0.38882024086092437,0.9699010482032375,0.5532333202061308,11.394633404613899,0.5025726308133169,0.5154822439403226,0.5427212861252316,0.8527387643901106,0.5318085886653445,10.367209568042059,0.41264515505181454,1.6034693357062733,0.8704308975841638,23.398288638930712,0.9470527830065633,0.8748174295114604,0.860673870751554
1.115,0.9966300415240835,1.5609313109327934,0.3213295461804968,0.33123036038917913,6.272226632555942,0.3887977168945005,0.9701089773381603,0.5531302325847727,11.398551380673863,0.50226955658405,0.5150513038103635,0.5423989901178506,0.8520591979858191,0.5312500305814736,10.36983914192045,0.4127529669695671,1.6038760450577434,0.8684494369963772,23.363218177652048,0.9461582551471831,0.8733867154001962,0.8590297429646899
1.1175,0.9966152098910823,1.5629076084178988,0.32120413255001873,0.3310296208496159,6.273580661638731,0.388775109521081,0.9703184014941646,0.5530320051408708,11.402443124085991,0.5019761280146922,0.5146300044933518,0.5420862549473981,0.8513618414565688,0.5306801755542381,10.372478312757822,0.4128622200025204,1.6042842387458949,0.8664201994405457,23.327073794683432,0.9452510859570059,0.8719408269133417,0.8573693938534618
1.12,0.9966003145444393,1.5648940729981582,0.3210873220408213,0.3308373342381247,6.274944137685734,0.38875239570194686,0.9705292867875494,0.5529385237275811,11.406306760544037,0.5016922766160086,0.5142182306382838,0.5417829286644706,0.8506468184087055,0.5300991165333847,10.375126968612962,0.41297292857270024,1.604693899457071,0.8643436691136351,23.289862604431104,0.9443313641113205,0.8704798850310614,0.8556929579267116
1.1225,0.9965853549606469,1.5668908703568838,0.3209790439361983,0.3306534346755584,6.276316840327167,0.38872955220696853,0.9707415991342938,0.5528496744028405,11.41014043182179,0.5014179328844101,0.5138158664924247,0.5414888592539622,0.8499142555220767,0.5295069483488687,10.377784997084321,0.4130851043191947,1.6051050098064166,0.862220334129263,23.251591754204465,0.9433991807329238,0.8690040163992137,0.8540005759705154
1.125,0.9965703306034429,1.5688981784715006,0.3208792271870526,0.3304778559374734,6.277698548433682,0.3887065556464036,0.9709553043328963,0.5527653438472311,11.413942304291549,0.5011530263943895,0.5134227961327086,0.5412038949338727,0.8491642824759018,0.5289037675949357,10.380452286588662,0.41319875614409607,1.605517552535643,0.860050683899861,23.21226836100886,0.942454629194416,0.8675133526346817,0.8522923937023866
1.1275,0.9965552409228492,1.570916186749544,0.3207878004953719,0.33031053151632683,6.279089040647231,0.3886833825099462,0.9711703681464839,0.5526854197257719,11.41771057638321,0.5008974858814886,0.5130389036703391,0.5409278844232509,0.8483970318625245,0.5282896725005218,10.383128727772517,0.41331389034013954,1.6059315107313337,0.857835206120147,23.17189943779038,0.9414978048796285,0.866008029494153,0.8505685602000947
1.1300000000000001,0.9965400853543674,1.5729450945666323,0.3207046923903887,0.33015139467712845,6.280488095892661,0.3886600092145554,0.9713867563819374,0.5526097909907014,11.421443484909728,0.5006512393148109,0.5126640734262352,0.540660677175593,0.8476126390887732,0.5276647627882515,10.385814215010399,0.4134305107930861,1.606346868056669,0.8555743834252856,23.130491810872154,0.9405288049072881,0.8644881859251877,0.8488292261505621
1.1325,0.996524863318369,1.5749851092271552,0.3206298312956582,0.3300003785055305,6.281895493854621,0.3886364121622968,0.9716044349636548,0.5525383481236643,11.425139310211348,0.5004142139582946,0.5122981900756624,0.5404021235747414,0.8468112422645551,0.5270291395250393,10.38850864792777,0.41354861924867736,1.6067636089869808,0.853268689839339,23.088052031424162,0.9395477278223203,0.8629539630291019,0.8470745419853158
1.135,0.9965095742197266,1.5770364433921036,0.3205631455852574,0.3298574159473321,6.2833110154038465,0.3886125678090119,0.9718233699994827,0.552470983316761,11.428796380092006,0.5001863364200949,0.5119411387609544,0.5401520750908926,0.8459929820780315,0.5263829049678302,10.39121193287209,0.4136682156315171,1.6071817190372741,0.8509185871705142,23.044586284893747,0.9385546732624984,0.8614055029753542,0.8453046559885526
1.1375,0.9964942174477126,1.5790993120422188,0.3205045636273121,0.3297224398383605,6.2847344429573155,0.38858845274413845,0.9720435278364211,0.5524075905925708,11.432413072536162,0.4999675326895303,0.5115928051715811,0.5399103843946459,0.8451580016562372,0.5257261624082661,10.393923984243596,0.4137892984016235,1.6076011849680558,0.8485245215453148,23.000100303289198,0.9375497416104602,0.8598429479156866,0.8435197124799448
1.1400000000000001,0.996478792376195,1.5811739290689164,0.3204540138131319,0.32959538292370416,6.286165560757947,0.3885640437814808,0.9722648751038835,0.5523480658635976,11.435987817203724,0.4997577281610851,0.511253075591008,0.5396769054272025,0.8443064464093638,0.525059016019971,10.396644725590056,0.4139118649336674,1.6080219949546586,0.846086920300069,22.954599285950778,0.9365330336424482,0.8582664389521945,0.8417198501848506
1.1425,0.996463298364142,1.5832605036105274,0.3204114245703733,0.3294761778653131,6.287604155061558,0.3885393180602293,0.9724873787426132,0.5522923069316771,11.439519095705826,0.49955684764500546,0.5109218369098618,0.5394514934248924,0.8434384638562442,0.5243815707117373,10.399374090368504,0.4140359119039686,1.608444138705055,0.8436061894619752,22.90808783487039,0.9355046501855192,0.856676115215954,0.8399052009079472
1.145,0.9964477347564427,1.5853592362768734,0.320376724358893,0.3293647572370844,6.289050014221673,0.3885142531550954,0.9727110060178003,0.5522402134278148,11.443005440666786,0.4993648153640446,0.5105989766049478,0.5392340048962673,0.8425542034280192,0.5236939319892104,10.402112022282193,0.4141614356709309,1.6088676075119734,0.841559058836466,22.8735169833465,0.9344646917947533,0.8550721131113337,0.8380758886215494
1.1475,0.9964321008850318,1.5874703154298586,0.32034984164829367,0.3292610535067248,6.2905029286662,0.38848882719409095,0.9729357245154744,0.5521916866928754,11.446445433579939,0.49918155493603006,0.510284382683741,0.5390242975501756,0.8416538162467861,0.5229962058268407,10.404858475114048,0.4142884326354772,1.6092923942271393,0.839836888867225,22.84796085440365,0.9334132584610996,0.8534545657756001,0.8362320290668039
1.1500000000000001,0.9964163960702955,1.589593913709438,0.32033070487662396,0.3291649990039472,6.291962690763993,0.3884630189822501,0.9731615021218665,0.5521466295996336,11.449837701469985,0.49900698934205934,0.5099779435942312,0.5388222301736417,0.8407374548764365,0.5222884985510625,10.407613411997868,0.4144168995688539,1.6097184931485529,0.8380672664875874,22.821300535485218,0.9323504493591659,0.851823602794332,0.8343737299454476
1.1525,0.9964006196227205,1.5917301850099665,0.3203192423902579,0.32907652587492914,6.293429094583501,0.3884368081294554,0.973388306986079,0.5521049463170801,11.453180912383873,0.49884104088042763,0.5096795481004842,0.5386276624591042,0.8398052730440806,0.521570916735021,10.410376804095133,0.41454683389562175,1.6101458998158353,0.8362503541985787,22.793534337558796,0.9312763626427417,0.8501793502013331,0.8325010917534764
1.155,0.9963847708447297,1.5938792621178552,0.32031538236565654,0.32899556602343183,6.294901935549937,0.3884101751804524,0.9736161074670622,0.5520665420186869,11.456473769748769,0.4986836311068419,0.5093890851250976,0.5384404547816952,0.8388574253325605,0.5208435671048588,10.413148628676778,0.4146782339195573,1.6105746107135417,0.8343862951073059,22.764659991470303,0.9301910952944491,0.8485219307783268,0.8306142092782591
1.1575,0.9963688490326374,1.5960412552139025,0.3203190527144648,0.32892205103955235,6.296381010011385,0.3883831017450657,0.9738448720665035,0.5520313225376179,11.459715005659824,0.49853468076201185,0.5091064435608699,0.5382604679288133,0.837894066847523,0.5201065564576881,10.41592886664375,0.41481109897950874,1.6110046228876709,0.8324752169416649,22.734674751683276,0.9290947430347324,0.8468514646560755,0.8287131737499533
1.16,0.9963528534786436,1.5982162514193388,0.32033018097421656,0.3288559121177268,6.297866114727959,0.38835557062652254,0.9740745693498187,0.5519991939736323,11.462903373192846,0.4983941096884148,0.5088315120554232,0.5380875627861442,0.8369153528662513,0.5193599915919281,10.418717499555433,0.4149454295211692,1.6114359334860606,0.8305172373264279,22.703575533753888,0.9279874002942843,0.8451680702058776,0.8267980756091313
1.1625,0.9963367834727741,1.6004043155216456,0.3203486941877346,0.32879707996628704,6.299357046301098,0.388327565945591,0.9743051678578815,0.5519700622586055,11.46603763787597,0.4982618367388196,0.5085641787741506,0.5379215999865108,0.8359214384795899,0.5186039792516268,10.42151450626828,0.4150812270695842,1.611868539238494,0.8285124702547801,22.671359084211076,0.9268691602526231,0.8434718651997172,0.8248690078274284
1.165,0.9963206383046801,1.6026054919547315,0.3203745187750936,0.3287454847115399,6.300853600562636,0.3882990732579301,0.9745366360125327,0.5519438326899992,11.469116568497784,0.49813777967996226,0.5083043311485178,0.5377624395302031,0.8349124782424655,0.517838626087568,10.424319859316146,0.41521849408651773,1.612302435896853,0.8264610336441325,22.638022180304052,0.925740114944349,0.8417629682092324,0.822926069698142
1.1675,0.9963044172651946,1.604819808030997,0.32040758040267275,0.3287010557999246,6.302355571944919,0.38827007966164756,0.974768942019158,0.5519204094440435,11.47213892747324,0.4980218550955005,0.5080518556182719,0.5376099403876362,0.8338886258521824,0.5170640386391822,10.427133521186466,0.41535723369712363,1.6127376176591675,0.8243630578251677,22.603561855992446,0.9246003554353015,0.8400415002082723,0.8209693709994649
1.17,0.9962881196475722,1.6070472783358773,0.3204478038543058,0.3286637219022391,6.303862752854305,0.38824057389159045,0.9750020537697887,0.5518996950825775,11.475103461028846,0.49791397829291323,0.5078066373772836,0.5374639600970041,0.8328500338763477,0.5162803233422901,10.429955440661217,0.4154974492722451,1.6131740766036788,0.8222186947790041,22.567975649600147,0.9234499720717229,0.8383075863407606,0.8189990364239076
1.1725,0.9962717447483344,1.6092879101068944,0.3204951129097698,0.32863341082414316,6.305374933070632,0.38821054639646135,0.9752359387502194,0.5518815900691615,11.478008889500433,0.497814063219247,0.5075685601334059,0.5373243543708655,0.8317968535534795,0.5154875865682639,10.432785549397128,0.41563914385647205,1.613611802159911,0.8200579740727335,22.532081927082494,0.9222890548024171,0.8365613578141256,0.8170152101621355
1.175,0.9962552918676696,1.6115417093387858,0.3205494302357962,0.3286100494271048,6.306891899194808,0.3881799893945424,0.9754705639545674,0.5518659923110018,11.480853898056788,0.49772202239054647,0.5073375058927545,0.5371909767261407,0.8307292346886703,0.5146859347000609,10.435623758915707,0.4157823194379492,1.6140507806431261,0.8179052097317954,22.49654519578298,0.9211176935726044,0.8348029538776953,0.8150180605261298
1.1775,0.9962387603093638,1.6138086872937007,0.32061067729442355,0.3285935635636265,6.308413434165575,0.3881488969037495,0.9757058958105329,0.5518527967433041,11.483637128168171,0.4976377668394765,0.5071133547781597,0.53706367815175,0.8296473256638993,0.5138754742496205,10.438469958160379,0.4159269760636639,1.6144909948764923,0.8157052523393077,22.45984476427506,0.9199359787917927,0.8330325238441209,0.8130077844933951
1.18,0.9962221493802508,1.6160888670587572,0.32067877427286146,0.3285838780300056,6.3099393168648374,0.3881172647420361,0.9759419001183549,0.5518418949718855,11.4863571701301,0.49756120608489984,0.5068959848903017,0.5369423068271549,0.8285512735776276,0.5130563120192111,10.441324011756233,0.4160731108130169,1.6149324239219243,0.8134587241262992,22.42199067815121,0.9187440018757679,0.8312502291092013,0.8109846120493663
1.1825,0.9962054583892038,1.6183822897871971,0.320753640038165,0.32858091653909616,6.311469321828614,0.3880850904948967,0.9761785420061062,0.5518331749884152,11.489012556932353,0.49749224812593357,0.5066852722184041,0.5368267079035477,0.8274412245212839,0.5122285553064775,10.444185759078929,0.4162207166520867,1.6153750429360731,0.8111663166104889,22.382994826910917,0.9175418558552285,0.8294562451209092,0.8089488101984107
1.185,0.9961886866457123,1.6206890202840838,0.3208351921190333,0.32858460171466203,6.313003219078144,0.3880523734479163,0.9764157859035699,0.5518265209707817,11.491601759735198,0.4974307994620936,0.5064810906055927,0.5367167233576716,0.8263173239914898,0.5113923121492989,10.44705501420485,0.41636978120013635,1.615818823162617,0.8088287947448818,22.342871066088424,0.9163296360369634,0.8276507632418838,0.8069006865050634
1.1875,0.9961718334580948,1.623009151648668,0.32092334671606426,0.32859485510805136,6.314540774082589,0.38801911448395304,0.9766535955364715,0.551821813179202,11.494123185185268,0.49737676514042695,0.5062833117724861,0.5366121919265979,0.8251797174268768,0.5105476916023114,10.44993156677635,0.41652028544753417,1.6162637320660855,0.8064469997431467,22.30163530517834,0.9151074406975915,0.8258339924418071,0.8048405920177344
1.19,0.996154898131424,1.6253428087548794,0.32101801874095004,0.3286115972372158,6.316081747861687,0.38798531594652214,0.9768919339423553,0.5518189279571468,11.496575174778341,0.4973300488294983,0.5060918054015343,0.5365129491305544,0.8240285508477779,0.5096948040324153,10.452815183776343,0.4166722024694528,1.6167097336063325,0.804021850353696,22.259305555022944,0.9138753717835245,0.8240061607479477,0.8027689234193515
1.1925000000000001,0.9961378799652323,1.627690150428681,0.3211191218844791,0.3286347476476298,6.317625897233395,0.38795098147312707,0.9771307635088875,0.551817737845231,11.49895600645903,0.4972905529196287,0.5059064392843019,0.5364188273903224,0.8228639715667725,0.5088337614161813,10.455705612166776,0.41682549618182,1.6171567886466205,0.8015543423703169,22.215901928707197,0.9126335355846611,0.8221675163754777,0.8006861242464254
1.195,0.9961207782510836,1.6300513702562591,0.32122656871286814,0.3286642249944859,6.3191729752082315,0.38791611580444535,0.9773700460348475,0.5518181118159776,11.501263898639504,0.497258178648824,0.5057270795343182,0.5363296562458332,0.8216861289289251,0.5079646776182709,10.458602582308183,0.4169801201847939,1.6176048554825144,0.8001769016948471,22.202838778754888,0.9113820433448528,0.8203183284557477,0.7985926850231825
1.1975,0.996103592270081,1.632426696022844,0.3213402707918534,0.32869994714561795,6.320722731528608,0.38788072457719164,0.9776097428135448,0.5518199156376019,11.503497016816564,0.4972328262542131,0.5055535908691169,0.5362452626831583,0.8204951750335407,0.5070876686273,10.461505812043413,0.4171360167347225,1.618053890473502,0.7988840305694732,22.192284273165033,0.9101210117692715,0.8184588872825012,0.7964891421738864
1.2,0.9960863212903978,1.634816387835206,0.32146013883802593,0.328741831304851,6.322274913347818,0.3878448141099176,0.9778498147378374,0.5518230123752395,11.505653482961165,0.4972143951493772,0.5053858369662723,0.5361654715777036,0.8192912653852267,0.5062028527244864,10.464415011299634,0.41729311587878626,1.618503848754773,0.7975441994251294,22.180585848105462,0.9088505633878715,0.8165895040044981,0.7943760756064472
1.2025000000000001,0.9960689645648964,1.6372207350230499,0.3215860828969529,0.32878979415572346,6.323829266039569,0.3878083911917666,0.9780902224253387,0.5518272630376609,11.50773138783506,0.4972027841284085,0.5052236808990397,0.5360901062613811,0.81807455942169,0.505310350561292,10.467329887039199,0.4174513347782976,1.6189546850029561,0.7961581842761718,22.167757883954703,0.9075708267365804,0.8147105097091298,0.7922541049047152
1.205,0.9960515213289227,1.6396400519508227,0.321718012547492,0.32884375202561017,6.3253855341247505,0.38777146288414005,0.9783309263617596,0.5518325273757686,11.509728806343439,0.49719789159778777,0.5050669856570059,0.536018989220214,0.8168452208693932,0.5044102851252937,10.47025014837357,0.41761057723809525,1.6194063542270787,0.7947268048772496,22.153815953430872,0.9062819363237954,0.8128222538651196,0.7901238841242515
1.2075,0.996033990798346,1.6420746729085691,0.321855837131224,0.3289036210700074,6.326943462297681,0.3877340363443191,0.978571887059634,0.5518386648353457,11.511643815949013,0.49719961583682043,0.5049156147553693,0.5359519429255535,0.8156034178858605,0.503502781578637,10.4731755116448,0.4177707334517586,1.6198588125545035,0.7932509153092308,22.138776582704665,0.9049840323590616,0.8109251021222279,0.7879860952537703
1.21,0.9960163721679225,1.6445249462937412,0.32199946600498724,0.3289693174760225,6.32850279652943,0.38769611867835413,0.9788130652289685,0.5518455356602614,11.513474518045749,0.49720785528616124,0.5047694329327277,0.5358887907965177,0.8143493229586116,0.5025879669603028,10.476105705277607,0.4179316799663637,1.6203120179813884,0.7917313929026986,22.12265696685236,0.9036772602326867,0.8090194334995865,0.7858414404766855
1.2125000000000001,0.9959986646100514,1.6469912283466748,0.32214880881307856,0.32904075768289964,6.330063285221285,0.3876577168281665,0.9790544219556444,0.5518530021335596,11.515219062019877,0.4972225088619929,0.5046283069314788,0.5358293582833586,0.8130831125443845,0.5016659697514525,10.479040474211006,0.41809327986672334,1.6207659310581137,0.7901691258302822,22.105474648090688,0.9023617697483165,0.8071056370288566,0.783690633437978
1.215,0.9959808672739804,1.6494738767564825,0.3223037757738859,0.3291178586157919,6.33162468037736,0.38761883749501636,0.9792959188827833,0.5518609299330267,11.516875671519868,0.49724347629074445,0.5044921063474137,0.5357734740516272,0.8118049664472481,0.5007369193115155,10.481979583732624,0.4182553831775272,1.621220515482328,0.7885649997873759,22.087247167631936,0.9010377141240953,0.8051841079502267,0.7815343897838835
1.2175,0.9959629792854995,1.6519732445013808,0.3224642779737213,0.32920053792711645,6.33318673876239,0.3875794870985846,0.9795375183898194,0.5518691895657886,11.51844267223215,0.49727065845609325,0.5043607045264416,0.5357209712360557,0.8105150669489073,0.4998009452005644,10.48492282256049,0.4184178274821216,1.621675738575598,0.7869198842450547,22.067991703777476,0.8997052487904367,0.8032552435849386,0.779373417289261
1.22,0.9959449997471278,1.6544896743141624,0.32263022765869137,0.32928871423795575,6.334749223009189,0.3875396717681773,0.9797791837637875,0.5518776578344031,11.519918520236198,0.4973039577467788,0.5042339794775305,0.5356716887220806,0.8092135977175946,0.4988581764100693,10.48787000504571,0.4185804387580369,1.6221315716240925,0.7852346187921743,22.047724709842527,0.8983645300222783,0.8013194390247786,0.7772084059147736
1.2225,0.9959269277387739,1.6570234941552424,0.32280153851386556,0.3293823073703515,6.336311902640779,0.38749939736026473,0.9800208793574129,0.5518862192761792,11.521301829816279,0.49734327839097586,0.5041118147629429,0.5356254724031779,0.8079007425322746,0.4979087405286974,10.490820972403984,0.4187430324308145,1.6225879900690565,0.7835100000815886,22.02646156555931,0.8970157134505072,0.7993770827851545,0.7750400181402664
1.225,0.9959087623188017,1.6595750140215697,0.3229781259180387,0.3294812385602502,6.337874554974698,0.3874586694949074,0.9802625707289786,0.5518947675093676,11.522591399461138,0.49738852676081474,0.5039941003207385,0.535582176354881,0.8065766838657962,0.4969527628720889,10.49377559292285,0.41890541464818887,1.6230449735388663,0.7817467698575762,22.004216254717473,0.8956589525002951,0.7974285525636925,0.7728688799015835
1.2275,0.9958905025254097,1.66214452431594,0.32315990716223464,0.3295854306404848,6.339436965881774,0.387417493602745,0.9805042247596824,0.551903206415637,11.5237862347084,0.49743961162971573,0.5038807331712402,0.5355416638625969,0.8052416013739006,0.4959903656054867,10.496733761132843,0.41906738377539704,1.6235025057208343,0.7799456044713541,21.98100108004796,0.8942943968031801,0.795474211231875,0.7706955724178031
1.23,0.9958721473781954,1.664732295853667,0.3233468016208662,0.3296948081836534,6.340998930378134,0.3873758749741481,0.9807458097452021,0.5519114510886854,11.524885566502375,0.4974964443658703,0.5037716179593672,0.5355038082408493,0.8038956703369523,0.49502166688603605,10.499695395971928,0.41922873210877937,1.6239605740773062,0.7781071061958083,21.956826423910368,0.8929221906257709,0.7935144031654251,0.7685206251390843
1.2325,0.9958536958797738,1.6673385814075425,0.32353873086614005,0.3298092975960803,6.342560253037027,0.38733381880284745,0.9809872954593903,0.5519194284844259,11.525888863840942,0.4975589390469164,0.5036666672887871,0.5354684933867806,0.8025390600985801,0.49404678004805,10.502660438011159,0.4193892477987101,1.6244191694165615,0.7762317965390891,21.931700560451493,0.8915424713517699,0.7915494509930384,0.7663445099781976
1.235,0.9958351470173051,1.669963618510545,0.3237356187187682,0.3299288271561612,6.344120748215331,0.38729133021776035,0.9812286531893085,0.5519270777189409,11.526795839689775,0.4976270124841286,0.5035658018116956,0.5354356140205848,0.8011719325409835,0.4930658128502324,10.505628845842766,0.41954871696448154,1.6248782853341681,0.7743201116407908,21.905629521858394,0.8901553680469907,0.7895796528161173,0.7641676369183911
1.2375,0.9958164997638206,1.6726076330754986,0.3239373912311266,0.33005332699312656,6.345680240097653,0.3872484142986973,0.9814698557420469,0.5519453843280271,11.527836911024378,0.4977005841489274,0.5034689500493773,0.5354050755796477,0.799794440631424,0.49207886679944063,10.508600591757613,0.4197069259735965,1.6253379175444262,0.7723723997257721,21.878617018440035,0.8887610001309604,0.787605279927587,0.7619903510233802
1.24,0.9957977530792572,1.6752708432772696,0.32414397660243205,0.33018272900540274,6.347238562567954,0.38720507607398996,0.9817108774248701,0.5520260217132865,11.530092373881224,0.49777957599984435,0.5033760479328354,0.5353767937507422,0.7984067270691834,0.4910860365616385,10.511575656855301,0.4198636638468273,1.62579806312406,0.7703889204997251,21.850664409819665,0.88735947617428,0.7856265750382588,0.7598129308179382
1.2425,0.9957789059111631,1.677953463095737,0.324355305029024,0.3303169667210501,6.348795558924,0.3871613205006584,0.9819516940010511,0.552105293120498,11.532232866751976,0.49786391221390713,0.503287038068808,0.5353506936446235,0.7970089230576767,0.49008740946764084,10.514554025736595,0.4200187247393261,1.6262587196913103,0.768369846305471,21.82177072272997,0.8859508928380412,0.783643751006161,0.7576355879641007
1.245,0.9957599571950848,1.680655704947224,0.32457130849615046,0.33045597510595437,6.350351081453298,0.3871171524303096,0.9821922826242827,0.5521831749852083,11.534258816580172,0.49795351883224603,0.5032018687532775,0.5353267086384315,0.7956011472228539,0.4890830651193149,10.517535680924478,0.4201719104380713,1.6267198845430517,0.7663152648242697,21.791932709910622,0.8845353339702984,0.7816569900583252,0.7554584681307482
1.2475,0.9957409058546977,1.6833777809380361,0.32479192052053485,0.3305996903282947,6.351904990890457,0.3870725765663377,0.9824326217547494,0.5522596511470244,11.536170804979495,0.4980483233346017,0.5031204927708519,0.5353047789319452,0.7941835046967128,0.48807307510110254,10.520520597148806,0.42032303280799127,1.6271815537708174,0.7642251831028491,21.76114494444581,0.8831128698752345,0.7796664434951608,0.7532816529434261
1.25,0.9957217508017833,1.6861199024455482,0.3250170758552075,0.33074804949008024,6.353457155775197,0.3870275974199294,0.9826726910598315,0.5523347110798489,11.537969534589475,0.49814825416248143,0.5030428660328479,0.5352848498822805,0.7927560863837781,0.48705750280199717,10.523508735612841,0.4204719161141337,1.6276437213740165,0.762099532711011,21.72939994446972,0.8816835567732282,0.7776722318733236,0.7511051629048291
1.2525,0.995702490936187,1.6888822779502688,0.3252467101694855,0.3309009903380623,6.355007451727949,0.3869822192736598,0.9829124713020647,0.5524083479634101,11.539655792305238,0.49825324021383494,0.5029689461182093,0.5352668701964746,0.7913189684287643,0.48603640335423826,10.52650003834201,0.4206183991460108,1.6281063783858727,0.7599381758795313,21.696688324335057,0.880247436471688,0.7756744456718454,0.7489289611907926
1.2550000000000001,0.9956831251458966,1.6916651092803972,0.32548075971745655,0.33105845096696035,6.3565557606566685,0.3869364461618971,0.9831519442164597,0.5524805566897599,11.541230411140354,0.49836321033349307,0.5028986907884325,0.5352507900710466,0.7898722119052873,0.48500982369677126,10.529494422699836,0.42076233707332095,1.6285695120252168,0.7577409125240845,21.662998969829204,0.8788045362695064,0.7736731464558225,0.7467529582471931
1.2575,0.9956636523073784,1.6944685866588218,0.32571916100784776,0.33122036952762096,6.358101969904747,0.38689028187667723,0.9833910923787117,0.5525513319026,11.542694232568886,0.4984780928233719,0.5028320565495221,0.5352365593708939,0.7884158627482927,0.48397780277367575,10.532491776147571,0.4209036029699915,1.629033104885974,0.7555074881171003,21.628319236542456,0.8773548691259739,0.7716683685597349,0.7445770171345838
1.26,0.9956440712862736,1.6972928831310465,0.3259618504867701,0.3313866839514736,6.359645971346438,0.38684373000612116,0.9836298990652931,0.5526206661640494,11.5440480711413,0.498597814994228,0.5027689973302195,0.5352241259360655,0.7869499519564946,0.4829403718799639,10.535491951325614,0.4210420889559829,1.6294971341764177,0.7532376024151304,21.59263517174924,0.8758984341249897,0.7696601213162676,0.7424009595845951
1.2625,0.9956243809385099,1.7001381490742833,0.326208764242646,0.3315573317005433,6.361187660433494,0.3867967940099118,0.983868348105998,0.5526885483326326,11.545292682974274,0.4987223027769018,0.5027094633363385,0.5352134340939978,0.7854744960949837,0.4818975551689721,10.53849476154737,0.421177706923269,1.6299615710222177,0.7509309190754566,21.555931760906986,0.874435217261567,0.7676483918545088,0.7402245727408887
1.2650000000000001,0.9956045801118337,1.7030045075232683,0.3264598377398435,0.33173224954950226,6.362726935195458,0.3867494773330217,0.9841064237293214,0.5527549622184528,11.546428739388467,0.4988514804057788,0.5026534001266101,0.5352044234373613,0.7839894981312199,0.48084937033645714,10.541499976819013,0.4213103888331616,1.6304263798508278,0.7485870761963851,21.518193199940406,0.8729651925751305,0.7656331484822854,0.7380476165547398
1.2675,0.9955846676476997,1.7058920509890347,0.3267150055844212,0.33191137340303256,6.3642636951965175,0.386701783555105,0.9843441104011174,0.5528198855581801,11.547456806536692,0.498985270180826,0.5026007479371882,0.535197027905197,0.782494948638462,0.47979582949576693,10.544507320527332,0.4214400865954412,1.6308915178792018,0.746205697788753,21.47940319379598,0.8714883236523311,0.7636143446504885,0.7358698317898297
1.27,0.9955646423834065,1.7088008402986357,0.3269742013222416,0.33209463814845486,6.365797840454102,0.38665371656915626,0.9845813926573416,0.5528832893257992,11.548377331368775,0.4991235923078127,0.502551441261586,0.5351911751796014,0.7809908273974878,0.4787369402553089,10.54751646696598,0.42156677156383227,1.6313569347311863,0.7437864061336069,21.439545280371554,0.8700045655138798,0.7615919234724423,0.7336909485628549
1.2725,0.9955445031543134,1.7117309057665357,0.3272373572668932,0.33228197754048394,6.367329270328812,0.3866052807796309,0.9848182549323603,0.5529451373676694,11.549190633767736,0.4992663648099028,0.5025054086723449,0.535186786384411,0.7794771054183591,0.47767270700323344,10.550527039889202,0.4216904337049674,1.631822572213829,0.741328834908424,21.398603177000787,0.8685138668873128,0.7595658227394526,0.7315106953081698
1.2750000000000001,0.9955242487959581,1.7146822507529629,0.3275044043526907,0.3324733241124668,6.368857882401169,0.38655648130766346,0.9850546813852191,0.55300538632526,11.54989690421909,0.4994135034983785,0.5024625728523546,0.535183776048874,0.7779537473874738,0.4766031323942509,10.553538612282878,0.42181108051657745,1.6322883642819672,0.7388326428800176,21.356561144429495,0.8670161728472809,0.7575359803361528,0.7293288080091671
1.2775,0.9955038781458764,1.7176548574065535,0.32777527200679185,0.3326686091068445,6.370383571357725,0.3865073241896115,0.9852906557273607,0.55306398578863,11.550496205990804,0.4995649219864684,0.5024228507894417,0.53518205228074,0.7764207145205002,0.4755282190197427,10.556550707517141,0.4219287357827262,1.632754237216499,0.7362975278764309,21.313404360930615,0.8655114277771355,0.7555023399186975,0.727145039491024
1.28,0.9954833900449456,1.7206486941612813,0.3280498880343637,0.33286776241709237,6.371906227916583,0.3864578165550988,0.9855261610564385,0.5531208786104551,11.550988480545914,0.49972053172851316,0.502386154079179,0.5351815170815409,0.7748779677697021,0.474447971225361,10.559562801989431,0.42204343825742796,1.633220110033178,0.7337232406726557,21.269119297136115,0.8639995785759215,0.7534648566786836,0.7249591685238811
1.2825,0.9954627833381042,1.7236637243850863,0.3283281785117997,0.33307071253412457,6.373425737829188,0.3864079667720074,0.9857611797019259,0.5531760013055363,11.551373554806846,0.4998802420673138,0.5023523892787553,0.5351820667332999,0.7733254712969091,0.47336239702152066,10.562574329281796,0.4221552403618098,1.6336858951256137,0.731109598364946,21.223694080551475,0.8624805780057466,0.7514235029802254,0.7227710084479668
1.285,0.9954420568743454,1.7266999154720355,0.3286100676851387,0.33327738649206123,6.374941981000433,0.38635778454830816,0.9859956930890247,0.5532292844644734,11.551651148945112,0.5000439602751764,0.5023214582592274,0.5351835921906398,0.7717631960849968,0.47227151001366335,10.565584685748787,0.4222642069642636,1.6341514991295343,0.7284564967726095,21.17711883773425,0.8609543880481624,0.749378273631637,0.7205804150079159
1.2875,0.9954212095059434,1.7297572476323164,0.3288954778737826,0.33348770981110754,6.3764548307716575,0.3863072809838863,0.9862296816277697,0.5532806531217308,11.55182088356625,0.500211591578618,0.5022932585137941,0.5351859794243736,0.7701911235264451,0.47117533126358674,10.568593237334136,0.4223704142893988,1.6346168239771064,0.7257639213987448,21.129386001859707,0.859420983117471,0.7473291905413819,0.7183872930773164
1.29,0.9954002400869403,1.732835721658965,0.3291843293829405,0.33370160643871655,6.377964153410062,0.3862564685692033,0.9864631246340564,0.5533300270358763,11.551882285465604,0.5003830391629494,0.5022676833943487,0.535189109680304,0.7686092488032167,0.4700738909832938,10.571599327302481,0.4224739489730876,1.6350817680927798,0.7230319565039619,21.080490573891467,0.8578803529660465,0.7452763065142395,0.7161916019699562
1.2925,0.9953791474709808,1.735935365029141,0.32947654043142105,0.3339189986936928,6.379469807842965,0.38620536113129994,0.9866960002885404,0.5533773208607283,11.55183479149926,0.5005582041588369,0.5022446222653739,0.5351928596375851,0.7670175838631186,0.4689672299611916,10.57460228448348,0.4225749072515438,1.635546227668384,0.7202607918989887,21.030430326792445,0.8563325051156906,0.7432197079703247,0.7139933590735306
1.295,0.9953579305086558,1.7390562358250392,0.32977202710389864,0.33413980722089537,6.380971645666011,0.3861539737308755,0.9869282856379059,0.5534224442076578,11.551677750495438,0.5007369856187016,0.5022239605809682,0.5351971014717448,0.7654161598077732,0.4678554006286801,10.577601431575623,0.4226733942466416,1.6360100979474557,0.7177903966064066,20.989138327458836,0.8547774666683152,0.74115951641692,0.7117926416048246
1.2975,0.9953365880445604,1.7421984241316733,0.3300707033381125,0.3343639509662028,6.382469511441491,0.38610232251670273,0.9871599566410069,0.5534653016184772,11.551410423475104,0.5009192804951726,0.50220557990515,0.5352017028455565,0.7638050285376013,0.4667384676935417,10.580596093056245,0.422769523291628,1.636473274448662,0.715704498724056,20.959102229504207,0.8532152853891319,0.7390958885686559,0.7095895863706173
1.3,0.9953151189143145,1.7453620507822512,0.33037248095727345,0.33459134718202177,6.3839632432870275,0.3860504245452513,0.987390988259917,0.5535057924829229,11.551031982715921,0.5011049836361859,0.5021893579058617,0.5352065268641812,0.7621842635481764,0.4656165082939876,10.583585602295287,0.42286341523390397,1.6369356540660658,0.7135725995466556,20.927743237389382,0.8516460300022606,0.7370290150908474,0.7073843875214229
