tau,total_energy_fraction,total_critical_fraction,C0_fraction,E0_fraction,N0,minority0,scale0,Rinf0,concentration0,Q3_0,Q8_0,Q16_0,C1_fraction,E1_fraction,N1,minority1,scale1,Rinf1,concentration1,Q3_1,Q8_1,Q16_1,C2_fraction,E2_fraction,N2,minority2,scale2,Rinf2,concentration2,Q3_2,Q8_2,Q16_2
0.0,1.0,1.0,1.0,1.0,6.809232555951264,0.4027224442593372,1.0,1.0,14.931647945039199,1.0,1.0,1.0,0.0,0.0,0.0,0.0,0.0,0.0,0.0,0.0,0.0,0.0,0.0,0.0,0.0,0.0,0.0,0.0,0.0,0.0,0.0,0.0
0.0025,0.9998287914334952,0.9997740249015338,0.9997406002412794,0.9998056596235455,6.808789465377079,0.4027195089675177,0.9999349279716114,1.000353745441271,14.937409512521509,1.0003036115012218,1.0009333912676217,1.0009908382377894,3.3302477148282e-05,2.2863193039374644e-05,9.918313299519221,0.4376879724053929,1.4565978203888224,0.0061264065843264215,27.866650552582705,0.006238897119938342,0.006132620492148483,0.006137351631420023,1.8393802779975024e-10,7.386725067056446e-11,16.95577939887548,0.4724055850041877,2.4901160680811443,8.075415707950322e-06,34.93544287714938,1.0584957229852687e-05,8.176399029518272e-06,7.90098297811706e-06
0.005,0.9996576250470088,0.9995680319146125,0.9994342535481407,0.9995650277807514,6.808341696289888,0.4027161768262912,0.9998691688594779,1.000649913094439,14.942647596173765,1.0005784024116533,1.001831152055704,1.0019459619651736,0.00013328810162775172,9.152338560936596e-05,9.916478448451874,0.4374021029957997,1.4563283552101447,0.0122565930675157,27.85933694040934,0.012483806219644795,0.012269142691354233,0.012275308886098037,2.91113141002211e-09,1.16946061979315e-09,16.95018236294353,0.4699285688036603,2.489294090584273,3.191442959627579e-05,34.687918130928246,4.202246813801379e-05,3.23859070373825e-05,3.127059283621746e-05
0.0075,0.9994864924198761,0.9993820456514013,0.9990808837668257,0.9992780062534133,6.807889333299728,0.4027125035260169,0.9998027350893806,1.000888547645611,14.947364244328995,1.000824269294369,1.0026931631837586,1.0028654582087149,0.00030005218372383615,0.00020606994496977587,9.91471656963988,0.4371164210903385,1.4560696066951664,0.01840313338703042,27.872397353993644,0.018733774377696362,0.018408509269056874,0.018413067878330098,1.4578124174390844e-08,5.858021573018645e-09,16.94528374394676,0.4674652063269055,2.4885746821991845,7.091944908013295e-05,34.43089326261327,9.384453119948196e-05,7.215850870012915e-05,6.96158430266694e-05
0.01,0.9993153851259334,0.9992160862660394,0.9986804354223515,0.998944517167388,6.807432461967233,0.4027085451030214,0.9997356392267058,1.001069712633968,14.951561594451636,1.001041119417179,1.003519319423402,1.003749425441207,0.000533660869399761,0.00036657021086134215,9.913028549743851,0.4368310426069784,1.455821705058358,0.024558246064626473,27.882691496072265,0.024987855501609528,0.024549680297947872,0.024549857429362738,4.557640089712255e-08,1.8318791675111778e-08,16.941090781299014,0.4650183730582762,2.487958906102056,0.00012499544296973777,34.308103576049774,0.00016559508460705808,0.00012703856868606387,0.00012245523471959317
0.0125,0.9991442947343707,0.9990701694247305,0.9982328737165818,0.9985645030080194,6.806971168769003,0.4027043579020567,0.9996678939713574,1.0011934903653767,14.955241871633731,1.0012288707582744,1.0043095293998534,1.0045979731443084,0.0008341513313955846,0.000573069565860051,9.91141519407785,0.4365460785842191,1.4555847685676826,0.030719249289480045,27.890234765666634,0.031245110846773675,0.030691633613573327,0.03068493801593428,1.1007185168341077e-07,4.425092013106536e-08,16.93761019559787,0.46259096140370676,2.4874477492760048,0.00019356569817789823,34.17660775640992,0.0002568314656956107,0.00019658689258607716,0.0001893215476026702
0.015,0.9989732128106072,0.9989443062801103,0.9977381845035015,0.9981379266130773,6.806505541062906,0.4026999985387392,0.9995995121526617,1.001259981812316,14.95840738710438,1.0013874520016661,1.005063715483235,1.00541122136642,0.001201531976685433,0.0008255915251516097,9.909877225496585,0.4362616350831128,1.4553589033811687,0.0368865991336462,27.897407850689746,0.037504609510259246,0.0368333651354936,0.03681760061536001,2.2579499962692915e-07,9.078857078697279e-08,16.934848176410586,0.4601858808939174,2.48704212071734,0.00027611984748650336,34.03085945324294,0.00036712580060458734,0.0002803827327556543,0.0002697648326923792
0.0175,0.9988021309171901,0.9988385034499045,0.9971963742418235,0.997664771143306,6.8060356670533775,0.4026955238620143,0.999530506724272,1.00126930650034,14.961060536754625,1.0015168025224992,1.0057818136699428,1.0061893002768667,0.001635782669289027,0.0011241378452050976,9.908415283493557,0.43597781311003364,1.455144203414467,0.04309458132558936,27.927152502485995,0.043765428898750756,0.0429738891486858,0.042947165460721,4.1384289267088245e-07,1.6641965756888546e-07,16.93281033616593,0.4578060493834057,2.4867428446641413,0.00037212929107575526,33.87116716428264,0.000496066317750664,0.0003780257188770976,0.00036335561850721186
0.02,0.9986310406147111,0.9987527629998891,0.9966074699250937,0.9971450400307242,6.8055616357566935,0.40269099091669386,0.9994608907590676,1.0012216023813523,14.963203799679778,1.0016168723623533,1.0064637734543778,1.0069323497174762,0.0021368549675050974,0.001468688650828605,9.907029923512294,0.43569470856017684,1.4549407502396958,0.04931245232830824,27.954052777221786,0.05002665517081206,0.04911223854594803,0.04907298072035101,6.984934350294723e-07,2.809085888192012e-07,16.931501660072442,0.455454382649869,2.4865506532412853,0.0004810381679549243,33.697841258416524,0.000643258573862286,0.0004891376899559055,0.00046968832741481857
0.0225,0.9984599334627451,0.9986870824311491,0.9959715189895043,0.9965787569048614,6.805083536966253,0.4026864569061132,0.9993906774440556,1.0011170256939523,14.964839736741165,1.0016876221946303,1.0071095576913163,1.0076405187526412,0.002704672374709688,0.0018592025800958244,9.905721616471734,0.4354124121816515,1.4547486130157414,0.05553749782223377,27.978127565736546,0.05628738365599617,0.05524746503213644,0.05519442111624313,1.1070328031303125e-06,4.4522335049244467e-07,16.930926455774088,0.4531337832694381,2.486466179066901,0.000602266296666411,33.511193198678285,0.0008083265815388657,0.0006133644016149827,0.0005883848770604653
0.025,0.9982888010208059,0.9986414546716214,0.995288589199673,0.9959659654971585,6.804601461217856,0.4026819791549507,0.9993198800752721,1.0010741011943731,14.967740526314303,1.0017290232801528,1.0077191424492233,1.0083139652189674,0.0033391306029406723,0.002295616946640724,9.904490748506069,0.43513100955992046,1.4545678484500506,0.061767022384003445,27.99939710929222,0.06254671925388339,0.0613786392911377,0.06131088649620889,1.6695964585706985e-06,6.714672061821303e-07,16.931088303837246,0.4508471289980972,2.48648994798092,0.0007352120168663118,33.3115348027226,0.0009909138255415025,0.0007503770801798092,0.0007190984114052687
0.0275,0.9981176348493145,0.9986158680719046,0.9945587685126888,0.9953067295238065,6.804115499755008,0.4026776150722557,0.9992485120526859,1.0010222139437828,14.970851304291344,1.0017410574131,1.0082925168548067,1.0089528552756133,0.004040097848570117,0.002777847918827286,9.903337620918458,0.43485058112223046,1.4543985007918327,0.06805091157375125,28.039539340050993,0.06880377680524463,0.06750485111655014,0.06742180037461183,2.4190241370057245e-06,9.728152389591772e-07,16.931990009690324,0.44859726077941803,2.4866223719869542,0.0008792549196777416,33.09917756731668,0.001190684167737011,0.0008998737934142691,0.0008615170668381336
0.03,0.9979464265105894,0.9986103064053,0.9937821649207647,0.9946011325473341,6.80362574449427,0.4026734221147282,0.9991765868751107,1.0009154027793157,14.973484880691005,1.0017237168574291,1.0088296829291163,1.0095573629564047,0.004807415079447343,0.0033057907153124164,9.902262450346997,0.4345712021615645,1.454240601856435,0.07435290207111933,28.080462324870727,0.07505768143260029,0.07362520950711592,0.07352660845626796,3.390729058348479e-06,1.3634559065006247e-06,16.933633557518977,0.44638697047731996,2.4868637424813747,0.0010337584570576106,32.87443207593529,0.001407322645347995,0.001061580607133185,0.0010153676324531824
0.0325,0.9977751675698431,0.9986247488720451,0.9929589062728796,0.9938492778173029,6.803132287990619,0.40266945775029156,0.9991041181351173,1.0007538359058445,14.975643429146691,1.0016770042739525,1.0093306554155097,1.0101276697248291,0.005640896332976797,0.0038793198165322372,9.901265369140653,0.4342929428795459,1.4540941710805506,0.08066190430511277,28.118422586120154,0.08130756885756307,0.07973884272801429,0.07962477715766153,4.622581471276554e-06,1.8585377274594093e-06,16.936020066582618,0.44421898843123303,2.487214223837978,0.0011984878107726836,32.648923403178706,0.0016405361602382738,0.0012352524975286995,0.0011804189136232304
0.035,0.9976038495961961,0.9986591701076861,0.9920891400758363,0.9930512880905032,6.802635223402901,0.40266577942199994,0.999031119513961,1.0005376988542454,14.977329198951395,1.0016009326382493,1.0097954615997915,1.0106639640329613,0.0065403290246751665,0.004498289191654667,9.900346425941848,0.43401586844762535,1.4539592156077783,0.08697512508900108,28.153431841661945,0.08755258569546209,0.0858448983391911,0.0857157921389788,6.154806514879048e-06,2.4741211639446793e-06,16.939149750401004,0.4420959709349094,2.4876738474141553,0.0013756870787295262,32.487056084073956,0.001890054046250433,0.001420673991103715,0.0013564845610936694
0.0375,0.997432464163697,0.9987135401955363,0.9911730332751945,0.9922073054310835,6.802134644459338,0.40266244451232036,0.9989576047765144,1.0002671942980392,14.97854451391362,1.001495525149617,1.0102241411228534,1.0111664408853847,0.0075054742668306295,0.005162532540554132,9.899505586471701,0.43374003908578357,1.453835730403941,0.09328979001837859,28.185503301549264,0.09379188972717817,0.09194254319196193,0.09179915685963036,8.029896253369445e-06,3.2271357128046855e-06,16.9430218792486,0.44002048774510033,2.4882425060428304,0.0015624348059246384,32.31422441697229,0.0021556285000495358,0.0016176595077326958,0.0015434250936012565
0.04,0.9972610028523566,0.9987878246831454,0.9902107720165813,0.9913174909910891,6.801630645423112,0.40265951030782776,0.9988835877662148,0.9999425418595455,14.979291771243817,1.0013608151312714,1.0106167457861437,1.0116353014091326,0.00853606719696295,0.005871863550377173,9.898742734513004,0.4334655101578995,1.453723698401446,0.09960314645590854,28.214651638656438,0.10002465014900065,0.09803096339518576,0.09787439116893593,1.029253561710162e-05,4.135342167568085e-06,16.94763474638218,0.43799500973096633,2.488919949072669,0.0017581580054502367,32.13074887931123,0.002437034860644692,0.001826053387592614,0.001741148832219856
0.0425,0.9970894572491851,0.9988819846027107,0.9892025613879136,0.9903820247719141,6.801123321058054,0.40265703396434877,0.9988090824000243,0.9995639779059089,14.979573440472556,1.0011968459220222,1.0109733393502864,1.012070752430639,0.009631817315855433,0.006626076166280207,9.898057673085377,0.4331923322828495,1.4536230906718677,0.10591246643911176,28.24089295710417,0.10625004780094531,0.10410936425235996,0.10394102994250642,1.2989541865566633e-05,5.217299963818524e-06,16.95298563841303,0.4360218967788108,2.489705778016956,0.0019622777709793022,31.936943472033374,0.0027340717745261926,0.002045729589424949,0.0019496114909161519
0.045,0.9969178189492413,0.998995976495339,0.9881486251431074,0.9894011053672107,6.800612766594465,0.4026550724725918,0.9987341026634102,0.9991317553353845,14.979392062401404,1.0010036707596628,1.0112939973271895,1.0124730060606604,0.010792408834997883,0.007424944875932622,9.89745012580623,0.43292055146033037,1.4535338666258162,0.1122150495049809,28.26424475859364,0.11246727537411895,0.11017697017103796,0.10999862177360614,1.6169817076459267e-05,6.492339473839087e-06,16.959070810216858,0.43410338606915894,2.49059944286888,0.002174210952392076,31.733114391825758,0.003046561266613546,0.0022765910555678694,0.0021688142383601574
0.0475,0.9967460795566802,0.9991297524390758,0.9870492054078682,0.9883749496878316,6.800099077695018,0.4026536826242944,0.9986586626053381,0.9986461433542605,14.978750248087364,1.0007813526563152,1.0115788067659743,1.0128422792880998,0.01201750103334294,0.00826822500738932,9.896919738430581,0.4326502092103368,1.4534559742390765,0.11850822542560885,28.284725906772,0.11867553759981028,0.11623302454601499,0.11604672772743879,1.9884313060058018e-05,7.980539071925948e-06,16.965885464752013,0.4322415808441295,2.4916002391376457,0.0023933716261183235,31.519558784690837,0.0033743486685707358,0.002518568748066668,0.0023988001616319634
0.05,0.9965742306858121,0.9992832600805972,0.9859045623682087,0.9873037926694115,6.7995823504208435,0.4026529209789205,0.9985827763332908,0.9981303438590831,14.9779945657378,1.0005299642659926,1.011827866033058,1.013178793583587,0.013306728623335953,0.009155653039946724,9.896466080562066,0.4323813427251626,1.4533893503038844,0.1247893568494569,28.302356589759228,0.12487405142386523,0.12227678961776701,0.12208492016490863,2.4186008000761002e-05,9.702706750160802e-06,16.97342373812856,0.4304384397822741,2.4927073056557307,0.002627496487181709,31.396028846587893,0.0037173024047315274,0.0027716203694458743,0.002639649213230479
0.0525,0.996402263962158,0.9994564426704629,0.9847149739423461,0.9861878869632213,6.79906268119777,0.402652843830938,0.9985064580083103,0.9990995106361223,14.999871343668557,1.00024958774464,1.0120412845867344,1.0134827745136628,0.014659702126230377,0.010086946927604708,9.896088647526957,0.43211398503275156,1.453333920704145,0.13105584184333915,28.317158280972805,0.13106204616087402,0.12830754630765806,0.12811278164098874,2.9129894038287943e-05,1.1680366025942557e-05,16.98167869023734,0.42869576709548174,2.4939196232026717,0.00287235464490736,31.29680676407411,0.0040753136285823265,0.0030357287908444096,0.0028914718875770362
0.055,0.9962301710235107,0.9996492391018177,0.9834807354366765,0.985027502610963,6.798540166782728,0.4026535071777031,0.9984297218400638,1.000018152987866,15.021349398717089,0.9999403146029351,1.0122191827465858,1.013754451366329,0.016076008256746196,0.01106180643476401,9.895786862402536,0.4318481651701857,1.4532896007133176,0.13730511633067066,28.329153698392204,0.1372387636213879,0.13432459403145722,0.13412990388141383,3.477297492034178e-05,1.3935745847467237e-05,16.99064230120854,0.4270152034580653,2.4952360139849725,0.0031244791587853103,31.18400527029088,0.004448295726522145,0.003310900218582333,0.003154402022749203
0.0575,0.9960579435209935,0.9998615839524274,0.9822021591865383,0.9838229267041895,6.79801490423035,0.40265496668797734,0.9983525820819397,1.0008863016982472,15.042428751960534,0.9996022455521492,1.0123616914580646,1.0139940567886871,0.01755521031716745,0.012079913483794013,9.89556007819058,0.4315839083660671,1.4532562953136134,0.14353465642201033,28.338366762410043,0.1434034582196116,0.1403272504927245,0.14013588684003303,4.117427278688894e-05,1.649177417183194e-05,17.00030547392336,0.4253982178717465,2.4966551420049683,0.003383295271930461,31.05793038502791,0.004836183755819745,0.0035971621372796344,0.003428589226975436
0.06,0.9958855731201185,1.000093407529925,0.9808795741825026,0.9825744630290617,6.7974869908598095,0.40265727767110165,0.9982750530261756,1.0017040012457048,15.063109461689434,0.9992354903433832,1.0124689520525887,1.0142018264373183,0.019096848601006956,0.01314093251410945,9.895407580126461,0.43132123623053437,1.4532338995351073,0.14974198063442112,28.344822552420467,0.14955539706655008,0.14631485145763234,0.14613033783783388,4.839484308404628e-05,1.9372074862705245e-05,17.010658042750453,0.4238461005619282,2.498175514343852,0.003648221339397511,30.91888322269876,0.005238933720189111,0.0038945610729085958,0.003714191464437232
0.0625,0.9957130515018449,1.0003446359201416,0.9795133256829484,0.981282431697178,6.79695652422186,0.40266049504684714,0.9981971489990198,1.0024713096002826,15.08339162202968,0.9988401676004918,1.012541116003483,1.0143779986420098,0.02070044080639076,0.014244510852396485,9.895328588113925,0.43106016695164373,1.4532222988133097,0.1559246519966687,28.34854726229798,0.1556938600483154,0.15228675051279364,0.15211287078340383,5.6497796553150694e-05,2.2600967530695665e-05,17.02168878862079,0.42235995699047874,2.49979548337556,0.003918669990035371,30.767159009424773,0.0056565217473128985,0.004203160222297016,0.00401136829289282
0.065,0.9955403703636307,1.0006151910383945,0.9781037748137007,0.9799471687632249,6.7964236020661435,0.4026646733159626,0.9981188843559285,1.0031882980162201,15.103275361638774,0.9984164046470156,1.01257834467811,1.0145228140833498,0.022365482459332404,0.015390279093628568,9.895322259275373,0.43080071549684346,1.4532213693636984,0.16208028003777977,28.349568154922057,0.16181813988776572,0.15824231880765935,0.15808310547345467,6.55483271981388e-05,2.6203469919763773e-05,17.033385460490805,0.4209407030583506,2.501513249918838,0.004194049122159639,30.603046301371826,0.006088943134062819,0.004523036996454624,0.00432027513586673
0.0675,0.9953675214204821,1.0009049906835956,0.9766512981555238,0.978569025830218,6.79588832230878,0.4026698665314359,0.9980402734768075,1.0038550508204298,15.1227608424775,0.9979643373274103,1.0125808090865218,1.0146365154846568,0.024091447347077466,0.016577851492510717,9.895387690607253,0.43054289381828476,1.4532309785716881,0.16820652265698058,28.347913515903446,0.16792754218984637,0.16418094478303408,0.16404066697100528,7.561374510199258e-05,3.020530242732383e-05,17.045734803175932,0.41958906155789966,2.5033268673248608,0.004510650207752104,30.6777043489346,0.006536211186984113,0.004854280523708158,0.004641058818603424
0.07,0.9951944964059977,1.0012139485950453,0.9751562873202724,0.9771483696431187,6.795350783000229,0.4026761282704816,0.9979613307612908,1.004471665197262,15.14184825865815,0.9974841098227706,1.0125486896269702,1.0147193473186473,0.025877787961701752,0.017806826364987205,9.895523921729998,0.430286711060724,1.4532509853964846,0.17448876370159871,28.37413112512004,0.17402138547475324,0.17010203388723763,0.1699851850579226,8.676351294072881e-05,3.4632894334089346e-05,17.058722591463827,0.4183055599199801,2.5052342464870754,0.004855666947899539,30.86459469285664,0.006998355980907857,0.005196989155229031,0.004973854430843794
0.0725,0.9950212870734045,1.0015419745117748,0.9736191485165232,0.9756855816716166,6.794811082293479,0.40268351160727023,0.9978820706240704,1.0050382509699218,15.160537835369738,0.9969758744614916,1.012482175828606,1.0147715555291554,0.027723935954143054,0.019076786499442343,9.895729937721802,0.4300321737708046,1.4532812407872515,0.18083638003983085,28.411267194446495,0.18009900120340985,0.17600500828140925,0.17591629375775789,9.906928503115064e-05,3.951339131221384e-05,17.072333670342477,0.41709052928502804,2.507233161749083,0.005210019012943957,31.02913153854804,0.007475423091202081,0.005551268010505236,0.005318783430320314
0.075,0.9948478851965901,1.0018889742342918,0.9720403021055087,0.9741810576828852,6.79426931841257,0.4026920690864049,0.9978025074902727,1.005554930378914,15.178829827880822,0.9964397915252909,1.012381466091698,1.0147933872681718,0.02962930259883579,0.020387299577216828,9.89600467202564,0.4297792861065374,1.4533215881100343,0.18716461149715263,28.445485542145008,0.1861597337984034,0.1818893065354133,0.18183363092419452,0.00011260494774616251,4.487466377680601e-05,17.08655200110192,0.41594410491072425,2.5093212576751087,0.005572984912478594,31.171038453545933,0.007967472086430625,0.005917226594142437,0.005675952789684563
0.0775,0.994674282571122,1.002254849688594,0.9704201821481895,0.9726352073051233,6.793725589621479,0.40270185269715686,0.997722655790889,1.0060218378578651,15.196724520619862,0.9958760290509142,1.012246767425696,1.0147850906483793,0.03159327926910086,0.021737918602053777,9.896347009418687,0.42952805004584393,1.4533718635838464,0.19347097028892485,28.476808882542826,0.19220294065549798,0.1877543833157664,0.187736837889949,0.00012744666013861364,5.074531564636048e-05,17.101360712993124,0.41486622791177297,2.511496056636595,0.005943802450523685,31.290076853217354,0.00847457505813648,0.006294976508626149,0.006045454925714879
0.08,0.9945004710152618,1.002639498992302,0.9687592359442978,0.971048453582699,6.7931799941933555,0.40271291384846225,0.9976425299582581,1.0064884402058065,15.214967797020735,0.995284762627836,1.0120782951854648,1.0147469145113115,0.03361523792342053,0.023128182338078333,9.896755789033651,0.4292784655930765,1.4534318967243811,0.19975301681939697,28.50526116568765,0.1982279921378214,0.1935997090669492,0.19362555917062554,0.00014367289363101756,5.71546930819099e-05,17.116742160053544,0.4138566483102101,2.5137549671575727,0.006321670839574971,31.386046509109597,0.008996815110340659,0.006684629280881915,0.00642736813158122
0.0825,0.9943264423709676,1.003042816522775,0.9670579235641963,0.9694212325237125,6.7926326303801945,0.4027253033446847,0.9975621444216116,1.0070326570098653,15.234738095505884,0.9946661751922888,1.0118762728060025,1.0146791082111695,0.03569453160269914,0.024557615755903553,9.89722980742141,0.4290305309824836,1.453501510793788,0.20600836152727933,28.530867526897772,0.2042342715602705,0.19942476968741749,0.19949944221782662,0.0001613644696536597,6.413289278260551e-05,17.132677982639258,0.41291492935782137,2.5160952929512312,0.0067057529581735316,31.458786206994688,0.009534284796276812,0.007086294314117837,0.006821757251663331
0.085,0.9941521885048861,1.0034646929870576,0.9653167173743871,0.967753992640806,6.7920835963829065,0.40273907136214443,0.9974815136026791,1.0075279835273045,15.25412246394578,0.9940204568179498,1.011640931535963,1.014581921414284,0.03783049493857723,0.026025730486442893,9.897767821644608,0.42878424287765265,1.4535805232549983,0.21223466660084894,28.55365423554329,0.2102211751707098,0.2052290662015646,0.2053581372157429,0.0001806045941470306,7.171076942677392e-05,17.14914917313906,0.41204045307606946,2.5185142425706575,0.007095177763952216,31.50817453706783,0.010087084513683772,0.0075000769709096145,0.007228674381565374
0.08750000000000001,0.9939777013093335,1.003905015493529,0.9635361015575057,0.9660471944860314,6.791532990321831,0.40275426742641096,0.9974006519113576,1.0079745580546777,15.273120843686376,0.9933478045036279,1.0113725101702882,1.014455603914135,0.04002244467282788,0.0275320252819962,9.898368552392188,0.4285395965660288,1.4536687462291211,0.21842964756224315,28.573648643228783,0.216188112116089,0.211012114428822,0.2112012969154891,0.00020147888788561662,7.991994186205687e-05,17.16613614528832,0.41123242694374795,2.5210089395882256,0.007514591723655683,31.641709397309356,0.010655320786670862,0.007926076789053637,0.007648159431296576
0.09,0.993802972703263,1.0043636676251007,0.9617165716276351,0.9643013101805986,6.790980910207711,0.4027709403903598,0.9973195737414489,1.0083725303318436,15.291733205844942,0.9926484219582821,1.011071254782261,1.0143004054617732,0.04226968018782186,0.029075986484162153,9.899030687104773,0.4282965861476796,1.4537659869544368,0.22459107472109419,28.590879131545595,0.22213450440012314,0.21677344465102327,0.21702857650160132,0.00022407541162820503,8.879279766576791e-05,17.183618806451747,0.4104898916487192,2.523576433211005,0.007951091279944816,31.795237549124113,0.011239104508602635,0.008364385828496369,0.008080240447104299
0.0925,0.993627994633222,1.0048405295138378,0.9598586339417605,0.9625168229403053,6.790427453913184,0.40278913841298364,0.9972382934664722,1.0087220613148498,15.309959550772142,0.991922519383712,1.0107374184552653,1.0141165756114288,0.044571484048001805,0.030657088498115576,9.899752883101462,0.4280552047175483,1.4538720482455962,0.23071677449812575,28.605375059558423,0.2280597868408938,0.22251260127908246,0.22283963348534808,0.00024848468515431256,9.83624957168329e-05,17.20157663220508,0.40981172980783215,2.5262137092337835,0.00842079774567096,32.027002672028615,0.011838549199626468,0.00881508714565092,0.0085249336402504
0.095,0.9934527590742931,1.0053354779168528,0.9579628052081776,0.9606942265974605,6.789872719144709,0.4028089089389542,0.9971568254355427,1.0090233229480614,15.327799907586137,0.9911703132552555,1.010371261014567,1.0139043635810467,0.04692712255225657,0.03227479427277284,9.90053377069869,0.4278154445405172,1.4539867289516542,0.23680463061978865,28.617166711186538,0.23396340702623472,0.2282291425199711,0.2286341276198282,0.00027479969930640927,0.00010866296644333608,17.219988742517646,0.40919667554870287,2.528917701227195,0.008901012952648911,32.2434194181408,0.012453769374819708,0.009278253390528114,0.008982243115170426
0.0975,0.993277258031023,1.0058483862933503,0.9560296119926627,0.9588340251200814,6.789316803415089,0.4028302986789247,0.9970751839693345,1.0092764979357893,15.345254333777449,0.9903920261008308,1.0099730487593825,1.0136640181273997,0.049335846297035316,0.033928555786354064,9.901371956312211,0.4275772972186817,1.4541098244116246,0.24285258518543779,28.62628524263499,0.23984482526844447,0.23392264004490668,0.2344117208322131,0.00030311592022252976,0.0001197289094344825,17.238833978821305,0.40864332483864735,2.5316853018560184,0.00938676146167043,32.429012953774624,0.013084878941333082,0.009753945522153544,0.009452160323350106
0.1,0.9931014835383359,1.0063791248826859,0.9540595902231906,0.9569367321291501,6.788759804016493,0.4028533535905616,0.9969933833561202,1.0094817795136841,15.362322914883082,0.9895878862786569,1.009543054195528,1.0133957874354167,0.05179689074998708,0.03561781453683524,9.902266025533672,0.42734075385031367,1.4542411269063058,0.24906588032112514,28.656606986516977,0.245703514561508,0.23959267865959402,0.24017207716892372,0.00033353128501289504,0.00013159578813241282,17.25809098124685,0.4081501464398281,2.534513374222076,0.009876924754278257,32.58390113916906,0.013731989483208357,0.010242211638476596,0.00993466329289496
0.10250000000000001,0.9929254276624325,1.0069275607833101,0.9520532846939792,0.9550028704146953,6.788201817994061,0.40287811886029584,0.9969114378478934,1.0096393712201364,15.379005764228172,0.9887581277539862,1.0090815557689212,1.0130999190212833,0.05430947683385699,0.037342002036769475,9.90321454617361,0.4271058051800756,1.454380426105172,0.2552629967277079,28.686319219431635,0.2515389605350488,0.2452388559772933,0.24591486275000668,0.00036614618820656397,0.00014429982134747085,17.27773826531693,0.4077154933656654,2.537398763127307,0.010370384957735644,32.70833573210313,0.014395208821666106,0.010743085918144194,0.010429715698101385
0.105,0.992749082501674,1.0074935580324798,0.9500112485696114,0.9530329714514454,6.787642942120056,0.40290463888577777,0.9968293616565733,1.0097494866679149,15.395303022733376,0.9879029898751895,1.0085888376002001,1.0127766596488468,0.05687281152031439,0.03910054031194154,9.904216071263171,0.42687244174012373,1.4545275095072048,0.26142193602246605,28.713116191819612,0.2573506613942465,0.2508607820954185,0.2516397457294674,0.0004010634583691681,0.00015787797136993466,17.297754297404197,0.4073376147117891,2.5403383061555114,0.01086603339216232,32.802697982511454,0.015074639517084173,0.011256587672859086,0.01093726583976471
0.1075,0.9925724401874477,1.0080769776866074,0.9479340428899886,0.9510275749147876,6.787083272868672,0.4029329572590234,0.9967471689503049,1.009812349316236,15.411214858785732,0.9870227171496077,1.0080651892207184,1.0124262552588004,0.059486088433332335,0.04089284240330721,9.9052691420072,0.4266406539818217,1.4546821628745814,0.2675405261807366,28.737023475804957,0.2631381278506262,0.2564580792763069,0.25734639625882816,0.00043838832436977367,0.00017236792848159097,17.31811756829459,0.4070146677352129,2.543328844475809,0.011395562023574005,32.962320399923115,0.01577037742115615,0.01178272051034487,0.011457245607034035
0.11,0.9923954928850199,1.0086776779021411,0.9458222360768189,0.9489872281977506,6.7865229063913795,0.4029631167502335,0.9966648738498384,1.009828192243489,15.426741468170963,0.9861175590193622,1.0075109053101752,1.012048950910104,0.062148488461682326,0.04271831287165566,9.906372290681883,0.42641043239785775,1.454844170658222,0.27361665493470866,28.75806778150696,0.26890088305383536,0.26203038163273645,0.2630344864516852,0.00047822837085319606,0.00018780809170158177,17.338806664237524,0.4067447300578964,2.5463672332770333,0.011975520363939774,33.225079016517824,0.016482510326665957,0.012321471609015805,0.011989569486868806
0.1125,0.9922182327943693,1.0092955140168585,0.9436764034423538,0.9469124859296963,6.7859619384929655,0.4029951592922722,0.9965824904250098,1.00991305399616,15.443653834920429,0.9851877696370086,1.0069262854361116,1.0116449907330427,0.06485918038005328,0.044576348304421545,9.907524043470554,0.4261817676346386,1.4550133164142536,0.2796482708842075,28.77627690974061,0.2746384625250513,0.2675773348187069,0.2687036903475362,0.000520693482553077,0.0002042375456324221,17.359800334915562,0.4065258118752588,2.549450351749715,0.01255996368959524,33.45606760342115,0.01721111658832556,0.012872811106167751,0.012534133678973429
0.115,0.992040652151005,1.0099303386314669,0.9414971267010374,0.9448039094974018,6.785400464608159,0.40302912596578305,0.9965000326913088,1.0100485969478137,15.461673132494688,0.9842336076417162,1.0063116337955238,1.0112146178933217,0.06761732147825024,0.0464663378240634,9.908722923231679,0.4259546505949012,1.455189383210515,0.2856333844852896,28.791679704584322,0.2803504140899269,0.2730985957259489,0.2743536838736307,0.0005658957771601624,0.00022169603330372587,17.38107755782548,0.4063558680563444,2.5525751125410503,0.013147655970635053,33.65546865518623,0.01795626379811782,0.013436691601790524,0.013090815363728041
0.11750000000000001,0.9918627432267672,1.0105820016914133,0.9392849934847299,0.9426620665691743,6.784838579778959,0.40306505698492917,0.9964175146065491,1.0101374646786316,15.479308570786465,0.9832553359364118,1.0056672589588072,1.0107580745665448,0.07042205819787632,0.048387663597414955,9.909967452193575,0.4257290725305535,1.4553721540223017,0.29157006891863385,28.804306005931835,0.2860362978111996,0.2785938321865689,0.2799841448040437,0.0006139495265390114,0.00024022392494275568,17.402617598628037,0.40623281002995965,2.555738470617832,0.01373737658562365,33.82359975697763,0.01871800761682647,0.014013047779926752,0.013659472159162925
0.12,0.9916844983306097,1.0112503505687984,0.9370405968621239,0.9404875306226292,6.784276378632569,0.40310299168373376,0.9963349500676278,1.0101799033759082,15.49656028666081,0.9822532214660205,1.0049934736162607,1.0102756019224337,0.07327252677585198,0.05033970134540886,9.911256154570848,0.4255050251258209,1.4555614121166147,0.2974564608399936,28.814186602139362,0.2916956859222004,0.2840627226821914,0.2855947527155968,0.0006649710661643837,0.0002598621826322201,17.424400067094368,0.40615451735997865,2.5589374314827085,0.014327928988696064,33.960907606787174,0.019496390588865403,0.014601796148887828,0.014239941791320829
0.1225,0.9915059098093649,1.011935230144309,0.9347645348629615,0.9382808804767286,6.78371395536007,0.40314296850300474,0.9962523529073932,1.0101761679840155,15.513428445240125,0.9812275349970426,1.0042905943273523,1.0097674401180996,0.07616785389407796,0.05232182085256561,9.912587559097975,0.42528250057083317,1.4557569414242404,0.3032907610152267,28.821353182872187,0.29732816276394364,0.2895049560599178,0.2911851889406257,0.0007190786927254167,0.00028065232084658096,17.446404968350123,0.40611884892286204,2.5621690586998644,0.014918149031870869,34.06796139032941,0.020291441183485616,0.015202834900641279,0.01483204199110979
0.125,0.9913269700484925,1.0126364828890764,0.9324574100076204,0.936042699828657,6.78315140369572,0.40318502497782305,0.9961697368916047,1.010126521978747,15.529913239986605,0.9801785508987058,1.0035589412729555,1.0092338282996973,0.07910715733450405,0.05433338647563607,9.91396020147588,0.4250614916258452,1.4559585268990536,0.30907123484265014,28.82583829224825,0.30293332472766116,0.29492023125537875,0.2967551365169375,0.0007763925499211106,0.00030263636288833565,17.468612749193873,0.40612365361098957,2.565430480697317,0.015506912859790748,34.14544555154604,0.021103173150618538,0.015816043888388413,0.015435570620478636
0.1275,0.9911476714728074,1.013353948946385,0.9301198288426211,0.9337735767960819,6.7825888168969755,0.4032291977255729,0.9960871157159992,1.0100312371435385,15.546014892833993,0.9791065469259372,1.0027988380107422,1.008675004611761,0.08208954663882463,0.05637375765078254,9.915372626727946,0.42484199167633435,1.4561659548640202,0.31504779522116294,28.850714115238933,0.30851078019673156,0.3003082570231207,0.3023042801355869,0.0008370345025442932,0.0003258567932751397,17.491004339340574,0.406166780496404,2.5687188968239085,0.016093144298889746,34.19415201059361,0.021931584892891556,0.016441284719856068,0.016050306021792755
0.13,0.9909680065471919,1.0140874662131447,0.9277524014825672,0.9314741034653208,6.782026287725197,0.40327552243449794,0.9960045030034568,1.0098905933476876,15.561733654365781,0.978011804004378,1.002010611233917,1.0080912062135334,0.0851141237719836,0.058442289398682734,9.91682339146213,0.42462399477926416,1.4563790133434102,0.32102801294675565,28.87762511382741,0.31406014947863997,0.30566875167453816,0.30783230608735446,0.0009011279990229258,0.0003503565061571038,17.513561187514178,0.4062460884007322,2.5720315826498448,0.016773566398983548,34.415521718639255,0.022776658812517347,0.017078400962236395,0.016676007576841866
0.1325,0.9907879677772885,1.0148368704210635,0.9253557411590143,0.9291448754459082,6.781463908427049,0.40332403385275833,0.9959219123012701,1.0097048783266522,15.577069804036817,0.9768946060176725,1.0011945905334678,1.0074826693015941,0.08817998378863684,0.060538332826940884,9.91831106603637,0.4244074957008456,1.4565974923808078,0.32699223414528356,28.90476945988602,0.31958106473193115,0.3110014428235321,0.3133389022090068,0.0009687979226571378,0.0003761787498710058,17.536265292382982,0.4063594548281682,2.5753658945098445,0.01745956502057849,34.61648539920515,0.023638360749435403,0.017727218453126036,0.01731241645604949
0.135,0.9906075477101743,1.01560199521745,0.922930463776723,0.926786491432026,6.780901770716613,0.4033747657779745,0.9958393570785169,1.009474387464512,15.592023650435346,0.9757552395972449,1.0003511081640946,1.0068496291381022,0.09128621550169043,0.06266123562919286,9.919834236624997,0.424192489946163,1.4568211843425833,0.3331072211736809,28.94666666528243,0.3250731698963869,0.31630606714004655,0.31882375783056727,0.001040170431857569,0.00040336706776439535,17.55909922839673,0.40650478422923453,2.5787192732975597,0.01814468867410142,34.78653002625201,0.024516639422841987,0.01838754571033399,0.017959256534156084
0.1375,0.9904267389350176,1.0163826722455829,0.9204771874777309,0.9243995527712375,6.780339965758192,0.40342775104723366,0.9957568507235341,1.0091994235786526,15.606595531582219,0.9745939939147703,0.9994804988139728,1.0061923200839713,0.09443190215200516,0.06481034258029637,9.921391507183998,0.42397897378106175,1.4570498842065114,0.3391741643704679,28.985631561200726,0.3305361206248681,0.32158237011162005,0.3242865637249426,0.0011153727897553292,0.0004319652354475475,17.582046166644343,0.4066800155734109,2.5820892475287316,0.018827714270553016,34.92626875796674,0.025411426002147873,0.01905917443212322,0.018616235445826444
0.14,0.9902455340837159,1.017178731224591,0.9179965322136425,0.9219846630409303,6.779778584149832,0.4034830215275438,0.9956744065414994,1.0088802967067285,15.620785815264284,0.9734111604775272,0.9985830993784944,1.0055109756363123,0.0976161220783359,0.06698499602700306,9.922981501313622,0.4237669442467238,1.4572833898353117,0.3451912325471781,29.02169309642299,0.3359695842143275,0.32683010581306,0.32972701206130794,0.0011945331836159952,0.0004620171946548436,17.605089890904715,0.4068831292184647,2.5854734356984004,0.019507473171415667,35.03642377370734,0.02632263386068751,0.01974188007838579,0.01928304575315443
0.14250000000000002,0.9900639258315133,1.017990000028794,0.9154891193265093,0.91954242763285,6.779217715907514,0.40354060810671427,0.9955920377521079,1.008517323895951,15.63459489939854,0.9722070329268158,0.9976592487381246,1.0048058284694918,0.10083794938655576,0.0691845363735173,9.924602864017045,0.42355639916737253,1.457521502234925,0.35115665947208224,29.05488117256877,0.3413732395367004,0.33204903668433333,0.33514479636367794,0.001277780534549463,0.0004935669839193672,17.628214809109732,0.4071121530733088,2.588869547964357,0.02018285795568567,35.11781786271378,0.02725015849030392,0.02043542252246568,0.019959366196734257
0.145,0.9898819068976035,1.0188163047664542,0.9129555711386448,0.9170734533460728,6.778657450450081,0.4036005406846469,0.9955097574873601,1.0081108289947194,15.648023212423997,0.9709819068395855,0.9967092875404965,1.0040771104791668,0.10409645461719998,0.07140830256135583,9.926254263354151,0.42334733715157186,1.4577640257973876,0.3570687441508391,29.085226594230576,0.3467467769717682,0.33723893331675275,0.34053961147607936,0.001365244298064013,0.0005266586662852168,17.651405960478076,0.4073651680593568,2.592275387194811,0.020852828488332874,35.171365664159936,0.028193877371139178,0.021139546762859878,0.020644863002651066
0.1475,0.9896994700457107,1.019657469857894,0.9103965105516854,0.914578347988744,6.778097876584827,0.4036628481650197,0.9954275787894443,1.007661142446633,15.661071213717927,0.96973607953343,0.9957335579868655,1.0033250528286877,0.10739070541035538,0.0736556325429337,9.92793439198992,0.4231397575875874,1.4580107685282262,0.36292585100202635,29.112761019604097,0.35208989834448595,0.3423995742475142,0.3459111535356914,0.0014570542560665264,0.0005613362543012136,17.674649018610683,0.4076403128825808,2.595688849422987,0.021516417235453576,35.19806462129022,0.029153649956404144,0.02185398368385116,0.0213391912192149
0.15,0.9895166080846534,1.0205133181129484,0.9078125606551811,0.9120577199888695,6.7775390824937904,0.4037275584473475,0.9953455146087243,1.0071686010868866,15.673739394033248,0.9684698498751018,0.9947324036230231,1.0025498859972717,0.11071976716691433,0.07592586374831524,9.92964196863715,0.42293366063329235,1.4582615422583343,0.3687264099312558,29.137516911691588,0.3574023168678396,0.3475307457626343,0.3512591199552392,0.0015533403009612443,0.0005976436325572505,17.69793029086313,0.407935788134756,2.5991079237549544,0.022172733780038825,35.19898571606543,0.03012931765820864,0.022578450854244737,0.022041996059328942
0.1525,0.9893333138688881,1.0213836708077084,0.9052043443449747,0.9095121780144346,6.776981155720707,0.4037946984194045,0.995263577801823,1.0066335479410553,15.686028275953898,0.9671835180926859,0.9937061691347752,1.0017518398293799,0.11408270370521079,0.07821833354458281,9.93137573939356,0.4227290472010976,1.4585161628403402,0.3744689163076685,29.159527490149333,0.3626837570854157,0.3526322417083168,0.35658320941582483,0.0016542322125467032,0.000635624478040471,17.721236714327897,0.4082498597477075,2.6025306917795823,0.02287954327439891,35.26554870101148,0.031120703736842843,0.02331265335377098,0.022752914226868752
0.155,0.989149580299039,1.0222683477605317,0.9025724839515928,0.906942330603081,6.7764241831586505,0.40386429394999385,0.9951817811298075,1.0060563320262708,15.697938414364927,0.9658773855915541,0.9926552001480642,1.000931143584756,0.11747857791205804,0.08053237968729256,9.933134478973647,0.4225259189383868,1.4587744503295155,0.3801519308466772,29.178826683843642,0.3679339548039687,0.3577038633107627,0.3618831218712486,0.001759859428454322,0.0006753221786027065,17.744555848770297,0.40858086182876013,2.605955326531118,0.023643852266746278,35.402785906380025,0.03212761357691581,0.024056284617344346,0.023471575208209687
0.1575,0.9889654003224022,1.0231671674072926,0.8999176008788506,0.904348785801558,6.775868251038315,0.4039363698820501,0.9951001372564682,1.0054373081547738,15.709470396934204,0.9645517547742125,0.9915798430338234,1.0000880259886145,0.1209064523872143,0.08286734076350454,9.934916991835829,0.4223242782039318,1.4590362291493069,0.3857740794028751,29.195449084173024,0.3731526570182806,0.3627454190044286,0.36715855856473234,0.0018703508089124102,0.000716779749843142,17.767875866865936,0.4089271989090694,2.6093800910554634,0.024401789692691328,35.511899450576266,0.033149835622251635,0.024809027288194473,0.024197602512966623
0.16,0.9887807669334384,1.0240799468758452,0.8972403152528423,0.9017321508151308,6.775313444916944,0.4040109500260644,0.9950186587466932,1.0047768367398282,15.72062484460254,0.963206928864129,0.9904804447176222,0.9992227152814871,0.12436539008031272,0.08522255662589202,9.936722113205906,0.42212412804075533,1.4593013282416414,0.3913340526770601,29.209429899207784,0.3783396218382944,0.3677567242687105,0.37240922205879107,0.0019858343966559964,0.0007600397507209587,17.79118554208663,0.40928734763914115,2.612803336631108,0.025152317465603632,35.59379675180393,0.034187142025654774,0.02557055407186267,0.02493061485102517
0.1625,0.9885956731742424,1.0250065020596864,0.8945412455814639,0.8990930316671034,6.774759849667919,0.4040880571538187,0.9949373580649384,1.0040752836039786,15.73140241207937,0.9618432117336284,0.9893573524941702,0.9983354392682754,0.12785445491930567,0.08759736881745767,9.938548709997734,0.421925472145897,1.4595695812021356,0.39683060584134716,29.220804908691942,0.3834946184205056,0.3727376014730299,0.3776348162788389,0.00210643717283561,0.0008051441982217201,17.81447423457475,0.4096598579676768,2.6162235006946433,0.02589448043767214,35.64945967020319,0.03523928868982385,0.026340528584141914,0.025670227235994443
0.165,0.9884101121349971,1.0259466476907928,0.8918210084245866,0.8964320328685923,6.77420754947092,0.4041677129924196,0.9948562475737839,1.0033330197896222,15.74180378834072,0.9604609077359406,0.9882109138467275,0.9974264253660863,0.13137271242949214,0.08999112098640327,9.940395681632614,0.4217283148375225,1.4598408264004312,0.40226255808632944,29.229610419946535,0.38861742689746764,0.37768787973026474,0.3828350465709286,0.0022322848098069105,0.000852134481408485,17.837731875335585,0.410043353841005,2.6196391045192633,0.02663452750632854,35.68947287717811,0.03630601546232463,0.0271186061871829,0.026416052008242187
0.1675,0.9882240769544071,1.0269001974116299,0.8890802180749771,0.8937497570986555,6.773656627802726,0.40424993821862376,0.9947753395325815,1.0025504213718692,15.751829697126794,0.9590603215414694,0.9870414762714659,0.9964959006504502,0.13491923034221728,0.0924031592907245,9.942261960758879,0.4215326610198031,1.4601149070858725,0.4076287920942436,29.23588322470752,0.39370783830330974,0.38260739475845984,0.38800961977385495,0.0023635014217076077,0.0009010512751940581,17.860948949062283,0.4104365334608417,2.6230487506924445,0.02739238049450614,35.74119975390093,0.03738704643626263,0.02790443480915199,0.027167699773627107
0.17,0.9880375608201171,1.027866963846311,0.8863194862500392,0.8910468048948652,6.7731071674286,0.4043347524534438,0.9946946460961903,1.0017278692736524,15.761480897436277,0.9576417579783487,0.9858493871068081,0.9955440918995636,0.1384930791923583,0.09483283279212455,9.944146513873383,0.4213385161459706,1.4603916714787786,0.41292825344206296,29.239660556926317,0.3987656544984723,0.38749598875072944,0.3931582443056691,0.0025002093137483955,0.0009519344541743956,17.884116475890508,0.4108381691380452,2.626451120436444,0.02813824465955265,35.76601406333658,0.03848209025391062,0.028697655743968348,0.027924780256836892
0.17250000000000001,0.9878505569691088,1.0288467586709034,0.8835394217944169,0.8883237743543848,6.772559250394224,0.40442217425703086,0.9946141793137924,1.0008657490830597,15.770758184014491,0.9562055218773347,0.9846349933677817,0.994571225636223,0.14209333290373966,0.09727949383886665,9.946048341846897,0.4211458861799343,1.460670972847602,0.4181599499384026,29.240980051555812,0.40379068809610846,0.39235351025323556,0.39828063026447846,0.002642528731160407,0.0010048230068649849,17.90722599236004,0.4112471067794992,2.629844970812333,0.028871276217216028,35.76507053360725,0.03959084071600436,0.029497904428733852,0.028686903070785735
0.17500000000000002,0.9876630586880826,1.029839392682879,0.8807406303934936,0.8855812608455876,6.772012958018202,0.4045122211238256,0.9945339511277915,0.9999644508728434,15.779662387832984,0.9547519179210698,0.9833986415853906,0.9935775281671511,0.14571906936164944,0.09974249843720949,9.947966480355431,0.4209547775568256,1.460952669572273,0.42375994570918973,29.2700639305471,0.40878276239086664,0.397179814051115,0.4033764895432395,0.0027905776087529606,0.0010597549506820305,17.930269531838753,0.41166226504431763,2.6332291318450727,0.02959073051583537,35.73957243826455,0.04071297795039895,0.030304811197472317,0.029453678405732066
0.1775,0.9874750593138195,1.0308446758696928,0.8779237142977832,0.882819856730239,6.771468370885092,0.4046049094779732,0.9944539733727898,0.9990243690220706,15.788194376557822,0.9532812504977528,0.9821406776510252,0.9925632256194467,0.1493693709716652,0.10222120661109739,9.949900000219783,0.4207651971428114,1.461236625194065,0.42952800407742764,29.312257904543646,0.41374171128646253,0.4019747610621936,0.4084455359580913,0.002944471322041945,0.0011167672480084942,17.953239604641745,0.4120826342043241,2.6366025036038203,0.03029596254835639,35.690762200061364,0.04184816957714289,0.031118002010691006,0.030224717643575236
0.18,0.9872865522335267,1.031862417476501,0.8750892720582042,0.8800401510962371,6.770925568838964,0.4047002546689989,0.9943742577746415,0.9980459020398759,15.796355055004238,0.9517938235592329,0.9808614466658989,0.9915285439739157,0.15304332520403166,0.1047149827498032,9.951848007655691,0.42057715219449593,1.4615227084523326,0.4352349601309842,29.35166007811559,0.41866737921573866,0.40673821823830647,0.4134874853896263,0.0031043224409110248,0.0011758957236815135,17.97612917805508,0.4125072747422724,2.6399640532682285,0.031133916464761276,35.78945667936489,0.042996071229455875,0.03193709916105246,0.030999633904147155
0.1825,0.9870975308851648,1.0328924260730066,0.8722378982721944,0.8772427295008941,6.770384630977418,0.4047982709677401,0.9942948159495753,0.9970294523912747,15.804145365575327,0.9502899404835468,0.979561292795521,0.9904737090950848,0.15674002512287363,0.10722319594324965,9.953809644437127,0.4203906503182053,1.4618107933084918,0.4408795970033611,29.388304630962672,0.4235596210520676,0.4114700584740164,0.41850205593636547,0.0032702404867649562,0.001237174984232458,17.99893165645019,0.4129353157196097,2.6433128122080567,0.0319686280238229,35.87275538113086,0.0441563270477877,0.03276172195608638,0.03177804253123669
0.185,0.9869079887577574,1.0339345096194383,0.8693701833406184,0.8744281737247118,6.769845635646133,0.40489897156253385,0.9942156594033924,0.9960826424740054,15.81326839417887,0.9487699039419013,0.97824055912917,0.9893989467577067,0.16045856989956708,0.1097452203047632,9.955784087975378,0.42020569942942504,1.4621007589576347,0.44646076020945336,29.42222628630321,0.42841830201653625,0.4161701605224966,0.4234889680795726,0.003442331694126522,0.0013006383392039594,18.02164086165194,0.41336595294380457,2.6466478731000365,0.03278959751271676,35.93037215396719,0.04532857041012529,0.03359148737937684,0.03255956152661302
0.1875,0.9867179193916835,1.0349884755316632,0.8664867132353886,0.8715970615356028,6.7693086604338095,0.4050023685556571,0.9941367995307252,0.995181107929829,15.823339131271082,0.9472340157701064,0.9768995875443677,0.9883044826696168,0.16419806530963577,0.11228043528104209,9.95777055131672,0.4200223077126394,1.4623924898281873,0.4519773569494662,29.453460265557137,0.4332432975842601,0.4208384089183142,0.4284479448584424,0.0036206987776161064,0.0013663177248596763,18.044251013700766,0.4137984469634092,2.6499683871026116,0.033596023030754193,35.96337601844001,0.04651242445934033,0.03442601073202867,0.03334381194050709
0.19,0.986527316378952,1.0360541307454323,0.8635880692777191,0.8687499664634757,6.768773782167583,0.40510847296002134,0.9940582476143628,0.9942423507679198,15.833044509283871,0.945682576844444,0.9755387185763085,0.9871905424908165,0.16795762421258484,0.11482822594914982,9.959768283061493,0.419840483581791,1.4626858755700247,0.4574283553514529,29.482042244084056,0.43803449339105827,0.4254746939068295,0.43337871205460005,0.0038054407052356383,0.0014342436305924305,18.066756712128015,0.4142321209171518,2.653273561106043,0.03438720665027803,35.97287965053393,0.047707502787306365,0.03526490625645408,0.03413041822692435
0.1925,0.9863361733634601,1.0371312817797664,0.8606748279269045,0.8658874575850994,6.76824107690884,0.4052172946961204,0.9939800148246372,0.9934178355111744,15.844794925023018,0.9441158869619591,0.9741582912922175,0.9860573518486804,0.1717363670141309,0.11738798330037302,9.961776567207616,0.4196602356415641,1.4629808110314915,0.4628127836564597,29.508008307999933,0.44279178513860573,0.4300789113798937,0.43828099838477,0.00399665247885666,0.0015044450283246932,18.08915291784305,0.41466635826148357,2.6565626550723613,0.03516255392505444,35.96003074413534,0.048913410347712086,0.03610778774463474,0.034919008571834644
0.195,0.9861444840412336,1.0382197347994815,0.8577475605795075,0.8630100993191415,6.767710619949425,0.4053288425892324,0.9939021122188654,0.992585216610528,15.856641916210117,0.9425342447251438,0.9727586431705963,0.9849051363492244,0.1755334221103337,0.11995910451081222,9.963794722921502,0.41948157264966457,1.4632771962257558,0.4681297293501988,29.53139491209127,0.44751507849194183,0.43465096281750754,0.4431545357004172,0.004194424922785737,0.0015769493051823568,18.11143493571169,0.4151006003991814,2.659834979476844,0.03592157247486289,35.92600355190205,0.050129743976598064,0.036954269133018115,0.03570921520173423
0.1975,0.9859522421606509,1.0393192956768595,0.8548068333788215,0.8601184512312615,6.767182485808213,0.40544312436687924,0.9938245507408469,0.9917164560468078,15.868133675074107,0.9409379474309885,0.9713401099853015,0.9837341215843868,0.1793479263131869,0.1225409931986022,9.965822104239571,0.41930450348025133,1.4635749362869754,0.47337833824508196,29.55223883884229,0.4522042889720745,0.4391907552350723,0.44799905919310623,0.0043988444812493735,0.0016517821997082806,18.133598397887877,0.41553434422983115,2.6630898928601177,0.03666386968058337,35.87199065307153,0.05135609301973898,0.03780396508611274,0.036500674679298635
0.2,0.9857594415226498,1.0404297700524674,0.8518532070344678,0.8572130678491329,6.766656748228034,0.405560146656544,0.9937473412204113,0.9908119260368203,15.879270805619017,0.9393272909643678,0.9699030256944129,0.9825445331352931,0.18317902525727248,0.12513305966768765,9.967858099703475,0.419129037088652,1.4638739414167277,0.47855781351637566,29.57057715858688,0.45685934185068855,0.4436982011358457,0.4528143076043031,0.004609993025605296,0.0017289677418664462,18.155639247944173,0.4159671396413255,2.666326799497567,0.03738914953428089,35.7991949950552,0.052592040381901316,0.03865649157067204,0.0372930281918492
0.2025,0.9855660759809177,1.0415509633951305,0.8488872366519703,0.8542944984872475,6.766133480172924,0.4056799149836508,0.9936704943730154,0.9898720020004136,15.890053951914819,0.9377025696957174,0.9684477223338255,0.9813365965715098,0.18702587378713625,0.1277347211381076,9.96990213193233,0.4189551824774752,1.4641741268211852,0.48366741469613705,29.586447190794097,0.46148017204574104,0.44817321846819086,0.4576000234383177,0.004827947672047479,0.0018085281970706977,18.17755372583207,0.4163985869598995,2.6695451471906186,0.03809720869840275,35.70882225341747,0.0538371635585771,0.03951146642211463,0.03808592183716095
0.20500000000000002,0.9853721394420661,1.0426826810610597,0.8459094715721426,0.851363287081353,6.76561275382569,0.40580243376980896,0.993594020799385,0.9888970624123726,15.900483798408056,0.9360640763829617,0.9669745299155019,0.9801105374462985,0.19088763632509226,0.13034540196277072,9.971953657135154,0.4187829486642105,1.464475412639516,0.48870645662850926,29.599886466492787,0.46606672401092497,0.4526157305871852,0.46235595317708916,0.0050527806105288755,0.0018904840144541369,18.19933835368974,0.4168283343747096,2.6727444251824726,0.038787931837098534,35.6020735520898,0.05509103538594234,0.040368509904539156,0.03887900690980471
0.20750000000000002,0.9851776258657875,1.043824728352141,0.8429204552201112,0.8484199720323604,6.765094640585759,0.405927706331327,0.9935179309851991,0.9878874886559087,15.910561070205228,0.9344121020776511,0.9654837763303213,0.9788665812879133,0.1947634872192155,0.13296453383073067,9.97401216456694,0.4186123446503942,1.464777723864,0.4936743083898493,29.610932691838755,0.4706189516139454,0.45702566622013957,0.46708184749551845,0.0052845589455787455,0.0019748537795763695,18.220989922503147,0.41725607535153963,2.6759241621991623,0.03961662976854633,35.61980985625623,0.056353224770301386,0.04122724526536697,0.03967194018983113
0.21,0.9849825292649966,1.0449769105733877,0.8399207249637922,0.8454650860595491,6.764579211067288,0.4060557348779986,0.9934422353008124,0.986843664877676,15.920286533327248,0.9327469360352644,0.9639757872554471,0.9776049535869935,0.1986526110713343,0.1355915559569979,9.976077175931565,0.41844337939239423,1.465080990252342,0.4985703921770762,29.61962371282523,0.4751368180061878,0.46140295943556237,0.4717774614760801,0.005523344549640898,0.002061654171746071,18.24250547961595,0.41768154604888724,2.6790839246152656,0.04043892636365716,35.62753441852427,0.05762329743185084,0.04208729928530248,0.04046438423428524
0.2125,0.9847868437059578,1.0461390330895586,0.8369108119816311,0.842499156062893,6.764066535097535,0.40618652051216686,0.993366944001016,0.9857659778442698,15.929660994933645,0.9310688656295805,0.9624508860661362,0.9763258797801221,0.2025542030448849,0.13822591525895084,9.978148244735028,0.4182760617738609,1.4653851462326886,0.503394182167514,29.62599748113554,0.47962029548796337,0.4657475496150864,0.47644255482147185,0.005769193929505431,0.0021508999261158667,18.263882317074664,0.41810452274844745,2.6822233147422825,0.04124349559103818,35.61623755627805,0.05890081669303817,0.04294830282395167,0.04125600767090165
0.215,0.9845905633083915,1.0473109013809474,0.8338912411394039,0.8395227029943181,6.7635566817154515,0.4063200632280696,0.9932920672248311,0.9846548168001547,15.938685303515213,0.9293781762710094,0.9609093937519119,0.9750295852296375,0.2064674691525418,0.14086706651943537,9.980224955592313,0.41811040057986765,1.4656901308018337,0.5081452033534162,29.630092021134992,0.48406936537086204,0.4700593814278713,0.4810768920641075,0.006022158106349939,0.002242603800685431,18.28511796078765,0.4185248193108563,2.685341969236529,0.04203008597876773,35.58699707822934,0.06018534420286568,0.043809891361094526,0.04204648549246634
0.2175,0.9843936822455714,1.048492321098338,0.8308625308758791,0.8365362417377005,6.763049719170498,0.4064563619114723,0.9932176149953341,0.9835105733269809,15.947360349053918,0.9276751513288359,0.9593516288370103,0.9737162951997967,0.21039162652358814,0.143514472536666,9.982306923491251,0.4179464044727579,1.4659958874171102,0.5128230303542559,29.631945397997534,0.4884840178370217,0.47433840480698464,0.4856802427713043,0.006282282509846963,0.0023367765483270917,18.306210160469888,0.4189422846664881,2.6884395576224334,0.04279853696945669,35.54089410757417,0.061476440500509495,0.04467170553327804,0.04283549934978995
0.22,0.984196194744403,1.0496830981171381,0.8278251930971271,0.8335402809974074,6.762545714921644,0.4065954143395921,0.9931435972195111,0.9823336412042478,15.955687063149089,0.9259600720573461,0.9577779073050187,0.9723862348294061,0.21432590365103987,0.14616760426106726,9.98439379301679,0.4177840819697003,1.4663023638824668,0.5174272862097553,29.63159568696124,0.49286425179700716,0.4785845749272581,0.4902523817450776,0.006549606886732963,0.0024334268939262427,18.327156880339984,0.4193568003501018,2.691515780926305,0.04354877375194711,35.47900658734934,0.06277366539176162,0.04553339166508954,0.043622737841018916
0.2225,0.9839980950854855,1.050883038590681,0.8247797330792664,0.8305353231951752,6.76204473563655,0.4067372171813188,0.9930700236881362,0.9811244162712749,15.963666419108923,0.9242332175257577,0.9561885425276071,0.9710396291010374,0.21826954061858614,0.14882594091921647,9.98648523753898,0.41762344142194385,1.4666095122292158,0.5223128040843412,29.649241873072626,0.49721007474787243,0.48279785218411964,0.4947930892155209,0.006824165224170764,0.002532561516706581,18.347956290531307,0.41976827808720063,2.6945703704149753,0.044280801510207614,35.402403141640335,0.06407657858151945,0.04639460229419072,0.04440789679506613
0.225,0.9837993776031622,1.052091949002702,0.8217266493794269,0.8275218643751187,6.76154684719093,0.40688176599773623,0.9929969040756793,0.9798832962904505,15.971299432006562,0.9224948645518772,0.954583845197266,0.9696767028069644,0.22222178930745648,0.15148897012507173,9.988580958368033,0.4174644909957549,1.4669172885919457,0.5275090431414555,29.686074386899673,0.5015215026308294,0.4869782021729026,0.4993021510268137,0.007105985688172479,0.0026341850377877792,18.368606759175584,0.4201766574391023,2.697603086433204,0.04499469916939636,35.31213732243882,0.06538474068443743,0.04725499668894651,0.04519067954719294
0.2275,0.9836000366855561,1.0533096362189867,0.8186664337547083,0.8245003941166611,6.7610521146680345,0.4070290552429513,0.9929242479402293,0.978610680811732,15.978587158700073,0.9207452876394026,0.9529641232639496,0.968297680511966,0.22618191358337109,0.15415618797869118,9.990680683879752,0.4173072386550105,1.4672256530800825,0.5326358907076296,29.720396519647963,0.5057985596909738,0.49112559566813585,0.5037793588149849,0.007395090577283746,0.0027383000130007627,18.389106845114306,0.4205819035128995,2.7006137173332756,0.04569061272387104,35.20924226864975,0.06669771417436621,0.048114241357269695,0.04597079720513068
0.23,0.9834000667745868,1.0545359075381893,0.8155995710889157,0.8214713954551724,6.760560602358298,0.40717907826523286,0.9928520647234428,0.9773069710383675,15.985530697815767,0.9189847589188078,0.9513296818755269,0.9669027865131371,0.23014918946377477,0.15682709915266846,9.992784168614559,0.41715169214541375,1.4675345696455724,0.53769277420142,29.752244041505346,0.5100412783321733,0.4952400086023361,0.5082245101766248,0.007691496291663261,0.002844906930963382,18.409455291191744,0.42098400474172376,2.703602078490019,0.0463687482355568,35.09472580016178,0.06801506395870573,0.0489720105451234,0.04674796890451276
0.2325,0.9831994623659797,1.0557705707418203,0.8125265393268392,0.8184353448100969,6.760072373759087,0.40733182730846657,0.9927803637505065,0.9759725696938261,15.99213118969446,0.9172135480917321,0.9496808233219448,0.9654922447968717,0.23412290526560067,0.15950121696653005,9.994891192353412,0.41699785898029146,1.4678440059471731,0.542679169267802,29.781652810875354,0.5142496989622636,0.49932142204382834,0.5126374088278287,0.00799521331762409,0.002954004216397161,18.42965101808153,0.4213829707400032,2.706568011394181,0.047029364593476425,34.969565966056805,0.06933635795828992,0.049827986722980874,0.04752192205274401
0.23500000000000001,0.9829982180092571,1.0570134341433983,0.8094478094158593,0.8153927119203547,6.759587491574579,0.4074872935139292,0.9927091542301202,0.9746078808899109,15.998389816300286,0.9154319223787946,0.9480178469829954,0.9640662789931734,0.23810236173384777,0.16217806344935776,9.9970015591737,0.4168457464279289,1.468153933211802,0.5475945985652448,29.808658741005637,0.5184238698227099,0.5033698221731414,0.517017864752733,0.00830624622763593,0.00306558823864396,18.449693118598503,0.4217788302377163,2.7095113828170674,0.047691852111851105,34.848653278409834,0.07066116743739571,0.050681861058429444,0.04829239256073531
0.23750000000000002,0.9827963283077162,1.0582643066367639,0.806363845254648,0.8123439597868012,6.759106017715735,0.4076454669223875,0.9926384452544922,0.973213309996053,16.00430780109197,0.9136401464707551,0.9463410492795877,0.9626251123274612,0.2420868721512987,0.16485716939091655,9.999115096488254,0.4166953615003929,1.468464326093406,0.5524386305402443,29.833297767893818,0.5225638467980378,0.5073852002575446,0.5213656943410898,0.008624593695720379,0.003179653325320046,18.469580852447216,0.4221716290969961,2.7124320840393117,0.048526169608796105,34.85400911083965,0.07198906732406969,0.051533333873025985,0.04905912506217592
0.24,0.982593787918397,1.0595229977435516,0.8032751036487389,0.8092895446215242,6.758628013300354,0.40780633647652403,0.9925682457993474,0.9717892635097719,16.009886408856307,0.9118384824829276,0.9446507236284241,0.9611689675700413,0.24607576242974086,0.1675380743815839,10.001231654070533,0.41654671094378837,1.4687751625298013,0.5572108781921944,29.855605819466472,0.5266696932265749,0.5113675526233096,0.5256807205144035,0.008950248528104833,0.003296191781024234,18.48931364135886,0.42256142841381944,2.715330030136687,0.04933871978432376,34.84271629936233,0.07331963693005668,0.0523821150814584,0.049821873120216735
0.2425,0.9823905915520328,1.0607893176598149,0.8001820342727415,0.8062299158037592,6.758153538653218,0.40796989002369477,0.9924985647239493,0.9703361489282974,16.015126945503972,0.9100271899127572,0.9429471603999693,0.9596980669834153,0.2500683711830879,0.17022032684139154,10.003351103068926,0.41639980122989345,1.469086423597914,0.5619109978313673,29.875618786025502,0.5307414797182894,0.5153168806253146,0.529962772840244,0.00928319770893566,0.003415193910996615,18.508891064569347,0.4229483027069251,2.7182051593160215,0.050129419057530565,34.81568641900486,0.07465246087330292,0.053227924611040964,0.05058039942160744
0.245,0.9821867339729936,1.062063077301795,0.7970850796389738,0.803165515842206,6.757682653306332,0.40813611431902064,0.9924294107711333,0.9688543746213509,16.02003075782764,0.9082065256004724,0.9412306468796154,0.9582126322675975,0.2540640497828346,0.17290348403850297,10.005473335013072,0.41625463854911604,1.4693980933678488,0.5665386878326671,29.8933724919551,0.5347792839818545,0.5192331906136264,0.5342116876344213,0.00962342246078734,0.0035366480496050266,18.528312854592354,0.42333233819554844,2.721057432294425,0.050898260205345304,34.77382515543908,0.07598712997771437,0.054070492799567764,0.0513344759584809
0.2475,0.9819822099992126,1.063344088350835,0.7939846750722908,0.8000967803435317,6.7572154159991875,0.40830499502881695,0.9923607925673483,0.9673443497050954,16.024599233222663,0.9063767436927432,0.9395014672319331,0.9567128845036201,0.2580621623963061,0.1755871120974637,10.00759826081502,0.41611122880470963,1.4697101587562,0.571093687387705,29.908902668681176,0.5387831906433651,0.5231164938967331,0.5384273080507977,0.009970898319642646,0.0036605405935178762,18.547578893242754,0.42371363116702143,2.7238868317152987,0.05164530586656685,34.718027435968686,0.0773232418069142,0.05490956076956519,0.052083884198107284
0.25,0.9817770145021039,1.0646321632974225,0.7908812486908856,0.7970241379868428,6.756751884679139,0.4084765167343615,0.9922927186227093,0.9658064839172473,16.028833799370563,0.9045380956092661,0.9377599024679053,0.9551990440953944,0.26206208600819325,0.17827078599757026,10.009725809767904,0.41596957760819125,1.4700226093789983,0.5755757752576453,29.92224492887422,0.5427532910477672,0.5269668067011287,0.5426094841585783,0.010325595223959313,0.003786856039404385,18.566689207867867,0.42409228643478597,2.726693361594853,0.05237068176200522,34.64917291931762,0.0786604008856846,0.05574488077701906,0.052828415241039775
0.2525,0.9815711424064686,1.0659271154843664,0.7877752213928456,0.7939480105039131,6.756292116501804,0.4086506629360049,0.9922251973310574,0.9644103514645634,16.035548665462315,0.902690830012187,0.9360062304150439,0.953671330710111,0.2660632104258903,0.1809540895617145,10.011855928544836,0.4158296902758988,1.4703354374046869,0.5799847685291492,29.93343474188546,0.5466896830720248,0.5307841501269863,0.5467580730070044,0.010687477617381674,0.003915577025986816,18.58564396774576,0.42446841588688616,2.729477046793169,0.053074569714798216,34.568121860486194,0.07999821892104592,0.056576216532705226,0.05356786996813445
0.255,0.98136458869039,1.0672287591490859,0.7846670068482424,0.7908688126649556,6.75583616783153,0.40882741605762346,0.9921582369700289,0.9631571333942527,16.044774013313642,0.9008351927782727,0.9342407256902787,0.9521299632173469,0.2700649382691761,0.18363661543606769,10.013988580200445,0.41569157182662747,1.4706486374074896,0.5843205213756549,29.942507410405355,0.5505924709664648,0.5345685500996931,0.5508729386774411,0.011056504564601758,0.004046684380253825,18.604443480612584,0.4248421371245548,2.732237932504202,0.05375720055526253,34.47571136380648,0.08133631511779259,0.0574033434943186,0.054302059176934744
0.2575,0.9811573483851165,1.0685369094650146,0.781557011496549,0.7877869522697332,6.755384094241925,0.4090067574514169,0.9920918457011317,0.9618767013951494,16.053681236724092,0.8989714269737331,0.9324636596755224,0.9505751596270526,0.2740666849448001,0.1863179650609756,10.016123743177594,0.41555522698028624,1.4709622062215382,0.5885829238261029,29.949498048332476,0.5544617651898768,0.538320037317051,0.5549539523229188,0.011432629879823448,0.004180157167629892,18.62308818928302,0.4252135721900875,2.734976083759462,0.05441884699378739,34.37275203404536,0.08267431654881784,0.05822604912767953,0.0550308037078731
0.26,0.9809494165749385,1.0698513825821097,0.7784456345491634,0.7847028301437952,6.754935950516423,0.4091886674030503,0.9920260315698299,0.9605694148468232,16.06227122458415,0.8970997728315637,0.9306753004958058,0.9490071370265899,0.27806787860655385,0.1889977486334414,10.018261410321507,0.4154206601575145,1.4712761427960857,0.5927719005431314,29.95444155984017,0.5582976821840755,0.5420386471919969,0.5590009921952552,0.011815802267236128,0.004315972745882834,18.641578668330904,0.4255828463828011,2.7376915849405346,0.05505981654330248,34.26002503201129,0.08401185840994117,0.059044133135392085,0.05575393456065809
0.2625,0.9807407883970523,1.0711719956664516,0.7753332679968404,0.7816168401396447,6.754491790648911,0.4093731251371412,0.9919608025056348,0.9592356337132112,16.070544903722407,0.8952204677314015,0.928875912999888,0.9474261115169891,0.2820679601014251,0.1916755850615783,10.020401587903576,0.41528787548020035,1.4715904480521453,0.5968874096126442,29.957372619627375,0.5621003441498252,0.5457244197907186,0.5630139436599411,0.012205965472860474,0.004454106822539737,18.659915620799442,0.42595008716151256,2.740384539295943,0.05568044456978973,34.13827953766369,0.08534858435746216,0.05985740765144118,0.05647129300111103
0.265,0.980531459041416,1.0724985669389344,0.7722202966218199,0.7785293691426307,6.754051667844406,0.4095601088230913,0.9918961663222047,0.9578757184333841,16.078503238522703,0.8933337461818056,0.9270657587432362,0.9458322981485865,0.28606638290244385,0.19435110191141589,10.022544294656889,0.4151568767728446,1.4719051247408481,0.6009294413465596,29.958325654339323,0.5658698788638403,0.5493773997660977,0.5669926991990365,0.012603058447089763,0.004594533515571342,18.67809987491377,0.426315423131638,2.7430550684583572,0.056281087545213576,34.00823062024545,0.08668414698592503,0.06066569740034056,0.057182730658604304
0.2675,0.9803214237505983,1.0738309157130328,0.7691070980144572,0.7754407970813725,6.753615634519787,0.40974959558126245,0.9918321307174524,0.9564900298131034,16.08614723050526,0.8914398398048746,0.9252450959732843,0.944225910856208,0.29006261302884323,0.19702393534644647,10.024689560825564,0.4150276675647157,1.4722201773038275,0.6048980171004346,29.95733482514304,0.569606419488989,0.5529976362864346,0.5709371584023669,0.013007015517214332,0.004737225417096006,18.696132380770806,0.4266789831147105,2.7457033119584673,0.056862116572197315,33.87055751150782,0.0880182082537968,0.06146883981958576,0.05788810961416257
0.27,0.9801106778196172,1.0751688624316378,0.7659940425941554,0.7723514969425224,6.753183742304573,0.409941561489495,0.9917687032736597,0.955078928917168,16.093477917872008,0.889538977323114,0.9234141796168713,0.9426071623940515,0.294056128954165,0.1996937300602996,10.026837427229633,0.41490025109274037,1.47253561173589,0.608793188107567,29.954434011441656,0.5733101043702525,0.55658518295946,0.5748472279473703,0.01341776656918598,0.004882153659846816,18.714014206984707,0.42704089529784606,2.7483294267323375,0.057423911243861744,33.72590227471962,0.08935043978344641,0.06226668514432186,0.05858730247922449
0.2725,0.9798992165957727,1.0765122287029545,0.7628814936344104,0.76926183478968,6.752756042041776,0.4101359815899666,0.9917058914576022,0.9536427769625867,16.10049637501697,0.8876313845484848,0.9215732612697687,0.9409762642704256,0.2980464215029473,0.20236013920293108,10.028987944347323,0.4147746303050798,1.4728514354502396,0.612615034331064,29.949656795710915,0.5769810768398421,0.5601400977516703,0.5787228215679803,0.013835237237852249,0.005029287986139344,18.731746537268712,0.42740128646044906,2.7509335866194173,0.058100242223553644,33.652128453267316,0.09068052312970742,0.06305909645330902,0.059280192465038
0.275,0.9796870354784725,1.077860837335454,0.7597698072917783,0.7661721697862706,6.752332583788796,0.41033282989639036,0.9916437026206811,0.9521819352125886,16.107203712002242,0.8857172843735409,0.9197225891882044,0.9393334266824899,0.3020329937366354,0.2050228243007115,10.031141171416323,0.41465080786534153,1.473167657146489,0.6164844388572875,29.94890374187371,0.5806194850226704,0.5636624429030602,0.5825638600129781,0.014259349104868464,0.0051785968190728015,18.74933066693715,0.4277602812752426,2.753515981848828,0.058794998899913284,33.591521839308626,0.09200814999466163,0.06384594967545656,0.059966673442664965
0.2775,0.9794741299190497,1.0792145123718682,0.7566593326385863,0.763082854222209,6.751913416818409,0.4105320794015489,0.9915821439990681,0.9507725236842542,16.114885129370656,0.8837968967645807,0.9178624082822929,0.9376788584511461,0.3060153608293596,0.20768145517079828,10.033297175555607,0.41452878615737865,1.4734842866816926,0.6209140608446013,29.976842506970318,0.5842254816524336,0.567152284837362,0.5863702709942744,0.01469001990347772,0.005330047335694131,18.766767999313828,0.42811800168053804,2.756076818511902,0.059469416484971914,33.52179023671925,0.09333302241572461,0.06462713355640176,0.06064664999359233
0.28,0.9792604954205772,1.0805730791222248,0.7535504116992023,0.7599942335441768,6.751498589619795,0.41073370208516047,0.9915212227138565,0.949471746387022,16.124514731679373,0.8818704387567351,0.91599296011129,0.9360127669562164,0.3099930499342224,0.21033570983017053,10.03545603090911,0.41440856729063025,1.4738013349445862,0.6252728327917009,30.002658664666964,0.5877992239035781,0.5706096940679446,0.5901419891256295,0.01512716372933603,0.0054836055418526165,18.784060042035843,0.4284745663205162,2.7586163180193615,0.060123829670362956,33.443565697129735,0.09465485297497675,0.0654025495848292,0.06132003745096096
0.28250000000000003,0.9790461275376748,1.0819363641959094,0.7504433794896956,0.7569066463893327,6.7510881498996715,0.410937668922075,0.9914609457712272,0.9481481067024788,16.13386342304635,0.8799381244509267,0.9141144828805843,0.9343353580720459,0.31396560004073637,0.21298527439970127,10.03761781781264,0.41429015310595974,1.4741188137332406,0.6295606655658329,30.026383533004044,0.5913408732137679,0.5740347450995376,0.5938789558523306,0.015570691256551281,0.005639236348472155,18.80120840324418,0.4288300900501855,2.761134716541872,0.06075858848809816,33.35745169188286,0.09597336501556974,0.06617211187846095,0.06198676193140974
0.28500000000000003,0.978831021876312,1.0833041955327567,0.7473385640607155,0.7538204246222977,6.750682144583496,0.4111439498907953,0.9914013200626265,0.9468019205473218,16.142931894511708,0.8780001650126357,0.9122272114403446,0.9326468361036592,0.3179325618240494,0.21562984300363733,10.039782621985154,0.4141735451819497,1.474436735636293,0.6337774979911138,30.048048171096482,0.5948505950654982,0.5774275163259991,0.5975811193723803,0.016020509958100625,0.005796903648969073,18.818214787654853,0.4291846835016015,2.763632264433052,0.06137405272524441,33.26402183442061,0.09728829289982022,0.06693574702989713,0.06264676035746983
0.28750000000000003,0.9786151740936078,1.0846764024331554,0.7442362865434231,0.750735893375247,6.750280619816759,0.41135251398231776,0.9913423523649546,0.945433503642637,16.151720867843427,0.8760567686723987,0.9103313772857489,0.9309474037235987,0.3218934974865868,0.21826911766485046,10.041950533745403,0.4140587448416115,1.4747551139179034,0.6379232957714348,30.067683364067925,0.5983285587624934,0.5807880899243616,0.6012484345497736,0.01647652432979131,0.005956570397545556,18.835080992506654,0.4295384527078863,2.7661092256343642,0.061970586718015294,33.16381893315706,0.09859938221278097,0.06769339391274563,0.06329998047031382
0.29,0.9783985798976251,1.0860528155871692,0.7411368611983207,0.7476533710909542,6.749883620966392,0.4115633292092899,0.9912840493407731,0.9440431714239932,16.160231094958856,0.8741081407279755,0.908427208558712,0.9292372619095585,0.3258479805927342,0.22090280819621605,10.044121647254949,0.4139457531594732,1.4750739624065847,0.6419980504370398,30.085319609245097,0.60177493721973,0.584116551745419,0.6048808628204435,0.016938636116934525,0.0061181986880920695,18.85180890338336,0.4298914987815649,2.768565877061563,0.06254855456772604,33.05735436412132,0.0999063899189998,0.0684450034487494,0.0639463808324624
0.2925,0.9781812350471643,1.087433267102666,0.738040595466817,0.7445731695686311,6.749491192622248,0.4117763626154771,0.9912264175385224,0.9426312389520219,16.168463357312557,0.8721544835481175,0.9065149300510482,0.927516609882941,0.3297955958971722,0.22353063208846857,10.04629605978831,0.4138345709690096,1.4753932953880176,0.6460017783159402,30.100987103588782,0.6051899067523653,0.5874129912011453,0.6084783720914859,0.017406744542910507,0.0062817498334367065,18.86840048991064,0.43024391764373954,2.7710025079727485,0.0631083158140761,32.94510775026337,0.10120908444242478,0.06919053833689577,0.06458593081977201
0.295,0.9779631353515517,1.0888175905324529,0.7349477900253852,0.7414955940124178,6.749103378598739,0.41199158028553445,0.9911694633927618,0.9411980208235164,16.1764184652513,0.8701959965778654,0.9045947632089907,0.9257856450484321,0.33373593916746563,0.2261523143948741,10.048473871030989,0.41372519887037884,1.4757131275019577,0.6499345195312065,30.114715732336734,0.6085736468668856,0.5906775011492557,0.6120409366342697,0.017880746538815915,0.006447184444685076,18.884857801329044,0.4305957998006586,2.773419419318216,0.06365022159400201,32.82752693212657,0.10250724546516769,0.0699299727457722,0.06521861060168652
0.2975,0.9777442766704285,1.0902056209004132,0.7318587388421637,0.7384209430823766,6.748720221936552,0.4122089473550755,0.9911131932244223,0.9397438310830949,16.184097257337147,0.8682328763453079,0.9026669261390078,0.9240445629347116,0.3376686170014952,0.2287675876130512,10.050655182405949,0.41361763723843387,1.4760334736433232,0.6537963370250759,30.126535058832847,0.6119263400607126,0.5939101777752382,0.6155685369720497,0.018360536973400607,0.006614462510401021,18.9011829619466,0.43094723016428577,2.775816923072627,0.06417461130700396,32.70502821263164,0.1038006637520007,0.07066329197071211,0.06584441110834849
0.3,0.9775246549135381,1.0915971947266456,0.7287737292358586,0.7353495089478519,6.748341764904523,0.41242842802103363,0.9910576132410805,0.9382689831354668,16.191500599639625,0.866265316469743,0.9007316336148498,0.922293557136392,0.3415932466403064,0.2313761915642619,10.052840096429065,0.4135118862309781,1.4763543488675372,0.6575873156106934,30.136474315515606,0.6152481716274625,0.5971111204722043,0.6190611597627037,0.018846008882521064,0.0067835434753861995,18.917378166475633,0.4312982879135526,2.7781953415501808,0.06468180980052496,32.57799685701251,0.10508914113701201,0.07139049205755056,0.06646333398275753
0.3025,0.9773042660405111,1.0929921500516027,0.7256930419368182,0.7322815773430595,6.747968049001639,0.4126499855523072,0.9910027295372545,0.9367737896583533,16.198629384998082,0.864293507671179,0.8987890970857638,0.9205328192572836,0.34550945577693454,0.233977873270485,10.0550287160939,0.4134079457972354,1.4766757683001754,0.6613075610522061,30.14456239603762,0.6185393294715305,0.6002804317189168,0.6225187976772112,0.019337053697360523,0.006954386318825123,18.93344567525974,0.4316490463930702,2.7805550067036444,0.06517212508176841,32.44678782751451,0.10637249050457802,0.07211157939507802,0.06707539151577002
0.305,0.9770831060606505,1.0943903264592298,0.7226169511501388,0.7292174276247771,6.747599114959199,0.4128735823006818,0.9909485480947191,0.9352585625160995,16.205484532255113,0.8623176377811262,0.8968395246858231,0.9187625388550732,0.3494168823617486,0.23657238682957157,10.05722114428616,0.41330581568650643,1.4769977470509736,0.6649571991738072,30.150827848486998,0.621800003932612,0.603418216956369,0.6259414492744857,0.019833561470692276,0.007126949631571669,18.949387809398104,0.431999573046185,2.7828962594083166,0.06564584655539439,32.31172673132335,0.10765053567589322,0.07282657027853637,0.06768060656138457
0.3075,0.9768611710327195,1.0957915650991057,0.7195457246206838,0.72615733283201,6.747235002743092,0.4130991797120215,0.9908950747828422,0.9337236126740398,16.212066985462354,0.8603378917546292,0.8948831212443166,0.916982903387506,0.35331517440483823,0.23915949328877348,10.059417483227941,0.4132054954569861,1.4773203001322106,0.6685363749982381,30.15529886968017,0.6250303876040432,0.6065245844632903,0.6293291188731721,0.020335421100491215,0.0073011916923632625,18.965206945775087,0.4323499293793867,2.785219448732076,0.06610324377994285,32.17311095934646,0.108923111270849,0.07353549044674196,0.06827901242949477
0.31,0.9766384570647269,1.0971957087075839,0.7164796236998895,0.7231015597475081,6.746875751556296,0.41332673833772204,0.9908423153589505,0.9321692501136535,16.21837771305972,0.858354451683485,0.8929200882971418,0.9151940981601409,0.3572039897759502,0.2417389605169228,10.061617833951974,0.4131069844847156,1.4776434423814953,0.6720452519151318,30.158003300494578,0.6282306751444403,0.6095996452309672,0.632681816421002,0.020842520550230205,0.007477070542759695,18.98090551200407,0.432700170955212,2.7875249311928365,0.06654456572968348,32.031210992919725,0.11019006251878491,0.07423837459564045,0.06887065275314339
0.3125,0.976414960313714,1.0986026016279413,0.7134189034142412,0.720050368961022,6.746521399841499,0.4135562178464164,0.9907902754687156,0.9305957837485699,16.224417707029176,0.8563674968105816,0.8909506240991618,0.9133963062757657,0.3610829960024616,0.24431056307552973,10.063822295805785,0.4130102819726462,1.4779671883889487,0.6754840108794963,30.15896862220865,0.6314010630953236,0.6126435128377653,0.6359995573622933,0.02135474706523128,0.007654544060614982,18.996485981295017,0.4330503474109312,2.7898130700047985,0.06697004054296679,31.886271855255238,0.11145124505385656,0.07493526587129505,0.06945558132731314
0.315,0.9761906769855471,1.1000120898295347,0.7103638125353076,0.7170040149341819,6.746171985283928,0.4137875770359246,0.9907389606465677,0.9290035213414723,16.230187982024358,0.8543772035452952,0.8889749236374749,0.9115897085855359,0.3649518700658556,0.24687408208905318,10.06603096598576,0.4129153869597918,1.4782915524287765,0.6788528496405236,30.158221953815257,0.6345417496991707,0.6156563033237388,0.6392823625041657,0.021871987384477244,0.007833570031902473,19.011950867255862,0.4334005025004555,2.792084234314986,0.06741101527064616,31.75318260510245,0.11270652487509586,0.07562621534547838,0.0700338619164594
0.3175,0.975965603334706,1.1014240209259707,0.707314593651222,0.7139627460668945,6.745827544814337,0.4140207738454393,0.9906883763161369,0.9274486973872861,16.23666869477394,0.8523837454799037,0.8869931786455584,0.9097744836418996,0.3688102981971462,0.2494293051145871,10.068243939100945,0.4128222983304481,1.478616548395209,0.6821519820008158,30.1557900502741,0.6376529347185446,0.6186381350657143,0.6425302578820177,0.022394127947326342,0.008014106220725797,19.027302718638367,0.4337506741570589,2.7943387984316264,0.06794373768529642,31.667128888178336,0.11395577850904043,0.07631128147717632,0.07060556802833691
0.32,0.9757397356640791,1.1028382441922906,0.7042714832395113,0.7109268047651502,6.745488114612223,0.4142557653679378,0.990638527790723,0.9259578139423653,16.24432659784531,0.8503872934069837,0.8850055776182469,0.9079508076533783,0.37265797567167697,0.2519760260111933,10.070461306766365,0.4127310148234582,1.4789421897427764,0.6853860318294104,30.15189263684115,0.6407348192687404,0.6215891286532234,0.645743274624802,0.022921055094611207,0.008196110437360717,19.04254411403928,0.434100894574666,2.796577141045963,0.06845565447477261,31.574753680234153,0.11519889313256926,0.07699052956341747,0.07117078265219874
0.3225,0.9755130703247622,1.1042546105811866,0.701234711741166,0.7078964275101465,6.74515373010921,0.41449250786281133,0.9905894202737944,0.9244485452990848,16.25171920600492,0.8483880153377594,0.8830123058275106,0.9061188544412536,0.37649460660369627,0.25451404480909906,10.072683157225518,0.4126415350415035,1.4792684894308683,0.688772045597571,30.15604509266121,0.6437876056667711,0.6245094067656644,0.6489214488206086,0.023452655263642975,0.008379540604185975,19.057677656568018,0.4344511903056148,2.798799644449156,0.06894707631882528,31.476417828655723,0.11643576646816117,0.07766403118291049,0.07172959796012554
0.325,0.9752856037158563,1.1056729727382415,0.6982045036358608,0.7048718449286261,6.744824425992645,0.41473095676870214,0.9905410588595147,0.9229211672981219,16.258847166679132,0.8463860765213572,0.881013545339001,0.9042787953982141,0.38031990374109215,0.2570431675789652,10.07490957500175,0.4125538574604019,1.4795954598725352,0.692083593100041,30.158258069195842,0.6468114972949005,0.6273990940510424,0.652064821383039,0.023988815176682055,0.008564354819374106,19.072705968492176,0.4348015823729624,2.8010066937459266,0.06941830684968153,31.3724603644279,0.11766630657204111,0.0783318636360045,0.07228211497105075
0.3275,0.9750573322842737,1.1070931850162151,0.6951810775182308,0.7018532818643424,6.744500236209424,0.41497106671654005,0.9904934485333058,0.9213759546537925,16.265711147516306,0.8443816394649251,0.8790094750293332,0.9024307994490107,0.38413358826064464,0.2595632063014187,10.077140640578007,0.4124679804383927,1.4799231128874564,0.6953208944600544,30.15856058810174,0.6498066984635862,0.6302583170066486,0.655173437918834,0.02452942202247819,0.008750511418226458,19.08763168587227,0.43515208639555375,2.8031986760666143,0.06986964100251682,31.263198992791924,0.11889043161971105,0.07899410938448008,0.07282844317793206
0.33,0.974828252524545,1.1085151034883753,0.692164646175115,0.6988409574505636,6.744181193970001,0.41521279154276675,0.9904465941724361,0.9198131808789664,16.272311835470816,0.8423748639545744,0.8770002706040813,0.9005750330131647,0.38793538956413537,0.2620739787370318,10.079376430104503,0.41238390222539195,1.4802514596590088,0.6984841879236061,30.15698137490736,0.6527734142760215,0.633087203862004,0.6582473485971921,0.025074363630524184,0.008937969032049733,19.10245745319736,0.4355027127242246,2.80537597977937,0.07030136379419538,31.14893074319207,0.12010806974601101,0.07965085549463491,0.07336870013942642
0.3325,0.9745983609786318,1.1099385859608917,0.6891554166636854,0.6958350851835304,6.743867331752638,0.4154560843027414,0.9904005005466442,0.918233118210986,16.278649935868994,0.840365907077103,0.8749861046164601,0.8987116599697726,0.39172504507562905,0.2645753082969162,10.081617015133757,0.41230162097219797,1.4805805106953545,0.7015737291098617,30.153548855043507,0.6557118505057586,0.6358858844643945,0.6612866080211808,0.025623528637709253,0.009126686644484615,19.11718591803281,0.4358534665876521,2.8075389937041293,0.07075122504142455,31.046377412853957,0.12131915895899312,0.08030219308704332,0.07390301103829526
0.335,0.9743676542357459,1.1113634919843012,0.6861535903903769,0.6928358729967886,6.743558681307859,0.41570089728431553,0.9903551723187944,0.9166360375386492,16.284726171458292,0.8383549232424535,0.8729671464866773,0.8968408416244372,0.39550230004022274,0.2670670239140919,10.083862462382385,0.4122211347396327,1.4809102757944574,0.7045897902900424,30.14829115076447,0.6586222134666297,0.6386544901672908,0.6642912751016185,0.026176806647100054,0.009316623645210036,19.131819725691706,0.43620434824650656,2.8096881063300607,0.07127030921246322,30.977418406942665,0.12252364698047855,0.08094821679625036,0.07443150820953419
0.3375,0.9741361289321685,1.112789682864055,0.6831593631905443,0.689843523336318,6.74325527366314,0.41594718202156983,0.9903106140455636,0.9150222083303191,16.29054128144103,0.8363420642068785,0.8709435625219321,0.8949627366783676,0.39926690732453524,0.2695489599157747,10.08611283351903,0.4121424415075985,1.4812407640129392,0.7075326596946725,30.14123607892436,0.6615047098623166,0.6413931537219391,0.6672614129337777,0.02673408837861868,0.00950773988095954,19.146361513941308,0.4365553531546829,2.8118237050381545,0.07176301562219074,30.899956225019384,0.12372149091453694,0.08158902424350238,0.07495433064183404
0.34,0.9739037817510802,1.1142170216701717,0.6801729254087718,0.6868582332363873,6.742957139127823,0.41619488930870124,0.990266830178165,0.9133918985632177,16.29609602049406,0.8343274790967917,0.8689155159370501,0.8930775011996692,0.4030186272191887,0.2720209558967192,10.088368184977707,0.4120655391840367,1.4815719836386672,0.7104026408489996,30.132411149572683,0.6643595466333903,0.6441020091723819,0.6701970886772218,0.027295265811428295,0.009699995703798986,19.16081390775559,0.436906472126518,2.8139461753305888,0.07222962324628672,30.81435675669769,0.12491265659249982,0.08222471552542826,0.07547162345639259
0.3425,0.9736706094223943,1.115645373245994,0.677194461979762,0.6838801943960618,6.742664307298221,0.41644396921405463,0.9902238250630957,0.9117453746539689,16.30139115777566,0.8323113144332719,0.8668831668757442,0.8911852885968642,0.4067572272435155,0.27448285659374033,10.090628567795866,0.4119904256137693,1.4819039421669722,0.7132651250233267,30.12459191250651,0.6671869308119757,0.6467811917541478,0.6730983734390649,0.027860232317877494,0.009893352016627173,19.175179514125038,0.43725769150900434,2.8160559000684953,0.07267044287451242,30.720981662462616,0.1260971180229923,0.08285539272136427,0.07598353736728011
0.34500000000000003,0.9734366087225932,1.1170746042160873,0.6742241525097411,0.6809095932562997,6.742376807063005,0.416694371094286,0.9901816029429297,0.9100829013904432,16.306427475921154,0.8302937141571921,0.8648466724324811,0.8892862495946471,0.41048248195270004,0.27693451176152595,10.092894027476417,0.41191709858720904,1.482236646280385,0.7165561443107672,30.13609469276212,0.6699870693810607,0.649430837796825,0.6759653421609038,0.02842888278889426,0.01008777031587324,19.189460916934486,0.43760899335812276,2.818153258719723,0.07308581551550987,30.620188069513297,0.1272748570888713,0.08348115942176744,0.07649022812750891
0.34750000000000003,0.9732017764745763,1.1185045829932745,0.6712621713583142,0.6779466110775718,6.742094666608744,0.4169460436086517,0.9901401679571302,0.908404741864975,16.31120577002848,0.8282748196549482,0.8628061866749617,0.8873805322119185,0.414194172747549,0.27937577604984415,10.095164603872913,0.4118455558489212,1.4825701018317765,0.7197809628143692,30.145949128887406,0.6727601691353592,0.6520510846307106,0.6787980735096505,0.029001113750759366,0.010283212731376314,19.203660671919828,0.437960355618503,2.820238626618185,0.07347611080559387,30.512328293457703,0.1284458634480259,0.0841021202798919,0.07699185596467492
0.35000000000000003,0.9729661095475076,1.1199351797848418,0.6683086877207082,0.6749914240179437,6.741817913425727,0.41719893473341346,0.9900995241429056,0.9067111574089948,16.315726846635194,0.8262547697847633,0.8607618606671941,0.8854682817420974,0.4178920876870615,0.28180650888223735,10.097440331097111,0.41177579510602297,1.482904313830779,0.7229397476949716,30.15417587556491,0.6755064365469904,0.6546420704977046,0.6815966497724493,0.029576823473226616,0.010479642063444556,19.217781301713803,0.43831175230571046,2.8223123742362826,0.07385675708728662,30.403937531744468,0.12961013445505914,0.08471838058861217,0.0774885850095625
0.3525,0.9727296048566736,1.1213662665979245,0.6653638657103449,0.6720442032115655,6.741546574313933,0.41745299177635065,0.9900596754360851,0.9050024075291566,16.319991522688234,0.8242337009035424,0.8587138424931726,0.8835496407357425,0.42157602130395444,0.2842265743362857,10.099721237448048,0.41170781403640283,1.4832392864333732,0.7260326768356805,30.160795291319065,0.6782260776407228,0.6572039344665876,0.6843611567558393,0.0301559120689942,0.010677021817101413,19.231825290991498,0.43866315369053227,2.824374866471978,0.07423607006142482,30.29842043121602,0.1307676748999858,0.0853300458839714,0.07798058272047337
0.355,0.9724922593633449,1.1227977172440888,0.6624278644416918,0.6691051148475095,6.7412806753892776,0.41770816139137246,0.9900206256720374,0.9032787498449951,16.324000624507878,0.8222117468942578,0.8566622772811476,0.8816247489854819,0.42524577442327877,0.28663584102551337,10.102007345361814,0.4116416102967472,1.4835750229345108,0.7290599384998231,30.16582744547632,0.6809192978802299,0.6597368163528025,0.6870916836892919,0.030738281584566512,0.010875316233537683,19.245795081725362,0.4390145264846978,2.8264264619519497,0.07458755332994826,30.184976798613498,0.13191849659803967,0.08593722157671833,0.07846801930532701
0.3575,0.9722540700746437,1.1242294073431365,0.65950083811333,0.6661743202489068,6.741020242090007,0.41796438959322124,0.989982378586609,0.9015404400281863,16.327754986747248,0.8201890391938387,0.8546073072284971,0.8796937435132741,0.42890115398424594,0.28903418198300296,10.104298671381148,0.41157718153035794,1.4839115257636484,0.7320217310150106,30.169292125676073,0.6835863020611583,0.662240856642828,0.6897883231332128,0.031323836082579624,0.011074490318797862,19.25969306855965,0.43936583402753304,2.8284675123522827,0.0749115854180109,30.063950735753608,0.1330626179536271,0.0865400126127762,0.07895106714284748
0.36,0.9720150340434162,1.1256612143261369,0.656582936091197,0.6632519759523315,6.740765299183321,0.41822162177226063,0.9899449378170962,0.8997877317434615,16.33125545134875,0.8181657068215482,0.8525490716272013,0.8777567585600026,0.4325419728653673,0.29142147454677203,10.106595226143986,0.411514525374747,1.4842487964830675,0.7349182624822986,30.17120884588384,0.6862272942102302,0.6647161964232116,0.692451170891478,0.031912481715695974,0.011274509869738828,19.2735215943139,0.43971703647309063,2.8304983617381168,0.07520857225870288,29.935682097793407,0.1342000635867921,0.08713852316326574,0.07942990020348191
0.3625,0.9717751483681115,1.1270930174377136,0.6536743029919493,0.6603382337873854,6.740515870772166,0.4184798027093396,0.9899083069032442,0.898020876591224,16.334502866498852,0.816141876407826,0.8504877068899218,0.87581392557741,0.4361680497129916,0.29379760024696067,10.108897014390083,0.4114536394689924,1.4845868357888459,0.7377497505093654,30.17159685485771,0.6888424774973685,0.6671629773142996,0.6950803259285356,0.0325041267922043,0.011475341497307792,19.287282945624813,0.4400680909773409,2.832519345923608,0.07547894564277932,29.80050625664506,0.13533086401513086,0.08773285634438896,0.07990469347016177
0.365,0.9715344101926634,1.1285246977375938,0.6507750787664036,0.6574332409564361,6.740271980302221,0.4187388765907268,0.989872489288272,0.8962401240519275,16.337498085582503,0.8141176722235774,0.8484233465766965,0.8738653732223773,0.4397792087733144,0.29616244469486913,10.111204034984857,0.41139452146084354,1.4849256435143592,0.7405164219665926,30.170475145019484,0.691432054147178,0.6695813414086804,0.6976758902910764,0.0330986818334901,0.011676952647194979,19.300979348735574,0.440418951885043,2.8345307918535596,0.07572316168351458,29.658753884774107,0.13645505536763475,0.0883231139671734,0.080375622358688
0.3675,0.9712928167063776,1.129956138101441,0.6478853987830098,0.6545371401144684,6.740033650569036,0.41899878702310855,0.9898374883199211,0.8944457214322675,16.34024196613864,0.8120932162098891,0.8463561214222556,0.8719112273535504,0.4433752797279118,0.2985158974738773,10.113516280959503,0.4113371690135584,1.4852652186361732,0.7432185127648926,30.167862461682287,0.6939962253544922,0.6719714312143295,0.7002379690342521,0.033696059623568565,0.011879311617924148,19.314612965441533,0.44076957091593816,2.8365330170079996,0.07603905404807171,29.54858256547811,0.13757267918458957,0.08890939631678381,0.08084286213744847
0.37,0.9710503651438217,1.131387223220979,0.6450053939113144,0.651650069449005,6.73980090372535,0.41925947704864347,0.98980330725153,0.8926379138132284,16.342735368818104,0.8100686280081569,0.8442861593639657,0.8699516110303086,0.44695609753284515,0.30085785203227133,10.115833739566574,0.41128157981246144,1.4856055592822046,0.7458816894779239,30.16480541715098,0.6965351912139611,0.67433338960242,0.702766670152386,0.03429617525089765,0.012082387576451381,19.328185889200768,0.44111989734992973,2.838526328830985,0.07661824547978258,29.543128929484826,0.1386837823198977,0.08949180196083215,0.08130658734639247
0.3725,0.970807052784719,1.132817839603427,0.6421351906053762,0.6487721627600587,6.739573761288523,0.4195208891600701,0.9897699492431259,0.8908169440000432,16.344979156345204,0.8080440249906176,0.8422135855704209,0.8679866445140801,0.4505215022613635,0.30318820557799486,10.118156392350109,0.41122775157120633,1.485946662742022,0.7486567370001487,30.1673768380139,0.6990491506544146,0.6766673597597406,0.7052621045140943,0.03489894614271208,0.012286150571349156,19.341700141417842,0.4414698782109248,2.8405110241848344,0.07717556298796431,29.530861066379995,0.13978841684675003,0.09007042758586452,0.08176697121570294
0.375,0.9705628769538438,1.1342478755702508,0.6392749109870938,0.6459035495400777,6.73935224414813,0.41978296531585985,0.9897374173625398,0.8889830524741027,16.346974192484428,0.8060195222912647,0.8401385224706813,0.8660164452719906,0.454071338950221,0.3055068589753376,10.120484215229425,0.41117568203772986,1.4862885254791494,0.7513629876155105,30.16825441066737,0.7015383013768483,0.6789734851456382,0.7077243858017158,0.03550429209214056,0.0124905715436586,19.355157667908745,0.4418194584490222,2.8424873888309707,0.07771125848204342,29.51202938956385,0.14088663973928173,0.09064536786097326,0.08222418508539767
0.3775,0.9703178350209188,1.1356772212552464,0.6364246729294096,0.6430443550538507,6.739136372573653,0.4200456469554133,0.9897057145865363,0.8871364773468648,16.348721341013412,0.8039952328371482,0.8380610897841785,0.864041127982845,0.4576054574496151,0.30781371664356544,10.122817178595756,0.4111253689998838,1.4866311431452612,0.7540007017176279,30.167459187956823,0.7040028398107154,0.6812519094533803,0.7101536304549136,0.03611213527838783,0.012695622335498312,19.368560335554676,0.44216858112073476,2.8444556969384998,0.07822560361380478,29.486881279467674,0.14197851260418712,0.09121671532728115,0.08267839782811116
0.38,0.9700719244005153,1.1371057686019663,0.6335845901393565,0.6401947004183333,6.738926166222289,0.42030887501429415,0.98967484380196,0.8852774543158004,16.350221464703626,0.8019712673800311,0.8359814045512982,0.8620608045454303,0.4611237122767385,0.3101086864574937,10.125155247420825,0.41107681029072946,1.4869745105961238,0.7565701503812863,30.165012016746765,0.7064429610870276,0.6835027765758122,0.7125499576183011,0.036722400280280725,0.012901275696522696,19.381909929152055,0.44251718756693276,2.8464162106216038,0.07871888860335143,29.455660906683583,0.1430641014620549,0.09178456031187336,0.08312977527847767
0.3825,0.9698251425519483,1.1385334113604952,0.630754772240912,0.6373547026823697,6.738721644146815,0.42057258993949775,0.9896448078068911,0.8834168470788704,16.351672189562482,0.7999477345284057,0.8338995811646566,0.8600755840891293,0.4646259624729294,0.312391679649998,10.127498381376565,0.4110300037934836,1.487318621909181,0.7590716151067386,30.160933544752364,0.7088588590211761,0.6857262305751602,0.7149134890929033,0.037335014083492574,0.013107505288326974,19.395208148465702,0.44286521758819236,2.848369179506772,0.07919142107416982,29.418609067109713,0.14414347631248342,0.0923489908646098,0.08357847967376046
0.385,0.9695774869791784,1.1399600450835892,0.6279353248576296,0.6345244749062716,6.738522824803559,0.42083673170475194,0.9896156093118152,0.8816533588211463,16.354902360607994,0.7979247407798631,0.8318157314010791,0.8580855729868309,0.46811207146439426,0.31466261071645263,10.129846534965127,0.41098494744609865,1.4876634704026446,0.7615053875819572,30.155244227656848,0.7112507260607774,0.687922415656822,0.7172443492912677,0.03794990608177371,0.013314285686899319,19.408456605491832,0.4432126096172272,2.8503148403308467,0.07964352489817565,29.37596302820363,0.1452167107313068,0.09291009271614205,0.08402466911154019
0.3875,0.9693289552307067,1.1413855671221866,0.6251263496950166,0.6317041262412297,6.738329726060387,0.421101239825848,0.9895872509407968,0.879878248819058,16.35790034882724,0.7959023905538165,0.8297299644543017,0.8560908748701269,0.4715819069264676,0.31692139732108293,10.132199657658349,0.41094163924546745,1.4880090486559772,0.7638717694616645,30.14796433646918,0.7136187531988344,0.6900914761469543,0.7195426651959977,0.038567008072526776,0.01352159238322352,19.42165682193701,0.44355930088807466,2.8522534165707847,0.08007553905145935,29.32795638547031,0.14628388154765623,0.0934679492553803,0.08446849703127686
0.39,0.9690795448994692,1.1428098766203014,0.6223279446226295,0.6288937620085274,6.738142365204738,0.4213660533759994,0.9895597352326595,0.8780917048425122,16.36066636532059,0.7938807862245791,0.8276423869684051,0.854091590646773,0.47503534065136854,0.3191679602052128,10.134557694045972,0.4109000772512371,1.4883553485316603,0.7661710721619728,30.139113965077843,0.715963129893554,0.6922335564736639,0.7218085663214754,0.03918625424707497,0.01372940178213762,19.43481022691887,0.4439052276017007,2.854185118105984,0.08048781648131305,29.274818928347358,0.14734506849508786,0.09402264152460921,0.0849101117272939
0.3925,0.9688292536227295,1.144232874509308,0.6195402037558578,0.6260934837785287,6.737960758951665,0.4216311110012288,0.9895330646421663,0.8762939124796514,16.363200616389992,0.7918600281547634,0.8255531030720007,0.8520878185204009,0.4784722484194027,0.32140222309738675,10.136920583991717,0.41086025958921973,1.488702361198114,0.7684036166694449,30.128713037956988,0.7182840439963333,0.6943488011515905,0.7240421846785231,0.03980758117597802,0.013937691199555602,19.447918154893895,0.4442503250876801,2.8561101409139606,0.08088072298500028,29.216776514690316,0.14840035384623823,0.09457424823043434,0.08534965590111668
0.395,0.9685780790819665,1.145654463501632,0.6167632175373705,0.623303389449417,6.737784923451844,0.421896350935782,0.9895072415411962,0.8744850551127934,16.365503302758082,0.7898402147289372,0.8234622144131788,0.8500796540124623,0.4818925098735558,0.32362411262534185,10.139288262796565,0.410822184454388,1.4890500771536779,0.7705697333633746,30.116781317982298,0.7205816816884534,0.6964373547696482,0.7262436547417376,0.040430927789755655,0.014146438858160063,19.460981843816903,0.4445945279616047,2.858028666800052,0.08125463610062711,29.154050953102693,0.149449821918971,0.0951228457687525,0.08578726626108153
0.3975,0.9683260190027579,1.1470745480838545,0.6139970728181994,0.6205235733256548,6.737614874299588,0.42216171101757083,0.9894822682199211,0.8726653138962943,16.367574618800294,0.7878214423875084,0.8213698201952371,0.8480671899863779,0.48529600839741627,0.3258335582298016,10.141660661368451,0.41078585011344276,1.4893984862515304,0.7726697618500931,30.103338414314972,0.7228562274240973,0.6984993619816984,0.7284131134192191,0.04105623535538144,0.014355623881674223,19.47400243353665,0.444937770277868,2.8599408631617944,0.08160994401038699,29.08685989240066,0.1504935585974305,0.09566850826197683,0.08622307317669164
0.4,0.9680730711546601,1.1484930345092486,0.6112418529384337,0.6177541261961443,6.7374506265407685,0.4224271287036447,0.9894581468879693,0.8708348677363853,16.36941475179132,0.7858038056608883,0.8192760172132026,0.8460505166738759,0.4886826309963643,0.3280304920800636,10.144037706397716,0.41075125490694325,1.4897475777254567,0.7747040508081054,30.088403790313613,0.7251078638798879,0.7005349674998966,0.7305507000244047,0.0416834474489101,0.01456522628782121,19.48698096443103,0.44527998567747656,2.86184688278849,0.08194704445638505,29.015416717549105,0.15153165101127958,0.09621130760680811,0.08665720039435215
0.4025,0.9678192333510797,1.1499098307897555,0.6084976378075017,0.6149951354120641,6.737292194680671,0.42269254108569476,0.9894348796755784,0.8689938932730036,16.371023881167048,0.7837873972039637,0.8171808998911614,0.8440297217034948,0.492052268181954,0.33021484899134823,10.146419320537607,0.4107183972509859,1.4900973402163573,0.77667295784287,30.071996771434787,0.727336771911084,0.7025443160904673,0.7326565562497134,0.042312509924600616,0.014775226980077839,19.49991837628498,0.44562110753054124,2.8637468636964187,0.08226634366919518,28.939930451454767,0.152564187409926,0.09675131353092532,0.08708976481991373
0.405,0.9675645034491404,1.1513248466874202,0.6057645039840169,0.612246684964356,6.737139592691754,0.4229578849055917,0.9894124686347361,0.8671425648636549,16.372402177803135,0.7817723078308806,0.8150845603204087,0.8420048901312189,0.49540481385942103,0.3323865663438787,10.148805422589154,0.410687275638426,1.4904477617993976,0.7785768493500541,30.054136553084778,0.7295431305127761,0.7045275525716416,0.734730826141702,0.04294337088089414,0.014985607738328632,19.512815507413446,0.4459610690731128,2.8656409290000324,0.08256825530926885,28.86060566205269,0.15359125679152433,0.09728859365706596,0.08752087637196464
0.40750000000000003,0.9673088793495433,1.1527379937053002,0.6030425247551651,0.6095088555608451,6.736992834021266,0.4232230965709616,0.9893909157402972,0.8652810545693341,16.373549803311487,0.7797586265501297,0.8129870882984355,0.8399761044732317,0.49874016521823916,0.33454558400365586,10.151195927689889,0.4106578886396293,1.4907988300117245,0.7804161003861082,30.03484220838646,0.7317271167843376,0.7064848218134925,0.7367736560774204,0.04357598062360034,0.015196351208523863,19.52567309403107,0.4462998035380413,2.8675291868193935,0.08285319942129431,28.777642374173645,0.15461294850239354,0.09782321357307933,0.08795063790812842
0.41000000000000003,0.9670523589964168,1.1541491850778631,0.6003317702156094,0.606781724702966,6.736851931598722,0.4234881121708039,0.9893702228910831,0.8634095321425257,16.374466909355625,0.7777464405999297,0.8108885713687614,0.837943444740747,0.5020582226256504,0.33669184424489584,10.153590747505707,0.4106302349027484,1.4911505318806413,0.782191094545037,30.01413269582684,0.7338889058942135,0.7084162687394059,0.7387851947416667,0.04421029162663912,0.01540744089144299,19.538491769869566,0.44663724427955986,2.8694117302239794,0.08312160140160174,28.6912359857331,0.15562935202258557,0.09835523690665694,0.08837914522484969
0.41250000000000003,0.9667949403771616,1.1555583357608925,0.5976323073458947,0.6040653667620778,6.7367168978431975,0.42375286749115654,0.9893503919109521,0.861528165017311,16.37515363698616,0.7757358354840221,0.8087890948616235,0.8359069884768977,0.5053588895230944,0.33882529167409775,10.155989790425362,0.4106043131535152,1.4915028539521733,0.7839022238402694,29.992026866752745,0.7360286710527976,0.7103220383289156,0.7407655931048328,0.04484625849067595,0.015618861130661889,19.551272066043122,0.4469733248913222,2.871288637212915,0.08337389097871692,28.601577187835222,0.15664055692366288,0.0988847254035725,0.08880648712938177
0.41500000000000004,0.9665366215222828,1.1569653624209182,0.5949442000903259,0.6013598530553431,6.736587744670422,0.42401729803081234,0.9893314245498415,0.8596371183015968,16.375610115997315,0.7737268950075002,0.8066887419355397,0.8338668107956478,0.5086420723254598,0.34094587315570396,10.158392961757118,0.41058012219454476,1.4918557823199459,0.7855498885905567,29.96854347268363,0.7381465834955199,0.7122022756216361,0.7427150044010392,0.04548383789997839,0.015830597099818905,19.564014411161143,0.4473079793176587,2.873159970731534,0.08361050120718934,28.50885188843858,0.15764665284837515,0.09941173900839502,0.08923274558102717
0.4175,0.9662774005052163,1.1583701834241884,0.5922675094343036,0.5986652519211556,6.736464483499646,0.42428133901709497,0.9893133224847757,0.8577365547714852,16.375836464305735,0.7717197013126388,0.8045875936197456,0.8318229844226969,0.5119076803230831,0.3430535377393239,10.160800163926913,0.41055766090414525,1.4922093026542882,0.787260595630551,29.948498129572272,0.740242812473689,0.7140571257220395,0.7446335841062633,0.04612298857780999,0.01604263478927095,19.57671913168725,0.447641141957859,2.875025778724096,0.0838318674748529,28.413241139283706,0.15864772933286347,0.0999363359467694,0.08965799589720415
0.42,0.9660172754421413,1.1597727188252016,0.5896022934810917,0.5959816287940883,6.736347125260257,0.42454492542169875,0.9892960873208383,0.8558266348677948,16.375832787352362,0.769714334915156,0.8024857288575221,0.8297755797383449,0.5151556255864214,0.3451482365884857,10.163211296677744,0.4105369282346322,1.4925634002315142,0.7893975437020307,29.945631144390052,0.7423175252525094,0.715886733804807,0.746521489916168,0.046763671240664245,0.01625496099222673,19.589386452542485,0.4479727477633371,2.876886094222377,0.0840384265237217,28.31492106583499,0.1596438756508979,0.1004585728084859,0.0900823070186856
0.4225,0.9657562444917835,1.1611728903548184,0.5869486075280013,0.5933090462793488,6.736235680398119,0.424807991976601,0.9892797205921031,0.8539075166947429,16.3755991775285,0.7677108747407192,0.8003832245504149,0.8277246648222802,0.5183858228733275,0.3472299229108871,10.165626257269698,0.41051792321014474,1.4929180599632992,0.7914754805720854,29.941434712540303,0.7443708871152082,0.7176912451205174,0.7483788817233579,0.0474058485516269,0.016467563290439663,19.602016497949933,0.44830273232759277,2.878740935469708,0.08426695089985468,28.226233786529,0.1606351807707378,0.10097850463068118,0.09050574182743301
0.425,0.9654943058552083,1.162570621407964,0.5843065041419675,0.5906475642267177,6.736130158881613,0.42507047319005387,0.9892642237625208,0.8519793560207998,16.375135713626992,0.7657093981616361,0.7982801556033553,0.8256703055002621,0.5215981895388565,0.34929855189011294,10.168044940680305,0.4105006449239638,1.4932732664261028,0.7935186407381136,29.936827339731508,0.7464030613716859,0.719470805001422,0.7502059215937907,0.048049485073139504,0.0166804300395384,19.614609292517375,0.44863103196894294,2.880590306079974,0.08449089961375345,28.13815057134749,0.16162173345436112,0.10149618498062728,0.09092835750984392
0.4275,0.9652314577755962,1.1639658370309467,0.581676033234501,0.5879972398039512,6.736030570207344,0.42533230336266337,0.9892495982267573,0.8500423062817111,16.374442460319354,0.7637099810337197,0.7961765949706847,0.8236125653926517,0.5247926454475399,0.35135408061879336,10.170467239804816,0.4104850925353365,1.493629003890583,0.7956624417915532,29.9369007379087,0.7484142093734241,0.7212255588670798,0.7520027737420923,0.04869454721942108,0.01689355035406773,19.627164762553903,0.44895758380606665,2.88243419523097,0.08470440754289885,28.04869673564812,0.16260362236883602,0.1020116660376653,0.09135020595796509
0.43,0.9649676985380111,1.165358463908398,0.5790572421359933,0.5853581275696261,6.7359369234055135,0.4255934166035647,0.9892358453109829,0.8480965185856926,16.373519467659772,0.7617126977333415,0.7940726137030851,0.8215515059647629,0.5279691128880589,0.35339646803317304,10.172893045656057,0.41047126526580746,1.493985256350946,0.7977439391498409,29.935496406784946,0.7504044905492073,0.7229556522296294,0.753769604505534,0.049341003208787454,0.017106914092307787,19.639682737615658,0.44928232582647487,2.8842725778914087,0.08490787165737512,27.95800383876815,0.16358093577127095,0.1025249986739336,0.09177133420127133
0.4325,0.9647030264691512,1.16674843034986,0.5764501756693567,0.5827302795454097,6.735849227044905,0.42585374684670174,0.9892229662736041,0.8461421417207927,16.372366770616754,0.7597176211946742,0.7919682809954159,0.8194871865789858,0.5311275164902597,0.3554256748490685,10.17532224756356,0.41045916239506547,1.49434200755419,0.799763376222068,29.93262886779073,0.7523740624330704,0.7246612306984914,0.7555065823164565,0.049988823016090915,0.01732051184093398,19.652162952275518,0.44960519694809364,2.8861054150808143,0.08510168360503605,27.866198247614943,0.16455376104782515,0.10303623253361548,0.09219178486194196
0.435,0.9644374399370851,1.168135666276025,0.5738548762229791,0.5801137452877313,6.73576748923748,0.42611322786722,0.9892109623059392,0.8441793221644136,16.370984388633236,0.7577248229471293,0.7898636642354576,0.8174196645486461,0.5342677831444511,0.35744166349918755,10.177754733371689,0.41044878325631295,1.4946992410292022,0.8017210060584111,29.92831265226691,0.7543230806324153,0.7263424399843066,0.757213877672929,0.05063797832548544,0.01753433489957508,19.664605048110825,0.44992613707422097,2.8879326541614407,0.08529497079439667,27.77624788474757,0.16552218444715625,0.10354541611049631,0.0926115966271318
0.4375,0.9641709373509743,1.1695201032046487,0.5712713838229744,0.5775085719588379,6.735691717642563,0.4263717932979824,0.989199834532832,0.8422082040949799,16.369372325215814,0.7557343731530022,0.7877588290535557,0.8153489951935573,0.5373898419229294,0.35944439807179057,10.180190389636488,0.41044012723116674,1.4950569401156681,0.8036170913265085,29.922562308477573,0.7562516988030601,0.7279994259019266,0.7588916631074657,0.05128844248370521,0.017748375265321605,19.677008575903084,0.4502450871421936,2.889754229161316,0.08561227964676794,27.72843826602105,0.1664862909523301,0.10405259682366862,0.09303080473246401
0.44,0.9639035171607766,1.1709016742361462,0.5686997362047087,0.5749148043972118,6.735621919470577,0.4266293766462164,0.9891895840132011,0.8402289294057401,16.367530567553825,0.7537463406452903,0.7856538393731636,0.8132752318972226,0.540493624003679,0.36143384425067204,10.182629101821002,0.4104331937441036,1.4954150879927564,0.8054519042845186,29.91539240827356,0.7581600686332639,0.7296323343722979,0.7605401131536296,0.051940190454027355,0.017962625617231512,19.689372998042916,0.45056198916617257,2.891570061127435,0.08592124743306516,27.67942892665497,0.16744616409814525,0.10455782109126047,0.09344944145179405
0.4425,0.9636351778569344,1.172280314038885,0.5661399688835841,0.5723324851873318,6.735558101486328,0.42688591131030235,0.9891802117405221,0.8382416377206804,16.36545908616883,0.7517607929656034,0.7835487574622723,0.8111984261656364,0.5435790625962013,0.36340996925644325,10.185070754488937,0.41042798225646415,1.4957736677075586,0.8072257267501032,29.90681755338905,0.76004833982504,0.73124131142308,0.762159404310383,0.05259319877107335,0.018177079300875337,19.701697691133642,0.45087678627452116,2.8933800585081166,0.08622227335280229,27.62934847722026,0.1684018857345271,0.10506113440208353,0.09386753658912263
0.445,0.9633659179700432,1.1736559588341884,0.5635921152250596,0.5697616547287562,6.7355002700118085,0.42714133059671194,0.9891717186432392,0.8362464664125281,16.363157834595132,0.7497777964021362,0.7814436439857219,0.8091186276876451,0.5466460928694237,0.365372741789099,10.187515231496375,0.41042449226003047,1.4961326622032456,0.8089388500646544,29.896852381356087,0.7619166600635598,0.7328265031878726,0.7637497150040583,0.05324744549658784,0.01839173031295824,19.713981948786405,0.45118942274231105,2.895184117563498,0.08651575136263788,27.578320737348033,0.16935353602228823,0.10556258138510792,0.09428511796929487
0.4475,0.9630957360705007,1.1750285463810584,0.5610562065138908,0.5672023513045079,6.735448430928495,0.4273955677371076,0.9891641055851027,0.834243550622818,16.36062674909171,0.7477974160277544,0.7793385580583777,0.8070358843968156,0.5496946518816467,0.36732213197185126,10.189962416181446,0.41042272327019624,1.4964920543469213,0.8105915750521409,29.88551157102402,0.7637651749934425,0.7343880559039229,0.7653112255478455,0.05390291017631899,0.01860657328605194,19.726224984599963,0.45149984401954635,2.8969821228031427,0.08680206928031187,27.52646464228438,0.1703011935168598,0.10606220587666926,0.09470221192473714
0.45,0.9628246307681374,1.1763980159606306,0.5585322720225715,0.5646546111487439,6.735402589679146,0.4276485559056084,0.989157373365433,0.8322330232839867,16.357865748386125,0.7458197157381907,0.7772335572991624,0.8049502425347594,0.5527246785124881,0.36925811129621583,10.192412191551767,0.41042267481874806,1.496851826957152,0.8121842119720198,29.87280984767376,0.7655940282024065,0.735926115908221,0.7668441180987162,0.05455957379811098,0.01882160347346545,19.738425935318055,0.4518079967557326,2.898773947449729,0.08708160789800268,27.47389415138905,0.17124493532780405,0.10656005098530218,0.09511884377589723
0.4525,0.9625526007118242,1.1777643083603735,0.5560203390789556,0.5621184685136854,6.735362751269059,0.42790022823623647,0.9891515227193051,0.8302150151434661,16.354874733450675,0.7438447582903244,0.7751286978859199,0.802861746715863,0.5557361133967844,0.3711806525683358,10.194864440469546,0.41042434644628056,1.4972119628311478,0.8137170804657153,29.858761987718133,0.7674033612085194,0.7374408296318853,0.7683485766117197,0.055217418751306514,0.019036816734279767,19.750583864157534,0.4521138288214511,2.90055945392782,0.08735474010672123,27.42071815900466,0.17218483719121164,0.10705615915407565,0.09553503830322654
0.455,0.9622796445890593,1.1791273658580304,0.5535204331330442,0.5595939557357931,6.735328920266769,0.4281505178405481,0.9891465543176516,0.8281896547897301,16.35165358731115,0.7418726053405176,0.7730240346111024,0.8007704399933742,0.5587288988604159,0.3730897298565301,10.197319045834238,0.41042773769426805,1.4975724447715901,0.8151905094962361,29.843382822982427,0.7691933134529896,0.7389323435927707,0.7698247867916039,0.05587642878754704,0.019252209518568455,19.76269776430051,0.4524172893276116,2.902338494376716,0.08773185241989769,27.401403843542848,0.1731209733064919,0.10755057222028057,0.09595082020846532
0.4575,0.9620057611255318,1.180487132205324,0.551032577822917,0.5570811033011643,6.735301100804208,0.42839935782546085,0.9891424687672857,0.8261570686802545,16.348202174888378,0.7399033174830036,0.7709196209382483,0.798676363926782,0.5617029788580162,0.374985318440054,10.199775890762625,0.41043284809681696,1.4979332556130762,0.8166048372805688,29.82668724456111,0.7709640222966009,0.7404008043862429,0.771272936041744,0.05653658898304788,0.019467778852822828,19.774766562544162,0.45271832864305755,2.9041109111864643,0.08822341222594277,27.4186829135909,0.17405341616252049,0.10804333147229092,0.09636621456266654
0.46,0.9617309490846612,1.1818435526114162,0.5485567950397953,0.5545799399101373,6.735279296576269,0.4286466813112838,0.989139266610837,0.8241173811713433,16.344520342872812,0.7379369542883183,0.7688155090592357,0.7965795586504458,0.5646582989125358,0.3768673947590601,10.202234858766237,0.41043967717212715,1.498294378248176,0.8179604112145314,29.808690206248396,0.7727156230155221,0.7418463586740722,0.7726932134103661,0.057197885702417295,0.019683522325598255,19.78678912310181,0.4530168984111819,2.9058765375560816,0.08888234426751543,27.488370265953638,0.1749822364736958,0.10853447770339077,0.09678124723786533
0.4625,0.9614552072671135,1.183196573726129,0.5460931049922141,0.5520904925410793,6.735263510839785,0.4288924214499585,0.9891369483266025,0.8220772263276567,16.340737356683505,0.7359735743417596,0.7667117499522812,0.794480062943405,0.567594806056628,0.37873593636574726,10.204695833926085,0.4104482244136879,1.4986557956530928,0.8192575877898416,29.78940672754261,0.7744482488030853,0.743269153171419,0.7740858095340774,0.05786030656408207,0.019899438073395587,19.798764251549535,0.4533129515661811,2.9076351980731556,0.08952559607342486,27.553354132921545,0.17590750316943873,0.10902405126232821,0.09719594531861046
0.465,0.9611785345102928,1.184546143622928,0.543641526269291,0.5496127865133433,6.73525374641192,0.42913651144351844,0.989135514328309,0.820085032657818,16.337816301991634,0.7340132352818622,0.7646083934406606,0.7923779143003231,0.5705124487758253,0.38059092187668886,10.207158701064563,0.4104584892812403,1.4990174909129097,0.8204967325032068,29.768851896225847,0.7761620307755142,0.7446693346318968,0.7754509165787294,0.058523840407374725,0.020115524766790134,19.81069069891244,0.45360644234952435,2.909386709313946,0.09012528102432595,27.60515187091269,0.1768292833784502,0.10951209210033316,0.09761033748880896
0.4675,0.9609009296878059,1.1858922117816646,0.5412020759030737,0.5471468455493745,6.735250005667933,0.42937888456277346,0.9891349649647859,0.8180850728312112,16.33464928061188,0.7320559938388626,0.7625054882521173,0.7902731490034989,0.5734111769534772,0.38243233092632695,10.209623345914556,0.4104704711915339,1.4993794472464232,0.8216782197572899,29.747040870521896,0.7778570979744835,0.7460470498307034,0.7767887281776553,0.05918847726133355,0.020331781596818914,19.8225671658853,0.45389732632715496,2.9111308804632308,0.09068152734863152,27.643980709551002,0.1777476422973959,0.10999863981431289,0.09802445438855482
0.47000000000000003,0.9606223917089025,1.1872347290710703,0.5387747694299508,0.5446926918359477,6.735252290538334,0.42961947416622476,0.9891353005195466,0.8160774567818584,16.331235819766878,0.7301019058731365,0.7604030820789295,0.7881658021958915,0.5762909418174211,0.38426014412162524,10.212089655285594,0.4104841695089124,1.4997416480305457,0.822802432753473,29.72398888083731,0.7795335773766274,0.747402445545837,0.7780994393673353,0.05985420831526095,0.020548208261635722,19.834392307182124,0.4541855604078666,2.912867513953078,0.09119451507749882,27.67006712374686,0.17866264308378058,0.11048373368592655,0.0984383289349184
0.47250000000000003,0.9603429195178901,1.1885736477310007,0.5363596209511124,0.5422503460845195,6.735260602505422,0.4298582137192175,0.9891365212102807,0.8140622928497336,16.32757543288965,0.7281510264135838,0.758301221638603,0.7860559079550957,0.5791516958883581,0.38607434299786786,10.214557517227124,0.41049958353575966,1.500104076824283,0.8238697633763641,29.699711231091577,0.7811915939133296,0.7487356685374075,0.7793832465205617,0.06052102589108151,0.02076480495344239,19.8461647360094,0.4544711028632062,2.9145964061197858,0.09166447405153617,27.683646157066296,0.17957434687753776,0.1109674127162346,0.09885199660012453
0.47500000000000003,0.9600625120935211,1.1899089213544247,0.5339566431920435,0.5398198275906804,6.735274942599174,0.4300950368133348,0.9891386271882503,0.8120396878168716,16.323667619699176,0.7262034096959368,0.7561999527351545,0.7839434993682118,0.5819933929299047,0.38787490997559654,10.217026821188755,0.4105167125028404,1.500466717392268,0.8248806120700666,29.674223299643803,0.7828312704998709,0.7500468655250824,0.7806403472771796,0.06118892341753635,0.020981572345703598,19.85788302865751,0.4547539133491658,2.916317347878174,0.09209168189014395,27.684960754476478,0.1804828130509277,0.1114497156556248,0.09926549564022445
0.47750000000000004,0.9597811684483557,1.1912405048691486,0.5315658475610388,0.5374011542926861,6.7352953113925125,0.43032987718603716,0.9891416185375941,0.8100097469449056,16.31951186630769,0.7242591092009794,0.7540993203209484,0.781828608607549,0.5848159879002961,0.3896618283186728,10.21949745817756,0.4105355555595716,1.5008295537278613,0.8258353877062476,29.647540539824558,0.784452728075794,0.7513361831636991,0.7818709404724966,0.06185789540624551,0.02119851158065158,19.86954572920485,0.4550339529298234,2.9180301254124275,0.09247646192961828,27.67426110533014,0.18138809932097621,0.11193068102873183,0.09967886726731325
0.48,0.9594988876280991,1.1925683545192751,0.5291872442067231,0.5349943428290576,6.735321708995909,0.4305626687405526,0.9891454952745361,0.8079725740139774,16.31510764535937,0.7223181776926489,0.7519993685590496,0.7797112670071009,0.5876194369057103,0.39143508209345906,10.221969320912264,0.41055611176425977,1.5011925700757964,0.8267345074441044,29.61967848008239,0.7860560856568162,0.7526037680171017,0.7830752260634662,0.06252793742966378,0.021415624257085944,19.881151354328303,0.45531118410299587,2.919734520882561,0.09281918113621557,27.651803997470967,0.18229026180163638,0.11241034715409737,0.10009215575860396
0.4825,0.9592156687109125,1.1938924278463945,0.526820842074569,0.532599408595231,6.7353541350513915,0.4307933455660185,0.9891502573465047,0.8059282713629464,16.310454416200287,0.7203806672559948,0.7499001408860521,0.7775915051397352,0.5904036971551865,0.3931946561291046,10.224442303974406,0.4105783800743403,1.501555750954379,0.8275783965823518,29.590652723755966,0.787641460383092,0.7538497665302535,0.7842534050527552,0.06319904610094873,0.0216329124184727,19.892698398213504,0.45558557082786644,2.9214303131455392,0.09312024800040569,27.617852183352298,0.18318935529359573,0.11288875215835623,0.10050540849625546
0.485,0.958931510806701,1.195212683670503,0.5244666489623933,0.5302163657992459,6.735392588725843,0.43102184195787835,0.9891559046311489,0.803876939930838,16.305551625079215,0.7184466293349718,0.7478016800753451,0.7754693528950419,0.5931687269171112,0.3949405359789263,10.226916303956395,0.410602359336657,1.5019190811772287,0.8283674884033941,29.56047894848319,0.7892089675482103,0.7550743249996966,0.7854056794108162,0.0638712190557505,0.02185037854134494,19.904185337557138,0.45585707855446633,2.9231172784899075,0.09379444186741774,27.69501486378614,0.18408543363052732,0.11336593398478607,0.10091867593277078
0.4875,0.9586464130563763,1.19652908207066,0.5221246715748276,0.527845227516455,6.735437068703716,0.4312480924385351,0.989162436935268,0.8018186792994522,16.30039870537907,0.7165161147700614,0.7457040283007733,0.7733448395577749,0.5959144854772392,0.3966727078828743,10.22939121960639,0.4106280482778172,1.5022825458745581,0.8291022240098855,29.5291729052599,0.7907587206016617,0.7562775895424327,0.786532251996097,0.06454445493592278,0.022068025524005882,19.915610636652694,0.45612567425480605,2.924795191382686,0.0944327295557908,27.761568902718903,0.18497854972931232,0.11384193039611859,0.1013320114780161
0.49,0.9583603746310971,1.197841584365382,0.5197949155767482,0.5254860057432461,6.735487573179058,0.43147203177826055,0.9891698539936409,0.7997535877370698,16.29499507787847,0.7145891738357099,0.7436072272006468,0.7712179938868371,0.5986409330982244,0.39839115873106884,10.231866951970039,0.41065544549465977,1.502646130513988,0.8297830521538989,29.496750417161326,0.7922908311324051,0.7574597060633053,0.7876333264735265,0.06521875337514178,0.022285856675532914,19.926972752549684,0.4563913264553959,2.9264638252270476,0.09502682800533532,27.815217991710952,0.1858687554242032,0.11431677897157927,0.10174547130543721
0.4925,0.9580733947314882,1.1991501530927908,0.5174773856456559,0.523138711449759,6.735544099846926,0.43169359501636156,0.989178155467765,0.7976817622431805,16.289340151043145,0.7126658562775732,0.741511317942061,0.7690888441947465,0.6013480309806245,0.4000958760283961,10.234343404528977,0.41068454944487326,1.503009820920886,0.8304104290589742,29.463227377740168,0.7938054088567642,0.758620820220975,0.7887091072314205,0.06589411498640509,0.022503875705078592,19.938270140274874,0.4566540052708502,2.928122953129107,0.09557682984278928,27.856144837727342,0.18675610139319507,0.11479051709819936,0.10215911407682156
0.495,0.9577854725868352,1.2004547519905278,0.5151720855229965,0.5208033546315894,6.7356066458941415,0.4319127174826016,0.9891873409444983,0.79560329859416,16.28343332134664,0.7107462113495481,0.7394163412854772,0.7669574184275322,0.6040357412253521,0.4017868478601502,10.236820483336077,0.4107153584377974,1.5033736032982312,0.831499414556529,29.44684373964949,0.7953025616143086,0.7597610773925779,0.789759799296964,0.06657054135136521,0.022722086711461597,19.94950125810244,0.45691368243824904,2.929772348671891,0.09608288031129585,27.884542577019786,0.18764063714566367,0.11526318195652238,0.10257300058692742
0.4975,0.9574966074542643,1.2017553459754549,0.5128790180644156,0.5184799443604674,6.735675207989422,0.43212933481887666,0.989197409934611,0.7935182913898243,16.27727397361988,0.7088302878505626,0.7373223376495208,0.7648237442450013,0.6067040267975324,0.40346406285870695,10.239298097147323,0.4107478706254435,1.5037374642459793,0.8328228458816226,29.43946836530223,0.7967823953663807,0.7608806226371785,0.7907856082504309,0.06724803501143388,0.02294049417303727,19.960664572858246,0.4571703313519384,2.931411786694323,0.09654517534724107,27.90061411580838,0.18852241113400062,0.1157348105009069,0.1029871933314071
0.5,0.9572067986178996,1.2030519011231673,0.5105981852889345,0.5161684888338961,6.735749782272903,0.43234338300114067,0.9892083618712453,0.7914268341007842,16.270861481429137,0.7069181341611053,0.7352293471759476,0.7626878491013259,0.6093528514917387,0.40512751017121457,10.241776157550351,0.4107820839937659,1.5041013907799412,0.8340913500400734,29.430836389012804,0.798245014192647,0.7619796006581092,0.7917867401383043,0.06792659946057043,0.023159102937833388,19.97175856524125,0.45742392709847685,2.9330410440727195,0.0969639596252628,27.90457147932603,0.1894014708276636,0.11620543943470721,0.10340175600363026
0.5025000000000001,0.9569160453880042,1.2043443846473463,0.5083295884270443,0.5138689954237478,6.7358303643449915,0.4325547983615797,0.9892201961082796,0.7893290191165313,16.26419520748174,0.7050097982794669,0.7331374097947342,0.7605497603258992,0.6119821798985612,0.4067771794282845,10.244254579089482,0.41081799635421495,1.5044653703501447,0.8353052015327027,29.4209595432622,0.7996905202858149,0.7630581557643223,0.7927634013854751,0.06860623913964582,0.02337791821393281,19.982781735143462,0.45767444649149636,2.93465990050208,0.097339524575954,27.896635169719744,0.19027786259246404,0.11667510518068416,0.10381675292818018
0.505,0.956624347100106,1.2056327648789915,0.5060732279677088,0.5115814707237992,6.735916949254666,0.4327635176110284,0.9892329119186096,0.7872249377941717,16.257274504059108,0.7031053278576749,0.7310465652892378,0.7584095052044043,0.614591977372474,0.4084130607136668,10.246733279387195,0.41085560533559795,1.5048293908586743,0.836464684745739,29.40984972679789,0.801119013948278,0.7641164318308629,0.7937157987066941,0.0692869594322471,0.02359694556007996,19.993732606947322,0.45792186810632685,2.936268139274053,0.09767220638091423,27.877033533351707,0.1911516317078946,0.11714384384706558,0.10423224844087593
0.5075000000000001,0.9563317031141072,1.2069170112455676,0.503829103704271,0.5093059205962056,6.736009531487129,0.4329694778616244,0.9892465084923354,0.7851146805077405,16.250098713476405,0.7012047702370964,0.7289568533613825,0.7562671110600518,0.6171822100009552,0.41003514453489176,10.249212179261969,0.4108949083762755,1.505193440676977,0.8375700938239676,29.397519003148535,0.8025305935921216,0.7651545722585842,0.7946441390174583,0.0699687666617623,0.023816190876483456,20.00460973477789,0.45816617231434137,2.937865548048271,0.09796238394989085,27.846002138079573,0.19202282250728336,0.11761169118972667,0.10464830622707597
0.51,0.9560381128133822,1.2081970942501186,0.5015972147792558,0.5070423502168957,6.736108104950906,0.4331726166496942,0.9892609849348666,0.782998336698015,16.242667168568303,0.6993081724836909,0.7268683136968126,0.75412260533493,0.6197528445748185,0.4116434217948584,10.251691202842315,0.4109359027167133,1.505557508662609,0.8386217325359123,29.38397959883311,0.8039253557418216,0.766172719933231,0.7955486293445195,0.0706516680895576,0.024035660395782456,20.015411707684745,0.45840734131710936,2.9394519196133624,0.09821047688480616,27.80378316111993,0.1928914784792837,0.1180786825710052,0.10506498863165784
0.5125,0.955743575603862,1.2094729854503965,0.49937755972806547,0.5047907641198884,6.736212662964346,0.4333728719588639,0.9892763402649394,0.7808759949227548,16.234979193200157,0.697415581422888,0.7247809860299705,0.7519760156714289,0.6223038485597049,0.4132378837643508,10.254170277676902,0.41097858539240845,1.5059215841754097,0.8396199141313999,29.369243901280136,0.8053033950385913,0.7671710171840176,0.7964294767362061,0.07133567191403241,0.02425536067413934,20.026137154727074,0.45864535918059285,2.9410270526337428,0.098416943435482,27.75062478811336,0.19375764233293424,0.11854485291568917,0.10548235595535795
0.515,0.9554480909131075,1.2107446574380647,0.4971701365215604,0.5025511662405171,6.736323198241555,0.4335701822433863,0.989292573412552,0.7787477429072939,16.227034102803948,0.6955270436740739,0.7226949102090398,0.7498273699936833,0.624835190068687,0.4148185220554595,10.256649334840626,0.4110229532272038,1.5062856570930776,0.8405649611918938,29.35332445647278,0.8066648042461093,0.7681496057418282,0.7972868881727394,0.07202078727031078,0.024475298582416954,20.03678474993348,0.4588802118697812,2.9425907523780115,0.0987273671746412,27.727528714865358,0.1946213560721379,0.1190102366647277,0.10590046575301541
0.5175,0.9551516581893742,1.2120120838180382,0.4949749426075235,0.5003235599575573,6.736439702877815,0.43376448645167676,0.9893096832168219,0.7766136675954001,16.21883120493834,0.6936426056846613,0.720610126260698,0.747676696588992,0.6273468378359324,0.4163853285958877,10.259128309036432,0.4110690028270017,1.5066497178261244,0.8414572054739867,29.33623396633597,0.8080096742585049,0.7691086266971716,0.7981210704767473,0.07270702423030248,0.0246954812973942,20.047353217106664,0.4591118872843298,2.9441428314245623,0.09920126255572558,27.7507720025663,0.1954826610952457,0.11947486772721012,0.10631937214962589
0.52,0.9548542769006674,1.2132752391880202,0.49279197495099963,0.4981079481342486,6.736562168334428,0.43395572405004695,0.9893276684237606,0.7744738552003416,16.210369799872183,0.6917623137637184,0.7185266744546336,0.7455240241891742,0.6298387611913681,0.4179382956041176,10.26160713869271,0.41111673057388054,1.507013757332179,0.8422969877464734,29.317985285882074,0.8093380941115206,0.7700482204580198,0.7989322302241563,0.07339439380284397,0.0249159162929702,20.057841334441935,0.45934037529594085,2.945683110339857,0.09963547077821734,27.763186592351254,0.19634159826062234,0.11993877943113813,0.10673912518992577
0.5225,0.9545559465337874,1.2145340991183071,0.49062123007350983,0.49590433315820526,6.736690585423093,0.43414383504662807,0.9893465276839797,0.7723283912560688,16.2016491811907,0.6898862141151388,0.7164445953677581,0.7433693820518094,0.6323109300362881,0.4194774155654123,10.264085766056022,0.41116613262061574,1.5073777671296038,0.8430846576214276,29.298591420131576,0.810650150995651,0.7709685267076649,0.7997205736556559,0.07408290793360807,0.02513661133130399,20.068247938927552,0.4595656677883862,2.9472114183246565,0.10004375598656833,27.76870686974506,0.19719820792817125,0.12040200447348443,0.10715977023646477
0.525,0.9542566665933702,1.2157886401319211,0.4884627040911337,0.493712716980208,6.7368249442897605,0.4343287600154701,0.989366259550319,0.7701773606684463,16.192668636423708,0.6880143528703357,0.714363929948066,0.7412128000413291,0.63476331481984,0.42100268120862855,10.266564137278971,0.4112172048856009,1.5077417393104016,0.8438205733797219,29.278065520825514,0.8119459302705297,0.7718696843627194,0.8004863065889205,0.07477257950445508,0.02535757445383466,20.07857193049453,0.45978775870122746,2.9487275938234583,0.10047597622363937,27.781185566750143,0.1980525299788729,0.12086457486998747,0.10758134742978673
0.5275,0.953956436600919,1.2170388396851322,0.48631639275145555,0.49153310115186993,6.736965234398019,0.43451044012080714,0.9893868624754072,0.7680208477664607,16.183427447695152,0.6861467761204243,0.7122847195780829,0.7390543087099166,0.6371958865163259,0.42251408548381286,10.269042202502902,0.41126994304815684,1.5081056665523587,0.8445051017914382,29.256420882946212,0.8132255154840117,0.7727518315313933,0.8012296343317664,0.07546342233188494,0.025578813972125563,20.08881227588327,0.46000664407841807,2.950231485092349,0.10089869029226121,27.79131920347884,0.19890460378411864,0.12132652190508357,0.10800389122245606
0.53,0.9536552560938287,1.2182846761484247,0.48418229146937264,0.48936548686216913,6.737111444512061,0.4346888171414746,0.98940833480916,0.7658589363533204,16.173924892393185,0.6842835299478641,0.7102070061378353,0.7368939393781718,0.6396086166032461,0.42401162154055444,10.271519915935176,0.4113243425442171,1.508469542130394,0.8451386179316209,29.23367094106282,0.8144889883982025,0.7736151054721704,0.8019507615964311,0.07615545116424195,0.0258003384584763,20.098968012194742,0.4602223221230747,2.951722950720527,0.10136071318313968,27.812516743942474,0.19975446821604317,0.12178787608232652,0.10842742999630248
0.5325,0.9533531246244057,1.219526128787954,0.4820603953617571,0.48720987497284296,6.737263562679181,0.4348638334954664,0.9894306747962099,0.7636917097573893,16.164160243860138,0.6824246604575306,0.7081308320672961,0.7347317242155132,0.642001477040019,0.4254952827070654,10.27399723592072,0.41138039856236464,1.5088333599270676,0.845721504991826,29.20982926551798,0.8157364290244687,0.7744596425530045,0.8026498924151277,0.07684868167732276,0.02602215673624731,20.10903825009489,0.4604347932597697,2.9532018601009016,0.10180771191897638,27.8297886260508,0.20060216170744483,0.12224866707559606,0.10885198576950943
0.535,0.9530500417588776,1.2207631777475252,0.4799506992809719,0.48506626605263514,6.737421576211906,0.43503543226461583,0.989453880573282,0.7615192508828714,16.154132772101693,0.6805702138071907,0.7060562404282305,0.7325676963202717,0.6443744402472964,0.4269650624699607,10.276474125007503,0.4114381060401978,1.5091971144421954,0.8462541540879224,29.184909558471663,0.8169679156733116,0.7752855782111574,0.8033272300570542,0.07754313046804225,0.026244277869844908,20.119022176642194,0.4606440602057176,2.9546680938453456,0.10236807195247434,27.878130973622063,0.20144772228734167,0.12270892368135772,0.10927757399715977
0.5375,0.9527460070764012,1.2219958040311152,0.4778531978472324,0.4829346604103895,6.737585471669731,0.4352035572193869,0.9894779501665112,0.7593416422601803,16.14384174451446,0.6787202362373682,0.7039832749653943,0.7304018897994521,0.646727479086802,0.4284209544547066,10.278950550005627,0.4114974596609931,1.5095608008015282,0.8467369640645914,29.15892564981774,0.8181835250187953,0.7760930469137836,0.8039829769469935,0.0782388150458239,0.026466711154318652,20.12891905771012,0.4608501280521984,2.9561215441404567,0.1029385881657957,27.92918397835484,0.2022911876463039,0.12316867377221036,0.10970420346572823
0.54,0.9524410201680578,1.2232239894859462,0.47576788547981186,0.4808150581269835,6.737755234840511,0.4353681528437597,0.9895028814887102,0.7571589660959255,16.133286426631436,0.6768747741005696,0.7019119801670138,0.7282343398481245,0.6490605668416123,0.4298629524067096,10.281426482039638,0.41155845385063,1.509924414764433,0.8471703412969729,29.131891492988544,0.8193833321386441,0.7768821821193719,0.8046173345856569,0.07893575382140137,0.026689466104529134,20.138728239978906,0.46105300435747726,2.9575621150400675,0.10349840098079716,27.97726865120493,0.20313259524800945,0.12362794425195062,0.110131876278924
0.5425,0.9521350806358481,1.2244477167861005,0.4736947564270849,0.4787074590860943,6.737930850721533,0.4355291643601934,0.9895286723365889,0.7549713043224491,16.122466082884593,0.6750338738898438,0.6998424013244925,0.7260650828284227,0.6513736771968003,0.43129105017301256,10.283901896593724,0.41162108277473874,1.5102879527305322,0.8475546994898872,29.103821160662,0.8205674105242767,0.77765311624014,0.8052305034718916,0.0796339660927443,0.026912552443851642,20.148449152473958,0.4612526992523317,2.9589897226911757,0.10404735840382001,28.022366736695634,0.2039719824532217,0.1240867610124,0.11056058792940236
0.545,0.9518281880916752,1.2256669694166533,0.4716338047954059,0.476611863003792,6.738112303500282,0.4356865377546502,0.9895553203879307,0.7527787386468475,16.111379977383987,0.6731975822666441,0.6977745845912771,0.7238941563481189,0.6536667842203573,0.4327052416845691,10.28637677354939,0.41168534033602866,1.5106514117452348,0.8478904594750575,29.07472884038548,0.8217358320823223,0.7784059806054696,0.805822683026876,0.08033347202785844,0.02713598009239085,20.15808130763185,0.46144922555909573,2.9604042954904957,0.10458530880471181,28.064460275228985,0.20480938663052045,0.1245451488922851,0.11099032744833111
0.5475,0.9515203421563256,1.2268817316582927,0.46958502457681717,0.4745282694569513,6.738299576534951,0.43584021980166276,0.9895828231987293,0.7505813505994178,16.100027374712813,0.6713659460879653,0.6957085770408272,0.7217215993387562,0.65593986234431,0.4341055209390632,10.288851097215224,0.41175122017175153,1.5110147895041086,0.848178049006738,29.044628830129636,0.8228886671287408,0.7791409054264655,0.8063940715203997,0.08103429264425388,0.027359759154692333,20.167624301879222,0.46164259892486015,2.9618057741694743,0.10511210130503018,28.10353171954792,0.20564484518158796,0.12500313163853355,0.11142107762273969
0.55,0.9512115424584403,1.2280919885723807,0.46754840967558414,0.47245667791047874,6.738492652334708,0.43599015808942615,0.9896111782002908,0.7483792215814699,16.08840754073786,0.6695390124327366,0.6936444267236209,0.7195474521333154,0.6581928863459474,0.4354918819842418,10.291324856348364,0.41181871565125444,1.5113780843560343,0.8484179025561368,29.013535533785003,0.8240259843829845,0.7798580197617083,0.8069448659993185,0.08173644978492799,0.027583899906949906,20.177077815714473,0.46183283796914376,2.9631941118062888,0.10562758619773034,28.13956405648453,0.20647839550738453,0.12546073187045256,0.11185281526910076
0.5525,0.9509017886334837,1.2292977259864069,0.46552395393355445,0.4703970877433479,6.738691512539753,0.4361363010448972,0.9896403826963057,0.7461724329124444,16.076519743434698,0.667716828627436,0.6915821827231393,0.7173717565434002,0.6604258313290675,0.43686431890172717,10.293798044167268,0.4118878198735711,1.5117412953050775,0.848610461105005,28.981463456613234,0.8251478509649016,0.7805574514842606,0.8074752622182578,0.08243996609077116,0.02780841278372167,20.186441613287577,0.46201996444597054,2.96456927376414,0.10613161539700051,28.172540933470128,0.2073100749056323,0.12591797104738997,0.11228551155074716
0.555,0.950591080322707,1.2304989304797826,0.4635116511543383,0.4683494982734389,6.738896137901208,0.43627859795888024,0.9896704338598948,0.7439610658762895,16.064363253727304,0.6658994422709028,0.6895218952107673,0.7151945559359281,0.6626386727051575,0.43822282579127425,10.296270658355414,0.4119585256650065,1.5121044220110358,0.8487561719387329,28.94842720066398,0.8262543323930653,0.7812393272499769,0.8079854545726184,0.08314486496937193,0.02803330836418363,20.195715541479093,0.4622040034198613,2.9659312375559934,0.10662404291661569,28.202446789220303,0.2081399205215142,0.12637486944063578,0.1127191323265382
0.5575,0.9502794171721061,1.23169558936993,0.46151149512630835,0.4663139087811801,6.739106508260839,0.4364169990110808,0.9897013287306313,0.7417452017670408,16.05193734634141,0.6640869012583309,0.6874636154995498,0.7130158953093158,0.6648313861744148,0.4395673967554377,10.298742701055506,0.4120308255766652,1.512467464788585,0.8488554884392883,28.914441460167964,0.8273454925837407,0.7819037724671548,0.8084756360339292,0.08385117056027412,0.0282585973579667,20.20489952848542,0.4623849834547833,2.9672799926368136,0.10710472537488447,28.229266987947792,0.20896796951605823,0.1268314461105014,0.11315363851862574
0.56,0.9499667988313802,1.232887690698619,0.45952347964442003,0.46429031853198655,6.739322602530695,0.43655145529510625,0.9897330642115508,0.7395249219335568,16.039241300671303,0.6622792538044122,0.6854073960967423,0.7108358213691482,0.6670039477065169,0.4408980258846116,10.301214178853844,0.41210471188187586,1.5128304246049857,0.848908869878285,28.879521016915323,0.828421393850685,0.7825509112675526,0.8089459980875707,0.08455890769682092,0.02848429059064066,20.213993581924086,0.4625629368146138,2.968615540125307,0.10757352252396467,28.25298795639703,0.20979425915593877,0.12728771888970727,0.11358898648817431
0.5625,0.9496532249528868,1.2340752232185241,0.4575475985308503,0.46227872679749615,6.73954439867264,0.4366819188433924,0.9897656370661453,0.7373003078233716,16.026274401659595,0.6604765484656038,0.6833532907551007,0.708654382603335,0.6691563335210478,0.4422147072424029,10.303685102754525,0.4121801765734702,1.5131933030762932,0.8489167812104569,28.84368073562807,0.8294820969064383,0.7831808664787885,0.8093967306728761,0.0852681018648076,0.0287103989889276,20.222997786479166,0.4627378996731711,2.9699378924581272,0.10803029780103227,28.273597322939644,0.2106188266789854,0.1277437043744037,0.1140251284093649
0.5650000000000001,0.9493386951905969,1.235258176379979,0.4555838456544588,0.46027913287560274,6.73977187367785,0.43680834265203483,0.989799043915352,0.7350714410256176,16.0130359406895,0.6586788341614876,0.6813013545228452,0.7064716293567436,0.6712885200674845,0.4435174348512999,10.306155488143066,0.4122572113608701,1.5135561024620159,0.8488796928677856,28.806935559334203,0.830527660865864,0.7837937595981203,0.8098280221256101,0.08597877915825516,0.028936933565746246,20.231912301113827,0.46290991233136636,2.9712470729805154,0.10847491889850339,28.291084057919424,0.21144170924161687,0.12819941792433964,0.1144620126338423
0.5675,0.9490232091990546,1.2364365403179254,0.45363221494907374,0.4582915361092876,6.740005003546293,0.43693068070550234,0.98983328123454,0.7328384033129842,15.999525216489422,0.6568861601951952,0.6792516437922447,0.7042876139053208,0.6734004840046527,0.44480620267859355,10.308625354739215,0.41233580766694705,1.5139188256581844,0.8487980805544905,28.769300504750284,0.8315581432522516,0.7843897107675964,0.8102400591228,0.08669096623270896,0.029163905405207247,20.240737355883585,0.4630790194385547,2.972543115478292,0.1089072583502406,28.305438614390727,0.212262943890651,0.12865487367386091,0.11489958403982388
0.5700000000000001,0.9487067666323366,1.237610305839068,0.45169270043060444,0.45631593590424924,6.74024376326624,0.43704888800121044,0.9898683453505009,0.7306012766826742,15.985741536049316,0.6550985762728682,0.6772042163467625,0.7021023905296991,0.675492202179553,0.44608100462251105,10.311094726538625,0.41241595662461467,1.5142814761887866,0.8486964761376805,28.731604878741596,0.8325736000043971,0.7849688387505533,0.8106330266298858,0.08740469025655781,0.029391325647698325,20.249473248390125,0.4632452702147135,2.973826063657071,0.10932719413042331,28.31665306835628,0.2130825675856293,0.12911008455555234,0.11533778436224904
0.5725,0.9483893671430195,1.2387794644092587,0.44976529621298866,0.4543523317453391,6.740488126793823,0.4371629205739304,0.9899042324384473,0.728360143396333,15.971684215548711,0.6533161325221304,0.6751591314067061,0.6999160155883047,0.6775636516054702,0.4473418344985185,10.31356363174316,0.4124976490731242,1.5146440581955323,0.8493073012948006,28.71861077136589,0.8335740854833469,0.7855312609094265,0.8110071078501453,0.088119978860958,0.02961920547521507,20.25812033992163,0.4634087186696906,2.975095970575428,0.10973461026153546,28.324721257579988,0.21390061726237505,0.1295650623384256,0.1157765525024914
0.5750000000000001,0.9480710103811535,1.2399440081411588,0.44784999652297813,0.452400723211802,6.740738067032712,0.43727273552001067,0.9899409385190276,0.7261150860189138,15.957352581295957,0.6515388795095717,0.6731164496733235,0.6977285475899678,0.6796148094392731,0.4485886860257511,10.316032102679612,0.4125808755540323,1.5150065764259157,0.8498697863200643,28.704533400912663,0.8345596524787162,0.7860770931848233,0.8113624841763325,0.08883686008902908,0.029847556097109092,20.266679051330886,0.46356942381543575,2.976352898039563,0.11012939742772357,28.32963891802866,0.21471712992540534,0.13001981768257703,0.11621582481818768
0.5775,0.9477516959932425,1.2411039297822204,0.44594679571377005,0.4504611099913326,6.740993555813903,0.4373782910213863,0.9899784594553581,0.7238661874564603,15.94274597067855,0.6497668682572262,0.6710762333712924,0.6955400472660604,0.6816456529578232,0.44982155281353037,10.318500175706685,0.4126656263068172,1.515369036219555,0.8503842375238302,28.689383909515325,0.8355303522152024,0.7866064500758099,0.8116993351444624,0.08955536234506517,0.030076388736438822,20.275149858707177,0.4637274498668913,2.9775969159676756,0.11051145358961117,28.331403816983922,0.2155321426364424,0.13047436021219097,0.11665553539557245
0.58,0.9474314236212381,1.24225922270306,0.44405568827749153,0.4485334918929477,6.741254563875708,0.4374795463693502,0.9900167909500839,0.7216135309927791,15.927863733124264,0.6480001502580135,0.6690385462895435,0.6933505776421661,0.6836561595334085,0.4510404283479275,10.32096789111008,0.41275189126412154,1.5157314434927855,0.8508509698714434,28.6731736230896,0.8364862343618874,0.7871194446213378,0.812017838389666,0.09027551434456887,0.030305714617118947,20.28353328890159,0.4638828664270685,2.9788281017328155,0.11088068459652248,28.330015881862753,0.2163456924670948,0.13092869860863066,0.11709561630829617
0.5825,0.9471101929015422,1.2434098808862861,0.44217666885654616,0.4466178688586862,6.7415210608439535,0.4375764619880636,0.9900559285424713,0.7193572003249884,15.912705231072964,0.6462387774901217,0.6670034538203637,0.6911602041093092,0.685646306608137,0.4522453059783381,10.323435292985648,0.41283966004660605,1.5160938047214987,0.8512703068327067,28.65591404737735,0.8374273470461415,0.7876161883827428,0.8123181696040271,0.09099734506596756,0.030535544952072228,20.291829914968265,0.46403574865179664,2.9800465394933853,0.111256229564995,28.33037273493073,0.21715781651431484,0.1313828407251339,0.11753599786800382
0.585,0.9467880034640248,1.2445558989158496,0.44030973225383047,0.4447142409741414,6.741793015212437,0.4376689994577785,0.9900958676055372,0.7170972795979206,15.89726984095891,0.6444828024303206,0.6649710229967237,0.6889689944947566,0.68761607166722,0.45343617890403204,10.325902429110554,0.4129289219574,1.5164561269222216,0.8516425802309181,28.63761686398248,0.8383537368732353,0.7880967914272294,0.8126005024963178,0.09172088370490769,0.03076589093259119,20.300040351585427,0.4641861773897068,2.981252319520679,0.11162827808009393,28.32995948953346,0.2179685519710358,0.13183679372431006,0.11797660887294034
0.5875,0.9464648549310559,1.2456972719669888,0.438454873441829,0.44282260847783234,6.742070394323711,0.4377571215377476,0.9901366033432278,0.7148338534373703,15.881556954203488,0.642732278066181,0.6629413225277737,0.6867770191324205,0.6895654322110987,0.45461304016065246,10.328369350802475,0.4130196659761412,1.516818417631439,0.8519681300915654,28.618293926402053,0.83926544895285,0.7885613623122586,0.8128650087535276,0.0924461596320402,0.030996763719116704,20.30816525052035,0.46433423929320056,2.9824455375328647,0.1119859897606782,28.32603450202152,0.2187779361678385,0.13229056423922195,0.11841737686151045
0.59,0.9461407469165549,1.2468339957968262,0.43661208757059916,0.4409429717694266,6.742353164350186,0.4378407921887988,0.9901781307876428,0.7125670069821809,15.865565978218362,0.6409872579071773,0.6609144228324547,0.6845843509328852,0.6914943657263639,0.45577588260663443,10.330836112766905,0.4131118807526004,1.5171806848831682,0.8522473044907116,28.597957256053764,0.840162526933508,0.7890100080707442,0.8131118580040981,0.0931732023552092,0.03122817443363568,20.316205296201247,0.4644800268964702,2.983626294044679,0.11232924740756543,28.3185960405837,0.21958600657471333,0.1327441585583281,0.11885822837803696
0.5925,0.9458156790250568,1.247966066735678,0.43478136997465616,0.43907533141681904,6.7426412902756745,0.43791997659554815,0.9902204447963245,0.7102968259151546,15.84929633741894,0.6392477959946524,0.658890396071168,0.6823910654530828,0.6934028496554466,0.4569246989095276,10.333302772932672,0.4132055545998908,1.5175429371848042,0.8524804594031049,28.576619038301043,0.8410450130465391,0.7894428341969613,0.8133412177827591,0.09390204148693093,0.03146013415388986,20.32416120145623,0.4646236386570653,2.9847946937416507,0.11265794002479547,28.3076440712562,0.22039280082681642,0.1331975828339795,0.11929908925791854
0.595,0.9454896508507986,1.2490934816791195,0.4329627161787656,0.4372196881620783,6.742934735877344,0.4379946411882299,0.9902635400496087,0.7080233964927966,15.832747474248363,0.6375139469106272,0.6568693161754506,0.6801972409656507,0.6952908613650516,0.45805948153220455,10.335769392275852,0.41330067548726557,1.517905183491258,0.8526679585499918,28.554291618475123,0.8419129481581117,0.7898599446330743,0.8135532534968651,0.09463270671800567,0.03169265390957301,20.33203370347579,0.4647651789580471,2.9859508448871535,0.11297196346062295,28.293180392252324,0.22119835683279995,0.13365084331351118,0.11973988493895739
0.5975,0.9451626619768255,1.250216238080846,0.43115612190265984,0.4353760429262708,6.743233463708193,0.43806475366412007,0.99030741104805,0.7057468055738858,15.815918850212006,0.6357857657854473,0.6548512588756004,0.6780029585279977,0.6971583781133326,0.45918022271894826,10.338236034632235,0.41339723103251325,1.518267433177418,0.8528101732466028,28.53098749789317,0.8427663718084065,0.7902614417561765,0.8137481283941341,0.09536522779803391,0.03192574468067352,20.339823560049272,0.4649047580684203,2.987094858769698,0.11327122104793402,28.27520876466151,0.2220027128964372,0.13410394659127656,0.12018054080479279
0.6,0.9448347119741218,1.2513343339463592,0.4293615830646859,0.4335443968131723,6.743537435080062,0.43813028300853357,0.9903520521099275,0.7034671406468828,15.79880994692274,0.6340633083042561,0.6528363017261992,0.6758083020511129,0.6990053770158138,0.4602869144814124,10.340702766498646,0.4134952084939629,1.5186296960089694,0.8529074822492374,28.50671932987017,0.8436053222254205,0.7906474263657483,0.8139260035316954,0.09609963452351718,0.032159417398094525,20.34753154611946,0.4650424920602739,2.988226849196938,0.11363389963702883,28.273210712713357,0.22280590777038167,0.1345568998792517,0.12062098256511668
0.6025,0.9445058004007615,1.2524477678275032,0.4275790957843997,0.4317247511118787,6.743846610047257,0.4381911995153734,0.9903974573688396,0.7011844898561799,15.781420267157086,0.632346630712274,0.6508245241294766,0.6736133583681474,0.7008318350100715,0.4613795485844593,10.343169656823374,0.4135945947621155,1.5189919821116187,0.852960271601857,28.481499915721617,0.8444298363291823,0.7910179976714299,0.8140870377463443,0.09683595673410883,0.032393682946653714,20.355158450690958,0.46517850268187544,2.989346932041639,0.11410416074501885,28.29797636947488,0.22360798070312166,0.1350097112931289,0.12106113667566441
0.605,0.9441759268010874,1.2535565388178689,0.42580865638411913,0.4299171072983284,6.744160947390806,0.4382474748072138,0.9904436207713914,0.6988989420272086,15.763749335922517,0.6306357898188659,0.6488160073564639,0.6714182173028057,0.7026377288192068,0.4624581165318796,10.345636776785998,0.41369537635092546,1.519354301938758,0.8529689344820703,28.455342200753318,0.8452399497215223,0.7913732532810128,0.8142313876259234,0.09757422431744514,0.03262855217053126,20.362705074119173,0.46531291718683765,2.9904552248435374,0.11456399480098209,28.320068090962835,0.2244089715041287,0.1354623901501406,0.12150093079889612
0.6075,0.9438450907049141,1.2546606465490928,0.4240502613894493,0.42812146703574766,6.74448040460345,0.43829908185489797,0.9904905360749912,0.6966105866904155,15.745796701536229,0.6289308430003736,0.6468108345658791,0.6692229717375717,0.7044230349141487,0.4635226095520075,10.34810419956707,0.4137975393887547,1.5197166662376413,0.8529338710463669,28.42825927023364,0.8460356966689416,0.7917132891885498,0.8143592074817406,0.09831446722283516,0.03286403588119656,20.370172225796587,0.46544586812037464,2.991551846469551,0.11501336553238453,28.339497128729327,0.2252089206437579,0.13591494727425035,0.12194029430387808
0.61,0.94351329162676,1.2557600911880715,0.42230390752879465,0.42633783217403426,6.744804937875355,0.43834599499663374,0.9905381968457518,0.6943195141041267,15.727561936715547,0.6272318482017104,0.6448090908206919,0.6670277176818086,0.7061877294748395,0.46457301858324884,10.350572000107897,0.4139010696090335,1.5200790860141067,0.8528554882744418,28.40026434534318,0.8468171100914095,0.7920381997624939,0.8144706493219559,0.09905671548392023,0.033100144867804146,20.37756072224277,0.4655774930645745,2.9926369168332774,0.115595630173026,28.39149361009564,0.22600786945981993,0.13636739530383438,0.12237915880125134
0.6125,0.9431805290651086,1.2568548734351248,0.4205695917318748,0.4245662047480924,6.745134502080692,0.4383881899565695,0.9905865964565198,0.6920258152763116,15.709044639680307,0.6255388639367097,0.6428108631023087,0.6648325543397526,0.7079317883503623,0.4656093342595445,10.353040254860984,0.4140059523406612,1.5204415724959246,0.8527341998124404,28.37137077909623,0.8475842215546193,0.7923480777337786,0.8145658628258656,0.0998009992502366,0.03333688991000707,20.38487138559335,0.4657079343455002,2.9937105566730846,0.11620583003438256,28.450043001385016,0.22680586041321202,0.1368197489966019,0.122817458706507
0.615,0.942846802501698,1.2579449945231456,0.41884731112725593,0.42280658697513374,6.745469050765034,0.4384256438628341,0.9906357280850246,0.6897295819852749,15.69024443526747,0.6238519492872184,0.6408162403223241,0.662637584178434,0.7096551870180876,0.46663154689579683,10.355509041531482,0.4141121724981875,1.5208041370948293,0.852570425814928,28.341592052227902,0.8483370612621032,0.7926430141837496,0.8146449953190373,0.10054734882743051,0.03357428179309282,20.392105042472718,0.46583733870576505,2.994772887386558,0.11678983758816977,28.50186792347115,0.22760293734637538,0.13727202552627196,0.12325513182227048
0.6175,0.9425121114008439,1.259030456217782,0.41713706303891845,0.42105898125096064,6.745808536133722,0.4384583352650243,0.9906855847121699,0.6874309067992864,15.671160976058166,0.6221711639009319,0.638825313331778,0.6604429129955401,0.7113579005419197,0.46763964647329265,10.357978438810182,0.4142197145718194,1.5211667913673057,0.8523645927854019,28.31094176904078,0.8490756580472918,0.7929230985318831,0.8147081917492505,0.1012957947256911,0.03381233132530453,20.399262523224436,0.4659658569469882,2.9958240309174777,0.11734678332230902,28.546815828774935,0.22839914563405211,0.13772424476547646,0.12369211992818255
0.62,0.9421764552087939,1.2601112608187084,0.41543884498187517,0.4193233901452465,6.746152909041205,0.4384862441511225,0.9907361591204684,0.6851298830951754,15.651793943517458,0.6204965679879453,0.636838174927861,0.6582486499872426,0.7130399035297443,0.4686336226251626,10.360448526098537,0.4143285626173026,1.5215295469742052,0.8521171334151408,28.279433653204634,0.8498000393656328,0.7931884185232145,0.8147555946632246,0.10204636771578551,0.03405104935716885,20.406344661463734,0.4660936435471833,2.9968641096901005,0.1178758527494512,28.584749445168416,0.2291945322303469,0.13817642954950035,0.12412836936548893
0.6225,0.9418398333531162,1.2611874111620196,0.4137526546568569,0.41759981639583255,6.746502118981407,0.43850935196382856,0.9907874438926263,0.6828266050759043,15.632143049146832,0.6188282223159881,0.6348549198580064,0.6560549078159977,0.7147011700901854,0.4696134646219207,10.362919383226284,0.41443870024573126,1.521892415639278,0.8518995933415433,28.249439486489695,0.850510231287982,0.7934390602154235,0.8147873441841235,0.10279909889191023,0.034290446802614,20.41335229390736,0.46622085625866,2.9978932465841694,0.11837629126458933,28.61554771044106,0.22998914570518558,0.1386286059158077,0.12456383160285364
0.625,0.9415022452421197,1.2622589106238113,0.412078489944086,0.41588826290205416,6.746856114079211,0.43852764161628693,0.9908394314102936,0.6805211677871447,15.612208035649752,0.6171661882043727,0.6328756448213061,0.6538618026783231,0.7163416737887933,0.470579161357138,10.365391090162186,0.4145501106133443,1.5222554091066902,0.85170425916308,28.220697332403613,0.8512062584984175,0.7936751079655341,0.8148035779898543,0.1035540197404177,0.0345305346616268,20.420286260428625,0.46634765569239167,2.998911564942999,0.11884740921920404,28.639106741583035,0.23078303638931985,0.13908080331484216,0.12499846377036601
0.6275000000000001,0.9411636902643113,1.2633257631249601,0.410416348896153,0.4141887327171181,6.747214841083094,0.4385410975071907,0.9908921138529824,0.6782136671328657,15.591988678110058,0.6155105275166445,0.6309004484671911,0.6516694543725502,0.7179613876038067,0.47153070133330904,10.367863726718575,0.41466277641136906,1.522618539097636,0.8514648728884271,28.191007914268607,0.8518881442956475,0.7938966444161905,0.8148044312921864,0.10431116221334129,0.03477132404416866,20.427147404279374,0.4664742048950099,2.999919188606073,0.11928858721271257,28.655340838313528,0.2315762565277223,0.13953305478831307,0.12543222915032104
0.63,0.9408241677878868,1.264387973137119,0.40876622973001503,0.4125012290395449,6.747578245358973,0.43854970553524286,0.9909454831971621,0.675904199889962,15.571484785183461,0.6138613026519203,0.6289294313913054,0.6494779863665403,0.7195602838816364,0.47246807264797785,10.370337372250255,0.41477667985597955,1.5229818172661158,0.8511818747267503,28.160385390920784,0.8525559105854785,0.7941037504814961,0.8147900368167551,0.10507055880553309,0.035012826195047086,20.43393657241629,0.4666006689246273,3.0009162419569653,0.11969928160141884,28.66418352015402,0.23236886031851167,0.13998539711207603,0.1258650976161101
0.6325000000000001,0.9404836771602568,1.265445545689905,0.40712813081813537,0.41082575520369685,6.747946270885323,0.4385534531129522,0.990999531215544,0.6735928637219254,15.550696200301843,0.6122185765349075,0.6269626961285146,0.6472875258653394,0.7211383342922436,0.47339126298019873,10.37281210534848,0.4148918026784351,1.5233452551539968,0.8508557122787722,28.128844072494697,0.853209577873912,0.79429650533241,0.8147605247840172,0.1058322426341473,0.03525505251942299,20.440654615866777,0.4667272144315478,3.001902849977074,0.12024766430299506,28.705845376324135,0.23316090407436663,0.14043787090175103,0.1262970460143261
0.635,0.9401422177076094,1.2664984863792217,0.40550205067878176,0.40916231466940733,6.748318860249642,0.4385523291797421,0.9910542494765604,0.6712797571915766,15.529622802890282,0.6105824126045943,0.625000347142973,0.6450982038787424,0.7226955097845941,0.47430025957741473,10.375288003530713,0.41500812611547494,1.5237088641454488,0.8504868403798788,28.09639841629445,0.8538491652644458,0.7944749863817133,0.8147160228912615,0.1065962475191548,0.03549801460862563,20.447302390069368,0.4668540092496044,3.0028791382956133,0.12077111328001167,28.74131485202824,0.23395244644026073,0.1408905206803676,0.12672805848970672
0.6375000000000001,0.9397997887345073,1.2675468013766336,0.40388798796549985,0.40751091101073006,6.748695954646281,0.4385463242143462,0.9911096293440478,0.6689649797728713,15.508264509596577,0.60895287480161,0.6230424908151898,0.6429101552887231,0.7242317805423873,0.475195049242843,10.377765142926833,0.41512563090004173,1.524072655420863,0.8500757209394446,28.063063022554584,0.8544746904581515,0.794639269268574,0.8146566562957952,0.10736260806356179,0.03574172426594586,20.45388075512574,0.46698122200338454,3.0038452332266234,0.12126679198047044,28.769971604022704,0.23474354811923612,0.14134339490853376,0.12715812675742813
0.64,0.9394563895235248,1.268590497439667,0.402285941455782,0.40587154790382507,6.74907749387574,0.4385354302464657,0.9911656619771418,0.6666486318617828,15.486621275532913,0.6073300275542517,0.6210892354260158,0.6407235189166688,0.7257471159402747,0.47607561832346695,10.380243597962602,0.4152442972524142,1.5244366399103635,0.8496228227763186,28.028852630088615,0.8550861697577086,0.7947894278427541,0.8145825475994439,0.1081313597320297,0.03598619353208645,20.46039057590553,0.46710902173595953,3.0048012617843645,0.1217343247422154,28.79178496547661,0.23553427183189748,0.14179654597885522,0.12758725033204993
0.6425,0.9391120193349195,1.2696295819228898,0.40069591003894683,0.40424422911399976,6.749463416345465,0.4385196408676588,0.9912223383303951,0.6643308147862717,15.464693095529247,0.6057139357631741,0.6191406911374854,0.6385384375903507,0.7272414845007897,0.4769419526987363,10.382723441041142,0.41536410487183223,1.524800828247032,0.8491286214504493,27.993782111824252,0.8556836180766593,0.7949255341485127,0.8144938168345222,0.1089025389266564,0.03623143470996376,20.46683272195158,0.467237577560961,3.005747351669401,0.12217340511514269,28.80674095624136,0.2363246825224651,0.14225003017752946,0.1280154367265832
0.645,0.9387666774063478,1.2706640627896084,0.399117892703248,0.4026289584819205,6.7498536590722,0.4384989512414352,0.9912796491541228,0.6620116308153458,15.442480005397941,0.6041046647847378,0.6171969699704378,0.6363550582105434,0.7287148538522252,0.4777940377700839,10.385204742223188,0.41548503292870187,1.5251652307199475,0.8485935990906601,27.957866470224953,0.8562670489553074,0.7950476584082827,0.8143905814514555,0.10967618305877692,0.03647746038857913,20.473208067141545,0.46736705834195413,3.0066836312189067,0.1226620340658707,28.833232889759667,0.23711484755387194,0.14270390761715904,0.1284427016381956
0.6475,0.9384203629526207,1.2716939486240084,0.3975518885222291,0.40102573990901264,6.750248157685982,0.4384733581125222,0.9913375849949888,0.6596911831672153,15.419982083209137,0.6025022804130085,0.6152581857788493,0.634173531817188,0.7301671906876978,0.4786318584513722,10.387687568906943,0.41560706005747244,1.5255298572271718,0.8480182442186084,27.921120832598618,0.8568364745850291,0.7951558690061917,0.8142729563082372,0.11045233061577839,0.03672428346570993,20.479517489072176,0.46749763240108255,3.007610229316238,0.12316293985962637,28.862415621938627,0.23790483668298387,0.1431582421458182,0.12886906913854182
0.65,0.9380730751655046,1.272719248643584,0.39599789664034185,0.399434577342067,6.750646846435797,0.43844285981527503,0.9913961361968371,0.6573695760165419,15.397199450576132,0.6009068488604024,0.6133244542207991,0.6319940136549826,0.7315984607256455,0.47945539916038116,10.390171985508314,0.41573016435028504,1.5258947172287882,0.8474030515690053,27.883560446295224,0.8573919058407993,0.7952502324715293,0.814141053661919,0.11123102122208901,0.03697191716920871,20.48576186814401,0.46762946725791954,3.008527275256515,0.12363330212483543,28.884255510863223,0.23869472189036736,0.14361310123823073,0.12929457188629764
0.6525,0.9377248132135727,1.2737399727117236,0.3944559162578452,0.3978554747570687,6.75104965819698,0.4384074562811953,0.9914552929017775,0.6550469145007897,15.374132273950186,0.5993184367369795,0.611395892726003,0.6298166632382566,0.7330086286720051,0.48026464381144907,10.392658053142371,0.4158543233514955,1.5262598197001211,0.8469955839669133,27.853325273345707,0.8579333523161626,0.7953308134622453,0.8139949831623416,0.11201229569370058,0.03722037507674301,20.491942086337723,0.46776272939840124,3.009434898566914,0.12407283258258674,28.89874742118657,0.23948457709909404,0.1440685558755242,0.12971925137704907
0.655,0.9373755762421079,1.2747561313503564,0.39292594661500396,0.3962884361422676,6.751456524480417,0.4383671490455311,0.9915150450515381,0.6527233047256714,15.350780765923895,0.5977371110283878,0.6094726204598415,0.6276416444149758,0.7343976581843071,0.48105957580937786,10.3951458293068,0.41597951405318234,1.5266251730852474,0.8469088887238713,27.83411518004071,0.8584608223498741,0.7953976747485868,0.813834851848309,0.11279619608579913,0.03746967113385775,20.49805902568672,0.4678975840726622,3.0103332287823585,0.12448134326237752,28.90590956144502,0.24027447795736093,0.14452468042040237,0.13014315824132427
0.6575,0.9370253633730631,1.275767735752624,0.39140798697560386,0.3947334654805087,6.751867375443578,0.43832194125292256,0.9915753823890845,0.6503988537697002,15.327145186542426,0.5961629390724634,0.6075547582838144,0.6254691254296945,0.7357655118379288,0.48184017804470514,10.397635367568169,0.4161057128917539,1.5269907852509228,0.8467793106829758,27.813964180396724,0.8589743230384788,0.7954508771969683,0.8136607641464109,0.11358276573331978,0.0377198196702941,20.504113566465428,0.46803419511958166,3.011222395179446,0.12485875302746241,28.905784646229698,0.24106450184327607,0.14498155249468822,0.13056635259556149
0.66,0.9366741737050843,1.2767747977956019,0.38990203660980566,0.3931905667308422,6.752282139903474,0.4382718376620673,0.9916362944605239,0.6480736696878436,15.303225844621684,0.5945959885344854,0.6056424287123559,0.6232992789852563,0.7371121510947296,0.4826064328904449,10.400126717251792,0.41623289574577743,1.5273566634410347,0.8466072262699443,27.79288455523413,0.8594738602413259,0.7954904797541801,0.8134728218726925,0.11437204928448425,0.037970835414552914,20.510106585126408,0.46817272481492017,3.0121025264734995,0.1252050944479677,28.898441117596658,0.2418547280522209,0.14543925286603776,0.1309889044437002
0.6625,0.9363220063135999,1.2777773300531574,0.38840809477635596,0.3916597438094354,6.752700745351539,0.43821684464937183,0.9916977706172898,0.6457478615142893,15.27902309907259,0.5930363273811036,0.6037357558659496,0.6211322823030182,0.7384375362742877,0.4833583222003848,10.40261992313602,0.4163610379351526,1.5277228142317063,0.8463930209931744,27.77088879404229,0.8599594385824757,0.7955165394320239,0.8132711242373525,0.11516409272763038,0.038222733506744086,20.51603895203385,0.4683133337391001,3.0129737504857057,0.1256027219582955,28.902889974794565,0.24264523787249,0.14589786535020022,0.131410894119556
0.665,0.9359688602509806,1.2787753458091229,0.38692616070417973,0.3901410005698089,6.753123117970533,0.4381569702115651,0.9917598000186245,0.6434215392643227,15.254537360230412,0.5914840238529582,0.601834865420484,0.6189683171813464,0.7397416265279381,0.4840958273090249,10.4051150251517,0.41649011422175797,1.5280892434871587,0.8461370892954209,27.747989590559172,0.8604310614427131,0.7955291112924672,0.813055767852645,0.11595894341188245,0.03847552950981503,20.52191152905322,0.46845618066000705,3.013836193789135,0.1260820885324232,28.926006357227756,0.24343611448539787,0.14635747673452573,0.1318324127529883
0.6675,0.935614734546777,1.2797688590710095,0.3854562335733755,0.3886343407824197,6.753549182653477,0.4380922239672443,0.9918223716343598,0.6410948139353253,15.229769091188176,0.5899391464360102,0.5999398845527912,0.6168075700521056,0.7410243798158084,0.48481892903322965,10.407612058087683,0.41662009881169854,1.5284559563164628,0.8458398344005551,27.724199838218908,0.8608887309431145,0.7955282484333972,0.8128268467441296,0.11675665006243643,0.03872923941929869,20.527725167068297,0.4686014224256792,3.0146899813440915,0.12653517288942567,28.942908927445572,0.244227442844683,0.1468181767275147,0.13225356273691188
0.67,0.9352596282080341,1.280757884584581,0.38399831249564204,0.38713976811362205,6.753978863024663,0.4380226171573294,0.9918854742480033,0.6387677975069019,15.204718809133084,0.5884017638315909,0.5980509418823244,0.614650232034837,0.7422857528870273,0.4855276076756608,10.410111051303078,0.41675096535928285,1.5288229570312808,0.845501668155453,27.69953262546922,0.8613324479327089,0.7955140019750494,0.8125844523654102,0.11755726279143286,0.038983879671762804,20.533480703506036,0.46874921386142443,3.0155352361346197,0.12696220984978276,28.953701533837556,0.2450193097028071,0.1472800579380987,0.1326744581681767
0.6725,0.9349035402196897,1.2817424378496547,0.3825523964941611,0.385657286104032,6.754412081462772,0.4379481626444026,0.991949096460132,0.6364406029401447,15.179387086684715,0.5868719449251494,0.5961681674089281,0.6124964989882844,0.7435257012632758,0.4862218430300429,10.412612028447201,0.41688268697285485,1.5291902491047373,0.8451696832262,27.675529542116074,0.8617622119859235,0.7954864210471742,0.812328673616453,0.11836083310555615,0.03923946715217553,20.53917895995648,0.46889970766579314,3.016372078818964,0.12736354266762037,28.95851142404315,0.24581180371686082,0.14774321588708683,0.1330952252338259
0.675,0.9345464695450543,1.2827225351375642,0.38111848448296914,0.3841868981463276,6.754848759126137,0.4378688749109104,0.9920132266921041,0.6341133441760411,15.153774553233765,0.585349758753747,0.5942916924466648,0.6103465715588963,0.7447441792258385,0.4869016143883149,10.415115007187957,0.41701523622260206,1.5295578351315309,0.8449017428430056,27.654081817675078,0.8621780214097506,0.7954455527769954,0.8120595968655702,0.11916741391162067,0.039496019200426266,20.54482073997902,0.469053054299917,3.0172006274073957,0.12773963091966203,28.95749068900072,0.2466050154694298,0.14820774905185005,0.13351600251556492
0.6775,0.9341884151263761,1.2836981935107632,0.37969657524584743,0.3827286074625213,6.7552888159801405,0.4377847700562083,0.9920778531900813,0.6317861361330402,15.127881896279952,0.5838352744723536,0.5924216495536707,0.6082006552259006,0.7459411398063064,0.4875669005497047,10.417619998949641,0.4171485851504548,1.5299257167894271,0.8445902152865203,27.631663077315125,0.8625798732507094,0.7953914422780127,0.8117773059751086,0.11997705952147819,0.039753553617253155,20.55040682718721,0.46920940186502824,3.018020996980955,0.12809105867645307,28.950817744504498,0.24739903736323307,0.14867375894390591,0.13393694118945504
0.68,0.9338293758854866,1.2846694308450917,0.37828666741476946,0.38128241708074073,6.755732170826786,0.4376958657924292,0.9921429640293723,0.6294590947037841,15.101709862767594,0.5823285613189767,0.590558172458016,0.6060589603425061,0.7471165347810729,0.48821767983176656,10.420127008660954,0.4172827052821836,1.530293894802252,0.8442355282283667,27.608286988650885,0.8629677632971681,0.7953241326396855,0.8114818823308614,0.12078982565760005,0.0400120886698298,20.555937983702023,0.4693688959634598,3.018833299464291,0.12841854286818913,28.93869882952148,0.24819396358615037,0.1491413502176673,0.13435820510458474
0.6825,0.9334693507245231,1.28563626585526,0.37688875944794065,0.3798483298115598,6.756178741336412,0.4376021814391585,0.99220854711909,0.6271323367510192,15.075259260417278,0.5808296885786621,0.5887013959795645,0.60392170217275,0.7482703146697666,0.4888539300834101,10.422636034514273,0.41741756764179244,1.5306623689045393,0.8438381198411584,27.58396746586392,0.8633416860852163,0.7952436649180276,0.811173404875176,0.12160576946064688,0.04027164309725098,20.5614149490579,0.4695316795391031,3.01963764346501,0.12872294173646823,28.921369496263438,0.24898989015448902,0.14961063080728196,0.13477997073314385
0.685,0.9331083385267233,1.2865987181241134,0.3755028496074774,0.3784263482239261,6.7566284440815965,0.4375037379169016,0.992274590207131,0.6248059801026938,15.048530959051881,0.5793387255464227,0.5868514559478267,0.6017891009234685,0.7494024287377564,0.48947562869995115,10.425147067737118,0.41755314276829286,1.5310311378079673,0.843398438632467,27.558718664827783,0.8637016349076426,0.7951500781271436,0.8108519501437019,0.1224249495002399,0.0405322361161329,20.566838439636943,0.46969789269411816,3.0204341341905763,0.12900526324047715,28.899096062463606,0.2497869149218815,0.15008171208728338,0.13520242699406107
0.6875,0.932746338157278,1.2875568081362463,0.3741289359367644,0.3770164746207329,6.7570811945731535,0.43740055773932923,0.9923410808854618,0.6224801435462636,15.0215258919151,0.57785574148915,0.5850084891158225,0.5996613817708322,0.750512825002868,0.4900827526402075,10.427660092376842,0.4176894007349317,1.5314001991697397,0.8429169432716864,27.532554978055696,0.8640476018259358,0.79504340923172,0.8105175923056747,0.12324742578998629,0.04079388742650536,20.57220914869438,0.4698676724796338,3.021222873452058,0.12926667326162256,28.872176991505942,0.2505851376318031,0.15055470905173557,0.1356257749621124
0.6900000000000001,0.932383348464235,1.2885105573165216,0.37276701623754804,0.3756187110140896,6.757536907298302,0.43729266500429004,0.9924080065957241,0.6201549468222084,14.99424505698056,0.5763808056065409,0.5831726330699754,0.5975387748808338,0.751601450246444,0.490675278445664,10.430175085099595,0.41782631117093094,1.5317695495630606,0.8423941024096557,27.505491029468597,0.864379577684894,0.7949236931404833,0.8101704032075888,0.12407325980759541,0.041056617218124064,20.577527747023684,0.4700411526591973,3.0220039597618,0.1295085034246242,28.840944161052256,0.2513846600885528,0.15102974050573734,0.1360502274830755
0.6925,0.9320193682794304,1.289459988074002,0.37141708804681295,0.3742330591003483,6.757995495760898,0.4371800853835819,0.9924753546351439,0.6178305106167801,14.96668951824927,0.5749139869910656,0.5813440261360766,0.5954215154230863,0.7526682500288864,0.49125318226172654,10.432692015004694,0.41796384328578107,1.5321391844498728,0.8418303944908915,27.477541668980976,0.8646975521302768,0.7947909627006249,0.8098104524200667,0.1249025145206523,0.04132044617727119,20.58279488429202,0.47021846344480206,3.0227774885295515,0.12973225832592408,28.80576397568555,0.2521855861977586,0.15150692926258713,0.13647600872208848
0.6950000000000001,0.9316543964194335,1.2904051238517393,0.3700791486135031,0.37285952023494795,6.758456872523748,0.4370628461114739,0.9925431121627446,0.6155069565539877,14.938860407033271,0.5734553545871018,0.5795228072813757,0.5933098435772316,0.7537131687098092,0.4918164398610836,10.43521084345542,0.4181019658961118,1.5325090981560108,0.8412263075582401,27.448721966900635,0.865001513630979,0.7946452486931905,0.8094378072876675,0.125735254418301,0.04158539549404325,20.588011191057394,0.4703997312063859,3.0235435523586998,0.12993962193238365,28.767038273944312,0.252988021844916,0.15198640233961877,0.13690335367607817
0.6975,0.9312884316864742,1.2913459891827874,0.3687531948751471,0.37149809540714157,6.7589209492529285,0.4369409759719753,0.992611266205857,0.6131844071868436,14.91075892322311,0.5720049771493327,0.5777091160128606,0.5912040045312239,0.7547361494729327,0.49236502666918813,10.437731523927507,0.4182406474551461,1.5328792838489467,0.8405823390497337,27.41904720813774,0.8652914495072408,0.7944865798294038,0.8090525329813304,0.12657154554873856,0.041851486870049776,20.593177281457812,0.4705850781567241,3.0243022414412017,0.13013246288527902,28.72520497510552,0.2537920747888242,0.1524682911457122,0.13733250768151536
0.7000000000000001,0.9309214728693307,1.292282609752673,0.3674392234344531,0.3701487852146741,6.75938763676413,0.43681450528484844,0.9926798036669242,0.6108629859878606,14.882386336536358,0.5705629232004664,0.5759030922718115,0.5891042484706946,0.7557371343558363,0.4928989177918725,10.44025400187626,0.4183798560847234,1.5332497335182782,0.8398989955874183,27.388532886217636,0.8655673459657466,0.7943149827479093,0.8086546925530899,0.12741145556204597,0.04211874252636628,20.598293756541306,0.47077462201459175,3.025053644046628,0.1303128384173975,28.68073840636554,0.2545978544983051,0.15295273165375792,0.13776372594580108
0.7025,0.9305535187441387,1.2932150124684343,0.36613723053593883,0.3688115898384829,6.759856845070896,0.43668346589036644,0.9927487113305868,0.6085428173388241,14.853743987744604,0.5691292609883637,0.5741048763247316,0.5870108305585673,0.7567160642846862,0.4934180880450991,10.44277821462361,0.4185195596098582,1.5336204379591396,0.8391767927578759,27.357194697090794,0.8658291881416083,0.7941304820128782,0.8082443469926304,0.12825505375749063,0.042387185211502615,20.60336120818403,0.4709684756499037,3.0257978470975715,0.13057841843381582,28.655089324044052,0.2554054720638394,0.1534398645518848,0.13819727312472918
0.705,0.9301845680750909,1.2941432255341698,0.36484721204266607,0.367486509017493,6.760328483434796,0.4365478911328174,0.9928179758710508,0.6062240265198251,14.824833289875802,0.5677040584426615,0.5723146086507567,0.5849240109040321,0.757672879114035,0.4939225119868479,10.445304091266024,0.418659725595784,1.533991386758679,0.838416254884171,27.325048532733096,0.8660769601460226,0.7939331001129356,0.8078215552852038,0.12910241113404647,0.042656838209067884,20.60838022352252,0.471166746715234,3.026534936820569,0.1309727053488675,28.65760555262419,0.256215040293436,0.15392983536802549,0.13863342296057785
0.7075,0.9298146196149878,1.295067278532864,0.36356916341314766,0.36617354202358066,6.760802460417379,0.43640781584275895,0.9928875838597174,0.6039067396975506,14.795655729388685,0.5662873831310018,0.5705324298256789,0.5828440545199504,0.7586075176717831,0.49441216395113174,10.447831552604454,0.41880032138741224,1.5343625682857691,0.8376179147889331,27.292110474529128,0.8663106451164878,0.7937228574608415,0.8073863744703752,0.12995360044250065,0.04292772534473509,20.613351389807228,0.47136953726863495,3.027264999458885,0.13135029935282144,28.656312855629672,0.2570266737450861,0.15442279456333238,0.13907245798667991
0.71,0.9294436721055955,1.295987202514083,0.362303079678497,0.36487268763677566,6.7612786839339645,0.4362632763180311,0.9929575217730832,0.6015910839128046,14.766212867315668,0.564879302214942,0.568758480402712,0.5807712312676905,0.7595199178093686,0.49488701808412555,10.450360511097179,0.4189413141511277,1.534733969684083,0.8371984224736205,27.27195164055421,0.8665302252650504,0.7934997723938672,0.806938859701038,0.1308086962371644,0.04319987099203921,20.61827529956692,0.4715769433929997,3.027988122030957,0.1317129279236472,28.65161376048668,0.2578404886317276,0.15491889759102803,0.1395146692962617
0.7125,0.929071724277774,1.2969030300869502,0.3610489554198845,0.3635839441207777,6.761757061309079,0.43611431030353254,0.9930277760008811,0.5992771870672333,14.736506340370353,0.5634798824056254,0.566992900790155,0.5787058157883715,0.7604100164572394,0.4953470483823856,10.452890870836555,0.4190826709188287,1.535105576868679,0.8368815148393853,27.255564203635284,0.8667356819205557,0.7932638611748066,0.8064790643021014,0.13166777492489765,0.04347330007648095,20.623152555959596,0.4717890548173385,3.028704393116222,0.13206252643104627,28.643951257589677,0.25865660254363937,0.15541830491840197,0.1399603563673989
0.715,0.9286987748513292,1.2978147955176373,0.3598067847463657,0.36230730919885007,6.762237499333558,0.43596095696977194,0.9930983328544665,0.5969651779091922,14.706537862015146,0.5620891899193605,0.5652358311260993,0.5766480874194185,0.7612777496856407,0.4957922287331311,10.455422527550365,0.4192243586341219,1.5354773745261987,0.8365251894827738,27.23832067684815,0.8669269955644088,0.7930151379935785,0.8060070398282739,0.13253091480889767,0.04374803807735972,20.627983778174798,0.47200595454524846,3.0294139036485035,0.13240124509170895,28.633809709137388,0.25947513420247353,0.1559211820107892,0.14040982693344387
0.7175,0.9283248225345512,1.2987225348304632,0.35857656127313997,0.3610427800301575,6.762719904323171,0.4358032568902029,0.9931691785754267,0.5946551860186928,14.676309223484273,0.560707290433201,0.5634874111503543,0.574598330095302,0.7621230527707321,0.49622253295655183,10.457955368628557,0.41936634420058033,1.5358493461187945,0.8361298873664267,27.220234715122327,0.8671041458634279,0.7927536149693909,0.8055228361203615,0.13339819612451076,0.04402411102672443,20.632769606745526,0.4722277184955636,3.0301167476961117,0.13273145411198728,28.62171534666425,0.260296203372444,0.15642769927741249,0.14086339689018784
0.72,0.927949866023396,1.2996262859115482,0.3573582781002945,0.3597903531866064,6.7632041821787094,0.4356412520173534,0.9932402993444062,0.5923473417913298,14.645822294756863,0.5593342490405419,0.5617477800737513,0.5725568322312846,0.7629458602660303,0.49663793485010077,10.460489273175876,0.4195085945319899,1.536221473891858,0.8356960588144237,27.20132018800495,0.8672671117003382,0.792479302153485,0.8050265013595694,0.13426970106420658,0.044301545504812447,20.63751070862579,0.4724544151596838,3.0308130232075303,0.13305574660182257,28.608236275641605,0.2611199308629628,0.15693803197987719,0.14132139023775123
0.7225,0.9275739040002791,1.3005260886138748,0.35615192779208044,0.3585500246302412,6.763690238447401,0.4354749856577609,0.9933116812901244,0.5900417764210797,14.615079025474337,0.5579701302068638,0.5600170764450078,0.5705238865889616,0.7637461060791569,0.4970384082347299,10.463024112090789,0.41965107660451967,1.5365937388856126,0.8352241632480728,27.181591172091764,0.8674158711945106,0.7921922075325083,0.8045180821193426,0.13514551378882023,0.04458036863134643,20.642207781892044,0.4726861052794166,3.031502832701869,0.1333769388177641,28.59398190190766,0.26194643843367155,0.15745236010481273,0.14178413906651255
0.725,0.9271969351324416,1.3014219848625117,0.354957502356765,0.3573217896912444,6.76417797838556,0.4353045024457246,0.993383310498578,0.5877386218818305,14.584081445795764,0.5566149977257572,0.5582954380153307,0.568499790122356,0.7645237235538549,0.49742392700302085,10.465559748171058,0.4197937575107782,1.5369661209506154,0.8347146689081788,27.161061943106812,0.8675504017144438,0.7918923370326262,0.8039976234143715,0.13602572042221864,0.04486060805207804,20.64686155993356,0.4729228415483537,3.032186283884256,0.13369806727444056,28.579601692804324,0.26277584854325114,0.15797086820261544,0.14225198361133834
0.7275,0.9268189580698668,1.3023140187586943,0.353774993227094,0.35610564304658143,6.764667307022312,0.43512984831588675,0.9934551730223985,0.5854380109074878,14.552831667184487,0.5552689146752888,0.5565830016009463,0.5664848438033054,0.7652786455572246,0.49779446516916764,10.468096036245962,0.41993660451574083,1.5373385987671773,0.8341680525640474,27.1397469676384,0.8676706798926143,0.791579694524538,0.8034651687464923,0.1369104090266966,0.04514229192000676,20.651472815008255,0.47316466833887616,3.0328634901680487,0.13402238225553256,28.56578318626863,0.2636082841079902,0.15849374519442083,0.14272527241534103
0.73,0.9264399714427217,1.303202236681398,0.35260439124139636,0.3549015786993294,6.765158129224264,0.43495107047465503,0.9935272548903503,0.5831400769704826,14.521331883118844,0.5539319433747446,0.5548799029437516,0.5644793524248741,0.7660108045721181,0.4981499969207634,10.47063282333523,0.4200795851145592,1.5377111498687035,0.8335847992097408,27.117660894546958,0.8677766816461011,0.7912542818296334,0.802920760147307,0.13779966955664508,0.0454254488707619,20.656042361055842,0.47341162145587395,3.0335345710879675,0.13435333726003268,28.553249164297586,0.26444386815883436,0.1590211841493127,0.14320436266118955
0.7325,0.9260599738583049,1.3040866873849848,0.3514456866253573,0.35370958995872054,6.765650349760976,0.4347682173704825,0.9935995421169457,0.580844954258494,14.489584369719605,0.5526041453418109,0.5531862765702933,0.5624836243815314,0.7667201327946217,0.49849049667234996,10.47316994883445,0.42022266709228445,1.5380837506689218,0.8330001702817725,27.095949501929898,0.867868382203587,0.7909160987275802,0.8023644382174584,0.1386935937883679,0.04571010799171684,20.660571055679185,0.47366372791721895,3.034199652591078,0.1346945739403582,28.5427539137322,0.26528272347470006,0.15955338203333777,0.14368962074208483
0.735,0.9256789638974916,1.3049674220914629,0.35029886897448265,0.35252966942093183,6.766143873371034,0.4345813386630211,0.9936720207121474,0.5785527776491936,14.457591486286415,0.5512855812502744,0.5515022556492953,0.5604979714248666,0.7674065622365471,0.4988159391206878,10.475707244726692,0.4203658185855553,1.538456376492962,0.8324999621922757,27.077401775852785,0.867945756151823,0.7905651429656992,0.8017962421625887,0.13959227522433876,0.04599629878450407,20.665059801226896,0.47392100575998203,3.0348588671957826,0.13504990212865023,28.535078507716296,0.26612497234829025,0.16009053943117293,0.14418142315324728
0.7375,0.9252969401106711,1.3058444945758219,0.3491639272372805,0.35136180895065167,6.766638604828596,0.4343904851911734,0.9937446766911432,0.5762636826828242,14.42535567573582,0.5499763108882983,0.5498279718479666,0.5585227083936527,0.76807002483284,0.4991262993017046,10.478244535819853,0.42050900814630193,1.5388290016122117,0.8319608040097047,27.058003176198877,0.8680087775153429,0.7902014102705308,0.8012162098260937,0.1404958089706855,0.046284051120717075,20.669509544934577,0.47418346387037585,3.035512354012559,0.13542327460900128,28.531025055923326,0.2669707364124132,0.16063286024028953,0.14468015778567284
0.74,0.924913901013175,1.306717961242851,0.34804084969918325,0.3502059996634567,6.767134449010163,0.4341957089400707,0.99381749608415,0.5739778055324345,14.392879464933365,0.5486763931173566,0.5481635551873583,0.5565581529171534,0.7687104525538057,0.4994215526490808,10.480781640009258,0.4206522048075126,1.539201599282883,0.8313832140174742,27.03776935833239,0.868057419759011,0.7898248943620342,0.8006243777188354,0.1414042915872458,0.04657339519071797,20.67392127810762,0.4744511018344616,3.0361602586239513,0.13581875637851115,28.53140989102485,0.26782013647596886,0.16118055133622955,0.14518622569498943
0.7425,0.9245298450802076,1.3075878811937798,0.34692962396724414,0.3490622319090357,6.767631310961485,0.4339970630070169,0.9938904649462412,0.5716952829716095,14.360165464912894,0.5473858858319324,0.5465091338970482,0.5546046250906452,0.7693277775220372,0.499701675054425,10.483318368564872,0.42079537815108214,1.53957414178819,0.8307677195016925,27.016716181006593,0.8680916558069969,0.7894355869708869,0.8000207810460268,0.14231782091014203,0.04686436144561209,20.678296034355018,0.47472390980582124,3.0368027328251848,0.1362404882501905,28.537055683012408,0.26867329235738974,0.1617338222061888,0.14570004339816858
0.745,0.924144770741292,1.3084543162810127,0.34583023695564524,0.3479304952553051,6.768129095964358,0.4337946015664493,0.9939635693671556,0.5694162523395753,14.32721637097671,0.546104845919968,0.5448648342694803,0.5526624471222682,0.76992193213391,0.49996664292898696,10.485854526442381,0.42093849837771935,1.5399466004840372,0.8301148563171316,26.99485969405352,0.8681114580857788,0.7890334778593557,0.7994054537315056,0.1432364958474539,0.047156980532600826,20.682634886909057,0.47500186838567937,3.0374399342305396,0.13669264478582674,28.548782501737815,0.2695303226994414,0.16229288454655405,0.14622204571917402
0.7475,0.9237586763742504,1.309317331149199,0.34474267487206656,0.3468107784734744,6.768627709603147,0.43358837983397813,0.9940367954810666,0.5671408515035941,14.29403496267116,0.5448333292242179,0.5432307805143155,0.5507319429504504,0.7704928491854809,0.5002164332668406,10.488389912617478,0.4210815363788317,1.5403189458481092,0.8294251684445607,26.972216125871178,0.8681167985853255,0.7886185548462015,0.7987784284396074,0.14416041614919978,0.0474512832240741,20.686938945090407,0.4752849485103848,3.038072025754215,0.13717938670547652,28.567397880945197,0.2703913447531437,0.16285795181841523,0.14675268916186968
0.75,0.9233715602987466,1.3101769932608782,0.3436669232049781,0.34570306952412216,6.769127057830923,0.43337845402958614,0.9941101294762963,0.5648692188186072,14.260624103633099,0.5435713905046904,0.5416070946131885,0.5488134378313309,0.771040462002601,0.500451023709457,10.490924320442351,0.4212244638102272,1.540691147532227,0.8286992075417843,26.94880187077927,0.8681076489115369,0.7881908038360596,0.7981397365948364,0.145089682153449,0.047747300340948186,20.69120935000002,0.47557311134074604,3.0386991749776437,0.13770480809893565,28.593685973308467,0.2712564741907444,0.16342923875344398,0.14729245573612765
0.7525000000000001,0.9229834207694236,1.3110333729050014,0.34260296671192825,0.34460735554436556,6.769627047035016,0.43316488134008113,0.9941835576049414,0.5626014930841441,14.226986741303987,0.5423190834022881,0.5399938961753152,0.5469072578958094,0.7715647045750035,0.5006703926115638,10.49345753802357,0.42136725316738566,1.5410631744178418,0.8279375324908311,26.924633476318665,0.8680839803290933,0.7877502088536844,0.7974894083994863,0.14602439451095167,0.04804506267088822,20.695447269538572,0.47586630814746894,3.0393215534180524,0.13827287895809418,28.628395924358607,0.27212582494439536,0.16400696080095267,0.14784185710339984
0.755,0.9225942559686718,1.3118865431867517,0.3415507894089168,0.34352362283621185,6.770127584101886,0.43294771988091424,0.9942570661924007,0.5603378134985623,14.193125906509419,0.5410764604037253,0.5383913022944316,0.5450137296760635,0.7720655116940871,0.5008745191081606,10.495989348620261,0.4215098778619531,1.5414349946745136,0.8271407089438727,26.89972763057403,0.8680457638273719,0.7872967520834124,0.7968274728493404,0.14696465389116467,0.048344600882170054,20.699653892869385,0.47616448018687035,3.0399393357152857,0.13888738375028253,28.672229632112114,0.27299950871641204,0.16459133350549746,0.14840143884410123
0.7575000000000001,0.9222040639990703,1.3127365799973003,0.3405103745609511,0.34245185685619234,6.770628576481207,0.43272702865748974,0.9943306416467863,0.5580783196107315,14.159044712903096,0.5398435728078831,0.5367994274075808,0.5431331796016198,0.7725428190940515,0.5010633831825383,10.498519531061408,0.42165231229901035,1.541806575821193,0.8263093088705291,26.874101149602232,0.86799297019586,0.7868304139141222,0.7961539577475433,0.14791056067295388,0.048645945434028184,20.703830424452367,0.4764675585611614,3.0405526987556377,0.13955185695254893,28.725829096807175,0.27387763438140567,0.1651825718031372,0.14897178458461
0.76,0.9218128428755488,1.3135835619623975,0.33948170467389327,0.341392042206388,6.771129932249056,0.43250286752610534,0.9944042704682032,0.5558231512693186,14.124746356275198,0.5386204706938122,0.5352183831563085,0.5412659334653279,0.7729965635959835,0.5012369657351062,10.501047860180936,0.4217945319545682,1.5421778847901189,0.8254439101093068,26.84777096505221,0.8679255701043826,0.7863511729899133,0.7954688897167256,0.1488622146235458,0.04894912648440263,20.707978077783316,0.47677546405790144,3.0411618207524076,0.140269516654923,28.789763599306102,0.2747603075009076,0.16578088922347822,0.14955351966053781
0.7625000000000001,0.9214205905173185,1.3144275703690538,0.33846476148771215,0.3403441626269601,6.771631560170162,0.4322752971546715,0.994477939257892,0.5535724485698617,14.09023411372618,0.5374072028905778,0.5336482782508393,0.5394123158598493,0.7734266832544306,0.5013952486528144,10.503574107269147,0.4219365134526493,1.5425488879931162,0.8245450959259991,26.82075411206553,0.8678435341822927,0.785859006266653,0.7947722942094556,0.14981971456947465,0.04925417379603237,20.712098068975642,0.4770881069637378,3.0417668803033147,0.14104319750601496,28.864516975239535,0.2756476300023565,0.1663864969840151,0.15014731393944739
0.765,0.9210273047396275,1.3152686890699459,0.3374595259712511,0.3393082009902954,6.77213336975915,0.43204437898336256,0.994551634727222,0.5513263517998231,14.055511342707105,0.5362038169491018,0.5320892183378307,0.5375726495855644,0.7738331175059308,0.5015382148789156,10.506098040538683,0.4220782346412376,1.5429195513900258,0.8236134545819773,26.793067717549775,0.8677468330902237,0.7853538890744821,0.7940641955171259,0.15078315806332762,0.04956111664184912,20.716191610319804,0.4774053868482714,3.042368055444643,0.14187528440577685,28.950475272746218,0.276539699992571,0.16699960296309174,0.15075388338486362
0.7675000000000001,0.9206329832453953,1.3161070043655694,0.33646597831861996,0.33828413929687223,6.772635271340735,0.4318101751853518,0.9946253437065322,0.5490850013818172,14.020581479928227,0.5350103591161931,0.5305413058723001,0.5357472550310808,0.7742158073189127,0.5016658484827958,10.508619425603225,0.4222196746663171,1.5432898405590068,0.8226495789154002,26.76472898892119,0.8676354375822116,0.784835795186308,0.7933446167774102,0.15175264105002317,0.049869983710600745,20.720259903950076,0.4777271923148265,3.0429655227211447,0.14282632006204143,29.059852589741567,0.27743661148124404,0.16762041053817023,0.15137398991881892
0.77,0.9202376236167903,1.316942604864553,0.33548409794730216,0.33727195867293563,6.773137176108865,0.4315727486277754,0.9946990531538166,0.5468485378151728,13.985448040136946,0.5338268743108956,0.5290046399943045,0.5339364495278268,0.7745746953443314,0.5017781347295757,10.51113802596664,0.42236081404318127,1.5436597207683724,0.8216540659385116,26.735755203416943,0.8675093185594566,0.7843046968922727,0.7926135799805298,0.15272825753618996,0.050180803013584005,20.724304135739214,0.4780534007160689,3.043559456289415,0.14389371429394207,29.19191269640557,0.27833845399124146,0.16824911727707414,0.15200843913688256
0.7725,0.9198412233068088,1.3177755813228553,0.3345138634980518,0.33627163937005455,6.773638996184735,0.4313321628330575,0.9947727501632441,0.5446171016159421,13.950114614765688,0.5326534061033282,0.5274793164109395,0.5321405466805021,0.7749097260663689,0.5018750601491806,10.513653603520291,0.4225016347241796,1.5440291570496245,0.8206275164543253,26.706163698082232,0.8673684471201248,0.7837605650801507,0.7918711059746423,0.15371009926595078,0.05049360179329495,20.728325469529032,0.4783838778337861,3.044150027070597,0.14500068207347905,29.330918537392165,0.2792453120260581,0.1688859134715939,0.15265807545211343
0.775,0.9194437796309286,1.3186060264627952,0.3335552528366273,0.3352831607666048,6.7741406446736825,0.4310884819407111,0.9948464219735142,0.542390833255401,13.914584870449175,0.5314899966960659,0.5259654272841743,0.5303598556754623,0.7752208459525105,0.501956612604572,10.516165919045877,0.42264212016207436,1.5443981142713,0.8199260512321725,26.687543468730926,0.8672127946097589,0.7832033693216165,0.7911172144708054,0.15469825540608298,0.050808406434717596,20.732325041790475,0.47871847752373375,3.044737401966164,0.14614680584344059,29.476717883683616,0.2801572645092699,0.16953098050536136,0.15332377429666966
0.7775,0.9190452897588992,1.3194340347729643,0.3326082430573792,0.33430650137119217,6.774642035720877,0.43084177066970436,0.9949200559760357,0.5401698730969994,13.878862547408984,0.5303366869081246,0.5244630611250013,0.5285946805694082,0.7755080036023068,0.5020227813588469,10.518674732720951,0.42278225536821085,1.5447665572132114,0.8193148957346028,26.672255237457026,0.8670423326737272,0.7826330779643336,0.7903519240481203,0.15569281224314468,0.05112524237987501,20.73630395678958,0.4790570413282138,3.0453217431479946,0.14733109174557557,29.629044213726164,0.2810743845624703,0.17018448905130681,0.15400643109506998
0.78,0.9186457507067509,1.3202597022900457,0.3316728104886746,0.33334163882799844,6.775143084565779,0.43059209428145934,0.9949936397229243,0.5379543613316288,13.842951457701869,0.5291935161617395,0.5229723026943228,0.5268453195610583,0.7757711498941472,0.5020735571409276,10.521179804624227,0.42292202696475345,1.5451344506406561,0.8186673536121513,26.656174033716738,0.8668570333110864,0.7820496582298327,0.7895752521598063,0.15669385289474178,0.05144413404616501,20.74026328231785,0.479399398060983,3.0459032074313392,0.148551937750821,29.787512016039347,0.2819967394135802,0.1708465970983297,0.15470694684297537
0.7825,0.9182451593290978,1.3210831263633638,0.3307489307001049,0.3323885499239956,6.775643707595229,0.4303395185435204,0.995067160934799,0.5357444379109766,13.806855483326315,0.5280605224718692,0.5214932329109425,0.5251120642487894,0.7760102381294081,0.5021089322096008,10.523680895237462,0.4230614232302994,1.5455017593781215,0.8179839806580979,26.639316051956676,0.8666568689291467,0.7814530763171995,0.7887872151411471,0.15770145703668884,0.05176510474890435,20.744204046025807,0.47974536337113294,3.0464819457363648,0.14980710924731844,29.9516136836011,0.28292439007385234,0.1715174478120557,0.15542621027921402
0.785,0.9178435123118145,1.3219044054026987,0.32983657851139175,0.3314472105979431,6.776143822395112,0.43008410969390704,0.99514060750837,0.5335402424786457,13.770578574180373,0.5269377424382862,0.5200259287669683,0.5233951988775426,0.7762252241733782,0.5021289004156936,10.526177765940718,0.42320043413825487,1.54586844838202,0.8172653385658122,26.621697604869226,0.8664418124017118,0.7808432975126314,0.78798782822041,0.1587157006473967,0.05208817662841028,20.748127232378657,0.4800947392947091,3.0470581026410692,0.15109372289638343,30.120718130245322,0.2838573910657365,0.17219716724065434,0.1561650768228676
0.7875,0.9174408061651823,1.322723638609489,0.32893572800286974,0.33051759595105124,6.7766433478003965,0.42982593440614164,0.9952139675237872,0.5313758058375868,13.735000774293594,0.5258252112401597,0.5185704632508948,0.521694999578616,0.7764160665924275,0.5021334572622199,10.52867017949763,0.4233390513874247,1.546234482811955,0.8165119945562949,26.6033351138437,0.8662118371335198,0.7802202863050121,0.7871771055340199,0.15973665577041948,0.05241337058186463,20.752033780232914,0.4804473138049771,3.0476318160253832,0.15240823939726686,30.29407122205631,0.28479579031921776,0.17288586188355343,0.1569243446540214
0.79,0.9170370372175893,1.323540925691106,0.32804635252740466,0.32959968025916686,6.777142203943458,0.4295650597549271,0.9952872292517372,0.5292245258828042,13.699437801447786,0.5247229626331098,0.51712690527858,0.5200117336062802,0.7765827267869355,0.5021225999623685,10.531157900527305,0.4234772684243347,1.5465998281000228,0.8157245210460901,26.58424510076068,0.8659669171283952,0.7795840065077005,0.7863550601474303,0.16076439029571937,0.0527407062001308,20.75592458101278,0.4808028603743552,3.048203216803356,0.15374646561505886,30.47079807700169,0.28573962904633937,0.1735836161483299,0.15770472853451556
0.7925,0.9166322016098883,1.324356366557488,0.32716842472357877,0.32869343698632253,6.777640312300437,0.4293015531824397,0.9953603811602505,0.5270794936867131,13.663711882205673,0.5236310289486412,0.5156953196323083,0.5183456585754855,0.7767251691195592,0.5020963274952424,10.533640695959422,0.42361508045685614,1.5469644500176496,0.8149034953602139,26.564444181272613,0.8657070270564832,0.7789344213868215,0.7855217040832936,0.16179896775986888,0.0530702017096322,20.759800477446568,0.4811611375630314,3.0487724287375846,0.15510356633000674,30.649907245400698,0.28668894143388346,0.17429048972884598,0.15850683217792624
0.795,0.9162262952905087,1.3251700609991184,0.3263019165299669,0.32779883879947175,6.778137595735507,0.4290354824652002,0.9954334119212039,0.5249408342101104,13.627826857701288,0.5225494410958159,0.5142757669081106,0.516697021705237,0.776843361038462,0.5020546406592922,10.536118335469057,0.42375248445874175,1.5473283147394485,0.8140494994944719,26.543949059705337,0.8654321423189009,0.7782714937964151,0.7846770483586949,0.1628404471651112,0.053401873919350154,20.763662262806044,0.48152188865112083,3.0493395683275084,0.15647408566825025,30.83029674378928,0.2876437543825101,0.17500651494553726,0.15933112016715087
0.7975,0.9158193140114298,1.325982108345234,0.32544679920031805,0.3269158575842314,6.778633978542829,0.4287669156814899,0.9955063104164812,0.5228086718381151,13.591786624762477,0.5214782285649323,0.5128683034714951,0.5150660590725198,0.7769372731951645,0.501997542123407,10.53859059188776,0.42388947916469966,1.5476913889035908,0.81316311993122,26.52277652570494,0.8651422391121786,0.7775951863208795,0.7838211030333712,0.163888882816948,0.05373573817296045,20.767510680576976,0.4818848413327943,3.049904744761021,0.1579503310227321,31.030083773756765,0.2886040871782618,0.17573169409630252,0.16017789056300835
0.8,0.9154112533251164,1.3267926071012912,0.3246030433194564,0.32604446446144725,6.7791293864860425,0.42849592117929164,0.9955790657437729,0.5206831302939565,13.555595132998857,0.5204174194330076,0.5114729814217542,0.513452994881928,0.7770068795567004,0.5019250364756409,10.541057241587426,0.4240260650556407,1.548053639668181,0.8122874220659043,26.502329260987377,0.8648372944957929,0.7769054614252145,0.7829538772710188,0.16494432417972144,0.05407180830609954,20.771346424477596,0.48224970749206636,3.0504680599171863,0.15948545950999682,31.239916964741457,0.2895699511262827,0.17646599687330955,0.16104724942888338
0.8025,0.9150021085825216,1.3276016545651579,0.3237706188197187,0.3251846298044029,6.7796237468351155,0.4282225675447501,0.9956516672219881,0.5185643325471492,13.519256381674593,0.5193670403709355,0.5100898485649942,0.5118580407563879,0.7770521575117569,0.5018371302695536,10.54351806483347,0.42416224433372546,1.5484150347631238,0.811468191534519,26.484100452329198,0.8645172864649571,0.7762022816136395,0.7820753794159706,0.16600681574951257,0.05441009660873363,20.7751701387338,0.4826161830807668,3.05102960840665,0.1610336761758757,31.450758425135554,0.29054134945594734,0.17720935790683676,0.16193908849923244
0.805,0.9145918749322478,1.3284093464222235,0.3229494949977512,0.32433632325649325,6.780116988400504,0.4279469235711655,0.995724104396271,0.5164524007158031,13.482774416362748,0.5183271166521453,0.5087189483960474,0.5102813950545388,0.7770730879704596,0.5017338320681285,10.545972846103695,0.42429802088682667,1.5487755425369518,0.8106143941802726,26.465118414719424,0.8641821940299913,0.775485609597229,0.7811856170877265,0.16707639694358536,0.05475061379259462,20.778982418516268,0.4829839481195642,3.051589477635839,0.16258660387742274,31.660962532802994,0.29151827767912525,0.1779616745016212,0.16285306713508368
0.8075,0.9141805473209565,1.329215776320636,0.3221396405314898,0.32349951374918834,6.7806090415644755,0.42766905822855483,0.9957963670426013,0.5143474559629385,13.446153325380667,0.5172976721626356,0.5073603200894118,0.5087232422204628,0.7770696554574211,0.5016151524852106,10.548421374369287,0.42443340024201853,1.5491351319980948,0.8097266320099729,26.44540027911279,0.8638319973031441,0.7747554084712375,0.7802845972959901,0.16815310200557293,0.05509336896364487,20.782783810445537,0.48335266684268374,3.0521477478811323,0.16413544768143504,31.86882222805904,0.2925007243367139,0.1787228046337456,0.16378859953784244
0.81,0.9137681204950944,1.3300210354290756,0.32134102349715143,0.3226741695201067,6.781099838309674,0.4273890406338314,0.995868445171989,0.5122496183867715,13.409397236009244,0.5162787294122588,0.5060139984993421,0.507183752171472,0.7770418481976002,0.5014811042243554,10.550863443334242,0.42456838950770664,1.5494937728500395,0.8088055119160883,26.424963276244792,0.863466677591865,0.7740116419027964,0.7793723265789911,0.16923695992561305,0.055438369599536956,20.78657481307547,0.4837219880061076,3.052704492359865,0.1656710734783519,32.07258531176991,0.2934886716929764,0.17949256527658175,0.1647448479440642
0.8125,0.9133545890039908,1.330825211980839,0.3205536113860593,0.321860258131017,6.7815893122449475,0.4271069400216718,0.9959403290342673,0.510159006905059,13.372510310502037,0.515270309547073,0.5046800141691907,0.5056630797296241,0.7769896581944221,0.5013317021149345,10.553298851629307,0.42470299730404165,1.5498514355198123,0.8078516458259979,26.403824744100497,0.8630862174959032,0.7732542743296043,0.7784488111678942,0.17032799437469687,0.05578562153204068,20.790355877274443,0.4840915453775219,3.0532597772863093,0.16718409052069835,32.270471219250815,0.29448209618045473,0.18027073112252098,0.1657207222180407
0.8150000000000001,0.9129399472043572,1.3316283908094022,0.3197773711211162,0.32105774648557106,6.782077398628576,0.42682282571615476,0.9960120091215044,0.5080757391337055,13.33549674189388,0.5142724323625503,0.5033583933500471,0.504161364102485,0.7769130812994937,0.50116696314526,10.555727402956524,0.42483723368130655,1.5502080911792073,0.8068656509324241,26.382002138017455,0.86269060100585,0.7724832711700903,0.7775140571799497,0.1714262236525744,0.056135128934417536,20.794127406434256,0.48446095842408904,3.053813661902354,0.16866493676743438,32.46068804048812,0.29548096870178575,0.18105703376308968,0.16671488592289826
0.8175,0.9125241892661932,1.3324306528819931,0.3190122690727274,0.3202666008465548,6.782564034389125,0.4265367671032636,0.9960834761710656,0.5059999312599476,13.29836074962229,0.5132851163173783,0.5020491580286625,0.5026787284184113,0.7768121172731041,0.5009869064924092,10.558148906180238,0.4249711100260487,1.5505637117581514,0.8058481500033652,26.35951304337571,0.8622798135929768,0.7716985990452783,0.77656807084265,0.17253166064865924,0.05648689431372714,20.79788975645083,0.4848298332112923,3.054366198474671,0.17010396593365443,32.641449566009584,0.2964852546479257,0.18185116138361604,0.16772576861485947
0.8200000000000001,0.9121073091800767,1.3332320748389572,0.31825827107395827,0.3194867868524272,6.783049158144223,0.4262488336043611,0.9961547211683706,0.503931697910572,13.261106574979218,0.5123083785475705,0.5007523259645843,0.5012152793212876,0.7766867698345364,0.5007915535483264,10.560563175360342,0.4251046389548235,1.5509182699495874,0.8047997717675123,26.3363751907549,0.8618538422801595,0.7709002260121861,0.7756108587504932,0.17364431281547665,0.05684091850805226,20.801643235434856,0.48519776352271216,3.05491743225222,0.17149153517349874,32.8109921483903,0.2974949134608813,0.18265275902009043,0.16875158379936472
0.8225,0.911689300765789,1.3340327285477829,0.3175153424346937,0.3187182695328949,6.783532710217565,0.42595909465075105,0.9962257353493915,0.5018711520157609,13.223738476415159,0.5113422348805967,0.49946791073634106,0.4997711066292288,0.7765370467010502,0.5005809279416674,10.562970029723553,0.42523783419553907,1.5512717392052537,0.8037211513683764,26.312606473352027,0.8614126756974599,0.7700881218080742,0.774642428154954,0.1747641821543023,0.05719720068862564,20.80538810312653,0.4855643322067415,3.055467401380297,0.1728180923603452,32.967591181366494,0.29850989821824264,0.18346142941557533,0.1697903517374392
0.8250000000000001,0.9112701576821941,1.3348326806815367,0.31678344795455315,0.31796101332325133,6.784014632654647,0.4256676196594519,0.9962965102029631,0.49981840466932775,13.186260724722901,0.5103866998492753,0.49819592179644,0.4983462830612224,0.7763629596142327,0.500355055554748,10.565369293568532,0.4253707104565192,1.5516240937217523,0.802612930877231,26.288224966354218,0.8609563041311221,0.7692622581041915,0.7736627872869427,0.17589126521274243,0.05755573836683591,20.809124570004293,0.48592911275206524,3.0560161367696472,0.17407426197078874,33.109577011488284,0.29953015546764056,0.18427673450194246,0.17083992611423246
0.8275,0.9108498734382603,1.3356319923320683,0.31606255193429894,0.31721498207719767,6.784494869237665,0.4253744780103192,0.9963670374729707,0.49777356498629893,13.148677598133673,0.5094417867051672,0.4969363645348604,0.4969408640351024,0.776164524352273,0.5001139645348464,10.56776079610086,0.4255032832835328,1.5519753084163126,0.8014757598515446,26.263248947851917,0.8604847195692092,0.7684226087669218,0.7726719457094563,0.17702555309411855,0.05791652740608227,20.812852796094294,0.48629167108936006,3.0565636619216177,0.175263343184699,33.237704461869995,0.300555625009724,0.18509819752037066,0.17189802348822972
0.8300000000000001,0.9104284414050917,1.3364307186687083,0.3153526181854741,0.31648013907784983,6.784973365500165,0.4250797390246593,0.996437309160502,0.49573673995900797,13.11099337736488,0.5085075074311184,0.49568924035064216,0.49555488753955873,0.7759417607266256,0.4998576852990389,10.570144371194374,0.42563556890516924,1.5523253588917412,0.8003102959220819,26.237696920765277,0.8599979157436938,0.7675691501234171,0.7716699146963482,0.17816703147865395,0.058279562038443686,20.81657288950419,0.4866515676122404,3.0571099927128382,0.176926371082183,33.45439931707505,0.3015862398378623,0.18592530578151578,0.17296225442924457
0.8325,0.9100058548288048,1.3372289086531455,0.31465361003799863,0.3157564470466375,6.785450068741993,0.4247834719454819,0.9965073175260426,0.49370803431309845,13.07321234066484,0.5075838727525708,0.4944545467310935,0.4941883740821523,0.775694692561511,0.4995862505317012,10.572519857075784,0.4257675840670592,1.552674221390105,0.7991172053884454,26.211587635145925,0.8594958881693214,0.7667018612280436,0.7706567076313533,0.17931568065662576,0.05864483488612906,20.820284904723188,0.4870083594061012,3.057655137145562,0.1785346977161775,33.65921564752279,0.3026219262733684,0.18675751405406707,0.17403015531783034
0.835,0.9095821068440642,1.3380266048207756,0.3139654903454615,0.31504386814979884,6.785924928045244,0.4244857459195371,0.996577055091818,0.49168755036507095,13.035338758906887,0.5066708921471869,0.4932322773380553,0.4928413267144943,0.7754233476547743,0.49929969517382294,10.574887095930324,0.4258993458555613,1.553021872734818,0.7978971637998327,26.184940110117104,0.858978634179132,0.765820724125292,0.7696323404198092,0.18047147557384907,0.05901233698768377,20.8239888407485,0.4873616026692663,3.0581990950725197,0.18007875363716155,33.85045934920154,0.3036626043310854,0.187594248558964,0.17509921990378918
0.8375,0.9091571904880728,1.338823843137881,0.31328822148784624,0.3143423640021827,6.786397894291782,0.42418662998127277,0.9966465146443669,0.48967538788323783,12.99737689079122,0.5057685738522834,0.4920224221005805,0.491513731134895,0.7751277577188248,0.4989980564033605,10.57724593342721,0.42603087151165414,1.5533682902609496,0.7966508564953529,26.157773654633132,0.8584461529554838,0.7649257241043225,0.7685968319041071,0.18163438589009293,0.05938205782894266,20.82768463911716,0.48771085530678415,3.058741857907875,0.18154914554885188,34.02649028792402,0.3047081883338882,0.1884349115360928,0.17616692988857807
0.84,0.9087310987147937,1.339620652942551,0.3126217653714374,0.3136518956680748,6.7868689201830374,0.4238861930388248,0.9967156892374485,0.4876716439541522,12.959330978218784,0.5048769248697741,0.4908249673132829,0.4902055558678762,0.7748079583007015,0.4986813736060074,10.579596218164646,0.42616217823590613,1.5537134517337179,0.7953789790767306,26.130107886183453,0.8578984455542419,0.7640168499401051,0.7675502042729122,0.18280437605126115,0.05975398537873447,20.831372181939773,0.48805567967334545,3.059283408338458,0.18293675621841107,34.18574028054794,0.3057585871498459,0.18927888634085255,0.17723078398544467
0.8425,0.9083038244091741,1.3404170569752074,0.31196608342565574,0.3129724236587716,6.787337960262645,0.42358450386212493,0.9967845721953669,0.48567641285675334,12.921205241906128,0.5039959509682858,0.48963989573951394,0.4889167525190047,0.7744639886807717,0.4983496883359964,10.581937801035584,0.4262932829855491,1.554057335255348,0.7940822377856237,26.101962746540593,0.8573355149167156,0.7630940941161586,0.7664924834536927,0.18398140537636168,0.060128106129348255,20.835051290047478,0.4883956454381244,3.059823720051632,0.18423284098478304,34.3267301094029,0.30681370393916985,0.19012554301939,0.17828832510235657
0.845,0.9078753604011379,1.3412130715020227,0.3113211365965739,0.31230390792662815,6.78780497094252,0.4232816310731674,0.9968531571168007,0.48368978594657946,12.883003877313342,0.503125656682044,0.48846718671839895,0.4876472561025383,0.7740958917501597,0.49800304426685016,10.58427053451685,0.42642420226486166,1.5543999191606703,0.7927613497583282,26.07335851365883,0.8567573658659147,0.7621574530242811,0.7654236994781315,0.1851654281603733,0.060504405141753384,20.838721721374,0.4887303325408892,3.060362757497682,0.185429119518872,34.44808533713865,0.30787343596669436,0.1909742443031864,0.17933716546882228
0.8475,0.9074456994791177,1.3420087065315263,0.3106868853368628,0.31164630785531106,6.788269910532844,0.4229776431384308,0.9969214378792073,0.48171185155246293,12.844731050959117,0.5022660453061362,0.4873068162746426,0.48639698543841353,0.7737037138676822,0.49764148713236867,10.586594271885717,0.4265549519102864,1.5547411819020693,0.7914170431322067,26.04431580887135,0.8561640050909015,0.7612069271372933,0.7643438868105334,0.18635639379402658,0.06088286609550563,20.84238316969827,0.4890593342055214,3.060900475705157,0.18651786157792252,34.54855071163119,0.30893767545236905,0.19182435195555653,0.18037500967500128
0.85,0.9070148344029145,1.3428039661214832,0.3100632895919184,0.31099958224599294,6.788732739276336,0.42267260836339937,0.9969894086438549,0.4797612719674698,12.806886799150908,0.5014171188877257,0.4861587572298811,0.4851658436141672,0.7732875046978375,0.4972650646585417,10.588908866369895,0.4266855468719446,1.5550811019246502,0.7900500569807208,26.014855598605198,0.8555554411236452,0.7602425211516662,0.7632530846302734,0.18755424690117914,0.06126347134315628,20.84603526386846,0.4893822599742143,3.0614368201669127,0.18759526962026202,34.646081705366335,0.31000631093602193,0.19267523339398018,0.1813996757013175
0.8525,0.9065827579156961,1.3435988487699813,0.3094503087819274,0.31036368929923713,6.789193419387062,0.42236659488908246,0.9970570638615232,0.4778760788971721,12.770490991526895,0.5005788782127508,0.48502297931423477,0.48395371850648555,0.7728473170321786,0.4968738264875003,10.59121417023862,0.42681600099348116,1.5554196575327577,0.7886611410573521,25.984999189933244,0.854931684311098,0.7592642440978957,0.7621513370605613,0.1887589274938352,0.06164620196879738,20.84967756761449,0.48969873872321246,3.061971726812574,0.188798632548486,34.76598992266146,0.31107922746980116,0.19352626850260912,0.18240911408546526
0.855,0.9061494627549741,1.3443933478818393,0.3088479017796407,0.30973858659234227,6.789651915093879,0.42205967069038125,0.9971243982788821,0.4760002368604761,12.734051366120902,0.4997513227876575,0.4838994492766032,0.4827604833562698,0.772383206597181,0.4964678240950315,10.593510033844288,0.4269463267924348,1.5557568267492299,0.7872510553327622,25.954768219404265,0.8542927468024775,0.7582721094175474,0.7610386933372149,0.1899703711439162,0.06203103785012029,20.853309580032935,0.49000842161917463,3.06250512207975,0.1898853567550087,34.863542715229855,0.31215630661810223,0.19437685653852593,0.18340142540223742
0.8575,0.9057149416624383,1.3451874522992682,0.30825602688365766,0.30912423105195347,6.790108192688461,0.421751903576117,0.9971914069455464,0.47413381558136547,12.69757173929347,0.49893445081575793,0.4827881309921657,0.4815859973903909,0.7718952318524479,0.49604711070355934,10.59579630462612,0.4270765352435815,1.5560925871690785,0.785820569314125,25.924184634733454,0.8536386424933841,0.7572661350069254,0.7599152079125778,0.19118850916965266,0.06241795772304236,20.856930736796485,0.49031098497425374,3.063036923091655,0.19084904236658434,34.937769995797794,0.3132374264661917,0.1952264230234305,0.1843748762245975
0.86,0.9052791873925681,1.3459811468842935,0.3076746417870668,0.30852057892180224,6.7905622205776615,0.4214433611904964,0.9972580852217648,0.47227688135039475,12.661055881837612,0.49812825916782466,0.4816889855655001,0.4804301064827397,0.7713834537837493,0.4956117411928223,10.59807282608926,0.42720663556791044,1.5564269158095578,0.7843704611405709,25.89327066909189,0.8529693869449481,0.7562463432283149,0.7587809404911958,0.1924132688330221,0.06280693924758744,20.860540412103333,0.49060613295796074,3.063567037943393,0.19168408792923317,34.98785981463682,0.31432246231200694,0.19607442649975038,0.1853279136986166
0.8625,0.9048421927199729,1.3467744131398927,0.3071037035413595,0.3079275857255112,6.791013969339818,0.4211341110157586,0.9973244287866885,0.4704734930004873,12.62568820034384,0.49733274334662814,0.4806019714277348,0.47929264384675274,0.7708479356959345,0.49516177201074824,10.60033943677431,0.42733663503003905,1.5567597889588336,0.7829015164540121,25.862048807902713,0.8522849973272242,0.7552127608906611,0.7576359559953254,0.19364457354310968,0.06319795907332146,20.86413792134098,0.4908936001248984,3.064095366093164,0.19238572574983037,35.01316247172481,0.3154112875292505,0.19692036501749038,0.18625917880783235
0.865,0.9044039504454614,1.3475672298569985,0.30654316851561186,0.3073452062244937,6.791463411784331,0.42082422037571765,0.9973904336471219,0.46869713134503005,12.590761972524367,0.4965478974452731,0.4795270444261948,0.47817343075134866,0.7702887430112113,0.49469726108722534,10.60259596923441,0.427466538746949,1.5570911820257554,0.7814145270501988,25.83054174823214,0.8515854923584332,0.7541654192023872,0.7564803244598023,0.194882343058798,0.06359099290228654,20.867722524400392,0.49117315371954445,3.064621798848979,0.19327433727032642,35.07203919671352,0.3165037742516348,0.19776378220655452,0.18716751833149176
0.8675,0.9039644534008575,1.348359573775279,0.30599299235103894,0.3067733943710877,6.791910523013759,0.4205137564398776,0.9974560961466405,0.46693038669192644,12.555812523960407,0.4957737140992872,0.47846415790510904,0.47707227725214646,0.7697059430786015,0.4942182677536149,10.604842249038152,0.4275963495109014,1.5574210693934263,0.7799102893206977,25.79877235105387,0.850870892232304,0.7531043536998449,0.7553141208573592,0.19612649368297286,0.06398601554709599,20.87129342954188,0.49144459572236504,3.0651462199363984,0.19453059382582155,35.19689216294391,0.3175997940432758,0.1986042727802264,0.1880519954225336
0.87,0.9035236944526186,1.3491514202466373,0.30545312991113127,0.30621210325718917,6.792355280487283,0.4202027862277617,0.9975214129749129,0.4651733106902809,12.520843338444651,0.4950101844325307,0.4774132627760962,0.47598898292996117,0.7690996050006116,0.4937248526709307,10.60707809381815,0.4277260676292678,1.5577494242794763,0.7783996938579953,25.767097637538214,0.8501412185418209,0.752029604155664,0.7541374248571482,0.19737693843966658,0.06438300098169723,20.874849797688583,0.4917077646054869,3.065668506129076,0.1956646347548242,35.298777327065324,0.3186992186213773,0.19944148731061967,0.18891189865090993
0.8725,0.9030816665043221,1.3499427438913878,0.3049235352277091,0.30566128505877616,6.79279766408433,0.4198913766130558,0.9975863811770431,0.4634259523703617,12.48585787473291,0.49425729799714524,0.47637430757735694,0.47492333762888356,0.7684697994832662,0.4932170777696415,10.60930331238599,0.42785569078379404,1.5580762186060846,0.7771407380059853,25.74406143186011,0.849396494216078,0.7509412144720324,0.7529503205210818,0.19863358722541327,0.0647819223823268,20.878390747009654,0.49196253677072244,3.066188527921837,0.19667195601253584,35.377090899385024,0.3198019204821695,0.20027513611789374,0.1897467492816187
0.875,0.9026383624981057,1.350733519237863,0.3044041614433455,0.30512089097684786,6.793237656166751,0.4195795943271252,0.9976509981627028,0.46168835831099414,12.450859571220127,0.49351504270795027,0.47534723852074623,0.4738751221867431,0.7678165987156408,0.49269500620403006,10.611517703934755,0.4279852139114893,1.5584014228828615,0.7758590403537242,25.720583833575812,0.8486367434651277,0.7498392325647053,0.7517528959446838,0.19989634692669242,0.06518275215640314,20.881915357654208,0.4922088276476711,3.066706150225906,0.19754895501161981,35.43139860711057,0.3209077720779687,0.20110499212342856,0.1905563064905337
0.8775000000000001,0.9021937754151567,1.3515237213366607,0.3038949607507271,0.30459087117542677,6.79367524163779,0.41926750596142925,0.9977152617147909,0.4599605728248212,12.41585185116388,0.49278340477203897,0.47433199952618454,0.4728441091514108,0.7671400762849009,0.4921587023239551,10.613721057350553,0.4281146291089288,1.558725006105742,0.7745554095067554,25.696687996893754,0.8478619917394594,0.748723710244299,0.7505452428513618,0.20116512149674298,0.06558546195754321,20.88542267651087,0.4924465924346367,3.067221233067892,0.1982929388088917,35.46143467500524,0.3220166453197869,0.2019308925341578,0.1913405701710975
0.88,0.901747898275351,1.352313326340893,0.30339588432962106,0.30407117471737977,6.794110407995868,0.4189551779683281,0.9977791699973326,0.4582426381578266,12.380838128339912,0.4920623686139382,0.4733285322431754,0.47183006347719225,0.7664403071325512,0.4916082316667111,10.615913150653709,0.4282439255612781,1.5590469356749181,0.7732306542328238,25.672397085617447,0.8470722657169414,0.747594703102136,0.749327456151384,0.20243981198722102,0.06599002268554349,20.888911721893063,0.492675826469982,3.067733632277865,0.19890211847837397,35.46709835061222,0.32312841153660327,0.20275273925152287,0.19209978095762067
0.8825000000000001,0.9013007241361476,1.3531023120438128,0.30290688228220286,0.3035617494989104,6.794543145380958,0.41864267665975924,0.99784272156229,0.4565345946986697,12.345821812988671,0.4913519167966355,0.47233677605951835,0.4708327431964841,0.765717367557125,0.4910436609714303,10.618093750589384,0.4283730894968197,1.559367177334717,0.7718855812017414,25.64773420026013,0.8462675933199452,0.7464522704084956,0.7480996334791781,0.20372031653304207,0.06639640447100176,20.89238148808689,0.49289656522609737,3.0682432001572577,0.19937559018480114,35.44844811649051,0.32424294192866737,0.2035704979339051,0.19283441709219873
0.885,0.9008522460908442,1.3538906583651966,0.30242790356756094,0.3030625421836349,6.794973446611332,0.4183300682032571,0.9979059153549588,0.4548364811925359,12.310806317886515,0.49065202994031787,0.4713566680976222,0.46985190006285815,0.7649713352678426,0.49046505821813074,10.620262612385115,0.42850210416720663,1.5596856951379952,0.7705209926858739,25.622722303252853,0.8454480037655137,0.745296475031554,0.7468618747247879,0.20500653029210855,0.06680457664522531,20.895830949740866,0.49310888392230284,3.068749786123537,0.1997133037936025,35.4056937856874,0.32536010922883923,0.20438419568501173,0.19354518779662674
0.8875000000000001,0.9004024572662895,1.3546783477780753,0.3019588959362348,0.30257349813719775,6.795401307208327,0.41801741861479547,0.9979687507176049,0.4531483349534308,12.275795064352547,0.4899626866397419,0.47038814319914124,0.46888728016280395,0.7642022894928343,0.48987249269304517,10.622419479690409,0.4286309498531174,1.5600024514372655,0.7691376842704228,25.597384143841502,0.8446135276520478,0.7441273833854593,0.7456142815771962,0.20629834534522562,0.06721450769710383,20.899259066121452,0.49331289675670836,3.06925323733517,0.19991602016789,35.339186727682204,0.3264797882180103,0.205193917390741,0.19423302288051186
0.89,0.8999513508201338,1.3554653656677984,0.3014998058656568,0.30209456136338925,6.795826725406968,0.4177047937479502,0.9980312273910252,0.4515671256011006,12.243419664074437,0.48928386338115526,0.46943113389893987,0.46793862449442686,0.763410311144343,0.4892660350812805,10.624564084709814,0.4287596038944544,1.560317406904241,0.7677364426252036,25.571742184367928,0.843764197085164,0.7429450654158208,0.7443569570985645,0.2075956505650749,0.06762616521964494,20.90266478530057,0.4935087557603978,3.069753399306601,0.19998525859521496,35.249408517757786,0.3276018545419056,0.2059998007810397,0.19489905842178007
0.8925000000000001,0.899498919937675,1.3562517006159551,0.30105057849735983,0.30162567444271415,6.796249702150317,0.41739225927890333,0.9980933455137172,0.45117128577276877,12.242953513366844,0.48861553445978717,0.46848557038968214,0.46700566951249084,0.762595483041888,0.48864575758715145,10.626696148536748,0.4288880407437531,1.5606305205788606,0.7663180433901285,25.54581852966688,0.8429000458437047,0.7417495946303231,0.7430900053490491,0.2088983314663527,0.06803951584979834,20.906047048375687,0.49369664928042667,3.0702501165280096,0.19992323604091658,35.136958340558735,0.32872618444754037,0.20680203034814967,0.19554461849294336
0.895,0.8990451578283241,1.3570373446021684,0.3006111575767963,0.30116677847432366,6.7966702410658835,0.4170798806868435,0.9981551056184149,0.4507752271163515,12.242279298741023,0.48795767189907197,0.4675513804785948,0.46608814764022527,0.7617578901927397,0.4880117340817102,10.628815381690531,0.42901623204105216,1.5609417499481575,0.7648832492247578,25.519634861270482,0.8420211095844516,0.740541048181123,0.7418135310814675,0.21020627005182174,0.06845452520595673,20.909404793846946,0.493876800101235,3.0707432331081335,0.19984100119568307,35.021501400296096,0.32985265418285875,0.20760083030511547,0.1961711930702209
0.8975,0.8985900577216775,1.3578222931169566,0.30018148539658246,0.30071781302218015,6.7970883484227045,0.4167677232293557,0.9982165086257855,0.45037891575531674,12.241396460244179,0.4873102453727543,0.4666284895382292,0.4651857877493287,0.7608976201272041,0.48736404027608027,10.630921484853516,0.42914414670813456,1.5612510510545126,0.7634328080679171,25.493212377989458,0.8411274260825351,0.7393195070041388,0.7405276395235775,0.2115193446708618,0.06887115782805872,20.912736962286473,0.49404946321742743,3.071232593460001,0.2003815435484857,35.01543091575001,0.3309811386776127,0.20839645681515986,0.1967804124450204
0.9,0.8981336128631484,1.3586065451786038,0.2997615027439618,0.3002787160662768,6.797504033068205,0.41645585191244994,0.9982775558351566,0.44998231515185544,12.240304431968818,0.48667322213098163,0.46571682045330587,0.4642983156105277,0.7600147632842469,0.4867027539182122,10.633014149799404,0.4292717510597814,1.561558378631988,0.7619674516463427,25.466571744229494,0.8402190355038778,0.7380850560182383,0.7392324362629255,0.21283742990797097,0.06928937712548562,20.91604250143119,0.4942149232746898,3.0717180430488575,0.20113394486467492,35.04621600204406,0.3321115105675054,0.20918918976050552,0.19737401864853651
0.9025,0.8976758165090909,1.359390103246218,0.2993511488532683,0.2998494239596943,6.797917306344676,0.4161443314549475,0.9983382489122509,0.4495853857672377,12.23900263343689,0.4860465669314664,0.46481629356600357,0.4634254543178846,0.7591094134409034,0.48602795500964036,10.635093060497605,0.4293990089294859,1.5618636862685122,0.7604878942617871,25.43973304710698,0.839295980705813,0.736837784384733,0.7379280272451204,0.21416039651850527,0.06970914533791729,20.919320371814024,0.4943734917001038,3.072199429219164,0.201765637237413,35.0557667140504,0.3332436395193806,0.20997932434581124,0.19795383458871707
0.905,0.8972166619213415,1.3601729730200804,0.29895036136417125,0.2994298713922533,6.798328181985702,0.41583322624704977,0.9983985898739746,0.4491880847808212,12.237490462355035,0.48543024197685986,0.4639268266223445,0.46256692469078037,0.7581816681768113,0.48533972603775793,10.63715789437221,0.4295258818069341,1.5621669265907716,0.7589948318743245,25.412715763059687,0.8383583075614855,0.7355777858245531,0.7366145188910865,0.215488111427731,0.07013042351398524,20.922569553020775,0.49452550354838387,3.0726766021134737,0.2022777006982712,35.044460020253695,0.33437739167063796,0.21076716284465138,0.19852173177155819
0.9075,0.8967561423611297,1.3609551631193222,0.29855907628650064,0.2990199913615016,6.798736675993757,0.41552260030304183,0.9984585810704417,0.4487903658734087,12.235767288892648,0.48482420685951544,0.4630483347225929,0.46172244565806425,0.7572316293631363,0.4846381522180978,10.639208323687857,0.42965232898446915,1.562468051467738,0.7574889414863368,25.385538734224557,0.8374060653032503,0.7343051589871386,0.7352920183325845,0.21682043780707952,0.0705531715119465,20.925789050625205,0.49467131409657555,3.073149415690918,0.20267169989579545,35.012752785851426,0.33551262895168055,0.21155300679611158,0.19907959762152327
0.91,0.8962942510823687,1.3617366846263885,0.2981772279724703,0.2986197151517605,6.799142806500922,0.41521251720825814,0.9985182251645196,0.4483921790791515,12.233832451595255,0.4842284185148598,0.4621807302788201,0.46089173462925437,0.7562594036632407,0.4839233217401444,10.641244017028828,0.4297783077097034,1.562767012227889,0.7559708808176452,25.358220154401252,0.8364393068795977,0.7330200078616526,0.7339606337584645,0.2181572352384558,0.07097734802572879,20.928977903817064,0.49481129522634343,3.073617728847453,0.20294962008174747,34.96116955683294,0.336649208674553,0.2123371499421176,0.19962930351454525
0.9125,0.8958309813244291,1.3625175504881948,0.29780474909712135,0.2982289723219321,6.799546593615407,0.4149030400606329,0.9985775251092883,0.4479934707085455,12.231685255002569,0.48364283118463386,0.4613239229829584,0.4600745078578419,0.7552651030308132,0.48319532600939746,10.64326464083239,0.4299037733414181,1.5630637598843917,0.7544412882484456,25.330777563967796,0.8354580893154694,0.73172244221784,0.7326204748572068,0.21949835997374587,0.071402910638609,20.932135193701356,0.49494583163981404,3.074081406634685,0.20311380593645414,34.89029103264743,0.33778698380293043,0.21311987216485948,0.20017267467828906
0.915,0.8953663263046221,1.363297774765828,0.2974415706477855,0.2978476907027107,6.799948059257344,0.41459423140738444,0.9986364841239258,0.44759418334327467,12.229324968993856,0.4830673963912874,0.4604778197887055,0.4592704808016599,0.7542488451899846,0.4824542598778337,10.6452698609331,0.43002867950589446,1.5633582453619008,0.7529007829941191,25.303227852695898,0.8344624740611959,0.7304125780609897,0.7312716533348677,0.22084366529250513,0.07182981590554226,20.93526005221603,0.4950753169615582,3.074540321569518,0.2031669049426228,34.80074350760116,0.33892580385559967,0.21390143463878902,0.20071146308762602
0.9175,0.8949002792107726,1.364077371728452,0.29708762192329136,0.29747579640374655,6.800347226987838,0.41428615317761214,0.9986951056686028,0.4471942559018095,12.226750829835119,0.48250206292473125,0.4596423249105472,0.4584793684849171,0.7532107540813968,0.48170022185467315,10.647259344071843,0.43015297825084914,1.563650419718173,0.7513499654655695,25.275587269058242,0.8334525273035198,0.7290905380833101,0.7299142834821313,0.22219300195644842,0.07225801946382931,20.938351671591914,0.49520014978517085,3.074994355023432,0.20311181666304812,34.693189494548385,0.3400655157401099,0.21468207635518388,0.20124732438275872
0.92,0.8944328331944167,1.3648563547929773,0.2967428305435006,0.29711321383115324,6.8007441218357165,0.41397886661180633,0.9987533934190382,0.446793623772775,12.223962042853934,0.4819467768423839,0.4588173398428871,0.45770088586586366,0.7521509602584314,0.48093331428953323,10.649232759322658,0.430276620194208,1.563940234353611,0.7497894177612113,25.247871434353392,0.8324283202385546,0.7277564520927907,0.7285484827601721,0.22354621875507313,0.07268747617047495,20.94140931426566,0.4953207297274723,3.0754433986782965,0.20295164888034375,34.568319672157536,0.3412059641793429,0.21546201211203958,0.20178179966370816
0.9225,0.8939639813653084,1.3656347353190676,0.29640712246955486,0.2967598657155444,6.801138770126513,0.41367243218946603,0.9988113512413851,0.4463922190112719,12.22095778662125,0.4814014814832367,0.45800276340182045,0.4569347482131673,0.7510696012189698,0.4801536435207126,10.651189779391789,0.43039955466503405,1.5642276412020406,0.7482999956582336,25.222801727204835,0.8313899293068548,0.7264104574004716,0.7271743723728146,0.22490316313279246,0.07311814026333792,20.94443232315217,0.495437453556123,3.0758873560349693,0.20268968113758506,34.42684622282315,0.34234699211887,0.21624143199168888,0.2023163027760016
0.925,0.8934937167880413,1.366412521279026,0.2960804220349517,0.29641567315052375,6.801531199318165,0.4133669095561694,0.9988689831681005,0.4459899705916315,12.21773721847663,0.4808661174964532,0.45719849179147515,0.4561806714930111,0.7499668216602161,0.479361319982513,10.653130081747793,0.4305217298340326,1.564512592896679,0.7470834604588772,25.207189878648283,0.8303374363803109,0.7250526991480208,0.7257920777920881,0.22626368188457968,0.07354996554208566,20.947420132186114,0.4955507114570532,3.0763261439614196,0.2023293357996661,34.26949755593732,0.34348844136877676,0.21702050227718275,0.20285211341401474
0.9275,0.8930220324816516,1.3671897158337112,0.29576265198726953,0.2960805556412751,6.801921437847538,0.4130623574515413,0.998926293375406,0.4455868047086136,12.214299481197063,0.48034062288461854,0.4564044186961061,0.4554383727677185,0.7488427736471994,0.47855645826713616,10.655053349548579,0.4306430928311765,1.5647950429062774,0.7458469804191954,25.191170560717744,0.829270928895095,0.7236833305595262,0.7244017292056938,0.22762762190450464,0.07398290556411193,20.950372277049183,0.4956608835063808,3.076759694268126,0.20187415635791872,34.09701434432205,0.34463015305612316,0.21779936769048938,0.20339037605253318
0.93,0.8925489214230469,1.3679663158582815,0.29545373354005505,0.29575443116262046,6.802309514991165,0.4127588336395979,0.9989832861628366,0.4451826451179425,12.21064371058192,0.4798249330613497,0.455620435398337,0.4547075706055148,0.7476976166894218,0.4777391771386983,10.656959272340938,0.43076358984811525,1.565074945637855,0.7445912203949688,25.174761410280396,0.828190499927164,0.7223025131042785,0.7230034618578506,0.22899483096976528,0.07441691385000077,20.953288406004845,0.49576833640745643,3.0771879552992627,0.20132779234529968,33.91014674338992,0.34577196799981064,0.21857815477524584,0.20393210439978013
0.9325,0.8920743765550038,1.3687423104743934,0.29515358643410994,0.29543721622567237,6.802695460742957,0.41245639484292973,0.9990399659352809,0.44477741350635985,12.20676904370945,0.4793189809226552,0.45484643092314525,0.45398798549987635,0.7465315177244558,0.47690959949911593,10.65884754652018,0.43088316622314604,1.565352256504201,0.7433168337898972,25.15797965123674,0.8270962482092146,0.7209104165607769,0.7215974162591632,0.23036515854187367,0.07485194409283727,20.956168290761926,0.49587342054759137,3.0776108935281186,0.20069398993391507,33.70965261577044,0.34691372733383424,0.21935697619785474,0.20447819077334567
0.935,0.8915983907992385,1.3695176796573112,0.29486212900719216,0.29512882595202733,6.803079305710504,0.41215509668210176,0.9990963371877523,0.44437102988119165,12.20267462761567,0.47882269693118495,0.45408229220645646,0.4532793402959585,0.745344651011734,0.47606785230785625,10.660717875550361,0.4310017665066415,1.565626931956216,0.742024462706543,25.140842102127703,0.8259882780900427,0.7195072189759217,0.720183738246189,0.23173845656643557,0.07528795036565511,20.95901183727677,0.4959764674212915,3.0780284951434957,0.20052323927023702,33.58786139166578,0.34805527324728597,0.22013593570602105,0.20502941955854334
0.9375,0.8911209570747292,1.3702923929955697,0.2945792782710063,0.2948291741543466,6.8034610810308465,0.41185499362151334,0.9991524044930183,0.44396341296971725,12.198359628153916,0.4783360092121952,0.4533279042865903,0.4525813606208305,0.7441371979439562,0.4752140664596009,10.662569969959202,0.43111933450495726,1.5658989294821666,0.7407147380035415,25.123365181064784,0.8248666994390432,0.718093106517085,0.718762578876902,0.23311458025328258,0.07572488732152409,20.96181909638024,0.4960777874579698,3.0784407676103855,0.20068155024189208,33.52174922134858,0.3491964499277977,0.2209151334650311,0.20558648373543575
0.9400000000000001,0.8906420683210425,1.3710664086855042,0.29430494999429396,0.2945381734221505,6.803840818305445,0.41155613892277176,0.9992081724920516,0.4435544806194487,12.193823238813422,0.47785884365983383,0.4525831505163138,0.45189377531376806,0.74290934678704,0.4743483766255617,10.664403547133803,0.4312358133010268,1.566168207577684,0.7393882792150862,25.105564906388338,0.8237316275003179,0.7166682732182472,0.7173340941540318,0.23449338881938245,0.07616271038115276,20.96459027407987,0.49617766828268295,3.078847741182938,0.20074325564371476,33.439957878419015,0.35033710487801106,0.2216946714895568,0.206150003366993
0.9425,0.8901617175259259,1.3718396728409663,0.2940390587908499,0.29425573521169973,6.804218549553408,0.41125858460638737,0.9992636458871603,0.4431441501916249,12.189064689304969,0.47739112405248146,0.4518479127929016,0.45121631685261876,0.7416612923621201,0.4734709210653783,10.66621833095363,0.43135114525013823,1.566434725691864,0.7380456942976371,25.087456891740565,0.8225831827033757,0.7152329206244697,0.715898444574044,0.23587474617779713,0.07660137590334326,20.967325741344787,0.49627637342891673,3.0792494703414643,0.2007103086338066,33.34294918921014,0.35147709044983855,0.2224746589015351,0.20672054492860245
0.9450000000000001,0.8896798977559333,1.3726121191881056,0.29378151821134946,0.2939817699389315,6.804594307181213,0.4109623814223108,0.999318829437541,0.4427323389417403,12.184083253759463,0.476932772175977,0.45112207180337716,0.4505487217722698,0.7403932356845168,0.4725818414171406,10.668014051303862,0.43146527194984097,1.5666984441557992,0.7366875791792126,25.069056334579326,0.8214214904395215,0.7137872573416308,0.7144557945052368,0.2372585215568878,0.07704084133413554,20.97002604313723,0.49637414151323495,3.07964603511881,0.20058489706029195,33.231218506475415,0.3526162652889819,0.223255216770609,0.20729864042202584
0.9475,0.889196602188395,1.3733836691950545,0.29353224083796314,0.2937161870745298,6.804968123966601,0.41066757882949484,0.999373727956914,0.44231896438257373,12.17887825842695,0.47648370795334205,0.450405507281974,0.44989073107144895,0.739105383574845,0.4716812824731145,10.669790443515307,0.431578134183594,1.5669593241003228,0.7353145170979724,25.050377997540252,0.8202466808140269,0.7123314985005292,0.7130063114039058,0.23864459003500335,0.07748106533098484,20.972691906420547,0.49647118587294226,3.080037542276395,0.20036945048900145,33.105295379867975,0.3537544952340324,0.22403648232964263,0.2078848053415683
0.9500000000000001,0.8887118241427153,1.374154232656963,0.2932911383808214,0.2934588952403173,6.805340033053881,0.4103742249843032,0.9994283463128335,0.44190394462684923,12.173449088806244,0.47604384957964085,0.44969809827680124,0.44924209060443626,0.7377979482565526,0.47076939194825596,10.671547247775942,0.431689671838681,1.56721732736959,0.7339270777285453,25.031436182456844,0.819058888383926,0.7108658651462111,0.7115501648826429,0.24003283297711273,0.07792200785882465,20.975324246856765,0.4965676946599678,3.080424126287822,0.20065542264200104,33.0627589933285,0.35489165361864766,0.22481861240036308,0.20847955472883786
0.9525,0.8882255571088143,1.3749237087200523,0.29305812177547036,0.2932098023062418,6.805710067957655,0.41008236673721715,0.999482689427235,0.4414871987081791,12.167795196175135,0.47561311366090553,0.4489997234227015,0.44860255145469785,0.7364711469523788,0.4698463202476836,10.673284208554211,0.43179982380006915,1.5674724164363822,0.7325258161059431,25.012244697244594,0.8178582518900916,0.7093905835647349,0.7100875256494209,0.24142313836139512,0.07836363025538837,20.977924173916144,0.49666383137702064,3.080805950089258,0.2011728692869208,33.05858212715651,0.3560276212202412,0.2256017859094448,0.20908341674539
0.9550000000000001,0.8877377947705861,1.375691987288013,0.2928331012805189,0.2929688154872947,6.806078262571795,0.40979204963694554,0.9995367622777529,0.4410686468802532,12.161916103525934,0.4751914153558585,0.4483102612173564,0.44797187028796304,0.7351252014897289,0.4689122202380634,10.675001074066204,0.4319085278232214,1.5677245543238585,0.731111271367272,24.99281681622179,0.8166449139907421,0.7079058845605204,0.708618564339887,0.24281540098577675,0.07880589526371358,20.980492994158254,0.4967597358357687,3.081183205561296,0.2023050674298699,33.15527782449646,0.35716228603389255,0.2263862054198318,0.20969694339101183
0.9575,0.8872485310225413,1.3764589507154708,0.29261598657473126,0.292735841439752,6.806444651180621,0.40950331794075556,0.9995905698993631,0.4406482108952585,12.155811410938721,0.4747786685191324,0.44762959029783106,0.44734980968279725,0.7337603379220772,0.4679672470264684,10.676697595808909,0.43201572039029873,1.5679737045370088,0.7296839653400435,24.973165234749953,0.8154190210024929,0.7064120026979174,0.7071434502680479,0.2442095225468185,0.07924876703033802,20.983032212507826,0.4968555255114181,3.0815561137163203,0.20336442866045723,33.23965871079936,0.35829554321789325,0.22717209764285887,0.21032071818362227
0.96,0.8867577599783067,1.3772244756623033,0.29240668685288246,0.29251078635617644,6.806809268469398,0.40921621462965013,0.9996441173859236,0.440225814263234,12.149480800444248,0.4743747858448829,0.4469575897149752,0.44673613843729437,0.7323767861705164,0.4670115577488551,10.678373528170917,0.4321213365555475,1.568219831005482,0.7282444010122268,24.953302019312517,0.8141807226535022,0.7049091755206147,0.7056623501220117,0.2456054115861153,0.07969221106830839,20.985543531431166,0.4969512972636873,3.0819249245775597,0.20435158608568563,33.31193584331731,0.35942729496544823,0.22795971293175044,0.21095536078335303
0.9625,0.8862654759703357,1.3779884349646458,0.29220511091977913,0.2922935560586939,6.807172149531653,0.4089307814269489,0.9996974098912498,0.43980138249451334,12.142924040440459,0.47397967900983123,0.4462941392034176,0.4461306318510863,0.7309747796867447,0.466045311368935,10.680028628122061,0.43222530978681406,1.5684628980380064,0.7267930609229015,24.933238554300416,0.8129301718476901,0.703397642761936,0.7041754266315893,0.24700298330225925,0.08013619418472896,20.9880288480101,0.4970471293908281,3.0822899167493665,0.20526724768212876,33.372330028851906,0.3605574498457821,0.22874932378539156,0.21160152868175985
0.965,0.8857716735409658,1.3787506993771215,0.2920111672819679,0.29208405609015237,6.807533329871286,0.40864705881890295,0.999750452629424,0.4393748433276138,12.136140989731526,0.47359325881482217,0.4456391194453129,0.44553307198244907,0.729554555136367,0.46506866848704803,10.681662654975092,0.43232757181087833,1.5687028702873904,0.725330405513543,24.912985486836575,0.8116675244352334,0.7018776455579623,0.7026828372334034,0.2484021592292037,0.0805806843731503,20.990490248996593,0.49714308398098794,3.0826513966909412,0.20611217829372844,33.42106877682755,0.3616859218874031,0.22954122241300523,0.2122599161852259
0.9675,0.885276347425743,1.3795111390571113,0.2918247642368013,0.2918821918029005,6.80789284539792,0.40836508607618816,0.9998032508741131,0.43894612694495766,12.129131601257653,0.4732154353241793,0.44499241232648284,0.4449432478808484,0.7281163520995715,0.46408179115772186,10.683275370207081,0.4324280524705254,1.5689397127242932,0.723856871478936,24.892552670960324,0.8103929389974315,0.7003494256738821,0.7011847327569659,0.24980286678431812,0.0810256506716065,20.99293000400179,0.4972392095236626,3.083009697716079,0.20688718166424333,33.4583833114309,0.3628126296714789,0.2303357174266518,0.212931251000879
0.97,0.8847794925306394,1.380269624693854,0.2916458099586952,0.2916878684450618,6.808250732414524,0.40808490127544533,0.9998558099567502,0.4385151661787187,12.121895925579832,0.472846118002427,0.44435390118411866,0.44436095579576734,0.7266604127852065,0.46308484271403605,10.68486653732586,0.4325266796008894,1.56917339061761,0.7223728701540882,24.871949112426005,0.8091065766429234,0.6988132247521621,0.699681256152407,0.2512050386914506,0.08147106298755881,20.99535055701961,0.49733554374291455,3.0833651787483287,0.207593082954659,33.48450571389635,0.3639374954719467,0.23113312974109862,0.21361628878732428
0.9725,0.8842811039053392,1.3810260282283748,0.2914742125825618,0.2915009912443152,6.8086070275966675,0.4078065413204397,0.9999081352634887,0.43808189670891745,12.11443411417715,0.4724852158481378,0.44372347104569904,0.44378599936308494,0.7251869817540901,0.4620779875967375,10.686435921767876,0.4326233789315954,1.5694038695194716,0.7208787859702154,24.851182915276254,0.8078086007917669,0.6972692835893494,0.6981725412777242,0.2526086122859427,0.0819168918914214,20.997754516504592,0.49743211661296444,3.083718222863834,0.20823071216151912,33.49966625891132,0.36506044461973347,0.23193378777170004,0.21431580606552736
0.975,0.8837811767150914,1.3817802231586498,0.2913098802845102,0.2913214654892899,6.808961767963087,0.40753004196282244,0.9999602322308788,0.43764625725569156,12.106746422607623,0.4721326375249272,0.4431010088591713,0.4432181897705593,0.7236963056480742,0.4610613911863146,10.687983290817765,0.4327180740196708,1.5696311152534328,0.7193749750097274,24.830261231257282,0.8064991769661429,0.6957178414468286,0.6966587117611487,0.25401352870998223,0.08236310838079511,21.00014464421765,0.4975289535151846,3.0840692356532218,0.20880088882138464,33.50409100272467,0.3661814049270665,0.23273802203245647,0.21503059190123117
0.9775,0.8832797062137113,1.382532084471501,0.2911527213599402,0.29114919660870975,6.809314990837259,0.4072554378228417,1.0000121063402252,0.43724281339788845,12.09979135100377,0.47178829148978624,0.4424864037146729,0.4426573459040872,0.7221886329229068,0.4600352196369352,10.689508413546202,0.4328106862162428,1.5698550939053446,0.717861763688024,24.809190213077944,0.8051784725953971,0.6941591353999721,0.6951398799529982,0.25541973200819734,0.08280968361808319,21.00252384303002,0.4976260784929845,3.0844186434305034,0.20930440836560874,33.497999675829035,0.3673003051707149,0.2335461592497744,0.2157614387721839
0.98,0.88277668772015,1.3832814882826223,0.2910026442990914,0.29098409024837363,6.809666733799561,0.4069827624105974,1.0000637631105604,0.4368434617131235,12.092793883685738,0.4714520861187296,0.44187954705808913,0.4421032944763508,0.7206642135851401,0.4589996397122229,10.691011060770286,0.4329011346678978,1.5700757718175378,0.7163394475893535,24.78797497249578,0.8038466568280629,0.6925933997300243,0.6936161459815415,0.25682716813528994,0.08325658864487516,21.004895143841956,0.497723517557279,3.0847668913119577,0.20974203048062984,33.48160393037718,0.3684170734698607,0.23435851612314557,0.21650913302275593
0.9825,0.8822721166006611,1.3840283112944367,0.2908595578599469,0.29082605234589964,6.810017034629203,0.40671204814852896,1.0001152080901177,0.4364415288785835,12.085571369648797,0.47112392982943296,0.4412803328965212,0.4415558701391843,0.7191232989360029,0.45795481862422005,10.692491005048531,0.4329893363514746,1.570293115588085,0.7148082904852573,24.766619544249487,0.8025039003491361,0.6910208653638767,0.6920875969290085,0.258235783889953,0.08370379407738146,21.00726169173993,0.4978213019901903,3.0851144411831846,0.21060164915571597,33.53267626058146,0.3695316355092506,0.2351753928814751,0.21727444528567938
0.985,0.8817659882580262,1.3847724301955011,0.29072337113812624,0.2906749892029266,6.8103659312347204,0.4064433263957294,1.000166446846123,0.4360369668255939,12.078124446629367,0.4708037312004492,0.44068865799527973,0.4410149155805278,0.7175661413280202,0.45690092387839537,10.693948020730016,0.43307520613923783,1.5705070920780217,0.7132685235670204,24.745126856945884,0.8011503752054531,0.6894417593685165,0.6905543061467524,0.25964552579236133,0.08415126978826336,21.009626731491256,0.49791947158866917,3.0854617695688566,0.21176308977564043,33.631624043984914,0.3706439125179256,0.2359970668015957,0.218058121215667
0.9875,0.8812582981286309,1.3855137211242012,0.2905939936330774,0.29053080755415667,6.810713461571195,0.40617662747441424,1.0002174849526377,0.4356297314124916,12.070453871218266,0.4704913990862249,0.4401044220653798,0.44048028160622127,0.7159929939428946,0.45583812312906463,10.695381884082957,0.43315865688999455,1.5707176684302258,0.7117203449275373,24.723498712132283,0.7997862546450348,0.6878563045092022,0.6890163327322152,0.26105633892599855,0.0845989845813577,21.01199359246291,0.4980180777835078,3.085809365417905,0.21292964999935382,33.73109187484169,0.37175381917351324,0.23682378587139205,0.21886087283282368
0.99,0.8807490416874422,1.386252059304393,0.29047133530951996,0.2903934146322913,6.811059663541976,0.405911980698459,1.0002683279761264,0.43521978260004607,12.062560521739009,0.47018684272653727,0.4395275279397334,0.4399518272061432,0.7144041106014225,0.45476658405089315,10.696792373531606,0.43323959956089725,1.5709248121042094,0.7101639193321037,24.701735772915082,0.7984117129763205,0.6862647188829188,0.6874737211940545,0.26246816576818344,0.08504690586693203,21.014365673054193,0.4981171865636797,3.086157727817308,0.21410075129877906,33.83099665864854,0.37286126191006097,0.237655762791337,0.2196833707162705
0.9925,0.8802382144602462,1.3869873189338646,0.2903553066527707,0.29026271822760275,6.811404574882277,0.40564941440342284,1.0003189814583604,0.43480708462645873,12.054445401188937,0.4698899718485166,0.43895788173547623,0.43942941960344506,0.7127997456177048,0.4536864742330577,10.698179270031668,0.43331794333445733,1.5711284909312528,0.7085993783207177,24.679837563585036,0.7970269254528807,0.6846672156409196,0.6859265013346288,0.2638809450369691,0.08549499934609862,21.016746424747595,0.4982168811321802,3.08650736364981,0.21527572452153287,33.93124242045122,0.3739661377188592,0.23849316951271,0.2205262372229246
0.995,0.8797258120418815,1.3877193733715296,0.29024581871634164,0.29013862674065355,6.811748233021882,0.4053889559769691,1.0003694508962568,0.43439160618065475,12.046109640234327,0.4696006967590818,0.43839539299917596,0.4389129342849119,0.7111801537103197,0.45259796110300504,10.69954235761267,0.43339359575563047,1.571328673194056,0.7070268206852238,24.657802481738493,0.7956320681931968,0.6830640028156537,0.6843746883801212,0.2652946105846945,0.08594322871373974,21.019139335905788,0.4983172642186556,3.0868587852143596,0.21645380583568655,34.03171985955515,0.37506833303560677,0.2393361325064468,0.22139004083704422
0.9975,0.879211830118735,1.3884480956304466,0.2901427831601101,0.29002104922657485,6.812090674924363,0.4051306318881565,1.0004197417182648,0.43397332057185695,12.037554500232789,0.46931892842540734,0.4378399748312461,0.43840225500993235,0.7095455899823132,0.451501211886404,10.700881424111861,0.4334664628746502,1.571525327734518,0.7054463133618388,24.635627824303338,0.7942273181426165,0.6814552832674771,0.6828182833869372,0.2667090903699783,0.086391555389652,21.021547915468314,0.49841845997706236,3.087212507831811,0.21763413322922898,34.13230598943757,0.37616772284672506,0.24018472894248963,0.22227529168829543
1.0,0.8786962644934618,1.3891733591457078,0.2900461122774512,0.2899098954293892,6.81243193690071,0.40487446771378327,1.000469859256995,0.43355220589276816,12.028781376236866,0.46904457854108705,0.43729154398578496,0.4378972737952441,0.7078963099796627,0.4503963936087953,10.70219626211758,0.4335364493924457,1.5717184240922817,0.7038578927724058,24.61330982865767,0.79281285308389,0.6798412547649053,0.6812572739480672,0.2681243055400747,0.08683993828753148,21.023975676724294,0.49852061540408116,3.0875690474617956,0.21881574367302842,34.232863876513285,0.3772641694256557,0.24103898393565437,0.22318243821543043
1.0025,0.8781791111097823,1.3898950387534057,0.2899557190100218,0.2898050758051287,6.812772054396008,0.4046204881598708,1.000519808717893,0.433128245173183,12.01979179991409,0.4687775595760571,0.4367500209423752,0.43739789087264486,0.706232569834382,0.4492836731425767,10.703486670131747,0.4336034588068596,1.5719079326754537,0.7022615666356476,24.590843729652978,0.7913888517005842,0.6782221102084145,0.6796916352144629,0.2695401696540637,0.08728833363085517,21.02642612135173,0.49862390122629785,3.0879289183587435,0.21999757104441287,34.33324248945202,0.37835752150793817,0.24189886898134827,0.22411186490434276
1.0050000000000001,0.8776603660752679,1.3906130117927566,0.2898715169493868,0.2897065015329494,6.813111061749007,0.4043687170765126,1.0005695951439275,0.43270142652057464,12.01058744230372,0.4685177848089719,0.43621532994713225,0.4369040146172289,0.7045546264937488,0.4481632173004208,10.70475245395114,0.4336673935593453,1.5720938249634602,0.7006573162529054,24.568223832822508,0.7899554936946024,0.6765980380019734,0.6781213312343274,0.27095658807420864,0.08773669482364566,21.028902723916325,0.49872851222107634,3.0882926307953866,0.22117844489376864,34.433276668448705,0.3794476137811187,0.24276430166458363,0.22506389099679533
1.0075,0.8771400256802485,1.3913271592302883,0.28979342032533517,0.2896140845140477,6.813448991925764,0.4041191774646778,1.000619223376475,0.4322717432442417,12.00117011632069,0.46826516834150905,0.43568739902142123,0.436415561444432,0.7028627380316209,0.44703519297316535,10.705993428256217,0.4337281551832596,1.5722760737403787,0.6990450992522236,24.54544360339579,0.7885129599553924,0.6749692225688455,0.6765463165981878,0.27237345754796227,0.0881849723825473,21.031408917010097,0.4988346669568563,3.0886606888802266,0.22235709011971713,34.53278722135432,0.38053426669665286,0.24363514668071545,0.22603877005056863
1.01,0.8766180864112926,1.392037366703262,0.289721343981487,0.2895277373588681,6.813785876230042,0.4038718914741181,1.0006686980127881,0.431839193959937,11.99154177891503,0.4680196250950088,0.4351661599380905,0.4359324556751766,0.7011571640318497,0.4458997673069023,10.707209418384974,0.4337856444561727,1.5724546533554475,0.6974248527515672,24.522495769993167,0.7870614327739601,0.6733358449993193,0.6749665383608332,0.2737906659965957,0.08863311393460972,21.033948077182686,0.4989426069620963,3.089033588491412,0.2235321276003937,34.63158115102822,0.38161728686661844,0.24451121815842158,0.22703669023139525
1.0125,0.8760945449581171,1.3927435253881575,0.2896552033395451,0.2894473733637812,6.81412174399477,0.40362688039222916,1.0007180233606843,0.43140378267249074,11.981704532799666,0.46778107079083564,0.4346515481666024,0.43545462936957346,0.6994381660279673,0.444757107910735,10.708400262258127,0.4338397615597202,1.572629540005796,0.6957964968785254,24.499372441104082,0.7856010960904406,0.6716980838087343,0.6733819381942234,0.27520809251843453,0.08908106428273234,21.03652351177649,0.4990525953565581,3.0894118153433583,0.22470207580997326,34.729452015795815,0.38269646786327166,0.2453922832268808,0.22805777522749657
1.0150000000000001,0.8755693982132152,1.3934455326167698,0.2895949143541947,0.2893729064790004,6.814456622260183,0.4033841646244682,1.000767203391277,0.4309655188346905,11.97166062767033,0.46754942191673593,0.4341435027899211,0.4349820221308226,0.6977060079781802,0.443607383083808,10.709565812411807,0.4338904062513567,1.572800712034964,0.6941599385622402,24.476065231729024,0.7841321357600065,0.6700561157754958,0.6717924547100053,0.2766256076055361,0.08952876553795816,21.039138446724245,0.4991649150020962,3.089795843194701,0.2258653534315783,34.82618042258308,0.38377159118212173,0.24627806672205096,0.2291020856927112
1.0175,0.8750426432639344,1.394143292184336,0.2895403934611152,0.2893042512699175,6.814790535445444,0.4031437636676575,1.00081624169075,0.4305244173814513,11.961412460856394,0.4673245956821101,0.43364196639720504,0.4345145808819852,0.6959609567508214,0.44245076204808115,10.710705938085152,0.4339374780529156,1.5729681502394866,0.6925150754959308,24.452565396965152,0.7826547398195375,0.6684101168217342,0.6701980258781588,0.27804307356282204,0.0899761573148625,21.04179601530934,0.4992798662504452,3.090186132197648,0.2270202829606403,34.921534650216955,0.3848424275720817,0.247168256883501,0.23016962113754325
1.02,0.8745142773771681,1.3948367143181954,0.2894915575207593,0.2892413228742018,6.8151235050211785,0.4029056960781063,1.0008651414122676,0.4300804987390136,11.95096257735875,0.4671065099654714,0.43314688495713705,0.4340522596190414,0.6942032825932437,0.4412874151721861,10.711820527303557,0.43398087646112216,1.5731318381748371,0.6908618001572635,24.428863968905993,0.7811690987371266,0.6667602628948289,0.6685985914610315,0.27946034510885664,0.090423176983345,21.044499247832206,0.4993977643806868,3.090583127380387,0.22816509527711637,35.01527139856537,0.3859087387536507,0.24806251185544764,0.23126032219342077
1.0225,0.8739842979772343,1.3955257152993696,0.28944832376045015,0.28918403695689376,6.815455549190523,0.40266997943689603,1.0009139052291318,0.4296337888094303,11.940313669248319,0.46689508325730633,0.43265820767694957,0.4335950191440092,0.6924332595569763,0.4401175141717357,10.712909488893972,0.43402050118517344,1.5732917624513936,0.6892000037705317,24.40495189306047,0.7796754056276634,0.6651067308068939,0.6669940953807737,0.2808772701284104,0.0908697599674201,21.047251062078377,0.4995189368275409,3.0909872572472348,0.2292979351510407,35.10713665766114,0.38697027949345597,0.24896046677542635,0.23237407317083233
1.025,0.8734527026178722,1.3962102167514,0.2894106097169526,0.2891323096653538,6.815786682585754,0.4024366303148423,1.0009625352902305,0.4291843189309624,11.929468574415814,0.466690234601167,0.4321758868519114,0.4331428267818516,0.6906511658538894,0.4389412322727008,10.713972754367015,0.43405625241621637,1.5734479130108445,0.6875295800998507,24.380820160603946,0.7781738564206692,0.6634496989918435,0.6653844879434153,0.2822936905394652,0.09131584007933283,21.050054254453528,0.49964372030242155,3.091398932476729,0.23041686763398056,35.19686668971239,0.38802679999759154,0.24986174121311597,0.23351070481678957
1.0275,0.872919488949619,1.3968901446297286,0.28937833318105466,0.28908605758534095,6.816116915986707,0.40220566423955273,1.0010110331786841,0.4287321258151954,11.918430274679348,0.4664918835351127,0.4316998777092341,0.4326956560844955,0.6888572841219299,0.43775874432681205,10.715010279601454,0.4340880311330744,1.573600283373571,0.685850428976196,24.356459933154404,0.776664649960522,0.6617893481458005,0.6637697278543481,0.28370944323208663,0.09176134987569555,21.05291149164329,0.49977245790223573,3.091818544696797,0.23151988527922165,35.284189115936066,0.3890780482893876,0.2507659467115074,0.23466999715454107
1.03,0.872384654684055,1.3975654279601153,0.2893514121449285,0.28904519769879644,6.816446256065659,0.4019770956666568,1.0010593998743795,0.42827725146180945,11.907201893272168,0.4662999500347325,0.43123013824924056,0.4322534865246213,0.687051901584337,0.4365702268711451,10.716022046270012,0.4341157394479167,1.5737488708480396,0.6841624594819066,24.33186265738829,0.7751479880133921,0.6601258617258128,0.6621497839767454,0.28512436103407324,0.0922062210214783,21.055825302674215,0.499905496286933,3.092246465318832,0.23260491612589582,35.36882409942829,0.3901237725465428,0.2516726941834735,0.23585168226458944
1.0325,0.8718481975565823,1.3982359973854301,0.2893297647522523,0.28900964734318924,6.816774705161705,0.4017509379567323,1.0011076357208344,0.42781974305207743,11.89578669174857,0.4661143544580642,0.43076662908533714,0.43181630318111863,0.6852353100925217,0.4353758581277689,10.717008062950653,0.4341392809947507,1.573893676694005,0.6824655927422262,24.30702016761276,0.7736240751874722,0.6584594262932812,0.660524636804924,0.28653827365860984,0.09265038464763872,21.05879807129332,0.49995681701263,3.0926830444185587,0.23366983237652433,35.45048561474281,0.3911637233051467,0.25258160092860577,0.23705544684812588
1.035,0.8713101152894459,1.3989017835860247,0.2893133092503704,0.2889793241716472,6.817102261085924,0.4015272033587614,1.0011557403965856,0.4273596528223741,11.884188066362137,0.46593501749185934,0.43030931328308303,0.4313840964173498,0.6834078060493821,0.43417581794316656,10.71796836587481,0.4341585613626429,1.5740347062323954,0.680759764301811,24.28192477530999,0.7720931187775273,0.6567902317009219,0.6588942796465923,0.28795100859211303,0.09309377168890559,21.061832028641362,0.49981413611783704,3.0931286096600323,0.23471245969293886,35.52888279438196,0.3921976555749538,0.25349229705674603,0.23828093440892847
1.0375,0.8707704055566826,1.3995627156391965,0.28930196394323954,0.28895414611264203,6.817428916957006,0.4013059030001967,1.0012037128910478,0.4268970379192961,11.872409543985698,0.4657618600979565,0.42985815619759815,0.4309568615527711,0.6815696902160591,0.43297028767070267,10.71890301927257,0.43417348857441657,1.5741719688960039,0.6790449260919007,24.256569345568824,0.7705553285350207,0.6551184711342307,0.6572587195291041,0.2893623918855464,0.09353631318961779,21.064929246256536,0.49966611914187475,3.0935834652681677,0.23595295694606044,35.63730712544707,0.39322533096869944,0.25440443113397787,0.23952774690244502
1.04,0.870229065952538,1.4002187193778732,0.2892956471436261,0.28893403132776296,6.817754661065732,0.40108704688298036,1.0012515514846116,0.42643196023836516,11.860454777655423,0.46559480345811616,0.42941312530780595,0.4305345985280495,0.6797212674104909,0.4317594500023658,10.719812115284585,0.434183973610208,1.5743054782165542,0.6773210480180478,24.230947361122023,0.7690109163713081,0.6534443410289614,0.6556179778628828,0.29077224881901437,0.09397794056740066,21.06809162949885,0.499512430354235,3.0940478910630467,0.23726574339478634,35.75665222123944,0.39424651973578895,0.2553176749013418,0.24079544573275663
1.0425,0.8696860939647044,1.4008697157981054,0.28929427712298705,0.28891889816611876,6.818079476765898,0.40087064388421473,1.0012992537326253,0.42596448624860467,11.848327541828617,0.46543376891556704,0.42897419004562576,0.4301173115636095,0.677862846110249,0.43054348875815285,10.720695773421532,0.4341899309736877,1.5744352517453162,0.6755881192164187,24.205052975328357,0.7674600960070689,0.6517680408939998,0.6539720909082483,0.292180404416669,0.09441858582665205,21.07132091151693,0.4993527421990178,3.094522141573886,0.23855048949234045,35.87177793983941,0.3952610023912947,0.2562317269534248,0.24208355202700851
1.045,0.8691414869535018,1.401515619550771,0.28929777205767554,0.28890866511413044,6.818403342388867,0.40065670175967794,1.001346816452845,0.42549468680543706,11.83603172744371,0.46527867791165306,0.4285413216181749,0.4297050088114889,0.6759947379748759,0.42932258864268646,10.721554139563864,0.43419127929696566,1.5745613109062098,0.6738461490370252,24.178881055816777,0.7659030825827966,0.6500897730734734,0.65232111009864,0.293586683796219,0.09485818171613948,21.07461864788043,0.49918673721209894,3.095006445250754,0.23980487789673768,35.982382385435145,0.39626857109885766,0.25714631530053056,0.24339154617664227
1.0475,0.8685952421378741,1.4021563375374697,0.28930604997050663,0.2889032507398682,6.818726231179048,0.4004452271480624,1.0013942357159598,0.4250226369542026,11.823571336859086,0.46512945191632,0.42811449282124575,0.4292977020003938,0.6741172573043832,0.42809693497903134,10.722387384507709,0.434187941978255,1.5746836807822564,0.6720951678140935,24.152427220614026,0.7643400922439963,0.6484097424826398,0.6506651022731845,0.2949909123440978,0.09529666182734227,21.07798621196694,0.499014109893389,3.0955010037871005,0.24220289355387312,36.26428959414918,0.39726903094832405,0.25806119877215195,0.24471886669666135
1.05,0.8680473565888769,1.4027917676167618,0.28931902866722964,0.2889025736315783,6.819048111247991,0.40023622557368976,1.0014415068388505,0.4245484157260945,11.810950478723582,0.4649860123516702,0.42769367784271173,0.4288954060738595,0.6722307204509465,0.4268667134293385,10.723195702076863,0.4341798478443352,1.5748023898383083,0.6703352274774982,24.125687868411635,0.7627713417151357,0.646728156349178,0.6490041498650149,0.2963929157133629,0.09573396063241306,21.08142479112513,0.4988345685960792,3.0960059915562703,0.2447418405321077,36.56661360112916,0.39826220097679715,0.2589761672493531,0.24606490850841747
1.0525,0.8674978272311414,1.4034217974175272,0.28933662566801416,0.2889065523305792,6.8193689455453566,0.40002970144553834,1.0014886243803252,0.42407210592745354,11.798173362798002,0.46484828050839055,0.4272788520549817,0.4284981388213923,0.6703354452004713,0.4256321097111401,10.723979306835805,0.4341669318278374,1.5749174695851818,0.6685664020461421,24.098660204232296,0.7611970478771611,0.6450452239854962,0.647338351079779,0.297792519646574,0.0961700134627288,21.084935383544156,0.4986478374947768,3.096521555151753,0.24722632639037725,36.86011843994856,0.399247914769656,0.2598910407386135,0.24742902078900544
1.055,0.866946650852655,1.404046303253224,0.2893587581346027,0.28891510525923136,6.819688691845612,0.39982565805068543,1.0015355821391663,0.42359379392227503,11.785244294706843,0.4647161774554461,0.42686999179613594,0.42810592050239354,0.6684317501400004,0.42439330931706876,10.72473843145414,0.4341491356475105,1.5750289541926024,0.6667887880264826,24.071342261193738,0.7596174273595494,0.6433611566094114,0.6456678200830936,0.29918954963034816,0.09660475643093366,21.088518795654437,0.4984536586889328,3.0970478130054593,0.24965282474986136,37.144360121222945,0.4002260206557233,0.2608056673196819,0.24881050454480297
1.0575,0.8663938241230765,1.4046651491349231,0.28938534279428313,0.28892815064515526,6.820007302749787,0.3996240975406964,1.0015823731543883,0.42324211015614965,11.77574402302128,0.4645896239440069,0.4264670741398927,0.427718773462595,0.6665199540261099,0.42315049724470194,10.725473323788117,0.434126408478057,1.5751368800605967,0.6650025047196947,24.043732918425583,0.7580326961552074,0.6416761672210995,0.6439926871983419,0.30058383039224806,0.0970381263011453,21.092175639785328,0.4982517944873424,3.0975848550437277,0.25201799561352356,37.41892494702658,0.4011963815080765,0.26171992001564015,0.2502086100553036
1.06,0.8658393436206616,1.4052781858912815,0.2894162958622475,0.28894560644328227,6.820324725701867,0.3994250209100542,1.0016289897076445,0.4231089221403774,11.77223066742357,0.46446854030710333,0.42607007665508956,0.42733672174275583,0.6646003751687262,0.4219038577422742,10.726184243758986,0.4340987075950182,1.5752412853610513,0.6632076944219534,24.015831914561424,0.7564430692660716,0.6399904705346426,0.6423130990993906,0.3019751852544167,0.0974700603136217,21.0959063317254,0.4980420299044399,3.0981327423290295,0.2543186868356898,37.683429328949714,0.4021588741399656,0.26263369264594427,0.25162253429801507
1.0625,0.8652832058677182,1.405885250417869,0.2894515329642397,0.28896739025764995,6.820640903019417,0.3992284279663697,1.001675423327726,0.4229781128714662,11.7686930920057,0.4643528463569863,0.4256789771559335,0.4269597906795388,0.6626733308441753,0.42065357407521287,10.726871460119874,0.4340659989797156,1.5753422095628964,0.6614045224864511,23.98763985569019,0.7548487603845201,0.6383042829538483,0.6406292189684907,0.30336343536223487,0.09790049597168346,21.099711087788744,0.49782417538058393,3.09869150662913,0.25655193372864893,37.93751934725334,0.40311338835511434,0.2635468947341941,0.25305141841211665
1.065,0.8647254073742927,1.4064861650933185,0.28949096906163296,0.28899341926509725,6.8209557719379585,0.39903431729280614,1.0017216647970772,0.4228496264975474,11.765131423772994,0.46424246128257834,0.4252937534448886,0.4265880064988912,0.6607391367506471,0.4193998283178238,10.727535247210866,0.4340282578695477,1.5754396929555605,0.6595931772050204,23.95915821627688,0.7532499816139836,0.6366178225751178,0.6389412265794444,0.3047483988104837,0.09832937080007538,21.103589920996164,0.4975980697177787,3.0992611498562552,0.25871495661758115,38.180870024805685,0.4040598257616137,0.2644594455534997,0.2544943451976559
1.0675000000000001,0.8641659446895269,1.4070807374123597,0.28953451838122257,0.28902361014317,6.821269264668341,0.39884268620382624,1.0017677041602224,0.42272340755917154,11.761545802531739,0.4641373035497229,0.4249143830507049,0.4262213959028765,0.6587981065184365,0.41814280117389174,10.728175881805617,0.4339854692401407,1.5755337761858639,0.657793417364163,23.931100501169457,0.7516469432313985,0.6349313091955379,0.6372493182610831,0.30612988969415666,0.09875662208522143,21.107542636041217,0.49736358320070106,3.0998416433278138,0.26080515615225675,38.413184289025736,0.4049980983615722,0.265371267405092,0.2559503365903046
1.07,0.8636048144598124,1.4076687598931388,0.2895820943520596,0.28905787900458957,6.821581308466209,0.3986535306959834,1.0018135307339668,0.4225994009364101,11.757936380689882,0.4640372908071293,0.42454084296471584,0.42585998565171274,0.6568505512860681,0.41688267182935135,10.728793640150352,0.43393762820799836,1.5756244998231694,0.6560184051248773,23.90394434989889,0.750039853493316,0.6332449643023729,0.6355537066965526,0.30750771711609715,0.0991821866089472,21.111568822826204,0.4971206208519251,3.1004329268170916,0.26282010625643243,38.63419160582042,0.40592812691512625,0.26628227824141654,0.2574183510111941
1.0725,0.8630420134925338,1.4082500103166866,0.28963360955157497,0.28909614134055944,6.821891825712754,0.3984668453959769,1.0018591331192568,0.4224775517786921,11.754303322413406,0.46394233980094807,0.42417310937905206,0.4255038021436538,0.6548967793515306,0.4156196178394183,10.729388795287852,0.43388474034536645,1.5757119039663836,0.6542356387652823,23.87650393309762,0.7484289184862721,0.6315590110206298,0.6338546205194866,0.30888168418868833,0.09960600038812163,21.115667848515415,0.4968691257511164,3.101034907386198,0.26475754473868635,38.84364629054472,0.40684983928773844,0.26719238376384363,0.25889728047727006
1.075,0.862477538823847,1.4088242523495627,0.2896889756630329,0.28913831197496487,6.822200734006125,0.39828262350852583,1.0019044992146033,0.42235780541897977,11.750646802140745,0.4638523663007677,0.4238111574307701,0.4251528709961749,0.6529370959052225,0.4143538150515523,10.729961614744541,0.4338268219028869,1.5757960279042844,0.6524453709851975,23.84878324351756,0.7468143420208334,0.6298736739980993,0.632152303677968,0.310251587071256,0.10002799843317049,21.119838848245806,0.49660908233165624,3.1016474580218416,0.26661536178560363,39.04132552981691,0.40776316887826847,0.26810146914698535,0.26038594737613385
1.0775000000000001,0.8619113877886425,1.4093912365875267,0.28974810344601576,0.2891843050311551,6.822507946263506,0.39810085676677803,1.0019496162310741,0.42224010727505235,11.746967002498963,0.4637672850394578,0.42345496095598145,0.42480721663255666,0.6509718028478444,0.413085437564317,10.73051235863931,0.4337638999400245,1.5758769098377834,0.6506478728568974,23.82078699008419,0.7451963255671734,0.6281891792116516,0.6304470145498662,0.3116172140877865,0.100448114538347,21.124080714838563,0.4963405195552548,3.102270416124374,0.26839158678385067,39.22702718067294,0.4086680527062666,0.26900939056507767,0.2618831008612492
1.08,0.8613435580905859,1.4099507020402537,0.28981090272117316,0.28923403391249647,6.822813370834697,0.3979215353879284,1.0019944707089734,0.42212440274156965,11.743264111702308,0.4636870096686541,0.42310449225786234,0.4244668618782966,0.6490011986924805,0.4118146577206375,10.731041278249217,0.43369601236785515,1.5759545866692855,0.6488434316678066,23.792520522000096,0.7435750682279954,0.6265057536839853,0.6287390248071423,0.3129783449699969,0.1008662811157994,21.12839208804371,0.496063513855878,3.1029035819282615,0.27008437413852926,39.40056744514298,0.4095644291569097,0.2699159667186796,0.26338741290331785
1.0825,0.8607740478699619,1.4105023780567045,0.28987728236989946,0.28928741129727437,6.823116911628966,0.3977446480365084,1.0020390485364707,0.422010637077116,11.739538320542662,0.4636114527311102,0.4227597218919088,0.4241318275717598,0.6470255785457495,0.41054164613219696,10.731548615041705,0.4336232079132002,1.5760290938605612,0.6470323484577124,23.763989741118866,0.7419507667437701,0.6248236251058057,0.6270286180405541,0.3143347502677579,0.10128242908366432,21.132771344000535,0.49577819173883325,3.103546716954249,0.27169198893469687,39.56177854358797,0.4104522359490618,0.2708209705789007,0.26489747413035314
1.085,0.8602028557669801,1.4110459866695426,0.28994715034897217,0.28934434914785834,6.823418468257757,0.39757018179743503,1.0020833349705607,0.42189875529057946,11.735789819100892,0.4635405256502692,0.42242061847104717,0.42380213219311685,0.6450452341584951,0.40926657172991765,10.73203460015729,0.4335455460168357,1.576100465356775,0.6452149352965796,23.735201004233932,0.7403236155241824,0.6231430213639766,0.6253160881685296,0.31568619096168976,0.10169648781552554,21.13721658568841,0.4954847319192242,3.104199542606971,0.2732127933922711,39.71050652410319,0.4113314085814857,0.27172412157781656,0.26641178968681206
1.0875000000000001,0.8596299809782326,1.41158124531609,0.29002041371954407,0.2894047587333696,6.823717936196705,0.3973981221604282,1.0021273146608543,0.4218058716476627,11.732496364822168,0.46347413873645366,0.42208714849226814,0.4234777915149644,0.6430604540324338,0.40798960183379834,10.732499454302783,0.43346309668118044,1.5761687335708026,0.6433915123579581,23.706161017272372,0.7386938066967262,0.6214641699811079,0.6236017376639893,0.3170324183012611,0.10210838515463297,21.141725635164036,0.4951833668864567,3.10486173903492,0.2746452350643866,39.846609344202555,0.4122018789756134,0.27262507847392486,0.2679287754231562
1.09,0.8590554233041524,1.4121078698730638,0.2900969786892843,0.28946855066449206,6.824015206970397,0.3972284530168715,1.0021709716767147,0.42173032766974095,11.729613465580778,0.46341220120835536,0.42175927618547765,0.4231588182772061,0.6410715235659002,0.40671090223403367,10.732943387994887,0.4333759402841495,1.5762339294190064,0.6415624048477349,23.6768767235823,0.7370615301604589,0.6197872974760678,0.6218858756400537,0.31837317387641945,0.10251804749147421,21.14629602832747,0.4948743837886117,3.1055329443617876,0.27598783761112633,39.96995534296042,0.41306357440875446,0.2735234331072143,0.2694467547743277
1.0925,0.8584791831855954,1.4126255779226133,0.29017675066596943,0.28953563493858686,6.824310168363125,0.39706115666965175,1.002214289538207,0.42165629106239794,11.726702440948742,0.4633546212279544,0.42143696338433956,0.4228452218878907,0.6390787252196931,0.40543063727449674,10.733366602079192,0.43328416737555286,1.5762960823974557,0.6397279398490063,23.647355188564283,0.7354269736339905,0.6181126286579655,0.620168815839922,0.31970818991289884,0.1029253998980074,21.150925012838407,0.49455812454306186,3.10621275438045,0.2775985727844469,40.132377407800774,0.41391641682397085,0.27441870522768685,0.2709639566856307
1.095,0.8579012617280739,1.413134092148001,0.29025963432047774,0.2896059209929634,6.824602704657852,0.39689621385603613,1.0022572512511934,0.421583694608729,11.72376314593538,0.46330130594661634,0.42112016941813896,0.42253700815089174,0.637082338683346,0.40414896992949834,10.733769288440739,0.4331878784704893,1.5763552206862772,0.6378884431421274,23.617603482853013,0.7337903226901176,0.6164403858683157,0.618450874578014,0.3210371897627375,0.10333036630664107,21.155609549629947,0.49423498509851094,3.1069007227752796,0.2804240595291339,40.47029828503323,0.4147603220830129,0.2753103385338436,0.27247851489101915
1.0975,0.8573216607127028,1.413633143739478,0.2903455336569634,0.2896793177640574,6.824892696903966,0.39673360378326006,1.0022998393466551,0.4215124706402762,11.720795426645678,0.46325216155972965,0.42080885102320575,0.42223417902067545,0.6350826410230846,0.40286606186530716,10.734151630820946,0.433087183850814,1.5764113712696308,0.6360442360554098,23.587628566137283,0.7321517607702858,0.6147707881875079,0.6167323686792524,0.3223598885444162,0.10373286971750514,21.16034631826102,0.49390541379917896,3.1075963619081994,0.2832003198949909,40.80072584969174,0.41559519943910633,0.27619769799594385,0.2739884687440508
1.1,0.8567403825935596,1.4141224756766906,0.2904343520880014,0.28975573375036406,6.8251800232123845,0.3965733041762484,1.0023420359240311,0.421442550984156,11.717799117894627,0.46320709336716115,0.420502962272219,0.42193673238395507,0.633079906795306,0.4015820734792676,10.734513805661052,0.432982203381268,1.5764645600595761,0.6341956323976141,23.55743717355057,0.7305114691718552,0.6131040506225351,0.6150136134617152,0.3236759938737032,0.10413283241432474,21.165131726134792,0.493569908833993,3.108299144172493,0.2859234462647854,41.12316001473329,0.4164209510114803,0.2770800684675503,0.2754917656573333
1.1025,0.8561574304818818,1.4146018457465976,0.29052599251268413,0.28983507707726275,6.825464559074291,0.3964152913367744,1.002383822698028,0.4213738669218793,11.7147740411557,0.46316600583786977,0.4202024545197684,0.42164466186782823,0.6310744081134464,0.4002971639113785,10.734855982904476,0.43287306634176975,1.5765148120139059,0.6323429355190373,23.527035706401325,0.728869627003079,0.6114403832933349,0.6132949208053102,0.32498520661872443,0.10453017616780412,21.169961921410714,0.493229014791225,3.109008503889059,0.28858937074308627,41.43707979507756,0.41723747110128356,0.2779566545152308,0.276986265042178
1.105,0.8555728081182813,1.4150710291590973,0.2906203573959825,0.28991725556230113,6.825746177697464,0.3962595402133683,1.002425181048012,0.4213063491589056,11.711720002835918,0.46312880267712014,0.4199072763628235,0.4213579566739529,0.6290664146612628,0.39901149102574646,10.73517832670793,0.4327599112722568,1.5765621512405816,0.6305810330738731,23.49995550882379,0.7272264111041531,0.609779990635154,0.6115765973460575,0.32628722161233,0.10492482240617552,21.174832809274278,0.4928833183797663,3.1097238396957803,0.2911938867573859,41.741946450342425,0.4180446457381656,0.2788265813294226,0.27846974348251186
1.1075,0.8549865198348556,1.4155298206389226,0.2907173488481179,0.29000217678001156,6.82602475035245,0.39610602448138205,1.0024660920688497,0.4212399278036672,11.708636792847873,0.46309538689519775,0.419617373615146,0.42107660143839054,0.6270561936513334,0.3977252113621582,10.735480996032704,0.43264288582196325,1.5766066010845674,0.6288210919075378,23.47289315752441,0.7255819959364745,0.6081230706341354,0.6098589428322561,0.32758172826200127,0.10531669233554646,21.179740071114395,0.4925334434188207,3.1104445173639013,0.29373267456108515,42.03720716649131,0.4188423523470008,0.27968889652953954,0.27993990075466363
1.11,0.854398570509669,1.415978035902151,0.29081686870315154,0.2900897481258466,6.82630014671955,0.39595471663274506,1.0025065366218648,0.42117453235460894,11.705524183431288,0.46306566087715717,0.4193326892950994,0.4208005761168524,0.6250440097334428,0.396438480060846,10.735764145110357,0.4325221465916639,1.5766481841962214,0.6270584323293046,23.445669993011588,0.7239365534455313,0.6064698141129026,0.6081422486754612,0.3288684110119286,0.10570570699768904,21.18467918610433,0.4921800452342078,3.1111698729673924,0.2962013294285589,42.32229910105847,0.41963045947956634,0.2805425726532259,0.2813943662444823
1.1125,0.853808965516462,1.4164155124659412,0.290918818596421,0.290179876879261,6.826572235227267,0.3958055880750503,1.002546495384542,0.4211100916936895,11.702381928164472,0.4630395264537283,0.4190531636266333,0.4205298558951077,0.6230301248628546,0.39515145076608654,10.736027923799355,0.4323978589556189,1.5766869225836728,0.6252931597621506,23.418285409701245,0.7222902529056915,0.6048204040823093,0.6064267967258338,0.3301469496322057,0.10609178725952063,21.18964545468979,0.49182380462756403,3.1118992163323975,0.29859539128618534,42.596653611144454,0.42040882660378304,0.2813865101311913,0.28283070533601173
1.115,0.8532177106725962,1.416842109785262,0.29102310004078263,0.2902724702662634,6.826840883373546,0.39565860923963103,1.0025859488977054,0.4211124106311898,11.701040208503631,0.4630168849738263,0.41877873405337174,0.42026441112422686,0.6210147981427698,0.39386427551631026,10.736272477868178,0.43227019684988705,1.5767228376543967,0.6235253603365407,23.390738100862542,0.7206432607569112,0.6031750151748247,0.6047128582980587,0.3314170193343583,0.10647485373608945,21.19463402355386,0.4914654216009622,3.1126318347035697,0.3009103746520401,42.85970050264609,0.42117730345794113,0.2822195405995797,0.2842464254614005
1.1175,0.8526248121881371,1.4172577087536369,0.2911296145017947,0.2903674355218776,6.827105958022629,0.39551374969818454,1.0026248776091138,0.42112835933866194,11.700023980790103,0.46299763737909255,0.41850933526567824,0.42000420728008836,0.6189982856581299,0.39257710462973705,10.73649794925429,0.4321393425152627,1.5767559502532482,0.6217551004215446,23.363026039386078,0.7189957404437441,0.6015338131742144,0.6030006934705108,0.33267829073819144,0.10685482665666234,21.1996399117407,0.49110560902151595,3.113366996580581,0.3031417980508732,43.1108721815251,0.4219357291763229,0.2830404304903774,0.2856389817051946
1.12,0.8520302766186241,1.4176622106404515,0.2912382634719968,0.29046467995287667,6.827367325672646,0.3953709782872423,1.0026632619127587,0.42114466002177126,11.698965958920072,0.4629816842807126,0.41824489924029884,0.419749204946209,0.6169808403190946,0.3912900865950756,10.736704476355674,0.4320054861860015,1.576786280705276,0.6199824265224904,23.335146472078534,0.7173478522683127,0.5998969546552743,0.6012905506764801,0.33393042973953013,0.1072316256907323,21.204658037761366,0.49074508639785225,3.1141039556988708,0.30528521249182405,43.3496076477177,0.422683931841878,0.28384788495950064,0.2870057821267237
1.1225,0.8514341108235487,1.4180555355620277,0.2913489485443171,0.29056411100091045,6.827624852691865,0.39523026323940524,1.0027010821835605,0.42116123440830355,11.697865659691436,0.46296892603845125,0.4179853552917603,0.4194993598185095,0.6149627117319538,0.390003367976503,10.736892194411967,0.43186882571920576,1.5768138488716956,0.6182073655597219,23.30709592804046,0.7156997532700403,0.598264586746213,0.599582666601684,0.33517309734925055,0.10760516975670595,21.209683247651846,0.49038457391432333,3.1148419551502315,0.3073362290813899,43.575356340553775,0.42342172799011346,0.2846405523477571,0.288344193265611
1.125,0.8508363219319197,1.4184376205976381,0.2914615714844198,0.2906656363058023,6.827878405524508,0.39509157231976205,1.0027383188075942,0.42117800395791216,11.696722587998284,0.46295926284133315,0.417730630134217,0.4192546227302036,0.6129441461130203,0.3887170933410272,10.7370612360257,0.43172956616363195,1.576838674226439,0.6164299255389459,23.278870241553072,0.7140515971429554,0.5966368470246508,0.5978772663966139,0.336405949588777,0.10797537684009713,21.214710344080515,0.49002478683280287,3.1155802316575123,0.3092905463146646,43.78758191016073,0.4241489219645686,0.2854170295019014,0.2896515465796026
1.1275,0.8502369173155747,1.4188084176673568,0.2915760343015615,0.29076916376842843,6.828127850869893,0.3949548729653856,1.0027749522083975,0.42119488985187675,11.695536235496128,0.46295259478892276,0.4174806479520031,0.4190149396946786,0.6109253862574613,0.38743140521452485,10.737211731862596,0.4315879192701897,1.576860775959,0.6146500966163152,23.250464589653376,0.7124035341973824,0.5950138635558184,0.5961745642050807,0.3376286375342866,0.10834216384984127,21.21973411668482,0.4896664303306222,3.1163180200298473,0.3111439779615089,43.98576604079492,0.42486530574967507,0.28617586838831427,0.2909251467785618
1.1300000000000001,0.8496359045702171,1.4191678912888679,0.29169223931733856,0.2908746016123029,6.828373055841052,0.3948201324252932,1.0028109628702664,0.4212118129806974,11.69430607920516,0.4629488219718201,0.41723533047687417,0.4187802519641018,0.6089066715704022,0.38614644407041343,10.737343811554185,0.43144410294912533,1.5768801731069906,0.6128678525504426,23.2218735441985,0.7107557113713338,0.5933957550781407,0.5944747640015131,0.33884080760029045,0.10870544654067094,21.224749373836442,0.48931019480220517,3.11705455782767,0.31289248266966335,44.169412479568805,0.4255706592429049,0.28691558448762067,0.2921622831159615
1.1325,0.8490332915035063,1.4195160163262164,0.2918100892316351,0.2909818584428433,6.828613888110809,0.3946873178978578,1.0028463313597074,0.42122869393008266,11.69303158010143,0.46294784454980537,0.41699459706986897,0.41855049610157874,0.6068882381624303,0.38486234835224337,10.737457604809206,0.4312983406806617,1.5768968847193618,0.6110831525192586,23.193091137717403,0.7091082722897899,0.5917826313368323,0.5927780607191714,0.34004210214297426,0.10906513952640239,21.22975097598009,0.4889567516167401,3.1177890902588286,0.31453219639692814,44.33805142137125,0.4262647510634053,0.2876346674468313,0.29336024464628235
1.135,0.8484290861289983,1.4198527758336605,0.29192948718517464,0.29109084330334867,6.82885021605412,0.3945563966624185,1.0028810383463418,0.42124545296637317,11.691712181759529,0.46294956282616423,0.416758364805952,0.4183256040650289,0.6048703190062883,0.3835792545287062,10.73755324272369,0.4311508608868177,1.576910930048802,0.6092959432631633,23.164110941760587,0.7074613573731012,0.590174593560523,0.5910846416400831,0.3412321604453894,0.10942115640371936,21.234733870563915,0.48860674929929343,3.1185208753084477,0.31605946854620964,44.491244366459284,0.42694734021104846,0.28833159437706823,0.2945163402423113
1.1375,0.8478232966643562,1.4201781590796585,0.29205033681833037,0.29120146572696626,6.8290819088956,0.3944273362017981,1.0029150646245717,0.42126201002281277,11.690347309115618,0.4629538773170637,0.4165265485600602,0.4181055033014459,0.602853144146565,0.38229729717690103,10.737630859265199,0.43100189627255103,1.576922328769711,0.6075061614990988,23.13492615584961,0.7058151039933459,0.5885717350695826,0.5893946880060349,0.3424106201216017,0.10977340999899315,21.23969312838926,0.4882608100909025,3.1192491890772307,0.317470902234066,44.628589504915304,0.4276181782500645,0.28900484602167564,0.29562792380515257
1.1400000000000001,0.8472159315320917,1.420492159807968,0.2921725423262434,0.2913136357843563,6.829308836870248,0.3943001043126165,1.0029483911371828,0.4212782846883145,11.688936367415844,0.4629606888153637,0.41629906109385156,0.41789011685086974,0.6008369409499915,0.3810166090873975,10.73769059289592,0.4308516831446465,1.576931101216566,0.6057137365350436,23.105529704573378,0.7041696466691003,0.5869741419983008,0.587708376799503,0.34357711894696263,0.11012181274232323,21.244623980971365,0.4879195268448835,3.1199733312682323,0.31876339853114155,44.74972760002592,0.42827701212625136,0.2896529257952811,0.2966924246306889
1.1425,0.8466069993611666,1.4207947747567926,0.292296008510774,0.29142726412730213,6.829530871403837,0.3941746692006691,1.002980999001838,0.42129419620038705,11.687478741402124,0.4629698984488615,0.4160758131432297,0.4176793634600677,0.5988219343809225,0.37973732138292376,10.737732588292413,0.430700460717206,1.5769372686364842,0.6039185930031469,23.075914339952767,0.7025251172878688,0.5853818941070615,0.5860258826351242,0.34473129708868333,0.11046627716383471,21.249521858242407,0.48758346022995336,3.1206926307239042,0.31993420384892224,44.85434825162672,0.4289235876401503,0.2902743814325733,0.29770738237526856
1.145,0.8459965089881286,1.421086002419325,0.29242064083030367,0.2915422620290949,6.829747885317309,0.39405099955919587,1.003012869541093,0.4213096634437146,11.68597379476706,0.4629814077337826,0.4158567135075155,0.4174731577065604,0.5968083472849603,0.3784595636415231,10.737756998117396,0.43054847041330946,1.576940853449425,0.6021206536236543,23.04607274595066,0.7008816453440614,0.5837950656557379,0.5843473796970097,0.3458727996769344,0.11080671649787797,21.25438242566545,0.48725313623189354,3.1214064508766315,0.3209809589964463,44.942196332415016,0.4295576533196336,0.29086782871537425,0.29867048555336667
1.1475,0.8453844694569698,1.4213658419996027,0.2925463454488481,0.29165854142306025,6.829959753057179,0.3939290646285504,1.0030439843162353,0.42132460495553126,11.684420869885127,0.4629951186251505,0.41564166914184825,0.4172714101341312,0.5947964006635753,0.3771834640148622,10.737763984800411,0.4303959551732752,1.5769418795096979,0.6003198419116382,23.015997641967818,0.6992393581803567,0.5822137263061778,0.5826730436553085,0.34700127962400573,0.11114304537173542,21.259201619586094,0.4869290439691929,3.122114194940451,0.3219017478715708,45.01307831593976,0.4301789643055692,0.2914319764980073,0.29957961205922123
1.1500000000000001,0.8447708900175251,1.4216342925055625,0.2926730292862685,0.2917760149410194,6.830166350951721,0.3938088342365369,1.003074325164906,0.42133893893847435,11.68281928780244,0.4630109335660849,0.4154305852549447,0.4170740274012789,0.5927863139238736,0.37590914933299063,10.737753722288932,0.4302431587806245,1.5769403723631297,0.598516084744,22.98568188232452,0.697598381220333,0.5806379420200005,0.5810030534968145,0.3481164005701935,0.11147518054743873,21.26397567945088,0.48661163385909,3.1228153106426335,0.32269514334610344,45.06686816272369,0.430787286189758,0.29196565205035196,0.3004328698779101
1.1525,0.8441557801228159,1.4218913519313174,0.29280060007154013,0.29189459595372286,6.830367557490812,0.3936902788194742,1.0031038742421972,0.42135258328112574,11.681168348445995,0.4630287555384365,0.4152233654146423,0.41688091244416087,0.5907783050900888,0.37463674518811607,10.737726397738168,0.4300903252169194,1.5769363594952273,0.5967093147142523,22.955118549051708,0.6959588381809954,0.5790677759179061,0.5793375932085311,0.3492178398129562,0.11180304167911607,21.268701175395023,0.48630131618427025,3.123509294275196,0.3233602476927061,45.10351240589334,0.4313823990687898,0.2924678256048659,0.30122863596571803
1.155,0.8435391494261378,1.422137016510159,0.2929289664010154,0.2920141986153317,6.830563253626066,0.3935733694248232,1.0031326140647316,0.4213654555860102,11.679467330998538,0.4630484881173187,0.4150199116636627,0.41669196465541675,0.5887725909664826,0.37336637599163897,10.737682213115326,0.42993769805574317,1.5769298705667791,0.5948994722157921,22.924301035753555,0.6943208512558596,0.5775032890680069,0.5776768532592188,0.350305291063627,0.11212655204474611,21.273375029676572,0.48599846011453035,3.124195693842716,0.3238967249019442,45.123034081789825,0.43196410197817503,0.2929376329395356,0.3019655912433314
1.1575,0.8429210077788483,1.4223712800584116,0.2930580378033908,0.2921347379138145,6.830753323087366,0.3934580776969586,1.0031605275571462,0.42137747320449737,11.67771549437957,0.46307003553182585,0.41482012464772444,0.4165070800798481,0.5867693872446611,0.37209816500054055,10.737621386700782,0.429785519904058,1.5769209376343167,0.5930865072093916,22.893223120811243,0.6926845412622652,0.5759445411730668,0.5760210318313831,0.3513784668765073,0.11244563921104504,21.277994530540585,0.48570339323151196,3.1248741110984137,0.3243048224491029,45.125535183685805,0.432532217581951,0.2933743948566749,0.3026427497522363
1.16,0.8423013652296718,1.4225941334637617,0.293187724812653,0.2922561297286966,6.8309376527118655,0.39334437584834236,1.0031875981004101,0.4213885532778426,11.67591207777594,0.46309330273373855,0.4146239037575212,0.4163261516273042,0.5847689085514075,0.37083223431098633,10.737544154473644,0.42963403189613814,1.5769095953535965,0.5912703806464438,22.86187902874267,0.6910500277485457,0.5743915911297949,0.5743703357645065,0.352437100610497,0.11276023559392728,21.28255733736078,0.48541640158963323,3.125544202299251,0.32458538047624563,45.11119737531634,0.43308659589653153,0.29377763252459405,0.3032594802592359
1.1625,0.8416802320260043,1.4228055643872446,0.2933179390496572,0.29237829089695494,6.831116132782126,0.3932322366189501,1.003213809581483,0.42139861278349183,11.674056301176558,0.46311819547526484,0.41443114728520797,0.4161490693023135,0.5827713684357454,0.36956870481857135,10.737450771371533,0.42948347324163794,1.576895881164612,0.5894510655356484,22.83026347909932,0.6894174290547649,0.5728444974375332,0.5727249811795876,0.3534809478138836,0.11307027888458378,21.287061476337904,0.4851377303255016,3.126205677574197,0.32473982692746217,45.080280781315366,0.433627116545622,0.29414707782732163,0.3038155189363951
1.165,0.8410576186172879,1.423005557239861,0.2934485933122099,0.29250113928705185,6.831288657370555,0.39312163322729676,1.003239146443899,0.4214075685857437,11.67214736588157,0.46314462039587445,0.41424175259498014,0.415975720449098,0.5807769792960229,0.3683076961459415,10.73734151241436,0.429334080825693,1.5768798354566305,0.5876285476572257,22.79837172286933,0.6877868623227203,0.5713033184391202,0.5710851937655039,0.35450978696661545,0.11337571232214538,21.291505326621145,0.48486758480480874,3.12685829888603,0.3247701578763648,45.03312076848155,0.43415369023298783,0.2944826781048103,0.3043109721723308
1.1675,0.8404335356601715,1.4231940934665552,0.2935796016726518,0.29262459388021056,6.831455124687713,0.3930125393167494,1.0032635937389194,0.4214153374898227,11.6701844549741,0.46317248511725195,0.41405561630618554,0.41580599000967167,0.5787859522495292,0.36704932653967703,10.737216673679765,0.4291860888558867,1.576861501711444,0.5858028259454201,22.76619956696372,0.6861584434572534,0.5697681123836799,0.5694512087197227,0.35552341956707034,0.1136764848069861,21.2958875974184,0.48460613227311783,3.127501876669759,0.3258298900098022,45.12954185569657,0.4346662592655289,0.2947845949471946,0.30474630906255484
1.17,0.8398079940249735,1.4233711521343975,0.29371087958102443,0.2927485748571324,6.831615437431965,0.3929049289010008,1.0032871371768817,0.421421836298366,11.6681667337587,0.46320169834439734,0.4138726344862926,0.41563976079185366,0.576798496948803,0.3657937127394522,10.737076573115042,0.4290397285489377,1.576840926622611,0.5839739125767448,22.73374338797998,0.6845322870418088,0.5682389373098626,0.567823270349514,0.3565216696058787,0.11397255086238302,21.300207297401986,0.48435350395730703,3.1281362653395677,0.3267865494815442,45.21238772612953,0.43516479700984295,0.295053197013548,0.30512234365573465
1.1725,0.8391810048029271,1.4235367107943406,0.29384234397105014,0.2928730036875332,6.831769503137289,0.3927987763125384,1.0033097631782788,0.4214269818692005,11.66609335018258,0.46323216996998107,0.41369270285005355,0.4154769137432779,0.5748148213506666,0.36454096982374423,10.736921551168072,0.42889522784929734,1.5768181601881126,0.5821418328172505,22.70100013702752,0.682908506210912,0.5667158507584215,0.5662016313546427,0.35750438252078226,0.11426387046475188,21.30446369840681,0.48410979754886624,3.128761357957546,0.3276169748780391,45.27850837322063,0.43564930655664774,0.29528904715758675,0.3054402075693338
1.175,0.8385525793137346,1.423690746579798,0.29397391336544004,0.29299780321921426,6.8319172345148855,0.3926940561576879,1.0033314589239275,0.4214306911731122,11.663963435261664,0.4632638111783544,0.41351571696044337,0.4153173282269224,0.5728351314462822,0.3632912110377861,10.736751971219437,0.4287528111724069,1.5767932557738131,0.5803066246954809,22.66796733790246,0.6812872124848265,0.5651989093342795,0.5645865518272998,0.35847142376731317,0.11455040877248023,21.308656295960773,0.4838750799889057,3.1293770804372105,0.3283234623523644,45.32827964482556,0.43611981916703535,0.29549288443784566,0.3057013140979046
1.1775,0.8379227291129682,1.4238332375246259,0.2941055079765572,0.2931228977629646,6.832058549782753,0.39259074328131544,1.0033522124033696,0.4214328813501048,11.661776103533521,0.46329653454520314,0.4133415724264932,0.4151608822933507,0.5708596309630755,0.36204454761098687,10.736568219800299,0.42861269916678585,1.5767662701454581,0.578468338576621,22.634643081234497,0.6796685155749413,0.5636881681491615,0.562978298018015,0.3594226771655033,0.11483213578944618,21.312784769500364,0.4836493904671711,3.1299833857007875,0.32890876513347567,45.36213637893737,0.43657639199446047,0.2956656018463217,0.30590731538383387
1.18,0.8372914659986735,1.423964164120349,0.29423704979827686,0.2932482131694627,6.83219337297608,0.39248881274358444,1.0033720124604568,0.421455423839772,11.660137842979339,0.46333025412873685,0.41317016509300825,0.4150074529447602,0.5688885210518649,0.3608010885724287,10.73637070658589,0.4284751084908518,1.5767372634677177,0.5766270367154795,22.601026017316578,0.6780525231714368,0.5621836801847606,0.561377140925333,0.360358043190696,0.11510902600127947,21.316848945153133,0.4834327435429238,3.1305802482134677,0.32937601948757644,45.38056197569895,0.43701910547852907,0.29580822078851343,0.3060600545688515
1.1825,0.8366588020161055,1.4240835111705934,0.2943684626850335,0.2933736768945418,6.832321634230257,0.39238823981032533,1.0033908488349121,0.4215248366378623,11.659783172924374,0.4633648855485284,0.41300139121738344,0.4148569163861127,0.5669219999744264,0.3595609405739898,10.736159864162163,0.42834025160183975,1.5767062992699181,0.5747827928597812,22.567115350109848,0.6764393407269033,0.5606854956216295,0.5597833547701699,0.36127743736744866,0.11538105802059054,21.320848763703204,0.48322513229383907,3.1311676592788413,0.3297286649290937,45.38407726806011,0.43744806082862747,0.29592186347530913,0.3061615150671354
1.185,0.8360247494588751,1.4241912700186512,0.29449967241454883,0.2934992180496946,6.832443270028042,0.39228899995768257,1.0034087121986297,0.4215922541564192,11.659361234885477,0.46340034604875957,0.41283514762927426,0.41470914825902744,0.5649602628074261,0.35832420773079193,10.735936147572001,0.4282083365549676,1.5766734443793964,0.5729356919603378,22.532910834377656,0.6748290712503883,0.559193661179166,0.5581972154118378,0.3621807889023794,0.11564821427256777,21.324784255827296,0.48302653140009527,3.131745623402075,0.3299703618399976,45.37322912407884,0.43786337746733645,0.296007724436463,0.30621376918108134
1.1875,0.8353893208640595,1.4242874412047712,0.29463060673154534,0.2936247674354844,6.832558223403001,0.3921910688908271,1.0034255941855517,0.4216575956065713,11.658871107217402,0.46343655454349364,0.41267133186970667,0.41456402385476876,0.563003501177703,0.35709099148780393,10.735700033655695,0.42807956681090376,1.5766387688246455,0.5710858300221042,22.498412777084347,0.6732218151249407,0.5577082195067187,0.5566189987516865,0.3630680396589304,0.11591048074554332,21.3286555259676,0.48283690007504176,3.132314155921488,0.3301049096445057,45.34857920837495,0.4382651905797595,0.29606704233744685,0.30621892821712504
1.19,0.834752528998248,1.4243720375463826,0.29476119537080636,0.29375025755651607,6.832666444092736,0.39209442257574134,1.0034414874141713,0.42172078076264485,11.658311860974296,0.463473431642576,0.4125098423072298,0.4144214183034885,0.5610519030411464,0.35586139051949256,10.73545202020708,0.4279541410487705,1.576602345711383,0.5692333141024861,22.46362204319315,0.6716176699582814,0.5562292086554225,0.5550489791535479,0.36393914353900303,0.11616784682334295,21.332462745387108,0.48265618476198846,3.1328732819886658,0.33013616849819444,45.31069330089562,0.43865364887759756,0.29610107318478157,0.30617909606504173
1.1925000000000001,0.8341143868313178,1.4244450875341177,0.29489137005912686,0.29387562261771505,6.83276788863751,0.39199903728244767,1.003456385502016,0.42178172995595165,11.65768255999033,0.46351089965788966,0.4123505782298444,0.4142812067378517,0.5591056525130964,0.35463550066658195,10.735192624970331,0.4278322529807265,1.576564251075223,0.5673782624343067,22.428540064950166,0.6700167304723896,0.5547566616464567,0.5534874278902705,0.36479406629735855,0.1164203052082154,21.336206154135148,0.48248432152953696,3.133423036857115,0.33006798711883295,45.2601315227001,0.4390289124981754,0.29611106585388214,0.30609632790628866
1.195,0.8334749074951445,1.4245066388190204,0.2950210644968851,0.2940007985027345,6.832862520422384,0.3919048896375641,1.0034702830718372,0.42184036405623865,11.65698226087878,0.4635488825907934,0.4121934399125415,0.4141432644301943,0.5571649297529673,0.3534134149106754,10.734922384502855,0.42771409116312425,1.576524563714679,0.565520804624691,22.393168852797952,0.6684190884337978,0.5532906061362762,0.5519346116060031,0.3656327857776275,0.11666785193535228,21.339886070926806,0.48232123811590494,3.1339634673331522,0.329904138949265,45.19743975642244,0.43939115105723753,0.2960982406857039,0.30597259534951426
1.1975,0.8328341042255374,1.4245567614592474,0.2951502143210354,0.2941257227362635,6.8329503096636195,0.39181195668372726,1.0034831757496117,0.4218966044416814,11.65621001293918,0.46358730610250976,0.4120383286612902,0.4140074669033647,0.5552299109004825,0.3521952233842227,10.734641852927663,0.4275998387987876,1.5764833650079395,0.5636610818614789,22.35751100535595,0.6668248326222519,0.551831064165596,0.5503907907679246,0.36645529252577297,0.11691048647270837,21.34350290937876,0.4821668555956317,3.134494634160285,0.3296482683372613,45.1231424786442,0.4397405418958786,0.2960637716921076,0.30580975889023393
1.2,0.8321919902873631,1.424595550525922,0.2952787570521602,0.2942503344327437,6.833031233342432,0.3917202159431738,1.003495060154814,0.4219503729589701,11.65536485797013,0.4636260974699499,0.41188514683509775,0.4138736900162968,0.5533007680565187,0.35098101341066923,10.734351600595042,0.4274896735253845,1.5764407387163222,0.5617992470482147,22.321569715526287,0.6652340488314791,0.5503780519687888,0.5488562180716705,0.367261590709131,0.11714821189315895,21.3470571986861,0.48202108966865376,3.1350166150558025,0.3293038478736469,45.037737146801746,0.4400772688667746,0.29600877270055437,0.305609548188213
1.2025000000000001,0.8315485788848941,1.4246231276591634,0.29540663202878187,0.2943745742344718,6.833105275091207,0.39162964548259716,1.003505933883706,0.4220015918755345,11.654445829993344,0.4636651855298949,0.4117337978483241,0.4137418100261029,0.5513776692988136,0.3497708695680128,10.734052212669924,0.42738376718617366,1.576396770776814,0.5599354647881781,22.285348769764347,0.663646819893543,0.5489315798153633,0.5473311367632476,0.36805169924745995,0.11738103510017321,21.35054960667398,0.4818838515996332,3.135529508096124,0.3288741474701839,44.94169020741109,0.4404015217238672,0.295934287567871,0.3053735502726752
1.205,0.8309038830615377,1.4246396412266997,0.29553378033239436,0.2944983842422685,6.833172425038594,0.39154022397625915,1.0035157954865863,0.4220501838262786,11.653451954901813,0.4637045006146357,0.41158418615575126,0.4136117036290286,0.549460778722128,0.34856487376865297,10.73374428765954,0.42728228558135356,1.5763515490858446,0.5580699111466293,22.248852537867684,0.6620632257183949,0.5474916518556859,0.5458157788467988,0.3688256530473122,0.11760896708339265,21.353980963194573,0.481755048861294,3.136033435152866,0.3283622151982926,44.83543471729416,0.44071349585835307,0.2958412844068096,0.30510320543386743
1.2075,0.8302579155949383,1.4246452648655061,0.2956601447066766,0.29462170794186243,6.833232679620579,0.3914519307642685,1.003524644440046,0.42209607175726555,11.652382250048822,0.4637439744821315,0.4114362172230434,0.4134832479829838,0.5475502564938194,0.3473631053492729,10.73342843589645,0.4271853882004169,1.5763051632765048,0.5562027731364547,22.212085951214537,0.6604833433418689,0.546058265948326,0.5443103631606987,0.36958350422285635,0.11783202317711818,21.35735228201972,0.481634585555571,3.136528545107981,0.32777086936285943,44.719369496824896,0.44101339211755924,0.29573065360040324,0.3047998102431101
1.21,0.8296106888946296,1.424640194365569,0.295785669474155,0.29474449012893544,6.8332860413648575,0.3913647459029505,1.0035324811153015,0.42213917886866553,11.651235723795503,0.4637835402435462,0.4112897974852654,0.41335632071458295,0.5456462589186646,0.34616564116624604,10.733105277995074,0.42709322793792553,1.5762577044918737,0.554334247893012,22.17505446813048,0.6589072469776618,0.5446314134547533,0.5428150933216738,0.3703253231851512,0.11805022329303241,21.360664779651778,0.4815223626971419,3.1370150166163104,0.3271027007700287,44.59385966617194,0.4413014166265428,0.295603209228219,0.30446452686181913
1.2125000000000001,0.8289622149097238,1.4246246430583491,0.2959103004532744,0.29486667683548495,6.833332518655347,0.3912786502044019,1.0035393067436094,0.42217942855898405,11.650011375031639,0.4638231322907734,0.4111448342961367,0.41323079991375733,0.5437489385103769,0.3449725556942155,10.7327754433043,0.4270059507966793,1.576209265157769,0.5524645415265452,22.137764025889016,0.6573350080723688,0.5432110789966377,0.5413301555550868,0.3710511994876438,0.11826359209871992,21.3639198897915,0.48141827844314694,3.1374930602303266,0.3263600836898539,44.45923835537863,0.44157778096507233,0.29545969339704475,0.3040983975551787
1.215,0.8283125050534224,1.424598836069344,0.29603398487847576,0.29498821525982544,6.833372125483107,0.3911936252626709,1.003545123379689,0.42221674437218876,11.648708192678953,0.46386268622630505,0.411001235870732,0.4131065641190537,0.5418584440706996,0.34378392112755,10.73243956838337,0.42692369558329607,1.5761599387589171,0.5505938676627757,22.10022097968147,0.6557666953669881,0.5417972401798754,0.5398557164465857,0.37176124232783925,0.11847215911574255,21.367119272524825,0.48132222834037997,3.137962919749301,0.3255451936481364,44.31580933134634,0.441842703049668,0.2953007828609542,0.3037023631276067
1.2175,0.8276615701494712,1.424563003951694,0.29615667132551327,0.2951090537022236,6.833404881189006,0.39110965346456594,1.0035499338639293,0.42225104994891904,11.647325155179367,0.4639021387975716,0.41085891122441837,0.4129834922967538,0.5399749207794514,0.3425998074858839,10.732098295531415,0.42684659360186766,1.5761098196230012,0.5487224457026819,22.062432029674884,0.6542023749703498,0.5403898672964326,0.5383919206640803,0.3724555806230042,0.1186759587150713,21.37026481760213,0.4812341056390111,3.1384248727008943,0.3246600299450475,44.16385025444352,0.4420964065059999,0.2951270972407509,0.3032772838633133
1.22,0.8270094204032779,1.4245173763076433,0.2962783096438789,0.2952291415078373,6.83343081020257,0.39102671798383903,1.0035537417840366,0.4222822689825411,11.645861229963947,0.4639414278375652,0.4107177701108932,0.412861463816898,0.5380985102999732,0.3414202827256551,10.7317522714011,0.42677476835179823,1.576059002717062,0.546850498850127,22.02440413797998,0.6526421104496252,0.5389889230195917,0.5369388887084644,0.37313436260069127,0.11887502999334881,21.373358641481808,0.4811538016940831,3.138879229906975,0.32370644072546567,44.00361626909913,0.44233911997622644,0.29493920812173335,0.30282396151030877
1.2225,0.8263560653975778,1.4244621760076932,0.29639885089782114,0.29534842901828523,6.833449941780586,0.39094480275834886,1.0035565514366456,0.4223103251804071,11.644315372892555,0.46398049221329507,0.4105777229621726,0.4127403584291253,0.5362293509039576,0.3402454128593939,10.731402145723397,0.4267083352363344,1.5760075834602183,0.544978251970387,21.986144437954607,0.6510859629424083,0.5375943621102961,0.5354967147564915,0.3737977548720584,0.11906941652048836,21.376403078101447,0.48108120644782726,3.1393263341282838,0.32268614853726774,43.83534364896939,0.4425710768506216,0.29473764833196736,0.30234316091257174
1.225,0.8257015141097449,1.4243976145286503,0.2965182473170338,0.29546686753279194,6.833462309748394,0.39086389245069486,1.0035583677893265,0.42233514223030116,11.642686527650405,0.464019271783368,0.4104386808331935,0.41262005624091247,0.5343675776178434,0.33907526208362493,10.731048570163312,0.42664740128866435,1.5759556575556202,0.5431059293534107,21.9476601387506,0.6495339912939554,0.5362061311524888,0.5340654646600848,0.3744459409865227,0.11925916595717174,21.379400663634346,0.48101620896247194,3.139766557825781,0.32160077460537856,43.65925325751623,0.44279251498243605,0.29452292078586817,0.3018356300835995
1.2275,0.8250457749455017,1.4243238887633016,0.29663645225760726,0.2955844092794014,6.833467952246095,0.3907839723936109,1.0035591964433126,0.4223566437716735,11.640973625085085,0.46405770736544955,0.4103005553532497,0.41250043770023664,0.5325133223902302,0.337909892914851,10.730692197316147,0.4265920649226419,1.5759033208430413,0.5412337524624536,21.908958428351273,0.6479862522192,0.5348241683342776,0.5326451741638272,0.37507911949886374,0.11944432954947712,21.382354115782952,0.48095869795859936,3.140200300119694,0.32045186048927543,43.47555364472092,0.4430036762619334,0.29429550641562824,0.30130211781611427
1.23,0.8243888557822981,1.4242411794342504,0.29675342017329964,0.2957010073962222,6.833466911481791,0.3907050285220379,1.0035590435972621,0.42237475337084607,11.639175582466265,0.4640957407137804,0.4101632586857573,0.4123813835839006,0.5306667142766259,0.33674936633148245,10.730333679841795,0.4265424157149325,1.5758506691717398,0.539361937751223,21.870046378519795,0.6464428004864764,0.5334484032899198,0.53123584739703,0.3756975016123726,0.11962496151656574,21.385266308438958,0.4809085623101585,3.140627983068114,0.3192408863217684,43.284443672298174,0.44320480553399777,0.29405587089052904,0.30074338830463415
1.2325,0.8237307640151904,1.4241496510116614,0.2968691065965868,0.2958166159220889,6.833459233493657,0.3906270472942117,1.0035579160123145,0.4223893944989474,11.637291302649604,0.464133314506243,0.41002670349688297,0.4122627749918091,0.5288278796347591,0.33559374191801034,10.729973669721842,0.42649853422447137,1.5757977982913585,0.5374906946307062,21.830930855070573,0.6449036891216005,0.5320787570153447,0.5298374556892423,0.3763013084909953,0.11980111835529858,21.388140242771104,0.4808656914536051,3.141050047420966,0.31796928537248403,43.08611463311386,0.4433961485872774,0.29380447001648186,0.30016023266710584
1.235,0.8230715065987192,1.4240494528313168,0.29698346812835164,0.2959311897954167,6.833444967922763,0.39055001560428904,1.0035558209787294,0.42240049051090356,11.635319673126617,0.4641703723396904,0.4098908029324764,0.4121444933464456,0.5269969423210576,0.33444307800642187,10.729612817612008,0.4264604918535273,1.575744803756825,0.5356202236606113,21.791618436686136,0.6433689696263424,0.5307151418674189,0.5284499367488092,0.37689076835600005,0.11997285809189286,21.39097901594946,0.480829975682984,3.1414669480268755,0.31663845516394984,42.880751895312855,0.443577949903699,0.2935417538855186,0.29955347762615764
1.2375,0.8224110900798834,1.423940720970616,0.2970964624344995,0.29604468485945656,6.833424167798651,0.39047392068904985,1.0035527662843948,0.4224079646234632,11.633259564943945,0.4642068587314911,0.4097554706016852,0.41202642039587417,0.5251740238770629,0.33329743180897714,10.729251772252345,0.42642835075256286,1.575691780841732,0.5337507150304428,21.752115345151015,0.6418386922033471,0.529357461654495,0.5270731942335769,0.3774661134949278,0.12014023951430412,21.393785788749305,0.48080130632151846,3.1418791490754936,0.31524976572937324,42.66853614973602,0.4437504505926243,0.2932681699796622,0.2989239918915074
1.24,0.8217495206194964,1.4238235803865082,0.2972080482473144,0.2961570578716809,6.83339688933972,0.39039875003108415,1.0035487601855124,0.42241173989006914,11.631109831480398,0.46424271912481424,0.409620620564789,0.41190843821790474,0.523359243693727,0.33215685953615465,10.728891179889837,0.42640216376886914,1.575638824453542,0.5318823473827017,21.71242738939656,0.6403129059786792,0.5280056118231357,0.5257070977316245,0.3780275773099272,0.12030332141920784,21.396563753186268,0.4807795757793557,3.142287119344409,0.3138045658047717,42.44964436612962,0.44391388757781625,0.2929841655068482,0.2982726909331965
1.2425,0.8210868040016168,1.4236981468531655,0.2973181853690427,0.296268266514703,6.833363191770548,0.390324491260693,1.0035438113797706,0.4224117391704987,11.628869307079471,0.4642778998946651,0.4094861673223219,0.41179042922281295,0.5215527191419446,0.3310214164938846,10.728531683664777,0.426381974437078,1.575586029043471,0.5300152870166565,21.672559925192793,0.6387916592126703,0.5266594797433862,0.5243514831584748,0.37857539151850317,0.12046216190402624,21.399316101130253,0.480764677522808,3.1426913275898127,0.3123041877936577,42.2242505695696,0.44406849240073293,0.2926901892531246,0.29760054083943244
1.245,0.8204229456329509,1.423564528344098,0.29742683467505854,0.2963782694060099,6.833323137158029,0.3902511320585244,1.003537928982277,0.4224078850936836,11.626536805550465,0.4643123483516135,0.40935202580260205,0.4116722761522768,0.519754565659339,0.32989115715517453,10.728173922913433,0.42636781700851806,1.5755334885040777,0.5281496874967072,21.632517831728112,0.6372749994911792,0.525318945092701,0.5230061535660756,0.37910978359427094,0.12061681772784569,21.402045994567754,0.48075650598980096,3.143092238179232,0.31074995226078983,41.99252653769169,0.44421448822177617,0.2923866931846183,0.29690856183206615
1.2475,0.8197579505357876,1.4234228256576613,0.2975339581140529,0.2964870261038918,6.8332767902678055,0.39017866006079543,1.0035311225044776,0.422400100013013,11.62411111857289,0.4643460127404882,0.40921811134534875,0.41155386207299294,0.5179648967861561,0.32876613520277875,10.727818532346273,0.4263597165161344,1.5754812960485785,0.5262856896752901,21.5923055057198,0.6357629738921637,0.5239838803365366,0.52167088034824,0.37963097450295513,0.12076734375641271,21.404756537884555,0.4807549564876992,3.1434903070209894,0.309664759662005,41.825091032409276,0.44435208834899864,0.2920741339456993,0.2961978318102535
1.25,0.8190918233389753,1.4232731322562235,0.2976395187029993,0.29659449710729247,6.8332242184418375,0.39010706276880397,1.0035234018361738,0.42238830595467297,11.62159101406532,0.46437884223179665,0.409084339680098,0.41143507036468985,0.5161838241467754,0.3276464035414952,10.72746614107274,0.4263576888722369,1.5754295440676267,0.5244234221269369,21.551926873118916,0.6342556291247005,0.522654151301476,0.520345404817262,0.3801391767556529,0.1209137924972791,21.40745075228164,0.48075992510313564,3.143885977806933,0.30884078312162755,41.6937782074138,0.44448149540822995,0.29175297430294167,0.29546949006352613
1.2525,0.8184245682715667,1.423115533448292,0.297743480515145,0.2967006438478404,6.833165491496871,0.3900363274643389,1.003514777230613,0.4223724245610421,11.618975234607586,0.4644107869043889,0.40895062689943007,0.4113157847037389,0.5144114573772679,0.3265320142806679,10.727117371458933,0.4263617409973613,1.5753783239615513,0.5225630019775234,21.511385417919946,0.6327530116392137,0.5213296178341617,0.5190294401170448,0.38063459277339173,0.12105621372327217,21.41013155226059,0.48077130864045425,3.1442796785590987,0.30795797260624774,41.555338012881215,0.44460290082087717,0.29142368450275974,0.29472474109136715
1.2550000000000001,0.8177561891631067,1.4229501051645834,0.297845808659898,0.2968054286729908,6.8331006816425015,0.38996644113251866,1.0035052592924554,0.4223523770325938,11.616262496029288,0.4644417977187837,0.4088168894283658,0.4111958890449922,0.5126479040029206,0.3254230186891821,10.726772837821096,0.4263718709795589,1.5753277259484852,0.5207045361007284,21.470684227058424,0.6312551677086944,0.5200101345359709,0.5177226734292177,0.3811174135389532,0.12119465417715308,21.41280172404335,0.4807890045889213,3.1446718184604485,0.30701745529677515,41.4099214029303,0.4447164846842129,0.29108674346116636,0.2939648583243842
1.2575,0.8170866894532901,1.4227769126443077,0.29794646925412926,0.29690881481992426,6.833029863415852,0.38989739039349247,1.0034948589681798,0.42232808407288513,11.613451486291732,0.46447182648145957,0.40868304399238914,0.4110752676055737,0.5108932692720849,0.32431946712636023,10.726433144972027,0.4263880682640926,1.5752778388508897,0.5188656822799991,21.43055131025304,0.6297621434816971,0.5186955515591907,0.5164247684206031,0.38158781750583143,0.12132915734826123,21.41546390581879,0.4808129111029742,3.145062784953892,0.306020369724263,41.257680296117236,0.4448224159539444,0.29074263969295366,0.2931911874773168
1.26,0.8164160722121239,1.4225960093453869,0.2980454293849941,0.29701076638049906,6.832953113628357,0.3898291614442767,1.0034835875382697,0.42229946584175077,11.610540864789403,0.46450082580116586,0.40854900758719565,0.410953804854799,0.5091476559536865,0.3232214089525342,10.72609888664658,0.42641031387356,1.5752287498643263,0.5171607108188401,21.395716536549596,0.6282739850088185,0.5173857154458218,0.5151353678735381,0.3820459697390384,0.1214597633129497,21.41812056980745,0.4808429269686938,3.1454529411083234,0.3049678755309057,41.098768901631665,0.44492085319299907,0.2903918719097024,0.2924051492695347
1.2625,0.8157443401701255,1.4224074363211106,0.298142657064836,0.29711124825808993,6.832870511318372,0.3897617400117045,1.0034714566102532,0.4222664419216012,11.607529262177643,0.4645287490388412,0.40841469745330816,0.41083138551411075,0.5074111641053076,0.32212889242276205,10.725770643834524,0.42643858065789936,1.57518054431262,0.5154590208406042,21.360793689296038,0.62679073824433,0.5160804699858912,0.5138540964359458,0.3824920212746806,0.12158650863377583,21.420774006267127,0.480878951526772,3.1458426232696937,0.3038611630492856,40.93334501119085,0.4450119458030348,0.2900349492582657,0.2916082413013644
1.2650000000000001,0.8150714957568158,1.4222112221789092,0.298238121179025,0.2972102261175008,6.832782137701743,0.3896951113169907,1.0034584781114424,0.42222893130075717,11.604415280796685,0.46455555025299855,0.40828003105817584,0.41070789456989915,0.505683890817339,0.3210419645664357,10.725448983044013,0.4264728335727941,1.5751333053928342,0.5137606589997471,21.32578366786767,0.6253124490235911,0.5147796570694403,0.5125805634267939,0.38292610869986293,0.12170942631636268,21.4234263096867,0.4809208845289775,3.1462321390334425,0.302701462854689,40.76157127899256,0.44509583507868977,0.2896723912174087,0.2908020389444877
1.2675,0.814397541145095,1.422007383582958,0.29833179142774086,0.29730766632934585,6.832688076111423,0.3896292600517634,1.0034446642800676,0.42218685237617054,11.601197495713073,0.46458118414248295,0.40814492608741215,0.41058321730053693,0.5039659299370892,0.31996067105479986,10.72513445450971,0.42651302998406826,1.5750871139121179,0.5120656678381941,21.290687209722304,0.6238391630147867,0.513483117506266,0.5113143656356433,0.38334835396668016,0.12182854582620478,21.426079367507167,0.48096862592042317,3.146621765588075,0.3014900555036352,40.58361651946027,0.44517265468455747,0.2893047272053572,0.2899881951637856
1.27,0.8137224782991358,1.4217959261213589,0.2984236382627919,0.2974035359103899,6.832588411916848,0.38956417036463703,1.0034300276534351,0.4221401229760599,11.597874456346908,0.4646056059884124,0.40800930044571754,0.4104572393172616,0.5022573717757137,0.31888505605807294,10.724827590349314,0.4265591199951874,1.5750420480169711,0.5103740883504425,21.255504997787718,0.6223709256412991,0.5121906917907603,0.510055090062808,0.3837588644604104,0.12194389316942006,21.428734851758897,0.4810220755601582,3.1470117484870155,0.30022828164633913,40.39965704881323,0.44524253081930454,0.2889324959655238,0.289168439217248
1.2725,0.8130463090241059,1.4215768452725022,0.298513632820636,0.29749780246138446,6.832483232414453,0.3894998258566454,1.0034145810518496,0.4220886604012947,11.59444468860725,0.46462877159696186,0.4078730722670261,0.41032984661705124,0.5005583028009941,0.31781516209416477,10.724528902665655,0.4266110467952522,1.5749981829145232,0.5086859624318744,21.22023776429607,0.6209077819737606,0.5109022207956802,0.5088023165586865,0.3841577333411553,0.12205549104110053,21.43139421401531,0.481081132912344,3.1474023009075065,0.29891755259380587,40.20987808212123,0.44530558238627077,0.2885562447888376,0.2883445741728012
1.2750000000000001,0.8123690350170442,1.4213501272033429,0.29860174685290025,0.2975904341039921,6.832372626682529,0.3894362095832947,1.003398337557298,0.42203238148319705,11.590906697428354,0.4646506372445372,0.4077361599327734,0.4102009256447226,0.49886880532048244,0.31675102987195125,10.724238881590907,0.42666874702599217,1.5749555905853045,0.507623106580968,21.21086690601534,0.6194497765963618,0.5096175463875119,0.5075556203356586,0.38454504017084595,0.12216335904264605,21.434058684051355,0.48114569675383523,3.147793603453594,0.29755936125155813,40.01447517515709,0.445361921299151,0.2881765286023687,0.2875184731406465
1.2775,0.8116906579191573,1.4211157492184534,0.2986879526558756,0.2976813994184509,6.832256685396236,0.3893733040608181,1.003381310486282,0.4219712026550491,11.58725896959243,0.4646711596268314,0.4075984820970223,0.41007036336133496,0.4971889571619929,0.31569269813344547,10.723957993275592,0.4267321511680363,1.5749143394879148,0.5066889713611854,21.206737563469204,0.6179969534554646,0.5083365119655753,0.5063145743413572,0.3849208518259801,0.1222675139659245,21.43672927257214,0.481215664947099,3.148185804556852,0.29615529313106514,39.813655673913196,0.4454116532942452,0.2877939089132462,0.2866920740603432
1.28,0.8110111793702751,1.4208736798259805,0.2987722230006691,0.2977706673836952,6.832135500601979,0.3893110912745393,1.0033635133566847,0.42190504003510737,11.58349997674361,0.4646902958132612,0.40745995771749943,0.4099380473166193,0.49551883136113917,0.3146402035005981,10.723686677836703,0.4268011839486872,1.5748744942576838,0.5057224109532693,21.20111900072848,0.6165493556995018,0.5070589629352314,0.5050787514956091,0.3852852236834927,0.12236797013814302,21.439406778349753,0.4812909343185919,3.1485790215244926,0.2947070369473223,39.60764010806217,0.44545487916189164,0.287408952554093,0.2858673728217708
1.2825,0.8103306010660115,1.4206238785436942,0.2988545310658588,0.2978582073216582,6.832009165453758,0.3892495526880847,1.003344959849049,0.42183380952020955,11.579628178538908,0.46470800320829514,0.4073205060922886,0.4098038657244661,0.49385849586776265,0.3135935803334421,10.72342534729267,0.4268757647749429,1.5748361154034023,0.5047232368043204,21.193994889782655,0.6151070255200293,0.5057847471307859,0.5038477268028155,0.3856382010552875,0.12246473981776662,21.44209180006921,0.48137140066378675,3.1489733422790556,0.29321639413281914,39.39666344125685,0.44549169617624657,0.28702223014080014,0.28504641445767376
1.285,0.8096489248173683,1.4203662956778094,0.29893485037456247,0.2979439888474159,6.831877773917187,0.38918866925338585,1.003325663763111,0.4217574268908849,11.57564202593885,0.46472423952114605,0.4071800469027925,0.4096677075421818,0.49220801328396885,0.31255286060652127,10.72317438352495,0.42695580819592877,1.5747992590079631,0.503691278313129,21.185349608382968,0.6136700040046554,0.5045137152049708,0.5026210793557788,0.3859798208376805,0.12255783362924107,21.444784753123297,0.4814569588755264,3.1493688278248877,0.2916852864640778,39.18097607349297,0.44552219952587285,0.2866343141327953,0.2842312821397971
1.2875,0.808966152611416,1.420100872327838,0.2990131547377724,0.2980279818266673,6.831741420449229,0.38912842142272286,1.0033056389707666,0.4216758079308203,11.571539964700989,0.4647389627451277,0.40703850026442323,0.4095294625559427,0.49056744064579066,0.3115180738099046,10.722934136313992,0.4270412243977566,1.5747639764399228,0.5026263840847337,21.17516830112873,0.6122383310115129,0.5032457209992363,0.5013983942460509,0.38631011333556625,0.12264726102287289,21.44748589148839,0.48154750316796296,3.149765515460814,0.2901157609216838,38.96084448067309,0.44554648418011517,0.2862457763843587,0.28342408375277034
1.29,0.8082822866707522,1.419827540795288,0.29908941820564605,0.2981101563418202,6.831600199663204,0.389068789165148,1.0032848993668737,0.42158886856511746,11.567320439190048,0.4647521311478022,0.4068957867871061,0.4093890214762462,0.488936829258316,0.31048924687965707,10.722704921499945,0.4271319197309187,1.574730314083385,0.5015284230974619,21.163436936717115,0.6108120450724318,0.5019806219034928,0.500179264391066,0.38662910421663793,0.12273303074583035,21.450195334638106,0.4816429273489923,3.150163422732662,0.2885099908999467,38.73655137555643,0.44556464652221994,0.2858571850941081,0.2826269359150988
1.2925,0.8075973295090778,1.4195462254338342,0.29916361502821825,0.2981904826677012,6.831454205989193,0.3890097519901886,1.00326345881938,0.4214965250225632,11.562981896645764,0.4647637032728197,0.4067518276479292,0.40924627604785546,0.4873162245909093,0.30946640416070836,10.722487019316269,0.42722779726586857,1.5746983130932755,0.5003972857460797,21.150142359747566,0.6093911833293245,0.5007182792070847,0.49896329228173036,0.38693681654692785,0.12281515131045491,21.452913099193445,0.4817431250825155,3.150562552081382,0.2868702729579789,38.508395283821805,0.4455767840421002,0.28546910109673956,0.28184194546202573
1.295,0.8069112839806337,1.4192568438317146,0.29923571962676665,0.29826893125767673,6.831303533339906,0.38895128898155956,1.0032413311202526,0.4213986940267429,11.558522792043105,0.46477363795401544,0.40660654467805624,0.40910111917853664,0.4857056662355446,0.3084495674029533,10.72228067293896,0.4273287573670094,1.574668009182282,0.4992328847165833,21.135272335168573,0.6079757815042248,0.4994585584364317,0.4977500916480798,0.3872332728538381,0.12289363144644581,21.455639134668687,0.4818479900779889,3.1509628960926697,0.2851990184670241,38.276689450019894,0.44558299428172327,0.2850820734922792,0.28107118858942104
1.2975,0.8062241533223001,1.4189593081245435,0.29930570657685074,0.2983454727407915,6.8311482747914205,0.388893378842695,1.0032185299385907,0.4212952930191431,11.553941593635708,0.46478189434197803,0.4064598604653268,0.40895344508970977,0.48410518792785007,0.3074387557894915,10.722086087286641,0.4274346982697628,1.5746394324446367,0.4980351556486826,21.118815583504336,0.6065658738998503,0.49820132967045416,0.49653928903694927,0.3875184971560461,0.12296848052367429,21.458373362271843,0.48195741614636894,3.1513644431951793,0.2837948622314524,38.08149571783088,0.44558337399958586,0.2846966346676197,0.2803166880625174
1.3,0.8055359411884686,1.418653526237064,0.29937355060385396,0.2984200779303795,6.83098852228724,0.3888359999544093,1.003195068777165,0.42118624041456,11.549236789197147,0.46478843194297187,0.4063116984728601,0.40880314949011465,0.4825148176276741,0.3064339859943738,10.721903428099418,0.42754551664070756,1.5746126072208362,0.4968040575518137,21.10076180543034,0.6051614934249215,0.49694646782335616,0.49533052529517285,0.38779251689190325,0.123039708932355,21.46111571530428,0.48207129706590446,3.1517671835935874,0.2826221563596514,37.91800060061264,0.4455780187954845,0.28431329482598666,0.27958038909408933
1.3025,0.8048466516798707,1.4183394029454168,0.2994392265916511,0.29849271784444925,6.830824366372911,0.3887791304432383,1.0031709609334427,0.4210714558855998,11.544406892878726,0.46479321066976087,0.40616198317262003,0.4086501297710409,0.4809345776540289,0.3054352722661901,10.721732821317593,0.4276611080978426,1.5745875520064014,0.49570887157174637,21.08830394784987,0.6037626716388123,0.49569385288552487,0.49412345695442283,0.388055364671275,0.12310732840733693,21.46386617934036,0.4821895262065083,3.152171115169353,0.28142856150214524,37.75232857962575,0.445567023981346,0.28393253619495346,0.27886413466731746
1.305,0.80415628936797,1.418016840798616,0.2995027096047603,0.29856336373793885,6.830655895967198,0.38872274825739084,1.0031462194659824,0.4209508606694691,11.5394504525064,0.4647961909035378,0.4060106401914858,0.40849428521902204,0.47936448486812355,0.3044426265332724,10.721574352775797,0.4277813676674981,1.5745642794069572,0.494844557801588,21.085514608781867,0.6023694388112789,0.4944433701164735,0.49291775751818456,0.3883070797731483,0.12317135228387185,21.46662483013027,0.4823119958678708,3.1525762490471054,0.2802159611014228,37.58472312859355,0.44555048497078165,0.2835548071258131,0.27816964119483495
1.3075,0.8034648593161143,1.417685741078324,0.29956397492397785,0.298631987146639,6.8304831981742895,0.38866683124611046,1.0031208571668553,0.42082437788730453,11.534366057061902,0.4647973335657891,0.4058575964661381,0.4083355172396357,0.477804550897724,0.3034560585261026,10.721428068224245,0.42790619015655,1.5745427961413545,0.49394323799684137,21.081006832882455,0.6009818239918446,0.49319491018773426,0.49171311865583905,0.3885477093155717,0.12323179567388613,21.46939186712288,0.4824385962961253,3.1529826145177915,0.2789861945307121,37.415421518953465,0.445528495656051,0.2831805163210399,0.27749847544926454
1.31,0.8027723670975558,1.417346005051398,0.2996229980950474,0.2986985599421861,6.830306358140485,0.3886113572378178,1.0030948865405986,0.4206919328644794,11.529152344049868,0.4647966001985425,0.4057027804021757,0.4081737295845356,0.4762547823960306,0.3024755759125614,10.721293973685967,0.42803547042324286,1.5745231030941311,0.4930047952300955,21.074766255042192,0.5995998550849123,0.49194836927727054,0.49050925131175144,0.38877730903717256,0.12328867555477756,21.472167640691772,0.48256921435942024,3.153390263037075,0.2777410327937566,37.24465163673658,0.44550114760327325,0.2828100274288324,0.27685203366335615
1.3125,0.8020788188090535,1.4169975357472577,0.29967975498939564,0.2987630543970598,6.830125458957596,0.38855630411271025,1.0030683197900285,0.42055345343994976,11.523808006449652,0.46479395305104493,0.4055461220324513,0.4080088285732909,0.4747151813284421,0.3015011844418206,10.721172036157247,0.428169103536553,1.574505195418381,0.4920291346070961,21.066779414837953,0.5982235589279536,0.49070364911936926,0.4893058867374488,0.38899594365014417,0.12334201076693752,21.4749526715642,0.48270373188574495,3.1537992710786633,0.27648215331816034,37.0726286770928,0.44546852965027406,0.28244365422373074,0.276231523582331
1.315,0.8013842210775748,1.4166402403755771,0.29973422187546694,0.29882544325804256,6.829940581614847,0.3885016498663818,1.0030411688091756,0.4204088702536336,11.518331798984843,0.4647893551705824,0.4053875531696382,0.407840723301967,0.4731857452807941,0.3005328880928655,10.721062184656573,0.4283069848218102,1.5744890626897994,0.49101618347388815,21.057033772594263,0.5968529613683687,0.489460657014728,0.4881027774520703,0.38920368675072137,0.12339182192100552,21.477747661558098,0.482842023695885,3.1542097417111363,0.2752111153178029,36.8995519116163,0.4454307269076111,0.2820816565524123,0.2756379500706951
1.3175000000000001,0.800688581057021,1.4162740333259847,0.2997863754987556,0.29888569982618046,6.829751805000712,0.38844737266224233,1.0030134451835566,0.4202581170027645,11.512722543504323,0.46478277049490596,0.40522700754847896,0.4076693258315205,0.47166646778280436,0.29957068922381025,10.720964311624453,0.4284490097982909,1.574474689112261,0.4899658915314914,21.04551772215932,0.5954880873362127,0.4882193058044995,0.48689969813061124,0.3894006203008946,0.12343813122052298,21.48055349544715,0.4829839553966938,3.154621804871852,0.27392933714134615,36.72560171627521,0.44538781891758933,0.2817242371691511,0.2750721046525221
1.32,0.7999919064121533,1.4158988395147034,0.2998361931683566,0.29894379804100724,6.829559205956179,0.3883934508717914,1.0029851601979947,0.4201011306606681,11.506979133342925,0.464774163943634,0.4050644209539149,0.40749455135068685,0.47015733864044024,0.29861458871830987,10.720878274670815,0.4285950740217403,1.5744620537744412,0.4888782308723341,21.032220601084322,0.5941289609083077,0.486979513809847,0.485696446412044,0.3895868337205455,0.12348096220946905,21.483371234505032,0.48312938102922975,3.155035616418855,0.2740636303872512,36.742052360809915,0.44533987754781396,0.28137153952325333,0.2745345591245787
1.3225,0.7992942052879703,1.4155145977153425,0.2998836528477484,0.2989997125666796,6.829362859380998,0.3883398631029615,1.0029563248522244,0.41993785165406106,11.501100536604403,0.46476350150606754,0.4048997313322378,0.4073163183098826,0.4686583442707361,0.29766458612549057,10.720803898657772,0.4287450728505078,1.5744511309556901,0.4877531959382013,21.01713269825852,0.5927756053633901,0.48574120473560833,0.4844928436113787,0.3897624226495619,0.12352033945678353,21.486202102936993,0.48327814068682967,3.1554513561382285,0.27435936863187876,36.78068284148152,0.44528696512197885,0.2810236464992704,0.2740256631525865
1.325,0.7985954862644342,1.4151212634657346,0.2999287332475903,0.29905341887776393,6.829162838394046,0.38828658821772766,1.0029269498844422,0.41976822399754293,11.495085798377184,0.46475075032312235,0.40473287888349796,0.40713454852457126,0.46716946803224557,0.29672067978992744,10.720740978093383,0.42889890115763424,1.5744418904775785,0.4865908033865623,21.00024525846966,0.5914280432272012,0.4845043075336201,0.48328873531236544,0.3899274874539558,0.12355628819153953,21.48904746892163,0.4834300582257579,3.155869224959899,0.2746611589537195,36.820659400051156,0.44522913309902157,0.2806805800578923,0.27354554556583066
1.3275000000000001,0.7978957582983288,1.414718811186951,0.29997141391850773,0.2991048933426405,6.828959214548044,0.38823360534103246,1.0028970458028401,0.41959219538632087,11.488934041952017,0.4647358787615,0.40456380613454973,0.406949167248435,0.4656906905439259,0.2957828669683234,10.720689279797673,0.4290564530125981,1.5744342980954291,0.48539109184357815,20.981550482949817,0.590086296303642,0.48326875621870535,0.4820839918119101,0.39008213155942656,0.1235888339034432,21.491908822317246,0.48358493918478285,3.1562894416836054,0.2749688655978333,36.861963851287506,0.4451664213750915,0.2803423016877109,0.27309411892136215
1.33,0.7971950306557205,1.4143072352677253,0.30001167534209766,0.2991541133028432,6.82875205809673,0.3881808938639063,1.0028666229248413,0.4194097172504405,11.482644469161084,0.46471885647879024,0.40439245799331847,0.40676010321857853,0.46422198998501246,0.29485114392975176,10.720648545788025,0.42921762135559866,1.5744283159220618,0.48415412151947856,20.96104152480776,0.588750385686521,0.4820344896288133,0.48087850838419083,0.3902264597019537,0.1236180019244467,21.494787751222102,0.48374256901245605,3.15671223953655,0.2752821243828433,36.904547709799125,0.4450988570283746,0.28000871355964396,0.2726710868253694
1.3325,0.7964933128397146,1.413886550025661,0.3000494990186311,0.2992010571470198,6.828541438309823,0.3881284334445313,1.0028356914233576,0.41922074477591653,11.476216360004024,0.4646996544788164,0.40421878178604215,0.4065672886768033,0.46276334236858185,0.29392550603670403,10.720618496318856,0.42938229768457703,1.5744239028742004,0.4828799736658522,20.9387124783658,0.5874203317482662,0.480801451120823,0.4796722053325221,0.3903605761893077,0.12364381700889983,21.497685919521572,0.48390271167720755,3.1571378628759876,0.2756003416463102,36.94833206510438,0.44502645252258577,0.27967966027774704,0.2722759534767253
1.335,0.7957906145186906,1.4134567886197524,0.3000848675501236,0.2992457043785548,6.828327423827373,0.388076204011861,1.0028042613788275,0.41902523690017124,11.469649071768128,0.4646782451571259,0.4040427272803451,0.4063706593727052,0.46131472178231075,0.29300594780485306,10.720598833003221,0.42955037177119454,1.5744210151309086,0.4815687498640711,20.914558361790963,0.5860961541055905,0.47956958819545237,0.4784650278005834,0.39048458327004687,0.12366630293180073,21.500605047324747,0.48406510871167724,3.1575665643161552,0.2759226951055073,36.99320770940042,0.4449492046756606,0.27935493114006615,0.2719080349291604
1.3375000000000001,0.7950869454599258,1.4130180011257194,0.30011776471755314,0.29928803567617585,6.82811008304118,0.38802418577711223,1.0027723428352313,0.41883682503336217,11.463316143279934,0.46465460233705014,0.4038642466978956,0.4061701545557685,0.4598761005915917,0.29209246294050123,10.720589241941676,0.42972173141732933,1.5744196065930938,0.4802205711482801,20.888575092980666,0.5847778715604124,0.47833885204883214,0.4772569453218746,0.3905985797063048,0.12368548212678135,21.5035468958131,0.48422947872403804,3.1579986025031577,0.2762481367599602,37.039035534501124,0.44486709439316946,0.27903426285559546,0.2715664716404104
1.34,0.794382315472518,1.41257025207503,0.3001481755510414,0.29932803294705934,6.8278894844874065,0.3879723592587336,1.002739945857751,0.41868370581504094,11.457989540905709,0.4646287012971338,0.40368329472099757,0.405965716964566,0.4584474496027022,0.2911850443561621,10.720589396786734,0.42989626225890915,1.5744196293335504,0.478835576983332,20.860759459356434,0.5834655020142565,0.4771091970546275,0.4760479510970378,0.39070265964116774,0.12370137538656036,21.50651325752701,0.4843955173979576,3.1584342406884507,0.27657539795628594,37.08564721269716,0.4447800867059063,0.2787173427004644,0.2712502419711415
1.3425,0.7936767343620023,1.4121136177900413,0.30017608639180315,0.2993656793720587,6.827665697231823,0.3879207053260735,1.002707080589346,0.4185237967458691,11.452517792815513,0.4646005187909279,0.4034998284976128,0.4057572928213297,0.4570287381869429,0.2902836841665485,10.720598961677638,0.43007384761957784,1.5744210340279599,0.47741392413580847,20.83110908295188,0.582159062360991,0.4758805801887201,0.47483806100243303,0.3907969118384779,0.12371400164775348,21.509505952547137,0.4845628979987648,3.1588737461680383,0.276902996718214,37.13284617314657,0.44468813089979525,0.2784038121293253,0.270958176394126
1.345,0.7929702118972466,1.4116481838213335,0.3002014849446414,0.2994009594427,6.827438791227981,0.3878692052657398,1.0026737573033548,0.418357067562241,11.446900463467895,0.46457003306014605,0.4033138076489001,0.40554483183932283,0.45561993437012127,0.28938837366917675,10.720617593988202,0.43025436841313336,1.5744237703584363,0.4759557854928775,20.799622382872943,0.5808585683650749,0.4746529604176563,0.4736273123490133,0.3908814193514959,0.1237233778785193,21.51252683044268,0.4847312724031556,3.1593173905685963,0.2772292474121709,37.18040888061754,0.4445911608235905,0.2780932708783812,0.27068897225759914
1.3475,0.792262757788498,1.4111740427173927,0.3002243603197588,0.29943385898956226,6.827208837629164,0.3878178408725546,1.0026399864493083,0.4181834914208673,11.441137184324289,0.46453722384199453,0.4031251942823431,0.40532828724847536,0.4542210048948407,0.2884991033155272,10.720644946837817,0.43043770309105106,1.5744277873822918,0.47446134889727115,20.76629853778105,0.5795640345330801,0.47342629808104075,0.4724157624264902,0.39095625964808917,0.12372951908148137,21.5155777773256,0.4849002726688768,3.159765450883448,0.2775522727712002,37.228086417069015,0.44448909592834646,0.2777852815988195,0.2704412090035853
1.35,0.7915543816740689,1.4106912922467263,0.3002447030627008,0.2994643652015944,6.826975909037397,0.3877665945642444,1.002605778689498,0.41800304496294594,11.435227655628706,0.4645020723711508,0.40293395301193946,0.40510761584169513,0.4528319152651154,0.2876158626798137,10.720680671321677,0.43062372762974904,1.5744330338595662,0.47293081607533577,20.731137451436666,0.5782754739918341,0.4722005543053346,0.4712034868820035,0.39102150518706663,0.12373243841632026,21.518660726932303,0.48506951315495217,3.1602182111000174,0.27787001824038127,37.27560635910919,0.44438184305550615,0.2774793750416575,0.27021336376722727
1.3525,0.7908450931124439,1.4102000340691585,0.30026250517136804,0.29949246663586776,6.826740079676863,0.3877154495159496,1.002571144924445,0.41781570840851456,11.429171649074211,0.46446456137641123,0.402740050984893,0.40488277804039485,0.45145262978336376,0.2867386404326004,10.720724418421263,0.43081231555147137,1.574439458533599,0.4713644017373653,20.6941397244833,0.5769928983911803,0.47097569049055965,0.46999057799285054,0.3910772244074143,0.12373214743748252,21.521777674403584,0.4852385931896455,3.1606759642235405,0.27818026854119954,37.32267493653395,0.4442692982800807,0.2771750557795387,0.27000382727964156
1.355,0.7901349015766184,1.4097003727409176,0.30027776009926527,0.29951815321725744,6.826501425484326,0.38766438980775936,1.0025360963061791,0.4176214656735124,11.42296901114827,0.46442467507157653,0.40254345791204665,0.4046537379735664,0.45008311158862147,0.2858674243255727,10.720775840561304,0.43100333797262236,1.5744470103596848,0.4697623329244418,20.6553066355186,0.5757163178443989,0.4697516679110432,0.4687771428975141,0.39112348306405886,0.12372865643393838,21.524930691369903,0.48540710026244366,3.161139014492482,0.2784806662877488,37.36897944972687,0.4441513485641406,0.27687180840410847,0.2698109199739199
1.3575,0.7894238164482597,1.4091924148610697,0.3002904627445228,0.29954141622765557,6.826260024115127,0.3876134005763064,1.0025006442391193,0.41742030449658196,11.416619666807128,0.46438239913977014,0.40234414609727465,0.404420463560828,0.44872332270208165,0.285002201191788,10.720834592787977,0.43119666367387766,1.5744556386781026,0.46812484866377063,20.61464013408895,0.5744457409170903,0.46852844746603056,0.4675633018472176,0.3911603458238614,0.12372197485100167,21.528121941058945,0.48557461369043764,3.161607679597223,0.2787687324306153,37.414190917359846,0.4440278736531286,0.2765691040878893,0.26963290816415875
1.36,0.7887118470106065,1.4086762681431013,0.30030060942474374,0.29956224828456174,6.82601595486941,0.38756246816039686,1.0024648003692394,0.41721221655849616,11.410123623021574,0.4643377207102139,0.40214209045958405,0.40418292658696997,0.4473732240823644,0.2841429569630216,10.720900333556244,0.4313921591872648,1.5744652933297432,0.4664933557447519,20.57395795823175,0.5731811746706764,0.4673059896061101,0.46634918653164914,0.39118787802529936,0.1237121117696598,21.53135369237652,0.485740708682791,3.1620822927479737,0.2790418882583636,37.45796692084815,0.44389874840568655,0.2762664073560551,0.26946802014266386
1.3625,0.7879990024405388,1.408152040231606,0.30030819783838425,0.29958064330930934,6.8257692985487886,0.38751158023095295,1.0024285765630183,0.41699719757512965,11.403480971684452,0.464290628326588,0.40193726854109973,0.40394110275423073,0.44603277568910255,0.2832896767028866,10.720972725133537,0.43158968889645943,1.5744759247153945,0.46522480431340174,20.549026556395017,0.5719226247580642,0.46608425444815693,0.46513493851863313,0.39120614750403476,0.12369907641681699,21.534628332201503,0.4859049607040576,3.162563204480401,0.27929747865138316,37.49995460818863,0.4437638455201431,0.2759631828833702,0.2693144620282303
1.365,0.7872852918015886,1.407619837171554,0.30031322701411906,0.29959659648572456,6.825520137258167,0.3874607258972125,1.0023919848783351,0.41677524734561483,11.39669189138749,0.46424111190649436,0.40172966049460324,0.40369497169923774,0.44470193655034423,0.28244234465183043,10.721051433650722,0.43178911514769336,1.574487483803227,0.4646638454895017,20.555163354335544,0.5706700955642421,0.4648632020768093,0.46392070783065226,0.39121522639195744,0.12368287868001684,21.537948375407254,0.48606695002141614,3.163050784127369,0.27953279625468136,37.539793816552546,0.44362303855600377,0.2756589021188671,0.26917043320007417
1.3675,0.7865707240404683,1.407079761553214,0.3003156972503827,0.2996101042106225,6.825268554170504,0.38740989578392887,1.002355037529923,0.4165463697408,11.389756647663832,0.4641891626921828,0.4015192490458641,0.40344451696424677,0.4433806648276104,0.28160094427840887,10.721136128856946,0.431990298369851,1.5744999220927887,0.4641004279096893,20.56105054122943,0.569423590384751,0.46364279301640576,0.4627066516638098,0.39121519280622763,0.12366352960191525,21.541316472319576,0.4862262663139061,3.163545420914209,0.27974510620979837,37.57712026960442,0.44347620513252217,0.27535304954594847,0.2690341411634144
1.37,0.7858553079897694,1.4065319104671046,0.3003156100479046,0.2996211640381159,6.82501463327342,0.38735908207779707,1.0023177468521562,0.41631057262291493,11.382675591441865,0.4641347731934948,0.40130601942844085,0.4031897259167089,0.44206891787245356,0.2807654583306997,10.721226483657224,0.4321930972035869,1.5745131915470973,0.46353414283525163,20.566667910781575,0.5681831116303931,0.46242298884571176,0.4614929332395069,0.3912061323545172,0.12364104183230296,21.54473541341674,0.48638251322275017,3.1640475246489643,0.27993167105760275,37.6115688015203,0.44332323010465036,0.27504512840584283,0.26890381570668376
1.3725,0.7851390523788265,1.4059763734787958,0.3003129680384646,0.29962977462014967,6.824758459115925,0.3873082785449418,1.0022801252618536,0.41606786769457405,11.375449155644274,0.4640779371247656,0.4010899592915474,0.40293058961658196,0.44076665226988376,0.2799358688823494,10.721322173526511,0.43239736864069883,1.5745272445065903,0.46296455502221956,20.571994006794895,0.5669486610426218,0.4612037529197404,0.4602797207672592,0.39118813939128727,0.1236154300182286,21.54820813107523,0.4865353127286321,3.16455752597877,0.28008977539351954,37.64277655519819,0.4431640083938116,0.2747346657432386,0.26877772222015645
1.375,0.7844219658535457,1.4054132308522747,0.3003077749132032,0.29963593564589347,6.824500116571024,0.38725748052445663,1.0022421852234165,0.4158182702828019,11.368077850064195,0.46401864933808057,0.400871058584522,0.4026671026363859,0.43947382386645417,0.2791121573692571,10.721422875897485,0.43260296817662586,1.574542033599215,0.4623912075217101,20.577006326866677,0.5657202399089627,0.4599850511588396,0.4590671864892476,0.3911613179670552,0.12358671111541704,21.55173769809797,0.48668430925178924,3.165075876173706,0.28021674983001016,37.67038609799702,0.4429984471514366,0.2744212166695225,0.26865417404808245
1.3775,0.7837040570045598,1.404842552210716,0.30030003535361993,0.2996396477825853,6.824239690626237,0.38720668490516036,1.002203939218063,0.4155617990704817,11.360562254828361,0.4639569057556985,0.4006493094239322,0.40239926284389294,0.4381903877833387,0.2782943046148137,10.721528269610134,0.43280974998082683,1.5745575116595962,0.46181362666113557,20.58168153664336,0.5644978492705709,0.45876685286447494,0.45785550577294426,0.3911257824188691,0.12355490460665958,21.55532732267534,0.4868291733822715,3.1656030463867766,0.28030999380704497,37.69404839582361,0.44282646731009284,0.27410436777704983,0.26853154374256805
1.3800000000000001,0.7829853344017859,1.404264395741414,0.30028975496789895,0.29964091262013715,6.823977266209375,0.38715589009361656,1.0021653997182434,0.41529847579258183,11.352903012890089,0.4638927033045628,0.4004247059510427,0.4021270711608706,0.43691629841663593,0.27748229084339254,10.72163803449123,0.4330175670918074,1.5745736316672758,0.46123132703084907,20.58599568702536,0.5632814901101528,0.45754913152283766,0.4566448562166307,0.39108165755688246,0.12352003261532081,21.55898033936729,0.48696960516047233,3.166139526329551,0.2803669967998946,37.713425586911924,0.4426480047297588,0.2737837396740001,0.26840827308259396
1.3825,0.7822658066325522,1.403678807956699,0.3002769402345112,0.2996397326213181,6.823712928052443,0.38710509598090087,1.0021265791676512,0.41502832491710595,11.345100822067346,0.4638260398556012,0.4001972441880317,0.4018505313130442,0.43565150942790465,0.27667609568302964,10.72175185110417,0.43322627164543126,1.5745903467099778,0.4606438163208357,20.58992442741635,0.5620711635106093,0.45633186556063277,0.45543541673307836,0.39102907841039414,0.12348211990481199,21.562700195689757,0.48710533684313273,3.1666858223022465,0.2803853575116043,37.72819350114377,0.4424630109047788,0.2734589886413294,0.2682828817221553
1.385,0.7815454823401099,1.403085823945798,0.3002615984542261,0.2996361110787077,6.823446760592299,0.38705430391373263,1.0020874899666352,0.4147513733308358,11.337156427149393,0.4637569141699935,0.39996692190096356,0.40156964958631713,0.4343959737275071,0.27587569815874663,10.72186940067998,0.4334357151464456,1.5746076099734725,0.4600505998785499,20.593443209137945,0.5608668707813462,0.45511503902152484,0.4542273665788489,0.3909681895079509,0.12344119375805927,21.566490433952506,0.48723613510890434,3.1672424545264515,0.2803628007054178,37.73804387930055,0.44227145313762795,0.27312980743956705,0.2681539743423889
1.3875,0.7808243702595119,1.4024854680150047,0.300243737710831,0.29963005207891497,6.823178847903519,0.38700351667272864,1.0020481444623397,0.4144676500478493,11.329070612546133,0.4636853258538412,0.3997337384762103,0.40128443460250385,0.4331496434520876,0.27508107667786696,10.72199036521347,0.43364574879337103,1.5746253747556995,0.45945118489007697,20.59652747440684,0.5596686135496439,0.4538986421366325,0.45302088430093995,0.3908991436805079,0.12339728373479157,21.57035466812564,0.48736180268081913,3.1678099537477484,0.2802971914229509,37.74268625822753,0.44207331422333535,0.27279592531266494,0.2680202462047886
1.3900000000000001,0.780102479248373,1.4018777546191394,0.30022336684006135,0.2996215604738573,6.822909273656942,0.3869527384572014,1.0020085549426159,0.4141771859550673,11.320844195862374,0.4636112753217876,0.39949769481502606,0.4009948971248148,0.43191246993609494,0.27429220900826423,10.722114427688936,0.4338562238656191,1.574643594499914,0.45884508412097735,20.599152827731835,0.5584763938144784,0.45268267176840987,0.4518161465795465,0.39082210039393395,0.12335042130889516,21.574296555691795,0.4874821793693907,3.168388857101947,0.2801865464338194,37.74184950073867,0.4418685916600308,0.27245710724833005,0.2678804870331341
1.3925,0.7793798183107494,1.401262689522483,0.30020049540554444,0.2996106418582455,6.822638121096084,0.38690197487269534,1.0019687336325593,0.41388001360443616,11.312478022662502,0.4635347637692091,0.3992587932486415,0.40070104989961625,0.43068440367642924,0.27350907225018767,10.722241272389772,0.43406699217859174,1.5746622228401554,0.45823181918903066,20.601295188158332,0.5572902139643683,0.4514671317145793,0.4506133269561354,0.39073722363652785,0.12330063939299399,21.578319764650253,0.4875971425663314,3.1689797032693234,0.28002904285617986,37.7352829610988,0.4416572963204178,0.27211315255959717,0.2677335831846694
1.395,0.778656396613102,1.4006402711674977,0.30017513367999865,0.2995973025518721,6.822365473023507,0.3868512329149273,1.0019286926925068,0.4135761670564468,11.30397296256689,0.46345579315172786,0.39901703747386996,0.4004029075370975,0.4294653942896597,0.2727316428025044,10.722370585246752,0.43427790660759114,1.5746812136523973,0.45761092337668996,20.60293092237026,0.5561100767556202,0.45025203286759685,0.44941259444980564,0.39064467940745545,0.12324797176253935,21.582427936058593,0.48770660724045556,3.169583026973512,0.2798230239620975,37.72275728633673,0.44143945078590846,0.27176389285214064,0.2675785181000135
1.3975,0.7779322234919519,1.4000104922497172,0.3001472926295461,0.29958154958491456,6.822091411789168,0.38680052094243894,1.0018884442163258,0.4132656817751104,11.295329906703763,0.46337436617011374,0.39877243250712996,0.40010048642986906,0.42825539046305505,0.27195989632506407,10.722502054189471,0.4344888216749269,1.5747005211061578,0.4569819440238726,20.60403696012904,0.554935985251955,0.4490373932350793,0.44821411208123685,0.3905446328716213,0.12319245239665727,21.586624642709328,0.48781052549992154,3.170199352912779,0.27956700222999264,37.70406485957499,0.4412150875556069,0.2714091894381985,0.26741437104201954
1.4000000000000001,0.7772073084533719,1.3993733414828977,0.3001169838988436,0.2995633906842912,6.821816019273244,0.38674984863036954,1.0018480002288925,0.4129485945706085,11.286549766437313,0.4632904862582367,0.39852498465319336,0.39979380470550696,0.4270543399037105,0.27119380770037427,10.722635369482331,0.43469959418729426,1.5747200997138444,0.4563444445687144,20.60459089474558,0.5537679427397788,0.4478232378368775,0.4470180353407536,0.39043724526383494,0.12313411475737003,21.590913344730144,0.48790888578582725,3.170829189239498,0.2792596597298806,37.679019894216985,0.44098424705562655,0.27104893025361165,0.26724031414558685
1.4025,0.7764816611649684,1.3987288054924727,0.3000842197948333,0.29954283425918915,6.82153937685635,0.3866992268993155,1.0018073726817172,0.4126249435828009,11.27763347320943,0.4632041575716702,0.39827470148402566,0.3994828822068257,0.42586218929372893,0.2704333509995582,10.722770224047835,0.4349100839032428,1.5747399043782315,0.45569800632213764,20.604571072111444,0.5526059526245282,0.44660959850386334,0.44582451065295997,0.3903226706386193,0.12307299103214583,21.59529734305499,0.4880017117514238,3.1714730207269417,0.27889984593427414,37.647458188406,0.44074697535787144,0.2706830263317555,0.26705560780642745
1.405,0.7757552914414871,1.3980768707166236,0.30004901326728645,0.2995198893842244,6.821261565370588,0.3866486678160063,1.0017665734457566,0.4122947682966478,11.268581979268443,0.463115384974864,0.39802159182281105,0.39916774049227255,0.42467888426282663,0.26967849945918176,10.722906313801957,0.4351201542043917,1.5747598904417128,0.4550422300691975,20.603956672159537,0.5514500183206009,0.445396513610762,0.4446336739027749,0.3902010525702893,0.12300911136667246,21.599779731828324,0.4880890608618159,3.1721313017793955,0.2784865730514369,37.60923654944838,0.44050332192043967,0.2703114078885694,0.26685959444280893
1.4075,0.7750282092257038,1.3974175251507055,0.3000113778849131,0.2994945657792608,6.820982665025735,0.38659818446597977,1.0017256143005722,0.41195810957930573,11.259396259013922,0.4630241740254234,0.3977656657285947,0.39884840284823014,0.4235043693919168,0.2689292254764573,10.723043338045459,0.4353296727399878,1.5747800137437702,0.4543767375851364,20.60272778644034,0.5503001431525962,0.44418402777943866,0.44344564909448775,0.3900725209101041,0.1229425031150647,21.604363350867853,0.4881710227261771,3.1728044494508643,0.2780190089916067,37.56423189971203,0.44025333734611855,0.26993402007679984,0.2666516906771176
1.41,0.7743004245667108,1.3967507597673021,0.29997132780655905,0.29946687378560727,6.820702755305951,0.3865477908019516,1.0016845069191624,0.41161500972811077,11.250077310660197,0.4629305309548619,0.3975069344777619,0.39852489430507987,0.42233858826134035,0.2681855006301242,10.72318099996711,0.4355385120131785,1.5748002306948756,0.4537011731374127,20.600865494813867,0.549156330285442,0.442972191589258,0.4422605472152948,0.38993718870318905,0.12287319013337064,21.609050739317937,0.4882477171541516,3.1734928366386375,0.27749646811103723,37.512340080257204,0.4399970710109308,0.26955081847427803,0.2664313780094766
1.4125,0.7735719475980093,1.3960765694915194,0.29992887774778554,0.29943682433902147,6.820421914833957,0.3864975014744883,1.0016432628480154,0.411265512518755,11.240626157913287,0.4628344626460489,0.3972454105396251,0.3981972416494721,0.4211814835549936,0.2674472957327528,10.723319007316835,0.4357465498792948,1.574820498375351,0.45301520501878395,20.59835194316172,0.5480185826982725,0.441761061327242,0.44107846536703477,0.38979514935819365,0.12280119213943957,21.613844091577487,0.4883192919154378,3.174196785610884,0.276918399937687,37.453474376715654,0.43973456860359794,0.26916176437940526,0.2661981920969562
1.415,0.7728427885178433,1.3953949537000112,0.2998840429437955,0.29940442894052055,6.82014022120173,0.38644733165339534,1.0016018934822446,0.4109096632436078,11.231043851366403,0.4627359766082934,0.39698110754444266,0.39786547342618583,0.420032997226652,0.26671458091735095,10.723457073296602,0.435953669931295,1.5748407746662005,0.4523185271242633,20.59517042266402,0.546886903211576,0.44055069880300657,0.4398994862147958,0.3896464741488563,0.1227265241583906,21.618745216492965,0.48838592017975124,3.1749165620137614,0.27628437616384066,37.38756380337032,0.4394658697380445,0.26876681999604224,0.2659517108091398
1.4175,0.7721129575738821,1.394705916315768,0.2998368391101168,0.29936969962634263,6.819857750769096,0.38639729684862306,1.0015604100360098,0.4105475087313068,11.221331469348565,0.4626350809514441,0.39671404024312346,0.39752961992413627,0.4188930707278307,0.2659873257573241,10.723594917694307,0.4361597617546325,1.574861018415635,0.45161086055060407,20.59130544973855,0.5457612945705672,0.4393411712425798,0.43872367777989457,0.3894912101109669,0.12264919606867625,21.623755500683522,0.48844779762407414,3.1756523694853653,0.27559407628647425,37.3145511948173,0.4391910057901521,0.2683659435992958,0.2656915413005225
1.42,0.771382465053725,1.394009465654751,0.299787282402624,0.29933264893845846,6.819574578434276,0.38634741273846585,1.0015188235088215,0.41017909734037417,11.211490118009156,0.4625317843604656,0.396444224458507,0.3971897131423896,0.41776164528856047,0.26526549941459227,10.723732268253451,0.4363647210421751,1.5748811896402213,0.4508919551653647,20.58674284438937,0.5446417595802703,0.43813255126230727,0.43755109357947025,0.3893293783830412,0.12256921225971386,21.62887587673121,0.4885051392135444,3.176404344984163,0.2756594201552833,37.34441528435849,0.43890999808967496,0.2679590847833837,0.26541730641577393
1.4225,0.77065132128188,1.3933056142175784,0.2997353893783829,0.2992932898968203,6.819290777383036,0.3862976950106419,1.0014771446486992,0.4098044789216924,11.201520930486092,0.4624260960717094,0.3961716770285003,0.39684578673344073,0.4166386622347457,0.26454907080670836,10.723868862233303,0.43656844956837987,1.574901249754005,0.450161591067586,20.581469803627925,0.5435283012751141,0.4369249169106123,0.43638177308837434,0.3891609730262595,0.12248657140877413,21.634106796839102,0.48855817568797133,3.177172554920438,0.2757976157485029,37.38477854224686,0.4386228564935197,0.2675461799030172,0.2651286308163526
1.425,0.7699195366230264,1.392594378600589,0.2996811769585127,0.2992516359741478,6.819006418825337,0.3862481592189485,1.001435383913497,0.4094237047471363,11.191425065083626,0.46231802585163,0.39589641574153467,0.3964978759224974,0.41552406331962854,0.2638380087808112,10.72400444807689,0.43677085502985913,1.574921161813473,0.4494195798469081,20.575474965948633,0.5424209231019679,0.43571835175311147,0.43521574247440953,0.3889859603497748,0.12240126638249017,21.639448212445597,0.4886071498134643,3.1779569921624624,0.2759014352952716,37.421118259300705,0.438329578364995,0.2671271478300639,0.2648251272762218
1.4275,0.7691871214906516,1.3918757796389625,0.2996246623938857,0.2992077010736028,6.818721571730121,0.3861988206551571,1.0013935514319545,0.40903682740437347,11.181203702471102,0.46220758397814493,0.395618459264955,0.39614601740311634,0.4144177910433872,0.26313228228073043,10.724138787073827,0.43697185076625705,1.574940890761755,0.44866576554457666,20.568748462651943,0.5413196291026782,0.4345129449672247,0.4340530155385179,0.38880427876077533,0.12231328426681112,21.644899560181234,0.48865231248383995,3.1787575739741194,0.2759691189724878,37.4531907882585,0.4380301479664752,0.266701886156115,0.2645063836310077
1.43,0.7684540863596301,1.3911498428193865,0.29956586323414713,0.29916149950933113,6.818436302569658,0.3861496942331829,1.0013516569661511,0.4086439006606578,11.170858041998951,0.46209478122438197,0.3953378270671813,0.39579024921119965,0.4133197889347199,0.2624318604938051,10.724271654887863,0.437171355380842,1.5749604036529574,0.4479000252288272,20.56128195214449,0.5402244240741252,0.43330879140745227,0.4328935947799594,0.38861583915284553,0.12222260652793582,21.65045975445674,0.48869391877598284,3.179574140926389,0.27599886826841336,37.48074619394449,0.43772453626269386,0.2662702679763656,0.26417195087169476
1.4325,0.7677204417809324,1.3904165989427417,0.2995047973003057,0.29911304598962407,6.818150675084801,0.3861007943807864,1.0013097098770318,0.40824497930104653,11.160389297303356,0.4619796288442984,0.39505453933486834,0.39543061058101703,0.41223000177149016,0.26173671296597567,10.724402842818495,0.43736929228447324,1.5749796698374436,0.4471222691176695,20.553068634179827,0.5391353136840092,0.4321059916028813,0.43173747250453803,0.38842052583854414,0.12212920930498854,21.65612718686038,0.48873222407510286,3.180406456808843,0.2759888396543148,37.5035272925461,0.4374127011881919,0.2658321393880138,0.26382133284773474
1.435,0.7669861983963231,1.389676084997558,0.29944148266105247,0.2990623556024062,6.8178647500814025,0.3860521349333819,1.0012677190945098,0.4078401189485686,11.149798691427211,0.4618621385596313,0.394768616886795,0.3950671417883464,0.4111483757236932,0.2610468096771449,10.724532158683434,0.4375655891897016,1.5749986610914326,0.446332440211736,20.54410324224335,0.5380523045262579,0.43090465165439445,0.43058463190175034,0.38821819802032326,0.12203306383227536,21.661899732403295,0.4887674803891171,3.1812542095468324,0.2759371403990254,37.52126896913259,0.43709458833924025,0.26538731782492225,0.2634539779868912
1.4375,0.7662513669505138,1.3889283452202386,0.2993759376129596,0.29900944380283184,6.817578585266387,0.38600372902496677,1.001225693093391,0.40742937587511346,11.13908745171448,0.46174232254777625,0.3944800810866794,0.3946998839867936,0.4100748584102245,0.2603621210731606,10.724659427242043,0.43776017758361424,1.5750173516791843,0.44553051343491723,20.53438201378336,0.5369754041087428,0.4297048830097659,0.429435048033036,0.38800869177669806,0.12193413698456053,21.667774762472717,0.4887999329666616,3.182117013103789,0.27584182712462024,37.53369785658474,0.4367701320331404,0.26493559132893896,0.26306927335653807
1.44,0.7655159582977983,1.3881734323459565,0.2993081806647233,0.29895432640288144,6.817292235129645,0.3859555889725518,1.0011836398760292,0.407012806811957,11.128256804733203,0.46162019343037103,0.39418895375735674,0.394328879043599,0.4090093988699965,0.2596826180554102,10.724784490124687,0.4379529922083775,1.575035718342625,0.4447164943164629,20.523902639555825,0.5359046207746991,0.4285068021087815,0.4282886886953703,0.3877918225185824,0.12183239193312818,21.67374916413501,0.48882981732190317,3.1829944103160597,0.2757009075746206,37.540532442968,0.43643925672413075,0.2644767188284823,0.26266654129295813
1.4425000000000001,0.7647799833998138,1.3874114090637466,0.29923823052554427,0.29889701956288767,6.817005750875612,0.38590772615239316,1.001141566962279,0.4065904687678204,11.11730797144993,0.46149576426245864,0.39389525709855644,0.3939541693806223,0.4079519474566049,0.25900827193329895,10.724907205282603,0.4381439705769234,1.5750537402205542,0.4438904172803078,20.51266419477681,0.534839963556712,0.4273105299056184,0.42714551514867916,0.38756738784645056,0.12172778889415853,21.679819365187566,0.48885735675327835,3.183885876572011,0.2755123459168639,37.54148365517332,0.4361018787011144,0.26401043145992154,0.26224503872197635
1.445,0.7640434533109817,1.3866423496574052,0.299166106097544,0.29883753978481686,6.816719180406216,0.3858601508683434,1.0010994813869896,0.4061624188603239,11.106242162821285,0.46136904852201516,0.3935990136098375,0.3935757978247531,0.40690245567286343,0.2583390543482748,10.725027446020302,0.4383330525477465,1.5750713987065452,0.44305234363147167,20.5006670558772,0.5337814419683714,0.4261161912896852,0.4260054827181908,0.38733517071626516,0.12162028594521768,21.685981364113402,0.4888827604246021,3.184790824211147,0.2752740717438442,37.53625594590519,0.4357579079581338,0.2635364349309006,0.2618039591953328
1.4475,0.7633063791486308,1.385866341737064,0.2990918264717788,0.29877590390688363,6.816432568354924,0.3858128722143295,1.0010573897050068,0.40572871416408857,11.0950605758983,0.4612400600993606,0.39330024601914687,0.3931938074699858,0.4058608759662894,0.25767493718021517,10.725145099710346,0.4385201799775648,1.5750886772601969,0.4422023593428524,20.487912807304607,0.5327290657617524,0.42492391443705235,0.4248685413007516,0.3870949428050432,0.12150983988153402,21.692230763878747,0.4889062220574376,3.185708607487602,0.27498399277350055,37.524548889980395,0.4354072501585322,0.2630544128905504,0.261342437578825
1.45,0.7625687720459301,1.3850834878648446,0.2990154109270055,0.2987121290987413,6.816145956169983,0.3857658979340326,1.0010152980033964,0.40528941157607906,11.083764390470169,0.46110881328560793,0.39299897721624966,0.3928082415512668,0.4048271615086423,0.257015892447766,10.725260066313645,0.438705296464358,1.5751055611898253,0.44134057274811245,20.474404142984593,0.5316828446739823,0.4237338301312708,0.42373463581546567,0.38684646795877026,0.12139640708205239,21.69856280836382,0.4889279192644178,3.1866385279203446,0.27464001109952313,37.50605927518888,0.43504980861004844,0.26256403124161126,0.26085955725307125
1.4525000000000001,0.761830643087539,1.38429390678682,0.29893687892996784,0.29864623285618824,6.815859382243068,0.3857192342812074,1.0009732119203378,0.40486407215977516,11.07288820633936,0.4609753227590054,0.39269523018926816,0.3924191433284902,0.40380126598196087,0.2563618922137252,10.725372256834575,0.4388883471869983,1.5751220374255843,0.4404671122394014,20.460144766805545,0.5306427881833747,0.42254607109449677,0.4226037066435199,0.3865895056078083,0.12127994435638281,21.704972420159702,0.48894801353478967,3.187579839844003,0.27424004269635227,37.48048365319895,0.4346854861820592,0.2620649433041423,0.2603543596251054
1.455,0.7610920032300752,1.3834977339374286,0.2988562501357312,0.2985782329941732,6.815572882077604,0.385672885883869,1.0009311366698437,0.40444787960379947,11.06230000466606,0.4608396035679414,0.3923890279620941,0.3920265559781016,0.4027831433906866,0.2557129085050664,10.725481591829418,0.4390692788422507,1.575138094300415,0.4395821240558267,20.445139295973945,0.5296089052939489,0.4213607713680037,0.4214756901009064,0.3863238140477466,0.12116040974751863,21.711454238516662,0.4889666508654168,3.1885317559819377,0.2737820397535143,37.4475212976642,0.43431418712157943,0.26155679571865675,0.25982585569635175
1.4575,0.7603528632117322,1.38269512090096,0.2987735443865648,0.2985081476369617,6.815286488488606,0.385626855615067,1.0008890770711085,0.40402590214014944,11.051591032012578,0.46070167110961846,0.3920803935306817,0.3916305224898744,0.40177274791515827,0.2550689132550805,10.72558800006337,0.43924803967583104,1.5751537213528144,0.43868577023368477,20.429393170467897,0.5285812043603835,0.4201780657763668,0.42035051898286546,0.38604915350491165,0.12103776327097261,21.718002656394827,0.4889839630118272,3.1894934528874783,0.2732640153005655,37.40687750042553,0.43393581878160853,0.2610392349565623,0.2592730393869433
1.46,0.7596132334572442,1.3818862335948312,0.29868878170810753,0.298435995204668,6.815000231823423,0.3855811444724891,1.0008470375809264,0.4035981895970958,11.040762237761145,0.46056154110396613,0.39176934979714145,0.39123108556743286,0.40077003381682336,0.25442987827275043,10.725691417380492,0.43942457960137266,1.5751689091608783,0.4377782267753825,20.41291257122471,0.5275596929604204,0.41899808950293355,0.4192281232120282,0.3857652889323385,0.12091196757787884,21.724611855829227,0.48900006931334977,3.1904640761376157,0.2726840694924831,37.358267123263616,0.4335502932678063,0.2605119142866187,0.25869490227616965
1.4625000000000001,0.758873123985583,1.381071249059164,0.2986019823020146,0.29836179439590893,6.8147141401906675,0.3855357514689144,1.0008050223273124,0.40316479125008575,11.029814546416604,0.4604192295631612,0.3914559195018892,0.39082828753261695,0.3997749554005843,0.25379577524211977,10.725791785819512,0.4395988503989033,1.5751836492124471,0.4368596820813601,20.395704349166902,0.5265443778247415,0.41782097779621613,0.41810843061428093,0.38547199251024195,0.12078298853665226,21.731275841147458,0.4890150790230267,3.191442745211329,0.27204041686108565,37.301418312874155,0.43315752901834176,0.2599745010278151,0.25809044938444636
1.465,0.7581325443281434,1.3802503508679214,0.29851316653490917,0.29828556416700297,6.814428239683686,0.3854906735356645,1.0007630351423202,0.4027257557587154,11.018748856706225,0.4602747527579828,0.39114012515547764,0.3904221702352849,0.3987874670351209,0.2531665757521724,10.725889052980905,0.4397708059819201,1.5751979338121571,0.4359303356764973,20.37777596662834,0.5255352648292902,0.41664686581753163,0.41699136783683216,0.38516904585117456,0.12065079573408895,21.737988469921696,0.489029094046743,3.19242855803518,0.2713314138055839,37.23607628132116,0.4327574522022945,0.25942668390318235,0.25745871559621386
1.4675,0.7573915034647491,1.3794237232962492,0.2984223549241606,0.2982073237088054,6.814142554585542,0.38544590544157037,1.0007210795921468,0.40228113111604064,11.007566041026,0.46012812718295876,0.3908219889727676,0.390012774971094,0.39780752322779184,0.2525422513555246,10.72598317163043,0.43994040271875073,1.5752117560232142,0.4349903972462057,20.35913545204452,0.5245323590473793,0.4154758886291257,0.4158768614105122,0.38485624193091816,0.1205153629015979,21.744743481847976,0.4890422119682029,3.1934205952245067,0.2705555855972912,37.16200705359459,0.4323499979425921,0.25886818029821773,0.2567987823097903
1.47,0.7566500097837511,1.3785915444788706,0.29832956812168676,0.29812709242282126,6.813857107545349,0.38540143973037727,1.000679159003028,0.40183096461252277,10.996266945249426,0.4599793695227381,0.39050153281251315,0.38960014240987156,0.3968350787465944,0.25192277365190846,10.726074099511344,0.4401075997896002,1.5752251096398173,0.4340400859746327,20.339791367780354,0.523535664853975,0.4143081813088002,0.41476483894163635,0.38453338677935783,0.12037666827511148,21.75153452597729,0.48905452920978804,3.19441792408257,0.2697116522096003,37.079001088053275,0.4319351114557402,0.25829874322489405,0.2561097939040112
1.4725,0.7559080710709618,1.3777539788802093,0.2982348268975536,0.2980448898986108,6.813571919720331,0.3853572666797258,1.0006372764821012,0.4013753028154285,10.984852388875426,0.45982849662224745,0.39017877812518315,0.3891843125363174,0.39587008877743407,0.25130811438990175,10.726161799330015,0.44027235955619565,1.5752379891850452,0.43307963014722345,20.319752789638628,0.522545186069418,0.4131438791620797,0.4136552303977773,0.3842003009700117,0.12023469489795692,21.758355186841598,0.4890661441579473,3.195419602437401,0.2687985523510007,36.986876683998894,0.43151274908434745,0.257718167800236,0.25539097363594354
1.475,0.7551656945303256,1.3769111694763017,0.29813815212556066,0.29796073589466077,6.81328701088396,0.38531337428471485,1.0005954349332882,0.40091419156211505,10.973323165433635,0.45967552546300544,0.38985374591100674,0.3887653246031697,0.3949125091006652,0.2506982455777128,10.726246238875584,0.4404346479174719,1.5752503899284291,0.43210926694474894,20.299029295025683,0.5215609261242522,0.4119831179876819,0.4125479694284521,0.38385682094279916,0.12008943087473414,21.76519901001196,0.4890771600700439,3.1964246823952562,0.26781546516969795,36.88548310251133,0.43108287921004074,0.2571262970684624,0.2546416386298977
1.4775,0.754422886837145,1.3760632301217217,0.2980395647732025,0.2978746503248294,6.813002399506545,0.3852697482685398,1.000553637069127,0.40044767596282815,10.961680042999662,0.45952047314751326,0.3895264566890914,0.3883432170950417,0.3939622962668898,0.2500931395913725,10.726327391230704,0.44059443462353665,1.5752623079169035,0.4311292423217591,20.277630955208185,0.5205828882221624,0.41082603433901527,0.4114429946401115,0.38350280018368915,0.11994086958149366,21.772059527507125,0.4890876875814027,3.197432214072107,0.26676182920462044,36.774703340776284,0.4306454830957709,0.2565230270270765,0.25386121368262476
1.48,0.7536796542224786,1.375210238628378,0.2979390858983481,0.297786653252204,6.812718102819731,0.3852263721219157,1.0005118854202475,0.39997580040598674,10.94992376461374,0.45936335689302443,0.38919693047726556,0.3879180276993081,0.393019407749091,0.24949276926688868,10.72640523502723,0.4407516935220582,1.5752737400123542,0.4301398108370923,20.25556832592456,0.5196110754754204,0.40967276571662153,0.41034025073009217,0.38313811026983147,0.11978900983391982,21.778930283270814,0.48909784664897815,3.19844124933522,0.2656373582695802,36.654456515098246,0.4302005556399558,0.2559083107572972,0.25304924368639276
1.4825,0.7529360025850701,1.3743522310941738,0.2978367366546585,0.29769676489174546,6.812434136879724,0.38518322717207526,1.0004701823446551,0.39949860855694663,10.93805504835547,0.45920419403529555,0.38886518678130116,0.38748979327911054,0.3920838020471425,0.24889710796231085,10.726479754697776,0.44090640271630915,1.5752846839285641,0.4291412352950594,20.232852430154363,0.5186454909867391,0.4085234506264274,0.40923968938108907,0.3827626417729832,0.11963385601158581,21.78580485870239,0.4891077678016203,3.1994508455525748,0.2644420540654536,36.52469982226717,0.42974810602084457,0.25528216160331296,0.25220540455095813
1.485,0.7521919376251115,1.3734891979669297,0.2977325383071536,0.29760500562246694,6.8121505166444996,0.38514029268124234,1.0004285300390696,0.39901614334034274,10.926074586815215,0.4590430020422063,0.3885312445915217,0.387058549843021,0.39115543872220926,0.2483061295766074,10.726550940672347,0.44105854462166405,1.575295138260089,0.42813378606775504,20.209494727307725,0.5176861378542266,0.4073782284475809,0.4081412698289232,0.3823763050007839,0.11947541813341472,21.792676898006114,0.4891175926138885,3.2004600693156426,0.2631762154110896,36.38543006175102,0.42928815820392413,0.2546446553875386,0.2513295125764228
1.4875,0.7514474649924786,1.3726210822059703,0.29762651225849696,0.297511396009129,6.811867256078487,0.38509754597369344,1.0003869305542987,0.3985284468965319,10.91398304572488,0.45887979853644867,0.38819512238454734,0.3866243325062614,0.3902342783427512,0.24771980851488512,10.726618789469725,0.4412081059161045,1.5753051024956797,0.42711774000161234,20.185507064481783,0.5167330190810533,0.40623723907081644,0.4070449590413839,0.3819790305474002,0.11931371187786274,21.799540132961383,0.48912747337614576,3.2014680000771305,0.26184044406107865,36.23668471144459,0.42882075112220747,0.25399593168521417,0.2504215322818084
1.49,0.7507025904410493,1.371747779725416,0.29751868008554794,0.2974159568326019,6.811584368294027,0.3850549625898563,1.0003453858160134,0.3980355605044957,10.901781061569334,0.4587146013258545,0.38785683812807104,0.3861871754396331,0.3893202823303794,0.24713811959355414,10.726683303635932,0.4413550773888075,1.575314577009243,0.42609337886006193,20.160901607538275,0.5157861373810032,0.4051006222912503,0.40595073148115063,0.38157076962393577,0.1191487585414225,21.80638840663546,0.48913757199225455,3.202473733633417,0.26043564713443584,36.0785425569577,0.42834593874507715,0.2533361942077985,0.24948158272263604
1.4925,0.7499573199804668,1.3708691421028807,0.29740906358466596,0.2973187091272222,6.811301865733374,0.38501251646530305,1.0003038976514764,0.39753752446674595,10.88946923809264,0.4585474284394148,0.3875164092870552,0.3857471118043496,0.3884134127019054,0.24656103788404093,10.72674449148698,0.44149945369795784,1.5753235630220637,0.4250609873108171,20.135690752227596,0.5148454948795171,0.403968516964654,0.4048585684654025,0.38115149414530186,0.11898058493096449,21.813215695565322,0.4891480581910731,3.203476385382166,0.25896303621312433,35.911123878709375,0.427863790071368,0.2526657103597729,0.2485099423338818
1.495,0.749211660017179,1.3699849813542935,0.297297684823278,0.29721967422275825,6.811019760389052,0.38497018013193485,1.0002624678219025,0.3970343779560552,10.87704814173356,0.45837829816668446,0.3871738528304998,0.38530417367357905,0.3875136317124646,0.24598853849892655,10.726802366618951,0.44164123305381564,1.5753320625308551,0.42402085052159083,20.109887018008024,0.513911092718474,0.4028410599598265,0.4037684571724633,0.3807211965633077,0.1188092231890612,21.82001613001271,0.4891591071829478,3.2044750932969728,0.25742412318724295,35.73459020294922,0.42737438901938574,0.25198481003948225,0.24750705231713233
1.4975,0.7484656174776296,1.3690950764395657,0.29718456619447575,0.2971188737880954,6.81073806405481,0.3849279249381077,1.0002210980593151,0.39652615882880676,10.864518296161075,0.4582072290981233,0.38682918523888926,0.38485839194442184,0.3866209014125587,0.24542059632925137,10.726856947156085,0.4417804168455849,1.5753400781973321,0.4229732514737917,20.083502929224142,0.5129829305812698,0.4017183849586611,0.4026803893763843,0.3802798894537641,0.11863471055638489,21.82678401201491,0.48917089692239185,3.205469020578291,0.2558507192165367,35.553313331453104,0.4268778342168732,0.2512938837553553,0.24647351856206873
1.5,0.7477191999078586,1.368199181083993,0.29706973047100654,0.29701632987353765,6.810456788595131,0.38488572128394344,1.0001797901061253,0.3960129034148344,10.851880176216602,0.45803424016401817,0.38648242251345416,0.38440979624690835,0.3857351831383854,0.2448571857456417,10.72690825471708,0.4419170092309862,1.5753476131964048,0.4219184681346334,20.056550889680977,0.5120610061614821,0.40060062116812734,0.40159436001057275,0.3798276048857273,0.11845708908087745,21.83351383108063,0.4891836051496549,3.20645735795852,0.25496029801670345,35.46706414172713,0.4263742385721776,0.25059338012857846,0.2454101120643375
1.5025,0.7469724155452414,1.367297032464887,0.29695320085502647,0.2969120649487349,6.81017594621864,0.38484353886767453,1.0001385457552852,0.3954946462981088,10.839134201686377,0.4578593506699677,0.38613358018933924,0.3839584148589964,0.3848564369593727,0.24429828027850875,10.726956313092401,0.44205101670609254,1.5753546710219273,0.42085677064207244,20.029043057291197,0.5111453146021526,0.3994878920142337,0.4005103656704845,0.3793643936202807,0.11827640528879804,21.840200277481536,0.48919740637559445,3.2074393256539926,0.253994093646906,35.37046348021382,0.4258637286639571,0.2498838028553083,0.24431776778544076
1.5050000000000001,0.7462252733596264,1.3663883602993478,0.2968350010203939,0.29680610193367485,6.809895549740282,0.3848013469386381,1.0000973668887896,0.39497142010581254,10.826280731406385,0.45768258032744835,0.3857826733555163,0.38350427463808817,0.3839846211091681,0.24374385229366835,10.727001146642163,0.44218244767045145,1.5753612552514118,0.41978841865478383,20.00099122541657,0.5102358479338424,0.39838031388757705,0.3994284031637617,0.37889032420102026,0.1180927098369719,21.846838253150132,0.4892124689474125,3.2084141749654314,0.25295313922319246,35.26360412663084,0.4253464438966343,0.24916570720667386,0.24319758190269486
1.5075,0.7454777830626717,1.3654728958588367,0.29671515514505,0.2966984642208838,6.8096156128185115,0.384759114552498,1.0000562555125119,0.39444325532465885,10.813320058228047,0.4575039492786492,0.3854297166846672,0.3830474009799741,0.38311969142636765,0.24319387267930564,10.727042778444204,0.4423113119992993,1.5753673692740566,0.4187136590033959,19.972406716878154,0.5093325945387843,0.39727799500432104,0.39834846820569403,0.37840548200571056,0.11790605716769081,21.853422880209592,0.4892289522914233,3.209381189530635,0.25183880941758274,35.14662630184081,0.42482253576388546,0.24843969615145017,0.24205080742011623
1.51,0.7447299550858794,1.3645503804270394,0.2965936879320473,0.2965891756878456,6.809336150157113,0.38471681082440706,1.0000152137858411,0.3939101801624264,10.800252405338789,0.45732347811546536,0.38507472447622315,0.3825878178151816,0.38226160082914723,0.24264831055836866,10.727081228244327,0.4424376206312414,1.575373015989719,0.41763272375238,19.94330029549838,0.5084355386654652,0.39618103443633396,0.397270554340284,0.37790996832668144,0.1177165051871311,21.85994950714748,0.48924700437957486,3.210339686231145,0.25065281113830734,35.01971673626131,0.4242921672537458,0.24770641619072611,0.24087884814982088
1.5125,0.7439818005297069,1.363620572725857,0.2964706246189168,0.2964782606995845,6.809057177665655,0.38467440517606977,0.9999742440452476,0.3933722204696313,10.787077924338565,0.45714118789318225,0.3847177107152487,0.3821255476505528,0.38141029884384814,0.2421071330374271,10.727116510281203,0.4425613851766083,1.5753781974894823,0.41654582874729035,19.91368209858418,0.5075446600125395,0.3950895213506933,0.3961946521441619,0.37740389953644926,0.11752411498472519,21.86641371262873,0.48926675941716286,3.2112890157522234,0.24939717083252091,34.88310725479798,0.42375551245909804,0.2469665529921525,0.23968325111921193
1.5150000000000001,0.7432333310881196,1.3626832548864778,0.2963459909761439,0.2963657441022088,6.8087787125778,0.38463186757295337,0.9999333488216572,0.39282939973142794,10.773796695334457,0.4569571001398235,0.3843586891489674,0.38166061166073456,0.3805657312019005,0.24157030499912074,10.72714863107372,0.44268261754927873,1.5753829147307061,0.4154531726823537,19.88356159207557,0.5066599333943647,0.39400353448276526,0.39512074874373787,0.37688740637662393,0.11732895060509257,21.87281130695081,0.489288335708561,3.21222856279655,0.248074218597708,34.73707289797028,0.4232127562970761,0.2462208269006273,0.23846569750116123
1.5175,0.7424845589547922,1.3617382366590125,0.2962198132964054,0.2962516512088832,6.80850077353158,0.38458916874817894,0.9998925308522405,0.3922817391338966,10.760408729148715,0.45677123686242355,0.38399767338154595,0.3811930298305766,0.3797278395128256,0.2410377889409963,10.72717758726501,0.44280132962351915,1.5753871672204034,0.41435493668187123,19.852947548293642,0.5057813284936018,0.39292314184975813,0.3940488276472368,0.3763606333858378,0.11713107887686025,21.879138331197964,0.48931183363304204,3.213157745960022,0.24668656936740235,34.5819296114154,0.42266409405838734,0.2454699883822621,0.2372279921933255
1.52,0.7417354967185038,1.3607853577349744,0.2960921183767628,0.29613600778007254,6.808223380619571,0.38454628040987665,0.9998517930877818,0.3917292577026723,10.746913971565242,0.4565836205515083,0.3836346769864239,0.38072282114568,0.3788965610142791,0.24050954485936465,10.727203363612983,0.44291753291760705,1.575390952720129,0.4132512843493415,19.821848044480703,0.5049088096997937,0.3918484006946445,0.3929788688652457,0.37582373846035605,0.1169305692952585,21.885391054256495,0.4893373336582117,3.214076017293414,0.2452371014882998,34.41803154477593,0.42210973121255185,0.24471481343176052,0.23597205218367567
1.5225,0.7409861572557682,1.359824488275048,0.2959629334961355,0.2960188399999345,6.807946555419145,0.38450317542904794,0.9998111386971215,0.39117197250621705,10.733312309387305,0.45639427418475526,0.3832697136341298,0.3802500038249737,0.3780718283941499,0.2399855301733904,10.727225931202883,0.44303123830767815,1.5753942669834788,0.41214236220502176,19.7902704788231,0.5040423360263859,0.3907793576355272,0.39191084926923236,0.3752768925232314,0.11672749394907106,21.89156596800001,0.4893648943346752,3.2149828615952902,0.24372893302394594,34.24576800507229,0.4215498834075467,0.24395609894488646,0.234699893832864
1.5250000000000001,0.740236553628169,1.3588555279422265,0.29583228639006465,0.295900174450429,6.807670321012904,0.38445982800527095,0.9997705710701575,0.3906098989116222,10.719603577963808,0.45620322123026746,0.38290279723227205,0.3797745955865852,0.37725356967556445,0.2394656996824955,10.727245245935558,0.4431424557780121,1.5753971035340764,0.4110283004102677,19.758221599583482,0.5031818610951654,0.389716048984853,0.3908447431204718,0.374720279267271,0.11652192747838912,21.89765978111784,0.4893945502487597,3.215877795505648,0.2421653961067012,34.065560109024396,0.42098477630055314,0.24319465803362111,0.23341361918630413
1.5275,0.7394866989903218,1.3578784038845446,0.2957002052240924,0.29578003808412034,6.807394702007306,0.3844162138079688,0.9997300938205801,0.39004305087805974,10.705787569772344,0.4560104856491934,0.38253394207333635,0.3792966139366026,0.37644170815394234,0.23895000554963675,10.727261247320886,0.4432511942171292,1.5753994534883768,0.4099092136688823,19.725707542511852,0.5023273331772036,0.3886585011977712,0.3897805226944483,0.3741540949349382,0.11631394704822431,21.903669412208767,0.4894263099536194,3.2167603664916653,0.24055000962297982,33.87785717440924,0.42041464524369143,0.24243131524762607,0.23211540140958128
1.53,0.7387366065121406,1.3568930681539517,0.2955667185661565,0.2956584581958941,6.807119724553537,0.38437231009143735,0.9996897107889375,0.3894714412720274,10.691864043627744,0.45581609189667593,0.38216316298510655,0.37881607646964754,0.3756361623762769,0.23843839730416558,10.727273857583738,0.44335746127165754,1.5754013054243694,0.4087852022032107,19.692733871932827,0.5014786952722861,0.387606731409925,0.3887181589291943,0.37357854810399715,0.1161036323243426,21.909591982863454,0.48946015394428616,3.2176301518317927,0.23888645046978443,33.6831328841726,0.41983973483273646,0.2416669016656368,0.23080746943088393
1.5325,0.7379862893166489,1.3558994949790653,0.29543185535743305,0.29553546239305567,6.8068454163698595,0.3843280957823917,0.9996494260459179,0.38889508218920904,10.677832734108723,0.45562006491946816,0.3817904754780348,0.3783330011704072,0.3748368461562414,0.23793082186049822,10.727282981074431,0.4434612632709554,1.5754026452949963,0.4076563527243168,19.659305621773285,0.5006358852243493,0.3865607480313611,0.38765762203918014,0.3729938594588989,0.11589106544109204,21.91542481148763,0.4894960327807228,3.2184867577086296,0.23717852357796096,33.48188125076825,0.419260298313456,0.2409022498354256,0.22949209188245806
1.5350000000000001,0.737235760432492,1.3548976781538165,0.2952956448802612,0.2954110785626869,6.806571806759831,0.3842835515393863,0.9996092438950249,0.3883139852697914,10.663693360853282,0.45542243014813527,0.38141589588374536,0.3778474067062316,0.3740436686237295,0.23742722355213647,10.727288503969143,0.44356260523418284,1.5754034563841561,0.4065227393467805,19.625427334120317,0.4997988358722618,0.3855205513731806,0.38659888205630505,0.3724002615411374,0.11567633095551173,21.921165408556337,0.4895338654880408,3.2193298185119636,0.23543013087266174,33.27461240410229,0.4186765968688712,0.24013818856890337,0.2281715604642546
1.5375,0.7364850327589506,1.353887628610876,0.2951581167213383,0.2952853348348479,6.806298926617112,0.38423865978403743,0.999569168873284,0.38772816199697163,10.649445637451855,0.45522321348169076,0.38103944147912344,0.3773593127023923,0.373256534312803,0.23692754418393838,10.727290294247586,0.44366149096758656,1.5754037193034247,0.4053844244328136,19.591103094394757,0.49896747523640317,0.3844861342944795,0.38554190928186977,0.3717979984832709,0.11545951578642696,21.926811473839738,0.4895735383711599,3.2201589964313557,0.23364523934343137,33.06184822603857,0.4180888988607528,0.23937553763472183,0.22684817290580955
1.54,0.7357341190408431,1.3528693720770215,0.29501930072838667,0.2951582595403001,6.8060268084058935,0.38419340470447905,0.9995292057483675,0.3871376239717177,10.63508927975387,0.45502244126282193,0.3806611305911102,0.37686873999339676,0.3724753432964694,0.23643172310816873,10.727288201943553,0.44375792325348273,1.5754034120288507,0.4042414593801344,19.55633656356574,0.49814172674697227,0.3834574828662953,0.38448667465334796,0.37118732573760826,0.11524070914045569,21.932360895909483,0.4896149043721715,3.2209739813836458,0.2318278484286661,32.84411785840813,0.4174974791041906,0.23861510242761558,0.22552421577012188
1.5425,0.7349830318511519,1.351842946606309,0.29487922695898494,0.2950298811618823,6.805755486106611,0.3841477722319073,0.999489359510623,0.38654238316014805,10.62062401348665,0.45482014024253126,0.3802809826783903,0.376375710845695,0.37169999137915,0.23593969733118,10.727282059674135,0.44385190412463676,1.5754025099786757,0.4030938853871999,19.52113100872956,0.4973215095223812,0.38243457705459843,0.3834331500434015,0.3705685098096912,0.11502000242809951,21.93781175394979,0.4896577830753984,3.221774491278927,0.2299819569792526,32.62195311968962,0.41690261811946344,0.23785766872434358,0.2242019474144039
1.545,0.734231783580194,1.3508083997813025,0.2947379256211185,0.29490022827941004,6.805484995119575,0.3841017499914206,0.9994496353589196,0.38594245211283645,10.606049581157599,0.45461633753394404,0.3798990183875306,0.37588024914901935,0.37093037035750936,0.23545140165727863,10.727271683461362,0.4439434352097185,1.5754009861340004,0.4019417342344494,19.4854893336619,0.4965067387056755,0.38141739142483805,0.38238130851380514,0.3699418279984207,0.11479748917212759,21.943162321590027,0.48970196143238487,3.222560272583394,0.2281115301459062,32.395883876971006,0.4163046011970266,0.23710399765435408,0.22288358148332724
1.5475,0.7334803864313387,1.349765785457955,0.294595427006074,0.29476932950882284,6.805215372123992,0.38405532722872354,0.9994100386799447,0.38533784415765954,10.591365748266215,0.45441106055605895,0.37951525958269255,0.3753823805753592,0.37016636835748307,0.2349667688744879,10.727256873862117,0.44403251812866296,1.5753988112047228,0.40078502911134173,19.449414110617653,0.49569732586395676,0.38040589586657686,0.38133112454398654,0.3693075681308562,0.11457326490763851,21.948411072190385,0.48974719524201543,3.2233311010955985,0.22622046662225986,32.166433432821705,0.4157037172794367,0.23635482101559296,0.22157127134741025
1.55,0.732728852424182,1.3487151600750809,0.2944517614153508,0.29463721343712257,6.804946654895238,0.38400849471467974,0.9993705750213685,0.3847285735693637,10.576572308889308,0.45420433696915224,0.3791297293496485,0.3748821327060928,0.369407870250396,0.2344857299839106,10.727237417416454,0.44411915491232223,1.5753959538422369,0.39962378549985245,19.412907613850713,0.4948931794512673,0.37940005632993284,0.38028257424514705,0.36866602826391714,0.11434742706938694,21.953556684792073,0.4897932113839845,3.224086782820287,0.224312566757814,31.934113999344486,0.4151002578000515,0.23561083705196004,0.22026709590226515
1.5525,0.7319771934065146,1.3476565787084362,0.2943069590840974,0.2945039085552417,6.804678882088759,0.38396124463025244,0.9993312500601077,0.3841146557197874,10.561669090721608,0.4539961946042414,0.37874245197630607,0.37437953512900807,0.3686547581449923,0.23400821447082928,10.727213088411228,0.4442033484195214,1.5753923808984394,0.3984580121019474,19.37597185432877,0.49409420532763937,0.3783998355583093,0.37923563556022566,0.3680175163118983,0.11412007485837017,21.95859804982862,0.4898397107696,3.2248271548071625,0.2223915021189159,31.69942234202082,0.4144945154791654,0.23487270678196204,0.2189730471085272
1.555,0.7312254210762175,1.3465900911750477,0.2941610501040424,0.2943694431912799,6.8044120930028384,0.3839135704350595,0.9992920695674856,0.3834961072127415,10.546655959656846,0.45378666138949947,0.37835345291316863,0.3738746195078534,0.36790691194613195,0.23353415061223973,10.727183650937084,0.44428510272667765,1.5753880577278174,0.39728771177842753,19.338608614243956,0.49330030732128,0.3774051937967318,0.37819028844146946,0.36736234955207947,0.11389130907746842,21.963534273710806,0.4898863719433544,3.2255520858242233,0.22046078711215691,31.462835682435554,0.4138867829444005,0.23414105093379198,0.21769101957870768
1.5575,0.7304735470134816,1.345515738550924,0.2940140643489361,0.2942338454464946,6.804146327334679,0.3838654667235646,0.9992530393734107,0.38287294600707517,10.53153282398578,0.45357576527657395,0.3779627587180266,0.37336741962765185,0.367164209965918,0.23306346581278453,10.727148861196214,0.44436442347001803,1.5753829485263642,0.3961128824554699,19.30081947944555,0.49251138782001497,0.376416089453977,0.37714651499436974,0.36670085396352115,0.11366123192596553,21.968364681547307,0.4899328552416674,3.226261476757314,0.21852375328694684,31.224807950538576,0.41327735122493287,0.23341644750715118,0.21642280241322595
1.56,0.7297215827226895,1.3444335504412708,0.2938660314051609,0.29409714313609625,6.803881624944027,0.3838169290737,0.9992141653316627,0.3822451915306738,10.516299638272132,0.4533635341695194,0.37757039698965306,0.37285797141938076,0.36642652956983524,0.23259608695943243,10.72710846999904,0.44444131812712373,1.5753770166982408,0.39493351795673187,19.262605868014255,0.4917273483763637,0.37543247970048926,0.37610429958090125,0.36603336336685866,0.11342994674531694,21.973088817524765,0.48997880739134103,3.226955260665947,0.21658352690065674,30.985766473371456,0.4126665083696631,0.23269942995261483,0.21517007336531827
1.5625,0.7289695396821763,1.3433435432469112,0.2937169805095367,0.2939593637363575,6.803618025636234,0.3837679538933496,0.9991754532880327,0.38161286478729584,10.500956406950332,0.4531499958586344,0.3771763962953995,0.3723463129678035,0.36569374783942676,0.23213194078486496,10.727062225373905,0.44451579623178633,1.5753702252390338,0.39374960873330805,19.223969053879003,0.49094809030958814,0.3744543209924903,0.3750636288859391,0.3653602183535092,0.11319755771318772,21.97770644279847,0.49002386640996276,3.2276334024735243,0.2146430102623738,30.74610917833497,0.4120545381897623,0.23199048593901114,0.21393439528736638
1.565,0.7282174293991684,1.34224571953243,0.2935669404955653,0.29382053433894756,6.803355568972691,0.3837185382704203,0.9991369090524839,0.380975988457452,10.48550318767452,0.4529351779609693,0.3767807860973976,0.3718324845063294,0.36496574223398354,0.2316709542302628,10.727009875206571,0.4445878695227529,1.5753625371233901,0.39261301928351744,19.187445463595456,0.4901735152903463,0.37348156952419187,0.3740244919661637,0.3646817650170874,0.11296416948861211,21.98221753107698,0.4900676666552661,3.228295898318899,0.21330941882815393,30.592907359396108,0.4114417187799087,0.23129005666886,0.21271721469294885
1.5675000000000001,0.7274652634666192,1.3411400684581958,0.2934159397485882,0.29368068161283495,6.803094294111731,0.38366867983211306,0.9990985383757868,0.3803345869941203,10.469940094439398,0.452719107868743,0.37638359668165244,0.3713165284027897,0.36424239123618757,0.23121305479971443,10.726951169826632,0.444657552031917,1.575353915684857,0.39157476200284724,19.155539818338962,0.4894035258976471,0.3725141816223929,0.37298688031717103,0.3639983535229393,0.11272988681687286,21.986622262358903,0.4901098438627785,3.2289427746365646,0.21200024428669317,30.44282252235828,0.4108283208126585,0.23059853669919603,0.21151986217032087
1.57,0.7267130536185054,1.3400265671243679,0.29326400616967657,0.29353983177366283,6.802834239678207,0.38361837661838616,0.9990603469303652,0.37968868671395867,10.45426730049036,0.4525018127064566,0.3759848590937136,0.37079848913995966,0.36352357496996174,0.23075817090039166,10.726885864465189,0.44472486012041146,1.5753443249768138,0.3905332084020663,19.123292150432995,0.488638026142195,0.3715521141084883,0.3719507880080298,0.36331033656881695,0.112494814107157,21.99092101544804,0.4901500400135838,3.229574087057431,0.2106804846111716,30.29082144371298,0.4102146060530563,0.22991627422595276,0.2103435543107384
1.5725,0.7259608117803104,1.3389051826120322,0.2931111671475968,0.29339801056020615,6.802575443655683,0.383567626973538,0.9990223402944635,0.3790383158847962,10.438485041042467,0.45228331929712084,0.37558460508387753,0.3702784132944609,0.36280917578226207,0.23030623216455284,10.726813721520555,0.4447898124719006,1.5753337301052124,0.3894883080602833,19.090701791294276,0.48787692195407156,0.3705953246599108,0.37091621193983476,0.36261806779762795,0.11225905499834297,21.99511435990796,0.4901879078884443,3.2301899192272767,0.2093527479730213,30.13726063178103,0.4096008261721315,0.22924357178994545,0.209189396771381
1.575,0.7252085501118456,1.337775874498446,0.2929574495378986,0.2932552432173508,6.802317943292218,0.38351642945844255,0.9989845239383104,0.3783835048103451,10.422593615830587,0.4520636541377019,0.37518286706400333,0.36975634951727665,0.3620990787836588,0.22985716975104553,10.726734512585011,0.44485243005159997,1.575322097526226,0.3884400038098758,19.057767702358607,0.48712012163535195,0.3696437722048684,0.369883152283819,0.3619219002209565,0.11202271192809356,21.99920304802268,0.490223115190816,3.2307903816261043,0.2080194631365999,29.982473124623684,0.4089872218614939,0.22858068735792206,0.20805838807644986
1.5775000000000001,0.7244562810400584,1.3366385976569735,0.2928028796480214,0.2931115544849439,6.802061775009281,0.38346478278441476,0.998946903210742,0.3777242859131145,10.406593391513821,0.45184284338359487,0.37477967807702883,0.3692323485184071,0.361393172344974,0.22941091662512256,10.726648020203335,0.44491273603789017,1.575309395304505,0.3873882330254794,19.024488527573023,0.48636753627963836,0.36869741738055545,0.3688516131447996,0.36122218470099826,0.11178588571803441,22.003188007133748,0.4902553481571776,3.2313756104427624,0.20668286279836345,29.82676597421667,0.4083740223130989,0.22792783572194963,0.20695142376810094
1.58,0.7237040172800214,1.3354933052042852,0.29264748322725015,0.2929669685917959,6.801806974303368,0.3834126857681753,0.9989094833247535,0.3770606938162507,10.390484803951688,0.45162091284160066,0.3743750717791553,0.3687064630571601,0.3606913485489155,0.22896740781604275,10.726554039352482,0.44497075573157785,1.5752955933304822,0.3863329292012457,18.99086266084398,0.4856190801610367,0.3677562230763504,0.36782160347817294,0.36051926852182614,0.11154867518391753,22.007070332472065,0.4902843146142479,3.2319457665222346,0.20534497064536483,29.67041824364416,0.4077614447686699,0.22728519014592966,0.20586930054741193
1.5825,0.7229517718428077,1.3343399515033012,0.29249128546032577,0.29282150925402195,6.80155357563143,0.3833601373060931,0.9988722693406729,0.3763927654243768,10.374268360355586,0.4513978879705169,0.37396908243347415,0.3681787479382185,0.3599935035966471,0.2285265806521824,10.726452378649542,0.4450265164465339,1.5752806634977727,0.38527402383578746,18.95688832952276,0.48487467109463894,0.366820155071209,0.36679313826552434,0.3598134940624482,0.11131117677526547,22.010851280345346,0.4903097464835316,3.2325010343651543,0.20400759218046582,29.513679528465666,0.4071496938735327,0.2266528841728133,0.20481272009130103
1.585,0.7221995580294902,1.3331784951531434,0.29233431096350104,0.29267519967679084,6.801301612273589,0.38330713636494074,0.9988352661459999,0.37572054000248467,10.357944641296848,0.4511737938880533,0.37356174491263133,0.36764926001208253,0.359299538169752,0.2280883749733706,10.726342861311391,0.445080047384946,1.575264579844108,0.38421144861468154,18.922563693588597,0.4841342307690268,0.36588918276023646,0.36576623992801777,0.3591051975676973,0.11107348424499885,22.014532261324767,0.4903314017684834,3.2330416211271977,0.20267230925031,29.356768997663345,0.40653896117099386,0.22603101349471752,0.20378229229183956
1.5875000000000001,0.7214473894110872,1.332008901892333,0.29217658378183275,0.2925280625584194,6.801051116169632,0.38325368198586024,0.9987984784313937,0.37504405925066586,10.341514302524544,0.4509486553823777,0.37315309470709107,0.3671180581769308,0.358609357748218,0.22765273331999392,10.72622532590291,0.4451313795008444,1.5752473186612193,0.38314513784889254,18.887886958661454,0.48339768504984953,0.36496327995108635,0.3647409399309799,0.35839470800134593,0.1108356883466549,22.018114832929303,0.4903490660837864,3.2335677555447107,0.2013404781049953,29.199874934191524,0.4059294248231331,0.22541963778501595,0.20277853773801208
1.59,0.7206952797949377,1.3308311473162344,0.29201812738654653,0.2923801200956654,6.80080211772878,0.3831997732981205,0.9987619106627345,0.3743633673711722,10.324978076516379,0.45072249692630256,0.3727431679348278,0.36658520337761025,0.3579228728849832,0.22721960109818579,10.726099626919437,0.44518054535668755,1.5752288585803746,0.38207503109768204,18.852856499512946,0.48266496425368755,0.36404242569797013,0.36371728051010355,0.35768234596025994,0.11059787655532728,22.021600691250434,0.4903625537971443,3.2340796867047183,0.20001323072201307,29.04315474105739,0.40532124945280185,0.2248187823995186,0.20180188934479812
1.5925,0.7199432431787328,1.3296452192798267,0.2918589646714316,0.2922313939890754,6.800554645614959,0.38314540953948895,0.9987255670495905,0.37367851112320327,10.308336773659605,0.4504953426920484,0.37233200134797045,0.3660507585965897,0.3572399994372222,0.22678892672013412,10.72596563525245,0.4452275789792618,1.5752091806407704,0.3810010758794526,18.817470989492122,0.4819360033845039,0.36312660513091194,0.36269531643148434,0.3569684226287587,0.11036013280835187,22.024991660995575,0.490371708851456,3.234577682582709,0.19869147904889303,28.88673536718333,0.404714586097764,0.22422843987376676,0.20085269312749543
1.595,0.719191293694184,1.3284511198390339,0.29169911794744896,0.29208190544738016,6.800308726511881,0.38309059008058394,0.9986894515107163,0.3729895398601578,10.291591282940944,0.45026721656465113,0.3719196323321408,0.36551478883145355,0.3565606587539094,0.22636066171823205,10.725823238583489,0.4452725157225191,1.575188268347382,0.3799232303558423,18.781729530354145,0.4812107423255997,0.3622158102312866,0.3616751166857347,0.35625323875743636,0.11012253726271035,22.028289683547293,0.49037640532161786,3.2350620282890152,0.1973759217667247,28.730714099211223,0.40410957230139266,0.22364857117343326,0.19993120821560478
1.5975000000000001,0.7184394455429871,1.32724886658986,0.29153860893506356,0.2919316751902055,6.8000643848735125,0.3830353144513086,0.9986535676374074,0.37229650554399096,10.274742572018473,0.45003814215243215,0.371506098894951,0.36497736105395023,0.35588477781829536,0.22593476083146197,10.725672341740735,0.44531539214582977,1.5751661077233299,0.37884146586460593,18.745631776447425,0.4804891259861784,0.36131004050211457,0.36065676601156255,0.35553708365880576,0.10988516606768126,22.031496802820403,0.4903765477397774,3.2355330239917994,0.19606705315656084,28.57515966190263,0.4035063323654304,0.22307910669092137,0.19903760629332873
1.6,0.7176877129282345,1.3260384932976892,0.29137745875421445,0.29178072344874634,6.799821642666053,0.38297958236832136,0.9986179186556075,0.37159946273183614,10.257791686556375,0.4498081427935258,0.3710914396412803,0.36443854414668286,0.35521228934288346,0.2255111820620951,10.725512867036192,0.44535624591614753,1.5751426873594003,0.377755769176136,18.70917804711809,0.47977110439429044,0.36040930348324235,0.35964036614687545,0.35482023422152703,0.109648091153009,22.03461514893114,0.490372071200974,3.235990982518713,0.19476517366579157,28.420113571414106,0.40290497748315407,0.2225199470182065,0.19817197073403414
